{"type": "FeatureCollection", "features": [{"type": "Feature", "properties": {"name": "India"}, "geometry": {"type": "Polygon", "coordinates": [[[77.834246, 35.452152], [77.857087, 35.436598], [77.883132, 35.431068], [77.912691, 35.44099], [77.957856, 35.482073], [77.985865, 35.494165], [78.044259, 35.491633], [78.055628, 35.452876], [78.038058, 35.398099], [78.009843, 35.347456], [78.001161, 35.268908], [78.036404, 35.194235], [78.130042, 35.055432], [78.148129, 34.94314], [78.162185, 34.908826], [78.211381, 34.848262], [78.273186, 34.658867], [78.296027, 34.624658], [78.335301, 34.594375], [78.379432, 34.578666], [78.607325, 34.546471], [78.664583, 34.526421], [78.750676, 34.471282], [78.801732, 34.415006], [78.922138, 34.372296], [78.95118, 34.349171], [78.98539, 34.286358], [78.985494, 34.239901], [78.976192, 34.217163], [78.903225, 34.158123], [78.806073, 34.122983], [78.730109, 34.079265], [78.721117, 33.994386], [78.770313, 33.872352], [78.787263, 33.808428], [78.794084, 33.74391], [78.781372, 33.552785], [78.800905, 33.494236], [78.824263, 33.461059], [78.964986, 33.344254], [79.075048, 33.295743], [79.098028, 33.287655], [79.260061, 33.291776], [79.340307, 33.275132], [79.420084, 33.275169], [79.456096, 33.250399], [79.423475, 33.157825], [79.37317, 33.11214], [79.381063, 33.061768], [79.399273, 33.026878], [79.339787, 33.013257], [79.333586, 32.994292], [79.414089, 32.972053], [79.564093, 32.793928], [79.613913, 32.765035], [79.620673, 32.728725], [79.57617, 32.670646], [79.531201, 32.648317], [79.515741, 32.60812], [79.443497, 32.534773], [79.40682, 32.529683], [79.379477, 32.57645], [79.320466, 32.592267], [79.287412, 32.532579], [79.235608, 32.504296], [79.191166, 32.50427], [79.112928, 32.472386], [79.09174, 32.390556], [79.075307, 32.37079], [79.028178, 32.377095], [78.943429, 32.346373], [78.911286, 32.354745], [78.77145, 32.461663], [78.73693, 32.545792], [78.750986, 32.612791], [78.736827, 32.629844], [78.713262, 32.637518], [78.694452, 32.629663], [78.664893, 32.599019], [78.630166, 32.578013], [78.589859, 32.569925], [78.447542, 32.566256], [78.384807, 32.547549], [78.380983, 32.528041], [78.452193, 32.416782], [78.434519, 32.383761], [78.462735, 32.281803], [78.457981, 32.229662], [78.513068, 32.20757], [78.551825, 32.15039], [78.649287, 32.036444], [78.722151, 31.994586], [78.744578, 31.9642], [78.720187, 31.902912], [78.700343, 31.821676], [78.674091, 31.78695], [78.670887, 31.770517], [78.695589, 31.746694], [78.693212, 31.71853], [78.724011, 31.673313], [78.758117, 31.666595], [78.818889, 31.607374], [78.796978, 31.578849], [78.699516, 31.510016], [78.695382, 31.488105], [78.762561, 31.44511], [78.73848, 31.334988], [78.745095, 31.308116], [78.784472, 31.288272], [78.861987, 31.291476], [78.921008, 31.269685], [78.959552, 31.325117], [78.988801, 31.343256], [79.049937, 31.422953], [79.07021, 31.461381], [79.131397, 31.438433], [79.179218, 31.393796], [79.207628, 31.351373], [79.238319, 31.329656], [79.239239, 31.311724], [79.25411, 31.299006], [79.262024, 31.278513], [79.24843, 31.256704], [79.25286, 31.245437], [79.278316, 31.240044], [79.288321, 31.225474], [79.303209, 31.183104], [79.302162, 31.16345], [79.319417, 31.14228], [79.367048, 31.111559], [79.401592, 31.023637], [79.446344, 31.023792], [79.47642, 31.014025], [79.512697, 30.966173], [79.577809, 30.938371], [79.630312, 30.962504], [79.739039, 30.979247], [79.85035, 30.954494], [79.903164, 30.890209], [80.0, 30.849608071019897], [80.0, 30.0], [73.52700515777182, 30.0], [73.557815, 30.012536], [73.739716, 30.048451], [73.778266, 30.067313], [73.944354, 30.188288], [73.948902, 30.217278], [73.934639, 30.261048], [73.891644, 30.329778], [73.842345, 30.35298], [73.85175, 30.372669], [73.887614, 30.396544], [73.906114, 30.394838], [73.899913, 30.422124], [73.929265, 30.419075], [74.004402, 30.50894], [74.04409, 30.518655], [74.057526, 30.531367], [74.057112, 30.591571], [74.067448, 30.610536], [74.111476, 30.646244], [74.163669, 30.664899], [74.191161, 30.717041], [74.266712, 30.788354], [74.256687, 30.815278], [74.300198, 30.83817], [74.31136, 30.855947], [74.304022, 30.874034], [74.319215, 30.893413], [74.34247, 30.901939], [74.401277, 30.893103], [74.424325, 30.932325], [74.441585, 30.946174], [74.519306, 30.962452], [74.564058, 31.004362], [74.564265, 31.025032], [74.579458, 31.042706], [74.658833, 31.083789], [74.616975, 31.11526], [74.553103, 31.108955], [74.536773, 31.115156], [74.514862, 31.141821], [74.506387, 31.175411], [74.525094, 31.235407], [74.532225, 31.303207], [74.571603, 31.389248], [74.61191, 31.440201], [74.617181, 31.458908], [74.614598, 31.477821], [74.584522, 31.517509], [74.555583, 31.612232], [74.489437, 31.711192], [74.516206, 31.737392], [74.535119, 31.771137], [74.540804, 31.810876], [74.550415, 31.826999], [74.669995, 31.904152], [74.698417, 31.950247], [74.763012, 31.938982], [74.783683, 31.942858], [74.828641, 32.025437], [74.873186, 32.011691], [74.889103, 32.028899], [74.955662, 32.032206], [74.986151, 32.063212], [75.030179, 32.066416], [75.022635, 32.094683], [75.040825, 32.09799], [75.102113, 32.078095], [75.13839, 32.093494], [75.17415, 32.086828], [75.173116, 32.109721], [75.195751, 32.128634], [75.249908, 32.148892], [75.294659, 32.148892], [75.31657, 32.210748], [75.359048, 32.261675], [75.35295, 32.284387], [75.326906, 32.312473], [75.230167, 32.380195], [75.196164, 32.3973], [75.125988, 32.411744], [75.054881, 32.455539], [75.023668, 32.466262], [74.906983, 32.445178], [74.83815, 32.474866], [74.724978, 32.46081], [74.689322, 32.471352], [74.662553, 32.498379], [74.629584, 32.588089], [74.656042, 32.64067], [74.649738, 32.723146], [74.682294, 32.787328], [74.689115, 32.808825], [74.685291, 32.831227], [74.671752, 32.840581], [74.653562, 32.837428], [74.635888, 32.82208], [74.614081, 32.770404], [74.573773, 32.75255], [74.500909, 32.746013], [74.438691, 32.785984], [74.367688, 32.763531], [74.34619, 32.76689], [74.329344, 32.776424], [74.306503, 32.809911], [74.333788, 32.849262], [74.336682, 32.870139], [74.322006, 32.972045], [74.311257, 32.994292], [74.283972, 33.008813], [74.190851, 33.022094], [74.153851, 33.040181], [74.098453, 33.104828], [74.002335, 33.177692], [73.988486, 33.20862], [73.991793, 33.252571], [74.001715, 33.270167], [74.071995, 33.302284], [74.095973, 33.328484], [74.136281, 33.418013], [74.157778, 33.494236], [74.141552, 33.549374], [73.976704, 33.648387], [73.960787, 33.692286], [73.966162, 33.734531], [74.011327, 33.81047], [74.034581, 33.828608], [74.142275, 33.84424], [74.177518, 33.857547], [74.23953, 33.901007], [74.262474, 33.929946], [74.272293, 33.96214], [74.259684, 33.994386], [74.228368, 34.012886], [74.118401, 34.002525], [74.04502, 34.019423], [73.976704, 34.004592], [73.945801, 34.009786], [73.916242, 34.02795], [73.893711, 34.054305], [73.88441, 34.0842], [73.893298, 34.11474], [73.916862, 34.135256], [73.995411, 34.176442], [73.998304, 34.196803], [73.990553, 34.218507], [73.95438, 34.287185], [73.93774, 34.304212], [73.879035, 34.30429], [73.829116, 34.315348], [73.78271, 34.346819], [73.774856, 34.370952], [73.779817, 34.396067], [73.79625, 34.418546], [73.840381, 34.44441], [73.846996, 34.49433], [73.863119, 34.517067], [73.910971, 34.544973], [73.925957, 34.564971], [73.919343, 34.642538], [73.962234, 34.668169], [74.120881, 34.690855], [74.221753, 34.747751], [74.285832, 34.768887], [74.348877, 34.773434], [74.412129, 34.764494], [74.66493, 34.688323], [75.017777, 34.629722], [75.212907, 34.644967], [75.236885, 34.631892], [75.267478, 34.598303], [75.348093, 34.55722], [75.611643, 34.49836], [75.795818, 34.507921], [75.873952, 34.571379], [75.939271, 34.612049], [75.973378, 34.622332], [76.023401, 34.677161], [76.058334, 34.683414], [76.121792, 34.660883], [76.154969, 34.661658], [76.262042, 34.684654], [76.438156, 34.762892], [76.476499, 34.757776], [76.535824, 34.726202], [76.652613, 34.746976], [76.743873, 34.819271], [76.753278, 34.83834], [76.749558, 34.892083], [76.757619, 34.915131], [76.782011, 34.930892], [76.852601, 34.943346], [76.921123, 34.920712], [77.013108, 34.986393], [77.02861, 35.003394], [77.035225, 35.034503], [77.023133, 35.086335], [77.042426, 35.107014], [77.800346, 35.495406], [77.834246, 35.452152]]]}}, {"type": "Feature", "properties": {"name": "China"}, "geometry": {"type": "MultiPolygon", "coordinates": [[[[78.824263, 33.461059], [78.800905, 33.494236], [78.781372, 33.552785], [78.794084, 33.74391], [78.787263, 33.808428], [78.770313, 33.872352], [78.721117, 33.994386], [78.730109, 34.079265], [78.806073, 34.122983], [78.903225, 34.158123], [78.976192, 34.217163], [78.988491, 34.263129], [78.976192, 34.309173], [78.95118, 34.349171], [78.922138, 34.372296], [78.801732, 34.415006], [78.750676, 34.471282], [78.664583, 34.526421], [78.607325, 34.546471], [78.379432, 34.578666], [78.335301, 34.594375], [78.296027, 34.624658], [78.273186, 34.658867], [78.211381, 34.848262], [78.162185, 34.908826], [78.148129, 34.94314], [78.130042, 35.055432], [78.036404, 35.194235], [78.001161, 35.268908], [78.009843, 35.347456], [78.038058, 35.398099], [78.055628, 35.452876], [78.044259, 35.491633], [77.985865, 35.494165], [77.957856, 35.482073], [77.912691, 35.44099], [77.883132, 35.431068], [77.857087, 35.436598], [77.834246, 35.452152], [77.800346, 35.495406], [77.760349, 35.498093], [77.689655, 35.462694], [77.660613, 35.458095], [77.512199, 35.478456], [77.383731, 35.471996], [77.281102, 35.528013], [77.141265, 35.525378], [77.105298, 35.537987], [77.071089, 35.571008], [77.039049, 35.585013], [76.976417, 35.578656], [76.915026, 35.583152], [76.880506, 35.60067], [76.842989, 35.641288], [76.824592, 35.647799], [76.763407, 35.647076], [76.676694, 35.71379], [76.570757, 35.751256], [76.55112, 35.784018], [76.56528, 35.865461], [76.555461, 35.897862], [76.537168, 35.902513], [76.500167, 35.871507], [76.432058, 35.8605], [76.403119, 35.830992], [76.348859, 35.830992], [76.311962, 35.80965], [76.260389, 35.817815], [76.166027, 35.806239], [76.138122, 35.826652], [76.114661, 35.941787], [76.08996, 35.978115], [76.061434, 35.991603], [75.984333, 35.995633], [75.953017, 36.007261], [75.922321, 36.031652], [75.899997, 36.063485], [75.894313, 36.097384], [75.901444, 36.113611], [75.971517, 36.155004], [75.977408, 36.173762], [75.97007, 36.202339], [76.014409, 36.230399], [76.011928, 36.248124], [75.96883, 36.301971], [75.968623, 36.341814], [75.987434, 36.421189], [75.976582, 36.462633], [75.874779, 36.619471], [75.849768, 36.644741], [75.728741, 36.723186], [75.64978, 36.754037], [75.570508, 36.766749], [75.50798, 36.747629], [75.49258, 36.720705], [75.431912, 36.722928], [75.410518, 36.747319], [75.394498, 36.864263], [75.377962, 36.894287], [75.351297, 36.915784], [75.31347, 36.928755], [75.195131, 36.948883], [75.132809, 36.984695], [75.100149, 36.994125], [74.976849, 36.984281], [74.924966, 36.970871], [74.900782, 36.949916], [74.885796, 36.911443], [74.87236, 36.907102], [74.853239, 36.958985], [74.824507, 36.994125], [74.792571, 37.015158], [74.719191, 37.01645], [74.677953, 37.051693], [74.66245, 37.054484], [74.542354, 37.021669], [74.519203, 37.030247], [74.476622, 37.083138], [74.38257, 37.126572], [74.366137, 37.14776], [74.368308, 37.167061], [74.456674, 37.177318], [74.487267, 37.225946], [74.500083, 37.23163], [74.59, 37.243361], [74.609017, 37.230183], [74.623279, 37.230804], [74.650978, 37.259639], [74.676299, 37.263721], [74.721464, 37.297776], [74.737381, 37.296123], [74.783269, 37.219667], [74.794018, 37.213931], [74.892307, 37.231114], [74.912667, 37.238994], [74.932924, 37.272506], [74.951528, 37.281291], [75.06842, 37.312142], [75.077102, 37.324209], [75.079582, 37.361235], [75.091778, 37.378443], [75.164125, 37.400638], [75.103973, 37.44061], [75.053434, 37.493837], [74.945223, 37.548562], [74.891893, 37.599205], [74.882178, 37.634422], [74.886106, 37.653465], [74.923623, 37.695323], [74.931891, 37.721575], [74.965171, 37.767463], [74.96145, 37.785473], [74.949254, 37.795317], [74.898405, 37.817589], [74.886106, 37.83056], [74.883212, 37.843867], [74.913701, 37.880841], [74.890756, 37.897714], [74.892824, 37.994013], [74.880421, 38.02166], [74.809935, 38.053208], [74.790711, 38.081449], [74.771281, 38.196274], [74.771074, 38.29154], [74.784303, 38.325672], [74.838253, 38.379416], [74.844351, 38.417243], [74.835773, 38.455173], [74.760325, 38.519975], [74.696453, 38.52398], [74.64612, 38.56111], [74.476622, 38.612063], [74.334201, 38.666995], [74.313427, 38.669217], [74.221443, 38.649709], [74.123361, 38.669475], [74.095043, 38.645756], [74.084397, 38.614027], [74.037269, 38.598472], [74.038095, 38.579223], [74.058766, 38.547028], [74.045537, 38.530414], [74.028897, 38.527236], [73.932882, 38.529665], [73.887097, 38.559043], [73.816403, 38.586586], [73.797387, 38.602839], [73.772272, 38.674617], [73.736408, 38.721669], [73.735892, 38.800423], [73.683698, 38.854942], [73.680804, 38.872977], [73.717185, 38.918582], [73.809582, 38.932663], [73.823948, 38.944937], [73.826119, 38.976898], [73.81599, 38.993771], [73.768654, 39.029919], [73.70933, 39.065472], [73.673776, 39.142625], [73.631402, 39.175103], [73.607837, 39.207324], [73.602256, 39.235772], [73.643804, 39.351294], [73.632642, 39.448343], [73.820744, 39.468186], [73.838314, 39.475679], [73.870457, 39.546786], [73.921617, 39.582133], [73.926784, 39.592882], [73.904253, 39.64647], [73.893505, 39.710394], [73.879345, 39.727912], [73.829529, 39.746981], [73.818574, 39.786048], [73.83201, 39.82372], [73.880689, 39.86501], [73.893195, 39.918133], [73.944044, 39.970068], [73.957894, 40.021434], [73.976704, 40.043603], [74.003989, 40.060812], [74.069515, 40.067788], [74.167596, 40.10639], [74.20315, 40.109853], [74.272293, 40.093833], [74.333788, 40.09373], [74.369858, 40.105822], [74.476622, 40.172433], [74.565402, 40.24695], [74.654388, 40.291547], [74.705755, 40.331286], [74.746683, 40.336505], [74.830915, 40.319917], [74.862128, 40.32617], [74.853859, 40.35883], [74.794638, 40.405545], [74.787404, 40.420738], [74.820063, 40.493964], [74.835359, 40.511637], [74.879181, 40.505074], [75.002378, 40.4473], [75.064389, 40.443837], [75.13808, 40.463888], [75.19389, 40.441254], [75.212494, 40.444716], [75.229237, 40.470347], [75.26324, 40.480166], [75.481832, 40.614111], [75.523793, 40.63318], [75.559863, 40.63287], [75.587665, 40.611941], [75.605648, 40.569411], [75.617947, 40.493964], [75.666936, 40.450245], [75.669314, 40.432365], [75.638308, 40.386115], [75.656291, 40.32307], [75.681819, 40.291702], [75.772046, 40.31015], [75.858553, 40.296353], [75.901858, 40.298885], [75.921495, 40.309117], [75.962422, 40.357331], [76.051616, 40.390197], [76.07611, 40.391954], [76.151351, 40.368131], [76.185044, 40.384203], [76.244162, 40.441202], [76.273411, 40.434122], [76.299353, 40.355677], [76.313512, 40.343327], [76.476499, 40.436138], [76.498927, 40.464611], [76.531173, 40.534995], [76.556391, 40.56569], [76.609411, 40.59711], [76.624191, 40.627547], [76.630805, 40.728885], [76.647859, 40.764851], [76.674214, 40.795444], [76.762477, 40.847017], [76.770848, 40.867119], [76.757413, 40.925772], [76.766818, 40.944685], [76.820871, 40.97781], [76.860972, 41.013208], [77.007733, 41.044214], [77.118838, 41.011658], [77.243171, 41.005664], [77.332985, 41.02065], [77.388795, 41.011658], [77.474888, 40.982047], [77.503517, 40.981066], [77.580721, 40.997705], [77.650278, 40.997137], [77.831042, 41.062973], [77.997647, 41.049795], [78.036508, 41.036101], [78.074955, 41.039512], [78.190503, 41.11775], [78.275356, 41.228854], [78.34946, 41.270402], [78.359692, 41.287455], [78.339332, 41.344041], [78.343466, 41.362024], [78.359899, 41.377527], [78.41757, 41.400471], [78.51038, 41.454422], [78.619211, 41.478089], [78.645049, 41.52372], [78.658278, 41.532453], [78.807313, 41.578445], [78.915834, 41.63317], [78.976192, 41.6418], [79.088743, 41.702546], [79.19592, 41.729521], [79.282323, 41.783497], [79.30413, 41.787554], [79.390844, 41.772697], [79.489856, 41.819257], [79.554658, 41.837602], [79.610985, 41.867626], [79.747514, 41.879745], [79.783274, 41.905092], [79.812833, 41.97762], [79.842909, 42.00183], [79.930862, 42.023276], [80.0, 42.02264257558038], [80.0, 30.849608071019897], [79.903164, 30.890209], [79.85035, 30.954494], [79.833504, 30.961522], [79.739039, 30.979247], [79.630312, 30.962504], [79.577809, 30.938371], [79.512697, 30.966173], [79.47642, 31.014025], [79.446344, 31.023792], [79.401592, 31.023637], [79.367048, 31.111559], [79.319417, 31.14228], [79.302162, 31.16345], [79.303209, 31.183104], [79.288321, 31.225474], [79.278316, 31.240044], [79.25286, 31.245437], [79.24843, 31.256704], [79.262024, 31.278513], [79.25411, 31.299006], [79.239239, 31.311724], [79.238319, 31.329656], [79.207628, 31.351373], [79.179218, 31.393796], [79.131397, 31.438433], [79.07021, 31.461381], [79.049937, 31.422953], [78.988801, 31.343256], [78.959552, 31.325117], [78.921008, 31.269685], [78.861987, 31.291476], [78.784472, 31.288272], [78.745095, 31.308116], [78.73848, 31.334988], [78.762561, 31.44511], [78.695382, 31.488105], [78.699516, 31.510016], [78.796978, 31.578849], [78.818889, 31.607374], [78.758117, 31.666595], [78.724011, 31.673313], [78.693212, 31.71853], [78.695589, 31.746694], [78.670887, 31.770517], [78.674091, 31.78695], [78.700343, 31.821676], [78.720187, 31.902912], [78.744578, 31.9642], [78.722151, 31.994586], [78.649287, 32.036444], [78.551825, 32.15039], [78.513068, 32.20757], [78.457981, 32.229662], [78.462735, 32.281803], [78.434519, 32.383761], [78.452193, 32.416782], [78.380983, 32.528041], [78.384807, 32.547549], [78.447542, 32.566256], [78.589859, 32.569925], [78.630166, 32.578013], [78.664893, 32.599019], [78.694452, 32.629663], [78.713262, 32.637518], [78.736827, 32.629844], [78.750986, 32.612791], [78.73693, 32.545792], [78.77145, 32.461663], [78.911286, 32.354745], [78.943429, 32.346373], [79.028178, 32.377095], [79.075307, 32.37079], [79.09174, 32.390556], [79.112928, 32.472386], [79.191166, 32.50427], [79.235608, 32.504296], [79.287412, 32.532579], [79.320466, 32.592267], [79.379477, 32.57645], [79.40682, 32.529683], [79.443497, 32.534773], [79.515741, 32.60812], [79.531201, 32.648317], [79.57617, 32.670646], [79.620673, 32.728725], [79.613913, 32.765035], [79.564093, 32.793928], [79.414089, 32.972053], [79.333586, 32.994292], [79.339787, 33.013257], [79.399273, 33.026878], [79.381063, 33.061768], [79.37317, 33.11214], [79.423475, 33.157825], [79.456096, 33.250399], [79.420084, 33.275169], [79.340307, 33.275132], [79.260061, 33.291776], [79.098028, 33.287655], [78.964986, 33.344254], [78.824263, 33.461059]]], [[[79.991737, 44.793649], [79.868644, 44.849357], [79.843012, 44.873489], [79.858205, 44.90372], [79.924661, 44.931677], [80.0, 44.97965898121799], [80.0, 44.79310236489947], [79.991737, 44.793649]]]]}}, {"type": "Feature", "properties": {"name": "Uzbekistan"}, "geometry": {"type": "MultiPolygon", "coordinates": [[[[71.789757, 39.979318], [71.757304, 39.903095], [71.741801, 39.90077], [71.696843, 39.913844], [71.665527, 39.940199], [71.681753, 39.955082], [71.706868, 39.956115], [71.78552, 39.989705], [71.789757, 39.979318]]], [[[70.849711, 40.233773], [70.707188, 40.200183], [70.622128, 40.199563], [70.581821, 40.221732], [70.550608, 40.310461], [70.524046, 40.34374], [70.501929, 40.35082], [70.442191, 40.343327], [70.371394, 40.364927], [70.384933, 40.399706], [70.357028, 40.430402], [70.353824, 40.456136], [70.369637, 40.475515], [70.399351, 40.490191], [70.477796, 40.505487], [70.525493, 40.557112], [70.569315, 40.570445], [70.617167, 40.611941], [70.707239, 40.668992], [70.732096, 40.674986], [70.756177, 40.69514], [70.767132, 40.737618], [70.728892, 40.754464], [70.637424, 40.770587], [70.621766, 40.785987], [70.619338, 40.803195], [70.628743, 40.815856], [70.64869, 40.81751], [70.703157, 40.788933], [70.70512, 40.807433], [70.445705, 41.025921], [70.40116, 41.039977], [70.363539, 41.032432], [70.335892, 40.92696], [70.280392, 40.877713], [70.207993, 40.844588], [70.104227, 40.813324], [70.009659, 40.75803], [69.803315, 40.70563], [69.717687, 40.63628], [69.690919, 40.630028], [69.647511, 40.647443], [69.618882, 40.681652], [69.570823, 40.712451], [69.509224, 40.77467], [69.477288, 40.777047], [69.435844, 40.802679], [69.417757, 40.804229], [69.355074, 40.780354], [69.314198, 40.729298], [69.30717, 40.699326], [69.30934, 40.595818], [69.234254, 40.585276], [69.198442, 40.566517], [69.198029, 40.545847], [69.238337, 40.493964], [69.259731, 40.437636], [69.306343, 40.364979], [69.312699, 40.34281], [69.305309, 40.293821], [69.273115, 40.289583], [69.234616, 40.300849], [69.208364, 40.298317], [69.212498, 40.268758], [69.285259, 40.218631], [69.285259, 40.194964], [69.24769, 40.181735], [69.197926, 40.182975], [69.019229, 40.232067], [68.856551, 40.21274], [68.801877, 40.19114], [68.698318, 40.194964], [68.601993, 40.17543], [68.581116, 40.164216], [68.606954, 40.142305], [68.687052, 40.110318], [68.930655, 40.146801], [68.977267, 40.121015], [68.986982, 40.091714], [68.977267, 40.064894], [68.881769, 40.070837], [68.813143, 40.038901], [68.774696, 40.07988], [68.761725, 40.061483], [68.785031, 40.03394], [68.789372, 39.993994], [68.877428, 39.900563], [68.880787, 39.878342], [68.838258, 39.864648], [68.815365, 39.891881], [68.77976, 39.969448], [68.758883, 39.980558], [68.75201, 39.972755], [68.755575, 39.954048], [68.787615, 39.895757], [68.787356, 39.881701], [68.775212, 39.862529], [68.757539, 39.857517], [68.741623, 39.819638], [68.685089, 39.868007], [68.651086, 39.844701], [68.626178, 39.84961], [68.615842, 39.828113], [68.600339, 39.642853], [68.562926, 39.603579], [68.520241, 39.582546], [68.506702, 39.56756], [68.51745, 39.54844], [68.436267, 39.528803], [68.337565, 39.527924], [68.255864, 39.550559], [68.106209, 39.554124], [67.764525, 39.622596], [67.717603, 39.623371], [67.680447, 39.614121], [67.587378, 39.562651], [67.507435, 39.552936], [67.487642, 39.538001], [67.491156, 39.490097], [67.436483, 39.485705], [67.427284, 39.47661], [67.414779, 39.438111], [67.407079, 39.361009], [67.386873, 39.294192], [67.360622, 39.291763], [67.346462, 39.280808], [67.34269, 39.259569], [67.35008, 39.219829], [67.378192, 39.199495], [67.499011, 39.165983], [67.58035, 39.163605], [67.619831, 39.151255], [67.637711, 39.13154], [67.66758, 39.131773], [67.678587, 39.105935], [67.667218, 39.028368], [67.672231, 39.00377], [67.690524, 38.989611], [67.845243, 38.973772], [67.963272, 39.00191], [68.003373, 38.982118], [68.019806, 38.979689], [68.069106, 38.996096], [68.085642, 38.993771], [68.100938, 38.979276], [68.134683, 38.920985], [68.163725, 38.887472], [68.173699, 38.867319], [68.172562, 38.845279], [68.135975, 38.804506], [68.066729, 38.787969], [68.063318, 38.766317], [68.075927, 38.726862], [68.04549, 38.706708], [68.037635, 38.691645], [68.053706, 38.635937], [68.055153, 38.536305], [68.086882, 38.494034], [68.098044, 38.432436], [68.146724, 38.388743], [68.183724, 38.335491], [68.25266, 38.298749], [68.332035, 38.24299], [68.35622, 38.212604], [68.360664, 38.174053], [68.344334, 38.115452], [68.31953, 38.06021], [68.280566, 38.013236], [68.248733, 37.948951], [68.217727, 37.936083], [68.139954, 37.922699], [68.122229, 37.908333], [68.079648, 37.806272], [68.050192, 37.760409], [67.977328, 37.679743], [67.871857, 37.586802], [67.829224, 37.527943], [67.801215, 37.466448], [67.797339, 37.424435], [67.820645, 37.303306], [67.803954, 37.233439], [67.780544, 37.188868], [67.775997, 37.207549], [67.746593, 37.229408], [67.677502, 37.233542], [67.633163, 37.254058], [67.592287, 37.247185], [67.561385, 37.2199], [67.545003, 37.231527], [67.526141, 37.272894], [67.503145, 37.281963], [67.482371, 37.277364], [67.391163, 37.21959], [67.319591, 37.208428], [67.259129, 37.185147], [67.236753, 37.192408], [67.20797, 37.243464], [67.187816, 37.258244], [67.123324, 37.281963], [67.097382, 37.34059], [67.005915, 37.384386], [66.957649, 37.385213], [66.865768, 37.367927], [66.734975, 37.363302], [66.694099, 37.343406], [66.65467, 37.346145], [66.588576, 37.36847], [66.519588, 37.36418], [66.494835, 37.379425], [66.497005, 37.397744], [66.546615, 37.45079], [66.542687, 37.466758], [66.507134, 37.493837], [66.493491, 37.522207], [66.497212, 37.55789], [66.519123, 37.62525], [66.518813, 37.782708], [66.553643, 37.832007], [66.60904, 37.889187], [66.645782, 37.945902], [66.624336, 37.993832], [66.554159, 38.026853], [66.515919, 38.035096], [66.439438, 38.035457], [66.306939, 38.08039], [66.231078, 38.148784], [66.133565, 38.175294], [66.043493, 38.226195], [65.97745, 38.234567], [65.876681, 38.272962], [65.842885, 38.275339], [65.81436, 38.266193], [65.740204, 38.224076], [65.671629, 38.219684], [65.60414, 38.237409], [65.205301, 38.449644], [64.977718, 38.61227], [64.910539, 38.645343], [64.763364, 38.686012], [64.634897, 38.744148], [64.424315, 38.882951], [64.337344, 38.970956], [64.313573, 38.98248], [64.283394, 38.979689], [64.205982, 38.949458], [64.150585, 38.949458], [63.709268, 39.190891], [63.648497, 39.239518], [63.54101, 39.3561], [63.477551, 39.402919], [62.593161, 39.890228], [62.524586, 39.939734], [62.452808, 40.009239], [62.421595, 40.115072], [62.439682, 40.172898], [62.435754, 40.194189], [62.405059, 40.245245], [62.396532, 40.312011], [62.362581, 40.369682], [62.353279, 40.430402], [62.260933, 40.475722], [62.191842, 40.499028], [62.171378, 40.539956], [62.134171, 40.577834], [62.100064, 40.660413], [62.055726, 40.701754], [62.036812, 40.736326], [61.982707, 40.885671], [61.990252, 40.893164], [61.979297, 40.998842], [61.897441, 41.10881], [61.877907, 41.124984], [61.654355, 41.249421], [61.567332, 41.277792], [61.43318, 41.300323], [61.410752, 41.292003], [61.387498, 41.235779], [61.363003, 41.225185], [61.343986, 41.193817], [61.315874, 41.17046], [61.281355, 41.157282], [61.243217, 41.1563], [61.2026, 41.168806], [61.09966, 41.2241], [61.022766, 41.216865], [61.01026, 41.237226], [60.978014, 41.202809], [60.930265, 41.240223], [60.860295, 41.252987], [60.65886, 41.243789], [60.538144, 41.213248], [60.478096, 41.212111], [60.414534, 41.235262], [60.299916, 41.309831], [60.094244, 41.389516], [60.066132, 41.410497], [60.059207, 41.434165], [60.071713, 41.514366], [60.09259, 41.545476], [60.16473, 41.584956], [60.058277, 41.718592], [60.049182, 41.753499], [60.074917, 41.781043], [60.102408, 41.795279], [60.133724, 41.797295], [60.171345, 41.788406], [60.225398, 41.765462], [60.241108, 41.767064], [60.252684, 41.780061], [60.250823, 41.794272], [60.228912, 41.819619], [60.167521, 41.849591], [60.118221, 41.900441], [60.088766, 41.919355], [60.0, 41.94442668688041], [60.0, 42.152982051903244], [60.036986, 42.169701], [60.040397, 42.18647], [60.028201, 42.199518], [60.0, 42.20921362155314], [60.0, 44.87326374993018], [61.036305, 44.382822], [61.08023, 44.335486], [61.102864, 44.236061], [61.161672, 44.168106], [61.386051, 43.99344], [61.985704, 43.493341], [62.026115, 43.480629], [63.208007, 43.627467], [64.426744, 43.547033], [64.461574, 43.554319], [64.855038, 43.712914], [64.891005, 43.722785], [64.922941, 43.719115], [64.956531, 43.69736], [65.171918, 43.493677], [65.271447, 43.417015], [65.477378, 43.322809], [65.51691, 43.297229], [65.795239, 42.877203], [65.812603, 42.875756], [66.101267, 42.990323], [66.053208, 42.440873], [66.043183, 42.423665], [66.019618, 42.416844], [66.013727, 42.40302], [66.008663, 42.002657], [66.504137, 41.993484], [66.538863, 41.740761], [66.602632, 41.493799], [66.688208, 41.199192], [66.73296, 41.158057], [66.81528, 41.141883], [67.748143, 41.184102], [67.834908, 41.156869], [67.854132, 41.158988], [67.937434, 41.20038], [67.958932, 41.159453], [68.003063, 41.115631], [68.02115, 41.059149], [68.034379, 41.042716], [68.05908, 41.054756], [68.082128, 41.042716], [68.095977, 41.065143], [68.117371, 41.066745], [68.118922, 41.034034], [68.131324, 41.029641], [68.099698, 41.013622], [68.120885, 40.99383], [68.120575, 40.965304], [68.080578, 40.872958], [68.05474, 40.847224], [68.003063, 40.825158], [67.990919, 40.811102], [68.067504, 40.788002], [68.226099, 40.678862], [68.461743, 40.584656], [68.477349, 40.599228], [68.492439, 40.598608], [68.514815, 40.619124], [68.593001, 40.599487], [68.61424, 40.609099], [68.62039, 40.622224], [68.601115, 40.630028], [68.627418, 40.667131], [68.612122, 40.690541], [68.609434, 40.71581], [68.574605, 40.724492], [68.559773, 40.751312], [68.549696, 40.835028], [68.553417, 40.850428], [68.571866, 40.870478], [68.570884, 40.913524], [68.589177, 40.9066], [68.600133, 40.930061], [68.689378, 40.964943], [68.709532, 40.983753], [68.746274, 41.0638], [68.773766, 41.087261], [68.842443, 41.110102], [68.880219, 41.155525], [68.943781, 41.164879], [69.031217, 41.208752], [69.039176, 41.220276], [69.054782, 41.315412], [69.051165, 41.343627], [69.031579, 41.366985], [69.036178, 41.374013], [69.109456, 41.400678], [69.128059, 41.395149], [69.138188, 41.415923], [69.162682, 41.434061], [69.217149, 41.460054], [69.262935, 41.454577], [69.331148, 41.477934], [69.390679, 41.469718], [69.402358, 41.474834], [69.380809, 41.518811], [69.393779, 41.544959], [69.420341, 41.559532], [69.477288, 41.573122], [69.624566, 41.66831], [69.759442, 41.696448], [69.870856, 41.699575], [69.912404, 41.712856], [69.972039, 41.764584], [70.027953, 41.779983], [70.1111, 41.825975], [70.204169, 41.935813], [70.270315, 41.965553], [70.315067, 42.034593], [70.357907, 42.06224], [70.45542, 42.093737], [70.470199, 42.091618], [70.504461, 42.068467], [70.518879, 42.036686], [70.534227, 42.024981], [70.57903, 42.016248], [70.610243, 42.02741], [70.673184, 42.125983], [70.734266, 42.197296], [70.804546, 42.188434], [70.842373, 42.192542], [70.879994, 42.206934], [71.014042, 42.287704], [71.045772, 42.29096], [71.077604, 42.281167], [71.217854, 42.206365], [71.253201, 42.197555], [71.238215, 42.160244], [71.201008, 42.140788], [71.118429, 42.122908], [70.977145, 42.044231], [70.845474, 42.030356], [70.828059, 41.993743], [70.825113, 41.93633], [70.814003, 41.919535], [70.779328, 41.909665], [70.679696, 41.901113], [70.648948, 41.887393], [70.550091, 41.824063], [70.506476, 41.78559], [70.453663, 41.71208], [70.169288, 41.578342], [70.148255, 41.552452], [70.166549, 41.520206], [70.203446, 41.505633], [70.344419, 41.493799], [70.398989, 41.464964], [70.453198, 41.405484], [70.511334, 41.414476], [70.633807, 41.467496], [70.66781, 41.471372], [70.70357, 41.445482], [70.769199, 41.352102], [70.77106, 41.331018], [70.75628, 41.269627], [70.758037, 41.25216], [70.770439, 41.238518], [70.828524, 41.249111], [70.865731, 41.233195], [70.914203, 41.193042], [70.977145, 41.19635], [71.024688, 41.189787], [71.085769, 41.162036], [71.123079, 41.158212], [71.18013, 41.108138], [71.189949, 41.127465], [71.185711, 41.180227], [71.206382, 41.188753], [71.230153, 41.187255], [71.241522, 41.175162], [71.253821, 41.13749], [71.276145, 41.113151], [71.289478, 41.113874], [71.325238, 41.157334], [71.393657, 41.112737], [71.416085, 41.127362], [71.421459, 41.162088], [71.412571, 41.334687], [71.418772, 41.3474], [71.480629, 41.310761], [71.52383, 41.296654], [71.557937, 41.301718], [71.585532, 41.323525], [71.618811, 41.377786], [71.637415, 41.431271], [71.633694, 41.449616], [71.595454, 41.493747], [71.62739, 41.543202], [71.671418, 41.547388], [71.68413, 41.534055], [71.689505, 41.493799], [71.671935, 41.425483], [71.681443, 41.422847], [71.696119, 41.447445], [71.721648, 41.424759], [71.729709, 41.430082], [71.730433, 41.451166], [71.745212, 41.45282], [71.847015, 41.341819], [71.863034, 41.312208], [71.868822, 41.279239], [71.871613, 41.194489], [71.897658, 41.184929], [71.977033, 41.195213], [72.033773, 41.15661], [72.108497, 41.196401], [72.132889, 41.199295], [72.158417, 41.187875], [72.169889, 41.168651], [72.185599, 41.060647], [72.185599, 41.041062], [72.165135, 40.999359], [72.289778, 41.023544], [72.314066, 41.061681], [72.33236, 41.072843], [72.374321, 41.031967], [72.395198, 41.022045], [72.481911, 41.008816], [72.483358, 40.970575], [72.545577, 40.956519], [72.619474, 40.88009], [72.658231, 40.867171], [72.701226, 40.863243], [72.830107, 40.87208], [72.868658, 40.864122], [72.870311, 40.818181], [73.00343, 40.870168], [73.053556, 40.83632], [73.14337, 40.833839], [73.148641, 40.813686], [73.118048, 40.782938], [72.976765, 40.736068], [72.890982, 40.695088], [72.783908, 40.669663], [72.760034, 40.641758], [72.748355, 40.575096], [72.719209, 40.564864], [72.664226, 40.577783], [72.65048, 40.532152], [72.625468, 40.5105], [72.585781, 40.508743], [72.515294, 40.54564], [72.447908, 40.560471], [72.381556, 40.612148], [72.351893, 40.601967], [72.348483, 40.585379], [72.370083, 40.557732], [72.363469, 40.512309], [72.415662, 40.479287], [72.426204, 40.45934], [72.414422, 40.410713], [72.394061, 40.389422], [72.370497, 40.38565], [72.269624, 40.424045], [72.211644, 40.425596], [72.216501, 40.434949], [72.259599, 40.44239], [72.26363, 40.452519], [72.254225, 40.458307], [72.165858, 40.454431], [72.099299, 40.426371], [72.069637, 40.369423], [72.043178, 40.349321], [71.956672, 40.31568], [71.951091, 40.30152], [71.958222, 40.286534], [72.019821, 40.258732], [72.025402, 40.250878], [72.01889, 40.240026], [71.836473, 40.249172], [71.805467, 40.225298], [71.775908, 40.179926], [71.707178, 40.144269], [71.673072, 40.147886], [71.660153, 40.224471], [71.62832, 40.258887], [71.61013, 40.246382], [71.592973, 40.198426], [71.521246, 40.203749], [71.477115, 40.220802], [71.441355, 40.260903], [71.396551, 40.271548], [71.365132, 40.294131], [71.283225, 40.29842], [71.253821, 40.324413], [71.239558, 40.321106], [71.201008, 40.263848], [71.053213, 40.274235], [70.995129, 40.266587], [70.958955, 40.238372], [70.849711, 40.233773]], [[70.549781, 41.015224], [70.56146, 40.994605], [70.625229, 40.938691], [70.645072, 40.935177], [70.643419, 40.952282], [70.61665, 40.99352], [70.565904, 41.018376], [70.549781, 41.015224]]], [[[71.223745, 40.057866], [71.244002, 40.046756], [71.237284, 40.031098], [71.174704, 39.993994], [71.17703, 39.968156], [71.221058, 39.931724], [71.219094, 39.900925], [71.208449, 39.888781], [71.098895, 39.8755], [71.079981, 39.903405], [71.060964, 39.904129], [71.021897, 39.880823], [71.009288, 39.885732], [71.007634, 39.911157], [71.050371, 39.962885], [71.045823, 39.99203], [70.994509, 40.008877], [70.98314, 40.021383], [70.958438, 40.063085], [70.954046, 40.095797], [70.977145, 40.144579], [71.008564, 40.157757], [71.031199, 40.146905], [71.078844, 40.07864], [71.176926, 40.042001], [71.223745, 40.057866]]]]}}, {"type": "Feature", "properties": {"name": "Kazakhstan"}, "geometry": {"type": "Polygon", "coordinates": [[[79.924661, 44.931677], [79.858205, 44.90372], [79.843012, 44.873489], [79.868644, 44.849357], [79.991737, 44.793649], [80.0, 44.79310236489947], [80.0, 42.36207591472868], [79.960111, 42.403511], [79.917943, 42.42444], [79.696458, 42.459838], [79.571918, 42.449529], [79.47642, 42.453973], [79.425673, 42.469605], [79.398388, 42.496942], [79.353016, 42.577299], [79.321287, 42.602181], [79.242119, 42.629776], [79.206359, 42.656467], [79.176076, 42.713931], [79.180831, 42.77553], [79.173389, 42.785632], [79.148274, 42.790981], [79.108794, 42.785348], [79.030866, 42.756151], [78.992935, 42.757133], [78.954281, 42.768424], [78.888135, 42.771215], [78.807933, 42.79558], [78.687114, 42.804598], [78.594303, 42.850228], [78.496118, 42.875601], [78.429559, 42.880665], [78.38553, 42.878237], [78.31122, 42.850512], [78.229777, 42.865007], [78.030616, 42.854672], [77.986175, 42.860202], [77.929331, 42.885006], [77.883855, 42.893223], [77.809958, 42.871286], [77.781226, 42.895626], [77.71384, 42.907589], [77.647797, 42.909501], [77.557777, 42.888133], [77.501553, 42.914539], [77.418561, 42.922239], [77.328127, 42.897564], [77.178679, 42.913196], [77.124005, 42.958904], [76.956884, 42.988514], [76.897662, 42.974536], [76.83348, 42.971745], [76.792966, 42.943065], [76.753899, 42.940765], [76.74625, 42.928879], [76.707907, 42.913661], [76.644345, 42.911129], [76.58502, 42.894799], [76.48053, 42.916968], [76.414074, 42.885497], [76.382965, 42.910069], [76.340487, 42.901672], [76.254498, 42.921154], [76.163754, 42.921154], [76.064535, 42.93397], [75.999113, 42.91764], [75.858966, 42.939809], [75.797161, 42.936192], [75.770599, 42.92565], [75.73825, 42.861571], [75.703833, 42.830488], [75.646163, 42.806096], [75.620428, 42.805295], [75.555936, 42.825217], [75.496611, 42.823925], [75.178594, 42.84966], [75.066146, 42.902602], [74.976849, 42.926477], [74.948531, 42.944848], [74.862851, 42.975828], [74.71392, 42.999883], [74.61129, 43.058174], [74.558167, 43.115044], [74.462772, 43.148634], [74.400554, 43.159537], [74.348774, 43.191034], [74.25865, 43.215761], [74.178759, 43.261702], [74.216586, 43.216924], [74.213899, 43.202635], [74.039852, 43.181861], [73.965335, 43.216924], [73.935053, 43.199716], [73.90167, 43.13096], [73.864256, 43.116103], [73.805551, 43.114734], [73.634089, 43.062463], [73.57094, 43.031922], [73.493012, 42.894954], [73.489498, 42.877823], [73.504278, 42.827594], [73.503554, 42.794082], [73.423869, 42.662772], [73.412707, 42.627322], [73.41002, 42.58965], [73.417565, 42.556163], [73.505518, 42.420926], [73.505105, 42.402943], [73.476889, 42.399067], [73.417461, 42.41705], [73.326201, 42.428677], [73.314419, 42.441571], [73.316589, 42.493712], [73.278348, 42.513401], [73.189052, 42.520765], [73.115051, 42.550841], [72.942348, 42.536035], [72.874549, 42.543993], [72.815224, 42.573036], [72.780601, 42.620449], [72.725824, 42.652876], [72.583817, 42.678275], [72.476744, 42.682564], [72.358405, 42.741397], [72.292362, 42.76106], [72.164101, 42.765091], [72.10488, 42.750337], [71.956982, 42.804598], [71.847738, 42.834053], [71.693536, 42.811807], [71.583568, 42.759639], [71.553803, 42.760905], [71.504193, 42.789612], [71.477115, 42.78354], [71.404613, 42.794883], [71.363065, 42.75411], [71.329785, 42.737031], [71.262502, 42.753567], [71.245449, 42.747133], [71.211446, 42.705224], [71.157548, 42.687938], [71.149021, 42.677939], [71.142768, 42.602543], [71.127007, 42.590606], [71.040656, 42.580529], [71.00319, 42.563527], [71.012699, 42.526036], [71.057864, 42.493402], [71.066287, 42.482137], [71.064168, 42.470329], [71.041017, 42.4548], [70.977145, 42.478752], [70.961952, 42.468107], [70.929913, 42.412296], [70.939835, 42.387827], [70.932703, 42.3762], [70.852657, 42.306075], [70.858134, 42.291063], [70.897822, 42.261608], [70.947793, 42.248146], [70.842373, 42.192542], [70.804546, 42.188434], [70.734266, 42.197296], [70.673184, 42.125983], [70.610243, 42.02741], [70.57903, 42.016248], [70.534227, 42.024981], [70.518879, 42.036686], [70.504461, 42.068467], [70.45542, 42.093737], [70.357907, 42.06224], [70.315067, 42.034593], [70.270315, 41.965553], [70.204169, 41.935813], [70.1111, 41.825975], [70.027953, 41.779983], [69.972039, 41.764584], [69.912404, 41.712856], [69.870856, 41.699575], [69.759442, 41.696448], [69.624566, 41.66831], [69.477288, 41.573122], [69.420341, 41.559532], [69.393779, 41.544959], [69.380809, 41.518811], [69.402358, 41.474834], [69.390679, 41.469718], [69.331148, 41.477934], [69.262935, 41.454577], [69.217149, 41.460054], [69.162682, 41.434061], [69.138188, 41.415923], [69.128059, 41.395149], [69.109456, 41.400678], [69.036178, 41.374013], [69.031579, 41.366985], [69.051165, 41.343627], [69.054782, 41.315412], [69.039176, 41.220276], [69.031217, 41.208752], [68.943781, 41.164879], [68.880219, 41.155525], [68.842443, 41.110102], [68.773766, 41.087261], [68.746274, 41.0638], [68.709532, 40.983753], [68.689378, 40.964943], [68.600133, 40.930061], [68.589177, 40.9066], [68.570884, 40.913524], [68.571866, 40.870478], [68.553417, 40.850428], [68.549696, 40.835028], [68.559773, 40.751312], [68.574605, 40.724492], [68.609434, 40.71581], [68.612122, 40.690541], [68.627418, 40.667131], [68.601115, 40.630028], [68.62039, 40.622224], [68.61424, 40.609099], [68.593001, 40.599487], [68.514815, 40.619124], [68.492439, 40.598608], [68.477349, 40.599228], [68.461743, 40.584656], [68.226099, 40.678862], [68.067504, 40.788002], [67.990919, 40.811102], [68.003063, 40.825158], [68.05474, 40.847224], [68.080578, 40.872958], [68.120575, 40.965304], [68.120885, 40.99383], [68.099698, 41.013622], [68.131324, 41.029641], [68.118922, 41.034034], [68.117371, 41.066745], [68.095977, 41.065143], [68.082128, 41.042716], [68.05908, 41.054756], [68.034379, 41.042716], [68.02115, 41.059149], [68.003063, 41.115631], [67.958932, 41.159453], [67.937434, 41.20038], [67.854132, 41.158988], [67.834908, 41.156869], [67.748143, 41.184102], [66.81528, 41.141883], [66.73296, 41.158057], [66.688208, 41.199192], [66.602632, 41.493799], [66.538863, 41.740761], [66.504137, 41.993484], [66.008663, 42.002657], [66.013727, 42.40302], [66.019618, 42.416844], [66.043183, 42.423665], [66.053208, 42.440873], [66.101267, 42.990323], [65.812603, 42.875756], [65.795239, 42.877203], [65.51691, 43.297229], [65.477378, 43.322809], [65.271447, 43.417015], [65.171918, 43.493677], [64.956531, 43.69736], [64.922941, 43.719115], [64.891005, 43.722785], [64.855038, 43.712914], [64.461574, 43.554319], [64.426744, 43.547033], [63.208007, 43.627467], [62.026115, 43.480629], [61.985704, 43.493341], [61.386051, 43.99344], [61.161672, 44.168106], [61.102864, 44.236061], [61.08023, 44.335486], [61.036305, 44.382822], [60.0, 44.87326374993018], [60.0, 50.0], [80.0, 50.0], [80.0, 44.97965898121799], [79.924661, 44.931677]], [[63.501477, 45.574222], [63.610928, 45.598251], [63.754899, 45.660005], [63.833964, 45.715945], [63.896699, 45.781703], [63.940934, 45.855703], [63.964085, 45.936164], [63.964085, 46.0205], [63.940934, 46.100986], [63.896699, 46.17496], [63.796343, 46.270019], [63.70994, 46.320378], [63.610928, 46.358412], [63.501477, 46.382441], [63.383914, 46.390839], [63.26635, 46.382441], [63.156899, 46.358412], [63.057835, 46.320378], [62.971484, 46.270019], [62.900274, 46.208964], [62.846479, 46.13889], [62.812527, 46.061427], [62.800642, 45.978332], [62.803639, 45.936164], [62.826893, 45.855703], [62.871025, 45.781703], [62.933864, 45.715945], [63.012929, 45.660005], [63.105946, 45.615615], [63.210488, 45.584376], [63.383914, 45.565824], [63.501477, 45.574222]]]}}, {"type": "Feature", "properties": {"name": "Tajikistan"}, "geometry": {"type": "MultiPolygon", "coordinates": [[[[70.61665, 40.99352], [70.643419, 40.952282], [70.645072, 40.935177], [70.625229, 40.938691], [70.56146, 40.994605], [70.549781, 41.015224], [70.565904, 41.018376], [70.61665, 40.99352]]], [[[70.979522, 40.214084], [70.962883, 40.189693], [70.929293, 40.170624], [70.898545, 40.162614], [70.845164, 40.171813], [70.806716, 40.156155], [70.792144, 40.161374], [70.729822, 40.120705], [70.66595, 40.104168], [70.63944, 40.084945], [70.635977, 40.028514], [70.627399, 39.993891], [70.613963, 39.975752], [70.576601, 39.952239], [70.500895, 39.940561], [70.477227, 39.900925], [70.455627, 39.906816], [70.44803, 39.919993], [70.450872, 39.937408], [70.473197, 39.97012], [70.520946, 39.993736], [70.535622, 40.015957], [70.525493, 40.033682], [70.477227, 40.052027], [70.324265, 40.077503], [70.306282, 40.08479], [70.263494, 40.12427], [70.241531, 40.132745], [70.14717, 40.136983], [70.004595, 40.208761], [69.969558, 40.211603], [69.575474, 40.1036], [69.543021, 40.103083], [69.518009, 40.125097], [69.506331, 40.096933], [69.46964, 40.050993], [69.463129, 40.025413], [69.477288, 39.968156], [69.500439, 39.935703], [69.501576, 39.922474], [69.405355, 39.896119], [69.357296, 39.959474], [69.32784, 39.984744], [69.313991, 39.986914], [69.240714, 39.82894], [69.226296, 39.751011], [69.233324, 39.732666], [69.280091, 39.694271], [69.287533, 39.677786], [69.286189, 39.539707], [69.300348, 39.515625], [69.339726, 39.528079], [69.352025, 39.549628], [69.361637, 39.552884], [69.391454, 39.530508], [69.412176, 39.52503], [69.477288, 39.530405], [69.514392, 39.537588], [69.582295, 39.573555], [69.669421, 39.577792], [69.710349, 39.574071], [69.830445, 39.536244], [69.907753, 39.548492], [69.978757, 39.534436], [70.019684, 39.568594], [70.040355, 39.573606], [70.08273, 39.569782], [70.132442, 39.550042], [70.148979, 39.554279], [70.185204, 39.610348], [70.200655, 39.619495], [70.214814, 39.591125], [70.20603, 39.5241], [70.223289, 39.519088], [70.241066, 39.522395], [70.33026, 39.573089], [70.384313, 39.570867], [70.40147, 39.584768], [70.477227, 39.601201], [70.526113, 39.575622], [70.59784, 39.577792], [70.622128, 39.563529], [70.655976, 39.493714], [70.699746, 39.472165], [70.705431, 39.458523], [70.698092, 39.41899], [70.713285, 39.398423], [70.770129, 39.382093], [70.840099, 39.40142], [70.864181, 39.400594], [70.903351, 39.420851], [70.977145, 39.394909], [71.009288, 39.407622], [71.062928, 39.495627], [71.095898, 39.51237], [71.179975, 39.523015], [71.249273, 39.514385], [71.291958, 39.548957], [71.368543, 39.591486], [71.459545, 39.612105], [71.510911, 39.584148], [71.531375, 39.553091], [71.492101, 39.493663], [71.512875, 39.458833], [71.554319, 39.444157], [71.602792, 39.442348], [71.704594, 39.458988], [71.724438, 39.459401], [71.740251, 39.448343], [71.749243, 39.425502], [71.748106, 39.379561], [71.712966, 39.341527], [71.710899, 39.32096], [71.71834, 39.301065], [71.751207, 39.274245], [71.807017, 39.272849], [71.959152, 39.345868], [72.049793, 39.368864], [72.06695, 39.358477], [72.078112, 39.336618], [72.094751, 39.275072], [72.158623, 39.262617], [72.203272, 39.24081], [72.209163, 39.217297], [72.228903, 39.189237], [72.240272, 39.189909], [72.31634, 39.328815], [72.393234, 39.350829], [72.476744, 39.346127], [72.519015, 39.375686], [72.575756, 39.359304], [72.616373, 39.390413], [72.633737, 39.394496], [72.835275, 39.356204], [72.893669, 39.363903], [73.009321, 39.348607], [73.071126, 39.370725], [73.136032, 39.353465], [73.167864, 39.355377], [73.326408, 39.390878], [73.343151, 39.430669], [73.367645, 39.443795], [73.512236, 39.467411], [73.604323, 39.459608], [73.632642, 39.448343], [73.643804, 39.351294], [73.602256, 39.235772], [73.607837, 39.207324], [73.631402, 39.175103], [73.673776, 39.142625], [73.70933, 39.065472], [73.768654, 39.029919], [73.81599, 38.993771], [73.826119, 38.976898], [73.823948, 38.944937], [73.809582, 38.932663], [73.717185, 38.918582], [73.680804, 38.872977], [73.683698, 38.854942], [73.735892, 38.800423], [73.736408, 38.721669], [73.772272, 38.674617], [73.797387, 38.602839], [73.816403, 38.586586], [73.887097, 38.559043], [73.932882, 38.529665], [74.028897, 38.527236], [74.045537, 38.530414], [74.058766, 38.547028], [74.038095, 38.579223], [74.037269, 38.598472], [74.084397, 38.614027], [74.095043, 38.645756], [74.123361, 38.669475], [74.221443, 38.649709], [74.313427, 38.669217], [74.334201, 38.666995], [74.476622, 38.612063], [74.64612, 38.56111], [74.696453, 38.52398], [74.760325, 38.519975], [74.832879, 38.463648], [74.844351, 38.417243], [74.838253, 38.379416], [74.784303, 38.325672], [74.771074, 38.29154], [74.771281, 38.196274], [74.790711, 38.081449], [74.809935, 38.053208], [74.880421, 38.02166], [74.892824, 37.994013], [74.890756, 37.897714], [74.913701, 37.880841], [74.883212, 37.843867], [74.886106, 37.83056], [74.898405, 37.817589], [74.949254, 37.795317], [74.96145, 37.785473], [74.965171, 37.767463], [74.931891, 37.721575], [74.923623, 37.695323], [74.886106, 37.653465], [74.882178, 37.634422], [74.891893, 37.599205], [74.945223, 37.548562], [75.053434, 37.493837], [75.103973, 37.44061], [75.164125, 37.400638], [75.091778, 37.378443], [75.079582, 37.361235], [75.077102, 37.324209], [75.06842, 37.312142], [74.951528, 37.281291], [74.932924, 37.272506], [74.912667, 37.238994], [74.892307, 37.231114], [74.862644, 37.244601], [74.816859, 37.306923], [74.78854, 37.331159], [74.660383, 37.393972], [74.631444, 37.381079], [74.521167, 37.375601], [74.454814, 37.393636], [74.378126, 37.393765], [74.343813, 37.420999], [74.320869, 37.413893], [74.315598, 37.426916], [74.303816, 37.400173], [74.223924, 37.403351], [74.207697, 37.389915], [74.206044, 37.355654], [74.187647, 37.338394], [74.052151, 37.312246], [73.899292, 37.265478], [73.836247, 37.256745], [73.798213, 37.22853], [73.746123, 37.230545], [73.709227, 37.217006], [73.680494, 37.242457], [73.617656, 37.233181], [73.601636, 37.24088], [73.597295, 37.261809], [73.630988, 37.295993], [73.690416, 37.305218], [73.739096, 37.338342], [73.753462, 37.428388], [73.6745, 37.43105], [73.485261, 37.480969], [73.440612, 37.479936], [73.378394, 37.452547], [73.345011, 37.464484], [73.296332, 37.464949], [73.260262, 37.450041], [73.211479, 37.40826], [73.170241, 37.40826], [73.132104, 37.384386], [73.087766, 37.326069], [73.067509, 37.315062], [72.995575, 37.3093], [72.924262, 37.274832], [72.902247, 37.2538], [72.83052, 37.239769], [72.79073, 37.220262], [72.760964, 37.187499], [72.657714, 37.028826], [72.50868, 37.011075], [72.474987, 36.997484], [72.405947, 37.007665], [72.259806, 36.967305], [72.220325, 36.94555], [72.186839, 36.911392], [72.152836, 36.895708], [72.126687, 36.872738], [71.836576, 36.699156], [71.748519, 36.678641], [71.653021, 36.687012], [71.61106, 36.704841], [71.577367, 36.733263], [71.552872, 36.769591], [71.528481, 36.856149], [71.463059, 36.948082], [71.459958, 37.010739], [71.431123, 37.066989], [71.43319, 37.127347], [71.453757, 37.192615], [71.45014, 37.21667], [71.487037, 37.267055], [71.493858, 37.307543], [71.48714, 37.409087], [71.511221, 37.485878], [71.497165, 37.566545], [71.501506, 37.610341], [71.522073, 37.637626], [71.542537, 37.719559], [71.529515, 37.761133], [71.537783, 37.779039], [71.57468, 37.798004], [71.590286, 37.815729], [71.590286, 37.891435], [71.597727, 37.89836], [71.567342, 37.928074], [71.537059, 37.944455], [71.501196, 37.946212], [71.379188, 37.912932], [71.341154, 37.893295], [71.281829, 37.924999], [71.258265, 37.926472], [71.255785, 37.949881], [71.272631, 37.997992], [71.302397, 38.04233], [71.359086, 38.184105], [71.364512, 38.206816], [71.358156, 38.251258], [71.334384, 38.280662], [71.217699, 38.325827], [71.117395, 38.398639], [71.076984, 38.412178], [71.049802, 38.408664], [70.998229, 38.465664], [70.950739, 38.473053], [70.943452, 38.465948], [70.946759, 38.443236], [70.936217, 38.433004], [70.871002, 38.45321], [70.843045, 38.440161], [70.777261, 38.446466], [70.761086, 38.44352], [70.741811, 38.419439], [70.683313, 38.414581], [70.664865, 38.405409], [70.68476, 38.38665], [70.641352, 38.354197], [70.600011, 38.347066], [70.5966, 38.309187], [70.583061, 38.275081], [70.547197, 38.262653], [70.470303, 38.120517], [70.415371, 38.094523], [70.326281, 38.011273], [70.293776, 37.996106], [70.283751, 37.981869], [70.253934, 37.973394], [70.250161, 37.955617], [70.26153, 37.939287], [70.214711, 37.929262], [70.17213, 37.946083], [70.160503, 37.920658], [70.165205, 37.889911], [70.196004, 37.839914], [70.240343, 37.827563], [70.247164, 37.819166], [70.256517, 37.791803], [70.275121, 37.774181], [70.269592, 37.762632], [70.283079, 37.704831], [70.275121, 37.675479], [70.253572, 37.654576], [70.248301, 37.623338], [70.216468, 37.617137], [70.199415, 37.579284], [70.157867, 37.541431], [70.129135, 37.532284], [70.007592, 37.548846], [69.989505, 37.56732], [69.955399, 37.575485], [69.918812, 37.617137], [69.895247, 37.61817], [69.80223, 37.581506], [69.754274, 37.596673], [69.664977, 37.576157], [69.528655, 37.586027], [69.508656, 37.578973], [69.491448, 37.536986], [69.425405, 37.49425], [69.411711, 37.47252], [69.384478, 37.453271], [69.37838, 37.437406], [69.377036, 37.380665], [69.391196, 37.370692], [69.386441, 37.34152], [69.417912, 37.267675], [69.409851, 37.245661], [69.445197, 37.23641], [69.442148, 37.223621], [69.407732, 37.177473], [69.323913, 37.120991], [69.245675, 37.103886], [69.123615, 37.169205], [69.096433, 37.213027], [69.035765, 37.251577], [69.021037, 37.287958], [68.985225, 37.320359], [68.965433, 37.329144], [68.887867, 37.338135], [68.890296, 37.322943], [68.917633, 37.302427], [68.915824, 37.279069], [68.890296, 37.281963], [68.856758, 37.324906], [68.835829, 37.329144], [68.813815, 37.323408], [68.810197, 37.312091], [68.822031, 37.281963], [68.820378, 37.250906], [68.759606, 37.275245], [68.668862, 37.278294], [68.657545, 37.267675], [68.671239, 37.247185], [68.648605, 37.244369], [68.626901, 37.206257], [68.551453, 37.192615], [68.523858, 37.164658], [68.403711, 37.151635], [68.418025, 37.128277], [68.411462, 37.113369], [68.391877, 37.105437], [68.307282, 37.114221], [68.288317, 37.103214], [68.280772, 37.086652], [68.288317, 37.024408], [68.277775, 37.010068], [68.212559, 37.021256], [68.186411, 37.01831], [68.032725, 36.925241], [68.011125, 36.930874], [67.961825, 36.98994], [67.918417, 37.013814], [67.87811, 37.064431], [67.832893, 37.073087], [67.78535, 37.096548], [67.773051, 37.109984], [67.771966, 37.12497], [67.780544, 37.188868], [67.803954, 37.233439], [67.820645, 37.303306], [67.797339, 37.424435], [67.801215, 37.466448], [67.829224, 37.527943], [67.871857, 37.586802], [67.977328, 37.679743], [68.050192, 37.760409], [68.079648, 37.806272], [68.122229, 37.908333], [68.139954, 37.922699], [68.217727, 37.936083], [68.248733, 37.948951], [68.280566, 38.013236], [68.31953, 38.06021], [68.344334, 38.115452], [68.360664, 38.174053], [68.35622, 38.212604], [68.332035, 38.24299], [68.25266, 38.298749], [68.183724, 38.335491], [68.146724, 38.388743], [68.098044, 38.432436], [68.086882, 38.494034], [68.055153, 38.536305], [68.053706, 38.635937], [68.037635, 38.691645], [68.04549, 38.706708], [68.075927, 38.726862], [68.063318, 38.766317], [68.066729, 38.787969], [68.135975, 38.804506], [68.172562, 38.845279], [68.173699, 38.867319], [68.163725, 38.887472], [68.134683, 38.920985], [68.100938, 38.979276], [68.085642, 38.993771], [68.069106, 38.996096], [68.019806, 38.979689], [68.003373, 38.982118], [67.963272, 39.00191], [67.845243, 38.973772], [67.690524, 38.989611], [67.672231, 39.00377], [67.667218, 39.028368], [67.678587, 39.105935], [67.66758, 39.131773], [67.637711, 39.13154], [67.619831, 39.151255], [67.58035, 39.163605], [67.499011, 39.165983], [67.378192, 39.199495], [67.35008, 39.219829], [67.34269, 39.259569], [67.346462, 39.280808], [67.360622, 39.291763], [67.386873, 39.294192], [67.407079, 39.361009], [67.414779, 39.438111], [67.427284, 39.47661], [67.436483, 39.485705], [67.491156, 39.490097], [67.487642, 39.538001], [67.507435, 39.552936], [67.587378, 39.562651], [67.680447, 39.614121], [67.717603, 39.623371], [67.764525, 39.622596], [68.106209, 39.554124], [68.255864, 39.550559], [68.337565, 39.527924], [68.436267, 39.528803], [68.51745, 39.54844], [68.506702, 39.56756], [68.520241, 39.582546], [68.562926, 39.603579], [68.600339, 39.642853], [68.615842, 39.828113], [68.626178, 39.84961], [68.651086, 39.844701], [68.685089, 39.868007], [68.741623, 39.819638], [68.757539, 39.857517], [68.775212, 39.862529], [68.787356, 39.881701], [68.787615, 39.895757], [68.755575, 39.954048], [68.75201, 39.972755], [68.758883, 39.980558], [68.77976, 39.969448], [68.815365, 39.891881], [68.838258, 39.864648], [68.880787, 39.878342], [68.877428, 39.900563], [68.789372, 39.993994], [68.785031, 40.03394], [68.761725, 40.061483], [68.774696, 40.07988], [68.813143, 40.038901], [68.881769, 40.070837], [68.977267, 40.064894], [68.986982, 40.091714], [68.977267, 40.121015], [68.930655, 40.146801], [68.687052, 40.110318], [68.606954, 40.142305], [68.581116, 40.164216], [68.601993, 40.17543], [68.698318, 40.194964], [68.801877, 40.19114], [68.856551, 40.21274], [69.019229, 40.232067], [69.197926, 40.182975], [69.24769, 40.181735], [69.285259, 40.194964], [69.285259, 40.218631], [69.212498, 40.268758], [69.208364, 40.298317], [69.234616, 40.300849], [69.273115, 40.289583], [69.305309, 40.293821], [69.312699, 40.34281], [69.306343, 40.364979], [69.259731, 40.437636], [69.238337, 40.493964], [69.198029, 40.545847], [69.198442, 40.566517], [69.234254, 40.585276], [69.30934, 40.595818], [69.30717, 40.699326], [69.314198, 40.729298], [69.355074, 40.780354], [69.417757, 40.804229], [69.435844, 40.802679], [69.477288, 40.777047], [69.509224, 40.77467], [69.66012, 40.638709], [69.690919, 40.630028], [69.717687, 40.63628], [69.803315, 40.70563], [70.009659, 40.75803], [70.104227, 40.813324], [70.207993, 40.844588], [70.280392, 40.877713], [70.335892, 40.92696], [70.363539, 41.032432], [70.40116, 41.039977], [70.445705, 41.025921], [70.70512, 40.807433], [70.703157, 40.788933], [70.64869, 40.81751], [70.628743, 40.815856], [70.619338, 40.803195], [70.621766, 40.785987], [70.637424, 40.770587], [70.728892, 40.754464], [70.767132, 40.737618], [70.756177, 40.69514], [70.732096, 40.674986], [70.707239, 40.668992], [70.617167, 40.611941], [70.569315, 40.570445], [70.525493, 40.557112], [70.477796, 40.505487], [70.399351, 40.490191], [70.369637, 40.475515], [70.353824, 40.456136], [70.357028, 40.430402], [70.384933, 40.399706], [70.371394, 40.364927], [70.442191, 40.343327], [70.501929, 40.35082], [70.524046, 40.34374], [70.550608, 40.310461], [70.581821, 40.221732], [70.622128, 40.199563], [70.707188, 40.200183], [70.849711, 40.233773], [70.958955, 40.238372], [70.979522, 40.214084]]], [[[70.619906, 39.850695], [70.698919, 39.858447], [70.70481, 39.822067], [70.63298, 39.79845], [70.581614, 39.766566], [70.537379, 39.817312], [70.490147, 39.850179], [70.483739, 39.882218], [70.619906, 39.850695]]]]}}, {"type": "Feature", "properties": {"name": "Kyrgyzstan"}, "geometry": {"type": "Polygon", "coordinates": [[[79.930862, 42.023276], [79.842909, 42.00183], [79.812833, 41.97762], [79.783274, 41.905092], [79.747514, 41.879745], [79.610985, 41.867626], [79.554658, 41.837602], [79.489856, 41.819257], [79.390844, 41.772697], [79.30413, 41.787554], [79.282323, 41.783497], [79.19592, 41.729521], [79.088743, 41.702546], [78.976192, 41.6418], [78.915834, 41.63317], [78.807313, 41.578445], [78.658278, 41.532453], [78.645049, 41.52372], [78.619211, 41.478089], [78.51038, 41.454422], [78.41757, 41.400471], [78.359899, 41.377527], [78.343466, 41.362024], [78.339332, 41.344041], [78.359692, 41.287455], [78.34946, 41.270402], [78.275356, 41.228854], [78.190503, 41.11775], [78.074955, 41.039512], [78.036508, 41.036101], [77.997647, 41.049795], [77.831042, 41.062973], [77.650278, 40.997137], [77.580721, 40.997705], [77.503517, 40.981066], [77.474888, 40.982047], [77.388795, 41.011658], [77.332985, 41.02065], [77.243171, 41.005664], [77.118838, 41.011658], [77.007733, 41.044214], [76.860972, 41.013208], [76.820871, 40.97781], [76.766818, 40.944685], [76.757413, 40.925772], [76.770848, 40.867119], [76.762477, 40.847017], [76.674214, 40.795444], [76.647859, 40.764851], [76.630805, 40.728885], [76.62078, 40.611321], [76.609411, 40.59711], [76.556391, 40.56569], [76.531173, 40.534995], [76.498927, 40.464611], [76.476499, 40.436138], [76.330152, 40.348081], [76.313512, 40.343327], [76.299353, 40.355677], [76.273411, 40.434122], [76.244162, 40.441202], [76.185044, 40.384203], [76.151351, 40.368131], [76.07611, 40.391954], [76.051616, 40.390197], [75.962422, 40.357331], [75.921495, 40.309117], [75.901858, 40.298885], [75.858553, 40.296353], [75.772046, 40.31015], [75.681819, 40.291702], [75.656291, 40.32307], [75.638308, 40.386115], [75.669314, 40.432365], [75.666936, 40.450245], [75.617947, 40.493964], [75.605648, 40.569411], [75.587665, 40.611941], [75.559863, 40.63287], [75.523793, 40.63318], [75.481832, 40.614111], [75.26324, 40.480166], [75.229237, 40.470347], [75.212494, 40.444716], [75.19389, 40.441254], [75.13808, 40.463888], [75.064389, 40.443837], [75.002378, 40.4473], [74.879181, 40.505074], [74.835359, 40.511637], [74.820063, 40.493964], [74.787404, 40.420738], [74.794638, 40.405545], [74.853859, 40.35883], [74.862128, 40.32617], [74.830915, 40.319917], [74.746683, 40.336505], [74.705755, 40.331286], [74.654388, 40.291547], [74.565402, 40.24695], [74.476622, 40.172433], [74.369858, 40.105822], [74.333788, 40.09373], [74.272293, 40.093833], [74.20315, 40.109853], [74.167596, 40.10639], [74.069515, 40.067788], [74.003989, 40.060812], [73.966368, 40.033268], [73.952106, 40.008257], [73.944044, 39.970068], [73.893195, 39.918133], [73.880689, 39.86501], [73.844102, 39.838086], [73.823018, 39.805685], [73.819814, 39.766721], [73.829529, 39.746981], [73.879345, 39.727912], [73.893505, 39.710394], [73.904253, 39.64647], [73.926784, 39.592882], [73.921617, 39.582133], [73.870457, 39.546786], [73.848029, 39.489735], [73.838314, 39.475679], [73.820744, 39.468186], [73.632642, 39.448343], [73.604323, 39.459608], [73.476889, 39.464776], [73.367645, 39.443795], [73.343151, 39.430669], [73.326408, 39.390878], [73.167864, 39.355377], [73.136032, 39.353465], [73.071126, 39.370725], [73.009321, 39.348607], [72.893669, 39.363903], [72.835275, 39.356204], [72.633737, 39.394496], [72.616373, 39.390413], [72.575756, 39.359304], [72.519015, 39.375686], [72.476744, 39.346127], [72.393234, 39.350829], [72.31634, 39.328815], [72.240272, 39.189909], [72.228903, 39.189237], [72.209163, 39.217297], [72.203272, 39.24081], [72.158623, 39.262617], [72.094751, 39.275072], [72.078112, 39.336618], [72.06695, 39.358477], [72.049793, 39.368864], [71.959152, 39.345868], [71.807017, 39.272849], [71.751207, 39.274245], [71.71834, 39.301065], [71.710899, 39.32096], [71.712966, 39.341527], [71.748106, 39.379561], [71.749243, 39.425502], [71.740251, 39.448343], [71.724438, 39.459401], [71.704594, 39.458988], [71.602792, 39.442348], [71.554319, 39.444157], [71.512875, 39.458833], [71.492101, 39.493663], [71.531375, 39.553091], [71.510911, 39.584148], [71.459545, 39.612105], [71.368543, 39.591486], [71.291958, 39.548957], [71.249273, 39.514385], [71.179975, 39.523015], [71.095898, 39.51237], [71.062928, 39.495627], [71.009288, 39.407622], [70.977145, 39.394909], [70.903351, 39.420851], [70.864181, 39.400594], [70.840099, 39.40142], [70.770129, 39.382093], [70.713285, 39.398423], [70.698092, 39.41899], [70.705431, 39.458523], [70.699746, 39.472165], [70.655976, 39.493714], [70.622128, 39.563529], [70.59784, 39.577792], [70.526113, 39.575622], [70.477227, 39.601201], [70.40147, 39.584768], [70.384313, 39.570867], [70.33026, 39.573089], [70.241066, 39.522395], [70.223289, 39.519088], [70.20603, 39.5241], [70.214814, 39.591125], [70.200655, 39.619495], [70.185204, 39.610348], [70.148979, 39.554279], [70.132442, 39.550042], [70.08273, 39.569782], [70.040355, 39.573606], [70.019684, 39.568594], [69.978757, 39.534436], [69.907753, 39.548492], [69.830445, 39.536244], [69.710349, 39.574071], [69.669421, 39.577792], [69.582295, 39.573555], [69.514392, 39.537588], [69.412176, 39.52503], [69.391454, 39.530508], [69.361637, 39.552884], [69.352025, 39.549628], [69.339726, 39.528079], [69.300348, 39.515625], [69.286189, 39.539707], [69.287533, 39.677786], [69.280091, 39.694271], [69.233324, 39.732666], [69.226296, 39.751011], [69.240714, 39.82894], [69.310322, 39.984796], [69.32784, 39.984744], [69.357296, 39.959474], [69.405355, 39.896119], [69.501576, 39.922474], [69.500439, 39.935703], [69.477288, 39.968156], [69.463129, 40.025413], [69.46964, 40.050993], [69.506331, 40.096933], [69.518009, 40.125097], [69.543021, 40.103083], [69.575474, 40.1036], [69.969558, 40.211603], [70.004595, 40.208761], [70.14717, 40.136983], [70.241531, 40.132745], [70.263494, 40.12427], [70.306282, 40.08479], [70.324265, 40.077503], [70.477227, 40.052027], [70.525493, 40.033682], [70.535622, 40.015957], [70.520946, 39.993736], [70.473197, 39.97012], [70.450872, 39.937408], [70.44803, 39.919993], [70.455627, 39.906816], [70.477227, 39.900925], [70.500895, 39.940561], [70.576601, 39.952239], [70.613963, 39.975752], [70.627399, 39.993891], [70.635977, 40.028514], [70.63944, 40.084945], [70.66595, 40.104168], [70.729822, 40.120705], [70.792144, 40.161374], [70.806716, 40.156155], [70.845164, 40.171813], [70.898545, 40.162614], [70.929293, 40.170624], [70.962883, 40.189693], [70.979522, 40.214084], [70.958955, 40.238372], [70.995129, 40.266587], [71.053213, 40.274235], [71.201008, 40.263848], [71.239558, 40.321106], [71.253821, 40.324413], [71.283225, 40.29842], [71.365132, 40.294131], [71.396551, 40.271548], [71.441355, 40.260903], [71.477115, 40.220802], [71.521246, 40.203749], [71.592973, 40.198426], [71.61013, 40.246382], [71.62832, 40.258887], [71.660153, 40.224471], [71.673072, 40.147886], [71.707178, 40.144269], [71.775908, 40.179926], [71.805467, 40.225298], [71.836473, 40.249172], [72.01889, 40.240026], [72.025402, 40.250878], [72.019821, 40.258732], [71.958222, 40.286534], [71.951091, 40.30152], [71.956672, 40.31568], [72.043178, 40.349321], [72.069637, 40.369423], [72.099299, 40.426371], [72.165858, 40.454431], [72.254225, 40.458307], [72.26363, 40.452519], [72.259599, 40.44239], [72.216501, 40.434949], [72.211644, 40.425596], [72.269624, 40.424045], [72.370497, 40.38565], [72.394061, 40.389422], [72.414422, 40.410713], [72.426204, 40.45934], [72.415662, 40.479287], [72.363469, 40.512309], [72.370083, 40.557732], [72.348483, 40.585379], [72.351893, 40.601967], [72.381556, 40.612148], [72.447908, 40.560471], [72.515294, 40.54564], [72.585781, 40.508743], [72.625468, 40.5105], [72.65048, 40.532152], [72.664226, 40.577783], [72.719209, 40.564864], [72.748355, 40.575096], [72.760034, 40.641758], [72.783908, 40.669663], [72.890982, 40.695088], [72.976765, 40.736068], [73.070609, 40.762474], [73.118048, 40.782938], [73.148641, 40.813686], [73.14337, 40.833839], [73.053556, 40.83632], [73.00343, 40.870168], [72.870311, 40.818181], [72.868658, 40.864122], [72.830107, 40.87208], [72.701226, 40.863243], [72.658231, 40.867171], [72.619474, 40.88009], [72.545577, 40.956519], [72.483358, 40.970575], [72.481911, 41.008816], [72.395198, 41.022045], [72.374321, 41.031967], [72.33236, 41.072843], [72.314066, 41.061681], [72.289778, 41.023544], [72.165135, 40.999359], [72.185599, 41.041062], [72.185599, 41.060647], [72.169889, 41.168651], [72.158417, 41.187875], [72.132889, 41.199295], [72.108497, 41.196401], [72.033773, 41.15661], [71.977033, 41.195213], [71.897658, 41.184929], [71.871613, 41.194489], [71.868822, 41.279239], [71.863034, 41.312208], [71.847015, 41.341819], [71.745212, 41.45282], [71.730433, 41.451166], [71.729709, 41.430082], [71.721648, 41.424759], [71.696119, 41.447445], [71.681443, 41.422847], [71.671935, 41.425483], [71.689505, 41.493799], [71.68413, 41.534055], [71.671418, 41.547388], [71.62739, 41.543202], [71.595454, 41.493747], [71.633694, 41.449616], [71.637415, 41.431271], [71.618811, 41.377786], [71.585532, 41.323525], [71.557937, 41.301718], [71.52383, 41.296654], [71.480629, 41.310761], [71.418772, 41.3474], [71.412571, 41.334687], [71.421459, 41.162088], [71.416085, 41.127362], [71.393657, 41.112737], [71.325238, 41.157334], [71.289478, 41.113874], [71.276145, 41.113151], [71.253821, 41.13749], [71.241522, 41.175162], [71.230153, 41.187255], [71.206382, 41.188753], [71.185711, 41.180227], [71.189949, 41.127465], [71.18013, 41.108138], [71.123079, 41.158212], [71.085769, 41.162036], [71.024688, 41.189787], [70.977145, 41.19635], [70.914203, 41.193042], [70.865731, 41.233195], [70.828524, 41.249111], [70.770439, 41.238518], [70.758037, 41.25216], [70.75628, 41.269627], [70.77106, 41.331018], [70.769199, 41.352102], [70.70357, 41.445482], [70.66781, 41.471372], [70.633807, 41.467496], [70.511334, 41.414476], [70.453198, 41.405484], [70.398989, 41.464964], [70.344419, 41.493799], [70.203446, 41.505633], [70.166549, 41.520206], [70.148255, 41.552452], [70.169288, 41.578342], [70.453663, 41.71208], [70.506476, 41.78559], [70.550091, 41.824063], [70.648948, 41.887393], [70.679696, 41.901113], [70.779328, 41.909665], [70.814003, 41.919535], [70.825113, 41.93633], [70.828059, 41.993743], [70.845474, 42.030356], [70.977145, 42.044231], [71.118429, 42.122908], [71.201008, 42.140788], [71.238215, 42.160244], [71.253201, 42.197555], [71.217854, 42.206365], [71.077604, 42.281167], [71.045772, 42.29096], [71.014042, 42.287704], [70.947793, 42.248146], [70.897822, 42.261608], [70.858134, 42.291063], [70.852657, 42.306075], [70.932703, 42.3762], [70.939835, 42.387827], [70.929913, 42.412296], [70.961952, 42.468107], [70.977145, 42.478752], [71.041017, 42.4548], [71.064168, 42.470329], [71.066287, 42.482137], [71.057864, 42.493402], [71.012699, 42.526036], [71.00319, 42.563527], [71.040656, 42.580529], [71.127007, 42.590606], [71.142768, 42.602543], [71.148091, 42.6174], [71.149021, 42.677939], [71.157548, 42.687938], [71.211446, 42.705224], [71.245449, 42.747133], [71.262502, 42.753567], [71.329785, 42.737031], [71.347562, 42.742844], [71.404613, 42.794883], [71.477115, 42.78354], [71.504193, 42.789612], [71.566308, 42.757236], [71.693536, 42.811807], [71.847738, 42.834053], [71.956982, 42.804598], [72.10488, 42.750337], [72.164101, 42.765091], [72.292362, 42.76106], [72.358405, 42.741397], [72.476744, 42.682564], [72.583817, 42.678275], [72.725824, 42.652876], [72.780601, 42.620449], [72.815224, 42.573036], [72.874549, 42.543993], [72.942348, 42.536035], [73.115051, 42.550841], [73.189052, 42.520765], [73.301396, 42.507071], [73.316589, 42.493712], [73.314419, 42.441571], [73.326201, 42.428677], [73.417461, 42.41705], [73.476889, 42.399067], [73.505105, 42.402943], [73.505518, 42.420926], [73.417565, 42.556163], [73.41002, 42.58965], [73.412707, 42.627322], [73.423869, 42.662772], [73.503554, 42.794082], [73.504278, 42.827594], [73.489498, 42.877823], [73.493012, 42.894954], [73.57094, 43.031922], [73.634089, 43.062463], [73.805551, 43.114734], [73.864256, 43.116103], [73.90167, 43.13096], [73.935053, 43.199716], [73.965335, 43.216924], [74.039852, 43.181861], [74.213899, 43.202635], [74.216586, 43.216924], [74.178759, 43.261702], [74.25865, 43.215761], [74.348774, 43.191034], [74.400554, 43.159537], [74.462772, 43.148634], [74.558167, 43.115044], [74.61129, 43.058174], [74.71392, 42.999883], [74.862851, 42.975828], [74.948531, 42.944848], [74.976849, 42.926477], [75.066146, 42.902602], [75.178594, 42.84966], [75.496611, 42.823925], [75.555936, 42.825217], [75.620428, 42.805295], [75.646163, 42.806096], [75.703833, 42.830488], [75.73825, 42.861571], [75.770599, 42.92565], [75.797161, 42.936192], [75.858966, 42.939809], [75.999113, 42.91764], [76.064535, 42.93397], [76.163754, 42.921154], [76.254498, 42.921154], [76.340487, 42.901672], [76.382965, 42.910069], [76.414074, 42.885497], [76.48053, 42.916968], [76.58502, 42.894799], [76.644345, 42.911129], [76.707907, 42.913661], [76.74625, 42.928879], [76.753899, 42.940765], [76.792966, 42.943065], [76.83348, 42.971745], [76.897662, 42.974536], [76.956884, 42.988514], [77.124005, 42.958904], [77.178679, 42.913196], [77.328127, 42.897564], [77.418561, 42.922239], [77.501553, 42.914539], [77.557777, 42.888133], [77.647797, 42.909501], [77.71384, 42.907589], [77.781226, 42.895626], [77.809958, 42.871286], [77.883855, 42.893223], [77.929331, 42.885006], [77.986175, 42.860202], [78.030616, 42.854672], [78.229777, 42.865007], [78.31122, 42.850512], [78.38553, 42.878237], [78.429559, 42.880665], [78.496118, 42.875601], [78.594303, 42.850228], [78.687114, 42.804598], [78.807933, 42.79558], [78.888135, 42.771215], [78.954281, 42.768424], [78.992935, 42.757133], [79.030866, 42.756151], [79.108794, 42.785348], [79.148274, 42.790981], [79.173389, 42.785632], [79.180831, 42.77553], [79.176076, 42.713931], [79.206359, 42.656467], [79.242119, 42.629776], [79.321287, 42.602181], [79.353016, 42.577299], [79.398388, 42.496942], [79.425673, 42.469605], [79.47642, 42.453973], [79.571918, 42.449529], [79.696458, 42.459838], [79.917943, 42.42444], [79.960111, 42.403511], [80.0, 42.36207591472868], [80.0, 42.02264257558038], [79.930862, 42.023276]], [[71.706868, 39.956115], [71.681753, 39.955082], [71.665527, 39.940199], [71.696843, 39.913844], [71.741801, 39.90077], [71.757304, 39.903095], [71.789757, 39.979318], [71.78552, 39.989705], [71.706868, 39.956115]], [[71.078844, 40.07864], [71.031199, 40.146905], [71.008564, 40.157757], [70.977145, 40.144579], [70.954046, 40.095797], [70.958438, 40.063085], [70.98314, 40.021383], [70.994509, 40.008877], [71.045823, 39.99203], [71.050371, 39.962885], [71.007634, 39.911157], [71.009288, 39.885732], [71.021897, 39.880823], [71.060964, 39.904129], [71.079981, 39.903405], [71.098895, 39.8755], [71.208449, 39.888781], [71.219094, 39.900925], [71.221058, 39.931724], [71.17703, 39.968156], [71.174704, 39.993994], [71.237284, 40.031098], [71.244002, 40.046756], [71.223745, 40.057866], [71.176926, 40.042001], [71.078844, 40.07864]], [[70.483739, 39.882218], [70.490147, 39.850179], [70.537379, 39.817312], [70.581614, 39.766566], [70.63298, 39.79845], [70.70481, 39.822067], [70.698919, 39.858447], [70.619906, 39.850695], [70.483739, 39.882218]]]}}, {"type": "Feature", "properties": {"name": "Iran"}, "geometry": {"type": "Polygon", "coordinates": [[[60.019209, 37.025803], [60.132588, 36.873409], [60.238524, 36.769746], [60.309218, 36.651976], [60.34229, 36.637145], [61.075476, 36.64779], [61.165806, 36.636318], [61.187614, 36.565108], [61.166323, 36.513845], [61.173971, 36.486818], [61.146686, 36.357265], [61.160949, 36.328636], [61.153507, 36.314942], [61.171077, 36.306416], [61.185443, 36.283988], [61.187614, 36.250347], [61.205494, 36.221098], [61.224717, 36.123688], [61.207251, 36.099503], [61.198156, 36.060797], [61.173971, 36.048033], [61.173971, 36.006485], [61.129839, 35.970519], [61.188337, 35.953569], [61.221823, 35.924527], [61.241047, 35.893883], [61.255516, 35.82536], [61.249729, 35.786706], [61.256343, 35.769497], [61.249729, 35.722472], [61.229161, 35.698597], [61.231745, 35.671881], [61.277014, 35.609197], [61.290036, 35.548064], [61.283835, 35.52729], [61.247041, 35.48507], [61.221823, 35.424247], [61.195055, 35.390089], [61.195055, 35.318104], [61.187097, 35.300379], [61.167873, 35.291387], [61.122708, 35.287666], [61.108342, 35.277951], [61.101624, 35.235318], [61.112373, 35.202038], [61.096353, 35.193202], [61.139865, 35.139665], [61.136764, 35.111191], [61.147306, 35.102096], [61.115887, 35.059877], [61.088912, 34.951925], [61.074752, 34.933114], [61.077749, 34.88304], [61.06545, 34.814724], [61.034755, 34.806249], [61.00964, 34.76098], [60.959927, 34.723205], [60.961994, 34.67375], [60.957964, 34.649411], [60.947525, 34.63799], [60.895435, 34.628327], [60.838488, 34.570914], [60.794046, 34.554119], [60.739269, 34.548022], [60.714361, 34.537428], [60.699685, 34.516396], [60.718908, 34.51115], [60.742783, 34.473452], [60.77937, 34.455081], [60.890474, 34.318914], [60.643667, 34.306641], [60.650592, 34.28535], [60.587443, 34.250262], [60.552407, 34.220057], [60.520884, 34.186131], [60.492772, 34.139028], [60.486778, 34.094277], [60.528016, 33.84145], [60.525845, 33.80215], [60.494943, 33.744117], [60.486881, 33.71138], [60.511789, 33.638387], [60.574834, 33.587796], [60.655553, 33.559891], [60.846032, 33.555782], [60.895125, 33.541132], [60.92086, 33.514105], [60.912075, 33.501522], [60.849856, 33.494365], [60.832183, 33.484495], [60.829082, 33.416282], [60.757046, 33.366337], [60.5676, 33.151285], [60.561502, 33.137307], [60.562949, 33.058268], [60.577522, 32.994344], [60.752291, 32.494581], [60.830323, 32.248885], [60.828256, 32.167443], [60.81482, 32.087862], [60.774926, 32.027194], [60.792599, 32.011277], [60.784021, 31.989263], [60.796733, 31.93676], [60.791462, 31.826534], [60.805311, 31.733981], [60.792599, 31.660084], [60.821744, 31.494668], [60.855024, 31.482731], [61.661176, 31.38191], [61.686911, 31.373177], [61.742308, 31.32088], [61.749233, 31.30238], [61.742722, 31.239541], [61.78768, 31.158616], [61.791814, 31.118929], [61.821477, 31.054488], [61.826438, 31.014956], [61.800186, 30.961419], [61.808351, 30.881424], [61.799876, 30.871502], [61.802253, 30.847059], [60.98175325021641, 30.0], [60.0, 30.0], [60.0, 37.03245262272728], [60.019209, 37.025803]]]}}, {"type": "Feature", "properties": {"name": "Pakistan"}, "geometry": {"type": "Polygon", "coordinates": [[[75.987434, 36.421189], [75.968623, 36.341814], [75.96883, 36.301971], [76.011928, 36.248124], [76.014409, 36.230399], [75.97007, 36.202339], [75.977408, 36.173762], [75.971517, 36.155004], [75.901444, 36.113611], [75.894313, 36.097384], [75.899997, 36.063485], [75.922321, 36.031652], [75.953017, 36.007261], [75.984333, 35.995633], [76.061434, 35.991603], [76.08996, 35.978115], [76.114661, 35.941787], [76.138122, 35.826652], [76.166027, 35.806239], [76.260389, 35.817815], [76.311962, 35.80965], [76.348859, 35.830992], [76.403119, 35.830992], [76.432058, 35.8605], [76.500167, 35.871507], [76.537168, 35.902513], [76.555461, 35.897862], [76.56528, 35.865461], [76.55112, 35.784018], [76.570757, 35.751256], [76.676694, 35.71379], [76.709043, 35.69405], [76.745424, 35.655034], [76.777351, 35.646112], [77.048971, 35.110442], [77.023133, 35.086335], [77.035225, 35.034503], [77.02861, 35.003394], [77.013108, 34.986393], [76.921123, 34.920712], [76.852601, 34.943346], [76.782011, 34.930892], [76.757619, 34.915131], [76.749558, 34.892083], [76.753278, 34.83834], [76.743873, 34.819271], [76.63959, 34.741136], [76.535824, 34.726202], [76.476499, 34.757776], [76.438156, 34.762892], [76.262042, 34.684654], [76.154969, 34.661658], [76.121792, 34.660883], [76.058334, 34.683414], [76.023401, 34.677161], [75.973378, 34.622332], [75.939271, 34.612049], [75.873952, 34.571379], [75.795818, 34.507921], [75.777111, 34.503812], [75.713652, 34.508515], [75.655568, 34.496965], [75.611643, 34.49836], [75.348093, 34.55722], [75.267478, 34.598303], [75.236885, 34.631892], [75.212907, 34.644967], [75.017777, 34.629722], [74.66493, 34.688323], [74.412129, 34.764494], [74.348877, 34.773434], [74.285832, 34.768887], [74.221753, 34.747751], [74.120881, 34.690855], [73.962234, 34.668169], [73.919343, 34.642538], [73.925957, 34.564971], [73.910971, 34.544973], [73.863119, 34.517067], [73.846996, 34.49433], [73.840381, 34.44441], [73.79625, 34.418546], [73.779817, 34.396067], [73.774856, 34.370952], [73.78271, 34.346819], [73.804208, 34.327492], [73.8533, 34.307416], [73.93774, 34.304212], [73.95438, 34.287185], [73.990553, 34.218507], [73.998304, 34.196803], [73.995411, 34.176442], [73.916862, 34.135256], [73.893298, 34.11474], [73.88441, 34.0842], [73.893711, 34.054305], [73.916242, 34.02795], [73.945801, 34.009786], [73.976704, 34.004592], [74.04502, 34.019423], [74.118401, 34.002525], [74.228368, 34.012886], [74.259684, 33.994386], [74.272293, 33.96214], [74.262474, 33.929946], [74.23953, 33.901007], [74.177518, 33.857547], [74.142275, 33.84424], [74.034581, 33.828608], [74.011327, 33.81047], [73.966162, 33.734531], [73.960787, 33.692286], [73.976704, 33.648387], [74.141552, 33.549374], [74.157778, 33.494236], [74.136281, 33.418013], [74.095973, 33.328484], [74.071995, 33.302284], [74.001715, 33.270167], [73.991793, 33.252571], [73.988486, 33.20862], [74.002335, 33.177692], [74.098453, 33.104828], [74.153851, 33.040181], [74.190851, 33.022094], [74.283972, 33.008813], [74.311257, 32.994292], [74.322006, 32.972045], [74.336682, 32.870139], [74.333788, 32.849262], [74.306503, 32.809911], [74.329344, 32.776424], [74.34619, 32.76689], [74.367688, 32.763531], [74.438691, 32.785984], [74.500909, 32.746013], [74.573773, 32.75255], [74.614081, 32.770404], [74.635888, 32.82208], [74.653562, 32.837428], [74.671752, 32.840581], [74.685291, 32.831227], [74.689115, 32.808825], [74.682294, 32.787328], [74.649738, 32.723146], [74.656042, 32.64067], [74.629584, 32.588089], [74.662553, 32.498379], [74.689322, 32.471352], [74.724978, 32.46081], [74.83815, 32.474866], [74.906983, 32.445178], [75.023668, 32.466262], [75.054881, 32.455539], [75.125988, 32.411744], [75.196164, 32.3973], [75.230167, 32.380195], [75.326906, 32.312473], [75.35295, 32.284387], [75.359048, 32.261675], [75.31657, 32.210748], [75.294659, 32.148892], [75.249908, 32.148892], [75.195751, 32.128634], [75.173116, 32.109721], [75.17415, 32.086828], [75.13839, 32.093494], [75.102113, 32.078095], [75.040825, 32.09799], [75.022635, 32.094683], [75.030179, 32.066416], [74.986151, 32.063212], [74.955662, 32.032206], [74.889103, 32.028899], [74.873186, 32.011691], [74.828641, 32.025437], [74.783683, 31.942858], [74.763012, 31.938982], [74.698417, 31.950247], [74.669995, 31.904152], [74.565608, 31.840538], [74.540804, 31.810876], [74.535119, 31.771137], [74.516206, 31.737392], [74.489437, 31.711192], [74.555583, 31.612232], [74.584522, 31.517509], [74.614598, 31.477821], [74.617181, 31.458908], [74.61191, 31.440201], [74.571603, 31.389248], [74.532225, 31.303207], [74.525094, 31.235407], [74.506387, 31.175411], [74.514862, 31.141821], [74.536773, 31.115156], [74.553103, 31.108955], [74.616975, 31.11526], [74.658833, 31.083789], [74.579458, 31.042706], [74.564265, 31.025032], [74.564058, 31.004362], [74.519306, 30.962452], [74.441585, 30.946174], [74.424325, 30.932325], [74.401277, 30.893103], [74.34247, 30.901939], [74.319215, 30.893413], [74.304022, 30.874034], [74.31136, 30.855947], [74.300198, 30.83817], [74.256687, 30.815278], [74.266712, 30.788354], [74.191161, 30.717041], [74.163669, 30.664899], [74.111476, 30.646244], [74.067448, 30.610536], [74.057112, 30.591571], [74.057526, 30.531367], [74.04409, 30.518655], [74.004402, 30.50894], [73.929265, 30.419075], [73.899913, 30.422124], [73.906114, 30.394838], [73.887614, 30.396544], [73.85175, 30.372669], [73.842345, 30.35298], [73.891644, 30.329778], [73.934639, 30.261048], [73.948902, 30.217278], [73.944354, 30.188288], [73.778266, 30.067313], [73.739716, 30.048451], [73.557815, 30.012536], [73.52700515777182, 30.0], [66.28353427712325, 30.0], [66.225239, 30.04442], [66.219296, 30.057856], [66.236349, 30.1116], [66.305286, 30.24477], [66.303012, 30.305283], [66.321822, 30.437368], [66.313761, 30.478296], [66.281928, 30.518138], [66.264926, 30.557826], [66.267975, 30.601389], [66.366264, 30.922868], [66.392309, 30.944624], [66.550025, 30.976973], [66.663093, 31.083117], [66.696993, 31.195823], [66.721281, 31.210292], [66.759522, 31.214788], [66.838483, 31.277007], [66.943283, 31.314731], [67.002091, 31.315867], [67.016818, 31.309149], [67.025965, 31.273028], [67.015268, 31.244657], [67.035267, 31.235924], [67.078468, 31.232048], [67.136759, 31.241092], [67.213757, 31.212256], [67.346204, 31.20776], [67.433899, 31.236079], [67.583657, 31.265225], [67.692798, 31.325221], [67.764731, 31.334058], [67.775067, 31.352764], [67.770364, 31.394674], [67.734294, 31.404751], [67.651147, 31.395294], [67.611459, 31.410797], [67.59699, 31.42568], [67.591099, 31.464799], [67.556114, 31.512186], [67.568981, 31.52986], [67.696312, 31.520816], [67.781165, 31.564173], [67.842711, 31.623497], [67.870668, 31.635176], [67.914696, 31.631352], [67.966063, 31.638225], [67.994071, 31.663443], [68.046575, 31.688403], [68.060476, 31.725558], [68.093497, 31.751551], [68.138559, 31.824674], [68.159126, 31.825914], [68.206823, 31.807879], [68.255037, 31.766383], [68.356065, 31.762507], [68.49802, 31.725248], [68.5498, 31.753515], [68.540601, 31.762507], [68.439574, 31.766589], [68.422211, 31.773152], [68.418748, 31.783022], [68.481484, 31.815682], [68.527476, 31.822968], [68.61946, 31.783487], [68.675787, 31.774702], [68.694907, 31.756357], [68.705449, 31.70127], [68.77728, 31.618588], [68.803841, 31.602568], [68.843529, 31.606496], [68.94099, 31.643651], [68.977267, 31.641481], [69.040106, 31.673107], [69.114313, 31.737754], [69.223764, 31.881931], [69.29885, 31.93769], [69.302157, 31.959911], [69.270634, 32.035978], [69.251049, 32.13065], [69.268102, 32.301337], [69.228001, 32.421304], [69.232859, 32.462671], [69.251566, 32.50055], [69.281952, 32.532796], [69.361223, 32.568478], [69.426025, 32.655088], [69.429126, 32.667361], [69.414657, 32.725575], [69.383237, 32.744462], [69.376313, 32.771877], [69.477288, 32.856833], [69.48721, 32.885875], [69.468503, 32.994292], [69.487727, 33.028373], [69.514185, 33.056691], [69.547517, 33.075011], [69.640689, 33.084235], [69.667768, 33.077], [69.732983, 33.109298], [69.771844, 33.114776], [69.838713, 33.086664], [69.880933, 33.089248], [69.955812, 33.127695], [69.994725, 33.127333], [70.014517, 33.140769], [70.048003, 33.194073], [70.105364, 33.18981], [70.124794, 33.199034], [70.294448, 33.318949], [70.301579, 33.35179], [70.285715, 33.382873], [70.233005, 33.432612], [70.220447, 33.456021], [70.177607, 33.47341], [70.154973, 33.506612], [70.153009, 33.544749], [70.173473, 33.607872], [70.174093, 33.632108], [70.132546, 33.661435], [70.118128, 33.716522], [70.108154, 33.727296], [70.065573, 33.721018], [69.957518, 33.752695], [69.898761, 33.851501], [69.885429, 33.889457], [69.847188, 33.926948], [69.841091, 33.941805], [69.871993, 33.971519], [69.872613, 34.017227], [69.889253, 34.031206], [69.916021, 34.038879], [70.002838, 34.043789], [70.218845, 33.980692], [70.275586, 33.97617], [70.328193, 33.957282], [70.521979, 33.938705], [70.656183, 33.95475], [70.791317, 33.953562], [70.862217, 33.964775], [70.884334, 34.007047], [70.939731, 34.000923], [70.953994, 34.004825], [70.977145, 34.027407], [71.046702, 34.041877], [71.062618, 34.054253], [71.062773, 34.10531], [71.108093, 34.165228], [71.097086, 34.262458], [71.126387, 34.332221], [71.122046, 34.356819], [71.050939, 34.389788], [70.991511, 34.443067], [70.961229, 34.487612], [70.956991, 34.532002], [70.96867, 34.549727], [70.985827, 34.556186], [71.047529, 34.551122], [71.065822, 34.55846], [71.079878, 34.602902], [71.070163, 34.661245], [71.080601, 34.672923], [71.203075, 34.748164], [71.25563, 34.810228], [71.289478, 34.87503], [71.324928, 34.897561], [71.46957, 34.949702], [71.485383, 34.983499], [71.511325, 35.008717], [71.508947, 35.072021], [71.534992, 35.098582], [71.604135, 35.138166], [71.637932, 35.189688], [71.633694, 35.203124], [71.603205, 35.223381], [71.529825, 35.300895], [71.531582, 35.327922], [71.562277, 35.360582], [71.61106, 35.395463], [71.622429, 35.429621], [71.587806, 35.470911], [71.581708, 35.493132], [71.59349, 35.549356], [71.584188, 35.564187], [71.512771, 35.596278], [71.492721, 35.609559], [71.483316, 35.62656], [71.519799, 35.683766], [71.502746, 35.719061], [71.475564, 35.741024], [71.464402, 35.794715], [71.416705, 35.858846], [71.371333, 35.885149], [71.360688, 35.90029], [71.356399, 35.933053], [71.341567, 35.947264], [71.257438, 35.971552], [71.23191, 35.99398], [71.170932, 36.027001], [71.165919, 36.045708], [71.207622, 36.087617], [71.223073, 36.125393], [71.302087, 36.163323], [71.31914, 36.200582], [71.382443, 36.218566], [71.479078, 36.300524], [71.55835, 36.327861], [71.542227, 36.356387], [71.547188, 36.371631], [71.580364, 36.402327], [71.61044, 36.457931], [71.649301, 36.452763], [71.706868, 36.421447], [71.736324, 36.395919], [71.751, 36.391113], [71.782626, 36.396539], [71.794408, 36.407598], [71.774564, 36.448422], [71.773221, 36.480048], [71.793788, 36.490745], [71.874713, 36.499065], [71.977033, 36.563041], [72.038838, 36.580456], [72.054961, 36.592858], [72.050413, 36.618645], [72.059095, 36.627119], [72.171646, 36.653629], [72.149632, 36.689338], [72.153456, 36.702102], [72.169682, 36.711352], [72.301974, 36.74272], [72.454109, 36.757964], [72.516741, 36.800597], [72.565214, 36.820596], [72.695852, 36.836719], [72.779361, 36.826797], [72.867727, 36.830415], [72.945862, 36.852222], [72.990511, 36.841577], [73.042497, 36.864263], [73.191842, 36.877027], [73.267496, 36.866536], [73.331782, 36.882091], [73.445883, 36.886483], [73.509342, 36.87868], [73.640083, 36.896638], [73.834077, 36.882866], [73.946938, 36.83088], [74.035305, 36.815583], [74.094319, 36.831241], [74.103931, 36.841318], [74.1153, 36.889532], [74.129666, 36.898421], [74.211728, 36.895139], [74.235706, 36.902167], [74.394043, 36.994022], [74.43559, 37.003221], [74.476622, 36.999319], [74.521373, 36.958495], [74.537393, 36.962241], [74.549279, 37.008931], [74.542354, 37.021669], [74.66245, 37.054484], [74.677953, 37.051693], [74.719191, 37.01645], [74.792571, 37.015158], [74.824507, 36.994125], [74.860887, 36.946893], [74.87236, 36.907102], [74.885796, 36.911443], [74.900782, 36.949916], [74.924966, 36.970871], [74.976849, 36.984281], [75.100149, 36.994125], [75.132809, 36.984695], [75.195131, 36.948883], [75.351297, 36.915784], [75.377962, 36.894287], [75.394498, 36.864263], [75.410518, 36.747319], [75.431912, 36.722928], [75.49258, 36.720705], [75.50798, 36.747629], [75.570508, 36.766749], [75.64978, 36.754037], [75.728741, 36.723186], [75.790547, 36.687839], [75.874779, 36.619471], [75.976582, 36.462633], [75.987434, 36.421189]]]}}, {"type": "Feature", "properties": {"name": "Afghanistan"}, "geometry": {"type": "Polygon", "coordinates": [[[74.549279, 37.008931], [74.537393, 36.962241], [74.521373, 36.958495], [74.480342, 36.996916], [74.456984, 37.004383], [74.394043, 36.994022], [74.235706, 36.902167], [74.211728, 36.895139], [74.129666, 36.898421], [74.1153, 36.889532], [74.103931, 36.841318], [74.094319, 36.831241], [74.035305, 36.815583], [73.946938, 36.83088], [73.865083, 36.872582], [73.772892, 36.892013], [73.640083, 36.896638], [73.509342, 36.87868], [73.445883, 36.886483], [73.331782, 36.882091], [73.267496, 36.866536], [73.191842, 36.877027], [73.042497, 36.864263], [72.990511, 36.841577], [72.945862, 36.852222], [72.867727, 36.830415], [72.629602, 36.832947], [72.565214, 36.820596], [72.516741, 36.800597], [72.454109, 36.757964], [72.387343, 36.755794], [72.213607, 36.726442], [72.153456, 36.702102], [72.149632, 36.689338], [72.171646, 36.653629], [72.059095, 36.627119], [72.050413, 36.618645], [72.054961, 36.592858], [72.038838, 36.580456], [71.977033, 36.563041], [71.874713, 36.499065], [71.793788, 36.490745], [71.773221, 36.480048], [71.774564, 36.448422], [71.794408, 36.407598], [71.782626, 36.396539], [71.751, 36.391113], [71.736324, 36.395919], [71.706868, 36.421447], [71.649301, 36.452763], [71.61044, 36.457931], [71.580364, 36.402327], [71.547188, 36.371631], [71.542227, 36.356387], [71.55835, 36.327861], [71.479078, 36.300524], [71.402752, 36.231381], [71.382443, 36.218566], [71.31914, 36.200582], [71.302087, 36.163323], [71.223073, 36.125393], [71.207622, 36.087617], [71.165919, 36.045708], [71.170932, 36.027001], [71.23191, 35.99398], [71.257438, 35.971552], [71.341567, 35.947264], [71.356399, 35.933053], [71.360688, 35.90029], [71.371333, 35.885149], [71.431019, 35.843705], [71.470914, 35.779936], [71.475564, 35.741024], [71.515355, 35.701491], [71.519799, 35.683766], [71.514012, 35.665576], [71.483316, 35.62656], [71.492721, 35.609559], [71.567859, 35.574212], [71.59349, 35.549356], [71.581708, 35.493132], [71.587806, 35.470911], [71.622429, 35.429621], [71.620879, 35.410139], [71.531582, 35.327922], [71.529825, 35.300895], [71.603205, 35.223381], [71.633694, 35.203124], [71.637932, 35.189688], [71.604135, 35.138166], [71.534992, 35.098582], [71.508947, 35.072021], [71.511325, 35.008717], [71.485383, 34.983499], [71.46957, 34.949702], [71.324928, 34.897561], [71.289478, 34.87503], [71.25563, 34.810228], [71.203075, 34.748164], [71.080601, 34.672923], [71.070163, 34.661245], [71.079878, 34.602902], [71.065822, 34.55846], [71.047529, 34.551122], [70.985827, 34.556186], [70.96867, 34.549727], [70.956991, 34.532002], [70.961229, 34.487612], [70.991511, 34.443067], [71.050939, 34.389788], [71.122046, 34.356819], [71.126387, 34.332221], [71.097086, 34.262458], [71.108093, 34.165228], [71.062773, 34.10531], [71.062618, 34.054253], [71.046702, 34.041877], [70.977145, 34.027407], [70.953994, 34.004825], [70.939731, 34.000923], [70.884334, 34.007047], [70.862217, 33.964775], [70.791317, 33.953562], [70.656183, 33.95475], [70.521979, 33.938705], [70.328193, 33.957282], [70.275586, 33.97617], [70.218845, 33.980692], [70.002838, 34.043789], [69.916021, 34.038879], [69.889253, 34.031206], [69.872613, 34.017227], [69.871993, 33.971519], [69.841091, 33.941805], [69.847188, 33.926948], [69.885429, 33.889457], [69.898761, 33.851501], [69.957518, 33.752695], [70.065573, 33.721018], [70.108154, 33.727296], [70.118128, 33.716522], [70.132546, 33.661435], [70.174093, 33.632108], [70.173473, 33.607872], [70.153009, 33.544749], [70.154973, 33.506612], [70.177607, 33.47341], [70.220447, 33.456021], [70.233005, 33.432612], [70.285715, 33.382873], [70.301579, 33.35179], [70.294448, 33.318949], [70.124794, 33.199034], [70.105364, 33.18981], [70.048003, 33.194073], [70.014517, 33.140769], [69.994725, 33.127333], [69.955812, 33.127695], [69.880933, 33.089248], [69.838713, 33.086664], [69.771844, 33.114776], [69.732983, 33.109298], [69.667768, 33.077], [69.640689, 33.084235], [69.547517, 33.075011], [69.514185, 33.056691], [69.487727, 33.028373], [69.468503, 32.994292], [69.48721, 32.885875], [69.477288, 32.856833], [69.376313, 32.771877], [69.383237, 32.744462], [69.414657, 32.725575], [69.429126, 32.667361], [69.426025, 32.655088], [69.361223, 32.568478], [69.281952, 32.532796], [69.251566, 32.50055], [69.232859, 32.462671], [69.228001, 32.421304], [69.268102, 32.301337], [69.251049, 32.13065], [69.270634, 32.035978], [69.302157, 31.959911], [69.29885, 31.93769], [69.223764, 31.881931], [69.114313, 31.737754], [69.040106, 31.673107], [68.977267, 31.641481], [68.94099, 31.643651], [68.843529, 31.606496], [68.803841, 31.602568], [68.77728, 31.618588], [68.705449, 31.70127], [68.694907, 31.756357], [68.675787, 31.774702], [68.61946, 31.783487], [68.527476, 31.822968], [68.481484, 31.815682], [68.418748, 31.783022], [68.422211, 31.773152], [68.439574, 31.766589], [68.540601, 31.762507], [68.5498, 31.753515], [68.49802, 31.725248], [68.356065, 31.762507], [68.255037, 31.766383], [68.206823, 31.807879], [68.159126, 31.825914], [68.138559, 31.824674], [68.093497, 31.751551], [68.060476, 31.725558], [68.046575, 31.688403], [67.994071, 31.663443], [67.966063, 31.638225], [67.914696, 31.631352], [67.870668, 31.635176], [67.842711, 31.623497], [67.781165, 31.564173], [67.696312, 31.520816], [67.568981, 31.52986], [67.556114, 31.512186], [67.591099, 31.464799], [67.59699, 31.42568], [67.611459, 31.410797], [67.651147, 31.395294], [67.734294, 31.404751], [67.770364, 31.394674], [67.775067, 31.352764], [67.764731, 31.334058], [67.692798, 31.325221], [67.583657, 31.265225], [67.433899, 31.236079], [67.346204, 31.20776], [67.213757, 31.212256], [67.136759, 31.241092], [67.078468, 31.232048], [67.035267, 31.235924], [67.015268, 31.244657], [67.025965, 31.273028], [67.016818, 31.309149], [67.002091, 31.315867], [66.943283, 31.314731], [66.838483, 31.277007], [66.759522, 31.214788], [66.721281, 31.210292], [66.696993, 31.195823], [66.663093, 31.083117], [66.550025, 30.976973], [66.392309, 30.944624], [66.366264, 30.922868], [66.267975, 30.601389], [66.264926, 30.557826], [66.281928, 30.518138], [66.313761, 30.478296], [66.321822, 30.437368], [66.303012, 30.305283], [66.305286, 30.24477], [66.236349, 30.1116], [66.219296, 30.057856], [66.225239, 30.04442], [66.28353427712325, 30.0], [60.98175325021641, 30.0], [61.802253, 30.847059], [61.799876, 30.871502], [61.808351, 30.881424], [61.800186, 30.961419], [61.826438, 31.014956], [61.821477, 31.054488], [61.791814, 31.118929], [61.78768, 31.158616], [61.742722, 31.239541], [61.749233, 31.30238], [61.742308, 31.32088], [61.686911, 31.373177], [61.661176, 31.38191], [60.855024, 31.482731], [60.821744, 31.494668], [60.792599, 31.660084], [60.805311, 31.733981], [60.791462, 31.826534], [60.796733, 31.93676], [60.784021, 31.989263], [60.792599, 32.011277], [60.774926, 32.027194], [60.81482, 32.087862], [60.828256, 32.167443], [60.830323, 32.248885], [60.752291, 32.494581], [60.577522, 32.994344], [60.562949, 33.058268], [60.561502, 33.137307], [60.5676, 33.151285], [60.757046, 33.366337], [60.829082, 33.416282], [60.832183, 33.484495], [60.849856, 33.494365], [60.912075, 33.501522], [60.92086, 33.514105], [60.895125, 33.541132], [60.846032, 33.555782], [60.655553, 33.559891], [60.574834, 33.587796], [60.511789, 33.638387], [60.486881, 33.71138], [60.494943, 33.744117], [60.525845, 33.80215], [60.528016, 33.84145], [60.486778, 34.094277], [60.492772, 34.139028], [60.520884, 34.186131], [60.552407, 34.220057], [60.587443, 34.250262], [60.650592, 34.28535], [60.643667, 34.306641], [60.890474, 34.318914], [60.77937, 34.455081], [60.742783, 34.473452], [60.718908, 34.51115], [60.699685, 34.516396], [60.714361, 34.537428], [60.739269, 34.548022], [60.794046, 34.554119], [60.838488, 34.570914], [60.895435, 34.628327], [60.947525, 34.63799], [60.957964, 34.649411], [60.961994, 34.67375], [60.959927, 34.723205], [61.00964, 34.76098], [61.034755, 34.806249], [61.06545, 34.814724], [61.077749, 34.88304], [61.074752, 34.933114], [61.088912, 34.951925], [61.115887, 35.059877], [61.147306, 35.102096], [61.136764, 35.111191], [61.139865, 35.139665], [61.096353, 35.193202], [61.112373, 35.202038], [61.102347, 35.225603], [61.102451, 35.25666], [61.108342, 35.277951], [61.122708, 35.287666], [61.167873, 35.291387], [61.187097, 35.300379], [61.195055, 35.318104], [61.195055, 35.390089], [61.221823, 35.424247], [61.247041, 35.48507], [61.283835, 35.52729], [61.290036, 35.548064], [61.269676, 35.618499], [61.351531, 35.627801], [61.360936, 35.621031], [61.351531, 35.60713], [61.383467, 35.586459], [61.380263, 35.567339], [61.393182, 35.553593], [61.427702, 35.542845], [61.538703, 35.452307], [61.604746, 35.430603], [61.739621, 35.413757], [61.799049, 35.417478], [61.919352, 35.451842], [61.977746, 35.450912], [62.00746, 35.438923], [62.136341, 35.341358], [62.2337, 35.293764], [62.251218, 35.260381], [62.25096, 35.202349], [62.286203, 35.140647], [62.302016, 35.14752], [62.399323, 35.255937], [62.431879, 35.280638], [62.458905, 35.281879], [62.53549, 35.22736], [62.566186, 35.230771], [62.60453, 35.219402], [62.69362, 35.248392], [62.760489, 35.302446], [62.827565, 35.329318], [62.918206, 35.388177], [62.985282, 35.414584], [63.066827, 35.425591], [63.080211, 35.437063], [63.100727, 35.524964], [63.077369, 35.558761], [63.076646, 35.6247], [63.103156, 35.646042], [63.179895, 35.666455], [63.207697, 35.683198], [63.214415, 35.699269], [63.17726, 35.716891], [63.112044, 35.769911], [63.084397, 35.826083], [63.088634, 35.843395], [63.104086, 35.856469], [63.342934, 35.856262], [63.430216, 35.871042], [63.511089, 35.901841], [63.563438, 35.950623], [63.582093, 35.959047], [63.765906, 35.977288], [63.889826, 36.029637], [63.949977, 36.028861], [64.045114, 35.998734], [64.036225, 36.076404], [64.057258, 36.105239], [64.158698, 36.160275], [64.195905, 36.165907], [64.266134, 36.152471], [64.303651, 36.211538], [64.33724, 36.225955], [64.444572, 36.249985], [64.477697, 36.271637], [64.576657, 36.389615], [64.594382, 36.424186], [64.610505, 36.500926], [64.588801, 36.600454], [64.604821, 36.660554], [64.765225, 36.904622], [64.778764, 36.93847], [64.755613, 37.053631], [64.76016, 37.092621], [64.778764, 37.118046], [64.989087, 37.213673], [65.063088, 37.233232], [65.501407, 37.242276], [65.536857, 37.257107], [65.624087, 37.345138], [65.628893, 37.387538], [65.620986, 37.430404], [65.635766, 37.474096], [65.65871, 37.51027], [65.681034, 37.526393], [65.739429, 37.529054], [65.752658, 37.537865], [65.761443, 37.578379], [65.804334, 37.565305], [65.829087, 37.525618], [65.855184, 37.507944], [66.079666, 37.440868], [66.142918, 37.385058], [66.163072, 37.376893], [66.218469, 37.3748], [66.294434, 37.331211], [66.320685, 37.329144], [66.413496, 37.349633], [66.451065, 37.322943], [66.539018, 37.36909], [66.588576, 37.36847], [66.65467, 37.346145], [66.694099, 37.343406], [66.734975, 37.363302], [66.865768, 37.367927], [66.957649, 37.385213], [67.005915, 37.384386], [67.097382, 37.34059], [67.123324, 37.281963], [67.187816, 37.258244], [67.20797, 37.243464], [67.236753, 37.192408], [67.259129, 37.185147], [67.319591, 37.208428], [67.391163, 37.21959], [67.482371, 37.277364], [67.503145, 37.281963], [67.526141, 37.272894], [67.545003, 37.231527], [67.561385, 37.2199], [67.592287, 37.247185], [67.633163, 37.254058], [67.677502, 37.233542], [67.746593, 37.229408], [67.775997, 37.207549], [67.780544, 37.188868], [67.773051, 37.109984], [67.808036, 37.083241], [67.87811, 37.064431], [67.918417, 37.013814], [67.961825, 36.98994], [68.02022, 36.92568], [68.054946, 36.934646], [68.186411, 37.01831], [68.212559, 37.021256], [68.277775, 37.010068], [68.288317, 37.024408], [68.280772, 37.086652], [68.288317, 37.103214], [68.307282, 37.114221], [68.391877, 37.105437], [68.411462, 37.113369], [68.418025, 37.128277], [68.403711, 37.151635], [68.523858, 37.164658], [68.551453, 37.192615], [68.626901, 37.206257], [68.648605, 37.244369], [68.671239, 37.247185], [68.657545, 37.267675], [68.668862, 37.278294], [68.759606, 37.275245], [68.820378, 37.250906], [68.822031, 37.281963], [68.810197, 37.312091], [68.813815, 37.323408], [68.835829, 37.329144], [68.856758, 37.324906], [68.890296, 37.281963], [68.915824, 37.279069], [68.917633, 37.302427], [68.890296, 37.322943], [68.887867, 37.338135], [68.965433, 37.329144], [68.985225, 37.320359], [69.021037, 37.287958], [69.035765, 37.251577], [69.096433, 37.213027], [69.123615, 37.169205], [69.245675, 37.103886], [69.312079, 37.117477], [69.407732, 37.177473], [69.442148, 37.223621], [69.445197, 37.23641], [69.409851, 37.245661], [69.417912, 37.267675], [69.386441, 37.34152], [69.391196, 37.370692], [69.377036, 37.380665], [69.37838, 37.437406], [69.384478, 37.453271], [69.411711, 37.47252], [69.425405, 37.49425], [69.491448, 37.536986], [69.508656, 37.578973], [69.528655, 37.586027], [69.664977, 37.576157], [69.754274, 37.596673], [69.80223, 37.581506], [69.895247, 37.61817], [69.918812, 37.617137], [69.955399, 37.575485], [69.989505, 37.56732], [70.007592, 37.548846], [70.129135, 37.532284], [70.157867, 37.541431], [70.199415, 37.579284], [70.216468, 37.617137], [70.248301, 37.623338], [70.253572, 37.654576], [70.275121, 37.675479], [70.283079, 37.704831], [70.269592, 37.762632], [70.275121, 37.774181], [70.256517, 37.791803], [70.247164, 37.819166], [70.240343, 37.827563], [70.196004, 37.839914], [70.165205, 37.889911], [70.160503, 37.920658], [70.17213, 37.946083], [70.214711, 37.929262], [70.26153, 37.939287], [70.250161, 37.955617], [70.253934, 37.973394], [70.283751, 37.981869], [70.293776, 37.996106], [70.326281, 38.011273], [70.415371, 38.094523], [70.470303, 38.120517], [70.547197, 38.262653], [70.583061, 38.275081], [70.5966, 38.309187], [70.600011, 38.347066], [70.641352, 38.354197], [70.68476, 38.38665], [70.664865, 38.405409], [70.683313, 38.414581], [70.741811, 38.419439], [70.761086, 38.44352], [70.777261, 38.446466], [70.843045, 38.440161], [70.871002, 38.45321], [70.936217, 38.433004], [70.946759, 38.443236], [70.943452, 38.465948], [70.950739, 38.473053], [70.998229, 38.465664], [71.049802, 38.408664], [71.076984, 38.412178], [71.117395, 38.398639], [71.217699, 38.325827], [71.334384, 38.280662], [71.358156, 38.251258], [71.364512, 38.206816], [71.359086, 38.184105], [71.302397, 38.04233], [71.272631, 37.997992], [71.255785, 37.949881], [71.258265, 37.926472], [71.281829, 37.924999], [71.341154, 37.893295], [71.379188, 37.912932], [71.501196, 37.946212], [71.537059, 37.944455], [71.567342, 37.928074], [71.597727, 37.89836], [71.590286, 37.891435], [71.590286, 37.815729], [71.57468, 37.798004], [71.537783, 37.779039], [71.529515, 37.761133], [71.542537, 37.719559], [71.522073, 37.637626], [71.501506, 37.610341], [71.497165, 37.566545], [71.511221, 37.485878], [71.48714, 37.409087], [71.493858, 37.307543], [71.487037, 37.267055], [71.45014, 37.21667], [71.453757, 37.192615], [71.43319, 37.127347], [71.431123, 37.066989], [71.459958, 37.010739], [71.463059, 36.948082], [71.528481, 36.856149], [71.552872, 36.769591], [71.577367, 36.733263], [71.61106, 36.704841], [71.653021, 36.687012], [71.748519, 36.678641], [71.836576, 36.699156], [72.126687, 36.872738], [72.152836, 36.895708], [72.186839, 36.911392], [72.220325, 36.94555], [72.259806, 36.967305], [72.405947, 37.007665], [72.474987, 36.997484], [72.50868, 37.011075], [72.657714, 37.028826], [72.760964, 37.187499], [72.79073, 37.220262], [72.83052, 37.239769], [72.902247, 37.2538], [72.924262, 37.274832], [72.995575, 37.3093], [73.067509, 37.315062], [73.087766, 37.326069], [73.132104, 37.384386], [73.170241, 37.40826], [73.211479, 37.40826], [73.260262, 37.450041], [73.296332, 37.464949], [73.345011, 37.464484], [73.378394, 37.452547], [73.440612, 37.479936], [73.485261, 37.480969], [73.6745, 37.43105], [73.753462, 37.428388], [73.739096, 37.338342], [73.690416, 37.305218], [73.630988, 37.295993], [73.597295, 37.261809], [73.601636, 37.24088], [73.617656, 37.233181], [73.680494, 37.242457], [73.709227, 37.217006], [73.746123, 37.230545], [73.798213, 37.22853], [73.836247, 37.256745], [73.899292, 37.265478], [74.052151, 37.312246], [74.187647, 37.338394], [74.206044, 37.355654], [74.207697, 37.389915], [74.223924, 37.403351], [74.303816, 37.400173], [74.315598, 37.426916], [74.320869, 37.413893], [74.343813, 37.420999], [74.378126, 37.393765], [74.454814, 37.393636], [74.521167, 37.375601], [74.631444, 37.381079], [74.660383, 37.393972], [74.78854, 37.331159], [74.816859, 37.306923], [74.862644, 37.244601], [74.892307, 37.231114], [74.794018, 37.213931], [74.783269, 37.219667], [74.737381, 37.296123], [74.721464, 37.297776], [74.676299, 37.263721], [74.650978, 37.259639], [74.623279, 37.230804], [74.609017, 37.230183], [74.59, 37.243361], [74.500083, 37.23163], [74.487267, 37.225946], [74.456674, 37.177318], [74.368308, 37.167061], [74.366137, 37.14776], [74.38257, 37.126572], [74.476622, 37.083138], [74.519203, 37.030247], [74.542354, 37.021669], [74.549279, 37.008931]]]}}, {"type": "Feature", "properties": {"name": "Turkmenistan"}, "geometry": {"type": "MultiPolygon", "coordinates": [[[[61.231745, 35.671881], [61.229161, 35.698597], [61.249729, 35.722472], [61.256343, 35.769497], [61.249729, 35.786706], [61.255516, 35.82536], [61.241047, 35.893883], [61.221823, 35.924527], [61.188337, 35.953569], [61.129839, 35.970519], [61.173971, 36.006485], [61.173971, 36.048033], [61.198156, 36.060797], [61.207251, 36.099503], [61.224717, 36.123688], [61.205494, 36.221098], [61.187614, 36.250347], [61.185443, 36.283988], [61.171077, 36.306416], [61.153507, 36.314942], [61.160949, 36.328636], [61.146686, 36.357265], [61.173971, 36.486818], [61.166323, 36.513845], [61.187614, 36.565108], [61.165806, 36.636318], [61.075476, 36.64779], [60.34229, 36.637145], [60.309218, 36.651976], [60.238524, 36.769746], [60.132588, 36.873409], [60.019209, 37.025803], [60.0, 37.03245262272728], [60.0, 41.94442668688041], [60.088766, 41.919355], [60.118221, 41.900441], [60.167521, 41.849591], [60.228912, 41.819619], [60.250823, 41.794272], [60.252684, 41.780061], [60.241108, 41.767064], [60.225398, 41.765462], [60.171345, 41.788406], [60.133724, 41.797295], [60.102408, 41.795279], [60.074917, 41.781043], [60.049182, 41.753499], [60.058277, 41.718592], [60.16473, 41.584956], [60.09259, 41.545476], [60.071713, 41.514366], [60.059207, 41.434165], [60.066132, 41.410497], [60.094244, 41.389516], [60.299916, 41.309831], [60.414534, 41.235262], [60.478096, 41.212111], [60.538144, 41.213248], [60.65886, 41.243789], [60.860295, 41.252987], [60.930265, 41.240223], [60.978014, 41.202809], [61.01026, 41.237226], [61.022766, 41.216865], [61.09966, 41.2241], [61.2026, 41.168806], [61.243217, 41.1563], [61.281355, 41.157282], [61.315874, 41.17046], [61.343986, 41.193817], [61.363003, 41.225185], [61.387498, 41.235779], [61.410752, 41.292003], [61.43318, 41.300323], [61.567332, 41.277792], [61.654355, 41.249421], [61.877907, 41.124984], [61.897441, 41.10881], [61.979297, 40.998842], [61.990252, 40.893164], [61.982707, 40.885671], [62.036812, 40.736326], [62.055726, 40.701754], [62.100064, 40.660413], [62.134171, 40.577834], [62.171378, 40.539956], [62.191842, 40.499028], [62.260933, 40.475722], [62.353279, 40.430402], [62.362581, 40.369682], [62.396532, 40.312011], [62.405059, 40.245245], [62.435754, 40.194189], [62.439682, 40.172898], [62.421595, 40.115072], [62.452808, 40.009239], [62.524586, 39.939734], [62.593161, 39.890228], [63.477551, 39.402919], [63.54101, 39.3561], [63.648497, 39.239518], [63.709268, 39.190891], [64.150585, 38.949458], [64.205982, 38.949458], [64.283394, 38.979689], [64.313573, 38.98248], [64.337344, 38.970956], [64.424315, 38.882951], [64.634897, 38.744148], [64.763364, 38.686012], [64.910539, 38.645343], [64.977718, 38.61227], [65.205301, 38.449644], [65.60414, 38.237409], [65.671629, 38.219684], [65.740204, 38.224076], [65.81436, 38.266193], [65.842885, 38.275339], [65.876681, 38.272962], [65.97745, 38.234567], [66.043493, 38.226195], [66.133565, 38.175294], [66.231078, 38.148784], [66.306939, 38.08039], [66.408328, 38.042847], [66.439438, 38.035457], [66.515919, 38.035096], [66.590385, 38.012978], [66.624336, 37.993832], [66.645782, 37.945902], [66.60904, 37.889187], [66.553643, 37.832007], [66.518813, 37.782708], [66.519123, 37.62525], [66.497212, 37.55789], [66.493491, 37.522207], [66.507134, 37.493837], [66.542687, 37.466758], [66.546615, 37.45079], [66.497005, 37.397744], [66.494835, 37.379425], [66.519588, 37.36418], [66.469927, 37.329764], [66.451065, 37.322943], [66.413496, 37.349633], [66.320685, 37.329144], [66.294434, 37.331211], [66.218469, 37.3748], [66.163072, 37.376893], [66.142918, 37.385058], [66.079666, 37.440868], [65.855184, 37.507944], [65.829087, 37.525618], [65.804334, 37.565305], [65.761443, 37.578379], [65.752658, 37.537865], [65.739429, 37.529054], [65.681034, 37.526393], [65.65871, 37.51027], [65.635766, 37.474096], [65.620986, 37.430404], [65.628893, 37.387538], [65.624087, 37.345138], [65.536857, 37.257107], [65.501407, 37.242276], [65.063088, 37.233232], [64.989087, 37.213673], [64.807909, 37.135512], [64.778764, 37.118046], [64.76016, 37.092621], [64.755613, 37.053631], [64.778764, 36.93847], [64.765225, 36.904622], [64.621357, 36.692593], [64.592005, 36.621073], [64.589008, 36.580249], [64.610505, 36.500926], [64.594382, 36.424186], [64.576657, 36.389615], [64.477697, 36.271637], [64.444572, 36.249985], [64.33724, 36.225955], [64.303651, 36.211538], [64.266134, 36.152471], [64.195905, 36.165907], [64.158698, 36.160275], [64.057258, 36.105239], [64.036225, 36.076404], [64.045114, 35.998734], [63.949977, 36.028861], [63.889826, 36.029637], [63.765906, 35.977288], [63.582093, 35.959047], [63.563438, 35.950623], [63.511089, 35.901841], [63.430216, 35.871042], [63.342934, 35.856262], [63.104086, 35.856469], [63.088634, 35.843395], [63.084397, 35.826083], [63.112044, 35.769911], [63.17726, 35.716891], [63.214415, 35.699269], [63.207697, 35.683198], [63.179895, 35.666455], [63.103156, 35.646042], [63.076646, 35.6247], [63.077369, 35.558761], [63.100727, 35.524964], [63.080211, 35.437063], [63.066827, 35.425591], [62.985282, 35.414584], [62.918206, 35.388177], [62.827565, 35.329318], [62.760489, 35.302446], [62.69362, 35.248392], [62.60453, 35.219402], [62.566186, 35.230771], [62.53549, 35.22736], [62.458905, 35.281879], [62.431879, 35.280638], [62.399323, 35.255937], [62.302016, 35.14752], [62.286203, 35.140647], [62.25096, 35.202349], [62.251218, 35.260381], [62.2337, 35.293764], [62.136341, 35.341358], [62.00746, 35.438923], [61.977746, 35.450912], [61.919352, 35.451842], [61.799049, 35.417478], [61.739621, 35.413757], [61.604746, 35.430603], [61.538703, 35.452307], [61.427702, 35.542845], [61.393182, 35.553593], [61.380263, 35.567339], [61.383467, 35.586459], [61.351531, 35.60713], [61.360936, 35.621031], [61.351531, 35.627801], [61.269676, 35.618499], [61.231745, 35.671881]]], [[[60.028201, 42.199518], [60.040397, 42.18647], [60.036986, 42.169701], [60.0, 42.152982051903244], [60.0, 42.20921362155314], [60.028201, 42.199518]]]]}}, {"type": "Feature", "properties": {"name": "Siachen Glacier"}, "geometry": {"type": "Polygon", "coordinates": [[[76.777351, 35.646112], [76.824592, 35.647799], [76.842989, 35.641288], [76.880506, 35.60067], [76.915026, 35.583152], [77.058169, 35.580103], [77.105298, 35.537987], [77.141265, 35.525378], [77.281102, 35.528013], [77.383731, 35.471996], [77.512199, 35.478456], [77.660613, 35.458095], [77.689655, 35.462694], [77.760349, 35.498093], [77.800346, 35.495406], [77.048971, 35.110442], [76.777351, 35.646112]]]}}, {"type": "Feature", "properties": {"name": "Baikonur"}, "geometry": {"type": "Polygon", "coordinates": [[[63.210488, 45.584376], [63.105946, 45.615615], [63.012929, 45.660005], [62.933864, 45.715945], [62.871025, 45.781703], [62.826893, 45.855703], [62.803639, 45.936164], [62.800642, 45.978332], [62.812527, 46.061427], [62.846479, 46.13889], [62.900274, 46.208964], [62.971484, 46.270019], [63.057835, 46.320378], [63.156899, 46.358412], [63.26635, 46.382441], [63.383914, 46.390839], [63.501477, 46.382441], [63.610928, 46.358412], [63.70994, 46.320378], [63.796343, 46.270019], [63.896699, 46.17496], [63.940934, 46.100986], [63.964085, 46.0205], [63.964085, 45.936164], [63.940934, 45.855703], [63.896699, 45.781703], [63.833964, 45.715945], [63.754899, 45.660005], [63.610928, 45.598251], [63.501477, 45.574222], [63.383914, 45.565824], [63.210488, 45.584376]]]}}]}