{"type": "FeatureCollection", "features": [{"type": "Feature", "properties": {"name": "Sichuan Province", "country": "CHN"}, "geometry": {"type": "Polygon", "coordinates": [[[105.36945876100003, 27.865629813000055], [105.41091206100003, 27.871948014000054], [105.53463082500008, 27.86971601600004], [105.61542675400005, 27.89203391700005], [105.68359831800007, 27.874179963000074], [105.73662064400008, 27.831765037000025], [105.77196886400009, 27.809434727000053], [105.86538915500006, 27.82953221200006], [105.95375970100008, 27.854090751000058], [106.17847337500007, 27.89872839000003], [106.32996573900004, 27.903191141000036], [106.36531395700007, 27.92327124700006], [106.38803781200005, 27.965650332000052], [106.37288857400006, 28.003554360000066], [106.32491599400004, 28.068183402000045], [106.30471701200008, 28.14390590100004], [106.28704290100006, 28.266284877000032], [106.19362261100008, 28.284073770000077], [106.11282668200005, 28.304082722000032], [105.98658304700007, 28.348533589000056], [105.87043889900008, 28.408512753000025], [105.76691911700004, 28.47511645800006], [105.74167039100007, 28.56829112500003], [105.76186937300008, 28.659167840000066], [105.85528966300006, 28.705683976000046], [105.95880944500004, 28.752179441000067], [105.97395868300003, 28.814141204000066], [106.02445613600008, 28.85837705600005], [106.09767744600003, 28.862799607000056], [106.16079926400005, 28.80086678400005], [106.36783882900005, 28.66581426700003], [106.38803781200005, 28.707898516000057], [106.38046319400007, 28.774312869000028], [106.35521446500007, 28.90259409400005], [106.27189366600004, 29.010846213000036], [106.20372210200009, 29.03954715800006], [106.13050079300007, 29.061619376000067], [105.87296377200005, 29.09913130600006], [105.83256580800008, 29.28868790000007], [105.76439424600005, 29.39873390400004], [105.70127242600006, 29.400933611000028], [105.60785213500009, 29.414130857000032], [105.50938209800006, 29.480091376000075], [105.44626027900006, 29.609688523000045], [105.38566333300008, 29.679908940000075], [105.37303897000004, 29.72815704900006], [105.46898413400004, 29.824583675000042], [105.59775264400008, 29.90997503400007], [105.84266529900003, 30.052131357000064], [105.86033940800007, 30.113305166000032], [105.83761555400008, 30.176623842000026], [105.76691911700004, 30.27261589400007], [105.75429475300007, 30.33583211800004], [105.76439424600005, 30.38594012200008], [105.81994144600009, 30.46431847100007], [105.95880944500004, 30.523060884000074], [106.05727948300006, 30.527410764000024], [106.33754035700008, 30.401185287000033], [106.49155759300004, 30.364157187000046], [106.53700530400005, 30.388118147000057], [106.60517686800006, 30.41425067700004], [106.66829868600007, 30.46431847100007], [106.73899512300005, 30.38376204700006], [106.77686821400005, 30.32929439800006], [106.87028850500008, 30.24208313300005], [106.96118392400007, 30.18535426300008], [107.15559912500004, 30.17007551900008], [107.25911890700007, 30.24208313300005], [107.37273818000006, 30.38158392300005], [107.51160618200004, 30.499133071000074], [107.60297501500008, 30.61070051400003], [107.62664569600008, 30.71929072100005], [107.63453592300004, 30.831146428000068], [107.68976751400004, 30.89887442500003], [107.75683444700007, 30.92933640600006], [107.97776081100005, 30.905644593000034], [108.06455331200004, 30.922567916000048], [108.14740069900006, 30.96655454300003], [108.19868717600008, 31.04432741000005], [108.24997365400009, 31.176057988000025], [108.33676615500008, 31.358151976000045], [108.48273536000005, 31.526443700000073], [108.61292411000005, 31.633991609000077], [108.73522263400008, 31.70450243500005], [108.75889331500008, 31.791727337000054], [108.74311286100004, 31.831957259000035], [108.58925342800006, 31.94919436500004], [108.57741808700007, 31.999393118000057], [108.60897899700007, 32.04956440600006], [108.68393615600007, 32.139803431000075], [108.69577149800006, 32.23996438800003], [108.69871478700009, 32.29969266300003], [108.59319854200004, 32.37334070300005], [108.40383308500009, 32.37667259400007], [108.07638865400008, 32.27332686900007], [107.76077956000006, 32.48655605400006], [107.59902990000006, 32.50984744500005], [107.46884115000006, 32.61292248800004], [107.42149978500004, 32.576361028000065], [107.22818921700008, 32.58300967500003], [107.11772603500003, 32.822032216000025], [106.88496432800008, 32.83197758600005], [106.62458682600004, 32.759019024000054], [106.32870330200006, 32.71255969400005], [106.18667921000008, 32.75570130400007], [106.17484387000007, 32.86512077300006], [106.12750250600004, 32.97109573300003], [105.81978364100007, 32.98764285400006], [105.82575884100004, 32.994325169000035], [105.57755366200007, 32.99796668500005], [105.48160849800007, 32.923820085000045], [105.49170799000007, 32.75835549000004], [105.19882275100008, 32.65425219600007], [105.08772835000008, 32.70738129800003], [105.00945729500006, 32.71375466500007], [104.90341263900007, 32.754108753000025], [104.67112434700005, 32.771094481000034], [104.47418427500008, 32.949248785000066], [104.48933351100004, 33.13550229100008], [104.43378631000007, 33.188343331000056], [104.30249292700006, 33.46049624600005], [104.23937111000004, 33.46260263600004], [104.16867467200007, 33.41625023000006], [104.07525438100004, 33.32769054500005], [103.97678434400007, 33.323471168000026], [103.90356303500005, 33.340347448000045], [103.54503110600007, 33.614128135000044], [103.46676005100005, 33.801062916000035], [103.27234485000008, 33.83672325100002], [103.21679765000005, 33.90171262600006], [103.18144943000004, 34.002243656000076], [103.20164841300004, 34.15699609200004], [103.19912354100006, 34.24678980500005], [103.13095197700005, 34.26974492100004], [103.04258143100009, 34.323977564000074], [102.94916113800008, 34.31355092900003], [102.75222106500007, 34.209213377000026], [102.59820382700008, 34.16326387200007], [102.42651248100003, 34.13401024900003], [102.27754499000008, 34.03154282700007], [102.27502011700005, 33.95199298600005], [102.33289020000007, 33.785703417000036], [102.32147197400008, 33.78566620200007], [102.34808362200005, 33.75528579000007], [102.37569941700008, 33.679811692000044], [102.49405282700008, 33.64369193700003], [102.49799794100005, 33.505640775000074], [102.42698589500009, 33.406897737000065], [102.39937009800008, 33.21567606200006], [102.26918134800007, 33.20907473600005], [102.17449862100005, 33.29485313400005], [102.00091362100005, 33.29815062100005], [101.81943839000007, 33.16615397400005], [101.77604214100006, 33.126516148000064], [101.68135941300005, 33.24207639200006], [101.59456691300005, 33.33111863800008], [101.49199395900007, 33.350893462000045], [101.36969543500004, 33.31133932400007], [101.19611043300006, 33.22887722300004], [101.07775702500004, 33.093470952000075], [101.05803145600004, 33.00418687300004], [101.07775702500004, 32.88168772300003], [100.99096452400005, 32.745747401000074], [100.71480656800009, 32.715879020000045], [100.50177043000008, 32.76565409300002], [100.01257633600005, 33.16945631700003], [99.91789360900003, 33.33441475400008], [99.66540633500006, 33.327822397000034], [99.50760178800004, 33.23217720200006], [99.40108371900004, 33.225577120000025], [99.17621224100009, 33.28495992500007], [99.02629792200008, 33.38054727800005], [98.86060314900004, 33.439824577000024], [98.65940235100004, 33.38054727800005], [98.53710382900005, 33.38713564100004], [98.22938496400008, 33.38054727800005], [98.07947064400008, 33.400310871000045], [97.93744655100005, 33.37395841400007], [97.66128859600008, 33.27506559400007], [97.52715473200004, 33.113299561000076], [97.57449609700006, 33.04387986000006], [97.59390605500005, 32.93441626500004], [97.52573449000005, 32.85385347700003], [97.43043593900006, 32.832427395000025], [97.51531939100005, 32.692641141000024], [97.70073973400008, 32.57968541300005], [97.94928189300003, 32.53645879000004], [98.05974507500008, 32.50984744500005], [98.17809848600007, 32.43662562700007], [98.29250678100004, 32.38666753200005], [98.29645189400009, 32.21994101700005], [98.44242110000005, 32.109733660000074], [98.48581735100004, 31.969277160000047], [98.48187223800005, 31.842012], [98.51737825900005, 31.785020647000067], [98.59233542000004, 31.677647480000076], [98.72646928400007, 31.593675688000076], [98.83298735300008, 31.516354722000074], [98.87638360200003, 31.462528452000072], [98.84876780800005, 31.391834491000054], [98.78959110300008, 31.31434666000007], [98.67518280600007, 31.307605571000067], [98.67960133300005, 31.21223496300007], [98.80836984400008, 31.07825705500005], [98.83614344300008, 31.030671031000054], [98.84119319000007, 30.957082211000056], [98.85381755200007, 30.91160194300005], [98.90936475400008, 30.848760310000046], [98.96996169900007, 30.809734436000042], [98.98763580900004, 30.76418420600004], [99.00571389700008, 30.513925504000042], [98.99601838600006, 30.33975453800008], [99.00409797900005, 30.19600433000005], [99.10882970000006, 30.084907747000045], [99.09873020900005, 29.975610929000027], [99.06338199100009, 29.846485861000076], [99.05833224500009, 29.723771816000067], [99.12145406400003, 29.36133159700006], [99.12145406400003, 29.27767676800005], [99.16245799700005, 29.05402706500007], [99.16407391600006, 28.93247414500007], [99.20982461000006, 28.74996584200005], [99.21487435500006, 28.535023912000042], [99.26789668300006, 28.412954305000028], [99.31586926300008, 28.35297765300004], [99.39161544700005, 28.246268822000047], [99.48503573800008, 28.321865299000024], [99.50523472000003, 28.35964340000004], [99.65925195700004, 28.375195183000073], [99.81579406700007, 28.539460148000046], [99.89658999500006, 28.59933103900005], [99.93698795800003, 28.637010039000074], [100.00263465100005, 28.652520990000028], [100.07080621500006, 28.654736654000033], [100.14150265000006, 28.61706401600003], [100.20462447000006, 28.557203221000066], [100.17432599700004, 28.470677516000023], [100.12382854100008, 28.38630220300007], [100.12382854100008, 28.317419934000043], [100.15412701500009, 28.20622544300005], [100.17685087000007, 28.14390590100004], [100.18190061400009, 28.086005269000054], [100.50966065600005, 27.961608308000052], [100.63195918000008, 27.975545684000053], [100.75820281700004, 27.874458955000023], [100.89628179700009, 27.738365909000038], [100.97912918200007, 27.672002477000035], [101.01069009200006, 27.521662724000066], [101.05014122800009, 27.455167921000054], [101.15665929700003, 27.40614607400005], [101.24345179800008, 27.308037135000063], [101.27264563800009, 27.04973731700005], [101.41908825700006, 26.93724693300004], [101.49230956800005, 26.84942642900006], [101.53018265900005, 26.797602874000063], [101.52513291200006, 26.723205972000073], [101.51503342100006, 26.669068563000053], [101.52260803900003, 26.63747653300004], [101.65137654900008, 26.531353700000068], [101.65137654900008, 26.393473381000035], [101.68167502200004, 26.32333983700005], [101.71449836800008, 26.314287250000064], [101.79276942400008, 26.27806983100004], [101.84074200600008, 26.221457480000026], [101.86346585900009, 26.20107028500007], [101.96193589700005, 26.17614775100003], [102.05535618900007, 26.17161581000005], [102.14625160600008, 26.194273760000044], [102.26492062600005, 26.264485382000032], [102.32551757200008, 26.316550462000066], [102.42398760900005, 26.38442628200005], [102.46691044500005, 26.402519769000037], [102.51235815400008, 26.427393686000073], [102.55780586400004, 26.44548043700007], [102.60577844600004, 26.44548043700007], [102.63607692000005, 26.431915639000067], [102.67142513700009, 26.382164397000054], [102.71939771900009, 26.332391717000064], [102.77242004800007, 26.332391717000064], [102.84059161200008, 26.37311641200006], [102.92391241100006, 26.41156545000007], [103.02490732000007, 26.483905351000033], [103.06025554000007, 26.51779902900006], [103.06166946800005, 26.66419493400008], [103.07136498000006, 26.76956321600005], [103.06974906100004, 26.83158377600006], [103.01803966800009, 26.88780563100005], [102.99541680800007, 26.93823733800008], [102.95017108700006, 26.982886593000046], [102.95421088500007, 27.099197417000028], [102.96178550300004, 27.17559278600004], [102.99208397500007, 27.35738278100007], [103.01480782900006, 27.42911902000003], [103.02238244900008, 27.489610241000037], [103.05268092200004, 27.520962988000065], [103.09307888400008, 27.534397143000035], [103.13852659500009, 27.536636010000052], [103.19912354100006, 27.56573712100004], [103.27991946800006, 27.65746699400006], [103.41373772300005, 27.784866085000033], [103.57280470600006, 27.907653710000034], [103.57106885500008, 28.00689819400003], [103.58290419700006, 28.09742084800007], [103.55528840000005, 28.142653575000054], [103.55528840000005, 28.236537438000028], [103.61841022000004, 28.32339335100005], [103.66969669800005, 28.330338762000054], [103.91034863100003, 28.378943931000038], [103.93796442500008, 28.465683483000078], [103.87484260800005, 28.55581715200003], [103.86695237900005, 28.638949034000063], [103.91823885700006, 28.70125475900005], [103.97741556100004, 28.711635443000034], [104.06026294900005, 28.704715101000033], [104.19045169900005, 28.718555327000047], [104.30091488200009, 28.749689138000065], [104.39954272400007, 28.704715101000033], [104.40743295100003, 28.59739131200007], [104.34431113300008, 28.500359393000053], [104.35614647300008, 28.420587786000056], [104.42715851900005, 28.354644129000064], [104.49028033800005, 28.316447485000026], [104.48633522500006, 28.187867207000068], [104.45871942800005, 28.114820309000038], [104.50606079300007, 28.031277174000024], [104.58496306600006, 27.98948125800007], [104.82166988500006, 27.975545684000053], [105.02681579500006, 28.052169047000064], [105.05443159100008, 28.17047961000003], [105.12938875000003, 28.208728595000025], [105.20829102300007, 28.194821456000057], [105.30297375200007, 28.114820309000038], [105.34242488800004, 28.076537770000073], [105.33453466000009, 27.992964870000037], [105.36945876100003, 27.865629813000055]]]}}, {"type": "Feature", "properties": {"name": "Tibet Autonomous Region", "country": "CHN"}, "geometry": {"type": "Polygon", "coordinates": [[[99.12145406400003, 29.340099191000036], [99.12145406400003, 29.36133159700006], [99.05833224500009, 29.723771816000067], [99.06338199100009, 29.846485861000076], [99.09873020900005, 29.975610929000027], [99.10882970000006, 30.084907747000045], [99.00409797900005, 30.19600433000005], [98.99601838600006, 30.33975453800008], [99.00571389700008, 30.513925504000042], [98.98763580900004, 30.76418420600004], [98.96996169900007, 30.809734436000042], [98.90936475400008, 30.848760310000046], [98.85381755200007, 30.91160194300005], [98.84119319000007, 30.957082211000056], [98.83614344300008, 31.030671031000054], [98.80836984400008, 31.07825705500005], [98.67960133300005, 31.21223496300007], [98.67518280600007, 31.307605571000067], [98.78959110300008, 31.31434666000007], [98.84876780800005, 31.391834491000054], [98.87638360200003, 31.462528452000072], [98.83298735300008, 31.516354722000074], [98.72646928400007, 31.593675688000076], [98.59233542000004, 31.677647480000076], [98.51737825900005, 31.785020647000067], [98.48187223800005, 31.842012], [98.48581735100004, 31.969277160000047], [98.44242110000005, 32.109733660000074], [98.29645189400009, 32.21994101700005], [98.29250678100004, 32.38666753200005], [98.17809848600007, 32.43662562700007], [98.05974507500008, 32.50984744500005], [97.94928189300003, 32.53645879000004], [97.70073973400008, 32.57968541300005], [97.51531939100005, 32.692641141000024], [97.43043593900006, 32.832427395000025], [97.21012539800006, 32.78170891600007], [97.18992641600005, 32.720127578000074], [97.25052336300007, 32.645748608000076], [97.23789899800005, 32.545770900000036], [97.20002590700005, 32.456334808000065], [97.13185434300004, 32.34548128600005], [97.13690409000009, 32.255846458000065], [96.96521274200006, 32.052774432000035], [96.77363802200006, 31.768251793000047], [96.65133950100005, 31.711214959000074], [96.46197404400004, 31.805139258000054], [96.31600483900007, 31.815196920000062], [96.15820029400004, 31.727994145000025], [96.05957245100007, 31.727994145000025], [95.80314006400005, 31.85541661800005], [95.60588438100007, 31.85541661800005], [95.50725654000007, 31.992701538000063], [95.45991517500005, 32.18989768700004], [95.29027528900008, 32.229953253000076], [95.16797676500005, 32.27332686900007], [94.99439176300007, 32.39666136200003], [94.91154437800009, 32.50984744500005], [94.72612403400007, 32.59298172300004], [94.48941721600005, 32.58965783100007], [94.26107403800006, 32.594710098000064], [94.16765374500005, 32.605345519000025], [93.52886094200005, 32.55002754100008], [93.28899803200005, 32.61810636000007], [93.13498079400006, 32.645748608000076], [92.97591381100005, 32.63299170800008], [92.82694632100004, 32.72225178100007], [92.67040421000007, 32.728624086000025], [92.48861337300008, 32.69250833500007], [92.32702151700005, 32.71375466500007], [92.25127533500006, 32.745614674000024], [92.18310377100005, 32.79868937700007], [92.04171089800008, 32.881422677000046], [91.94576573400008, 32.945011177000026], [91.80689773200004, 32.993731413000035], [91.70842769500007, 33.002201754000055], [91.51653736800006, 33.002201754000055], [91.47866427600007, 33.017022894000036], [91.44079118500008, 33.046657700000026], [91.31202267500004, 33.061471367000024], [91.24385111100008, 33.061471367000024], [91.15295569400007, 33.067819317000044], [91.05448565600005, 33.09320654100003], [90.98631409200004, 33.139730746000055], [90.85249583700005, 33.137616544000025], [90.67322987200004, 33.14395899700003], [90.45104107000003, 33.137616544000025], [90.41316798000008, 33.22214488000003], [90.37529488900003, 33.28337690700005], [90.35257103300006, 33.34667520900007], [90.28944921600004, 33.43310851600006], [90.22885227000006, 33.50682500700003], [90.15563096100004, 33.58047876200004], [90.00918834100008, 33.717097626000054], [89.98898935900007, 33.75489218400003], [89.95364114200004, 33.90171262600006], [89.91829292200003, 33.916380797000045], [89.88546957800008, 33.95618167600003], [89.80719852300007, 33.99177721600006], [89.72640259400004, 34.088019805000044], [89.58975648200004, 34.22240878900004], [89.56228586600008, 34.26515440000003], [89.55905403000008, 34.29719935800006], [89.56551770300007, 34.367922011000076], [89.55905403000008, 34.40792726800004], [89.58006097100008, 34.445248254000035], [89.58167688900005, 34.48122056400007], [89.54935851800008, 34.49453970900004], [89.50734463600008, 34.52383433600005], [89.48148993800004, 34.56243424500008], [89.46694667100007, 34.61564611500006], [89.46856259000003, 34.68477057700005], [89.50411279900004, 34.73790400300004], [89.76750752300006, 34.781713377000074], [89.79659405600006, 34.83743712800003], [89.82083283600008, 34.946122460000026], [89.72710955900004, 35.04408084000005], [89.74488466200006, 35.190798388000076], [89.78043487100007, 35.329341863000025], [89.82406467200008, 35.43868945100007], [89.91617203000004, 35.629362370000024], [89.88708549600005, 35.86804752000006], [89.76427568500009, 35.92040978600005], [89.59298831900009, 35.93218652200005], [89.57198137800003, 36.01980263400003], [89.72226180300004, 36.073370476000036], [89.84183977700008, 36.15039191900007], [89.82024837300008, 36.29902461800003], [89.60268383000005, 36.28076412100006], [89.32312991900005, 36.22864131000006], [88.88683191100006, 36.360184434000075], [88.80118822700007, 36.371895331000076], [88.51840248000008, 36.45512198500006], [88.38751307800004, 36.504495605000045], [88.24531224400005, 36.52787212700008], [88.03039507700004, 36.54475077800004], [87.83486893300005, 36.54604898300005], [87.45189623400006, 36.504495605000045], [87.24021090400004, 36.345868719000066], [86.46295408000003, 36.22864131000006], [86.28358711900006, 36.18561382000007], [86.14138628700005, 36.10732143800004], [85.95878749100007, 35.970121852000034], [85.68408133700007, 35.78681759300008], [85.57904663100004, 35.748794418000045], [85.47239600600005, 35.750105864000034], [85.33827476600004, 35.77239714900003], [85.15244413100004, 35.78681759300008], [84.93591104600006, 35.69631884100005], [84.41289638300003, 35.51403230400007], [84.33280887300003, 35.47038146700004], [84.20374222600003, 35.43479658900003], [84.06143797500005, 35.49140149700003], [83.92244312600008, 35.47145955000008], [83.90258671800007, 35.48978476700006], [83.76094434700008, 35.46552991000004], [83.70865580800006, 35.47577174300005], [83.27487604600003, 35.684769577000054], [83.20868802100006, 35.684769577000054], [83.06286753200004, 35.668807842000035], [82.91084191400006, 35.71752313500008], [82.61092743000006, 35.67468885200003], [82.43718386700004, 35.736833029000024], [82.29550012900006, 35.72172133600003], [82.09900443100008, 35.61669997700005], [82.00696171000004, 35.52837531600005], [81.95421812900008, 35.37083234700003], [81.89630360800004, 35.252684018000025], [81.59903923200005, 35.16702430600003], [81.54732983800005, 35.22248634700003], [81.44067921300007, 35.322749928000064], [81.31786940200004, 35.34779642600006], [81.14819795400007, 35.36888219200006], [80.98499018100006, 35.306927087000076], [80.44527338400007, 35.41762193300008], [80.39356399100006, 35.45448647400008], [80.26642351900006, 35.50985686200005], [80.24573976100004, 35.43321242700006], [80.20540643400005, 35.34046783300005], [80.11956884000006, 35.23156794700003], [79.98635251400003, 35.08508259900003], [80.01668783100007, 34.97672983500007], [79.99683142300006, 34.95937328700006], [79.91211075200005, 34.920307610000066], [79.85320341100004, 34.914337604000025], [79.87769298000006, 34.87525048100008], [79.92071519400008, 34.76494642500006], [79.94272271400007, 34.66882389400007], [79.77305126600004, 34.40659406800006], [79.47733817000005, 34.462570191000054], [79.29473937200004, 34.42525694100004], [79.20586385200005, 34.43192124400008], [79.09759731000008, 34.40659406800006], [78.98356692300007, 34.35575348300006], [78.99396622500007, 34.353845653000064], [79.02929020900007, 34.22385626600004], [78.97511231900006, 34.12973048200007], [78.73672959700008, 34.048967719000075], [78.87217432600005, 33.71613499400007], [78.88842769300004, 33.431756406000034], [79.06721473500005, 33.255243766000035], [79.24058398800008, 33.164585799000065], [79.16386809300008, 33.05585401900004], [79.24015056400003, 32.858014155000035], [79.29909611000005, 32.72101336000003], [79.30603088100008, 32.510731150000026], [79.00090099600004, 32.33804895600008], [78.82753174300007, 32.42882149700006], [78.76858619600006, 32.61301335400003], [78.46692369700008, 32.51365511700004], [78.54667355400005, 32.32046954700007], [78.52586924400003, 32.23838718600007], [78.51893447400005, 32.03873548100006], [78.75818404100005, 31.888710282000034], [78.76511881300007, 31.744337820000055], [78.83793389800007, 31.584972402000062], [78.78939050800005, 31.425333978000026], [78.85180343800005, 31.25949548500006], [79.08065085200008, 31.001274864000038], [79.36150904100003, 31.02504861400007], [79.59035645400007, 30.888268629000038], [79.86427987300004, 30.900170314000036], [80.11393159600004, 30.787044628000046], [80.20755099300004, 30.60218523700007], [80.36705070500005, 30.515597351000054], [80.67218059000004, 30.384075254000038], [80.89756061900005, 30.24938067900007], [81.08826679600008, 30.16247949500007], [81.25816866400004, 29.919349814000043], [81.69159179500008, 30.336205066000048], [81.77134165100006, 30.195451045000027], [82.17160791200007, 30.111689238000054], [82.41540842400008, 29.928740876000063], [82.61586662300004, 29.924045455000055], [82.84341376700007, 29.674871809000024], [82.98969407300007, 29.660749100000032], [83.36893931300006, 29.41092151600003], [83.43395278300005, 29.184131266000065], [83.69942445000004, 28.99001659000004], [83.80778023300007, 29.032658457000025], [83.93238938400003, 29.255057313000066], [84.07866969000008, 29.226692788000037], [84.15993652800006, 29.080017656000052], [84.19244326300003, 28.72904578200007], [84.60419523600007, 28.66726618900003], [84.91300921800007, 28.524558899000056], [85.09179626000008, 28.600693567000064], [85.17306309700007, 28.562633117000075], [85.13513857200007, 28.43884163000007], [85.26516551300006, 28.209922806000066], [85.56856170500004, 28.23379150200003], [85.92071799900003, 28.05225574900004], [86.00198483600008, 27.875202234000028], [86.16993629900009, 28.00443210000003], [86.35955892000004, 27.860833824000053], [86.50042143600007, 27.87041297500008], [86.70087963500004, 28.033128839000028], [87.31952343300009, 27.747616075000053], [87.51422522900003, 27.844966490000047], [87.75971880100008, 27.755107663000047], [88.54699128500005, 28.016987864000043], [88.69090130900008, 28.069287788000054], [88.91099899400007, 27.934750936000057], [88.89406840200007, 27.78506886100007], [88.83481133300006, 27.477576400000032], [88.93639488100007, 27.35734552200006], [89.23268022200006, 27.702655726000046], [89.52896556800005, 27.994565829000067], [89.97762623000006, 28.270777430000066], [90.40935630200005, 28.211116366000056], [90.68024576100004, 27.979615214000034], [90.88341285300004, 27.949707767000064], [91.34053881200003, 27.979615214000034], [91.54370590500008, 27.81502180600006], [92.06008893200004, 27.702655726000046], [92.02093186100007, 27.440439034000065], [92.12495341300007, 27.280305078000026], [92.01746447500005, 27.107594661000064], [92.13188818200007, 26.888238949000026], [92.78722395800008, 26.953163350000068], [93.08888645700006, 26.90370052800006], [93.43215757600007, 26.943890724000028], [93.73382007500004, 27.011872261000065], [93.84824378300004, 27.17856166300004], [94.10483027600009, 27.409662037000032], [94.25739521900005, 27.557313303000058], [94.57292725900004, 27.66907324700003], [94.85465229400006, 27.72184107700008], [95.13637732800004, 27.87041297500008], [95.33683552700006, 28.047474340000065], [95.54271151500006, 28.157392900000048], [95.86777886300007, 28.286283840000067], [96.08449042900008, 28.181273329000078], [96.34454430800008, 28.176497668000025], [96.60459818500004, 28.07615960100003], [96.92966553500008, 27.87041297500008], [97.28723961800006, 27.745818017000033], [97.41726655800005, 28.06181792700005], [97.35225308700007, 28.276741702000038], [97.65564927900004, 28.495994207000024], [97.75858727300005, 28.495994207000024], [97.89403200200007, 28.333981700000038], [98.03489452000008, 28.338750310000023], [98.15436570600008, 28.213301262000073], [98.26400728000004, 28.287008650000075], [98.36904198600007, 28.37661694600007], [98.50639506300007, 28.306928135000078], [98.67445059300007, 28.38372547800003], [98.65505957000005, 28.637896440000077], [98.66798692000003, 28.741376626000033], [98.69707345200004, 28.854661968000073], [98.67445059300007, 28.970651495000027], [98.82957877500007, 29.015880494000044], [98.93622939900007, 29.13168940500003], [98.93138164400006, 29.272743395000077], [98.98147511800005, 29.31783964600004], [99.04772778000006, 29.33897165600007], [99.12145406400003, 29.340099191000036]]]}}, {"type": "Feature", "properties": {"name": "Qinghai Province", "country": "CHN"}, "geometry": {"type": "Polygon", "coordinates": [[[102.32147197400008, 33.78566620200007], [101.92083096900006, 33.78436038000007], [101.90143994600004, 33.848802437000074], [101.81902809900004, 33.98022076900003], [101.72530482300004, 34.04317597800008], [101.48453295800005, 34.11812546800007], [101.13633482900008, 34.11828600300004], [101.01430066000006, 34.192741270000056], [101.03291604100008, 34.49928081100006], [101.19689945600004, 34.50386184400003], [101.33102069600005, 34.39592769800004], [101.52493092200007, 34.302538997000056], [101.69621828800007, 34.25447003200003], [101.80610075100009, 34.25313439100006], [101.90628770100005, 34.274502109000025], [102.00809057000004, 34.49986677100003], [101.95476525800007, 34.63293263300005], [101.94830158300005, 34.96201556700004], [102.05333629000006, 34.99379253300003], [102.20038487800008, 35.030850075000046], [102.31834693400003, 35.095660355000064], [102.41530204700007, 35.190798388000076], [102.42661347600006, 35.268675779000034], [102.32804244300007, 35.38337546200006], [102.41207020900003, 35.49791229600004], [102.50579348500008, 35.536055013000066], [102.60830331800008, 35.69295594600004], [102.74212157400007, 35.63551880000006], [102.77746979200003, 35.65398524700004], [102.99460884900009, 35.940690853000035], [103.01642374900007, 36.14125773100005], [103.07792964900005, 36.29761515000007], [102.94663626500005, 36.40945589800003], [102.90118855600008, 36.56373485700004], [102.73202208300006, 36.62657616600006], [102.71103407900006, 36.87389456400007], [102.54533930600007, 36.99057452900007], [102.54518150000007, 37.12947387200006], [102.52498251800006, 37.213973227000054], [102.40883837200005, 37.344559651000054], [102.36591553500006, 37.494954574000076], [102.12352775300008, 37.627052097000046], [102.12352775300008, 37.75891526800007], [102.04778156900005, 37.76889534500003], [101.84074200600008, 37.66703539500003], [101.59330447600007, 37.762907459000076], [101.49735931300006, 37.760911391000036], [101.17165072900008, 37.906482821000054], [101.12115327400005, 38.03188191500004], [100.79544469100006, 38.23643777600006], [100.58083050800008, 38.33552990900006], [100.45687339600005, 38.42679035300006], [100.25481894000006, 38.497747986000036], [100.20149362700005, 38.35089687900006], [100.03505401500007, 38.35089687900006], [99.50664864900006, 38.79811026100003], [99.39999802400007, 38.79685087000007], [99.13660330000005, 39.005604867000045], [98.79564448600007, 39.08467004400006], [98.61950936200009, 38.972949001000075], [98.48054036700006, 39.069616833000055], [98.20906604900006, 38.83714034900004], [97.83417294600008, 39.08341573300004], [97.12165886700006, 39.208353818000035], [96.98597341800007, 39.108788624000056], [97.09408224600008, 38.94907557100004], [97.08761857300004, 38.72628945100007], [96.89694018400007, 38.49268912600007], [96.88562875400004, 38.257060082000066], [96.69333444700004, 38.21517481600006], [96.45013870400004, 38.125790610000024], [96.20159654400004, 38.23742936700006], [95.85442654100007, 38.20333567500006], [95.25476926600004, 38.339614554000036], [94.62355108000008, 38.22503350900007], [94.36317357900003, 38.58982228100007], [93.97655244000003, 38.534295593000024], [93.82663812100009, 38.713061269000036], [93.30588311800005, 38.66379111400005], [93.10073720800006, 38.89138100200006], [92.64618733400005, 39.03463173800003], [92.63427631000008, 39.024638795000044], [92.434013, 39.07844236400007], [92.12629413400003, 38.919011298000044], [91.86591663400009, 38.857596038000054], [91.45956992600009, 38.783827657000074], [90.69421787700009, 38.688430433000065], [90.23263957900008, 38.40765805800004], [90.33915764800008, 37.833483744000034], [91.17946685700008, 37.45550514700005], [91.23627649300005, 37.38469449400003], [91.11255772900006, 37.26623498300006], [91.14790594700008, 37.09121693900005], [90.98631409200004, 36.980364285000064], [90.86259532800005, 36.950103666000075], [90.67242191300005, 36.822069320000026], [90.70797212200006, 36.68742258200007], [90.79038396600004, 36.526573616000064], [90.91319377700006, 36.529170616000044], [91.01338072700008, 36.538259425000035], [91.08932890000006, 36.50319670300007], [91.07963338900004, 36.442123699000035], [91.05216277300008, 36.40311577700004], [90.89380275500008, 36.367991895000046], [90.57586446800008, 36.217830638000066], [90.31943208000007, 36.185995916000024], [89.97620719200006, 36.30054030500003], [89.82024837300008, 36.29902461800003], [89.84183977700008, 36.15039191900007], [89.72226180300004, 36.073370476000036], [89.57198137800003, 36.01980263400003], [89.59298831900009, 35.93218652200005], [89.76427568500009, 35.92040978600005], [89.88708549600005, 35.86804752000006], [89.91617203000004, 35.629362370000024], [89.82406467200008, 35.43868945100007], [89.78043487100007, 35.329341863000025], [89.74488466200006, 35.190798388000076], [89.72710955900004, 35.04408084000005], [89.82083283600008, 34.946122460000026], [89.79659405600006, 34.83743712800003], [89.76750752300006, 34.781713377000074], [89.50411279900004, 34.73790400300004], [89.46856259000003, 34.68477057700005], [89.46694667100007, 34.61564611500006], [89.48148993800004, 34.56243424500008], [89.50734463600008, 34.52383433600005], [89.54935851800008, 34.49453970900004], [89.58167688900005, 34.48122056400007], [89.58006097100008, 34.445248254000035], [89.55905403000008, 34.40792726800004], [89.56551770300007, 34.367922011000076], [89.55905403000008, 34.29719935800006], [89.56228586600008, 34.26515440000003], [89.58975648200004, 34.22240878900004], [89.72640259400004, 34.088019805000044], [89.80719852300007, 33.99177721600006], [89.88546957800008, 33.95618167600003], [89.91829292200003, 33.916380797000045], [89.95364114200004, 33.90171262600006], [89.98898935900007, 33.75489218400003], [90.00918834100008, 33.717097626000054], [90.15563096100004, 33.58047876200004], [90.22885227000006, 33.50682500700003], [90.28944921600004, 33.43310851600006], [90.35257103300006, 33.34667520900007], [90.37529488900003, 33.28337690700005], [90.41316798000008, 33.22214488000003], [90.45104107000003, 33.137616544000025], [90.67322987200004, 33.14395899700003], [90.85249583700005, 33.137616544000025], [90.98631409200004, 33.139730746000055], [91.05448565600005, 33.09320654100003], [91.15295569400007, 33.067819317000044], [91.24385111100008, 33.061471367000024], [91.31202267500004, 33.061471367000024], [91.44079118500008, 33.046657700000026], [91.47866427600007, 33.017022894000036], [91.51653736800006, 33.002201754000055], [91.70842769500007, 33.002201754000055], [91.80689773200004, 32.993731413000035], [91.94576573400008, 32.945011177000026], [92.04171089800008, 32.881422677000046], [92.18310377100005, 32.79868937700007], [92.25127533500006, 32.745614674000024], [92.32702151700005, 32.71375466500007], [92.48861337300008, 32.69250833500007], [92.67040421000007, 32.728624086000025], [92.82694632100004, 32.72225178100007], [92.97591381100005, 32.63299170800008], [93.13498079400006, 32.645748608000076], [93.28899803200005, 32.61810636000007], [93.52886094200005, 32.55002754100008], [94.16765374500005, 32.605345519000025], [94.26107403800006, 32.594710098000064], [94.48941721600005, 32.58965783100007], [94.72612403400007, 32.59298172300004], [94.91154437800009, 32.50984744500005], [94.99439176300007, 32.39666136200003], [95.16797676500005, 32.27332686900007], [95.29027528900008, 32.229953253000076], [95.45991517500005, 32.18989768700004], [95.50725654000007, 31.992701538000063], [95.60588438100007, 31.85541661800005], [95.80314006400005, 31.85541661800005], [96.05957245100007, 31.727994145000025], [96.15820029400004, 31.727994145000025], [96.31600483900007, 31.815196920000062], [96.46197404400004, 31.805139258000054], [96.65133950100005, 31.711214959000074], [96.77363802200006, 31.768251793000047], [96.96521274200006, 32.052774432000035], [97.13690409000009, 32.255846458000065], [97.13185434300004, 32.34548128600005], [97.20002590700005, 32.456334808000065], [97.23789899800005, 32.545770900000036], [97.25052336300007, 32.645748608000076], [97.18992641600005, 32.720127578000074], [97.21012539800006, 32.78170891600007], [97.52573449000005, 32.85385347700003], [97.59390605500005, 32.93441626500004], [97.57449609700006, 33.04387986000006], [97.52715473200004, 33.113299561000076], [97.66128859600008, 33.27506559400007], [97.93744655100005, 33.37395841400007], [98.07947064400008, 33.400310871000045], [98.22938496400008, 33.38054727800005], [98.53710382900005, 33.38713564100004], [98.65940235100004, 33.38054727800005], [98.86060314900004, 33.439824577000024], [99.02629792200008, 33.38054727800005], [99.17621224100009, 33.28495992500007], [99.40108371900004, 33.225577120000025], [99.50760178800004, 33.23217720200006], [99.66540633500006, 33.327822397000034], [99.91789360900003, 33.33441475400008], [100.01257633600005, 33.16945631700003], [100.50177043000008, 32.76565409300002], [100.71480656800009, 32.715879020000045], [100.99096452400005, 32.745747401000074], [101.07775702500004, 32.88168772300003], [101.05803145600004, 33.00418687300004], [101.07775702500004, 33.093470952000075], [101.19611043300006, 33.22887722300004], [101.36969543500004, 33.31133932400007], [101.49199395900007, 33.350893462000045], [101.59456691300005, 33.33111863800008], [101.68135941300005, 33.24207639200006], [101.77604214100006, 33.126516148000064], [101.81943839000007, 33.16615397400005], [102.00091362100005, 33.29815062100005], [102.17449862100005, 33.29485313400005], [102.26918134800007, 33.20907473600005], [102.39937009800008, 33.21567606200006], [102.42698589500009, 33.406897737000065], [102.49799794100005, 33.505640775000074], [102.49405282700008, 33.64369193700003], [102.37569941700008, 33.679811692000044], [102.34808362200005, 33.75528579000007], [102.32147197400008, 33.78566620200007]]]}}, {"type": "Feature", "properties": {"name": "Gansu Province", "country": "CHN"}, "geometry": {"type": "Polygon", "coordinates": [[[105.82575884100004, 32.994325169000035], [105.99731375500005, 33.18596616900004], [106.07227091400006, 33.28495992500007], [106.01309421000008, 33.45299181400003], [105.88685057300006, 33.52208701100005], [105.89079568600005, 33.58455418900007], [106.00914909700003, 33.656828148000045], [106.13933784700004, 33.702789092000046], [106.54568455300006, 33.69622474800008], [106.55357478200006, 33.96167901800004], [106.50623341700003, 34.06959048400006], [106.62458682600004, 34.24587668800007], [106.74294023700008, 34.40552124300007], [106.76661091800008, 34.490107167000076], [106.62064171300005, 34.57785568200006], [106.42733114500004, 34.636303292000036], [106.43916648400005, 34.72389752600003], [106.57330035000007, 34.81787695200006], [106.60486125800008, 34.97642637700005], [106.55357478200006, 35.034592118000035], [106.57724546300005, 35.137895711000056], [106.86523876000007, 35.20239398500007], [107.07827489800007, 35.17337609200007], [107.28342080800007, 35.03136177300007], [107.87913297000006, 35.12176315000005], [107.82784649300004, 35.22173348900003], [107.82390137900006, 35.389149399000075], [107.88307808400003, 35.41809004500004], [108.04088263100004, 35.340891906000024], [108.24208342700007, 35.40201319100004], [108.53796695100004, 35.379500208000024], [108.64843013300003, 35.43737803500005], [108.68788127000005, 35.636416575000055], [108.57741808700007, 35.751760509000064], [108.61292411000005, 35.99152396900007], [108.76678354400008, 36.08084951600006], [108.78256399700007, 36.42761483900006], [108.65237524600008, 36.532295014000056], [108.54980229000006, 36.56081960300003], [108.32887592600008, 36.703284567000026], [108.20657740400009, 36.66215508000005], [107.94225478800007, 36.84864298600007], [107.68582240100005, 36.914910580000026], [107.42544489800008, 37.00002723700004], [107.33470728600008, 37.18569155500006], [107.34676546600008, 37.21850670500004], [107.03844503100004, 37.19370199900004], [106.88816460300006, 37.279897464000044], [106.74919560800004, 37.28246894700004], [106.63284947300008, 37.00940316100008], [106.71849315500003, 36.91902358500005], [106.72980458500007, 36.869915469000034], [106.54558987100006, 36.798781991000055], [106.53195555800005, 36.54953780200003], [106.58245301300008, 36.391165681000075], [107.01925599700007, 36.179500043000075], [106.97633316000008, 36.01833227000003], [106.92583570500005, 35.85274138400007], [106.79454232300009, 35.79746737700003], [106.66829868600007, 35.82408559300006], [106.56174905500006, 35.77501924100005], [106.54882170700006, 35.47949208500006], [106.36460699300005, 35.42025567400003], [106.18039227700007, 35.51632828400005], [105.95739551700007, 35.53342506300004], [105.83458570600004, 35.77633025600005], [105.53564077400006, 35.83661354000003], [105.40959912600005, 35.98058356300004], [105.39990361700006, 36.10471034600005], [105.52958108000007, 36.23857990500005], [105.50433235200006, 36.417583500000035], [105.35788973300004, 36.61644393200004], [105.29508352400006, 36.97481740500007], [104.99525488700004, 37.188834486000076], [104.89662704400007, 37.317581999000026], [104.75065783900004, 37.30816891000006], [104.75854806700005, 37.45237334800004], [104.54273383900005, 37.57352119500007], [104.50975933700005, 37.54607475500006], [104.30559970500008, 37.52671813300003], [103.97938812000007, 37.623450982000065], [103.96385423400005, 37.69372319100006], [103.63542352300004, 37.79900673900005], [103.61767051100009, 38.05457048000005], [103.72640770600003, 38.223871289000044], [103.73084595900008, 38.42234087000003], [104.02155152200004, 38.46579222200006], [104.13916522200009, 38.56476346200003], [104.15469910700006, 38.772678916000075], [104.12141221200005, 38.87468248700003], [104.24790241700003, 39.007585885000026], [104.21919246900006, 39.21603787500004], [103.83431272900003, 39.454721705000054], [103.38008528700004, 39.46810672700008], [102.83223844900004, 39.08428006500003], [102.37454362300008, 38.94418579400008], [101.60825152600006, 38.92260820300004], [101.39327365300005, 38.960364679000065], [101.27884994600004, 39.035817302000055], [101.11935023300003, 39.04389674000004], [100.91824190000006, 39.15422309100006], [100.89743759000004, 39.37703783100005], [100.92517667200008, 39.457398916000045], [100.88703543500009, 39.52697023500008], [100.44039289800008, 39.53716594500003], [100.28869480200007, 39.68325105400004], [99.97988082200004, 39.79573458100003], [99.81734714700008, 39.97864749300004], [100.00155197800007, 40.173492346000046], [100.43497511000004, 40.45440801500007], [100.41872174300005, 40.75878141600003], [100.13699670600005, 40.91454229100003], [99.05885666700004, 40.861296863000064], [98.60918016800008, 40.56150796900005], [98.40330418200006, 40.536807776000046], [98.23535271800006, 40.61499379500003], [97.99696999700006, 40.84490503500007], [97.78025843100005, 40.97592607800004], [97.42810213600006, 41.46088059400006], [97.40101319000007, 41.67975711300005], [97.57438244200006, 41.95835290900004], [97.40643098000004, 42.167507931000046], [97.36665056300006, 42.54598349100007], [97.28723961800006, 42.52787794200003], [96.40396180600004, 42.65992465800008], [96.28444392900008, 42.40120571400007], [96.36729131700008, 42.223246817000074], [96.05168222500004, 42.00375549300003], [95.50725654000007, 41.921617250000054], [95.18375722000007, 41.733475198000065], [94.89181880900009, 41.67162063400008], [94.63538642000003, 41.541827700000056], [94.47316334800007, 41.326506219000066], [94.09490585000003, 41.109281843000076], [93.70828471100003, 40.78149608900003], [93.67277868800005, 40.71693985100006], [93.63490559600007, 40.60968608200005], [93.40514217800006, 40.45616734400005], [92.94814021100007, 40.41965496800003], [92.88501839400004, 40.04957598800007], [92.91926198000004, 39.45412675500006], [92.88893391800008, 39.22051509500005], [92.61770735400006, 39.04359751800007], [93.10073720800006, 38.89138100200006], [93.30588311800005, 38.66379111400005], [93.82663812100009, 38.713061269000036], [93.97655244000003, 38.534295593000024], [94.36317357900003, 38.58982228100007], [94.62355108000008, 38.22503350900007], [95.25476926600004, 38.339614554000036], [95.85442654100007, 38.20333567500006], [96.20159654400004, 38.23742936700006], [96.45013870400004, 38.125790610000024], [96.69333444700004, 38.21517481600006], [96.88562875400004, 38.257060082000066], [96.89694018400007, 38.49268912600007], [97.08761857300004, 38.72628945100007], [97.09408224600008, 38.94907557100004], [96.98597341800007, 39.108788624000056], [97.12165886700006, 39.208353818000035], [97.83417294600008, 39.08341573300004], [98.20906604900006, 38.83714034900004], [98.48054036700006, 39.069616833000055], [98.61950936200009, 38.972949001000075], [98.79564448600007, 39.08467004400006], [99.13660330000005, 39.005604867000045], [99.39999802400007, 38.79685087000007], [99.50664864900006, 38.79811026100003], [100.03505401500007, 38.35089687900006], [100.20149362700005, 38.35089687900006], [100.25481894000006, 38.497747986000036], [100.45687339600005, 38.42679035300006], [100.58083050800008, 38.33552990900006], [100.79544469100006, 38.23643777600006], [101.12115327400005, 38.03188191500004], [101.17165072900008, 37.906482821000054], [101.49735931300006, 37.760911391000036], [101.59330447600007, 37.762907459000076], [101.84074200600008, 37.66703539500003], [102.04778156900005, 37.76889534500003], [102.12352775300008, 37.75891526800007], [102.12352775300008, 37.627052097000046], [102.36591553500006, 37.494954574000076], [102.40883837200005, 37.344559651000054], [102.52498251800006, 37.213973227000054], [102.54518150000007, 37.12947387200006], [102.54533930600007, 36.99057452900007], [102.71103407900006, 36.87389456400007], [102.73202208300006, 36.62657616600006], [102.90118855600008, 36.56373485700004], [102.94663626500005, 36.40945589800003], [103.07792964900005, 36.29761515000007], [103.01642374900007, 36.14125773100005], [102.99460884900009, 35.940690853000035], [102.77746979200003, 35.65398524700004], [102.74212157400007, 35.63551880000006], [102.60830331800008, 35.69295594600004], [102.50579348500008, 35.536055013000066], [102.41207020900003, 35.49791229600004], [102.32804244300007, 35.38337546200006], [102.42661347600006, 35.268675779000034], [102.41530204700007, 35.190798388000076], [102.31834693400003, 35.095660355000064], [102.20038487800008, 35.030850075000046], [102.05333629000006, 34.99379253300003], [101.94830158300005, 34.96201556700004], [101.95476525800007, 34.63293263300005], [102.00809057000004, 34.49986677100003], [101.90628770100005, 34.274502109000025], [101.80610075100009, 34.25313439100006], [101.69621828800007, 34.25447003200003], [101.52493092200007, 34.302538997000056], [101.33102069600005, 34.39592769800004], [101.19689945600004, 34.50386184400003], [101.03291604100008, 34.49928081100006], [101.01430066000006, 34.192741270000056], [101.13633482900008, 34.11828600300004], [101.48453295800005, 34.11812546800007], [101.72530482300004, 34.04317597800008], [101.81902809900004, 33.98022076900003], [101.90143994600004, 33.848802437000074], [101.92083096900006, 33.78436038000007], [102.33289020000007, 33.785703417000036], [102.27502011700005, 33.95199298600005], [102.27754499000008, 34.03154282700007], [102.42651248100003, 34.13401024900003], [102.59820382700008, 34.16326387200007], [102.75222106500007, 34.209213377000026], [102.94916113800008, 34.31355092900003], [103.04258143100009, 34.323977564000074], [103.13095197700005, 34.26974492100004], [103.19912354100006, 34.24678980500005], [103.20164841300004, 34.15699609200004], [103.18144943000004, 34.002243656000076], [103.21679765000005, 33.90171262600006], [103.27234485000008, 33.83672325100002], [103.46676005100005, 33.801062916000035], [103.54503110600007, 33.614128135000044], [103.90356303500005, 33.340347448000045], [103.97678434400007, 33.323471168000026], [104.07525438100004, 33.32769054500005], [104.16867467200007, 33.41625023000006], [104.23937111000004, 33.46260263600004], [104.30249292700006, 33.46049624600005], [104.43378631000007, 33.188343331000056], [104.48933351100004, 33.13550229100008], [104.47418427500008, 32.949248785000066], [104.67112434700005, 32.771094481000034], [104.90341263900007, 32.754108753000025], [105.00945729500006, 32.71375466500007], [105.08772835000008, 32.70738129800003], [105.19882275100008, 32.65425219600007], [105.49170799000007, 32.75835549000004], [105.48160849800007, 32.923820085000045], [105.57755366200007, 32.99796668500005], [105.82575884100004, 32.994325169000035]]]}}, {"type": "Feature", "properties": {"name": "Xinjiang Uyghur Autonomous Region", "country": "CHN"}, "geometry": {"type": "Polygon", "coordinates": [[[89.82024837300008, 36.29902461800003], [89.97620719200006, 36.30054030500003], [90.31943208000007, 36.185995916000024], [90.57586446800008, 36.217830638000066], [90.89380275500008, 36.367991895000046], [91.05216277300008, 36.40311577700004], [91.07963338900004, 36.442123699000035], [91.08932890000006, 36.50319670300007], [91.01338072700008, 36.538259425000035], [90.91319377700006, 36.529170616000044], [90.79038396600004, 36.526573616000064], [90.70797212200006, 36.68742258200007], [90.67242191300005, 36.822069320000026], [90.86259532800005, 36.950103666000075], [90.98631409200004, 36.980364285000064], [91.14790594700008, 37.09121693900005], [91.11255772900006, 37.26623498300006], [91.23627649300005, 37.38469449400003], [91.17946685700008, 37.45550514700005], [90.33915764800008, 37.833483744000034], [90.23263957900008, 38.40765805800004], [90.69421787700009, 38.688430433000065], [91.45956992600009, 38.783827657000074], [91.86591663400009, 38.857596038000054], [92.12629413400003, 38.919011298000044], [92.434013, 39.07844236400007], [92.63427631000008, 39.024638795000044], [92.64618733400005, 39.03463173800003], [92.61770735400006, 39.04359751800007], [92.88893391800008, 39.22051509500005], [92.91926198000004, 39.45412675500006], [92.88501839400004, 40.04957598800007], [92.94814021100007, 40.41965496800003], [93.40514217800006, 40.45616734400005], [93.63490559600007, 40.60968608200005], [93.67277868800005, 40.71693985100006], [93.70828471100003, 40.78149608900003], [94.09490585000003, 41.109281843000076], [94.47316334800007, 41.326506219000066], [94.63538642000003, 41.541827700000056], [94.89181880900009, 41.67162063400008], [95.18375722000007, 41.733475198000065], [95.50725654000007, 41.921617250000054], [96.05168222500004, 42.00375549300003], [96.36729131700008, 42.223246817000074], [96.28444392900008, 42.40120571400007], [96.40396180600004, 42.65992465800008], [96.34454430800008, 42.80276187800007], [95.94362791100008, 43.12390013700008], [95.54812930300005, 43.874510730000054], [95.33141773700004, 43.99155949100003], [95.37476005200006, 44.17447266000005], [94.95433961400005, 44.210055415000056], [94.69775312100006, 44.29449774300008], [94.54865556300007, 44.40111881100006], [93.96613487300004, 44.59264055800003], [93.51645837500007, 44.87743834100007], [92.99635061900005, 44.94650139200007], [92.10241541000005, 44.90430605500006], [90.84548833000008, 45.130263789000026], [90.71004359900007, 45.229555342000026], [90.69379023300007, 45.51879941400006], [91.04052873900008, 45.949892014000056], [90.92523818600006, 46.22239589800006], [91.06761768400008, 46.47102122500007], [91.05136431600005, 46.67585845200006], [90.59627002800005, 47.10903058300005], [90.42290077500007, 47.50211804200006], [90.10325121700004, 47.79774587800006], [89.83236176000008, 47.77954570000003], [89.44228094000005, 48.008402302000036], [89.31767179200006, 47.90681312800007], [88.92759097200008, 47.90318124800007], [88.60209020000008, 48.34136575700006], [88.10278675400008, 48.516225131000056], [88.07851505800005, 48.67216842700003], [87.80459163800003, 48.841324720000046], [87.92595011700007, 49.00536271800007], [87.93635227200008, 49.14845414000007], [87.65896146700004, 49.13711273700005], [87.53760299000004, 49.05310566300005], [87.28795126700004, 49.15072211000006], [86.82332167000004, 49.050833228000045], [86.80381762800005, 48.799660033000066], [86.70629742500006, 48.577914657000065], [86.26745650400005, 48.434334714000045], [85.77443769200005, 48.434334714000045], [85.56314391500007, 47.943117906000055], [85.59023286200005, 47.49845785700006], [85.76901990400006, 47.278379674000064], [85.57939728300005, 47.09059050700006], [85.23265877800003, 47.01676633300008], [84.92926258600005, 46.857698242000026], [84.68047770900006, 47.03670893200007], [83.94885946300008, 47.024891995000075], [83.25618157700006, 47.25586166100004], [83.05080673500004, 47.251320133000036], [82.99532857400004, 46.95393542700003], [82.76994854600008, 46.585825389000036], [82.73180731000008, 46.50712868000005], [82.53069897700004, 46.16479094400006], [82.50989466700008, 45.99402272800006], [82.33999279900007, 45.56843063000008], [82.61738360400005, 45.43476679300005], [82.63818791400007, 45.371469785000045], [82.60698144800006, 45.22512910100005], [82.49255774200003, 45.176264942000046], [82.30878633400005, 45.25442745400005], [81.94471090400003, 45.20558847400008], [81.67078748500006, 45.39338831400005], [80.07925774700004, 45.08575561300006], [79.88855156900007, 44.921494806000055], [79.97176881000007, 44.83549964300005], [80.20061622300005, 44.84779253600004], [80.43293102100006, 44.75183841900008], [80.29770300400008, 44.55203922100003], [80.36705070500005, 44.25229173500003], [80.30463777500006, 44.14291190600005], [80.70685444100008, 43.53015318700005], [80.66746494500006, 43.35251189300004], [80.78507864700003, 43.18122672000004], [80.42336103900004, 43.04839250600003], [80.50546871700004, 42.91201951100004], [80.26996392300003, 42.83852668000003], [80.16702592900003, 42.655511482000065], [80.23745719000004, 42.51190537300005], [80.21578603200004, 42.423983270000065], [80.23745719000004, 42.31190383500007], [80.25371055700003, 42.15144354600005], [80.13451919600004, 42.026806313000066], [79.88633244300007, 42.047897661000036], [79.50908094900007, 41.856454840000026], [79.19396499500004, 41.79857902200007], [78.46692369700008, 41.49335353500004], [78.06470703200006, 41.10521778900005], [77.89480516400005, 41.11305538200003], [77.45097987800006, 41.05032844600004], [77.04529582700007, 41.10521778900005], [76.79911148900004, 41.07647194500004], [76.52518806900008, 40.63325146200003], [76.30327542600008, 40.44616247400006], [76.01894985100006, 40.475182293000046], [75.85945013900005, 40.34845837900008], [75.71381996800005, 40.38808523500006], [75.64793965100006, 40.57533609700005], [75.57165718000005, 40.69111663500007], [75.21451652000007, 40.53581957800003], [74.82963677900005, 40.58850308600006], [74.79843031400003, 40.40921003100004], [74.44584059700003, 40.33474866900008], [74.35915597100006, 40.18591032000006], [74.05575977900008, 40.18177124700003], [73.89322610500005, 40.053334792000044], [73.84446600200005, 39.92881055700008], [73.89864389300004, 39.79157179900005], [73.82821263500006, 39.578935999000066], [73.62775443600003, 39.53298755700007], [73.60608328100005, 39.340509919000056], [73.77945253200005, 39.09706330100005], [73.70902127400007, 38.92024775400006], [73.89322610500005, 38.59070460100003], [74.07201314700006, 38.73031238200008], [74.31039586800006, 38.742990501000065], [74.78716131200008, 38.56105585200004], [74.82508583700007, 38.48476003600007], [74.77090794600008, 38.26814963500004], [74.88468151700005, 38.07648470000004], [74.95511277500003, 37.60585193700007], [75.10139308300006, 37.53285010700006], [75.10139308300006, 37.39093653300006], [74.44584059700003, 37.24875379700006], [74.54336080200005, 37.08469527200003], [74.93344162000005, 36.98522378200005], [75.15557097400006, 37.01118542700004], [75.35061138300006, 36.94626469700006], [75.47457039900007, 36.74300899200006], [75.66180919200008, 36.79022910100008], [75.84558060000006, 36.69575981300005], [75.97734123100008, 36.30275099000005], [75.94960215200007, 36.11530396100005], [76.21154783500003, 35.82997110800005], [76.51831987400004, 35.82997110800005], [76.68468778200008, 35.677123891000065], [77.26027370100007, 35.493834132000075], [77.70063160000007, 35.45430145000006], [77.90867470500007, 35.451476945000024], [78.04737010700006, 35.530525641000054], [77.98495717500003, 35.24502039300006], [78.28315229100008, 34.63105382200007], [78.43571723200006, 34.55684102600003], [78.65069510600006, 34.52256661300004], [78.80672743300005, 34.388189372000056], [78.98356692300007, 34.35575348300006], [79.09759731000008, 34.40659406800006], [79.20586385200005, 34.43192124400008], [79.29473937200004, 34.42525694100004], [79.47733817000005, 34.462570191000054], [79.77305126600004, 34.40659406800006], [79.94272271400007, 34.66882389400007], [79.92071519400008, 34.76494642500006], [79.87769298000006, 34.87525048100008], [79.85320341100004, 34.914337604000025], [79.91211075200005, 34.920307610000066], [79.99683142300006, 34.95937328700006], [80.01668783100007, 34.97672983500007], [79.98635251400003, 35.08508259900003], [80.11956884000006, 35.23156794700003], [80.20540643400005, 35.34046783300005], [80.24573976100004, 35.43321242700006], [80.26642351900006, 35.50985686200005], [80.39356399100006, 35.45448647400008], [80.44527338400007, 35.41762193300008], [80.98499018100006, 35.306927087000076], [81.14819795400007, 35.36888219200006], [81.31786940200004, 35.34779642600006], [81.44067921300007, 35.322749928000064], [81.54732983800005, 35.22248634700003], [81.59903923200005, 35.16702430600003], [81.89630360800004, 35.252684018000025], [81.95421812900008, 35.37083234700003], [82.00696171000004, 35.52837531600005], [82.09900443100008, 35.61669997700005], [82.29550012900006, 35.72172133600003], [82.43718386700004, 35.736833029000024], [82.61092743000006, 35.67468885200003], [82.91084191400006, 35.71752313500008], [83.06286753200004, 35.668807842000035], [83.20868802100006, 35.684769577000054], [83.27487604600003, 35.684769577000054], [83.70865580800006, 35.47577174300005], [83.76094434700008, 35.46552991000004], [83.90258671800007, 35.48978476700006], [83.92244312600008, 35.47145955000008], [84.06143797500005, 35.49140149700003], [84.20374222600003, 35.43479658900003], [84.33280887300003, 35.47038146700004], [84.41289638300003, 35.51403230400007], [84.93591104600006, 35.69631884100005], [85.15244413100004, 35.78681759300008], [85.33827476600004, 35.77239714900003], [85.47239600600005, 35.750105864000034], [85.57904663100004, 35.748794418000045], [85.68408133700007, 35.78681759300008], [85.95878749100007, 35.970121852000034], [86.14138628700005, 36.10732143800004], [86.28358711900006, 36.18561382000007], [86.46295408000003, 36.22864131000006], [87.24021090400004, 36.345868719000066], [87.45189623400006, 36.504495605000045], [87.83486893300005, 36.54604898300005], [88.03039507700004, 36.54475077800004], [88.24531224400005, 36.52787212700008], [88.38751307800004, 36.504495605000045], [88.51840248000008, 36.45512198500006], [88.80118822700007, 36.371895331000076], [88.88683191100006, 36.360184434000075], [89.32312991900005, 36.22864131000006], [89.60268383000005, 36.28076412100006], [89.82024837300008, 36.29902461800003]]]}}, {"type": "Feature", "properties": {"name": "Inner Mongolia Autonomous Region", "country": "CHN"}, "geometry": {"type": "Polygon", "coordinates": [[[107.50974088200007, 38.081431724000026], [107.58255596900005, 37.82168886900007], [108.09919634100004, 37.86002444500008], [108.19281573600006, 37.925696207000044], [108.30723944400006, 37.912019421000025], [108.40432622400004, 37.761407001000066], [108.68865179900007, 37.75044137800006], [108.76146688600005, 37.79977388000003], [108.85161889800008, 37.96671130300007], [109.00418383900006, 38.18234607000005], [109.17061832100006, 38.27767711600006], [109.29544418300009, 38.40821354800005], [109.38559619500006, 38.511387984000066], [109.49308513200003, 38.57376395700004], [109.56243283200007, 38.70376556800005], [109.77394332100005, 38.71999918600005], [109.90917133800008, 38.79570731800004], [109.91610610800006, 38.860536065000076], [109.85022579200006, 38.94418579400008], [109.91957349100005, 39.186481065000066], [110.20736645200009, 39.41455119900007], [110.28364892300004, 39.51627148600005], [110.35646400900004, 39.44668945700005], [110.59224619300005, 39.457398916000045], [110.75044563600005, 39.38239811900007], [111.11343750800006, 39.64571575400004], [111.30306012700004, 39.474463710000066], [111.49810053600004, 39.60398595700008], [111.60103853100009, 39.75409542300008], [111.80691451800004, 39.71659864500003], [111.92610587900003, 39.72493302500004], [112.04529724000008, 39.849827821000076], [112.38120016700009, 40.36777938200004], [112.54091659100004, 40.38808523500006], [112.76282923400004, 40.28236185000003], [112.89805725100007, 40.30616405400008], [113.1095677400001, 40.49364292100006], [113.27253483700008, 40.50946227800006], [113.39042592900012, 40.43296750500008], [113.54992564100007, 40.42240966300005], [113.84118598500004, 40.556897958000036], [114.06656601300006, 40.59640203600003], [114.22953311100002, 40.814569464000044], [113.9487692350001, 41.16858559600007], [114.06522898900005, 41.298888773000044], [113.99847766700009, 41.39378211600007], [114.03966465400003, 41.550213126000074], [114.24844006800004, 41.697783539000056], [114.28394609100008, 41.90529434200005], [114.6035002960001, 42.22266251700006], [114.91169257600006, 42.195311262000075], [115.02619950100006, 42.04295379800004], [114.97737871900006, 41.732371175000026], [115.00844648900011, 41.684327765000035], [115.31468593500006, 41.66277941200008], [115.5121881880001, 41.825043031000064], [115.92710802200008, 41.990052809000076], [116.06072428700008, 41.94747639900004], [116.16780135400006, 41.94110715900007], [116.46641255500003, 42.10225476800008], [116.57736887600004, 42.051193356000056], [116.83034929000007, 42.02482300600008], [116.89914220900005, 42.051193356000056], [116.95240124400004, 42.26833109900008], [116.92355259900012, 42.36842327000005], [116.94130561100008, 42.46835620500008], [117.23866855400001, 42.582837073000064], [117.42729430000009, 42.58610487200008], [117.64920694300008, 42.68079652900008], [117.82007967900006, 42.66284883800006], [118.00648629900002, 42.435608857000034], [118.08859397600008, 42.26833109900008], [118.275971464, 42.06993437300008], [118.2378302300001, 41.83269074700007], [118.43200379200005, 41.61530616500005], [118.43547117700007, 41.48815895700005], [118.47014502800005, 41.430991121000034], [118.99025278600004, 41.363364173000036], [119.10120910700005, 41.41019032400004], [119.32312175000004, 41.38157835100003], [119.45488238200005, 41.45438405400006], [119.49302361800005, 41.57122220000008], [119.37859991100004, 41.724090389000025], [119.45834976700007, 42.177947594000045], [119.38553468000009, 42.278080672000044], [119.37513252600002, 42.370370206000075], [119.62131686400005, 42.46508224100006], [119.74961011100004, 42.35756031000005], [119.97845752600006, 42.32680590700005], [119.94031628900007, 42.213911075000055], [120.0928812300001, 42.04676472700004], [120.2073049380001, 41.84302404600004], [120.60952160400007, 42.19336302100004], [120.94932533800011, 42.370370206000075], [121.17968973300003, 42.375973712000075], [121.56435276200011, 42.607679533000066], [121.78648211600012, 42.55981083000006], [121.98694031500008, 42.627613980000035], [122.00319368200007, 42.755043295000064], [122.12780283300003, 42.79083568000004], [122.39327450000008, 42.73514969900003], [122.49079470600009, 42.77493050600003], [122.46370576000004, 42.85838707500005], [122.49079470600009, 42.945696946000055], [122.72375963900004, 42.898088707000056], [122.86462215600011, 42.79083568000004], [123.20594287300003, 42.862358389000065], [123.31429865600012, 43.036843230000045], [123.68812610600003, 43.15157411900003], [123.8099180050001, 43.42951353600006], [123.46664688600004, 43.56533746000008], [123.48745119600005, 43.665750779000064], [123.59494013200003, 43.713388364000025], [123.53876849500011, 43.96738206100008], [123.3856487700001, 44.099800336000044], [123.40770134000002, 44.19265518000003], [123.23086470300007, 44.532268619000035], [123.1615170010001, 44.55698082200007], [122.41949660000012, 44.29201587500006], [122.29813812400005, 44.41350402200004], [122.37095321000004, 44.48281274200008], [122.33627936000005, 44.57180310800004], [122.14210579700011, 44.756763024000065], [122.1213014870001, 45.10533736700006], [122.14515709500006, 45.20793370400003], [122.27164730200002, 45.24388178800007], [122.31602983100004, 45.406145853000055], [122.282742933, 45.499548323000056], [122.111870199, 45.555515555000056], [122.01727993400004, 45.74050929300006], [121.84391068100001, 45.767122063000045], [121.77456298200002, 45.82755843600006], [121.8612476080001, 45.90240850600003], [121.94099746400002, 46.07827029500004], [122.14557318200002, 46.046993334000035], [122.35361628400005, 45.885515686000076], [122.47150737700008, 45.97474810700004], [122.54085507700006, 45.97715780100003], [122.72115909900003, 45.80822592800007], [122.82864803700011, 45.81547640500003], [122.904930508, 46.01088251700003], [122.84598496100011, 46.097508848000075], [122.904930508, 46.167192356000044], [123.06096283500005, 46.17439596300005], [123.15111484600004, 46.19600112200004], [123.16845177000005, 46.29910858200003], [123.02975637000009, 46.37810612900006], [123.0887019160001, 46.49280792900004], [123.09910407100006, 46.59773917900003], [123.1441800770001, 46.67868351100003], [123.41463610900007, 46.64774850600003], [123.59840751800004, 46.735747788000026], [123.64695090900011, 46.87103369700003], [123.52212504700003, 46.79037778000003], [123.13724530600007, 46.88288465200003], [122.87719142600008, 47.131150244000025], [122.70382217500003, 47.17595122100005], [122.56859415800011, 47.41581625900005], [122.64834401400003, 47.58213902800003], [123.2926274990001, 47.84503651700004], [123.35222317900002, 47.99752730200004], [123.48766790800005, 48.03739109600008], [124.26241175500002, 48.56357496600003], [124.42494542800011, 48.54205780400008], [124.45203437400005, 48.35879237300003], [124.59289689200011, 48.23624785800007], [124.6308214170001, 48.502585907000025], [124.84753298100009, 49.091437334000034], [124.99008855800002, 49.22319809000004], [125.184790356, 49.18448131000008], [125.2779086060001, 49.22872658400007], [125.3794921540001, 49.47136820900005], [125.26944331200002, 49.679959816000064], [125.30330449300004, 49.80577971200006], [125.3117697890001, 49.89856737500003], [125.3625615630001, 50.17044043900006], [125.51493688300002, 50.25170232600004], [125.60805513200012, 50.435383855000055], [125.86201399800007, 50.55385824600006], [125.91280577200007, 50.68276431000004], [125.86201399800007, 50.72565450600007], [125.87894459000006, 50.85943359600003], [126.07364638700005, 50.93418269800003], [126.10750757000005, 51.06204498200003], [126.09057697900005, 51.18955509300008], [125.94666695500007, 51.18955509300008], [125.54033276900009, 51.633072079000044], [125.150929173, 51.67508755700004], [124.88003971700005, 51.40129026300008], [124.61761555500004, 51.42241008900004], [124.40598316800003, 51.369592228000045], [124.1858854830001, 51.40657113300006], [124.09276723300002, 51.35902133700006], [123.9234613220001, 51.38016067900003], [123.82187777400009, 51.29554474200006], [123.66103716100008, 51.29554474200006], [123.55098831900011, 51.37487675800003], [123.39861299800009, 51.33258343300008], [123.2377723840001, 51.369592228000045], [123.03460529100005, 51.47516697900005], [122.82297290100007, 51.77995591500007], [122.87376467500007, 51.96810631000005], [122.7806464250001, 52.08269979000005], [122.83990349300007, 52.254039843000044], [122.7887731080001, 52.29858376000004], [122.59915048900007, 52.32839279600006], [122.496212495, 52.46063462200004], [122.35534997700006, 52.52990302000006], [122.24699419400008, 52.51342044100005], [122.19281630300009, 52.384643992000065], [122.06820715300012, 52.33501430100006], [121.93276242400009, 52.34494469900005], [121.79731769600005, 52.47053678900005], [121.62936623200005, 52.50352792500007], [121.33680561800008, 52.661541113000055], [121.9165090570001, 53.08012929600005], [121.59307227900001, 53.40578626000007], [120.80823256400004, 53.242949827000075], [120.43575956100005, 52.96342138300008], [120.1479395130001, 52.830647749000036], [120.11969156500004, 52.61241020400007], [120.57623470800002, 52.56973629400005], [120.689410156, 52.48603250800005], [120.63171286900001, 52.35340099100006], [120.75376482200011, 52.24075800900005], [120.63171286900001, 51.91206067300004], [120.09912252400011, 51.65534378900003], [119.58428519200004, 50.91559735700008], [119.52214965100006, 50.804938710000044], [119.41563158200006, 50.70807255500006], [119.27138836600011, 50.56733083700004], [119.21812933100011, 50.48833132200008], [119.19149981300006, 50.42333989200006], [119.24697797400006, 50.304429414000026], [119.32464739800002, 50.18806265400008], [119.30023700900006, 50.121236500000066], [119.128387857, 50.00978506800004], [118.84433967500001, 49.982395444000076], [118.65970835600001, 49.96869478200006], [118.5812400430001, 49.94448074200005], [118.2949727350001, 49.75130487700005], [118.126319125, 49.67812634400008], [118.00648629900002, 49.597646405000035], [117.87555784000006, 49.57462770400008], [117.71799986200006, 49.57606669000006], [117.36293963300011, 49.653708993000066], [117.06779581800004, 49.70827203500005], [116.72826947300007, 49.848704773000065], [116.56405411700007, 49.64652508700004], [116.0580932900001, 48.87171237200005], [116.12466708400007, 48.80306299600005], [116.08250368200004, 48.73139218400007], [115.91385007200006, 48.61855990300006], [115.8339615210001, 48.27559218600004], [115.5077499360001, 48.15582029400008], [115.5991502060001, 47.90390764400007], [115.96669302100008, 47.67094042800005], [116.24755121100009, 47.85972421900004], [116.46599646900006, 47.843436616000076], [117.04504977200008, 47.85972421900004], [117.41259258700006, 47.663935276000075], [117.76973324700009, 48.006082494000054], [118.4597428730001, 47.98984092000006], [118.82381830200006, 47.78755456300007], [119.08040479700003, 47.78289501100005], [119.1693085490001, 47.56323759500003], [119.46001411200007, 47.369715057000064], [119.72852841100007, 47.199609750000036], [119.78178744500008, 47.10906598200006], [119.8838672600001, 46.95630216400008], [119.92603066400011, 46.88051467100007], [119.87055250300011, 46.75599109700005], [119.52214965100006, 46.667739303000076], [118.39705255000001, 46.78031102500006], [117.76779705900003, 46.579770272000076], [117.51925489900009, 46.62855800800003], [117.40137490400002, 46.52996151700006], [117.32610213400005, 46.43607983100003], [116.84748094500003, 46.456630293000046], [116.56627324500005, 46.29642545100006], [116.41981089900003, 46.17670091800005], [116.37542837100011, 46.09366167300004], [116.28888244000007, 45.988915606000035], [116.25337641700003, 45.908681674000036], [116.25559554300003, 45.85924921800006], [116.27112942800011, 45.786565550000034], [115.64169640700004, 45.44651470000008], [114.65255408700011, 45.444498499000076], [114.503456529, 45.20558847400008], [113.64701242300009, 44.81090599000004], [112.73162276900007, 44.882198679000055], [112.5513187460001, 45.04167211300006], [111.92025466600006, 45.07106489000006], [111.44175553000008, 44.37138360300003], [112.02774360400008, 43.83606856500006], [112.00000452300003, 43.728423951000025], [111.58391831700004, 43.51003866800005], [111.06727794400007, 43.36400787700006], [110.41929302700004, 42.78511665000008], [109.42308729700005, 42.46795975800006], [108.23442435900006, 42.43693955100008], [107.90155539200003, 42.38829966900005], [107.39531717500006, 42.45996633000004], [107.24275223300003, 42.360122499000056], [106.84400295200004, 42.30116574700003], [105.91127637500006, 42.026162389000035], [105.62001603100003, 41.88175905600008], [105.14845166200007, 41.66972125400008], [105.00282149200007, 41.56862808900007], [104.60753959500005, 41.63085802200004], [104.57286574500006, 41.80426557200008], [103.79963887900004, 41.78617025600005], [103.09575971200007, 41.96689347000006], [102.22891345100004, 42.093095564000066], [101.84750109500004, 42.411344316000054], [100.33745490500007, 42.57577114800006], [100.06114765800004, 42.55981083000006], [99.30265717800006, 42.44797427200007], [97.45248218600005, 42.56554703900008], [97.36665056300006, 42.54598349100007], [97.40643098000004, 42.167507931000046], [97.57438244200006, 41.95835290900004], [97.40101319000007, 41.67975711300005], [97.42810213600006, 41.46088059400006], [97.78025843100005, 40.97592607800004], [97.99696999700006, 40.84490503500007], [98.23535271800006, 40.61499379500003], [98.40330418200006, 40.536807776000046], [98.60918016800008, 40.56150796900005], [99.05885666700004, 40.861296863000064], [100.13699670600005, 40.91454229100003], [100.41872174300005, 40.75878141600003], [100.43497511000004, 40.45440801500007], [100.00155197800007, 40.173492346000046], [99.81734714700008, 39.97864749300004], [99.97988082200004, 39.79573458100003], [100.28869480200007, 39.68325105400004], [100.44039289800008, 39.53716594500003], [100.88703543500009, 39.52697023500008], [100.92517667200008, 39.457398916000045], [100.89743759000004, 39.37703783100005], [100.91824190000006, 39.15422309100006], [101.11935023300003, 39.04389674000004], [101.27884994600004, 39.035817302000055], [101.39327365300005, 38.960364679000065], [101.60825152600006, 38.92260820300004], [102.37454362300008, 38.94418579400008], [102.83223844900004, 39.08428006500003], [103.38008528700004, 39.46810672700008], [103.83431272900003, 39.454721705000054], [104.21919246900006, 39.21603787500004], [104.24790241700003, 39.007585885000026], [104.12141221200005, 38.87468248700003], [104.15469910700006, 38.772678916000075], [104.13916522200009, 38.56476346200003], [104.02155152200004, 38.46579222200006], [103.73084595900008, 38.42234087000003], [103.72640770600003, 38.223871289000044], [103.61767051100009, 38.05457048000005], [103.63542352300004, 37.79900673900005], [103.96385423400005, 37.69372319100006], [103.97938812000007, 37.623450982000065], [104.30559970500008, 37.52671813300003], [104.50975933700005, 37.54607475500006], [104.59852439500008, 37.61993562600003], [105.09560871500008, 37.674404965000065], [105.30198747200006, 37.88487715000008], [105.45288807000009, 38.003878531000055], [105.90558986300005, 38.293571616000065], [105.90558986300005, 38.75710620500007], [106.09643473500006, 38.966188174000024], [106.09199648300006, 39.13163370600006], [106.32056650600003, 39.241715328000055], [106.38048291900009, 39.341327817000035], [106.52028788500007, 39.34304403200008], [106.66009284900008, 39.432229076000056], [106.87312898700009, 39.40479966400005], [106.87312898700009, 39.26405458600004], [107.06619298700008, 39.11613965300006], [106.63595984900007, 38.386473815000045], [106.93415496500006, 38.228665326000055], [107.24621961900004, 38.23955969200006], [107.50974088200007, 38.081431724000026]]]}}, {"type": "Feature", "properties": {"name": "East Kazakhstan Region", "country": "KAZ"}, "geometry": {"type": "Polygon", "coordinates": [[[77.6971702, 50.2218527], [77.7022768, 50.2039699], [77.6785447, 50.1607153], [77.4760701, 50.050699], [77.4458148, 50.0213149], [77.4176623, 50.015993], [77.2770287, 49.970305], [77.2317852, 49.9431917], [77.2148766, 49.9412308], [77.2031607, 49.945408], [77.1924747, 49.9440409], [77.1658457, 49.9286694], [77.1464265, 49.8781696], [77.1618761, 49.8619055], [77.1510614, 49.8178434], [77.1453966, 49.7720782], [77.1826471, 49.7565547], [77.1769823, 49.7060692], [77.1670259, 49.6834168], [77.1048416, 49.6155911], [77.1511901, 49.5249727], [77.1594299, 49.4979996], [76.8416904, 49.5143283], [76.6048199, 49.4401402], [76.5899964, 49.3824644], [76.6701649, 49.3222998], [76.6678539, 49.2886461], [76.7523118, 49.2703674], [76.9030539, 49.1891982], [76.9053809, 49.1253779], [76.986297, 49.0947076], [77.0345457, 49.0434513], [76.9386056, 49.0166059], [76.9182844, 49.0359164], [76.8354513, 49.0130827], [76.83661, 48.9454614], [76.8510296, 48.8904124], [76.8345501, 48.8696404], [76.833048, 48.8484292], [76.8838598, 48.8140769], [76.8905546, 48.8199546], [77.2893883, 48.8544582], [77.3144295, 48.7818785], [77.3316492, 48.7418577], [77.3163636, 48.7379573], [77.3132063, 48.732376], [77.317058, 48.729326], [77.312348, 48.726304], [77.318914, 48.7176265], [77.3137964, 48.7160338], [77.3157812, 48.7138818], [77.3083569, 48.7045932], [77.3117472, 48.6947646], [77.3172189, 48.6895238], [77.3182703, 48.6809532], [77.3104168, 48.6663303], [77.304473, 48.6641053], [77.3017694, 48.6545098], [77.3049451, 48.6514338], [77.3004604, 48.6489104], [77.3032929, 48.6391986], [77.3103953, 48.6376672], [77.3099018, 48.6340513], [77.3166149, 48.6299192], [77.1575136, 48.4908307], [76.9601057, 48.5021826], [76.904086, 48.4828216], [76.901194, 48.4703361], [76.9051846, 48.4568037], [76.9006034, 48.426951], [76.8904442, 48.4116822], [76.8683305, 48.4041114], [76.8267421, 48.4045788], [76.841391, 48.3693546], [76.885045, 48.348983], [76.937219, 48.3295808], [76.9816873, 48.2864219], [77.0933993, 48.2715917], [77.1548714, 48.2697723], [77.1469915, 48.2443476], [77.1167362, 48.2382033], [77.0601249, 48.2370878], [77.0485599, 48.2159379], [77.046622, 48.2015182], [77.0597117, 48.1757173], [77.1628904, 48.1048669], [77.2271894, 48.1080619], [77.2928132, 48.1000669], [77.3378697, 48.073024], [77.218919, 48.0331325], [77.1679767, 48.0198812], [77.1940021, 47.9586985], [77.141605, 47.9434474], [77.1198434, 47.8539646], [77.0944389, 47.8515903], [77.0399808, 47.8579144], [77.0470877, 47.8369925], [77.0019595, 47.7168689], [76.9877785, 47.7023601], [76.9754848, 47.6714998], [76.9708977, 47.6452202], [77.0097531, 47.6144348], [77.0146828, 47.5730526], [77.034877, 47.4961906], [77.0459677, 47.4752406], [77.0564624, 47.4177045], [76.9780773, 47.4401031], [76.8721603, 47.4425432], [76.8493833, 47.3216356], [76.8487055, 47.2904793], [76.7833602, 47.2471585], [76.8339351, 47.2285841], [76.8833202, 47.1806804], [77.1384388, 47.0809954], [77.1717156, 47.082618], [77.2302281, 47.1752451], [77.2881011, 47.1845784], [77.3323882, 47.1647784], [77.3877186, 47.1502059], [77.4655045, 47.1609928], [77.6086196, 47.2095137], [77.8672627, 47.1699935], [78.0143057, 47.2825622], [78.1420444, 47.1910276], [78.303405, 47.3308936], [78.4722593, 47.233962], [78.5919868, 47.180988], [78.6418065, 47.1410302], [78.7682575, 47.1333358], [78.8168486, 47.047246], [79.2629325, 47.0816655], [79.5772777, 46.7795593], [79.9158978, 46.8715815], [80.0082511, 46.9147543], [80.1556224, 46.8803276], [80.1909846, 46.8661869], [80.1907486, 46.8361916], [80.1981913, 46.8092362], [80.2165943, 46.8045199], [80.2371508, 46.7837624], [80.5910307, 46.6670012], [80.8632159, 46.562769], [81.1046362, 46.5655979], [81.1423159, 46.5600506], [81.2023115, 46.5127577], [81.255269, 46.489707], [81.2920368, 46.513256], [81.3095462, 46.5127983], [81.3273547, 46.4930481], [81.3376544, 46.4708259], [81.3395199, 46.4525377], [81.3655722, 46.4593893], [81.3737261, 46.4791338], [81.3805926, 46.4826209], [81.3829958, 46.4895943], [81.4018786, 46.506965], [81.4131224, 46.5105093], [81.4120066, 46.5207866], [81.4397299, 46.5265151], [81.4448798, 46.5204913], [81.4365113, 46.5159583], [81.4359963, 46.5110557], [81.4026082, 46.4803898], [81.3777602, 46.4450198], [81.3806784, 46.4408206], [81.3994753, 46.4341958], [81.4120066, 46.4390462], [81.4457381, 46.4728093], [81.4693415, 46.4842757], [81.4695132, 46.4937307], [81.4726031, 46.4953852], [81.4859068, 46.4916035], [81.4951766, 46.4948534], [81.5598929, 46.4871715], [81.6028512, 46.5192806], [81.5851271, 46.4965078], [81.5639269, 46.4768287], [81.5565884, 46.4574086], [81.5126753, 46.4170619], [81.536901, 46.3658245], [81.7599224, 46.1865217], [81.884849, 46.1036552], [81.9617104, 45.9117856], [81.9779605, 45.8806526], [82.0266637, 45.8500171], [82.0630378, 45.8175543], [82.0967609, 45.7786979], [82.1243877, 45.7613205], [82.1207828, 45.6480931], [82.1395797, 45.6220766], [82.1732711, 45.6099547], [82.2364425, 45.5558909], [82.2682238, 45.5357186], [82.2799588, 45.5351376], [82.270252, 45.5505421], [82.2579086, 45.6165769], [82.2757599, 45.6321053], [82.2826764, 45.6494019], [82.2845852, 45.6696224], [82.2824269, 45.6834167], [82.2881234, 45.7087896], [82.2990702, 45.7195581], [82.3103158, 45.7379569], [82.3185828, 45.7640991], [82.337604, 45.7807936], [82.3450812, 45.7956763], [82.3428378, 45.8112918], [82.3454056, 45.8389546], [82.3350351, 45.8609069], [82.3299547, 45.8869463], [82.3407047, 45.9080862], [82.3356564, 45.9391583], [82.3756967, 45.9641161], [82.4103939, 45.9690968], [82.4265272, 45.9673915], [82.4561069, 45.9771683], [82.5118959, 46.1546288], [82.608009, 46.2984008], [82.7397784, 46.5181631], [82.7691774, 46.5999209], [82.7742165, 46.6367248], [82.7733525, 46.6589226], [82.7864463, 46.6809361], [82.7876167, 46.6922385], [82.8650074, 46.8039101], [82.8667076, 46.8165569], [82.8901216, 46.8755377], [82.9193098, 46.9278958], [82.9215491, 46.9531563], [82.9324117, 46.9720131], [82.930061, 46.9779971], [82.9328009, 46.9798783], [82.9326737, 46.9860928], [82.9296074, 46.9905546], [82.9376557, 47.0051691], [82.9351657, 47.0072613], [82.9380671, 47.0160963], [82.9515987, 47.0200513], [82.9667654, 47.0356154], [82.968867, 47.0489779], [82.9931017, 47.0643503], [83.0029327, 47.1014015], [83.0104064, 47.1144271], [83.0031396, 47.1208494], [83.0195744, 47.1328519], [83.0186895, 47.141724], [83.0114314, 47.1429597], [83.01229, 47.1471588], [83.0280638, 47.1619905], [83.0260193, 47.1697504], [83.0294717, 47.1750066], [83.0240358, 47.187038], [83.0281811, 47.1920825], [83.0251124, 47.1999371], [83.0278989, 47.20679], [83.0233734, 47.21461], [83.0317564, 47.223613], [83.0421513, 47.2150037], [83.0516257, 47.225277], [83.0632232, 47.2277391], [83.0833289, 47.2282094], [83.0941481, 47.2237893], [83.1099363, 47.2292993], [83.1508936, 47.2346519], [83.1736792, 47.2204296], [83.2004594, 47.2163289], [83.2083481, 47.2101926], [83.2068777, 47.1989022], [83.209051, 47.195967], [83.2208862, 47.1879509], [83.2364816, 47.1890704], [83.2354482, 47.1817231], [83.2405909, 47.1788367], [83.2800875, 47.1751998], [83.2884539, 47.1819923], [83.2930715, 47.1819985], [83.3181208, 47.1714321], [83.3355094, 47.1699743], [83.3648907, 47.1777807], [83.3617584, 47.1710714], [83.3645325, 47.1638665], [83.3862801, 47.1502218], [83.3880652, 47.141844], [83.407287, 47.1284465], [83.4137282, 47.1205132], [83.4134662, 47.1159925], [83.428751, 47.1145463], [83.4298919, 47.1232471], [83.4407553, 47.1253496], [83.4492361, 47.131404], [83.4707806, 47.1280202], [83.4650378, 47.1248899], [83.464903, 47.1190278], [83.4811574, 47.1175318], [83.4842205, 47.1134315], [83.4832018, 47.1091283], [83.4938649, 47.1099607], [83.4986422, 47.1073653], [83.5059297, 47.1095069], [83.5160123, 47.0945999], [83.5268647, 47.0907856], [83.5249815, 47.0852174], [83.5660068, 47.0781228], [83.5596967, 47.0611355], [83.5651079, 47.0563578], [83.5734988, 47.0602946], [83.5850222, 47.0598134], [83.6038533, 47.0546344], [83.6073911, 47.0462812], [83.6219308, 47.048455], [83.6802048, 47.035182], [83.6956365, 47.0357719], [83.7007209, 47.0294002], [83.7022951, 47.0207155], [83.6977413, 47.0188688], [83.6992007, 47.0173908], [83.7070594, 47.0175119], [83.7120001, 47.0238876], [83.732447, 47.0274798], [83.7402355, 47.0330737], [83.7478271, 47.0326582], [83.7579634, 47.024186], [83.768341, 47.0268847], [83.7835121, 47.024266], [83.7936999, 47.0169185], [83.8122754, 47.0164403], [83.8291175, 47.0103767], [83.8372803, 47.0033519], [83.8349937, 46.9947106], [83.8592353, 46.9979424], [83.8697271, 46.995355], [83.8708287, 46.9869775], [83.8857636, 46.9853531], [83.8919522, 46.9883669], [83.9040732, 46.9816352], [83.9031728, 46.9756116], [83.9069039, 46.9747689], [83.9172339, 46.9746904], [83.9262247, 46.9847255], [83.9336839, 46.984476], [83.9472098, 46.9909876], [83.9565511, 46.989376], [83.9607247, 46.9824428], [83.9674575, 46.984007], [83.9865236, 46.9956643], [84.0075463, 46.9892662], [84.0102776, 46.9831715], [84.0201477, 46.9830343], [84.050778, 46.969089], [84.0565283, 46.9686887], [84.059279, 46.9724641], [84.0792324, 46.9682161], [84.1246188, 46.9670148], [84.1583457, 46.980858], [84.1592673, 46.9882778], [84.1646777, 46.9905481], [84.1657155, 46.9942883], [84.1759854, 46.9926167], [84.1778055, 46.9974572], [84.1956379, 46.9989668], [84.2011446, 47.0022784], [84.2249982, 46.9971921], [84.2385406, 47.0037117], [84.295311, 46.9979706], [84.3386536, 47.0011253], [84.3823471, 46.9996872], [84.424263, 47.0087166], [84.4433746, 47.0086899], [84.464119, 46.99543], [84.5141525, 46.9801788], [84.5712051, 46.9979172], [84.6397781, 46.9999695], [84.6777344, 47.0037346], [84.7222977, 47.0154877], [84.7362061, 47.0140686], [84.7522945, 47.0049076], [84.7548551, 46.9990714], [84.7625206, 46.9987343], [84.7756841, 46.9918357], [84.7823139, 46.9736877], [84.81384, 46.9573441], [84.8236438, 46.9603605], [84.8400854, 46.9571103], [84.8472673, 46.95382], [84.8508626, 46.9476022], [84.858121, 46.9469439], [84.8612452, 46.9440668], [84.858335, 46.9390989], [84.8584897, 46.9278512], [84.8688389, 46.9222695], [84.8776816, 46.9114784], [84.9056568, 46.8984707], [84.91378, 46.890312], [84.9155341, 46.8800309], [84.9301127, 46.8756592], [84.944232, 46.8628509], [84.9631078, 46.8663738], [84.9658387, 46.8726692], [84.9795496, 46.8735525], [84.9733385, 46.8873595], [84.9791396, 46.8920164], [84.9828792, 46.9151082], [84.9884783, 46.9185869], [85.0012638, 46.9211469], [85.0020146, 46.9251042], [85.0061471, 46.9264562], [85.0335787, 46.921729], [85.0492474, 46.928572], [85.0663279, 46.9256637], [85.0679746, 46.9286585], [85.0781001, 46.9309561], [85.0776323, 46.937591], [85.0826021, 46.9404773], [85.0852346, 46.9496307], [85.0788428, 46.9578936], [85.0899258, 46.9577278], [85.0973343, 46.9654134], [85.1087445, 46.9673934], [85.1131232, 46.9711594], [85.1191217, 46.969935], [85.1279621, 46.9752979], [85.1284232, 46.9810621], [85.1345447, 46.9815605], [85.1454993, 46.9892856], [85.1662271, 46.9864777], [85.1759709, 46.9921661], [85.1786117, 46.9967371], [85.175607, 47.0034542], [85.1877866, 47.0066844], [85.1884154, 47.0101114], [85.194095, 47.0126442], [85.2045295, 47.0323668], [85.2117828, 47.039275], [85.2106767, 47.044153], [85.2168977, 47.0523679], [85.2338099, 47.0492259], [85.240839, 47.0537355], [85.2534699, 47.0530664], [85.2614626, 47.0498754], [85.2748211, 47.0563955], [85.2723965, 47.063949], [85.2763604, 47.0687742], [85.2823351, 47.0634736], [85.2993583, 47.0649837], [85.3069613, 47.0508575], [85.3235233, 47.0429154], [85.3395604, 47.0480943], [85.3418672, 47.0540841], [85.3457082, 47.0548428], [85.3664567, 47.0524407], [85.3824177, 47.0460355], [85.4059322, 47.0516737], [85.4125171, 47.0599526], [85.4240605, 47.0606247], [85.430099, 47.057211], [85.4383196, 47.0605062], [85.4533527, 47.0603675], [85.4603513, 47.0639884], [85.485282, 47.0525324], [85.5052592, 47.0562482], [85.5319474, 47.0490779], [85.5376029, 47.0485643], [85.5469926, 47.0534082], [85.559008, 47.0504224], [85.5608335, 47.0599137], [85.5759893, 47.0892855], [85.57851, 47.1096256], [85.5863138, 47.1138488], [85.5830381, 47.1196323], [85.5746733, 47.1235985], [85.5787285, 47.1407306], [85.6101954, 47.1604865], [85.6323249, 47.1811414], [85.6399052, 47.1840212], [85.6499343, 47.205569], [85.6617885, 47.2143899], [85.6781449, 47.2191982], [85.6856976, 47.2287249], [85.685379, 47.2367817], [85.6889388, 47.2404339], [85.6876539, 47.2451334], [85.6800457, 47.2508753], [85.6955377, 47.2724922], [85.6941232, 47.2787202], [85.698654, 47.2887132], [85.6838022, 47.3051466], [85.6846745, 47.3087767], [85.6748549, 47.3113923], [85.6729343, 47.32086], [85.6856394, 47.330021], [85.6879188, 47.3651907], [85.6980767, 47.3670035], [85.7029578, 47.3800725], [85.6850878, 47.3971762], [85.6831837, 47.4302465], [85.6754862, 47.4363051], [85.6691165, 47.4471727], [85.6499169, 47.4532388], [85.6395224, 47.4638094], [85.6372797, 47.4720868], [85.6323664, 47.4741159], [85.6264719, 47.485305], [85.6151124, 47.4917524], [85.6078337, 47.5089193], [85.6102744, 47.515165], [85.609109, 47.5328572], [85.6183282, 47.5440165], [85.6179181, 47.5484528], [85.627502, 47.5580114], [85.6286178, 47.577545], [85.63587, 47.5864033], [85.5530404, 47.9819481], [85.5394152, 47.9856539], [85.5396895, 47.9965096], [85.5445276, 48.0010311], [85.5471772, 48.0101734], [85.5394803, 48.0205887], [85.5265731, 48.0258791], [85.532682, 48.0305558], [85.5289238, 48.0351061], [85.5314491, 48.038974], [85.5294264, 48.0438514], [85.5364519, 48.0458274], [85.5345986, 48.0492442], [85.541902, 48.0534611], [85.5386742, 48.0591942], [85.5424967, 48.0627142], [85.5345201, 48.0708216], [85.5415129, 48.0742557], [85.5403593, 48.0775763], [85.5482873, 48.0793228], [85.5447378, 48.083093], [85.5450809, 48.089284], [85.5500913, 48.0955002], [85.5432368, 48.0979104], [85.5491187, 48.101641], [85.5449433, 48.1051845], [85.5545768, 48.1065337], [85.5490522, 48.1077802], [85.5508703, 48.1099909], [85.5468189, 48.114706], [85.5515325, 48.1153022], [85.5492842, 48.1276026], [85.5536054, 48.1294332], [85.5583559, 48.1256813], [85.5585514, 48.1316816], [85.5639555, 48.1325623], [85.5548787, 48.1363276], [85.5539653, 48.140197], [85.5633286, 48.1461109], [85.5593334, 48.1494464], [85.56413, 48.1493291], [85.5621686, 48.1524057], [85.5679826, 48.1574857], [85.5742413, 48.1566041], [85.5775604, 48.1603737], [85.5870743, 48.1792564], [85.5921249, 48.1989708], [85.603714, 48.2000847], [85.6104965, 48.2104721], [85.6216812, 48.2042694], [85.637085, 48.2312317], [85.6639175, 48.2458344], [85.6769485, 48.2729797], [85.6860352, 48.277462], [85.6842422, 48.2888451], [85.6880493, 48.297123], [85.6974716, 48.3018417], [85.6936569, 48.3122787], [85.6978455, 48.3196487], [85.6953201, 48.3323898], [85.7037735, 48.335495], [85.7094955, 48.3479118], [85.7172699, 48.3512306], [85.7136993, 48.3644066], [85.7226028, 48.3650131], [85.7479172, 48.3864098], [85.755394, 48.3981667], [85.7782593, 48.4119911], [85.8267059, 48.4216347], [85.8381958, 48.4272881], [85.8618317, 48.4294662], [85.8897629, 48.4266815], [85.9088516, 48.4312935], [85.9618835, 48.4349937], [86.0396194, 48.4354935], [86.1581955, 48.4304161], [86.2137756, 48.4319687], [86.2392578, 48.4373894], [86.2769775, 48.4542503], [86.2876816, 48.4660034], [86.3015671, 48.4745979], [86.3040924, 48.4837532], [86.3019104, 48.4885216], [86.3211899, 48.4878197], [86.3430862, 48.4928436], [86.3510742, 48.4897308], [86.358963, 48.4907265], [86.3721466, 48.5009041], [86.4040146, 48.4761276], [86.4153366, 48.4751282], [86.586633, 48.540539], [86.59369, 48.547346], [86.597429, 48.558267], [86.594728, 48.567186], [86.597019, 48.572323], [86.593918, 48.574974], [86.597718, 48.57616], [86.601377, 48.584518], [86.610093, 48.587866], [86.611918, 48.597136], [86.629142, 48.604953], [86.634338, 48.612701], [86.635018, 48.62646], [86.668662, 48.631144], [86.68895, 48.640015], [86.691774, 48.643195], [86.689007, 48.648328], [86.698765, 48.655191], [86.700475, 48.668937], [86.726037, 48.68316], [86.739902, 48.698171], [86.773001, 48.720398], [86.777837, 48.735753], [86.771996, 48.747548], [86.773463, 48.75012], [86.751221, 48.777878], [86.753307, 48.787702], [86.75736, 48.789216], [86.761641, 48.80469], [86.787263, 48.815091], [86.819222, 48.833126], [86.816503, 48.856312], [86.797982, 48.869742], [86.783921, 48.874853], [86.775156, 48.889472], [86.751382, 48.896068], [86.751337, 48.903333], [86.741709, 48.912088], [86.740908, 48.918549], [86.735443, 48.923498], [86.730179, 48.940168], [86.731514, 48.949452], [86.726706, 48.951153], [86.731521, 48.97156], [86.726428, 48.979148], [86.730346, 48.984283], [86.726388, 48.987993], [86.729908, 48.989546], [86.728784, 48.994148], [86.741288, 49.005785], [86.749756, 49.009323], [86.749645, 49.015031], [86.762884, 49.020755], [86.766269, 49.02561], [86.780886, 49.027309], [86.794943, 49.039097], [86.800773, 49.038931], [86.834461, 49.052468], [86.839347, 49.060436], [86.847502, 49.0653], [86.842111, 49.08757], [86.843535, 49.100629], [86.862307, 49.11756], [86.874529, 49.120522], [86.878704, 49.128484], [86.896307, 49.134822], [86.943692, 49.130021], [86.968806, 49.133441], [86.999315, 49.142674], [87.064046, 49.127058], [87.073928, 49.132218], [87.082474, 49.131059], [87.089729, 49.138035], [87.100575, 49.140051], [87.100072, 49.146811], [87.104137, 49.151124], [87.14183, 49.152374], [87.151514, 49.150749], [87.153263, 49.14521], [87.168671, 49.138877], [87.200004, 49.142945], [87.214986, 49.130341], [87.213546, 49.122777], [87.227372, 49.119458], [87.230303, 49.1144], [87.253524, 49.11171], [87.259993, 49.114839], [87.272364, 49.113887], [87.2775, 49.117732], [87.28579, 49.115872], [87.286276, 49.120791], [87.297042, 49.132452], [87.294057, 49.139913], [87.299459, 49.148658], [87.289965, 49.155999], [87.293127, 49.16316], [87.303812, 49.172181], [87.300761, 49.184046], [87.2926947, 49.1901042], [87.2915929, 49.201769], [87.3156316, 49.2310833], [87.303657, 49.235279], [87.269325, 49.23257], [87.255265, 49.240168], [87.243298, 49.237869], [87.232023, 49.24483], [87.198325, 49.252499], [87.175643, 49.246746], [87.165779, 49.25017], [87.141721, 49.245908], [87.128274, 49.256051], [87.094709, 49.252063], [87.060354, 49.254606], [87.047175, 49.250485], [87.0307157, 49.2528804], [87.0185332, 49.2690166], [87.0060455, 49.2988636], [86.982143, 49.30089], [86.970987, 49.305851], [86.958967, 49.317622], [86.962708, 49.325412], [86.954126, 49.335238], [86.9403677, 49.3397189], [86.9264692, 49.3488781], [86.9249693, 49.3582505], [86.927097, 49.359784], [86.9231005, 49.3623292], [86.9247153, 49.3698176], [86.9367763, 49.3689182], [86.9492001, 49.3799416], [86.9450732, 49.3914794], [86.9362659, 49.4001947], [86.9477722, 49.4064175], [86.9473282, 49.4096239], [86.9301213, 49.4200618], [86.9144436, 49.4166369], [86.9065016, 49.427643], [86.8683051, 49.4348227], [86.8575631, 49.4443211], [86.8510814, 49.4445937], [86.8470507, 49.4517024], [86.8333774, 49.4522466], [86.8386619, 49.4627196], [86.8309528, 49.4697529], [86.8342578, 49.4771334], [86.8297196, 49.4817399], [86.855415, 49.4991404], [86.8510494, 49.5106244], [86.8248181, 49.5230345], [86.8148466, 49.5323219], [86.8273607, 49.5387381], [86.8271741, 49.5454254], [86.8044304, 49.5491587], [86.798372, 49.5541162], [86.7902327, 49.5527722], [86.7747125, 49.557549], [86.7771891, 49.5634761], [86.7645707, 49.5618355], [86.7596263, 49.5636907], [86.7588018, 49.5687712], [86.7395126, 49.571169], [86.721383, 49.5682209], [86.6823965, 49.5690592], [86.6809745, 49.5637969], [86.6659047, 49.5602717], [86.6295593, 49.5656815], [86.6182488, 49.5703775], [86.602492, 49.6055533], [86.5975765, 49.609524], [86.6085769, 49.6170992], [86.6155494, 49.6285236], [86.6356928, 49.6319262], [86.6591592, 49.6437888], [86.6532607, 49.6524874], [86.6632251, 49.6568084], [86.6657335, 49.6655024], [86.6819148, 49.6686591], [86.6842375, 49.6751482], [86.7006673, 49.6806515], [86.6997247, 49.6849729], [86.7094733, 49.6872606], [86.7241897, 49.6766511], [86.7294064, 49.678198], [86.7384205, 49.6884204], [86.7490531, 49.6907724], [86.7579594, 49.6877851], [86.7677226, 49.6891316], [86.7789236, 49.6960165], [86.7784569, 49.7031465], [86.7708979, 49.710565], [86.7663363, 49.7249357], [86.7568385, 49.7322157], [86.7580186, 49.7371252], [86.7529975, 49.7423948], [86.7645845, 49.7502326], [86.7644746, 49.7581408], [86.7747529, 49.7679956], [86.7834645, 49.7931126], [86.7551037, 49.791785], [86.746511, 49.7865978], [86.7358617, 49.7871536], [86.7285086, 49.7928578], [86.7153406, 49.7942163], [86.710829, 49.8012137], [86.6883746, 49.8108988], [86.6762148, 49.8075773], [86.6538786, 49.8125599], [86.6456149, 49.8065271], [86.636417, 49.8079682], [86.6197642, 49.8044494], [86.5899075, 49.8070677], [86.590297, 49.8010231], [86.596694, 49.7959547], [86.5973192, 49.7875149], [86.604765, 49.7842966], [86.6029505, 49.779866], [86.6105839, 49.7720407], [86.6024097, 49.7440475], [86.5860133, 49.7396669], [86.5784234, 49.733919], [86.580549, 49.7229677], [86.526557, 49.702045], [86.5182799, 49.6933279], [86.5092392, 49.6909505], [86.5083639, 49.6782157], [86.4884508, 49.6579097], [86.4562683, 49.6383159], [86.4477538, 49.6377689], [86.4286117, 49.6293521], [86.4200029, 49.60759], [86.3867759, 49.6013724], [86.3713508, 49.5936219], [86.3618183, 49.5924001], [86.3313998, 49.5932033], [86.3159148, 49.5992797], [86.2866119, 49.5918468], [86.2716, 49.5827], [86.2662499, 49.5686232], [86.2670042, 49.5465394], [86.255045, 49.5387201], [86.2538292, 49.5338981], [86.2394052, 49.5254418], [86.2387547, 49.517681], [86.2282702, 49.4951895], [86.2171585, 49.4777627], [86.2020375, 49.4661128], [86.1739095, 49.4789794], [86.1706147, 49.497644], [86.1663447, 49.5033038], [86.1129225, 49.5243832], [86.0371994, 49.5218458], [86.0332695, 49.516782], [86.032837, 49.508074], [86.0245069, 49.5037268], [85.9864642, 49.4889455], [85.9689905, 49.4871162], [85.9533888, 49.5027498], [85.955036, 49.5077376], [85.9444382, 49.5132894], [85.9378281, 49.5279], [85.9294085, 49.5358659], [85.9494498, 49.5537785], [85.9442813, 49.5613256], [85.9279268, 49.5587965], [85.9172675, 49.5651686], [85.8901753, 49.5619632], [85.8837372, 49.5669068], [85.8410632, 49.5476503], [85.826225, 49.5442537], [85.8160024, 49.5469945], [85.8055008, 49.5573542], [85.8099119, 49.5658807], [85.7806054, 49.5749996], [85.7617812, 49.5731087], [85.75689, 49.5771504], [85.6939273, 49.5641207], [85.6841267, 49.558939], [85.6776892, 49.5503959], [85.6272319, 49.5777868], [85.6228429, 49.5858793], [85.6216481, 49.600869], [85.6072246, 49.6092699], [85.5899141, 49.6143806], [85.5837034, 49.6136727], [85.5739539, 49.6041236], [85.5667422, 49.6030825], [85.5532877, 49.5944136], [85.5325438, 49.598487], [85.5238793, 49.5956797], [85.4902051, 49.5981292], [85.38844, 49.6348027], [85.3212611, 49.5908468], [85.2575191, 49.5885235], [85.2586463, 49.5992169], [85.2549831, 49.6039977], [85.2646714, 49.6197876], [85.254512, 49.6272583], [85.2101246, 49.6270855], [85.2163452, 49.6370155], [85.2053279, 49.6480751], [85.2036298, 49.6574402], [85.2100854, 49.661842], [85.2083133, 49.672758], [85.2141206, 49.6752514], [85.2149409, 49.6890682], [85.208002, 49.6978015], [85.2103348, 49.7025264], [85.2054614, 49.7098626], [85.2068298, 49.7154085], [85.2133497, 49.7151468], [85.215526, 49.7185296], [85.1985789, 49.7371908], [85.2040504, 49.7417661], [85.2033689, 49.7452678], [85.1819553, 49.7545221], [85.1752877, 49.7545638], [85.1656995, 49.7690824], [85.1487477, 49.7679097], [85.1481531, 49.7737659], [85.1431256, 49.778634], [85.1448704, 49.7811213], [85.1395003, 49.7853787], [85.1396815, 49.7906451], [85.1445651, 49.7964186], [85.1355603, 49.8003481], [85.1285916, 49.8128614], [85.1212802, 49.817961], [85.1124649, 49.8183156], [85.108442, 49.8232939], [85.101607, 49.8242126], [85.0997521, 49.828144], [85.1049324, 49.8344193], [85.1054987, 49.8431157], [85.1008287, 49.8453266], [85.1004266, 49.8521156], [85.0845827, 49.8601758], [85.0803856, 49.8685762], [85.0596988, 49.8850363], [85.0232711, 49.8910524], [85.0114973, 49.8982907], [85.004756, 49.8982758], [84.9952089, 49.9055937], [84.9854889, 49.9067722], [84.9871379, 49.9234157], [84.978111, 49.9425262], [84.9849266, 49.9499191], [84.9729465, 49.9542789], [84.9947261, 49.9701275], [84.9780463, 49.9762943], [84.983576, 49.983967], [84.9934653, 49.988835], [85.0252916, 49.9999241], [85.0321626, 49.9990559], [85.0378305, 50.0090701], [85.0492582, 50.0103974], [85.0353651, 50.0188759], [85.0373823, 50.0201948], [85.0323637, 50.0333558], [85.0335224, 50.0418265], [85.0394823, 50.0484214], [85.0355435, 50.0524943], [85.026135, 50.0540746], [85.0241391, 50.0602182], [85.0062455, 50.058167], [84.9748274, 50.0669581], [84.9663, 50.0725], [84.9458311, 50.0966095], [84.9239949, 50.0921596], [84.9052835, 50.0954081], [84.8865853, 50.1042151], [84.8768451, 50.1020799], [84.87278, 50.095991], [84.8643733, 50.0960678], [84.8563631, 50.0921128], [84.8507, 50.0939], [84.8335, 50.1051], [84.8325813, 50.1142754], [84.8166148, 50.1166971], [84.8139079, 50.120772], [84.8134244, 50.1361621], [84.8253745, 50.1429846], [84.8052256, 50.1472004], [84.7577173, 50.1368998], [84.7492686, 50.1400029], [84.7323641, 50.1537314], [84.7271804, 50.1642278], [84.6994711, 50.1778279], [84.6920117, 50.1886227], [84.6626991, 50.1937373], [84.6584938, 50.1997841], [84.6498239, 50.2001086], [84.6281869, 50.2106789], [84.6055569, 50.2119278], [84.5811688, 50.2080688], [84.5696638, 50.2012537], [84.5675221, 50.1968412], [84.5413602, 50.2073965], [84.5302577, 50.2060354], [84.5157846, 50.215063], [84.5028077, 50.2314659], [84.4568009, 50.2472563], [84.4469701, 50.2463503], [84.4338384, 50.236084], [84.4315582, 50.2300155], [84.412569, 50.2164529], [84.4098473, 50.2092264], [84.3910652, 50.2158311], [84.3765497, 50.2144663], [84.3625226, 50.2054649], [84.3574604, 50.2138081], [84.3258485, 50.2285811], [84.3249793, 50.2389024], [84.3208601, 50.2401855], [84.3183194, 50.2470276], [84.300498, 50.2484516], [84.280651, 50.2615431], [84.2787915, 50.2669981], [84.265734, 50.273222], [84.2549615, 50.2861109], [84.2560518, 50.2893119], [84.2506785, 50.2925126], [84.2518466, 50.2971724], [84.2597118, 50.3010524], [84.2632161, 50.3144311], [84.2720294, 50.3206594], [84.2617622, 50.3255682], [84.2695448, 50.3383385], [84.2659785, 50.3483399], [84.2695591, 50.3537549], [84.2604326, 50.3661125], [84.2420265, 50.3768546], [84.2396862, 50.3875249], [84.245728, 50.3927506], [84.2419879, 50.4086615], [84.2267093, 50.4307652], [84.2164508, 50.4342309], [84.2065435, 50.4541438], [84.2039747, 50.4689746], [84.2325711, 50.4830655], [84.2375128, 50.5009828], [84.2353063, 50.5042146], [84.2487069, 50.5155657], [84.2432417, 50.5176226], [84.2305773, 50.5402423], [84.2156352, 50.5433263], [84.1967257, 50.5416217], [84.1761508, 50.5516105], [84.1691364, 50.5517446], [84.1720818, 50.563411], [84.1668552, 50.5674962], [84.1675084, 50.5701509], [84.1517487, 50.5739441], [84.156871, 50.5873405], [84.1449605, 50.6059665], [84.1152943, 50.6091944], [84.107825, 50.6230903], [84.0807346, 50.6348461], [84.0812665, 50.6387651], [84.0739046, 50.6439219], [84.0714768, 50.6587254], [84.0514775, 50.6669258], [84.0500733, 50.6719954], [84.0346523, 50.6829906], [84.0232179, 50.697862], [83.9892713, 50.7087056], [83.979951, 50.7200877], [83.9661114, 50.7279926], [83.9637072, 50.7364045], [83.9489166, 50.7505568], [83.9517482, 50.7539374], [83.9516926, 50.7635669], [83.9762238, 50.779943], [83.9726623, 50.7953988], [83.9669308, 50.7966853], [83.9643364, 50.8009987], [83.9104902, 50.8162608], [83.8955914, 50.8300454], [83.8762618, 50.8385005], [83.8769953, 50.8472065], [83.8487956, 50.8561825], [83.8494551, 50.8638013], [83.8363262, 50.8699516], [83.833666, 50.8800221], [83.8066076, 50.8828348], [83.7974142, 50.8878163], [83.7546446, 50.8900747], [83.7433456, 50.8941851], [83.7143839, 50.8929728], [83.703568, 50.8962114], [83.6926192, 50.9089643], [83.677846, 50.9154467], [83.6808676, 50.9218354], [83.6786076, 50.9279627], [83.6564957, 50.9395348], [83.648704, 50.9547766], [83.6302324, 50.943596], [83.6269774, 50.9498708], [83.5976998, 50.9607349], [83.5935072, 50.9494263], [83.5842875, 50.9467184], [83.5722768, 50.9548811], [83.5375945, 50.9608683], [83.5122732, 50.9485465], [83.5069156, 50.9497161], [83.5010759, 50.952505], [83.5043918, 50.9579256], [83.5024137, 50.9740053], [83.4995071, 50.9766292], [83.4888187, 50.9792389], [83.4474816, 50.9771369], [83.4302231, 50.9867139], [83.4398071, 51.0049494], [83.4324488, 51.0093789], [83.4043065, 51.0131384], [83.3871094, 51.0037416], [83.3662971, 50.9986147], [83.3582263, 51.0019571], [83.3582012, 51.0075455], [83.3201138, 51.010511], [83.2915581, 51.008962], [83.2844364, 51.0150364], [83.2771448, 51.013343], [83.2683749, 51.006025], [83.2256795, 51.0011814], [83.2020454, 50.9933378], [83.1796199, 51.0037975], [83.1750429, 51.0115701], [83.1210213, 51.0110042], [83.1220341, 51.0047971], [83.119193, 51.0012376], [83.1223062, 50.9845235], [83.114776, 50.9783532], [83.1124789, 50.9659531], [83.0923938, 50.9553371], [83.0886263, 50.9488605], [83.0589646, 50.9346123], [83.0059935, 50.9251995], [82.9796427, 50.8838498], [82.9617874, 50.8932929], [82.9266863, 50.8986557], [82.9110477, 50.9076824], [82.8958683, 50.9048269], [82.8891155, 50.9064951], [82.8854665, 50.8979673], [82.8788883, 50.8975302], [82.8478121, 50.90966], [82.8379932, 50.9180323], [82.7942112, 50.9180652], [82.7812716, 50.9199856], [82.7713518, 50.9271287], [82.7328173, 50.9272716], [82.7288008, 50.9228584], [82.7331553, 50.9153598], [82.731415, 50.9072059], [82.7173387, 50.90093], [82.7174511, 50.8939978], [82.7306833, 50.857299], [82.7391939, 50.8504319], [82.7064742, 50.8318982], [82.7106872, 50.8281648], [82.7099724, 50.8225069], [82.7015324, 50.8122002], [82.6751059, 50.807954], [82.6802161, 50.8005861], [82.6680144, 50.7932451], [82.6470532, 50.7943349], [82.630422, 50.7790917], [82.6054565, 50.7759965], [82.5674696, 50.7468424], [82.4852149, 50.7422572], [82.4808563, 50.751706], [82.4718234, 50.756125], [82.4082923, 50.7638408], [82.3807239, 50.7757198], [82.377832, 50.7804293], [82.3665958, 50.7778932], [82.3573143, 50.7845959], [82.350775, 50.7756261], [82.3213317, 50.7612487], [82.3167364, 50.7529586], [82.3051639, 50.7557875], [82.2958582, 50.7693844], [82.27038, 50.7697911], [82.2570167, 50.7611348], [82.2491419, 50.7488949], [82.2370219, 50.7455915], [82.2240772, 50.7368492], [82.215829, 50.7412541], [82.2119059, 50.7369226], [82.1994525, 50.7349052], [82.1855112, 50.7370321], [82.1727021, 50.7300643], [82.1753046, 50.7452719], [82.1721617, 50.7468046], [82.1589321, 50.7469534], [82.1523775, 50.7437712], [82.1468079, 50.7451018], [82.1472348, 50.7473269], [82.078382, 50.7508377], [82.0611321, 50.7573664], [82.0629189, 50.7657995], [82.0359721, 50.769114], [82.0262942, 50.7791634], [82.0125735, 50.7857508], [81.9971791, 50.7879389], [81.9919294, 50.7847519], [81.9819893, 50.7847499], [81.9650383, 50.7895315], [81.9060702, 50.7954781], [81.8854154, 50.804307], [81.7967795, 50.7719818], [81.7903997, 50.789776], [81.7895735, 50.8165709], [81.7758571, 50.820919], [81.7554323, 50.7818034], [81.7278273, 50.7601264], [81.5825039, 50.7423881], [81.5259673, 50.7517194], [81.5250593, 50.7579507], [81.5140539, 50.7586594], [81.5026377, 50.7531673], [81.4493382, 50.755926], [81.4610477, 50.8020813], [81.4859883, 50.8241775], [81.4717172, 50.8434137], [81.4716819, 50.8625668], [81.435616, 50.8631523], [81.4357552, 50.8723667], [81.4212515, 50.8724284], [81.4213278, 50.8817848], [81.4427349, 50.8918761], [81.4428381, 50.9107656], [81.4355569, 50.9108117], [81.4354055, 50.9298615], [81.4135224, 50.9298602], [81.4125874, 50.9757418], [81.2929587, 50.9745733], [81.2664113, 50.9617624], [81.2322287, 50.963261], [81.1909179, 50.9510667], [81.1791762, 50.9575994], [81.1575453, 50.9510644], [81.0597635, 50.9479034], [81.0958765, 51.0314374], [81.1029345, 51.0605741], [81.1065874, 51.0662649], [81.1162465, 51.0644417], [81.1418167, 51.0791026], [81.1553834, 51.1014323], [81.1729074, 51.1416275], [81.1649481, 51.1540214], [81.1769757, 51.1617059], [81.1744395, 51.1827977], [81.1665298, 51.1849488], [81.1463635, 51.2118797], [81.1151585, 51.2115228], [81.1025261, 51.1801609], [81.0470905, 51.1814559], [81.0460156, 51.1896323], [80.9198003, 51.219025], [80.9406108, 51.2592571], [80.9100331, 51.2587094], [80.8558032, 51.2769275], [80.7521868, 51.2979963], [80.6776732, 51.3167498], [80.6351094, 51.2627895], [80.6346995, 51.2068038], [80.492555, 51.2039976], [80.4470866, 51.2082857], [80.4373931, 51.1767349], [80.433651, 51.135163], [80.4364803, 51.1190042], [80.4531993, 51.117823], [80.4545197, 51.1091626], [80.4822163, 51.109428], [80.4822429, 50.9686871], [80.4773999, 50.9651305], [80.4397469, 50.9599253], [80.4210757, 50.9620463], [80.3759666, 50.927119], [80.3251039, 50.9275281], [80.3244587, 50.9178904], [80.2454005, 50.9185405], [80.2441917, 50.8993091], [80.1929508, 50.9003662], [80.1923362, 50.8508578], [80.1857079, 50.8508578], [80.1849175, 50.827367], [80.083038, 50.8281677], [80.0834091, 50.8529499], [80.0679769, 50.8528895], [80.0673105, 50.8465556], [80.0630469, 50.8465651], [80.063932, 50.8091042], [80.079552, 50.7387807], [80.0758658, 50.7382076], [79.898963, 50.9770033], [79.8430686, 51.0433906], [79.7316539, 51.1910062], [79.720481, 51.2171802], [79.5326896, 51.4664616], [79.4091384, 51.6155729], [79.3390577, 51.7086611], [79.2508589, 51.6976792], [79.2480262, 51.6921534], [79.2591918, 51.6884398], [79.2308712, 51.6807357], [79.2329552, 51.677181], [79.2308221, 51.6709625], [79.2461991, 51.6617444], [79.2485357, 51.6518276], [79.2456498, 51.6458547], [79.2023884, 51.6190927], [79.1106397, 51.5936093], [79.0615351, 51.5868209], [79.1013495, 51.5254022], [78.9833666, 51.4492583], [78.9192288, 51.4578577], [78.8416298, 51.4539414], [78.8377725, 51.4756105], [78.8558945, 51.4851827], [78.847098, 51.4904574], [78.8245709, 51.4937645], [78.6797715, 51.496185], [78.6714611, 51.4910635], [78.6801313, 51.4700688], [78.7034237, 51.4658849], [78.7402528, 51.467654], [78.747458, 51.3814305], [78.7899527, 51.3825344], [78.7832936, 51.3733469], [78.7847657, 51.2988322], [78.6981039, 51.3118879], [78.6958582, 51.2934482], [78.6882354, 51.2958179], [78.6415011, 51.2917468], [78.6320607, 51.2733602], [78.5421787, 51.2377273], [78.5137216, 51.2311696], [78.3906483, 51.2188854], [78.3401497, 51.2447613], [78.3243877, 51.2339058], [78.3102463, 51.2114917], [78.2863137, 51.2003359], [78.2442778, 51.1887898], [78.1937411, 51.1856313], [78.1554871, 51.1722232], [78.1190978, 51.1549657], [78.1132222, 51.1486072], [78.0820233, 51.1486979], [78.0687895, 51.1421356], [78.0637907, 51.1272302], [78.0742827, 51.1014075], [78.0739394, 51.0901956], [78.0797758, 51.0798438], [78.0899818, 51.0726209], [78.1131775, 51.0728905], [78.129378, 51.066378], [78.1345493, 51.0589475], [78.1330473, 51.0503153], [78.1236059, 51.0337207], [78.129378, 51.0263794], [78.1719982, 51.0259791], [78.1806671, 51.0232123], [78.188349, 51.0155724], [78.1942284, 51.001396], [78.1962025, 50.9813257], [78.2017952, 50.9648963], [78.2287779, 50.9537104], [78.2421675, 50.9383523], [78.2493773, 50.9138987], [78.2613936, 50.9022084], [78.26929, 50.8872664], [78.2782164, 50.8825013], [78.3159819, 50.8833677], [78.3362379, 50.8801186], [78.3496275, 50.8718864], [78.3654204, 50.8536837], [78.3880797, 50.8530335], [78.4143076, 50.8409708], [78.4358015, 50.843279], [78.4598341, 50.8393766], [78.4673872, 50.8304867], [78.464984, 50.8192092], [78.4673872, 50.8124848], [78.4793789, 50.7997669], [78.4698923, 50.7832402], [78.4738354, 50.7795179], [78.4516076, 50.7693379], [78.4577723, 50.7597354], [78.4576925, 50.7365793], [78.5237358, 50.6809948], [78.6084041, 50.6840862], [78.6829013, 50.6952176], [78.7121904, 50.7078647], [78.7189747, 50.7014907], [78.6963133, 50.6602857], [78.7098671, 50.6351926], [78.6949866, 50.5939796], [78.7048536, 50.4728243], [78.7800223, 50.4506013], [78.8198098, 50.3210485], [78.7615592, 50.2662309], [78.7099484, 50.1963726], [78.6134261, 50.0884324], [78.5029112, 50.0449604], [78.4143217, 50.0377446], [78.1196864, 50.1003091], [77.80306, 50.1922235], [77.755593, 50.2352669], [77.6971702, 50.2218527]]]}}, {"type": "Feature", "properties": {"name": "Almaty Region", "country": "KAZ"}, "geometry": {"type": "Polygon", "coordinates": [[[75.8129783, 42.9425319], [75.835467, 42.936756], [75.848007, 42.942314], [75.894537, 42.944282], [75.907037, 42.949495], [75.915907, 42.949149], [75.925388, 42.955506], [75.937224, 42.955718], [75.9508745, 42.9442068], [75.9491757, 42.9330008], [76.006533, 42.925856], [76.01693, 42.921495], [76.020217, 42.915152], [76.028275, 42.911042], [76.044527, 42.916286], [76.061779, 42.916128], [76.072169, 42.922089], [76.088178, 42.918021], [76.098968, 42.923689], [76.113537, 42.925053], [76.120994, 42.922396], [76.130294, 42.925723], [76.194148, 42.931117], [76.200932, 42.91645], [76.219785, 42.921523], [76.238678, 42.921265], [76.264959, 42.91915], [76.292848, 42.910587], [76.302069, 42.910942], [76.308979, 42.900799], [76.301021, 42.893261], [76.299817, 42.888113], [76.303927, 42.874442], [76.323731, 42.871486], [76.329015, 42.863217], [76.343846, 42.860756], [76.359879, 42.867069], [76.371132, 42.865927], [76.390493, 42.875418], [76.420625, 42.873761], [76.432869, 42.878233], [76.439325, 42.886544], [76.450505, 42.882968], [76.462778, 42.886507], [76.47828, 42.884302], [76.48643, 42.888854], [76.493071, 42.903438], [76.503009, 42.905918], [76.504227, 42.918198], [76.522591, 42.922249], [76.54002, 42.916448], [76.549522, 42.909841], [76.570134, 42.909439], [76.575247, 42.906103], [76.594388, 42.909008], [76.603487, 42.916155], [76.62902, 42.90581], [76.642679, 42.908415], [76.649862, 42.91322], [76.661705, 42.907742], [76.676053, 42.909618], [76.708886, 42.904153], [76.749231, 42.921514], [76.750975, 42.930406], [76.75605, 42.935478], [76.748745, 42.942141], [76.7558759, 42.9497741], [76.7804506, 42.9565043], [76.791238, 42.953974], [76.801757, 42.946927], [76.811432, 42.953309], [76.822744, 42.9550926], [76.836594, 42.969699], [76.833502, 42.977904], [76.836789, 42.983411], [76.84593, 42.984124], [76.851351, 42.978673], [76.872757, 42.970889], [76.882009, 42.976389], [76.896004, 42.970957], [76.89936, 42.965505], [76.907507, 42.972382], [76.917246, 42.965857], [76.933574, 42.970748], [76.940979, 42.981693], [76.95726, 42.978692], [76.973359, 42.986802], [76.984132, 42.981521], [76.993083, 42.985354], [77.004469, 42.98309], [77.013658, 42.964176], [77.025462, 42.953056], [77.033434, 42.953712], [77.035094, 42.947192], [77.053316, 42.95639], [77.054113, 42.960459], [77.0607479, 42.9652428], [77.063305, 42.976815], [77.076731, 42.976506], [77.0843628, 42.981017], [77.1026176, 42.974541], [77.116022, 42.975349], [77.12389, 42.9696], [77.137044, 42.973255], [77.1536, 42.972661], [77.15674, 42.969327], [77.15251, 42.963644], [77.156519, 42.955898], [77.151858, 42.951633], [77.152598, 42.947663], [77.159598, 42.943044], [77.179907, 42.946993], [77.211537, 42.927317], [77.223235, 42.927745], [77.225597, 42.924439], [77.222955, 42.915673], [77.236072, 42.911752], [77.270284, 42.913685], [77.295503, 42.907513], [77.296516, 42.915131], [77.302013, 42.916541], [77.31448, 42.911916], [77.32255, 42.913592], [77.350501, 42.898513], [77.417552, 42.927173], [77.437714, 42.925461], [77.449804, 42.929702], [77.455105, 42.928596], [77.47156, 42.939266], [77.476347, 42.938194], [77.481122, 42.925704], [77.485265, 42.924637], [77.497353, 42.925014], [77.508648, 42.929836], [77.519922, 42.929037], [77.526529, 42.936292], [77.552523, 42.941107], [77.55584, 42.937272], [77.568832, 42.935781], [77.55939, 42.92899], [77.567551, 42.924481], [77.576036, 42.924264], [77.581041, 42.915514], [77.601984, 42.917363], [77.613177, 42.914125], [77.623355, 42.919621], [77.635835, 42.915786], [77.646157, 42.916485], [77.656625, 42.911315], [77.666172, 42.913366], [77.670445, 42.917955], [77.687851, 42.912237], [77.696993, 42.903906], [77.704142, 42.906262], [77.710741, 42.904577], [77.719427, 42.909997], [77.73023, 42.904507], [77.745986, 42.909344], [77.762298, 42.905743], [77.770596, 42.912579], [77.780651, 42.914754], [77.810664, 42.902335], [77.815724, 42.896256], [77.813604, 42.893097], [77.816694, 42.887276], [77.82376, 42.884439], [77.840742, 42.881879], [77.849982, 42.886893], [77.874056, 42.888611], [77.884998, 42.880561], [77.899448, 42.878501], [77.911121, 42.870732], [77.916519, 42.874529], [77.924855, 42.87456], [77.934015, 42.881626], [77.942197, 42.874247], [77.943135, 42.859996], [77.968122, 42.85082], [77.999513, 42.861303], [78.002178, 42.870654], [78.024395, 42.86444], [78.034984, 42.865238], [78.038497, 42.860166], [78.044716, 42.858457], [78.052662, 42.847441], [78.067932, 42.851612], [78.091759, 42.849356], [78.10784, 42.863351], [78.116667, 42.864588], [78.123738, 42.85987], [78.142092, 42.857074], [78.159545, 42.861486], [78.171543, 42.860289], [78.179925, 42.865907], [78.176982, 42.873886], [78.197829, 42.881989], [78.215498, 42.86962], [78.223039, 42.877018], [78.233262, 42.87486], [78.239109, 42.878713], [78.246834, 42.871981], [78.257325, 42.873511], [78.269768, 42.869836], [78.272772, 42.863475], [78.284768, 42.864281], [78.306999, 42.857244], [78.348808, 42.854848], [78.362398, 42.863316], [78.362314, 42.86806], [78.369552, 42.872489], [78.366466, 42.875604], [78.370535, 42.886981], [78.378657, 42.889137], [78.39012, 42.881029], [78.40891, 42.877086], [78.414738, 42.879887], [78.430884, 42.878797], [78.440777, 42.883419], [78.44264, 42.888099], [78.454815, 42.886548], [78.464812, 42.896432], [78.480956, 42.892931], [78.491834, 42.900669], [78.499522, 42.899624], [78.506979, 42.89083], [78.521198, 42.88893], [78.536943, 42.881003], [78.542553, 42.868827], [78.575398, 42.86276], [78.581237, 42.858106], [78.581965, 42.851818], [78.588772, 42.84749], [78.595652, 42.847443], [78.613007, 42.854749], [78.623164, 42.850687], [78.625116, 42.846411], [78.641886, 42.842362], [78.646585, 42.828325], [78.664153, 42.814881], [78.685221, 42.817146], [78.694393, 42.814727], [78.709549, 42.826114], [78.726216, 42.822583], [78.733626, 42.814967], [78.739003, 42.819507], [78.774359, 42.815069], [78.786554, 42.800598], [78.799584, 42.809475], [78.829388, 42.804795], [78.851893, 42.794918], [78.865709, 42.800704], [78.869329, 42.796338], [78.886691, 42.793391], [78.889953, 42.789104], [78.90433, 42.788304], [78.930488, 42.774268], [78.967239, 42.781852], [78.98653, 42.776015], [79.022988, 42.777168], [79.029209, 42.762601], [79.033891, 42.7600254], [79.0441527, 42.7627762], [79.0567431, 42.775477], [79.1069376, 42.7810668], [79.1993719, 42.8042231], [79.191954, 42.78619], [79.1700054, 42.7550192], [79.1724771, 42.7379099], [79.1701835, 42.7324466], [79.173495, 42.719025], [79.178092, 42.716489], [79.1821307, 42.7064387], [79.1820147, 42.6975423], [79.2050443, 42.6681286], [79.243612, 42.635803], [79.2508417, 42.6360305], [79.2603156, 42.6255852], [79.269139, 42.6251249], [79.2711162, 42.6216687], [79.2851251, 42.623133], [79.2985213, 42.6201358], [79.318969, 42.6021593], [79.3421959, 42.6040631], [79.356944, 42.595042], [79.377506, 42.580054], [79.385254, 42.561683], [79.409414, 42.543739], [79.422877, 42.538178], [79.430007, 42.516522], [79.449603, 42.51155], [79.451583, 42.500685], [79.491167, 42.486365], [79.500829, 42.473055], [79.501303, 42.463673], [79.504877, 42.459887], [79.526432, 42.457296], [79.536804, 42.461374], [79.548797, 42.458085], [79.554959, 42.461782], [79.560981, 42.457401], [79.581865, 42.459622], [79.597786, 42.454297], [79.608129, 42.454724], [79.61439, 42.458479], [79.637153, 42.453974], [79.642694, 42.456039], [79.644103, 42.467956], [79.655216, 42.475604], [79.673322, 42.480098], [79.685056, 42.477708], [79.695511, 42.479622], [79.698128, 42.47392], [79.706647, 42.46922], [79.723057, 42.470195], [79.748169, 42.463964], [79.749387, 42.452623], [79.760987, 42.452328], [79.771306, 42.455987], [79.780629, 42.453675], [79.787963, 42.446318], [79.806773, 42.448037], [79.82575, 42.441591], [79.855805, 42.445698], [79.868541, 42.436909], [79.877297, 42.440376], [79.893891, 42.440731], [79.899118, 42.437204], [79.918979, 42.442723], [79.924952, 42.435232], [79.942612, 42.438571], [79.946655, 42.434202], [79.954524, 42.43324], [79.964108, 42.436598], [79.967776, 42.432224], [79.964233, 42.421429], [79.971259, 42.408927], [79.968244, 42.402054], [79.98213, 42.377598], [80.000317, 42.37815], [80.002017, 42.363373], [80.013026, 42.359782], [80.013371, 42.354542], [80.018877, 42.348167], [80.028173, 42.343685], [80.081662, 42.339383], [80.084918, 42.333327], [80.079687, 42.325441], [80.082613, 42.321523], [80.091146, 42.317186], [80.106256, 42.315685], [80.125784, 42.303411], [80.139202, 42.290394], [80.140738, 42.284972], [80.1180373, 42.2762591], [80.1744037, 42.2108441], [80.1781752, 42.220789], [80.1991656, 42.2290048], [80.2169582, 42.2284482], [80.228742, 42.2174164], [80.2479681, 42.2188933], [80.2709764, 42.2263561], [80.2836512, 42.2354386], [80.2850578, 42.2441474], [80.2803968, 42.2476219], [80.2891833, 42.2617486], [80.2795777, 42.2812864], [80.2683129, 42.2833901], [80.260102, 42.2919008], [80.2599208, 42.3030603], [80.2696594, 42.308497], [80.2701366, 42.3131497], [80.2787298, 42.3142145], [80.2838957, 42.3191552], [80.2791485, 42.3242531], [80.253011, 42.3345068], [80.2476553, 42.3409839], [80.2376545, 42.3403349], [80.2366933, 42.3473696], [80.232071, 42.3488093], [80.229867, 42.3569388], [80.2265665, 42.3584775], [80.2273194, 42.3673177], [80.2379013, 42.3807275], [80.2380095, 42.3897973], [80.230831, 42.3923885], [80.2274949, 42.3978062], [80.2334373, 42.4038541], [80.2144957, 42.4130551], [80.215198, 42.4238109], [80.2045022, 42.4285447], [80.2102712, 42.4365131], [80.2126574, 42.4518153], [80.2080837, 42.4585087], [80.2076229, 42.4690296], [80.2168286, 42.4726654], [80.2197326, 42.4813844], [80.2351681, 42.4910475], [80.2349961, 42.4991542], [80.242286, 42.5054814], [80.2593964, 42.500143], [80.2674271, 42.5047013], [80.2749777, 42.5176184], [80.2738746, 42.5200312], [80.2585204, 42.5162348], [80.2524946, 42.5181013], [80.2460131, 42.5252712], [80.2327225, 42.5268675], [80.220581, 42.5329391], [80.2024797, 42.554329], [80.1994869, 42.5629238], [80.1920866, 42.5671457], [80.1824125, 42.5809576], [80.1784271, 42.5898604], [80.1780193, 42.6036175], [80.164049, 42.6222413], [80.1619837, 42.6304903], [80.1678496, 42.6405694], [80.1683507, 42.6481987], [80.1745768, 42.6552593], [80.1767228, 42.6713686], [80.1920359, 42.682632], [80.2287662, 42.6961001], [80.2229035, 42.7127113], [80.2548147, 42.7839593], [80.261245, 42.8240106], [80.2647734, 42.8254381], [80.2599508, 42.827599], [80.2647256, 42.829856], [80.2639813, 42.8266473], [80.2757028, 42.8322081], [80.2773367, 42.8379769], [80.2824622, 42.832035], [80.2821597, 42.8358514], [80.2907648, 42.8359668], [80.2929009, 42.8295986], [80.2949463, 42.8340098], [80.3008222, 42.8324344], [80.3021959, 42.83602], [80.3078902, 42.8349817], [80.3060203, 42.8380213], [80.3166345, 42.8325853], [80.3170702, 42.8367522], [80.3223228, 42.8358425], [80.3221231, 42.8390197], [80.324701, 42.8349994], [80.3282048, 42.8381101], [80.3344558, 42.8359224], [80.3293424, 42.8322214], [80.3310671, 42.8301889], [80.3256934, 42.8288886], [80.3310429, 42.8246412], [80.3336329, 42.828285], [80.3371245, 42.8277258], [80.3360232, 42.8308457], [80.3415057, 42.8278412], [80.3480775, 42.8309034], [80.3541108, 42.8271044], [80.3575359, 42.8285956], [80.3551093, 42.8334374], [80.3607673, 42.832177], [80.362383, 42.835878], [80.364495, 42.828245], [80.3714964, 42.8320972], [80.370861, 42.8287465], [80.3754238, 42.8315202], [80.3769064, 42.828103], [80.3839865, 42.8353411], [80.3898806, 42.8349728], [80.388277, 42.8375909], [80.3913995, 42.8393215], [80.3967126, 42.8337524], [80.4057478, 42.8329856], [80.4038109, 42.8304108], [80.4059652, 42.8296341], [80.4103706, 42.8316978], [80.4070726, 42.8348441], [80.4146005, 42.8371205], [80.4164281, 42.8407325], [80.4243586, 42.8414418], [80.4187942, 42.8432705], [80.4233327, 42.8451961], [80.4217533, 42.8502495], [80.4273722, 42.8500092], [80.4229454, 42.8533061], [80.4253164, 42.8560214], [80.4324771, 42.8539812], [80.4320407, 42.8515804], [80.4390421, 42.8525608], [80.4366276, 42.8562118], [80.4428047, 42.8564762], [80.4423825, 42.8600001], [80.4458984, 42.8612554], [80.4605306, 42.8554178], [80.4612885, 42.8638224], [80.4716151, 42.8622004], [80.4715122, 42.8647336], [80.4760199, 42.8652744], [80.47429, 42.8691219], [80.4805801, 42.8676383], [80.4870846, 42.87318], [80.4986666, 42.870375], [80.4974304, 42.8780084], [80.50384, 42.8811182], [80.5096463, 42.8779624], [80.5089593, 42.8728985], [80.5149461, 42.8780918], [80.5278903, 42.8781113], [80.5290049, 42.8832757], [80.5387923, 42.8808038], [80.5435575, 42.8865519], [80.5517237, 42.8790521], [80.5538162, 42.8868683], [80.5660968, 42.8897934], [80.5764284, 42.887782], [80.5700841, 42.8935934], [80.574128, 42.8959365], [80.5780271, 42.8951394], [80.5801473, 42.8905676], [80.582892, 42.896369], [80.592778, 42.891438], [80.6006155, 42.8925359], [80.6016636, 42.8956621], [80.5981696, 42.8938065], [80.5985692, 42.8970155], [80.5955992, 42.8972817], [80.5986582, 42.9017755], [80.5938744, 42.9049142], [80.5956533, 42.9078866], [80.592113, 42.909035], [80.5914849, 42.9135111], [80.5701258, 42.920284], [80.5569318, 42.9306378], [80.5271203, 42.9385962], [80.5069526, 42.9392343], [80.4853731, 42.9447399], [80.4702275, 42.9544271], [80.4372688, 42.9678422], [80.414998, 42.9856335], [80.39175, 42.9979646], [80.3808339, 43.0224109], [80.3941781, 43.0288496], [80.3978379, 43.0450452], [80.4053515, 43.0501316], [80.4085192, 43.05736], [80.4422531, 43.0673472], [80.4583596, 43.0757131], [80.4646127, 43.0720056], [80.4833857, 43.0698372], [80.5072896, 43.0800602], [80.5091072, 43.0847468], [80.5209875, 43.0878783], [80.5368106, 43.0992996], [80.5489411, 43.0977091], [80.5567402, 43.1032404], [80.5605277, 43.1157374], [80.5730176, 43.1193732], [80.5767246, 43.1270152], [80.5910145, 43.1385779], [80.6025, 43.135172], [80.6084425, 43.142093], [80.6269156, 43.1403343], [80.6332246, 43.1471058], [80.6420114, 43.1453035], [80.6575262, 43.1499439], [80.6750774, 43.1432812], [80.6986613, 43.1431034], [80.7041827, 43.1458328], [80.7180576, 43.133985], [80.7238749, 43.1342068], [80.7434801, 43.1469523], [80.7663423, 43.1457999], [80.7685074, 43.1420234], [80.7813115, 43.1378241], [80.7882923, 43.1418183], [80.7921687, 43.1603234], [80.7971833, 43.1657807], [80.7953502, 43.1715097], [80.8072807, 43.1772719], [80.7974285, 43.184206], [80.7860803, 43.2019235], [80.7882846, 43.2072786], [80.7827836, 43.2154477], [80.7826475, 43.225948], [80.7897822, 43.2384584], [80.776568, 43.2505411], [80.765071, 43.2670398], [80.7697994, 43.2777801], [80.7741171, 43.2791717], [80.7709898, 43.2902128], [80.7785874, 43.3037888], [80.7785317, 43.311382], [80.7521094, 43.3188517], [80.7456284, 43.3157667], [80.704664, 43.31941], [80.6979859, 43.3162288], [80.6831687, 43.3286842], [80.6855187, 43.3376298], [80.7048663, 43.3528846], [80.704865, 43.3644738], [80.7219215, 43.3742923], [80.7350941, 43.3931528], [80.7332842, 43.4026357], [80.7365279, 43.4109726], [80.7328885, 43.4174928], [80.7353162, 43.4338434], [80.7564153, 43.4481352], [80.7509765, 43.4690373], [80.6856382, 43.5797326], [80.5227665, 43.821915], [80.5232927, 43.8275514], [80.5199538, 43.830627], [80.5251305, 43.835442], [80.5207493, 43.8369597], [80.5200257, 43.8416783], [80.5230402, 43.8432785], [80.5192919, 43.8537812], [80.5214962, 43.8572412], [80.5158516, 43.8580529], [80.5182559, 43.8633938], [80.5108152, 43.8643203], [80.5091404, 43.866156], [80.5128367, 43.8681033], [80.5074651, 43.867998], [80.5069153, 43.8709734], [80.5107172, 43.8712737], [80.504419, 43.8745761], [80.5079073, 43.8742383], [80.5057661, 43.8771738], [80.5103692, 43.8789548], [80.5067417, 43.8806519], [80.5128744, 43.8825621], [80.509109, 43.8889221], [80.5120068, 43.8934562], [80.5089931, 43.9068521], [80.5054158, 43.9064716], [80.4959124, 43.9152705], [80.4909648, 43.9146194], [80.4886872, 43.9262624], [80.4857606, 43.9253817], [80.4840688, 43.9296723], [80.4722255, 43.9364522], [80.4767135, 43.9444607], [80.4737137, 43.9458827], [80.4796285, 43.9484443], [80.4770489, 43.9526237], [80.4838627, 43.9556114], [80.4776917, 43.9584458], [80.4796004, 43.9611964], [80.4751959, 43.9602993], [80.4756588, 43.9649269], [80.4715553, 43.9692161], [80.4662514, 43.9681247], [80.4630606, 43.9748989], [80.4564854, 43.9747613], [80.461904, 43.9774318], [80.4555626, 43.9785178], [80.458725, 43.9799289], [80.4528171, 43.9844082], [80.4564081, 43.9852541], [80.4549949, 43.9888082], [80.4485029, 43.9884848], [80.453813, 43.9922724], [80.4496239, 43.9967402], [80.4543115, 44.0000633], [80.4498748, 44.0004737], [80.4509192, 44.0073189], [80.4447828, 44.0084085], [80.4525776, 44.0116798], [80.4533865, 44.0144655], [80.4494036, 44.0150964], [80.4508433, 44.0190166], [80.4551285, 44.0197413], [80.4509508, 44.0222676], [80.4558478, 44.0228902], [80.4529813, 44.0236513], [80.4553199, 44.0261821], [80.4509511, 44.0262852], [80.4583776, 44.0300232], [80.4534415, 44.0303459], [80.4555387, 44.0347375], [80.4488017, 44.0338357], [80.4496182, 44.037663], [80.453921, 44.0392892], [80.4494166, 44.0393635], [80.4523684, 44.0405588], [80.449616, 44.042069], [80.4555529, 44.0448696], [80.4506017, 44.0479944], [80.4533016, 44.0493317], [80.4488704, 44.0498242], [80.4510325, 44.0555402], [80.4469299, 44.0564542], [80.445618, 44.0675115], [80.4391995, 44.0693456], [80.4445522, 44.0710223], [80.4424009, 44.0724179], [80.4451732, 44.0743956], [80.3942647, 44.1120308], [80.4056328, 44.1423049], [80.3980946, 44.1771456], [80.3969093, 44.1994034], [80.4045542, 44.2330014], [80.4053927, 44.2930092], [80.3925379, 44.3122356], [80.3860585, 44.3489161], [80.3850847, 44.3735488], [80.3785222, 44.3932706], [80.3771084, 44.4113335], [80.3708721, 44.4177286], [80.3722472, 44.4221087], [80.3668589, 44.4412091], [80.3494092, 44.4604677], [80.3513151, 44.4698282], [80.34692, 44.4826864], [80.3682176, 44.5041405], [80.3709649, 44.5128924], [80.3675877, 44.523388], [80.3713933, 44.527936], [80.3704888, 44.5318599], [80.3770635, 44.5366735], [80.3798321, 44.5527545], [80.3861441, 44.5576144], [80.3852323, 44.561716], [80.3935553, 44.5673285], [80.3912698, 44.5914689], [80.4048967, 44.6001179], [80.4104826, 44.610393], [80.3989508, 44.620883], [80.3971586, 44.6288113], [80.3836604, 44.6360554], [80.3828035, 44.6409135], [80.3767092, 44.6436594], [80.3683941, 44.6544982], [80.3505541, 44.6657075], [80.3372329, 44.6894952], [80.3121143, 44.7038306], [80.2860956, 44.7092092], [80.2584591, 44.719336], [80.2362542, 44.7215363], [80.1928071, 44.7496961], [80.1909193, 44.7520124], [80.1967845, 44.7575616], [80.1967489, 44.761897], [80.1768672, 44.7826876], [80.1754589, 44.7915135], [80.164426, 44.7994013], [80.1669896, 44.8036259], [80.1621729, 44.8165661], [80.1678622, 44.8262554], [80.1639574, 44.8415649], [80.1554931, 44.8411128], [80.1461841, 44.8266871], [80.1277597, 44.8230829], [80.124762, 44.8170157], [80.1142004, 44.8097841], [80.0961032, 44.8135692], [80.0781024, 44.812733], [80.0593701, 44.8078305], [80.0495433, 44.8011103], [80.0300592, 44.8034468], [80.0199842, 44.7990018], [80.0191266, 44.79298], [79.9993673, 44.7904463], [79.9930507, 44.7968654], [79.9996253, 44.816031], [79.9951761, 44.8235933], [79.9883966, 44.8244145], [79.9667612, 44.8416479], [79.95898, 44.8436828], [79.9558481, 44.8502971], [79.944715, 44.8500435], [79.9460661, 44.8662514], [79.961476, 44.875522], [79.9637534, 44.8819861], [79.9321546, 44.8874805], [79.9296079, 44.8928808], [79.9188393, 44.8958409], [79.9142505, 44.9011488], [79.9032358, 44.9013686], [79.8859161, 44.8935608], [79.8885579, 44.9024637], [79.8819854, 44.9106776], [79.901388, 44.9234133], [79.9047089, 44.9286865], [79.9147838, 44.9273028], [79.9437594, 44.9378222], [79.9475048, 44.9440126], [79.9438667, 44.9495382], [79.9452069, 44.9522361], [79.9532194, 44.9535678], [79.9557171, 44.961365], [79.9695751, 44.9660636], [79.9749837, 44.9627004], [79.9808288, 44.9647659], [79.9857486, 44.9690352], [79.9887719, 44.9785951], [80.0139709, 44.9805218], [80.0191227, 44.9908645], [80.0339454, 44.9965061], [80.0337891, 44.99973], [80.0396097, 45.0032694], [80.0470451, 45.0021156], [80.0565105, 45.0141229], [80.0855031, 45.0058037], [80.0972747, 45.0070811], [80.0937234, 45.0274575], [80.0867184, 45.0330302], [80.0912137, 45.03751], [80.0900778, 45.0469461], [80.1054806, 45.0453439], [80.1121966, 45.048366], [80.1182336, 45.0411378], [80.1283352, 45.0392909], [80.1395327, 45.0573519], [80.1521443, 45.0528656], [80.1678661, 45.0387819], [80.1823241, 45.0417302], [80.191643, 45.0283696], [80.2020802, 45.0300131], [80.2135273, 45.0232524], [80.2312107, 45.0329995], [80.2402992, 45.0276773], [80.2551485, 45.0411025], [80.2602187, 45.0477293], [80.260726, 45.0539562], [80.2853558, 45.0603437], [80.2933957, 45.0664999], [80.3191195, 45.0700223], [80.3276073, 45.067962], [80.3301608, 45.0556406], [80.3449231, 45.0410649], [80.3619645, 45.0397441], [80.3695806, 45.042466], [80.3817876, 45.0398697], [80.3870261, 45.0448803], [80.4033061, 45.0476309], [80.4073445, 45.0577392], [80.4193294, 45.0617931], [80.437905, 45.075017], [80.4435006, 45.0869631], [80.4378151, 45.0976156], [80.4626877, 45.1125946], [80.4795977, 45.1151888], [80.4888901, 45.1264943], [80.5116859, 45.1059729], [80.5615404, 45.1128099], [80.575845, 45.1102266], [80.5806226, 45.1061591], [80.600094, 45.1044192], [80.6073366, 45.1092473], [80.614353, 45.1084862], [80.6244834, 45.1179988], [80.634541, 45.1147688], [80.6385863, 45.1196585], [80.6551559, 45.1212654], [80.6773407, 45.1283219], [80.6789957, 45.1326678], [80.6966652, 45.132861], [80.7059489, 45.1442431], [80.7244508, 45.1502808], [80.7321057, 45.157559], [80.7429708, 45.1596969], [80.7630621, 45.1517264], [80.7732823, 45.143608], [80.7815105, 45.1451676], [80.7870373, 45.1501416], [80.7948603, 45.1503406], [80.8334681, 45.1404854], [80.8543404, 45.1261104], [80.8628579, 45.1256635], [80.8770825, 45.130992], [80.8894233, 45.12473], [80.8966106, 45.1246983], [80.9146962, 45.1437577], [80.9219537, 45.1455607], [80.9289557, 45.1575886], [80.9516803, 45.1604004], [80.9569092, 45.1676335], [80.9678017, 45.1673087], [80.9722992, 45.1637065], [80.9965574, 45.1582843], [81.006478, 45.1625383], [81.035634, 45.1664011], [81.0553995, 45.1777984], [81.0700287, 45.1723827], [81.0759501, 45.1788987], [81.0755671, 45.1858144], [81.0832424, 45.1943792], [81.1090897, 45.2010812], [81.1006768, 45.2152077], [81.1066064, 45.221885], [81.119386, 45.2151784], [81.1315108, 45.2181937], [81.1371697, 45.2098444], [81.1616941, 45.2056172], [81.1697595, 45.212807], [81.1665431, 45.2243024], [81.1814406, 45.2270061], [81.1874894, 45.232482], [81.2029558, 45.2367294], [81.2110529, 45.2338813], [81.2183603, 45.2362444], [81.2219645, 45.2380454], [81.220936, 45.2447157], [81.2265929, 45.2478874], [81.2377056, 45.2407943], [81.2492381, 45.2413554], [81.2571232, 45.2371615], [81.2691761, 45.2367339], [81.2864647, 45.2412597], [81.2952441, 45.247446], [81.306512, 45.2467908], [81.3071065, 45.2540854], [81.3516618, 45.2609743], [81.3627631, 45.2600042], [81.3766618, 45.2529342], [81.3884018, 45.2709874], [81.4003024, 45.2749566], [81.4030303, 45.279257], [81.4209574, 45.2836382], [81.4256089, 45.2798429], [81.4383098, 45.2774625], [81.4352187, 45.2737146], [81.4373169, 45.2679833], [81.4518332, 45.262192], [81.465751, 45.2661541], [81.476794, 45.2755788], [81.4956127, 45.2759408], [81.4985552, 45.2813232], [81.5148083, 45.2802079], [81.5215259, 45.2824792], [81.530214, 45.2957429], [81.527038, 45.3000463], [81.5305148, 45.3040275], [81.5395359, 45.3053343], [81.5479957, 45.3014877], [81.5518793, 45.3046807], [81.5734202, 45.3073509], [81.5678734, 45.3184602], [81.5687807, 45.3253341], [81.5868923, 45.3323364], [81.5920959, 45.3405491], [81.6126932, 45.3418685], [81.6193875, 45.3515813], [81.632353, 45.3565891], [81.6502948, 45.3505247], [81.6676968, 45.3515144], [81.6782709, 45.3562406], [81.6793553, 45.3644937], [81.6877731, 45.3645927], [81.6949117, 45.3691477], [81.7053731, 45.3604373], [81.7137293, 45.3589223], [81.7336972, 45.3657485], [81.7316375, 45.3747061], [81.746887, 45.372753], [81.7515875, 45.3751897], [81.7585553, 45.3721713], [81.7677958, 45.3778297], [81.7938959, 45.3592398], [81.8066239, 45.3553365], [81.8297238, 45.3298655], [81.8316084, 45.3157759], [81.8436367, 45.3088741], [81.844092, 45.3041088], [81.8546417, 45.3008936], [81.8554377, 45.295241], [81.8849145, 45.278627], [81.9220346, 45.228887], [81.9418104, 45.2362243], [81.9706728, 45.2339288], [81.9782186, 45.2380845], [81.9946058, 45.232385], [82.009207, 45.2335646], [82.0390829, 45.2456614], [82.0410574, 45.2530464], [82.0443053, 45.2541653], [82.0621611, 45.2465575], [82.0682736, 45.2494591], [82.0736258, 45.2462361], [82.0904596, 45.2454798], [82.0870544, 45.2375766], [82.0810466, 45.2351906], [82.081751, 45.2228723], [82.0971935, 45.2087029], [82.1001312, 45.2023018], [82.10984, 45.2015136], [82.1205193, 45.2058187], [82.1243011, 45.2113129], [82.1512237, 45.2217961], [82.1714705, 45.2212694], [82.183838, 45.2251298], [82.1913101, 45.2232484], [82.2168544, 45.2341759], [82.2334506, 45.2346732], [82.2429513, 45.2305222], [82.2502949, 45.2356192], [82.2573827, 45.2338818], [82.2676965, 45.2412971], [82.2747883, 45.2409188], [82.2899097, 45.232956], [82.2987556, 45.2231137], [82.3131757, 45.2208942], [82.3226941, 45.2107152], [82.3407047, 45.2090714], [82.3625704, 45.2010652], [82.3837305, 45.1995936], [82.3976961, 45.1929602], [82.4164831, 45.1923174], [82.4282367, 45.1876737], [82.4482825, 45.1854365], [82.4554268, 45.1874452], [82.4745407, 45.1770438], [82.5601012, 45.2034839], [82.581643, 45.2196171], [82.5877263, 45.3447204], [82.5428316, 45.4209581], [82.4377389, 45.4596986], [82.2799588, 45.5351376], [82.2682238, 45.5357186], [82.2364425, 45.5558909], [82.1732711, 45.6099547], [82.1395797, 45.6220766], [82.1207828, 45.6480931], [82.1243877, 45.7613205], [82.0967609, 45.7786979], [82.0630378, 45.8175543], [82.0266637, 45.8500171], [81.9779605, 45.8806526], [81.9617104, 45.9117856], [81.884849, 46.1036552], [81.7599224, 46.1865217], [81.536901, 46.3658245], [81.5126753, 46.4170619], [81.5565884, 46.4574086], [81.5639269, 46.4768287], [81.5851271, 46.4965078], [81.6028512, 46.5192806], [81.5598929, 46.4871715], [81.4951766, 46.4948534], [81.4859068, 46.4916035], [81.4726031, 46.4953852], [81.4695132, 46.4937307], [81.4693415, 46.4842757], [81.4457381, 46.4728093], [81.4120066, 46.4390462], [81.3994753, 46.4341958], [81.3806784, 46.4408206], [81.3777602, 46.4450198], [81.4026082, 46.4803898], [81.4359963, 46.5110557], [81.4365113, 46.5159583], [81.4448798, 46.5204913], [81.4397299, 46.5265151], [81.4120066, 46.5207866], [81.4131224, 46.5105093], [81.4018786, 46.506965], [81.3829958, 46.4895943], [81.3805926, 46.4826209], [81.3737261, 46.4791338], [81.3655722, 46.4593893], [81.3395199, 46.4525377], [81.3376544, 46.4708259], [81.3273547, 46.4930481], [81.3095462, 46.5127983], [81.2920368, 46.513256], [81.255269, 46.489707], [81.2023115, 46.5127577], [81.1423159, 46.5600506], [81.1046362, 46.5655979], [80.8632159, 46.562769], [80.5910307, 46.6670012], [80.2371508, 46.7837624], [80.2165943, 46.8045199], [80.1981913, 46.8092362], [80.1907486, 46.8361916], [80.1909846, 46.8661869], [80.1556224, 46.8803276], [80.0082511, 46.9147543], [79.9158978, 46.8715815], [79.5772777, 46.7795593], [79.2629325, 47.0816655], [78.8168486, 47.047246], [78.7682575, 47.1333358], [78.6418065, 47.1410302], [78.5919868, 47.180988], [78.4722593, 47.233962], [78.303405, 47.3308936], [78.1420444, 47.1910276], [78.0143057, 47.2825622], [77.8672627, 47.1699935], [77.6086196, 47.2095137], [77.4655045, 47.1609928], [77.5498058, 46.6437122], [77.5551309, 46.6369047], [77.5555727, 46.6212111], [77.3966719, 46.6077154], [77.3384806, 46.6134323], [77.2824166, 46.5847886], [77.2635493, 46.5427629], [77.1491293, 46.5307581], [77.1035744, 46.5433718], [77.1060146, 46.5697047], [77.072494, 46.6227661], [77.0039859, 46.646582], [76.9770922, 46.6331402], [76.9748176, 46.6203063], [76.9419555, 46.6174097], [76.9186713, 46.6257907], [76.8784958, 46.6322203], [76.8330826, 46.6779761], [76.8199996, 46.6710807], [76.8706081, 46.6221121], [76.8930805, 46.6158765], [76.9466395, 46.5518559], [76.9318504, 46.5383365], [76.8385835, 46.5850236], [76.7007253, 46.6275191], [76.6970374, 46.6468832], [76.6046084, 46.6655735], [76.5251925, 46.6425761], [76.527229, 46.6189222], [76.537671, 46.5934255], [76.481427, 46.6270887], [76.4335337, 46.6433558], [76.3897338, 46.6155472], [76.3774253, 46.6220627], [76.3852363, 46.6488398], [76.3674324, 46.6910546], [76.3169326, 46.6547861], [76.2252178, 46.6385096], [76.0490946, 46.7381439], [75.8859069, 46.7247385], [75.6098576, 46.69353], [75.5222454, 46.7074918], [75.3270355, 46.6820584], [75.0189389, 46.5572977], [74.7435649, 46.5263855], [74.1657195, 46.1383257], [74.0825192, 46.040373], [74.0605728, 46.0010499], [74.0147343, 45.890361], [73.9015215, 45.7465296], [73.98423, 45.3816176], [74.030992, 45.288009], [73.7526772, 45.2888387], [73.7220153, 45.2207644], [73.7550358, 45.1043514], [73.8930139, 45.1251569], [74.0874973, 45.1271361], [74.1181591, 44.9679953], [74.1393865, 44.9533922], [74.13349, 44.9133189], [74.1965825, 44.8949426], [74.2366787, 44.871964], [74.3056678, 44.8489762], [74.3893195, 44.7952632], [74.4025796, 44.8012112], [74.5226355, 44.6987269], [74.512234, 44.666919], [74.5200573, 44.5831297], [74.4937948, 44.526135], [74.5107376, 44.5228027], [74.519729, 44.4858191], [74.750995, 44.3578143], [74.9414563, 44.34361], [74.9854658, 44.3265595], [74.9976383, 44.3266238], [75.0042343, 44.3170144], [75.0364971, 44.3084838], [75.0928301, 44.277348], [75.1128342, 44.2604301], [75.1267483, 44.2599766], [75.2137557, 44.1942355], [75.3070797, 44.1480388], [75.3140347, 44.0833417], [75.3157939, 44.0184053], [75.3094775, 44.006794], [75.3116362, 43.9965284], [75.3068391, 43.9872965], [75.2730198, 43.9487139], [75.2769358, 43.8918109], [75.2845328, 43.8773522], [75.2852523, 43.861271], [75.2694874, 43.8437252], [75.2681262, 43.8245876], [75.2435179, 43.8109246], [75.1983371, 43.7734554], [74.9973067, 43.6509741], [74.9971857, 43.6102913], [75.0312625, 43.5988652], [75.0853939, 43.5691048], [75.1329504, 43.5663129], [75.1840697, 43.5433182], [75.1809276, 43.5907167], [75.2387306, 43.5905139], [75.2423824, 43.5367482], [75.3054403, 43.5289547], [75.3431919, 43.5342461], [75.3886932, 43.5348596], [75.4192154, 43.4760868], [75.4189577, 43.4710496], [75.3497878, 43.4048243], [75.3075737, 43.3877447], [75.2941419, 43.3757163], [75.2777119, 43.3153834], [75.2811185, 43.2631137], [75.3306277, 43.2528796], [75.2945437, 43.2132659], [75.3305551, 43.1952937], [75.338035, 43.1606981], [75.3439114, 43.1498498], [75.349428, 43.1459999], [75.3597417, 43.1450374], [75.4011159, 43.1253825], [75.4051939, 43.1271845], [75.4231829, 43.120532], [75.4348158, 43.1231581], [75.4621591, 43.1219326], [75.4849667, 43.1072827], [75.4996961, 43.1046421], [75.532556, 43.0825732], [75.5531834, 43.0855512], [75.5625376, 43.0829236], [75.5965968, 43.0706597], [75.610988, 43.0589191], [75.6515232, 43.0503313], [75.6561106, 43.0436523], [75.6012223, 42.9991675], [75.5776484, 42.9889548], [75.546231, 42.988467], [75.5467723, 42.9815959], [75.6560804, 42.9807081], [75.6565601, 42.9752682], [75.6948907, 42.9615729], [75.7157439, 42.9605913], [75.7235991, 42.9566417], [75.7538133, 42.9602881], [75.7652642, 42.9714411], [75.7737867, 42.9727615], [75.7727828, 42.9406887], [75.7858652, 42.9375878], [75.8008525, 42.9381973], [75.8129783, 42.9425319]], [[76.7382775, 43.314451], [76.7536005, 43.3179699], [76.7603077, 43.3140048], [76.7723961, 43.3167519], [76.7826597, 43.3199019], [76.7843711, 43.3251668], [76.7908199, 43.3293566], [76.8010148, 43.3293718], [76.8065164, 43.3456678], [76.8133889, 43.3546993], [76.8505272, 43.3541014], [76.847647, 43.3514755], [76.8558659, 43.3427561], [76.8510374, 43.3365154], [76.8571446, 43.3332345], [76.8626306, 43.3364176], [76.8657904, 43.3468975], [76.875197, 43.3465285], [76.8800051, 43.3424122], [76.8781193, 43.3398593], [76.8806401, 43.3363206], [76.8782925, 43.3356931], [76.8807156, 43.3346994], [76.8761996, 43.3301324], [76.880308, 43.3278104], [76.8903913, 43.3362034], [76.8925928, 43.3435496], [76.9168296, 43.3576568], [76.9298628, 43.3737153], [76.92713, 43.3746627], [76.9291996, 43.3798218], [76.9343166, 43.3766685], [76.9412854, 43.3812533], [76.9654881, 43.379811], [76.9674824, 43.3841496], [76.9790867, 43.3888964], [76.981035, 43.3982705], [76.9860561, 43.4036273], [76.9923046, 43.3991866], [77.0027312, 43.3991009], [77.0011479, 43.3951103], [77.0074185, 43.3921233], [77.0052393, 43.3886565], [77.0161111, 43.3860658], [77.0111611, 43.3804072], [77.0132623, 43.3749686], [77.0115424, 43.3597733], [77.0448403, 43.36295], [77.0678526, 43.374439], [77.0775775, 43.3713476], [77.1023802, 43.3841146], [77.044717, 43.3531458], [77.0473588, 43.3486816], [77.0318552, 43.3467596], [77.0412443, 43.3376914], [77.0258345, 43.3195984], [77.0407185, 43.3101904], [77.0184314, 43.2972835], [77.0195695, 43.292963], [77.0101681, 43.2904876], [77.0114746, 43.2829599], [77.0146462, 43.2819765], [77.0121204, 43.2804691], [77.014948, 43.2664051], [77.0064044, 43.2665562], [77.0046465, 43.2626869], [77.0167799, 43.2596142], [77.0256427, 43.2496812], [77.0320673, 43.2485961], [77.0394401, 43.2340676], [77.0420975, 43.2356187], [77.0523213, 43.2264878], [77.0688096, 43.1969272], [77.0968506, 43.183981], [77.0986077, 43.1760535], [77.1045222, 43.1753027], [77.1139755, 43.1815912], [77.1133787, 43.1992613], [77.1196546, 43.2040738], [77.1382218, 43.1980925], [77.1459644, 43.1896483], [77.1470137, 43.1781582], [77.134891, 43.1665374], [77.1282827, 43.1689843], [77.1222172, 43.1668396], [77.1170726, 43.1516426], [77.109369, 43.1510144], [77.1008556, 43.1581025], [77.0901318, 43.1607665], [77.0828308, 43.1588657], [77.070097, 43.1650994], [77.0602256, 43.1600524], [77.0667539, 43.1514115], [77.0629371, 43.1449111], [77.0759393, 43.1378717], [77.0790786, 43.132156], [77.0923345, 43.1279993], [77.1132327, 43.1138609], [77.1212456, 43.1174324], [77.1136014, 43.1130186], [77.1137245, 43.109935], [77.0982087, 43.1152142], [77.0917851, 43.1121189], [77.0872858, 43.1164914], [77.0800909, 43.1153912], [77.0800349, 43.1011416], [77.089632, 43.0709378], [77.0771844, 43.0340662], [77.0569448, 43.0328438], [77.0324279, 43.038161], [77.0299106, 43.0431435], [76.9938034, 43.0473392], [76.9854746, 43.0433658], [76.966515, 43.0496182], [76.9434791, 43.0337707], [76.9367805, 43.0443288], [76.9571707, 43.0530159], [76.963719, 43.0592343], [76.9676087, 43.0692645], [76.9623529, 43.0778112], [76.9566014, 43.0820632], [76.9370259, 43.0850356], [76.9053525, 43.0801478], [76.9006974, 43.0839472], [76.8988626, 43.1136098], [76.8944074, 43.1214783], [76.8951548, 43.1260948], [76.8704702, 43.1266733], [76.8655097, 43.1326253], [76.8627503, 43.1304785], [76.852859, 43.134832], [76.8503102, 43.122549], [76.8432548, 43.1214774], [76.8426967, 43.1252712], [76.8342411, 43.123173], [76.8330133, 43.1301343], [76.8356839, 43.1338905], [76.8080701, 43.1357373], [76.8084227, 43.1465653], [76.7995769, 43.1463668], [76.7980933, 43.1546415], [76.7765437, 43.1593275], [76.7882184, 43.1624631], [76.7856747, 43.1653186], [76.7931698, 43.1673963], [76.7897623, 43.1749932], [76.7926141, 43.175301], [76.7912774, 43.1900482], [76.7890889, 43.1972744], [76.7847638, 43.196144], [76.782179, 43.2016453], [76.7799918, 43.1978973], [76.7786183, 43.1997163], [76.7718805, 43.2180343], [76.7806354, 43.2182002], [76.7788108, 43.2225258], [76.7725574, 43.2214849], [76.7695545, 43.2303662], [76.7858842, 43.2322325], [76.7757647, 43.249541], [76.7888004, 43.2532617], [76.7934368, 43.2503969], [76.7884264, 43.2558641], [76.7921616, 43.2607517], [76.7864276, 43.2661532], [76.7996436, 43.2743576], [76.7980836, 43.282452], [76.7917689, 43.2885629], [76.7909791, 43.2840329], [76.7853217, 43.2816019], [76.7811015, 43.2891773], [76.7541211, 43.2969491], [76.752126, 43.3031551], [76.75456, 43.3042791], [76.7482164, 43.3030906], [76.7382775, 43.314451]], [[77.1273405, 43.3645316], [77.1316855, 43.3671962], [77.1427524, 43.3622055], [77.1422442, 43.3662583], [77.1533178, 43.3577874], [77.1605976, 43.3588691], [77.1667539, 43.344844], [77.146237, 43.3331004], [77.1370165, 43.339316], [77.139461, 43.3441135], [77.1429725, 43.3425991], [77.14166, 43.3477729], [77.1332843, 43.3593659], [77.1306754, 43.3590108], [77.1316061, 43.3630586], [77.1273405, 43.3645316]]]}}, {"type": "Feature", "properties": {"name": "Issyk-Kul Region", "country": "KGZ"}, "geometry": {"type": "Polygon", "coordinates": [[[75.6415295, 42.445101], [75.6798557, 42.4187155], [75.7095283, 42.4156565], [75.7223171, 42.4114188], [75.7390353, 42.4038574], [75.7498458, 42.3930599], [75.7716598, 42.3933237], [75.7759466, 42.3875373], [75.7749612, 42.3786417], [75.7796999, 42.3708918], [75.7924497, 42.3681271], [75.8091501, 42.3545285], [75.837236, 42.3544087], [75.8756913, 42.3587757], [75.8849805, 42.3623492], [75.895263, 42.3720804], [75.9003864, 42.3905293], [75.9081848, 42.3981923], [75.9920964, 42.3882223], [75.9947905, 42.3777115], [75.9826045, 42.3348763], [75.9831271, 42.3280035], [75.9916155, 42.3241186], [75.9961522, 42.3164686], [75.9869671, 42.3057366], [75.9926056, 42.2786417], [76.0219585, 42.228659], [76.0188971, 42.2150491], [76.0213115, 42.2064983], [76.0737109, 42.1826763], [76.0774368, 42.172144], [76.0736984, 42.1566282], [76.0772246, 42.152386], [76.1289008, 42.1414588], [76.1400134, 42.1360642], [76.1422534, 42.1263334], [76.119605, 42.0872524], [76.1127155, 42.0614841], [76.0861882, 42.0500014], [76.0613212, 42.0085233], [76.104635, 41.9995689], [76.1302252, 42.0099878], [76.1524801, 42.0147574], [76.1887182, 42.0158435], [76.2069892, 42.0299009], [76.2238407, 42.0317531], [76.2492564, 42.0279028], [76.281964, 42.0145115], [76.3015185, 42.0140239], [76.3213045, 42.0040429], [76.3535042, 42.0084582], [76.4047516, 42.0004843], [76.41082, 41.986606], [76.4244747, 41.9836279], [76.467093, 41.9788089], [76.4867779, 41.9889351], [76.5138295, 41.9748402], [76.5549671, 41.9670287], [76.5683728, 41.9594027], [76.5789371, 41.9482008], [76.6205299, 41.9313363], [76.6329254, 41.9232983], [76.6300721, 41.889415], [76.5766238, 41.8500873], [76.5629423, 41.8478533], [76.528077, 41.8513706], [76.5193865, 41.8453485], [76.4980504, 41.810387], [76.4971897, 41.8039319], [76.5038296, 41.7971791], [76.5096933, 41.7796737], [76.5054391, 41.7565512], [76.513156, 41.7523873], [76.5258885, 41.7563074], [76.5718492, 41.7477396], [76.6522054, 41.7924504], [76.6685946, 41.7902305], [76.7061001, 41.7780006], [76.7283171, 41.7649526], [76.7355351, 41.7568958], [76.7363738, 41.7516174], [76.7305461, 41.7274403], [76.6997071, 41.6621636], [76.6791539, 41.6296699], [76.7460944, 41.5841146], [76.8069313, 41.5780019], [76.8352655, 41.5785603], [76.8563375, 41.5837745], [76.8816528, 41.5952231], [76.9077603, 41.5991136], [77.1274712, 41.5910568], [77.2194366, 41.5843881], [77.3077554, 41.6132807], [77.3455344, 41.631614], [77.3508151, 41.6279993], [77.3533176, 41.6182788], [77.3480369, 41.5777284], [77.3388816, 41.5413352], [77.3288716, 41.5241163], [77.2783204, 41.5346756], [77.2561034, 41.5357809], [77.2447054, 41.5310586], [77.2377632, 41.5141155], [77.2394247, 41.5038366], [77.3035892, 41.4482804], [77.4016581, 41.3955001], [77.4191436, 41.3807746], [77.3774719, 41.2930074], [77.3530419, 41.2766113], [77.3441464, 41.2599485], [77.3510886, 41.2582848], [77.5086065, 41.291061], [77.57193, 41.330506], [77.653596, 41.3135606], [77.659989, 41.2999497], [77.6594238, 41.2941128], [77.7194357, 41.2252191], [77.8789335, 41.1988578], [77.8818487, 41.1945611], [77.9069014, 41.1833011], [77.9211588, 41.1877013], [77.930124, 41.1860336], [77.9588819, 41.1900542], [77.9727165, 41.1812796], [77.9810297, 41.1829139], [77.9981358, 41.1923524], [78.0191133, 41.1919823], [78.0296526, 41.2022295], [78.0382896, 41.2013505], [78.0889783, 41.2240527], [78.1051174, 41.2228422], [78.1128861, 41.2269289], [78.1226319, 41.2270764], [78.1306132, 41.2389071], [78.1300038, 41.2435408], [78.1336456, 41.245688], [78.1306536, 41.264014], [78.1334531, 41.2705687], [78.1324179, 41.2837902], [78.1394264, 41.2893751], [78.1371885, 41.3123435], [78.146899, 41.3211593], [78.1483406, 41.3298336], [78.1574711, 41.3402657], [78.1555577, 41.3501269], [78.1459073, 41.3675934], [78.1605407, 41.3836151], [78.1865227, 41.3932146], [78.2175421, 41.3962027], [78.2273744, 41.4008346], [78.238839, 41.4004362], [78.2449202, 41.3943771], [78.2780217, 41.3884405], [78.289152, 41.3918311], [78.3007256, 41.3867022], [78.3085535, 41.3897707], [78.3208816, 41.3808855], [78.3360947, 41.3949612], [78.3526486, 41.3911842], [78.3608064, 41.3937787], [78.3818674, 41.3915945], [78.3911099, 41.3999457], [78.3891798, 41.4081089], [78.3942169, 41.4124187], [78.4018105, 41.4135045], [78.4078315, 41.4092483], [78.4235989, 41.4159068], [78.4290249, 41.4127633], [78.4383045, 41.4172627], [78.4498228, 41.4132132], [78.4802782, 41.4269557], [78.5066423, 41.4324725], [78.5052771, 41.4355362], [78.5132843, 41.4397687], [78.5293457, 41.4401299], [78.5325981, 41.4429272], [78.5331451, 41.4534704], [78.5389708, 41.459884], [78.5535193, 41.4697643], [78.5562874, 41.4760269], [78.5674352, 41.480363], [78.5797039, 41.4806015], [78.5847439, 41.4689963], [78.5993321, 41.467748], [78.6199853, 41.4767988], [78.6450769, 41.4685484], [78.6627655, 41.4992049], [78.6790592, 41.5094944], [78.6921574, 41.5105238], [78.6944076, 41.5157575], [78.7034748, 41.521141], [78.6942926, 41.5246641], [78.6896203, 41.5302044], [78.7016835, 41.5455888], [78.7129723, 41.552982], [78.7179007, 41.5514413], [78.7299053, 41.5550215], [78.7380054, 41.551112], [78.7494646, 41.5567039], [78.7743707, 41.558173], [78.7913314, 41.5638775], [78.7980096, 41.5586996], [78.815072, 41.5586411], [78.8223832, 41.5653563], [78.823936, 41.5715572], [78.8359272, 41.5719909], [78.8409913, 41.5778664], [78.8518321, 41.579568], [78.8517148, 41.5894277], [78.856137, 41.5949193], [78.8634352, 41.5971896], [78.8748661, 41.5923011], [78.8846658, 41.5956996], [78.8870186, 41.5999054], [78.8847008, 41.6043118], [78.8907084, 41.6102181], [78.9063483, 41.612874], [78.9141202, 41.6213564], [78.9219764, 41.6232225], [78.9184708, 41.6289437], [78.9201371, 41.6319345], [78.9293757, 41.6330773], [78.9281735, 41.6416665], [78.9361627, 41.6398917], [78.9414463, 41.6450033], [78.9507915, 41.6450947], [78.953494, 41.6494133], [78.9631372, 41.6499272], [78.9901704, 41.6639995], [78.9977624, 41.6604192], [78.9987987, 41.6568846], [79.0175479, 41.6569013], [79.0218909, 41.6592444], [79.0204563, 41.6679708], [79.0249457, 41.6670296], [79.0296514, 41.6704067], [79.0269545, 41.6753764], [79.0293174, 41.6793356], [79.0442407, 41.6796847], [79.0475698, 41.6843159], [79.0548726, 41.684113], [79.0584317, 41.6890375], [79.0828369, 41.6889601], [79.0950124, 41.6996408], [79.1113169, 41.7025461], [79.1246155, 41.7228299], [79.1424596, 41.7208776], [79.1666067, 41.7291393], [79.1816316, 41.7274019], [79.1863421, 41.7237359], [79.2167217, 41.7261461], [79.2193476, 41.7315866], [79.2295598, 41.7357965], [79.2285455, 41.7414805], [79.2487222, 41.7452332], [79.2515053, 41.7484009], [79.248267, 41.7572963], [79.2711926, 41.7638948], [79.2741606, 41.7689892], [79.270975, 41.7739574], [79.2778945, 41.773909], [79.2934187, 41.7903577], [79.3086958, 41.7952922], [79.3227743, 41.8107657], [79.3341603, 41.8062405], [79.3461644, 41.7938424], [79.352228, 41.7934316], [79.3677263, 41.808183], [79.3845218, 41.8154114], [79.3917728, 41.8244548], [79.3909533, 41.8281952], [79.4094256, 41.8408038], [79.4454662, 41.8440575], [79.463611, 41.8533249], [79.4874906, 41.8438233], [79.4827495, 41.8394327], [79.4850345, 41.8372556], [79.541542, 41.8383956], [79.5658541, 41.842601], [79.6141385, 41.8605843], [79.6206828, 41.870221], [79.6186325, 41.8778089], [79.6377583, 41.8935242], [79.6923565, 41.8986614], [79.7034567, 41.894946], [79.7206456, 41.9018293], [79.7311067, 41.9000976], [79.7400104, 41.9024644], [79.7520299, 41.9019341], [79.7652492, 41.8931398], [79.772259, 41.8930161], [79.7760757, 41.8986958], [79.7835812, 41.9015598], [79.7890658, 41.9118466], [79.7958652, 41.9133719], [79.7957757, 41.9167146], [79.8025667, 41.9203046], [79.8070835, 41.9307215], [79.8023353, 41.9370264], [79.8131589, 41.9453316], [79.8132232, 41.9488203], [79.8182732, 41.9503741], [79.8168847, 41.9651363], [79.830063, 41.9684121], [79.8359016, 41.9778704], [79.8472491, 41.9796962], [79.8522072, 41.9856638], [79.8451967, 42.0007939], [79.847795, 42.0033319], [79.8460431, 42.0141235], [79.8544933, 42.0218932], [79.8758884, 42.0287905], [79.8800132, 42.0343954], [79.8971363, 42.0341778], [79.9119314, 42.0422135], [79.9314236, 42.0389518], [79.9535743, 42.0452632], [79.9685739, 42.0408966], [79.9788947, 42.0456492], [79.9955154, 42.0413461], [80.0168523, 42.041776], [80.0245243, 42.0486422], [80.0385472, 42.0470649], [80.0425359, 42.0494071], [80.066265, 42.0438577], [80.0756233, 42.0461552], [80.0943154, 42.0394695], [80.1300061, 42.0346306], [80.1388377, 42.0303481], [80.1481585, 42.0356006], [80.1745876, 42.0386054], [80.1986907, 42.036932], [80.2098891, 42.0426668], [80.214988, 42.0516534], [80.2295793, 42.0605842], [80.2248856, 42.0673349], [80.2120331, 42.071009], [80.1686327, 42.0978605], [80.1587308, 42.1118852], [80.1493191, 42.1189899], [80.1518526, 42.1331327], [80.138263, 42.1480933], [80.1400819, 42.153318], [80.1312877, 42.1683376], [80.1639878, 42.1708174], [80.1644814, 42.2058604], [80.1744037, 42.2108441], [80.1180373, 42.2762591], [80.140738, 42.284972], [80.139202, 42.290394], [80.125784, 42.303411], [80.106256, 42.315685], [80.091146, 42.317186], [80.082613, 42.321523], [80.079687, 42.325441], [80.084918, 42.333327], [80.081662, 42.339383], [80.028173, 42.343685], [80.018877, 42.348167], [80.013371, 42.354542], [80.013026, 42.359782], [80.002017, 42.363373], [80.000317, 42.37815], [79.98213, 42.377598], [79.968244, 42.402054], [79.971259, 42.408927], [79.964233, 42.421429], [79.967776, 42.432224], [79.964108, 42.436598], [79.951532, 42.433262], [79.942612, 42.438571], [79.924952, 42.435232], [79.918979, 42.442723], [79.899118, 42.437204], [79.893891, 42.440731], [79.877297, 42.440376], [79.868541, 42.436909], [79.855805, 42.445698], [79.82575, 42.441591], [79.806773, 42.448037], [79.787963, 42.446318], [79.780629, 42.453675], [79.771306, 42.455987], [79.760987, 42.452328], [79.749387, 42.452623], [79.748169, 42.463964], [79.723057, 42.470195], [79.706647, 42.46922], [79.698128, 42.47392], [79.695511, 42.479622], [79.685056, 42.477708], [79.673322, 42.480098], [79.655216, 42.475604], [79.644103, 42.467956], [79.642694, 42.456039], [79.637153, 42.453974], [79.61439, 42.458479], [79.608129, 42.454724], [79.597786, 42.454297], [79.581865, 42.459622], [79.560981, 42.457401], [79.554959, 42.461782], [79.548797, 42.458085], [79.536804, 42.461374], [79.526432, 42.457296], [79.504877, 42.459887], [79.501303, 42.463673], [79.500829, 42.473055], [79.491167, 42.486365], [79.451583, 42.500685], [79.449603, 42.51155], [79.430007, 42.516522], [79.422877, 42.538178], [79.409414, 42.543739], [79.385254, 42.561683], [79.377506, 42.580054], [79.356944, 42.595042], [79.3421959, 42.6040631], [79.318969, 42.6021593], [79.2985213, 42.6201358], [79.2851251, 42.623133], [79.2711162, 42.6216687], [79.269139, 42.6251249], [79.2603156, 42.6255852], [79.2508417, 42.6360305], [79.243612, 42.635803], [79.2050443, 42.6681286], [79.1820147, 42.6975423], [79.1821307, 42.7064387], [79.178092, 42.716489], [79.173495, 42.719025], [79.1701835, 42.7324466], [79.1724771, 42.7379099], [79.1700054, 42.7550192], [79.191954, 42.78619], [79.1993719, 42.8042231], [79.1069376, 42.7810668], [79.0567431, 42.775477], [79.0441527, 42.7627762], [79.033891, 42.7600254], [79.029209, 42.762601], [79.022988, 42.777168], [78.98653, 42.776015], [78.967239, 42.781852], [78.930488, 42.774268], [78.90433, 42.788304], [78.889953, 42.789104], [78.886691, 42.793391], [78.869329, 42.796338], [78.865709, 42.800704], [78.851893, 42.794918], [78.829388, 42.804795], [78.799584, 42.809475], [78.786554, 42.800598], [78.774359, 42.815069], [78.739003, 42.819507], [78.733626, 42.814967], [78.726216, 42.822583], [78.709549, 42.826114], [78.694393, 42.814727], [78.685221, 42.817146], [78.664153, 42.814881], [78.646585, 42.828325], [78.641886, 42.842362], [78.625116, 42.846411], [78.623164, 42.850687], [78.613007, 42.854749], [78.595652, 42.847443], [78.588772, 42.84749], [78.581965, 42.851818], [78.581237, 42.858106], [78.575398, 42.86276], [78.542553, 42.868827], [78.536943, 42.881003], [78.521198, 42.88893], [78.504768, 42.891795], [78.499522, 42.899624], [78.495717, 42.900345], [78.491834, 42.900669], [78.480956, 42.892931], [78.464812, 42.896432], [78.454815, 42.886548], [78.44264, 42.888099], [78.440777, 42.883419], [78.430884, 42.878797], [78.414738, 42.879887], [78.40891, 42.877086], [78.39012, 42.881029], [78.378657, 42.889137], [78.370535, 42.886981], [78.366466, 42.875604], [78.369552, 42.872489], [78.362314, 42.86806], [78.362398, 42.863316], [78.348808, 42.854848], [78.306999, 42.857244], [78.284768, 42.864281], [78.272772, 42.863475], [78.269768, 42.869836], [78.257325, 42.873511], [78.246834, 42.871981], [78.239109, 42.878713], [78.233262, 42.87486], [78.223039, 42.877018], [78.215498, 42.86962], [78.197829, 42.881989], [78.176982, 42.873886], [78.179925, 42.865907], [78.171543, 42.860289], [78.159545, 42.861486], [78.142092, 42.857074], [78.123738, 42.85987], [78.116667, 42.864588], [78.10784, 42.863351], [78.091759, 42.849356], [78.067932, 42.851612], [78.052662, 42.847441], [78.044716, 42.858457], [78.038497, 42.860166], [78.034984, 42.865238], [78.024395, 42.86444], [78.002178, 42.870654], [77.999513, 42.861303], [77.968122, 42.85082], [77.943135, 42.859996], [77.942197, 42.874247], [77.934015, 42.881626], [77.924855, 42.87456], [77.916519, 42.874529], [77.911121, 42.870732], [77.899448, 42.878501], [77.884998, 42.880561], [77.874056, 42.888611], [77.849982, 42.886893], [77.840742, 42.881879], [77.82376, 42.884439], [77.816694, 42.887276], [77.813604, 42.893097], [77.815724, 42.896256], [77.810664, 42.902335], [77.780651, 42.914754], [77.770596, 42.912579], [77.762298, 42.905743], [77.745986, 42.909344], [77.73023, 42.904507], [77.719427, 42.909997], [77.710741, 42.904577], [77.704142, 42.906262], [77.696993, 42.903906], [77.687851, 42.912237], [77.670445, 42.917955], [77.666172, 42.913366], [77.656625, 42.911315], [77.646157, 42.916485], [77.635835, 42.915786], [77.623355, 42.919621], [77.613177, 42.914125], [77.601984, 42.917363], [77.581041, 42.915514], [77.576036, 42.924264], [77.567551, 42.924481], [77.55939, 42.92899], [77.568832, 42.935781], [77.55584, 42.937272], [77.552523, 42.941107], [77.526529, 42.936292], [77.519922, 42.929037], [77.508648, 42.929836], [77.497353, 42.925014], [77.485265, 42.924637], [77.481122, 42.925704], [77.476347, 42.938194], [77.47156, 42.939266], [77.455105, 42.928596], [77.449804, 42.929702], [77.437714, 42.925461], [77.417552, 42.927173], [77.350501, 42.898513], [77.32255, 42.913592], [77.31448, 42.911916], [77.298584, 42.916374], [77.295503, 42.907513], [77.270284, 42.913685], [77.234786, 42.911813], [77.2242, 42.914414], [77.2226122, 42.9174312], [77.2133172, 42.9096758], [77.2269282, 42.8821712], [77.2230377, 42.8707892], [77.1352682, 42.8113402], [77.1238702, 42.8066179], [77.078324, 42.7977361], [76.9369195, 42.7991263], [76.8177641, 42.7838447], [76.8038636, 42.7619012], [76.5945664, 42.7746902], [76.5724154, 42.7681861], [76.5402405, 42.7743442], [76.5032109, 42.7736448], [76.4709498, 42.7832914], [76.4565569, 42.7761715], [76.4599388, 42.7637845], [76.4589515, 42.7599907], [76.4515079, 42.7555145], [76.4229323, 42.7551758], [76.3960678, 42.7443226], [76.3703417, 42.7476201], [76.3453907, 42.7281256], [76.3092004, 42.7081877], [76.2874036, 42.7021951], [76.2370195, 42.6640624], [76.1939743, 42.645589], [76.1868904, 42.6180927], [76.1771389, 42.610543], [76.1561206, 42.608201], [76.1066018, 42.6180171], [76.0625603, 42.6088512], [76.0471198, 42.6015015], [76.0036001, 42.597694], [75.9640887, 42.5809547], [75.913711, 42.5806467], [75.8847979, 42.5742108], [75.839134, 42.5877819], [75.8147755, 42.590667], [75.803164, 42.5851707], [75.8009677, 42.5810351], [75.7998785, 42.5681129], [75.8083399, 42.5547226], [75.8094802, 42.5352851], [75.8066007, 42.5301121], [75.7733743, 42.5325342], [75.7559198, 42.5249481], [75.7081007, 42.5199464], [75.7041024, 42.5132298], [75.7079287, 42.4991543], [75.6938909, 42.4882489], [75.6903002, 42.4803847], [75.6556036, 42.4582451], [75.6415295, 42.445101]]]}}]}