{"type": "FeatureCollection", "features": [{"type": "Feature", "properties": {"name": "Canada"}, "geometry": {"type": "MultiPolygon", "coordinates": [[[[-99.967844, 67.810126], [-99.926869, 67.824408], [-99.817047, 67.800889], [-99.792714, 67.804918], [-99.795277, 67.824408], [-99.767812, 67.826483], [-99.686147, 67.816514], [-99.634592, 67.792711], [-99.567454, 67.807725], [-99.494862, 67.796454], [-99.487416, 67.782823], [-99.470611, 67.781684], [-99.439605, 67.796454], [-99.423695, 67.794135], [-99.374867, 67.769721], [-99.295277, 67.755357], [-99.252919, 67.723497], [-99.226674, 67.714545], [-99.193186, 67.721991], [-99.158437, 67.714545], [-99.109039, 67.729193], [-99.055816, 67.71955], [-98.981679, 67.722032], [-98.936431, 67.696845], [-98.915435, 67.711615], [-98.90982, 67.739244], [-98.89269, 67.752265], [-98.779937, 67.748277], [-98.732289, 67.754096], [-98.699778, 67.789659], [-98.706044, 67.801703], [-98.682607, 67.81269], [-98.589263, 67.782823], [-98.363352, 67.794623], [-98.356557, 67.8039], [-98.360951, 67.811347], [-98.45226, 67.870063], [-98.500478, 67.865424], [-98.535471, 67.873236], [-98.608957, 67.910142], [-98.712758, 67.944932], [-98.72704, 67.957831], [-98.733876, 68.036689], [-98.742828, 68.060004], [-98.733876, 68.070868], [-98.644521, 68.070868], [-98.584584, 68.096381], [-98.522328, 68.0456], [-98.257436, 67.925849], [-98.241078, 67.913764], [-98.21935, 67.879096], [-98.175282, 67.847968], [-98.092112, 67.760321], [-98.082834, 67.755479], [-98.048655, 67.769232], [-97.984364, 67.750312], [-97.927235, 67.696885], [-97.795969, 67.684638], [-97.730458, 67.648505], [-97.655873, 67.645006], [-97.590321, 67.602973], [-97.557932, 67.595404], [-97.495473, 67.60814], [-97.415028, 67.610663], [-97.335072, 67.652899], [-97.274648, 67.666734], [-97.213246, 67.624579], [-97.192128, 67.639472], [-97.196929, 67.664374], [-97.061147, 67.680406], [-97.130035, 67.714545], [-97.226226, 67.714545], [-97.21109, 67.733995], [-97.120107, 67.779405], [-97.120839, 67.793036], [-97.164784, 67.844916], [-97.205719, 67.865424], [-97.222808, 67.902899], [-97.249582, 67.924628], [-97.262847, 67.921942], [-97.295155, 67.88585], [-97.327016, 67.875922], [-97.363515, 67.876939], [-97.39745, 67.886705], [-97.471181, 67.93537], [-97.573557, 67.974311], [-97.640859, 68.009385], [-97.693227, 68.02265], [-97.709462, 68.012763], [-97.71345, 67.982733], [-97.729604, 67.973253], [-97.774281, 67.987494], [-97.794789, 67.975287], [-97.849924, 67.974107], [-97.957509, 67.929023], [-97.976959, 67.930528], [-98.001536, 67.959459], [-98.058909, 67.916856], [-98.066029, 67.899237], [-98.048655, 67.83808], [-98.073354, 67.831407], [-98.095041, 67.836615], [-98.178578, 67.880683], [-98.223297, 67.934068], [-98.308705, 67.975287], [-98.404897, 68.009385], [-98.448964, 68.070868], [-98.589915, 68.152777], [-98.577138, 68.156073], [-98.535268, 68.139716], [-98.528432, 68.162299], [-98.506703, 68.18122], [-98.4794, 68.190375], [-98.456125, 68.183783], [-98.425404, 68.159613], [-98.439076, 68.118598], [-98.411448, 68.082465], [-98.363596, 68.09398], [-98.324534, 68.128119], [-98.322987, 68.159613], [-98.315541, 68.16706], [-98.368072, 68.189805], [-98.486318, 68.215562], [-98.541493, 68.235907], [-98.499013, 68.238837], [-98.487457, 68.249579], [-98.592152, 68.291571], [-98.710561, 68.360704], [-98.718088, 68.367621], [-98.713368, 68.379259], [-98.673085, 68.386461], [-98.630849, 68.382432], [-98.51476, 68.331529], [-98.541493, 68.365058], [-98.477406, 68.352484], [-98.459543, 68.365058], [-98.540761, 68.414781], [-98.540842, 68.424018], [-98.52599, 68.425401], [-98.439076, 68.379259], [-98.317616, 68.356798], [-98.253245, 68.317572], [-98.213124, 68.304185], [-98.192372, 68.307685], [-98.151357, 68.334662], [-98.105784, 68.321723], [-98.08259, 68.323798], [-98.068471, 68.337714], [-98.116933, 68.355089], [-98.09557, 68.367499], [-97.904652, 68.34455], [-97.908315, 68.391547], [-97.851186, 68.389594], [-97.747629, 68.36872], [-97.754262, 68.388983], [-97.770985, 68.401964], [-97.895172, 68.42414], [-97.911692, 68.438178], [-97.898427, 68.447577], [-97.98644, 68.481798], [-98.010487, 68.499091], [-98.003651, 68.531928], [-97.979644, 68.547065], [-97.92516, 68.530097], [-97.856272, 68.543769], [-97.796051, 68.532091], [-97.705474, 68.527818], [-97.661366, 68.506293], [-97.657582, 68.482367], [-97.635854, 68.45543], [-97.529368, 68.420722], [-97.503774, 68.436143], [-97.519195, 68.452338], [-97.575063, 68.447577], [-97.609975, 68.451972], [-97.620961, 68.462104], [-97.577748, 68.499945], [-97.430002, 68.505561], [-97.260365, 68.468695], [-97.249094, 68.445868], [-97.109527, 68.393012], [-97.162262, 68.394395], [-97.17101, 68.385565], [-97.161977, 68.377631], [-97.009918, 68.350043], [-96.993479, 68.337714], [-97.000885, 68.31745], [-96.993479, 68.296739], [-97.05606, 68.306627], [-97.082997, 68.286119], [-97.086781, 68.274034], [-97.080637, 68.265692], [-96.926422, 68.242743], [-96.690012, 68.286444], [-96.671376, 68.283149], [-96.657379, 68.259223], [-96.634836, 68.258897], [-96.63036, 68.249579], [-96.679514, 68.238715], [-96.691721, 68.228135], [-96.681264, 68.211127], [-96.620961, 68.185655], [-96.608632, 68.194322], [-96.633941, 68.213935], [-96.622222, 68.234809], [-96.59203, 68.254218], [-96.486195, 68.303412], [-96.403798, 68.317857], [-96.46939, 68.285956], [-96.479563, 68.273179], [-96.489491, 68.217963], [-96.524526, 68.191718], [-96.643422, 68.139716], [-96.624745, 68.125312], [-96.637685, 68.113471], [-96.691803, 68.104967], [-96.684967, 68.091295], [-96.795033, 68.071967], [-96.814768, 68.05036], [-96.801869, 68.026842], [-96.764516, 68.017157], [-96.691803, 68.016181], [-96.677073, 68.021552], [-96.657704, 68.057196], [-96.61677, 68.068183], [-96.592641, 68.068712], [-96.562734, 68.040473], [-96.519399, 68.0362], [-96.444814, 68.05036], [-96.485748, 68.070868], [-96.478912, 68.090562], [-96.548451, 68.085069], [-96.525014, 68.116034], [-96.398101, 68.171373], [-96.293284, 68.19892], [-96.009389, 68.252265], [-95.937652, 68.290595], [-95.896718, 68.296739], [-95.938791, 68.252509], [-96.042388, 68.188666], [-96.081654, 68.145941], [-96.024403, 68.115709], [-96.046376, 68.076402], [-96.086049, 68.037706], [-96.081654, 68.009385], [-96.130767, 67.956855], [-96.168202, 67.893256], [-96.175893, 67.866319], [-96.212026, 67.831244], [-96.216786, 67.810248], [-96.209462, 67.753485], [-96.191314, 67.736518], [-96.222157, 67.698961], [-96.2058, 67.680406], [-96.171051, 67.700263], [-96.181874, 67.64289], [-96.197174, 67.627021], [-96.253041, 67.629828], [-96.290883, 67.663031], [-96.30724, 67.696357], [-96.321278, 67.700263], [-96.343902, 67.689399], [-96.33495, 67.612128], [-96.357249, 67.582831], [-96.391428, 67.567003], [-96.46524, 67.549506], [-96.431142, 67.54328], [-96.46524, 67.512193], [-96.46524, 67.478013], [-96.459584, 67.474799], [-96.424306, 67.494818], [-96.392079, 67.49608], [-96.362213, 67.481147], [-96.375885, 67.463202], [-96.33495, 67.443915], [-96.260406, 67.440863], [-96.210032, 67.425605], [-96.153188, 67.442206], [-96.119293, 67.471259], [-96.095937, 67.467475], [-96.101674, 67.454332], [-96.096018, 67.446967], [-96.068023, 67.440863], [-96.111399, 67.415391], [-96.122548, 67.38349], [-96.138417, 67.368394], [-96.171051, 67.34398], [-96.225331, 67.32213], [-96.253, 67.247748], [-96.142161, 67.262641], [-96.129994, 67.251451], [-96.136871, 67.234727], [-96.110748, 67.221869], [-96.037831, 67.239325], [-95.944488, 67.29621], [-95.927724, 67.282538], [-95.90807, 67.286566], [-95.760976, 67.371161], [-95.716298, 67.376044], [-95.719228, 67.365058], [-95.678049, 67.335028], [-95.637807, 67.347724], [-95.622955, 67.379381], [-95.603261, 67.387071], [-95.58137, 67.384833], [-95.533925, 67.357733], [-95.554107, 67.324164], [-95.584543, 67.301337], [-95.811676, 67.192857], [-95.835276, 67.165839], [-95.706614, 67.194281], [-95.666127, 67.224107], [-95.643463, 67.227973], [-95.663971, 67.206855], [-95.621083, 67.203111], [-95.521881, 67.219591], [-95.485219, 67.200629], [-95.499501, 67.193793], [-95.478383, 67.180121], [-95.491689, 67.158881], [-95.482574, 67.141343], [-95.442738, 67.151801], [-95.437408, 67.200629], [-95.382802, 67.159654], [-95.387359, 67.143785], [-95.396474, 67.139228], [-95.379384, 67.107856], [-95.417633, 67.06977], [-95.403228, 67.055976], [-95.337799, 67.041734], [-95.327545, 67.022528], [-95.330312, 67.010362], [-95.355458, 66.964097], [-95.403228, 66.974066], [-95.421457, 66.949286], [-95.476389, 66.95421], [-95.603505, 66.946845], [-95.636627, 66.967841], [-95.616851, 66.973212], [-95.601918, 66.988349], [-95.765859, 66.959052], [-95.913726, 66.947821], [-95.937652, 66.960395], [-95.961781, 67.008979], [-95.992299, 67.008857], [-95.967112, 67.046861], [-95.930816, 67.070258], [-95.9558, 67.07453], [-96.048736, 67.016547], [-96.04898, 67.004991], [-96.027008, 66.974066], [-96.093373, 66.956855], [-96.127065, 66.956977], [-96.157379, 66.967841], [-96.115834, 66.988349], [-96.150014, 66.993598], [-96.221832, 66.98371], [-96.259836, 66.991441], [-96.281361, 67.011176], [-96.264638, 67.049425], [-96.280344, 67.070258], [-96.298248, 67.075792], [-96.349233, 67.070258], [-96.392201, 67.093329], [-96.454254, 67.068834], [-96.455678, 67.05976], [-96.41686, 67.029283], [-96.397613, 66.994574], [-96.301137, 66.974921], [-96.246734, 66.926947], [-96.15274, 66.900621], [-96.126088, 66.882188], [-96.112416, 66.841254], [-96.096913, 66.830634], [-95.85204, 66.758124], [-95.831532, 66.724229], [-95.78539, 66.681098], [-95.780019, 66.662462], [-95.783355, 66.638495], [-95.820953, 66.591132], [-95.792226, 66.602037], [-95.740712, 66.648301], [-95.643463, 66.669298], [-95.630442, 66.679389], [-95.630483, 66.689399], [-95.664784, 66.741441], [-95.677602, 66.741929], [-95.684722, 66.732123], [-95.671783, 66.707831], [-95.68692, 66.68769], [-95.715728, 66.680284], [-95.754384, 66.683051], [-95.792063, 66.737047], [-95.836781, 66.756049], [-95.909535, 66.819281], [-95.999745, 66.851142], [-96.028676, 66.881334], [-96.076405, 66.903144], [-96.093495, 66.920233], [-96.068023, 66.939927], [-96.028472, 66.951361], [-95.976145, 66.953925], [-95.924184, 66.946967], [-95.886138, 66.929999], [-95.82726, 66.943549], [-95.77595, 66.936835], [-95.766347, 66.933092], [-95.752756, 66.905748], [-95.733795, 66.903062], [-95.670155, 66.912584], [-95.575185, 66.912584], [-95.506703, 66.902533], [-95.453196, 66.92829], [-95.410715, 66.933092], [-95.40807, 66.923082], [-95.388539, 66.912055], [-95.316314, 66.900214], [-95.275014, 66.913926], [-95.252431, 66.933092], [-95.253326, 66.945624], [-95.243804, 66.955878], [-95.218332, 66.974066], [-95.233225, 66.989691], [-95.300893, 67.008857], [-95.291493, 67.031195], [-95.345204, 67.073961], [-95.348134, 67.08336], [-95.323557, 67.117174], [-95.348134, 67.152696], [-95.268463, 67.211249], [-95.255605, 67.262274], [-95.172841, 67.278632], [-95.175364, 67.289618], [-95.302113, 67.328355], [-95.33019, 67.343451], [-95.359039, 67.394884], [-95.375966, 67.447008], [-95.413808, 67.45661], [-95.399322, 67.477973], [-95.324941, 67.51081], [-95.325266, 67.530504], [-95.338124, 67.552232], [-95.355458, 67.567125], [-95.438344, 67.603827], [-95.463246, 67.63935], [-95.523427, 67.647162], [-95.592152, 67.683702], [-95.680328, 67.702501], [-95.695709, 67.711493], [-95.707672, 67.733344], [-95.676137, 67.765448], [-95.629221, 67.775987], [-95.629628, 67.787909], [-95.585113, 67.789659], [-95.545481, 67.808295], [-95.526763, 67.848456], [-95.536529, 67.886705], [-95.582021, 67.899522], [-95.526723, 67.9442], [-95.465199, 67.974595], [-95.444895, 68.009385], [-95.421742, 68.019965], [-95.432973, 68.042792], [-95.431223, 68.057196], [-95.478383, 68.063422], [-95.450347, 68.071763], [-95.272939, 68.077623], [-95.245107, 68.084459], [-95.218332, 68.077623], [-95.272939, 68.036689], [-95.228139, 68.04564], [-95.141672, 68.085028], [-95.094797, 68.091295], [-95.039662, 68.055243], [-95.012278, 68.05036], [-94.931264, 68.060492], [-94.860992, 68.03087], [-94.798248, 68.038072], [-94.738352, 68.058295], [-94.700999, 68.081366], [-94.683909, 68.108385], [-94.560374, 68.163316], [-94.474599, 68.183173], [-94.451161, 68.201158], [-94.382639, 68.219794], [-94.36856, 68.235907], [-94.36856, 68.228461], [-94.340932, 68.24433], [-94.210927, 68.269477], [-94.193267, 68.288682], [-94.211822, 68.327216], [-94.204091, 68.351386], [-94.211415, 68.363878], [-94.202992, 68.373847], [-94.138743, 68.39879], [-94.122385, 68.422349], [-93.949778, 68.475775], [-93.757395, 68.505968], [-93.723988, 68.520087], [-93.661366, 68.530748], [-93.621246, 68.550645], [-93.560658, 68.558417], [-93.546213, 68.564276], [-93.559804, 68.578559], [-93.546213, 68.578559], [-93.544749, 68.597235], [-93.523752, 68.607286], [-93.446441, 68.614854], [-93.374867, 68.638739], [-93.580312, 68.612128], [-93.645334, 68.6258], [-93.752268, 68.612128], [-93.705719, 68.664618], [-93.67927, 68.731879], [-93.697621, 68.748603], [-93.687611, 68.761176], [-93.653391, 68.764228], [-93.642405, 68.776557], [-93.656077, 68.776557], [-93.640533, 68.787299], [-93.636952, 68.804145], [-93.581654, 68.831488], [-93.570668, 68.844062], [-93.577219, 68.862169], [-93.649241, 68.899482], [-93.637685, 68.936143], [-93.656077, 68.940375], [-93.634918, 68.962144], [-93.660756, 68.972154], [-93.738596, 68.968329], [-93.724924, 68.975165], [-93.73644, 68.977281], [-93.857289, 68.962592], [-93.875803, 68.975165], [-93.833567, 69.009345], [-93.909291, 68.995673], [-93.896718, 69.017564], [-93.865549, 69.037299], [-93.800038, 69.064561], [-93.827138, 69.0692], [-93.868031, 69.061143], [-93.936594, 69.029771], [-93.902455, 69.029771], [-93.902455, 69.023627], [-93.950836, 68.995673], [-93.922963, 68.982001], [-93.958811, 68.965766], [-93.968821, 68.947455], [-94.061635, 68.903266], [-94.073801, 68.88581], [-94.067535, 68.88581], [-94.069895, 68.874823], [-94.064849, 68.867499], [-94.040273, 68.865912], [-94.080556, 68.852281], [-94.036529, 68.838609], [-93.978179, 68.858344], [-93.943959, 68.883124], [-93.922963, 68.88581], [-93.94343, 68.858466], [-93.8131, 68.899482], [-93.826243, 68.87934], [-93.895375, 68.859971], [-93.977773, 68.810736], [-94.059153, 68.786689], [-94.094228, 68.762885], [-94.282948, 68.758002], [-94.412506, 68.723009], [-94.465728, 68.743394], [-94.507395, 68.725084], [-94.570912, 68.762885], [-94.636098, 68.756049], [-94.604115, 68.824449], [-94.559926, 68.863145], [-94.550526, 68.890733], [-94.584299, 68.903184], [-94.566762, 68.935777], [-94.598744, 68.949286], [-94.601959, 68.968329], [-94.571197, 68.98192], [-94.530914, 68.977281], [-94.464752, 68.954698], [-94.463206, 68.941718], [-94.442983, 68.944159], [-94.402699, 68.962144], [-94.36856, 69.009345], [-94.345855, 69.025824], [-94.319895, 69.034613], [-94.231597, 69.037218], [-94.176178, 69.049506], [-94.149526, 69.064561], [-94.186025, 69.085924], [-94.172475, 69.107856], [-94.077016, 69.129462], [-94.005483, 69.160142], [-94.038686, 69.158393], [-94.135162, 69.132799], [-94.252838, 69.12698], [-94.324045, 69.155829], [-94.324534, 69.170722], [-94.279856, 69.229071], [-94.300282, 69.249498], [-94.259389, 69.276801], [-94.313954, 69.297919], [-94.281646, 69.32213], [-94.237904, 69.336493], [-94.114573, 69.347642], [-94.026601, 69.366197], [-93.930409, 69.366197], [-93.885365, 69.345079], [-93.846181, 69.349799], [-93.794504, 69.368516], [-93.739166, 69.409044], [-93.612213, 69.439561], [-93.525706, 69.441352], [-93.595611, 69.399359], [-93.630116, 69.390245], [-93.678538, 69.354682], [-93.809967, 69.310981], [-93.881947, 69.249498], [-93.860504, 69.250108], [-93.8131, 69.270006], [-93.84435, 69.24254], [-93.881947, 69.229071], [-93.868276, 69.218085], [-93.8131, 69.222154], [-93.851552, 69.186103], [-93.854075, 69.174425], [-93.840321, 69.168687], [-93.760325, 69.210679], [-93.703359, 69.225409], [-93.665028, 69.248847], [-93.607574, 69.270006], [-93.62678, 69.274888], [-93.642405, 69.263129], [-93.642405, 69.270006], [-93.579579, 69.299547], [-93.48644, 69.318793], [-93.453603, 69.332139], [-93.450592, 69.345079], [-93.434397, 69.356798], [-93.361887, 69.372992], [-93.385854, 69.379625], [-93.477895, 69.359361], [-93.555653, 69.36994], [-93.587758, 69.366197], [-93.526357, 69.422471], [-93.492543, 69.440619], [-93.477895, 69.454332], [-93.484731, 69.461778], [-93.450836, 69.473822], [-93.443105, 69.482245], [-93.450592, 69.489691], [-93.477162, 69.484198], [-93.484731, 69.489691], [-93.483551, 69.502143], [-93.505849, 69.51557], [-93.557973, 69.530707], [-93.690175, 69.523261], [-93.683949, 69.523261], [-93.803456, 69.482245], [-93.8131, 69.495917], [-93.872792, 69.486518], [-93.879018, 69.466864], [-93.868316, 69.454332], [-93.897572, 69.439317], [-93.930409, 69.435411], [-93.998647, 69.441352], [-94.149526, 69.434516], [-94.322174, 69.452989], [-94.382232, 69.495917], [-94.447377, 69.520128], [-94.521718, 69.575914], [-94.527943, 69.596137], [-94.561025, 69.64057], [-94.585113, 69.648179], [-94.596913, 69.646104], [-94.606842, 69.632799], [-94.617991, 69.637885], [-94.636098, 69.654161], [-94.629872, 69.68773], [-94.764312, 69.661689], [-94.760243, 69.647325], [-94.724233, 69.619452], [-94.745758, 69.594346], [-94.788686, 69.578192], [-94.875111, 69.571641], [-94.95287, 69.589057], [-94.971181, 69.609198], [-95.012278, 69.60578], [-94.999176, 69.619452], [-95.02477, 69.626776], [-95.131581, 69.621039], [-95.184804, 69.644965], [-95.225168, 69.646715], [-95.410512, 69.685899], [-95.586781, 69.742174], [-95.650299, 69.783881], [-95.669057, 69.788438], [-95.751047, 69.785386], [-95.786855, 69.742987], [-95.82787, 69.77025], [-95.812001, 69.787095], [-95.786855, 69.790758], [-95.807485, 69.803412], [-95.830068, 69.807807], [-95.848256, 69.801093], [-95.855784, 69.780504], [-95.869008, 69.777167], [-95.93163, 69.791856], [-95.951975, 69.790758], [-95.944488, 69.783881], [-95.975901, 69.7862], [-96.086822, 69.8463], [-96.2058, 69.865831], [-96.15689, 69.883979], [-96.113433, 69.866645], [-96.0985, 69.866929], [-96.081654, 69.879503], [-96.12267, 69.900621], [-96.08849, 69.914252], [-96.08849, 69.920478], [-96.106923, 69.920111], [-96.102162, 69.945299], [-96.110097, 69.956529], [-96.174875, 69.972235], [-96.222279, 69.962714], [-96.256418, 69.970282], [-96.31033814931851, 70.0], [-92.01374142141653, 70.0], [-92.024892, 69.996202], [-92.07726, 69.99372], [-92.086293, 69.975694], [-92.223459, 69.914781], [-92.271311, 69.907457], [-92.271311, 69.900621], [-92.244618, 69.893785], [-92.264719, 69.87523], [-92.341868, 69.861925], [-92.379384, 69.845079], [-92.409088, 69.845404], [-92.436025, 69.832343], [-92.547597, 69.81684], [-92.55248, 69.807807], [-92.545644, 69.783881], [-92.56786, 69.764594], [-92.600575, 69.766832], [-92.648671, 69.794176], [-92.673451, 69.780829], [-92.674713, 69.774278], [-92.655507, 69.77025], [-92.684071, 69.756944], [-92.841379, 69.710028], [-92.868398, 69.708808], [-92.868398, 69.701972], [-92.538808, 69.715033], [-92.538808, 69.708808], [-92.622711, 69.70539], [-92.737416, 69.674058], [-92.855702, 69.689561], [-92.923004, 69.681505], [-92.923004, 69.674058], [-92.833404, 69.661322], [-92.770334, 69.669501], [-92.669097, 69.654161], [-92.603586, 69.683295], [-92.471425, 69.697618], [-92.449371, 69.68773], [-92.405426, 69.68476], [-92.38858, 69.68773], [-92.381988, 69.704576], [-92.367421, 69.708726], [-92.340199, 69.701972], [-92.340199, 69.694525], [-92.374908, 69.667833], [-92.340443, 69.660102], [-92.330068, 69.661933], [-92.333974, 69.667833], [-92.262847, 69.665839], [-92.22643, 69.6588], [-92.176584, 69.633409], [-92.091176, 69.625922], [-92.086293, 69.619452], [-92.263092, 69.634223], [-92.299224, 69.646715], [-92.299224, 69.64057], [-92.237782, 69.60578], [-92.168853, 69.585313], [-92.167144, 69.591051], [-92.161448, 69.585313], [-92.168853, 69.577867], [-92.121693, 69.571641], [-92.127919, 69.558051], [-91.966664, 69.533637], [-91.937123, 69.519029], [-91.798329, 69.489691], [-91.802724, 69.513251], [-91.710194, 69.544298], [-91.737457, 69.551134], [-91.648101, 69.558051], [-91.579213, 69.585313], [-91.600331, 69.612616], [-91.53307, 69.641059], [-91.500722, 69.643622], [-91.497304, 69.661078], [-91.426015, 69.668402], [-91.321401, 69.652777], [-91.289866, 69.660224], [-91.250844, 69.64057], [-91.167592, 69.655707], [-91.168324, 69.633124], [-91.093251, 69.64057], [-91.106557, 69.624864], [-91.131825, 69.619371], [-91.218902, 69.614325], [-91.359731, 69.552924], [-91.541086, 69.533759], [-91.572377, 69.523261], [-91.557118, 69.511827], [-91.504058, 69.523261], [-91.346791, 69.523261], [-91.30484, 69.544298], [-91.189076, 69.564195], [-91.109975, 69.513292], [-91.085805, 69.511298], [-91.007151, 69.527167], [-90.977162, 69.515937], [-90.897694, 69.536851], [-90.881337, 69.519232], [-90.887807, 69.489691], [-90.7506, 69.489691], [-90.753285, 69.51911], [-90.724192, 69.534166], [-90.684316, 69.538886], [-90.436879, 69.49315], [-90.400299, 69.464667], [-90.369537, 69.459703], [-90.369781, 69.444688], [-90.311757, 69.454332], [-90.311757, 69.448106], [-90.352528, 69.437323], [-90.476226, 69.448106], [-90.561594, 69.42829], [-90.614369, 69.438951], [-90.599762, 69.448106], [-90.621449, 69.454047], [-90.702789, 69.454332], [-90.702789, 69.448106], [-90.666575, 69.443101], [-90.625885, 69.424058], [-90.58552, 69.420844], [-90.626454, 69.407782], [-90.649526, 69.41352], [-90.672597, 69.407701], [-90.79776, 69.366197], [-90.791575, 69.352525], [-90.811147, 69.3463], [-90.815053, 69.333686], [-90.805247, 69.310981], [-90.816558, 69.300605], [-90.805247, 69.283677], [-90.818227, 69.276801], [-90.805247, 69.256334], [-90.935536, 69.249498], [-90.935536, 69.256334], [-90.894602, 69.270006], [-90.950673, 69.262641], [-90.969716, 69.270006], [-90.942983, 69.276801], [-90.956044, 69.290473], [-90.930653, 69.28974], [-90.91511, 69.304145], [-91.070058, 69.268134], [-91.086334, 69.270006], [-91.094594, 69.285102], [-91.01065, 69.310981], [-90.997629, 69.338935], [-90.956044, 69.352525], [-90.956044, 69.359361], [-90.984853, 69.358832], [-91.08967, 69.311998], [-91.189076, 69.290473], [-91.254221, 69.298692], [-91.449534, 69.359361], [-91.449534, 69.352525], [-91.392974, 69.325792], [-91.259185, 69.283677], [-91.181264, 69.273993], [-91.12564, 69.238837], [-91.033599, 69.21955], [-90.857004, 69.144639], [-90.805247, 69.132799], [-90.77066, 69.108873], [-90.670644, 69.088202], [-90.654408, 69.078192], [-90.661366, 69.061835], [-90.702301, 69.03974], [-90.695383, 69.029771], [-90.708974, 69.007188], [-90.685455, 68.998236], [-90.620229, 68.995673], [-90.626454, 68.995673], [-90.612131, 68.987494], [-90.579254, 68.947862], [-90.599762, 68.947862], [-90.58552, 68.927354], [-90.605377, 68.926581], [-90.621083, 68.916327], [-90.532623, 68.911444], [-90.435292, 68.878974], [-90.483062, 68.852281], [-90.437123, 68.854804], [-90.42162, 68.852281], [-90.42162, 68.845445], [-90.537953, 68.8369], [-90.599762, 68.8039], [-90.563547, 68.798936], [-90.481842, 68.826606], [-90.442128, 68.831163], [-90.472524, 68.807563], [-90.475819, 68.796495], [-90.448964, 68.790229], [-90.457102, 68.777045], [-90.492177, 68.771715], [-90.510365, 68.784003], [-90.530873, 68.742418], [-90.515614, 68.724555], [-90.483022, 68.711046], [-90.485585, 68.701117], [-90.500803, 68.66767], [-90.530873, 68.653022], [-90.526479, 68.642035], [-90.565012, 68.625718], [-90.525502, 68.615058], [-90.489898, 68.591539], [-90.538319, 68.578559], [-90.539906, 68.572089], [-90.533193, 68.559678], [-90.477162, 68.53441], [-90.493642, 68.530097], [-90.517201, 68.491929], [-90.606068, 68.458075], [-90.607045, 68.443915], [-90.497385, 68.413438], [-90.318593, 68.379259], [-90.318593, 68.372504], [-90.358306, 68.372382], [-90.475657, 68.337714], [-90.338368, 68.352037], [-90.311757, 68.337714], [-90.317209, 68.331244], [-90.311757, 68.324042], [-90.324127, 68.309882], [-90.278188, 68.268134], [-90.279205, 68.251899], [-90.270823, 68.242133], [-90.23705, 68.232123], [-90.193837, 68.235785], [-90.119985, 68.262641], [-90.140492, 68.293647], [-90.171498, 68.307318], [-90.164133, 68.315172], [-90.069976, 68.344346], [-90.000152, 68.379259], [-89.989613, 68.405992], [-90.00182, 68.41942], [-89.982167, 68.42772], [-90.003896, 68.433905], [-89.978342, 68.445624], [-89.924306, 68.451606], [-89.900868, 68.461249], [-89.911692, 68.469835], [-89.900502, 68.486396], [-89.870961, 68.481879], [-89.864573, 68.488349], [-89.849762, 68.523301], [-89.820953, 68.544542], [-89.896148, 68.550238], [-89.920766, 68.564276], [-89.945953, 68.604315], [-89.944936, 68.61579], [-89.897328, 68.643866], [-89.900868, 68.660468], [-89.846832, 68.677314], [-89.809478, 68.712714], [-89.794423, 68.715074], [-89.76651, 68.703681], [-89.753896, 68.677314], [-89.755605, 68.647406], [-89.770579, 68.625718], [-89.740631, 68.62995], [-89.715932, 68.646186], [-89.725494, 68.707506], [-89.697743, 68.765326], [-89.715932, 68.790229], [-89.696034, 68.799547], [-89.687978, 68.817491], [-89.704986, 68.83275], [-89.736399, 68.831163], [-89.722239, 68.852973], [-89.746938, 68.916246], [-89.750722, 68.948472], [-89.743235, 68.968329], [-89.705312, 69.020209], [-89.67219, 69.044501], [-89.544586, 69.091864], [-89.441558, 69.153917], [-89.442291, 69.162543], [-89.409332, 69.175116], [-89.400543, 69.184394], [-89.397206, 69.215399], [-89.331695, 69.249498], [-89.19872, 69.278062], [-89.035878, 69.267198], [-88.941965, 69.233588], [-88.932851, 69.202745], [-88.88683, 69.179551], [-88.845693, 69.139635], [-88.728586, 69.08393], [-88.249745, 68.931586], [-88.022613, 68.808661], [-87.947092, 68.729682], [-87.926503, 68.687201], [-87.919179, 68.652899], [-87.94815, 68.60871], [-87.941314, 68.587633], [-87.892934, 68.536973], [-87.878489, 68.496527], [-87.830881, 68.468695], [-87.843332, 68.44184], [-87.800364, 68.404283], [-87.79601, 68.386176], [-87.803578, 68.34455], [-87.792226, 68.331244], [-87.844553, 68.255805], [-87.892934, 68.235907], [-87.943756, 68.200873], [-87.99352, 68.229071], [-88.027008, 68.238227], [-88.126332, 68.249579], [-88.146148, 68.235907], [-88.179555, 68.245307], [-88.188385, 68.270331], [-88.181549, 68.370429], [-88.199371, 68.383368], [-88.217275, 68.372016], [-88.208323, 68.358832], [-88.217112, 68.353827], [-88.255483, 68.34455], [-88.320383, 68.308783], [-88.398427, 68.290798], [-88.40685, 68.276923], [-88.324941, 68.207994], [-88.324696, 68.189317], [-88.303822, 68.16706], [-88.283315, 68.126044], [-88.286285, 68.106635], [-88.342763, 68.075385], [-88.334828, 68.0456], [-88.379547, 68.029853], [-88.358469, 68.00255], [-88.373647, 67.975816], [-88.347279, 67.938463], [-88.331614, 67.898261], [-88.303375, 67.862901], [-88.280995, 67.810981], [-88.248606, 67.775987], [-88.184804, 67.752753], [-88.163482, 67.736192], [-88.173492, 67.707709], [-88.140533, 67.670722], [-88.069325, 67.632025], [-87.978139, 67.617784], [-87.940745, 67.604682], [-87.868072, 67.563096], [-87.815338, 67.519477], [-87.714833, 67.481147], [-87.65982, 67.433905], [-87.483795, 67.363105], [-87.457631, 67.334947], [-87.454701, 67.27265], [-87.447377, 67.263861], [-87.399526, 67.275702], [-87.362945, 67.267198], [-87.360666, 67.25609], [-87.372792, 67.241563], [-87.501943, 67.193793], [-87.511301, 67.178778], [-87.516184, 67.11872], [-87.459788, 67.135362], [-87.41454, 67.174994], [-87.372182, 67.180121], [-87.327789, 67.173285], [-87.30427, 67.103705], [-87.289296, 67.097602], [-87.276967, 67.108385], [-87.255483, 67.180121], [-87.228179, 67.200629], [-87.242177, 67.214423], [-87.228139, 67.228095], [-87.195912, 67.222724], [-87.180409, 67.227973], [-87.181264, 67.23664], [-87.137196, 67.228827], [-87.118316, 67.214301], [-87.124623, 67.202704], [-87.114125, 67.178941], [-87.101226, 67.183539], [-87.075795, 67.218085], [-87.070668, 67.263373], [-87.005238, 67.246568], [-86.960683, 67.255235], [-86.997548, 67.273301], [-87.007802, 67.286729], [-86.994781, 67.303046], [-87.06371, 67.324164], [-87.087514, 67.342637], [-87.092193, 67.353095], [-87.077707, 67.357652], [-87.019928, 67.349921], [-86.976674, 67.32331], [-86.960683, 67.331], [-86.967112, 67.356391], [-86.96052, 67.367377], [-86.929311, 67.377265], [-86.896555, 67.400743], [-86.778961, 67.418647], [-86.653432, 67.363715], [-86.625478, 67.371934], [-86.615142, 67.414374], [-86.597524, 67.406073], [-86.603749, 67.365058], [-86.583852, 67.349189], [-86.553293, 67.352159], [-86.501943, 67.379381], [-86.536122, 67.4265], [-86.536122, 67.447008], [-86.480824, 67.459052], [-86.47468, 67.478013], [-86.493031, 67.511298], [-86.480865, 67.529608], [-86.486887, 67.552191], [-86.480865, 67.573961], [-86.457672, 67.592393], [-86.452952, 67.605943], [-86.48884, 67.617133], [-86.494537, 67.653144], [-86.529286, 67.687201], [-86.476877, 67.717719], [-86.390736, 67.80976], [-86.343739, 67.844916], [-86.289622, 67.868109], [-86.253, 67.894395], [-86.186676, 67.913764], [-86.166168, 67.937364], [-86.128326, 67.957831], [-86.125111, 67.984565], [-86.138254, 68.009385], [-86.130605, 68.016059], [-86.108876, 68.022081], [-86.097279, 68.016181], [-86.109486, 68.002387], [-86.10851, 67.9914], [-86.08019, 67.981513], [-86.058583, 67.999254], [-86.01183, 68.008857], [-85.901723, 68.054389], [-85.896962, 68.060655], [-85.912953, 68.085069], [-85.914784, 68.111436], [-85.907541, 68.121894], [-85.864817, 68.129706], [-85.884999, 68.163316], [-85.887318, 68.192694], [-85.871409, 68.201158], [-85.804758, 68.203477], [-85.789418, 68.221666], [-85.835276, 68.230577], [-85.843739, 68.245185], [-85.836578, 68.269477], [-85.810862, 68.283759], [-85.809234, 68.296739], [-85.844065, 68.324042], [-85.803456, 68.336046], [-85.717152, 68.398261], [-85.706288, 68.413438], [-85.747874, 68.436713], [-85.665273, 68.454413], [-85.732004, 68.465399], [-85.741038, 68.478583], [-85.72053, 68.506293], [-85.72053, 68.550645], [-85.73884, 68.565985], [-85.726715, 68.584784], [-85.742828, 68.624823], [-85.734202, 68.638739], [-85.693227, 68.666693], [-85.668121, 68.726996], [-85.641347, 68.742418], [-85.610463, 68.747504], [-85.561635, 68.730943], [-85.523671, 68.733588], [-85.459828, 68.756049], [-85.562856, 68.784003], [-85.413442, 68.774482], [-85.363637, 68.762885], [-85.391591, 68.742418], [-85.224762, 68.7213], [-85.21817, 68.732164], [-85.233225, 68.744574], [-85.26122, 68.748603], [-85.239369, 68.765855], [-85.124664, 68.748603], [-84.959584, 68.762885], [-84.898305, 68.745592], [-84.788238, 68.735582], [-84.75475, 68.762885], [-84.760976, 68.778144], [-84.789296, 68.787665], [-84.809234, 68.814073], [-84.840891, 68.823106], [-84.904652, 68.824937], [-84.987172, 68.811265], [-85.145009, 68.834784], [-85.178619, 68.847154], [-85.192942, 68.86933], [-85.17276, 68.877387], [-85.042714, 68.865912], [-85.055776, 68.878974], [-85.000559, 68.88581], [-85.069447, 68.906928], [-85.063629, 68.917548], [-85.012929, 68.915717], [-85.000559, 68.924262], [-85.145131, 68.947862], [-85.118723, 68.963568], [-84.95519, 68.95067], [-84.920969, 68.93891], [-84.795725, 68.937323], [-84.804433, 68.959581], [-84.815094, 68.966051], [-84.905344, 68.973741], [-84.941151, 68.984198], [-84.945912, 69.003119], [-84.987457, 69.009345], [-84.953114, 69.018541], [-84.836659, 69.009345], [-84.843495, 69.023627], [-84.808095, 69.034613], [-84.724517, 69.009508], [-84.669789, 69.013902], [-84.581614, 68.996812], [-84.542348, 69.010077], [-84.528188, 69.023627], [-84.651357, 69.029771], [-84.689687, 69.047105], [-84.729848, 69.035956], [-84.75475, 69.050279], [-84.74828, 69.074693], [-84.75475, 69.085028], [-84.921742, 69.080634], [-84.952748, 69.091864], [-84.947987, 69.107611], [-85.028472, 69.119208], [-84.966379, 69.139635], [-85.010365, 69.145697], [-85.095041, 69.119981], [-85.138295, 69.126654], [-85.11384, 69.155097], [-85.024403, 69.163642], [-84.987457, 69.174425], [-85.012278, 69.180487], [-85.16808, 69.173082], [-85.192942, 69.166938], [-85.181874, 69.153673], [-85.200266, 69.135565], [-85.270253, 69.137885], [-85.316477, 69.153917], [-85.290395, 69.166083], [-85.224843, 69.174058], [-85.206614, 69.188056], [-85.252594, 69.197333], [-85.346832, 69.200914], [-85.391591, 69.215399], [-85.377919, 69.222154], [-85.432525, 69.263129], [-85.4735, 69.276801], [-85.500803, 69.318345], [-85.488189, 69.326361], [-85.391225, 69.308539], [-85.336985, 69.318427], [-85.456288, 69.347602], [-85.467275, 69.359361], [-85.440012, 69.366197], [-85.497304, 69.390001], [-85.50829, 69.407782], [-85.385243, 69.418687], [-85.381256, 69.426703], [-85.412017, 69.448106], [-85.34439, 69.441352], [-85.399403, 69.466742], [-85.436391, 69.464789], [-85.480336, 69.441352], [-85.510325, 69.446357], [-85.534047, 69.463324], [-85.539459, 69.484605], [-85.514475, 69.502753], [-85.531565, 69.525987], [-85.475575, 69.549913], [-85.480336, 69.564195], [-85.461008, 69.570502], [-85.385365, 69.564195], [-85.495473, 69.617621], [-85.544097, 69.65351], [-85.514475, 69.681505], [-85.44933, 69.689399], [-85.440012, 69.7119], [-85.449615, 69.741197], [-85.496897, 69.752021], [-85.514475, 69.77025], [-85.429026, 69.78852], [-85.397857, 69.785346], [-85.412017, 69.755968], [-85.391672, 69.756049], [-85.349517, 69.768988], [-85.333567, 69.780504], [-85.33316, 69.791368], [-85.370758, 69.824897], [-85.590199, 69.832343], [-85.563222, 69.8581], [-85.32018, 69.846991], [-85.174794, 69.794257], [-85.055776, 69.777086], [-85.055816, 69.796861], [-85.029286, 69.806464], [-84.879262, 69.818793], [-84.857167, 69.832343], [-84.898101, 69.852851], [-84.862864, 69.86164], [-84.774322, 69.838568], [-84.694651, 69.853746], [-84.339833, 69.859687], [-84.288564, 69.832343], [-84.24767, 69.838568], [-84.169504, 69.824652], [-84.031484, 69.763617], [-83.812856, 69.733385], [-83.731191, 69.70897], [-83.495188, 69.687201], [-83.448883, 69.694648], [-83.356597, 69.681505], [-83.253285, 69.708808], [-83.020579, 69.681505], [-82.904164, 69.694525], [-82.688303, 69.682074], [-82.664215, 69.68773], [-82.698394, 69.701972], [-82.630279, 69.702582], [-82.568023, 69.68773], [-82.57551, 69.674058], [-82.417226, 69.646715], [-82.253407, 69.64057], [-82.406158, 69.618109], [-82.430898, 69.62287], [-82.456166, 69.63939], [-82.616444, 69.646715], [-82.589182, 69.633124], [-82.645904, 69.629259], [-82.65746, 69.619452], [-82.554351, 69.599555], [-82.58373, 69.589586], [-82.753651, 69.577867], [-82.617991, 69.570014], [-82.479319, 69.502753], [-82.516103, 69.49372], [-83.253285, 69.558051], [-83.293813, 69.539903], [-83.192128, 69.536851], [-82.281565, 69.41942], [-82.245676, 69.408515], [-82.225453, 69.393541], [-82.267812, 69.385606], [-82.389963, 69.407782], [-82.389963, 69.400336], [-82.358551, 69.392646], [-82.305247, 69.359931], [-82.202626, 69.333319], [-82.143463, 69.297919], [-82.169911, 69.2921], [-82.225453, 69.298082], [-82.253407, 69.290473], [-82.230092, 69.276068], [-82.239898, 69.266547], [-82.294301, 69.256334], [-82.269602, 69.238227], [-82.026845, 69.249498], [-82.047271, 69.270006], [-81.991567, 69.278022], [-81.753041, 69.26789], [-81.639719, 69.248236], [-81.49592, 69.203559], [-81.403676, 69.208564], [-81.344716, 69.194892], [-81.321685, 69.139635], [-81.273305, 69.0987], [-81.273305, 69.091864], [-81.362864, 69.101304], [-81.389394, 69.095282], [-81.482167, 69.064561], [-81.552724, 69.00316], [-81.58023, 68.992987], [-81.683827, 68.994452], [-81.699534, 68.960801], [-81.729075, 68.945054], [-81.885487, 68.929633], [-82.008656, 68.899848], [-82.061594, 68.878974], [-81.814565, 68.913764], [-81.786936, 68.899482], [-81.702504, 68.907538], [-81.589345, 68.87287], [-81.580556, 68.860541], [-81.588002, 68.845445], [-81.561757, 68.831651], [-81.5454, 68.832465], [-81.503733, 68.863105], [-81.419179, 68.875434], [-81.378774, 68.867621], [-81.286285, 68.814399], [-81.275787, 68.79682], [-81.233022, 68.773912], [-81.258941, 68.756049], [-81.26358, 68.685289], [-81.2506, 68.668647], [-81.26651, 68.638739], [-81.340932, 68.622626], [-81.35851, 68.601793], [-81.479075, 68.574815], [-81.649648, 68.508246], [-81.814565, 68.530097], [-81.796457, 68.50373], [-81.825592, 68.471015], [-81.918691, 68.453315], [-81.953725, 68.43065], [-82.016591, 68.433905], [-82.032338, 68.445746], [-82.063059, 68.49787], [-82.088531, 68.50963], [-82.273834, 68.536973], [-82.273834, 68.530097], [-82.248036, 68.515001], [-82.176869, 68.488105], [-82.187896, 68.471788], [-82.22175, 68.458116], [-82.266103, 68.458116], [-82.429799, 68.475898], [-82.470041, 68.484809], [-82.572987, 68.527167], [-82.611643, 68.530219], [-82.636952, 68.50963], [-82.635569, 68.497138], [-82.589182, 68.495429], [-82.547841, 68.471788], [-82.496938, 68.463935], [-82.558217, 68.443915], [-82.643707, 68.447333], [-82.650624, 68.433905], [-82.646718, 68.419745], [-82.61852, 68.407091], [-82.503896, 68.410142], [-82.465647, 68.385565], [-82.3697, 68.356269], [-82.348948, 68.337714], [-82.376576, 68.319403], [-82.467437, 68.32453], [-82.506581, 68.317857], [-82.441762, 68.284003], [-82.36974, 68.269477], [-82.302358, 68.290758], [-82.272694, 68.291571], [-82.260162, 68.262641], [-82.267323, 68.242133], [-82.344797, 68.175523], [-82.314849, 68.146593], [-82.206532, 68.124701], [-82.174794, 68.124986], [-82.108754, 68.149359], [-82.099029, 68.175727], [-82.078359, 68.183783], [-82.044423, 68.217353], [-82.026845, 68.221666], [-81.993642, 68.215033], [-81.98998, 68.198228], [-82.018381, 68.130479], [-82.123036, 68.111802], [-82.081654, 68.082465], [-82.124379, 68.064765], [-82.143463, 68.042914], [-82.129221, 68.042914], [-82.160959, 68.011176], [-82.177642, 68.009385], [-82.123036, 67.961005], [-82.129221, 67.961005], [-82.129221, 67.947943], [-82.101552, 67.910386], [-82.060658, 67.886827], [-81.971588, 67.861925], [-81.949818, 67.833197], [-81.889027, 67.812079], [-81.828114, 67.80683], [-81.811635, 67.797309], [-81.841868, 67.789659], [-81.818471, 67.772773], [-81.700185, 67.735338], [-81.642649, 67.687201], [-81.58495, 67.663275], [-81.457183, 67.628404], [-81.403676, 67.597886], [-81.301096, 67.511786], [-81.266469, 67.494818], [-81.237945, 67.460517], [-81.255238, 67.430121], [-81.31428, 67.371934], [-81.307485, 67.371934], [-81.36266, 67.255235], [-81.375722, 67.186957], [-81.417307, 67.13231], [-81.410756, 67.118232], [-81.417307, 67.104438], [-81.40982, 67.097602], [-81.446604, 67.065863], [-81.490956, 67.060533], [-81.492421, 67.018744], [-81.502919, 67.001044], [-81.527415, 66.996039], [-81.63268, 67.008857], [-81.664377, 66.981513], [-81.716176, 66.972846], [-81.821156, 66.999213], [-81.954905, 66.976793], [-81.978383, 66.967841], [-81.999501, 66.939927], [-82.034332, 66.927232], [-82.041086, 66.91942], [-82.013173, 66.905748], [-82.091664, 66.857978], [-82.082102, 66.834093], [-82.129872, 66.813341], [-82.176178, 66.78087], [-82.184438, 66.768622], [-82.182444, 66.748603], [-82.158355, 66.726142], [-82.156565, 66.713975], [-82.373158, 66.727647], [-82.380035, 66.725165], [-82.381663, 66.696479], [-82.464182, 66.680243], [-82.482289, 66.670722], [-82.479319, 66.651923], [-82.554351, 66.62523], [-82.590891, 66.570868], [-82.633453, 66.5633], [-82.851552, 66.570502], [-82.909332, 66.554877], [-82.998647, 66.555162], [-83.009999, 66.550523], [-83.027415, 66.495185], [-83.058827, 66.479112], [-83.130442, 66.46015], [-83.123606, 66.46015], [-83.262603, 66.396064], [-83.327545, 66.380683], [-83.369374, 66.350287], [-83.499623, 66.364447], [-83.560536, 66.349351], [-83.589101, 66.357123], [-83.568593, 66.371405], [-83.65803, 66.419176], [-83.630035, 66.419176], [-83.638743, 66.435533], [-83.612131, 66.439561], [-83.595937, 66.432807], [-83.595367, 66.415717], [-83.577138, 66.39879], [-83.534495, 66.385077], [-83.528676, 66.396918], [-83.562571, 66.426825], [-83.592681, 66.4383], [-83.644358, 66.474433], [-83.678131, 66.525336], [-83.732167, 66.536973], [-83.847768, 66.5456], [-83.890736, 66.570014], [-83.904205, 66.594102], [-83.963531, 66.583604], [-83.980784, 66.592353], [-83.985504, 66.606391], [-83.972646, 66.618394], [-84.01358, 66.632066], [-84.003407, 66.645738], [-84.01358, 66.679877], [-84.004506, 66.697008], [-83.983957, 66.708238], [-83.931752, 66.707221], [-83.914622, 66.694688], [-83.917633, 66.667426], [-83.911244, 66.651923], [-83.895863, 66.647325], [-83.856597, 66.686713], [-83.890736, 66.713975], [-83.942209, 66.723497], [-83.958974, 66.748114], [-83.943674, 66.770941], [-83.900014, 66.79088], [-83.884511, 66.817084], [-83.89037, 66.857245], [-83.91808, 66.885932], [-83.942535, 66.826972], [-83.965199, 66.811265], [-84.048411, 66.78974], [-84.029042, 66.783922], [-84.103627, 66.748114], [-84.097768, 66.719306], [-84.137929, 66.712226], [-84.269399, 66.727851], [-84.302602, 66.741319], [-84.308258, 66.760077], [-84.268137, 66.782294], [-84.303538, 66.801011], [-84.411936, 66.807318], [-84.439443, 66.830675], [-84.240142, 66.830675], [-84.240142, 66.83751], [-84.372629, 66.867377], [-84.411488, 66.885932], [-84.410797, 66.916327], [-84.391021, 66.91942], [-84.408315, 66.935004], [-84.493764, 66.939927], [-84.582834, 66.981513], [-84.419911, 66.961615], [-84.370513, 66.974066], [-84.809397, 67.029283], [-84.910064, 67.061876], [-84.939076, 67.055976], [-84.904937, 67.042955], [-84.939076, 67.036811], [-84.843495, 67.015001], [-84.859853, 67.00023], [-84.884511, 66.994574], [-84.853993, 66.987982], [-84.76773, 67.008857], [-84.735951, 67.00788], [-84.637441, 66.981513], [-85.004628, 66.968085], [-85.212799, 66.91942], [-85.145131, 66.905748], [-85.204579, 66.878485], [-85.227122, 66.885932], [-85.21524, 66.867662], [-85.186594, 66.85224], [-85.127797, 66.83751], [-85.061147, 66.857978], [-84.957753, 66.864488], [-84.910756, 66.901435], [-84.91039, 66.908637], [-84.920237, 66.911851], [-85.000559, 66.91942], [-84.974517, 66.929145], [-84.919993, 66.916002], [-84.891265, 66.91942], [-84.881337, 66.942939], [-84.871165, 66.946112], [-84.767445, 66.955552], [-84.71996, 66.933092], [-84.603342, 66.939927], [-84.615061, 66.922309], [-84.609283, 66.910346], [-84.591217, 66.904812], [-84.747304, 66.899604], [-84.616567, 66.877427], [-84.543609, 66.851386], [-84.508372, 66.823228], [-84.652089, 66.853339], [-84.692698, 66.844957], [-84.650136, 66.824083], [-84.548573, 66.818061], [-84.500885, 66.809556], [-84.441233, 66.786241], [-84.343373, 66.783189], [-84.322133, 66.776068], [-84.348134, 66.759101], [-84.452463, 66.720811], [-84.370513, 66.707221], [-84.315297, 66.679877], [-84.26301, 66.700141], [-84.144602, 66.686713], [-84.144602, 66.658759], [-84.177358, 66.61164], [-84.216298, 66.601386], [-84.211008, 66.59455], [-84.075673, 66.522406], [-83.963246, 66.477891], [-83.894032, 66.432196], [-83.870229, 66.395575], [-83.86974, 66.329901], [-83.862782, 66.316759], [-83.783559, 66.301378], [-83.761545, 66.254706], [-83.70165, 66.227973], [-83.685292, 66.213731], [-83.690785, 66.199205], [-83.80663, 66.163194], [-83.856597, 66.158515], [-83.847279, 66.172431], [-83.785227, 66.210761], [-83.971181, 66.204088], [-83.980092, 66.221177], [-84.002675, 66.234076], [-84.089345, 66.248481], [-84.130727, 66.264106], [-84.146555, 66.280585], [-84.15453, 66.30622], [-84.203847, 66.324205], [-84.302805, 66.303087], [-84.322906, 66.294053], [-84.309071, 66.282579], [-84.348744, 66.277777], [-84.387318, 66.292589], [-84.423736, 66.361396], [-84.44933, 66.375922], [-84.514516, 66.385077], [-84.500885, 66.399278], [-84.537465, 66.405219], [-84.592193, 66.362494], [-84.636708, 66.343858], [-84.603342, 66.315741], [-84.553863, 66.302924], [-84.50768, 66.267768], [-84.42516, 66.227362], [-84.381744, 66.19005], [-84.378326, 66.173041], [-84.404652, 66.165961], [-84.480092, 66.165961], [-84.535024, 66.193305], [-84.607411, 66.214586], [-84.78303, 66.226996], [-84.870839, 66.268378], [-84.983713, 66.25434], [-85.03775, 66.279853], [-85.08316, 66.286811], [-85.088206, 66.309272], [-85.117828, 66.33039], [-85.136098, 66.326402], [-85.130849, 66.29564], [-85.179311, 66.268378], [-85.241567, 66.270087], [-85.267812, 66.286933], [-85.284868, 66.333555], [-85.279682, 66.360707], [-85.31297, 66.372424], [-85.315946, 66.387955], [-85.300578, 66.406472], [-85.322336, 66.479534], [-85.377955, 66.515785], [-85.416073, 66.566981], [-85.465479, 66.574425], [-85.751564, 66.517655], [-85.782865, 66.500095], [-85.852528, 66.502021], [-85.905832, 66.515367], [-86.138824, 66.501085], [-86.207143, 66.522203], [-86.282867, 66.522203], [-86.326527, 66.552802], [-86.343739, 66.556342], [-86.361318, 66.550116], [-86.39273, 66.515367], [-86.416615, 66.515001], [-86.525624, 66.549506], [-86.597524, 66.556342], [-86.577138, 66.535875], [-86.620473, 66.506944], [-86.740346, 66.531562], [-86.782541, 66.522203], [-86.747304, 66.496039], [-86.631703, 66.440253], [-86.666737, 66.430976], [-86.789377, 66.453925], [-86.807851, 66.446275], [-86.648793, 66.327012], [-86.620595, 66.314399], [-86.543202, 66.312974], [-86.470367, 66.295396], [-86.326283, 66.285997], [-86.275461, 66.268378], [-85.956166, 66.199652], [-85.892021, 66.193411], [-85.856662, 66.16283], [-85.899562, 66.147664], [-85.974829, 66.09828], [-85.974355, 66.075914], [-85.986318, 66.054796], [-85.974355, 66.03559], [-86.063344, 65.999091], [-86.194244, 65.984076], [-86.204949, 65.939747], [-86.226716, 65.933038], [-86.292592, 65.929999], [-86.346506, 65.907782], [-86.426259, 65.898383], [-86.421295, 65.882636], [-86.46288, 65.855577], [-86.47468, 65.840033], [-86.467193, 65.830146], [-86.494537, 65.815863], [-86.489166, 65.804145], [-86.453603, 65.782335], [-86.463857, 65.777208], [-86.464508, 65.743476], [-86.522328, 65.705268], [-86.549794, 65.672471], [-86.615142, 65.670152], [-86.663889, 65.65766], [-86.825917, 65.561632], [-86.987945, 65.535346], [-86.974355, 65.521674], [-87.008453, 65.508002], [-87.015289, 65.487494], [-87.084218, 65.484117], [-87.114125, 65.460395], [-87.118316, 65.450019], [-87.109975, 65.43537], [-87.072825, 65.428087], [-87.06371, 65.418647], [-87.078603, 65.402086], [-87.155832, 65.39289], [-87.209869, 65.367051], [-87.259429, 65.361558], [-87.380767, 65.329698], [-87.92748, 65.333441], [-88.063873, 65.359483], [-88.221913, 65.411811], [-88.255483, 65.446519], [-88.300404, 65.467027], [-88.325266, 65.490587], [-88.417877, 65.52619], [-88.461578, 65.553575], [-88.550282, 65.583116], [-88.661936, 65.595404], [-88.721791, 65.624376], [-88.83141, 65.645209], [-88.584584, 65.64525], [-88.480621, 65.628241], [-88.420888, 65.624986], [-88.413686, 65.631537], [-88.44811, 65.643297], [-88.742991, 65.674628], [-88.818959, 65.689927], [-88.845326, 65.703803], [-88.970123, 65.696519], [-89.051137, 65.720282], [-89.109364, 65.728461], [-89.136464, 65.742906], [-89.147369, 65.768663], [-89.160471, 65.776679], [-89.227203, 65.79975], [-89.310902, 65.8133], [-89.33849, 65.840033], [-89.408437, 65.867011], [-89.448069, 65.875596], [-89.475697, 65.87108], [-89.469309, 65.860907], [-89.478261, 65.855943], [-89.509836, 65.860582], [-89.53718, 65.898383], [-89.638173, 65.923163], [-89.687978, 65.946845], [-89.759999, 65.935981], [-89.775787, 65.943183], [-89.967397, 65.955797], [-90.003896, 65.946845], [-89.767079, 65.892646], [-89.743235, 65.877916], [-89.730458, 65.858873], [-89.732655, 65.841539], [-89.746938, 65.828681], [-89.770579, 65.822699], [-89.837473, 65.830919], [-89.910146, 65.865668], [-89.969146, 65.87108], [-90.04426, 65.891588], [-90.138539, 65.885199], [-90.228668, 65.859361], [-90.302235, 65.860175], [-90.435292, 65.884752], [-90.403391, 65.896674], [-90.217112, 65.907091], [-90.218984, 65.922675], [-90.236969, 65.926866], [-90.400787, 65.905219], [-91.045644, 65.941514], [-91.106272, 65.952989], [-91.181996, 65.946845], [-91.310292, 65.975938], [-91.383209, 65.960761], [-91.46345, 65.958116], [-91.497304, 65.946845], [-91.120513, 65.843207], [-91.031646, 65.808336], [-91.004465, 65.815863], [-91.127349, 65.905219], [-91.107655, 65.923041], [-91.070465, 65.928453], [-90.955068, 65.920356], [-90.895741, 65.903754], [-90.529693, 65.881944], [-90.300689, 65.840318], [-90.094228, 65.821153], [-89.958119, 65.794298], [-89.850982, 65.751573], [-89.736399, 65.727729], [-89.633209, 65.668199], [-89.613108, 65.649482], [-89.468129, 65.605902], [-89.453847, 65.58869], [-89.442535, 65.544745], [-89.393788, 65.501166], [-89.184234, 65.438951], [-89.150502, 65.415229], [-89.147369, 65.391913], [-89.12914, 65.377265], [-89.039866, 65.328192], [-88.933827, 65.343492], [-88.879221, 65.322455], [-88.617747, 65.31391], [-88.547109, 65.29918], [-88.121205, 65.280382], [-88.07726, 65.267768], [-87.941029, 65.288275], [-87.831451, 65.28205], [-87.750885, 65.267524], [-87.73469, 65.28205], [-87.748931, 65.288275], [-87.71109, 65.301011], [-87.608306, 65.291612], [-87.527659, 65.268256], [-87.372792, 65.275214], [-87.046946, 65.237982], [-87.035471, 65.229967], [-87.038075, 65.218858], [-87.056874, 65.206366], [-86.978424, 65.179633], [-86.953847, 65.165351], [-86.938222, 65.141954], [-86.994781, 65.103949], [-86.992543, 65.082831], [-86.973622, 65.057563], [-87.11148, 65.000922], [-87.090647, 64.99079], [-87.077382, 64.972968], [-87.118316, 64.945624], [-87.168813, 64.939643], [-87.275014, 64.849962], [-87.310129, 64.79857], [-87.300201, 64.76439], [-87.372792, 64.753852], [-87.444732, 64.707587], [-87.471181, 64.716295], [-87.468617, 64.74433], [-87.49649, 64.743232], [-87.529205, 64.712877], [-87.509389, 64.647691], [-87.513539, 64.634101], [-87.54662, 64.613593], [-87.577626, 64.569525], [-87.599965, 64.558173], [-87.809885, 64.516059], [-87.812978, 64.487128], [-87.858876, 64.438178], [-87.874867, 64.360826], [-87.899526, 64.333075], [-88.041737, 64.25731], [-88.050608, 64.236884], [-87.981679, 64.191514], [-88.044301, 64.184312], [-88.11266, 64.140855], [-88.221588, 64.144355], [-88.272817, 64.115058], [-88.483022, 64.050767], [-88.558176, 64.048082], [-88.56432, 64.04206], [-88.550282, 64.027655], [-88.666086, 64.011461], [-88.687408, 63.979234], [-88.734609, 63.972357], [-88.826975, 63.991034], [-88.865468, 63.982489], [-88.879221, 63.98668], [-88.872426, 64.000963], [-88.903635, 64.008246], [-88.96703, 63.988511], [-89.002756, 63.993476], [-88.99649, 64.010606], [-89.00178, 64.014838], [-89.05956, 64.025092], [-89.147694, 64.056138], [-89.199208, 64.099189], [-89.211985, 64.131781], [-89.252349, 64.158922], [-89.290679, 64.136908], [-89.232981, 64.105577], [-89.177398, 64.03852], [-89.105784, 63.98668], [-89.089752, 63.9619], [-89.023183, 63.952582], [-89.049306, 63.946357], [-89.147369, 63.952582], [-89.1256, 63.965562], [-89.194488, 63.973009], [-89.239247, 64.004096], [-89.286366, 64.015937], [-89.287343, 64.010606], [-89.250844, 63.993354], [-89.257192, 63.979234], [-89.249745, 63.965562], [-89.379058, 64.041449], [-89.438629, 64.024156], [-89.496205, 64.062445], [-89.545562, 64.079779], [-89.565053, 64.076117], [-89.557688, 64.007188], [-89.482533, 63.952582], [-89.509185, 63.952094], [-89.592397, 64.020819], [-89.655629, 64.062486], [-89.694244, 64.078437], [-89.722157, 64.076117], [-89.704254, 64.055121], [-89.706899, 64.031684], [-89.752187, 64.072455], [-89.825795, 64.109565], [-89.802846, 64.132921], [-89.743479, 64.138536], [-89.736399, 64.147773], [-89.74942, 64.178534], [-89.752065, 64.225328], [-89.786366, 64.25023], [-89.804677, 64.226874], [-89.80606, 64.201361], [-89.887196, 64.205797], [-89.868479, 64.190619], [-89.826405, 64.177436], [-89.818267, 64.154608], [-89.832346, 64.141425], [-89.91393, 64.164862], [-89.970204, 64.167792], [-90.127431, 64.130072], [-90.070302, 64.115831], [-90.040842, 64.100206], [-90.016957, 64.107286], [-90.023752, 64.123887], [-89.932118, 64.117499], [-89.91393, 64.10338], [-89.938466, 64.096381], [-89.947662, 64.083686], [-89.943512, 64.068671], [-89.928131, 64.054999], [-89.898915, 64.053168], [-89.894032, 64.041938], [-89.853098, 64.027655], [-89.853098, 64.020819], [-89.920766, 64.014024], [-89.91393, 64.000963], [-89.839019, 63.988023], [-89.818267, 63.973009], [-89.813344, 63.946031], [-89.831939, 63.924628], [-89.959218, 63.918402], [-89.996449, 63.932074], [-89.954457, 63.949164], [-89.952301, 63.963731], [-89.995269, 63.989569], [-90.01887, 63.992621], [-90.029652, 63.985541], [-90.017568, 63.965562], [-90.083079, 63.97016], [-90.09203, 63.952582], [-90.168365, 64.007188], [-90.222971, 64.014472], [-90.277659, 64.007188], [-90.277659, 64.000963], [-90.223378, 63.991767], [-90.085846, 63.924628], [-90.127431, 63.918402], [-90.099477, 63.904161], [-90.093495, 63.885972], [-89.998036, 63.840399], [-89.965891, 63.813341], [-89.974233, 63.778551], [-90.119985, 63.781236], [-90.068756, 63.763658], [-90.058502, 63.753974], [-90.061513, 63.743476], [-90.099477, 63.719794], [-90.094228, 63.705634], [-90.103871, 63.699774], [-90.137074, 63.699286], [-90.168365, 63.657701], [-90.147288, 63.630439], [-90.22057, 63.613227], [-90.259389, 63.607856], [-90.283844, 63.622992], [-90.222401, 63.636664], [-90.269602, 63.651068], [-90.318593, 63.64411], [-90.298085, 63.636664], [-90.342112, 63.621527], [-90.394602, 63.615912], [-90.446848, 63.620673], [-90.489898, 63.636664], [-90.45641, 63.650865], [-90.544545, 63.664537], [-90.483062, 63.671373], [-90.520985, 63.685655], [-90.648183, 63.705512], [-90.641754, 63.683824], [-90.702789, 63.664537], [-90.64981, 63.654975], [-90.589223, 63.677598], [-90.553578, 63.65351], [-90.542592, 63.631537], [-90.544545, 63.609931], [-90.557769, 63.598253], [-90.592926, 63.609931], [-90.661204, 63.602484], [-90.743235, 63.575385], [-90.910146, 63.5692], [-90.974517, 63.578681], [-91.06135, 63.615098], [-91.15038, 63.637274], [-91.195912, 63.630439], [-91.234527, 63.633897], [-91.314931, 63.661444], [-91.391754, 63.6671], [-91.408518, 63.677598], [-91.39094, 63.691474], [-91.332834, 63.677598], [-91.34553, 63.691596], [-91.370961, 63.701728], [-91.507558, 63.730536], [-91.548248, 63.731147], [-91.591624, 63.718451], [-91.673411, 63.722235], [-91.68224, 63.72602], [-91.682729, 63.735419], [-91.654937, 63.746527], [-91.681549, 63.77501], [-91.700551, 63.780219], [-91.748891, 63.748236], [-91.898915, 63.746039], [-91.947662, 63.755723], [-91.990712, 63.781236], [-91.967112, 63.791938], [-91.888295, 63.801703], [-91.888295, 63.809149], [-91.998158, 63.818793], [-91.994944, 63.801622], [-92.004384, 63.787462], [-92.052805, 63.767564], [-92.045766, 63.750434], [-92.064036, 63.748887], [-92.148997, 63.753974], [-92.299224, 63.781236], [-92.373769, 63.77912], [-92.506256, 63.831], [-92.751088, 63.863145], [-92.750844, 63.887152], [-92.786244, 63.900987], [-92.916168, 63.904161], [-92.934071, 63.908149], [-92.956532, 63.9383], [-93.06843, 63.932359], [-93.166615, 63.973944], [-93.313385, 63.993476], [-93.367502, 64.011542], [-93.44815, 64.023139], [-93.505849, 64.048163], [-93.54247, 64.075019], [-93.624989, 64.106513], [-93.632924, 64.125108], [-93.616811, 64.154486], [-93.634918, 64.164862], [-93.69518, 64.162177], [-93.764556, 64.196479], [-93.77953, 64.191514], [-93.681142, 64.138536], [-93.669749, 64.123887], [-93.665924, 64.089708], [-93.64509, 64.082261], [-93.607167, 64.049384], [-93.555572, 64.033637], [-93.552358, 64.024237], [-93.600819, 64.014024], [-93.546213, 64.007188], [-93.546213, 64.000963], [-93.596791, 63.993028], [-93.76594, 63.993476], [-93.759633, 63.975531], [-93.772084, 63.959418], [-93.710683, 63.959418], [-93.662343, 63.907904], [-93.647288, 63.881456], [-93.533111, 63.849555], [-93.430653, 63.843004], [-93.36852, 63.817206], [-93.333852, 63.815375], [-93.372467, 63.82982], [-93.381703, 63.835883], [-93.381703, 63.8463], [-93.307444, 63.832506], [-93.217193, 63.842719], [-93.217193, 63.849555], [-93.302235, 63.852607], [-93.350942, 63.869371], [-93.395375, 63.904161], [-93.450592, 63.932074], [-93.423248, 63.9383], [-93.457387, 63.959418], [-93.400624, 63.977362], [-93.335927, 63.96129], [-93.217193, 63.910956], [-93.148305, 63.904161], [-93.104075, 63.880561], [-93.012359, 63.869818], [-92.909657, 63.840318], [-92.766469, 63.831977], [-92.634918, 63.783881], [-92.587758, 63.786363], [-92.535064, 63.819525], [-92.499379, 63.820624], [-92.463857, 63.811591], [-92.436391, 63.794908], [-92.412465, 63.746527], [-92.302602, 63.740302], [-92.250803, 63.746527], [-92.209828, 63.72602], [-92.127512, 63.711168], [-92.099965, 63.699286], [-92.168691, 63.692084], [-92.18932, 63.685045], [-92.20873, 63.666734], [-92.168853, 63.64411], [-92.276519, 63.621894], [-92.30602, 63.630439], [-92.29304, 63.636664], [-92.305084, 63.652696], [-92.322987, 63.651435], [-92.353871, 63.630439], [-92.383656, 63.596137], [-92.529693, 63.564399], [-92.545644, 63.554755], [-92.467437, 63.528388], [-92.449371, 63.527411], [-92.443227, 63.548529], [-92.426015, 63.552191], [-92.349355, 63.551459], [-92.340199, 63.554755], [-92.333974, 63.575181], [-92.304107, 63.574652], [-92.256744, 63.542222], [-92.230336, 63.541002], [-92.207265, 63.572008], [-92.209828, 63.609931], [-92.18102, 63.621894], [-92.121653, 63.621772], [-92.081288, 63.645209], [-92.023508, 63.647895], [-91.983551, 63.674506], [-91.955149, 63.683092], [-91.806874, 63.715888], [-91.778432, 63.714423], [-91.660878, 63.677314], [-91.619985, 63.65119], [-91.613352, 63.633531], [-91.617828, 63.603502], [-91.598378, 63.585028], [-91.539906, 63.580064], [-91.400299, 63.530829], [-91.380605, 63.513739], [-91.408518, 63.500067], [-91.39094, 63.487738], [-91.371083, 63.485053], [-91.315541, 63.501532], [-91.168324, 63.493232], [-91.078521, 63.452623], [-91.017405, 63.471137], [-90.961293, 63.456977], [-90.926747, 63.432115], [-90.784739, 63.39765], [-90.834381, 63.393052], [-90.976471, 63.424384], [-90.945383, 63.398017], [-90.87267, 63.385932], [-90.818512, 63.367174], [-90.708363, 63.364691], [-90.689117, 63.356676], [-90.682444, 63.33747], [-90.7506, 63.321357], [-90.736318, 63.308295], [-90.740956, 63.294379], [-90.695383, 63.274766], [-90.718902, 63.260972], [-90.687245, 63.224229], [-90.695627, 63.185777], [-90.726552, 63.190009], [-90.730092, 63.18476], [-90.722279, 63.174872], [-90.674875, 63.164903], [-90.671742, 63.153388], [-90.695383, 63.136949], [-90.691884, 63.124823], [-90.654408, 63.088568], [-90.689117, 63.081732], [-90.67748, 63.070746], [-90.626454, 63.061265], [-90.644928, 63.057685], [-90.658803, 63.034247], [-90.691965, 63.041815], [-90.701894, 63.03559], [-90.723297, 63.014106], [-90.689117, 63.014106], [-90.702463, 63.003363], [-90.753651, 62.999823], [-90.747955, 62.987047], [-90.723297, 62.97309], [-90.784739, 62.965644], [-90.772206, 62.953192], [-90.783803, 62.945054], [-90.825673, 62.938341], [-91.031117, 62.951402], [-91.096303, 62.922675], [-91.199615, 62.896796], [-91.220774, 62.862169], [-91.312408, 62.830512], [-91.42219, 62.822252], [-91.353871, 62.801215], [-91.394276, 62.786811], [-91.657867, 62.811265], [-91.737172, 62.829169], [-91.833079, 62.829169], [-92.134755, 62.876899], [-92.127919, 62.869452], [-92.134999, 62.849066], [-92.086293, 62.818549], [-92.098866, 62.8039], [-92.159983, 62.804755], [-92.228424, 62.829169], [-92.333119, 62.84516], [-92.452748, 62.824937], [-92.463043, 62.811469], [-92.453928, 62.793931], [-92.391713, 62.763292], [-92.356801, 62.732245], [-92.316965, 62.713243], [-92.22411, 62.691962], [-92.22411, 62.684516], [-92.275624, 62.691352], [-92.29304, 62.684516], [-92.27774, 62.678778], [-92.203603, 62.666815], [-91.968007, 62.655015], [-91.89745, 62.639716], [-91.888051, 62.620429], [-91.889801, 62.600165], [-91.902943, 62.579088], [-91.955434, 62.550482], [-91.942942, 62.541083], [-91.983469, 62.531602], [-92.093739, 62.547309], [-92.175689, 62.547309], [-92.186757, 62.561876], [-92.14151, 62.582099], [-92.165639, 62.606147], [-92.183217, 62.612535], [-92.217112, 62.596869], [-92.258412, 62.601426], [-92.278717, 62.595771], [-92.244618, 62.574652], [-92.260894, 62.562608], [-92.340199, 62.568427], [-92.319692, 62.547309], [-92.428944, 62.541083], [-92.477366, 62.555243], [-92.478017, 62.567939], [-92.456858, 62.588324], [-92.4794, 62.599066], [-92.504628, 62.574652], [-92.517649, 62.575873], [-92.605051, 62.622016], [-92.61852, 62.622545], [-92.621327, 62.609442], [-92.608632, 62.597398], [-92.573313, 62.579779], [-92.580393, 62.560981], [-92.555491, 62.553168], [-92.538808, 62.533677], [-92.565012, 62.51439], [-92.559234, 62.492784], [-92.522043, 62.51317], [-92.50064, 62.513129], [-92.509999, 62.489976], [-92.545644, 62.47838], [-92.533437, 62.468614], [-92.538808, 62.459174], [-92.531972, 62.444892], [-92.614084, 62.467841], [-92.704945, 62.468817], [-92.718332, 62.464667], [-92.723744, 62.44831], [-92.725331, 62.431464], [-92.710072, 62.410753], [-92.717397, 62.397406], [-92.711781, 62.387885], [-92.682769, 62.38288], [-92.682769, 62.376654], [-92.827382, 62.355536], [-92.737416, 62.349311], [-92.619781, 62.322862], [-92.590321, 62.294053], [-92.600901, 62.269884], [-92.63561, 62.259955], [-92.593414, 62.239447], [-92.57665, 62.201239], [-92.496653, 62.169989], [-92.47053, 62.150092], [-92.555979, 62.171454], [-92.596669, 62.160956], [-92.613433, 62.172919], [-92.622955, 62.193183], [-92.621327, 62.211534], [-92.690256, 62.232001], [-92.682769, 62.245673], [-92.69811, 62.266669], [-92.744252, 62.294053], [-92.779042, 62.286607], [-92.860911, 62.317247], [-92.908559, 62.312242], [-92.942372, 62.32453], [-93.131012, 62.344346], [-93.252024, 62.369818], [-93.185943, 62.346544], [-93.078481, 62.330552], [-92.983795, 62.294053], [-92.919301, 62.286607], [-92.915598, 62.266791], [-92.812611, 62.254706], [-92.781321, 62.239569], [-92.764719, 62.21837], [-92.784779, 62.214667], [-92.793284, 62.187934], [-92.805613, 62.178087], [-92.860951, 62.18419], [-92.888905, 62.204698], [-92.943471, 62.197821], [-92.996816, 62.203925], [-93.01179, 62.197821], [-92.970815, 62.18419], [-92.992177, 62.17418], [-93.073557, 62.178046], [-93.115224, 62.159735], [-93.128489, 62.129584], [-93.083811, 62.117418], [-92.984364, 62.12755], [-92.929799, 62.116563], [-92.961537, 62.085801], [-93.004628, 62.068183], [-93.065907, 62.081366], [-93.080678, 62.068183], [-93.062367, 62.05626], [-93.075754, 62.041002], [-93.088612, 62.039008], [-93.114817, 62.040229], [-93.10733, 62.040229], [-93.138173, 62.053778], [-93.161488, 62.047593], [-93.148305, 62.026557], [-93.158193, 61.995592], [-93.170155, 61.985582], [-93.206899, 61.993598], [-93.244496, 62.034003], [-93.284739, 62.049669], [-93.333852, 62.0539], [-93.292958, 62.019721], [-93.416493, 62.034003], [-93.416493, 62.026557], [-93.217193, 61.958319], [-93.217193, 61.951483], [-93.388539, 61.951483], [-93.309885, 61.926134], [-93.279286, 61.896837], [-93.336741, 61.896552], [-93.495758, 61.939765], [-93.617014, 61.952338], [-93.594309, 61.934068], [-93.491567, 61.88939], [-93.583323, 61.886827], [-93.604237, 61.879747], [-93.613596, 61.861029], [-93.597808, 61.854193], [-93.502065, 61.855821], [-93.467926, 61.835395], [-93.347524, 61.821112], [-93.367177, 61.814439], [-93.43692, 61.814927], [-93.43692, 61.80744], [-93.385121, 61.786973], [-93.28718, 61.794135], [-93.251536, 61.788031], [-93.246246, 61.783759], [-93.264556, 61.744452], [-93.271392, 61.736314], [-93.302887, 61.751899], [-93.366851, 61.753363], [-93.436187, 61.771918], [-93.47175, 61.766547], [-93.421864, 61.731024], [-93.395375, 61.725531], [-93.313385, 61.732367], [-93.443105, 61.690782], [-93.51887, 61.683295], [-93.690175, 61.615668], [-93.785756, 61.554185], [-93.833567, 61.574693], [-93.838043, 61.561713], [-93.895619, 61.505805], [-93.936594, 61.491523], [-93.984975, 61.457994], [-93.96581, 61.449408], [-93.971344, 61.436957], [-93.958119, 61.419135], [-93.936594, 61.410224], [-93.971344, 61.402777], [-93.926096, 61.390733], [-93.870595, 61.392768], [-93.827626, 61.362738], [-93.822336, 61.349921], [-93.840972, 61.341295], [-93.833567, 61.328315], [-93.85851, 61.317857], [-93.950836, 61.300971], [-94.114735, 61.328315], [-94.095815, 61.311103], [-94.032826, 61.279853], [-94.022857, 61.245714], [-93.998647, 61.224595], [-94.026601, 61.218451], [-94.017079, 61.200914], [-94.080474, 61.177924], [-94.101064, 61.163194], [-94.040273, 61.163194], [-94.066396, 61.133531], [-94.067535, 61.122178], [-94.055409, 61.107978], [-93.998647, 61.114732], [-93.986236, 61.100653], [-94.016225, 61.083686], [-94.088206, 61.079698], [-94.126943, 61.067125], [-94.160471, 61.033759], [-94.169993, 60.995592], [-94.232045, 60.930406], [-94.24234, 60.903388], [-94.351552, 60.8581], [-94.354888, 60.837958], [-94.375396, 60.827379], [-94.409535, 60.764106], [-94.397369, 60.72724], [-94.409413, 60.709662], [-94.492096, 60.649237], [-94.488352, 60.623399], [-94.520741, 60.584581], [-94.50593, 60.575548], [-94.520009, 60.54682], [-94.571645, 60.527696], [-94.688344, 60.552843], [-94.738515, 60.539374], [-94.642323, 60.512071], [-94.667795, 60.49433], [-94.761708, 60.505194], [-94.800608, 60.498399], [-94.702748, 60.485419], [-94.680165, 60.474555], [-94.629872, 60.419908], [-94.61559, 60.392279], [-94.643463, 60.336982], [-94.711822, 60.265692], [-94.710927, 60.254381], [-94.690745, 60.238349], [-94.68163, 60.197211], [-94.697581, 60.162665], [-94.718007, 60.149604], [-94.704335, 60.094346], [-94.718577, 60.079047], [-94.759877, 60.068468], [-94.773305, 60.052802], [-94.759023, 60.046576], [-94.773305, 60.025458], [-94.759023, 60.019273], [-94.800852, 60.010484], [-94.805816, 60.001532], [-94.786936, 59.991319], [-94.817006, 59.962877], [-94.82136, 59.948106], [-94.800608, 59.943549], [-94.81428, 59.923041], [-94.800608, 59.90941], [-94.805287, 59.884955], [-94.779408, 59.83869], [-94.793121, 59.820014], [-94.773305, 59.789618], [-94.789662, 59.741929], [-94.807444, 59.717597], [-94.798492, 59.659369], [-94.821889, 59.650336], [-94.803375, 59.59809], [-94.759023, 59.566759], [-94.781239, 59.562201], [-94.793121, 59.525824], [-94.757151, 59.501776], [-94.752187, 59.484809], [-94.757924, 59.467231], [-94.724233, 59.443834], [-94.73469, 59.429511], [-94.71642, 59.375352], [-94.738515, 59.347724], [-94.722768, 59.342271], [-94.660146, 59.358751], [-94.690745, 59.347724], [-94.71703, 59.32685], [-94.731679, 59.326524], [-94.724233, 59.312934], [-94.772206, 59.298041], [-94.766469, 59.28559], [-94.786936, 59.265082], [-94.774281, 59.252631], [-94.786936, 59.23786], [-94.777577, 59.222886], [-94.779449, 59.203681], [-94.793121, 59.189399], [-94.773305, 59.168891], [-94.793121, 59.093817], [-94.842437, 59.081122], [-94.967275, 59.085924], [-94.999176, 59.052802], [-94.96817, 59.06151], [-94.816477, 59.068061], [-94.804026, 59.063056], [-94.807444, 59.018134], [-94.723704, 59.004218], [-94.694, 58.983466], [-94.683258, 58.950385], [-94.694081, 58.916938], [-94.735097, 58.877794], [-94.731679, 58.861029], [-94.745961, 58.833116], [-94.650014, 58.884996], [-94.608144, 58.881537], [-94.545155, 58.856024], [-94.48526, 58.820054], [-94.436879, 58.723822], [-94.399485, 58.71247], [-94.362457, 58.71894], [-94.293528, 58.744371], [-94.300282, 58.757392], [-94.265533, 58.792182], [-94.204091, 58.806464], [-94.232045, 58.785346], [-94.22411, 58.774726], [-94.238271, 58.734117], [-94.233306, 58.719428], [-94.204091, 58.696601], [-94.207997, 58.683783], [-94.23526, 58.659857], [-94.263783, 58.649237], [-94.308502, 58.575141], [-94.287709, 58.520819], [-94.300649, 58.481269], [-94.28661, 58.43651], [-94.326324, 58.399359], [-94.334381, 58.381415], [-94.330312, 58.3369], [-94.36856, 58.230414], [-94.361724, 58.223009], [-94.322377, 58.288764], [-94.303375, 58.298692], [-94.28661, 58.339667], [-94.258941, 58.35692], [-94.265533, 58.367621], [-94.232045, 58.401109], [-94.232655, 58.43712], [-94.241363, 58.451158], [-94.235178, 58.545152], [-94.246734, 58.590806], [-94.227691, 58.623399], [-94.163157, 58.682929], [-94.17101, 58.709784], [-94.166127, 58.724311], [-94.142893, 58.736802], [-94.177398, 58.77912], [-94.145579, 58.769761], [-94.056711, 58.771674], [-93.881947, 58.757392], [-93.818674, 58.779853], [-93.775787, 58.771674], [-93.717437, 58.792182], [-93.555776, 58.763251], [-93.496002, 58.773505], [-93.484731, 58.771674], [-93.473459, 58.755235], [-93.464711, 58.717515], [-93.409088, 58.705064], [-93.385121, 58.713324], [-93.347524, 58.751166], [-93.326487, 58.759955], [-93.234446, 58.767401], [-93.189524, 58.759711], [-93.170033, 58.744371], [-93.155751, 58.744371], [-93.134104, 58.683051], [-93.140736, 58.639757], [-93.121653, 58.562486], [-93.128489, 58.528388], [-93.123443, 58.512885], [-93.050771, 58.422349], [-93.032582, 58.367011], [-92.984039, 58.313056], [-92.962961, 58.259874], [-92.934682, 58.233262], [-92.937245, 58.223009], [-92.912709, 58.196397], [-92.861684, 58.17182], [-92.854115, 58.162095], [-92.868316, 58.153551], [-92.866078, 58.145941], [-92.846669, 58.127387], [-92.835072, 58.090806], [-92.807769, 58.075751], [-92.805735, 57.997667], [-92.766103, 57.910997], [-92.756988, 57.865912], [-92.785797, 57.839423], [-92.73058, 57.825751], [-92.669097, 57.716498], [-92.615956, 57.671251], [-92.559234, 57.586127], [-92.559234, 57.544542], [-92.507721, 57.520982], [-92.487294, 57.47484], [-92.456858, 57.448961], [-92.442535, 57.387641], [-92.423573, 57.354438], [-92.439524, 57.253282], [-92.542877, 57.10578], [-92.597157, 57.048326], [-92.665761, 57.000556], [-92.704905, 56.95539], [-92.881988, 56.914537], [-92.859771, 56.907538], [-92.725819, 56.927436], [-92.676584, 56.941881], [-92.490956, 57.038072], [-92.242421, 57.074693], [-92.218129, 57.062812], [-92.237172, 57.047431], [-92.274281, 57.037177], [-92.340199, 56.982856], [-92.42398, 56.96544], [-92.47053, 56.941881], [-92.47053, 56.935045], [-92.337392, 56.95954], [-92.2235, 57.02147], [-92.112457, 57.044135], [-91.961659, 57.060248], [-91.766591, 57.114691], [-91.031117, 57.264635], [-90.853668, 57.261094], [-90.689117, 57.229926], [-90.58552, 57.229926], [-90.515207, 57.201646], [-90.409291, 57.187486], [-90.387522, 57.174628], [-90.380605, 57.154608], [-90.315175, 57.143622], [-90.261301, 57.11579], [-90.168365, 57.092719], [-90.154693, 57.079047], [-90.072255, 57.060858], [-89.962961, 57.003974], [-89.872711, 56.997423], [-89.827016, 56.97602], [-89.574696, 56.94481], [-89.482533, 56.921983], [-89.393788, 56.928168], [-89.188344, 56.872992], [-89.107289, 56.86994], [-89.036244, 56.842515], [-89.003489, 56.853583], [-88.879221, 56.859931], [-88.862782, 56.839464], [-88.823354, 56.83515], [-88.817291, 56.82689], [-88.838246, 56.812201], [-88.724965, 56.755113], [-88.643951, 56.693427], [-88.544057, 56.661322], [-88.523752, 56.661689], [-88.412343, 56.588446], [-88.387196, 56.583482], [-88.31135, 56.538031], [-88.103017, 56.47724], [-88.043284, 56.468248], [-87.979563, 56.442857], [-87.953765, 56.393785], [-87.850657, 56.322821], [-87.717885, 56.194566], [-87.709055, 56.16002], [-87.673411, 56.145575], [-87.622304, 56.095567], [-87.589223, 56.07982], [-87.591298, 56.064805], [-87.626047, 56.030707], [-87.61856, 56.002753], [-87.57901, 56.04621], [-87.550364, 56.051215], [-87.500803, 56.044867], [-87.484771, 56.034613], [-87.488271, 56.017035], [-87.355133, 56.003607], [-87.350168, 55.987413], [-87.365346, 55.948188], [-87.316274, 55.962348], [-87.056874, 55.92829], [-86.980092, 55.93358], [-86.953847, 55.92829], [-86.968129, 55.914618], [-86.953725, 55.908555], [-86.874908, 55.911322], [-86.81725, 55.886705], [-86.718332, 55.869005], [-86.581736, 55.817034], [-86.372844, 55.762188], [-86.289346, 55.72565], [-85.904273, 55.662049], [-85.873269, 55.645958], [-85.770097, 55.616467], [-85.696443, 55.603784], [-85.682613, 55.586584], [-85.580613, 55.533801], [-85.556569, 55.506663], [-85.43916, 55.42843], [-85.264068, 55.374457], [-85.152008, 55.360419], [-85.127919, 55.349799], [-85.117828, 55.328437], [-85.126617, 55.302558], [-85.199127, 55.284003], [-85.220286, 55.248643], [-85.271799, 55.225653], [-85.322662, 55.153673], [-85.389027, 55.112128], [-85.398427, 55.095649], [-85.385365, 55.067694], [-85.419097, 55.009711], [-85.417307, 54.999213], [-85.381663, 55.019884], [-85.366363, 55.038886], [-85.324615, 55.123236], [-85.199127, 55.242418], [-85.15453, 55.267808], [-85.053944, 55.294135], [-84.946401, 55.295152], [-84.613149, 55.245185], [-84.555531, 55.248643], [-84.42162, 55.281928], [-84.227162, 55.297065], [-84.07901, 55.277452], [-83.929067, 55.326524], [-83.767568, 55.281317], [-83.72997, 55.259508], [-83.724233, 55.243638], [-83.736643, 55.224555], [-83.716298, 55.22191], [-83.698964, 55.248643], [-83.684316, 55.248765], [-83.651194, 55.229356], [-83.61148, 55.232164], [-83.583079, 55.198065], [-83.566884, 55.190741], [-83.589101, 55.167914], [-83.588287, 55.156806], [-83.561147, 55.133165], [-83.554921, 55.140082], [-83.572377, 55.154771], [-83.558013, 55.184678], [-83.575999, 55.204901], [-83.582875, 55.232489], [-83.592885, 55.241523], [-83.674672, 55.25377], [-83.713246, 55.276557], [-83.689524, 55.284857], [-83.575307, 55.26732], [-83.483632, 55.239569], [-83.438303, 55.242418], [-83.399566, 55.231391], [-83.225942, 55.22191], [-83.185048, 55.201483], [-83.039703, 55.238959], [-82.975697, 55.239081], [-82.920318, 55.220526], [-82.897613, 55.17414], [-82.920155, 55.156684], [-82.95165, 55.112738], [-82.928944, 55.116929], [-82.877187, 55.160509], [-82.815094, 55.146837], [-82.762929, 55.145128], [-82.644399, 55.17414], [-82.56664, 55.147895], [-82.540761, 55.146837], [-82.547597, 55.167914], [-82.529368, 55.167589], [-82.492665, 55.146837], [-82.458485, 55.141181], [-82.416127, 55.116034], [-82.411041, 55.092231], [-82.321034, 55.071112], [-82.342763, 55.105292], [-82.311391, 55.118598], [-82.316965, 55.132758], [-82.355824, 55.167914], [-82.330922, 55.162543], [-82.297027, 55.132758], [-82.252268, 55.117906], [-82.248769, 55.099595], [-82.282704, 55.028144], [-82.256459, 54.9831], [-82.260162, 54.957831], [-82.271718, 54.950181], [-82.272694, 54.937812], [-82.253407, 54.886176], [-82.208363, 54.875922], [-82.198557, 54.85578], [-82.201405, 54.83393], [-82.260162, 54.715644], [-82.315338, 54.57746], [-82.377838, 54.479071], [-82.417226, 54.388983], [-82.444488, 54.365424], [-82.44107, 54.331855], [-82.42927, 54.327704], [-82.427113, 54.317694], [-82.430898, 54.228217], [-82.420318, 54.199042], [-82.371653, 54.15058], [-82.368764, 54.137885], [-82.383046, 54.12519], [-82.324045, 54.12226], [-82.242584, 54.06505], [-82.177846, 53.919053], [-82.15453, 53.887559], [-82.142445, 53.835883], [-82.126047, 53.812201], [-82.143463, 53.745347], [-82.200795, 53.670478], [-82.219228, 53.604438], [-82.206125, 53.590074], [-82.20816, 53.526597], [-82.148752, 53.426337], [-82.11441, 53.289008], [-82.140126, 53.258734], [-82.188588, 53.232042], [-82.250559, 53.212958], [-82.245961, 53.200995], [-82.289703, 53.110175], [-82.303456, 53.032701], [-82.283274, 52.991645], [-82.286285, 52.977769], [-82.301178, 52.967597], [-82.274729, 52.957506], [-82.236643, 52.925971], [-82.19636, 52.916449], [-82.170806, 52.899359], [-82.124989, 52.891832], [-82.04186, 52.842841], [-81.988149, 52.798448], [-81.97704, 52.782172], [-81.985829, 52.768378], [-81.959788, 52.747748], [-81.918202, 52.680365], [-81.851674, 52.65644], [-81.815907, 52.633653], [-81.679799, 52.510932], [-81.646352, 52.501532], [-81.563832, 52.456244], [-81.556752, 52.444403], [-81.560292, 52.430162], [-81.574941, 52.412095], [-81.554514, 52.353095], [-81.478749, 52.303453], [-81.606557, 52.313666], [-81.735422, 52.27558], [-81.753896, 52.251166], [-81.79186, 52.264228], [-81.82018, 52.259385], [-81.86913, 52.234565], [-81.827545, 52.248236], [-81.82136, 52.24079], [-81.882802, 52.19359], [-81.832509, 52.199286], [-81.771311, 52.236436], [-81.746816, 52.241889], [-81.512034, 52.239325], [-81.465077, 52.220323], [-81.390614, 52.127794], [-81.355214, 52.104234], [-81.27066, 52.09101], [-81.156606, 52.042792], [-81.098704, 52.054633], [-81.056956, 52.026557], [-81.002512, 52.014838], [-80.979115, 52.001817], [-80.920888, 51.90941], [-80.897694, 51.896552], [-80.82079, 51.884508], [-80.814036, 51.870185], [-80.704701, 51.802558], [-80.657053, 51.754747], [-80.624094, 51.739569], [-80.594879, 51.711371], [-80.594309, 51.685858], [-80.519154, 51.53502], [-80.491851, 51.505927], [-80.440297, 51.477281], [-80.429799, 51.357164], [-80.584299, 51.31505], [-80.628041, 51.29564], [-80.704701, 51.240831], [-80.745513, 51.188422], [-80.861806, 51.144639], [-80.909413, 51.092963], [-80.984853, 51.064765], [-81.012603, 51.035386], [-80.978017, 51.039496], [-80.940012, 51.055609], [-80.930653, 51.035386], [-80.957997, 51.01496], [-80.951161, 51.008124], [-80.917144, 51.030097], [-80.878245, 51.095649], [-80.848134, 51.123521], [-80.770172, 51.134263], [-80.689768, 51.161566], [-80.669993, 51.186225], [-80.604848, 51.218817], [-80.567372, 51.265123], [-80.410024, 51.339545], [-80.385121, 51.341376], [-80.197011, 51.299384], [-80.136138, 51.301337], [-80.108266, 51.296088], [-80.067291, 51.267564], [-80.0, 51.257258335219376], [-80.0, 50.0], [-100.0, 50.0], [-100.0, 67.81767551328248], [-99.967844, 67.810126]]], [[[-97.392812, 67.73432], [-97.367421, 67.738267], [-97.33609, 67.728217], [-97.335276, 67.679755], [-97.431711, 67.639472], [-97.518137, 67.624254], [-97.537831, 67.628892], [-97.551178, 67.645331], [-97.55309, 67.657375], [-97.527903, 67.680406], [-97.562001, 67.694037], [-97.460561, 67.696112], [-97.392812, 67.73432]]], [[[-98.9735, 68.016181], [-98.932485, 68.00259], [-98.95401, 67.985093], [-98.981923, 67.982245], [-99.009999, 67.990302], [-99.083363, 68.057196], [-99.053863, 68.052069], [-98.991811, 68.076606], [-98.966664, 68.070868], [-98.9735, 68.016181]]], [[[-99.986318, 69.029608], [-100.0, 68.96518733793012], [-100.0, 69.0431509537945], [-99.986318, 69.029608]]], [[[-96.612375, 69.503363], [-96.650217, 69.531968], [-96.740224, 69.577867], [-96.740224, 69.585354], [-96.691803, 69.585354], [-96.636871, 69.558051], [-96.543121, 69.566596], [-96.384104, 69.562567], [-96.353505, 69.552924], [-96.322499, 69.531399], [-96.208323, 69.551825], [-96.189361, 69.571234], [-96.16926, 69.570502], [-96.136871, 69.551174], [-96.137522, 69.535346], [-96.102162, 69.489691], [-96.101308, 69.467271], [-96.110015, 69.449652], [-96.150543, 69.42829], [-96.129506, 69.393541], [-96.151194, 69.366034], [-96.143137, 69.352525], [-96.275746, 69.374579], [-96.314443, 69.393541], [-96.384999, 69.449774], [-96.554921, 69.479193], [-96.612375, 69.503363]]], [[[-95.999257, 69.448961], [-96.011383, 69.482815], [-95.994008, 69.498603], [-95.951975, 69.517035], [-95.954213, 69.539252], [-95.911692, 69.600246], [-95.828196, 69.609198], [-95.801137, 69.633124], [-95.702504, 69.631252], [-95.677602, 69.626288], [-95.691274, 69.612616], [-95.680287, 69.60932], [-95.617909, 69.617336], [-95.492055, 69.571682], [-95.371205, 69.513577], [-95.36913, 69.495917], [-95.396474, 69.448147], [-95.403228, 69.396918], [-95.412994, 69.386298], [-95.481801, 69.369615], [-95.514963, 69.335354], [-95.533599, 69.331448], [-95.711659, 69.321763], [-95.74592, 69.338935], [-95.711781, 69.34512], [-95.725494, 69.368842], [-95.718821, 69.386176], [-95.663401, 69.400336], [-95.655385, 69.409491], [-95.691274, 69.47606], [-95.673248, 69.494208], [-95.673166, 69.514594], [-95.694692, 69.540595], [-95.72175, 69.55565], [-95.80427, 69.565619], [-95.835276, 69.558051], [-95.814524, 69.507717], [-95.780019, 69.468655], [-95.855377, 69.401597], [-95.87621, 69.372992], [-95.86262, 69.359361], [-95.884592, 69.343899], [-95.922475, 69.343085], [-95.992299, 69.359361], [-95.992299, 69.393541], [-95.944488, 69.420844], [-95.999257, 69.448961]]], [[[-95.213531, 68.849311], [-95.274892, 68.800035], [-95.438954, 68.739569], [-95.530385, 68.678412], [-95.568349, 68.680976], [-95.547515, 68.729478], [-95.559926, 68.744818], [-95.595082, 68.756049], [-95.730458, 68.731757], [-95.777821, 68.74136], [-95.807362, 68.729397], [-95.792836, 68.699205], [-95.836293, 68.686835], [-95.853871, 68.668647], [-95.856109, 68.644477], [-95.842112, 68.619534], [-95.881459, 68.610297], [-95.958648, 68.629096], [-95.999745, 68.625718], [-96.065663, 68.582587], [-96.15217, 68.564399], [-96.295888, 68.480129], [-96.520497, 68.447577], [-96.713206, 68.478461], [-96.880035, 68.518785], [-96.943349, 68.526516], [-97.020172, 68.546576], [-97.08137, 68.585028], [-97.101959, 68.58983], [-97.144276, 68.591539], [-97.096181, 68.53913], [-97.106435, 68.530097], [-97.15925, 68.518134], [-97.321889, 68.533149], [-97.408111, 68.550686], [-97.464467, 68.535224], [-97.562001, 68.564276], [-97.653676, 68.606879], [-97.710805, 68.619371], [-97.760569, 68.652086], [-97.788564, 68.660468], [-97.837799, 68.657782], [-97.993276, 68.696601], [-98.041819, 68.701402], [-98.103261, 68.67414], [-98.119252, 68.674994], [-98.164947, 68.699774], [-98.21935, 68.715074], [-98.290273, 68.758205], [-98.291615, 68.773424], [-98.251332, 68.811469], [-98.255035, 68.825751], [-98.363759, 68.857571], [-98.406565, 68.861518], [-98.425404, 68.848863], [-98.400624, 68.792304], [-98.411122, 68.770331], [-98.439361, 68.754055], [-98.480621, 68.746772], [-98.522369, 68.750312], [-98.583974, 68.794379], [-98.644521, 68.8039], [-98.67927, 68.790229], [-98.717681, 68.791449], [-98.863352, 68.834418], [-98.874135, 68.843573], [-98.87385, 68.873969], [-98.84968, 68.896064], [-98.818512, 68.905707], [-98.819732, 68.92772], [-98.96996, 68.954739], [-99.001373, 68.947903], [-99.001373, 68.921129], [-99.018788, 68.909247], [-99.073394, 68.921129], [-99.126617, 68.92064], [-99.042348, 68.865912], [-99.069569, 68.856757], [-99.130035, 68.852973], [-99.19225, 68.829779], [-99.242421, 68.85578], [-99.441151, 68.899359], [-99.455637, 68.911933], [-99.446401, 68.927395], [-99.463043, 68.951077], [-99.485341, 68.96894], [-99.59081, 69.014838], [-99.597279, 69.026679], [-99.577748, 69.053534], [-99.491567, 69.120836], [-99.461293, 69.134589], [-99.419097, 69.139635], [-99.349721, 69.133124], [-99.309316, 69.158759], [-99.292958, 69.161119], [-99.275136, 69.147121], [-99.257314, 69.154364], [-99.206207, 69.139635], [-99.131093, 69.147121], [-99.006703, 69.139065], [-98.966949, 69.150539], [-98.92455, 69.17772], [-98.786366, 69.17768], [-98.712758, 69.202135], [-98.705963, 69.222154], [-98.699778, 69.222154], [-98.711049, 69.238593], [-98.710072, 69.256496], [-98.69872, 69.273424], [-98.653228, 69.301011], [-98.624338, 69.301011], [-98.573354, 69.276923], [-98.555084, 69.276801], [-98.51476, 69.304145], [-98.409576, 69.307807], [-98.393178, 69.318061], [-98.39269, 69.333401], [-98.411122, 69.352525], [-98.456288, 69.375149], [-98.554026, 69.406399], [-98.611318, 69.449164], [-98.576324, 69.480536], [-98.451568, 69.464545], [-98.418568, 69.47606], [-98.536, 69.498969], [-98.590566, 69.52025], [-98.596099, 69.558051], [-98.575429, 69.577379], [-98.549428, 69.58511], [-98.462473, 69.583564], [-98.369252, 69.568345], [-98.297841, 69.523993], [-98.276519, 69.499091], [-98.182688, 69.467353], [-98.108754, 69.46601], [-98.110097, 69.437934], [-98.095041, 69.426988], [-98.023834, 69.434638], [-98.000844, 69.448147], [-98.156239, 69.501166], [-98.240875, 69.56566], [-98.290191, 69.589016], [-98.370188, 69.60578], [-98.336171, 69.637437], [-98.327463, 69.668443], [-98.329213, 69.701972], [-98.312489, 69.730414], [-98.283844, 69.757148], [-98.21935, 69.797593], [-98.116933, 69.811225], [-98.021474, 69.88524], [-97.974599, 69.89643], [-97.92516, 69.895941], [-97.826487, 69.869452], [-97.706654, 69.852851], [-97.697133, 69.844387], [-97.692372, 69.818671], [-97.676381, 69.808539], [-97.616933, 69.794176], [-97.47525, 69.777167], [-97.452138, 69.766832], [-97.438791, 69.742011], [-97.342275, 69.708808], [-97.378407, 69.691799], [-97.458323, 69.689154], [-97.493153, 69.674058], [-97.430531, 69.620266], [-97.390736, 69.600165], [-97.376576, 69.597642], [-97.315012, 69.68773], [-97.284006, 69.696967], [-97.224843, 69.682318], [-97.12149, 69.627427], [-97.084218, 69.582261], [-97.043284, 69.572577], [-96.893422, 69.497748], [-96.856557, 69.48786], [-96.793528, 69.495795], [-96.71231, 69.454332], [-96.534169, 69.42829], [-96.409169, 69.374823], [-96.321278, 69.355129], [-96.219797, 69.313951], [-96.184234, 69.291002], [-96.171051, 69.263129], [-96.205922, 69.229885], [-96.223053, 69.179511], [-96.253, 69.160142], [-96.225087, 69.140815], [-96.216624, 69.118883], [-96.239369, 69.072008], [-96.225575, 69.054429], [-96.174713, 69.03266], [-96.123402, 69.033352], [-96.120351, 69.04206], [-96.156606, 69.084947], [-96.136871, 69.126654], [-96.154775, 69.164211], [-96.07726, 69.232001], [-96.048207, 69.229722], [-96.017161, 69.184394], [-95.951975, 69.139635], [-95.944488, 69.112982], [-95.924672, 69.085028], [-95.971588, 69.061957], [-95.979319, 69.050279], [-95.974599, 69.040025], [-95.950185, 69.024482], [-95.938466, 69.005561], [-95.87975, 68.986518], [-95.855336, 68.969062], [-95.848297, 68.954739], [-95.84553, 68.890611], [-95.828196, 68.875881], [-95.811147, 68.873969], [-95.766713, 68.893256], [-95.706614, 68.884182], [-95.677968, 68.869452], [-95.676015, 68.854804], [-95.657582, 68.836127], [-95.629018, 68.831041], [-95.571034, 68.83511], [-95.395619, 68.898668], [-95.353261, 68.903957], [-95.214915, 68.862209], [-95.213531, 68.849311]]], [[[-97.486969, 69.914008], [-97.493316, 69.931708], [-97.485951, 69.949408], [-97.46581, 69.962714], [-97.388417, 69.962388], [-97.347157, 69.951972], [-97.329254, 69.93476], [-97.355946, 69.907457], [-97.326405, 69.891832], [-97.254791, 69.894721], [-97.226226, 69.879543], [-97.249094, 69.860175], [-97.27538, 69.858873], [-97.357777, 69.89289], [-97.46581, 69.900621], [-97.486969, 69.914008]]], [[[-80.011545, 69.945624], [-80.040028, 69.955268], [-80.0537, 69.96955], [-80.033274, 69.996243], [-80.04996939782083, 70.0], [-80.0, 70.0], [-80.0, 69.94757924774551], [-80.011545, 69.945624]]], [[[-80.296376, 69.989407], [-80.366526, 69.994045], [-80.3869061179232, 70.0], [-80.27282609983908, 70.0], [-80.296376, 69.989407]]], [[[-81.163523, 69.98314], [-81.139597, 69.938463], [-81.124582, 69.929023], [-81.053944, 69.902086], [-80.985341, 69.886949], [-80.82787, 69.803697], [-80.778188, 69.793158], [-80.770334, 69.782294], [-80.779897, 69.756008], [-80.793528, 69.747138], [-80.832021, 69.7331], [-80.951243, 69.715033], [-80.971059, 69.724555], [-80.951243, 69.736151], [-81.08141, 69.766791], [-81.175893, 69.828925], [-81.277089, 69.845282], [-81.341624, 69.87641], [-81.488393, 69.925727], [-81.57905, 69.932563], [-81.593251, 69.943671], [-81.591298, 69.957343], [-81.567576, 69.96955], [-81.600046, 69.977444], [-81.752553, 69.973334], [-81.82048010955384, 70.0], [-81.191881405436, 70.0], [-81.163523, 69.98314]]], [[[-81.96703, 69.997626], [-81.936757, 69.995063], [-81.876169, 69.970933], [-81.778066, 69.962551], [-81.738637, 69.951809], [-81.711537, 69.93476], [-81.766794, 69.907457], [-81.766794, 69.900621], [-81.738881, 69.886949], [-81.738881, 69.879543], [-81.759348, 69.875922], [-81.807485, 69.89289], [-81.85558, 69.886949], [-81.857533, 69.864936], [-81.964833, 69.845404], [-81.974192, 69.868476], [-81.997629, 69.876614], [-82.025258, 69.874213], [-82.081492, 69.838568], [-82.143544, 69.824897], [-82.125844, 69.818061], [-82.138376, 69.785956], [-82.255564, 69.806952], [-82.301259, 69.804389], [-82.301259, 69.811225], [-82.260243, 69.824897], [-82.276438, 69.830797], [-82.328562, 69.824897], [-82.328562, 69.832343], [-82.29658, 69.83747], [-82.232371, 69.828437], [-82.205027, 69.832343], [-82.325632, 69.85932], [-82.39448, 69.864447], [-82.441477, 69.844062], [-82.64448, 69.893785], [-82.698964, 69.923041], [-82.730458, 69.926988], [-82.739451, 69.914252], [-82.910227, 69.953599], [-83.000111, 69.989407], [-83.029286, 69.989163], [-83.04064042723137, 70.0], [-81.96799913407995, 70.0], [-81.96703, 69.997626]]], [[[-83.350209, 69.98314], [-83.485789, 69.973863], [-83.57372, 69.953599], [-83.6728, 69.946357], [-84.027659, 69.977851], [-84.055287, 69.989407], [-84.368113, 69.987494], [-84.45895258033926, 70.0], [-83.30829594944174, 70.0], [-83.350209, 69.98314]]], [[[-85.234609, 69.996243], [-85.254832, 69.988918], [-85.38824913255002, 70.0], [-85.24630842159716, 70.0], [-85.234609, 69.996243]]], [[[-85.733225, 69.994859], [-85.782908, 69.995185], [-85.8027245382209, 70.0], [-85.69992326177584, 70.0], [-85.733225, 69.994859]]], [[[-93.032216, 61.903022], [-92.963979, 61.88939], [-93.020131, 61.844672], [-93.058909, 61.829901], [-93.087514, 61.835395], [-93.129384, 61.874701], [-93.148305, 61.883205], [-93.216054, 61.881659], [-93.22468, 61.90644], [-93.215484, 61.919867], [-93.194203, 61.924791], [-93.104075, 61.922268], [-93.066396, 61.937812], [-93.025461, 61.916693], [-93.032216, 61.903022]]], [[[-92.241444, 62.398627], [-92.14151, 62.403957], [-92.14151, 62.39647], [-92.161448, 62.39647], [-92.2412, 62.358954], [-92.262847, 62.365465], [-92.325917, 62.357245], [-92.353871, 62.362372], [-92.319325, 62.382758], [-92.278717, 62.390326], [-92.299713, 62.404242], [-92.374908, 62.390326], [-92.340199, 62.417629], [-92.305002, 62.417914], [-92.241444, 62.398627]]], [[[-80.00618, 61.711274], [-80.040872, 61.717282], [-80.059048, 61.735118], [-80.059885, 61.746039], [-80.137955, 61.76948], [-80.180398, 61.774257], [-80.216217, 61.800849], [-80.222559, 61.809364], [-80.218861, 61.821247], [-80.241311, 61.831497], [-80.261091, 61.856298], [-80.259104, 61.88939], [-80.285553, 61.930365], [-80.262525, 61.981057], [-80.251541, 62.051196], [-80.218592, 62.091246], [-80.214973, 62.137658], [-80.158275, 62.19936], [-80.074586, 62.246196], [-80.0, 62.30058621256854], [-80.0, 61.70819500466541], [-80.00618, 61.711274]]], [[[-92.52892, 62.43301], [-92.492828, 62.417141], [-92.402211, 62.410793], [-92.420033, 62.396918], [-92.538808, 62.38288], [-92.566151, 62.384426], [-92.599233, 62.400092], [-92.57665, 62.403957], [-92.52892, 62.43301]]], [[[-91.575103, 62.624416], [-91.669667, 62.654242], [-91.689076, 62.670844], [-91.592885, 62.650946], [-91.575103, 62.624416]]], [[[-91.04483, 62.682563], [-90.983998, 62.664008], [-90.993153, 62.65884], [-91.147817, 62.664008], [-91.201568, 62.676418], [-91.270985, 62.68008], [-91.271352, 62.691962], [-91.246571, 62.699897], [-91.134145, 62.684516], [-91.04483, 62.682563]]], [[[-82.109609, 62.968492], [-81.93456, 62.954983], [-81.897288, 62.944892], [-81.862375, 62.92475], [-81.898264, 62.896552], [-81.908599, 62.877509], [-81.90331, 62.85578], [-81.941558, 62.844672], [-81.951731, 62.835354], [-81.935292, 62.826972], [-81.93928, 62.817288], [-81.964752, 62.801215], [-81.923736, 62.745917], [-81.939809, 62.711615], [-81.956939, 62.697659], [-82.077138, 62.651801], [-82.136708, 62.615627], [-82.295969, 62.58515], [-82.313954, 62.571519], [-82.344553, 62.564439], [-82.393381, 62.530585], [-82.424672, 62.472235], [-82.62267, 62.39647], [-82.746693, 62.310533], [-83.066151, 62.187161], [-83.134592, 62.176581], [-83.198964, 62.22956], [-83.280629, 62.252509], [-83.417795, 62.239447], [-83.673004, 62.145087], [-83.70519, 62.1435], [-83.71939, 62.160631], [-83.713246, 62.239447], [-83.724843, 62.285631], [-83.751454, 62.310045], [-83.910024, 62.39525], [-83.939809, 62.423814], [-83.939117, 62.459174], [-83.906972, 62.4914], [-83.713246, 62.568427], [-83.669097, 62.607896], [-83.654612, 62.636664], [-83.5655, 62.682278], [-83.548166, 62.722357], [-83.558949, 62.750718], [-83.534495, 62.80801], [-83.519846, 62.826361], [-83.480865, 62.845526], [-83.418691, 62.892279], [-83.287424, 62.931545], [-83.272613, 62.919989], [-83.208811, 62.908515], [-83.171376, 62.876899], [-83.118886, 62.847235], [-83.060414, 62.841986], [-83.000966, 62.852362], [-82.739369, 62.938381], [-82.605946, 62.946031], [-82.420481, 62.927965], [-82.376291, 62.938381], [-82.382151, 62.954779], [-82.370025, 62.965644], [-82.376291, 62.965644], [-82.327138, 62.971381], [-82.257192, 62.995551], [-82.184438, 62.986151], [-82.191314, 62.986151], [-82.109609, 62.968492]]], [[[-90.599762, 63.466539], [-90.615549, 63.449123], [-90.702219, 63.444892], [-90.734527, 63.465237], [-90.756825, 63.500067], [-90.651112, 63.490302], [-90.599762, 63.466539]]], [[[-90.688588, 63.510403], [-90.743479, 63.513739], [-90.811757, 63.500067], [-90.850575, 63.506903], [-90.969716, 63.548529], [-90.969716, 63.554755], [-90.763661, 63.527411], [-90.79776, 63.548529], [-90.761301, 63.553941], [-90.723297, 63.548529], [-90.674875, 63.521186], [-90.688588, 63.510403]]], [[[-91.359486, 63.592719], [-91.298655, 63.567776], [-91.414703, 63.567776], [-91.401112, 63.554755], [-91.435536, 63.554999], [-91.466542, 63.564927], [-91.482086, 63.592434], [-91.539133, 63.607001], [-91.538889, 63.616767], [-91.525868, 63.619615], [-91.463124, 63.616767], [-91.359486, 63.592719]]], [[[-92.961537, 63.879381], [-92.971669, 63.874661], [-93.052235, 63.886542], [-93.079579, 63.896226], [-93.093658, 63.910956], [-92.996897, 63.913235], [-92.977651, 63.904202], [-92.961537, 63.879381]]], [[[-81.538808, 64.206366], [-81.536773, 64.223212], [-81.499135, 64.236762], [-81.442047, 64.238227], [-81.393788, 64.229722], [-81.382558, 64.213202], [-81.423085, 64.196479], [-81.468821, 64.191555], [-81.538808, 64.206366]]], [[[-83.538197, 65.819281], [-83.572418, 65.840399], [-83.582509, 65.861518], [-83.544749, 65.87108], [-83.369374, 65.87108], [-83.291168, 65.846869], [-83.28954, 65.835191], [-83.413157, 65.835273], [-83.463124, 65.809719], [-83.503407, 65.809719], [-83.538197, 65.819281]]], [[[-80.182973, 63.756252], [-80.19636, 63.752916], [-80.46642, 63.727281], [-80.491851, 63.712348], [-80.512685, 63.682522], [-80.597727, 63.636868], [-80.774037, 63.577786], [-80.844594, 63.534125], [-80.91808, 63.530097], [-80.93456, 63.510565], [-80.934071, 63.47956], [-80.985585, 63.455715], [-81.01887, 63.450263], [-81.124908, 63.463813], [-81.221547, 63.501532], [-81.454457, 63.549791], [-81.49767, 63.575751], [-81.531809, 63.580756], [-81.635976, 63.575181], [-81.660634, 63.581977], [-81.729604, 63.630927], [-81.763661, 63.641059], [-81.834381, 63.64411], [-81.897084, 63.636664], [-82.074615, 63.69184], [-82.242665, 63.686957], [-82.262563, 63.678697], [-82.260162, 63.664537], [-82.287506, 63.685045], [-82.318918, 63.65941], [-82.357533, 63.659613], [-82.48176, 63.685207], [-82.492177, 63.695543], [-82.492991, 63.719794], [-82.551584, 63.742987], [-82.550933, 63.75731], [-82.51773, 63.796576], [-82.376291, 63.828437], [-82.355824, 63.852973], [-82.362213, 63.889106], [-82.355824, 63.897366], [-82.37092, 63.913031], [-82.506256, 63.955756], [-82.533925, 63.973049], [-82.739369, 63.973049], [-82.868642, 63.986802], [-82.953725, 63.977444], [-82.992584, 63.965562], [-83.027943, 63.966213], [-83.059234, 63.954332], [-83.084543, 63.958197], [-83.130442, 63.979234], [-83.123606, 63.993476], [-83.141672, 63.999701], [-83.138295, 64.006659], [-83.047353, 64.062934], [-82.979604, 64.117092], [-82.96581, 64.13703], [-82.972076, 64.158026], [-83.013743, 64.191555], [-83.084299, 64.189846], [-83.150868, 64.171698], [-83.203521, 64.122056], [-83.302113, 64.14057], [-83.401438, 64.109524], [-83.456532, 64.125312], [-83.512807, 64.120429], [-83.562652, 64.095649], [-83.601633, 64.045722], [-83.636871, 64.039374], [-83.685292, 64.014065], [-83.678619, 63.998765], [-83.619374, 63.952826], [-83.604563, 63.930365], [-83.651194, 63.869371], [-83.595937, 63.822211], [-83.617502, 63.820543], [-83.633778, 63.770982], [-83.649241, 63.765123], [-83.698964, 63.781236], [-83.728017, 63.782294], [-83.783925, 63.7685], [-83.89684, 63.716702], [-83.931874, 63.689439], [-84.007436, 63.671373], [-84.063873, 63.620673], [-84.089345, 63.609931], [-84.121816, 63.610989], [-84.184885, 63.630194], [-84.228912, 63.623114], [-84.28425, 63.626776], [-84.309885, 63.597724], [-84.405344, 63.554755], [-84.404937, 63.52733], [-84.452545, 63.479722], [-84.445668, 63.459133], [-84.480336, 63.393378], [-84.520416, 63.374579], [-84.59024, 63.315131], [-84.682607, 63.299994], [-84.723134, 63.277411], [-84.75768, 63.271064], [-84.954416, 63.193834], [-85.095774, 63.157131], [-85.273915, 63.123358], [-85.45519, 63.12226], [-85.509755, 63.129218], [-85.585317, 63.173326], [-85.603871, 63.212063], [-85.635162, 63.243109], [-85.645416, 63.274807], [-85.655019, 63.417711], [-85.652252, 63.438666], [-85.607533, 63.5008], [-85.610666, 63.521186], [-85.603871, 63.521186], [-85.630116, 63.573676], [-85.590199, 63.613349], [-85.617014, 63.674872], [-85.706288, 63.699286], [-85.715321, 63.71601], [-85.713735, 63.7744], [-85.793568, 63.713365], [-85.819814, 63.705512], [-85.953928, 63.699286], [-86.213979, 63.650865], [-86.28539, 63.646064], [-86.494537, 63.671373], [-86.632314, 63.664537], [-86.661204, 63.657701], [-86.741567, 63.602484], [-86.802113, 63.574897], [-86.868153, 63.561754], [-87.064361, 63.554836], [-87.123769, 63.563625], [-87.175404, 63.585028], [-87.214508, 63.622992], [-87.223785, 63.660142], [-87.208567, 63.696479], [-87.177358, 63.730414], [-86.953847, 63.897366], [-86.895904, 63.930243], [-86.59789, 63.996894], [-86.561431, 64.016343], [-86.491933, 64.023098], [-86.34968, 64.072984], [-86.217397, 64.087226], [-86.19286, 64.10342], [-86.183217, 64.123969], [-86.195953, 64.16474], [-86.232655, 64.193549], [-86.298818, 64.218655], [-86.316396, 64.233791], [-86.295888, 64.26789], [-86.338246, 64.281928], [-86.364817, 64.308824], [-86.361399, 64.321967], [-86.378489, 64.356635], [-86.375356, 64.374579], [-86.343739, 64.411282], [-86.405751, 64.438544], [-86.388783, 64.474677], [-86.382965, 64.545803], [-86.419423, 64.596869], [-86.352895, 64.650784], [-86.238189, 64.812567], [-86.197499, 64.815619], [-86.173004, 64.829576], [-86.207143, 64.850084], [-86.182037, 64.855902], [-86.213979, 64.891059], [-86.1704, 64.907538], [-86.158762, 64.920315], [-86.159332, 64.939439], [-86.172678, 64.954332], [-86.214508, 64.972602], [-86.227651, 64.98664], [-86.227854, 65.003852], [-86.200307, 65.055487], [-86.145497, 65.09516], [-86.138254, 65.113511], [-86.14037, 65.200019], [-86.17394, 65.286526], [-86.16275, 65.30565], [-86.097279, 65.357164], [-86.108632, 65.368109], [-86.141225, 65.375678], [-86.151926, 65.385077], [-86.151519, 65.396145], [-86.119985, 65.444648], [-86.104726, 65.514228], [-86.083363, 65.562079], [-86.066029, 65.586371], [-86.02831, 65.606106], [-86.028391, 65.665025], [-85.938935, 65.763198], [-85.609816, 65.910546], [-85.486511, 65.924136], [-85.462288, 65.880672], [-85.492368, 65.859016], [-85.506176, 65.838655], [-85.489081, 65.820331], [-85.488271, 65.796617], [-85.457183, 65.793647], [-85.42634, 65.802232], [-85.397288, 65.829739], [-85.369537, 65.839586], [-85.325063, 65.837592], [-85.201039, 65.809272], [-85.171864, 65.78913], [-85.164133, 65.77676], [-85.171864, 65.761217], [-85.152699, 65.736721], [-85.183949, 65.726304], [-85.07372, 65.649726], [-85.054026, 65.630113], [-85.052358, 65.614163], [-85.079945, 65.593085], [-85.111724, 65.581204], [-85.25064, 65.555162], [-85.286366, 65.560045], [-85.301422, 65.55683], [-85.316477, 65.54149], [-85.230051, 65.493394], [-85.162221, 65.4831], [-85.076731, 65.456366], [-85.007639, 65.415717], [-85.00121, 65.39647], [-85.018951, 65.35224], [-84.931264, 65.264309], [-84.925404, 65.254136], [-84.931793, 65.218207], [-84.847971, 65.213528], [-84.815256, 65.221137], [-84.788238, 65.241156], [-84.76773, 65.28205], [-84.747304, 65.295722], [-84.75475, 65.312486], [-84.744985, 65.351508], [-84.593373, 65.484117], [-84.554677, 65.485907], [-84.450266, 65.462307], [-84.427235, 65.449774], [-84.44343, 65.419338], [-84.439076, 65.414211], [-84.411773, 65.411811], [-84.363678, 65.385077], [-84.2954, 65.377631], [-84.220041, 65.354071], [-84.160024, 65.346991], [-84.152252, 65.332221], [-84.233388, 65.28205], [-84.230336, 65.267646], [-84.1787, 65.250718], [-84.098459, 65.20954], [-84.046051, 65.197699], [-83.877065, 65.192694], [-83.91808, 65.178412], [-83.882476, 65.165513], [-83.842926, 65.165351], [-83.775217, 65.180243], [-83.724843, 65.163031], [-83.546457, 65.162258], [-83.397694, 65.136623], [-83.335805, 65.075995], [-83.339833, 65.035793], [-83.306752, 65.008857], [-83.222279, 64.969916], [-83.208363, 64.947699], [-83.001129, 64.916164], [-82.956125, 64.891547], [-82.883778, 64.879706], [-82.847564, 64.861029], [-82.773183, 64.799872], [-82.714508, 64.780992], [-82.62328, 64.781195], [-82.537668, 64.743964], [-82.424672, 64.767524], [-82.336741, 64.761542], [-82.266998, 64.725898], [-82.204945, 64.719713], [-82.217681, 64.69123], [-82.098459, 64.687161], [-82.078359, 64.67536], [-82.061594, 64.651435], [-81.848704, 64.534735], [-81.771311, 64.51203], [-81.752512, 64.472724], [-81.774241, 64.44599], [-81.774485, 64.432318], [-81.752512, 64.383979], [-81.759918, 64.377753], [-81.753082, 64.361518], [-81.780385, 64.325873], [-81.774648, 64.309231], [-81.713531, 64.254218], [-81.665761, 64.230862], [-81.622914, 64.221747], [-81.608469, 64.209621], [-81.588002, 64.18537], [-81.60912, 64.15119], [-81.606597, 64.134101], [-81.627187, 64.123603], [-81.708974, 64.112779], [-81.767323, 64.09398], [-81.882639, 64.078599], [-81.939565, 64.052436], [-81.950022, 64.068061], [-81.978383, 64.048163], [-81.974233, 64.03498], [-82.000111, 64.010647], [-81.991607, 63.998725], [-81.971344, 63.993842], [-81.878326, 64.003892], [-81.779042, 64.002021], [-81.649973, 64.02851], [-81.456532, 64.037787], [-81.430287, 64.054999], [-81.450795, 64.082261], [-81.398834, 64.101508], [-81.382558, 64.096584], [-81.40982, 64.082261], [-81.37328, 64.074408], [-81.298329, 64.080634], [-81.245107, 64.057359], [-81.058502, 64.026516], [-80.973704, 63.993598], [-80.930653, 63.993476], [-80.903717, 64.01081], [-80.979115, 64.068671], [-80.930653, 64.10342], [-80.951161, 64.130072], [-80.888783, 64.122626], [-80.82372, 64.102688], [-80.763173, 64.073472], [-80.714711, 64.03852], [-80.697092, 64.016343], [-80.614735, 64.007229], [-80.543813, 63.984931], [-80.521881, 63.969713], [-80.539662, 63.959418], [-80.548818, 63.933173], [-80.496897, 63.91767], [-80.577056, 63.897935], [-80.704701, 63.918402], [-80.674631, 63.893988], [-80.64387, 63.881659], [-80.379384, 63.850572], [-80.279612, 63.809149], [-80.204457, 63.815375], [-80.169749, 63.7744], [-80.183339, 63.767564], [-80.182973, 63.756252]]], [[[-84.930287, 66.015082], [-84.857167, 65.966702], [-84.891265, 65.946845], [-84.756093, 65.877183], [-84.760976, 65.864325], [-84.714955, 65.835273], [-84.71935, 65.822699], [-84.713043, 65.808498], [-84.633697, 65.709662], [-84.59024, 65.686184], [-84.603342, 65.672512], [-84.574086, 65.635647], [-84.690663, 65.560045], [-84.75121, 65.556383], [-84.800893, 65.567084], [-84.841217, 65.587551], [-84.857167, 65.648261], [-84.876332, 65.670396], [-84.924224, 65.689765], [-85.0454, 65.716254], [-85.11266, 65.762112], [-85.152577, 65.856879], [-85.136708, 65.879584], [-85.145863, 65.906317], [-85.186147, 65.946845], [-85.173451, 65.966539], [-85.179311, 65.987779], [-85.15567, 66.011217], [-85.102447, 66.02851], [-85.052235, 66.027818], [-85.001129, 66.007636], [-84.930287, 66.015082]]], [[[-84.468251, 66.103827], [-84.473541, 66.138617], [-84.457834, 66.146145], [-84.408193, 66.141059], [-84.346099, 66.117906], [-84.186147, 66.087348], [-84.123443, 66.083441], [-84.088287, 66.065131], [-84.068837, 66.062893], [-84.021352, 66.087714], [-83.998931, 66.069281], [-84.0006, 66.03559], [-83.943674, 66.02204], [-83.833404, 65.978217], [-83.742909, 65.958319], [-83.692738, 65.925727], [-83.682485, 65.881537], [-83.711985, 65.853461], [-83.801991, 65.822699], [-83.786366, 65.812812], [-83.726226, 65.802232], [-83.712148, 65.791002], [-83.665028, 65.786078], [-83.635487, 65.766913], [-83.542226, 65.748236], [-83.527659, 65.737372], [-83.531077, 65.713446], [-83.472727, 65.727729], [-83.290842, 65.727973], [-83.239329, 65.721584], [-83.21231, 65.706], [-83.258453, 65.690131], [-83.266754, 65.678209], [-83.246449, 65.665025], [-83.255238, 65.656724], [-83.300649, 65.634508], [-83.367055, 65.618598], [-83.479237, 65.65884], [-83.62267, 65.664537], [-83.582875, 65.706], [-83.618031, 65.702826], [-83.649281, 65.689765], [-83.657582, 65.672919], [-83.62385, 65.65884], [-83.62385, 65.651353], [-83.761057, 65.672512], [-83.814443, 65.653022], [-83.838857, 65.652248], [-83.84911, 65.67593], [-83.842844, 65.68358], [-83.801991, 65.686184], [-83.795318, 65.694892], [-83.801991, 65.716864], [-83.785959, 65.72842], [-83.685292, 65.748236], [-83.685292, 65.755072], [-83.722971, 65.764106], [-83.829254, 65.755072], [-83.780873, 65.782375], [-83.785634, 65.79267], [-83.801869, 65.793931], [-83.86974, 65.782904], [-83.958974, 65.74079], [-83.978179, 65.739976], [-84.021108, 65.761217], [-84.072825, 65.755357], [-84.14273, 65.76675], [-84.141184, 65.778632], [-84.109039, 65.802639], [-84.103627, 65.815863], [-84.13268, 65.876288], [-84.124582, 65.906684], [-84.152699, 65.923285], [-84.18692, 65.928616], [-84.185536, 65.960517], [-84.205312, 65.976386], [-84.289622, 66.004381], [-84.397084, 66.012885], [-84.451894, 66.05268], [-84.473541, 66.075914], [-84.466135, 66.075914], [-84.473541, 66.083441], [-84.466135, 66.090237], [-84.473541, 66.090237], [-84.468251, 66.103827]]], [[[-83.296051, 66.311957], [-83.274729, 66.343492], [-83.233144, 66.344062], [-83.19872, 66.320217], [-83.137196, 66.309312], [-83.178212, 66.289455], [-83.102773, 66.289455], [-83.048166, 66.262152], [-82.927846, 66.280992], [-82.904449, 66.268378], [-82.957631, 66.243598], [-83.006907, 66.199449], [-83.077626, 66.197821], [-83.188059, 66.241848], [-83.251454, 66.250922], [-83.292633, 66.26789], [-83.273793, 66.309312], [-83.296051, 66.311957]]], [[[-86.502349, 68.26317], [-86.407826, 68.20775], [-86.433705, 68.16706], [-86.435414, 68.098131], [-86.392161, 68.023139], [-86.372467, 67.936591], [-86.412668, 67.844916], [-86.477773, 67.782864], [-86.51061, 67.774644], [-86.566558, 67.737779], [-86.597524, 67.728217], [-86.680084, 67.735053], [-86.720774, 67.765815], [-86.836578, 67.791815], [-86.871897, 67.810126], [-86.9204, 67.861396], [-86.954213, 67.924547], [-86.950429, 67.930569], [-86.940907, 67.937079], [-86.912913, 67.934272], [-86.892405, 67.954779], [-86.858266, 67.961005], [-86.837148, 67.992011], [-86.84789, 68.022162], [-86.968984, 68.054674], [-86.985707, 68.06745], [-86.987375, 68.084296], [-86.971262, 68.108385], [-86.897857, 68.137885], [-86.912913, 68.173285], [-86.895131, 68.195136], [-86.82665, 68.227769], [-86.747711, 68.287014], [-86.68692, 68.31037], [-86.577138, 68.290595], [-86.502349, 68.26317]]], [[[-82.149322, 68.334418], [-82.260406, 68.344428], [-82.348948, 68.365058], [-82.328033, 68.378607], [-82.255727, 68.361884], [-82.225453, 68.365058], [-82.245961, 68.385565], [-82.176666, 68.385443], [-82.140736, 68.379706], [-82.11559, 68.365058], [-82.120229, 68.356431], [-82.111806, 68.352362], [-82.000111, 68.351386], [-82.003489, 68.342515], [-82.047109, 68.316799], [-82.08141, 68.307318], [-82.149322, 68.334418]]], [[[-90.147288, 69.105536], [-90.127431, 69.057766], [-90.13801, 69.049954], [-90.154652, 69.051011], [-90.166086, 69.060533], [-90.160959, 69.078192], [-90.234202, 69.070502], [-90.253733, 69.08161], [-90.276763, 69.114], [-90.263987, 69.147121], [-90.254221, 69.139879], [-90.251576, 69.122626], [-90.232981, 69.119208], [-90.178456, 69.143134], [-90.154693, 69.139635], [-90.182037, 69.126654], [-90.182037, 69.119208], [-90.147288, 69.105536]]], [[[-90.470693, 69.247992], [-90.456288, 69.234198], [-90.489166, 69.214911], [-90.590566, 69.200141], [-90.603505, 69.20482], [-90.620676, 69.235419], [-90.633901, 69.242662], [-90.620229, 69.256334], [-90.641103, 69.254462], [-90.685414, 69.229071], [-90.691274, 69.23432], [-90.680776, 69.246039], [-90.648183, 69.263129], [-90.648183, 69.270006], [-90.691477, 69.271674], [-90.695383, 69.283677], [-90.654408, 69.310981], [-90.681711, 69.310981], [-90.681711, 69.318427], [-90.660308, 69.332343], [-90.655995, 69.349799], [-90.667144, 69.357489], [-90.730214, 69.304023], [-90.777252, 69.276801], [-90.777008, 69.328681], [-90.771067, 69.34512], [-90.736684, 69.36522], [-90.659535, 69.381293], [-90.618967, 69.37637], [-90.548207, 69.341986], [-90.513783, 69.301011], [-90.470815, 69.278876], [-90.462554, 69.263129], [-90.483713, 69.257514], [-90.497385, 69.242662], [-90.470693, 69.247992]]], [[[-90.250722, 69.278388], [-90.271718, 69.26142], [-90.297271, 69.253974], [-90.318593, 69.263129], [-90.327626, 69.238959], [-90.407948, 69.276801], [-90.394602, 69.293931], [-90.403391, 69.300198], [-90.442128, 69.304145], [-90.488596, 69.329291], [-90.510365, 69.331448], [-90.506744, 69.366645], [-90.489898, 69.379869], [-90.389719, 69.403388], [-90.357411, 69.427151], [-90.302358, 69.43537], [-90.250356, 69.414008], [-90.263987, 69.393541], [-90.239329, 69.394599], [-90.226389, 69.402818], [-90.228831, 69.415107], [-90.250356, 69.42829], [-90.201894, 69.448147], [-90.20934, 69.434516], [-90.177846, 69.405666], [-90.195709, 69.386054], [-90.168935, 69.386217], [-90.147288, 69.372992], [-90.162831, 69.349066], [-90.212636, 69.334906], [-90.250356, 69.297919], [-90.250722, 69.278388]]], [[[-80.053212, 69.648993], [-80.077504, 69.636868], [-80.0, 69.57695561296691], [-80.0, 69.50031744237151], [-80.098988, 69.512641], [-80.230621, 69.540839], [-80.238026, 69.558051], [-80.210357, 69.61872], [-80.238026, 69.626288], [-80.260976, 69.615302], [-80.307362, 69.567572], [-80.334218, 69.558051], [-80.351552, 69.616034], [-80.402496, 69.626288], [-80.496816, 69.667548], [-80.562164, 69.672838], [-80.76065, 69.667955], [-80.797922, 69.675523], [-80.814036, 69.694525], [-80.735178, 69.732408], [-80.718373, 69.756008], [-80.649526, 69.749823], [-80.587473, 69.728664], [-80.519154, 69.72248], [-80.493804, 69.727607], [-80.464508, 69.715033], [-80.450917, 69.681545], [-80.425364, 69.66828], [-80.40274, 69.670152], [-80.397572, 69.682807], [-80.424184, 69.701972], [-80.375803, 69.715033], [-80.461171, 69.734442], [-80.496002, 69.76142], [-80.504018, 69.775824], [-80.50064, 69.787421], [-80.410308, 69.802314], [-80.341054, 69.797593], [-80.336415, 69.782416], [-80.231801, 69.804389], [-80.206044, 69.800686], [-80.136708, 69.776313], [-80.122548, 69.759711], [-80.150787, 69.74079], [-80.156077, 69.732408], [-80.150299, 69.723375], [-80.065419, 69.754299], [-80.0, 69.73733257457644], [-80.0, 69.63871435858702], [-80.053212, 69.648993]]], [[[-83.90217, 69.77383], [-83.917104, 69.793606], [-83.897572, 69.818671], [-83.85558, 69.831732], [-83.569325, 69.804267], [-83.527659, 69.790758], [-83.592763, 69.784003], [-83.637522, 69.77025], [-83.700673, 69.768541], [-83.713246, 69.756008], [-83.680084, 69.747504], [-83.65803, 69.728664], [-83.701039, 69.722805], [-83.83609, 69.749823], [-83.90217, 69.77383]]], [[[-91.80191, 69.878363], [-91.747548, 69.883002], [-91.641265, 69.859687], [-91.840199, 69.824897], [-91.867177, 69.845404], [-91.853586, 69.859687], [-91.80191, 69.878363]]], [[[-91.491363, 69.749335], [-91.533559, 69.730658], [-91.556793, 69.729193], [-91.642649, 69.752834], [-91.690338, 69.779975], [-91.737457, 69.790758], [-91.737457, 69.797593], [-91.572377, 69.835395], [-91.520497, 69.832709], [-91.504058, 69.838568], [-91.490142, 69.871527], [-91.477406, 69.879543], [-91.425282, 69.886054], [-91.408518, 69.879543], [-91.455678, 69.859687], [-91.442738, 69.852444], [-91.453521, 69.837307], [-91.477528, 69.823065], [-91.504058, 69.818671], [-91.47175, 69.799018], [-91.463124, 69.777086], [-91.491363, 69.749335]]], [[[-87.120107, 69.993842], [-87.13675287512227, 70.0], [-87.05359008817197, 70.0], [-87.084218, 69.989407], [-87.120107, 69.993842]]], [[[-86.477528, 69.994778], [-86.503529, 69.985907], [-86.776926, 69.971259], [-86.917144, 69.991278], [-86.94818095774986, 70.0], [-86.4734470350446, 70.0], [-86.477528, 69.994778]]], [[[-80.018219, 53.273749], [-80.046051, 53.309272], [-80.086049, 53.33039], [-80.070709, 53.354926], [-80.042795, 53.366197], [-80.0, 53.36855282285766], [-80.0, 53.27174682196213], [-80.018219, 53.273749]]], [[[-80.063832, 56.187445], [-80.10497, 56.200507], [-80.097971, 56.239936], [-80.052398, 56.283677], [-80.059885, 56.304429], [-80.000315, 56.325873], [-80.0, 56.32589662604117], [-80.0, 56.1983005346054], [-80.063832, 56.187445]]], [[[-80.476308, 59.47842], [-80.464508, 59.470608], [-80.467152, 59.464667], [-80.513783, 59.410346], [-80.527211, 59.375393], [-80.542226, 59.371324], [-80.550893, 59.381781], [-80.539662, 59.408515], [-80.547109, 59.408515], [-80.519154, 59.443834], [-80.553293, 59.4501], [-80.470774, 59.491034], [-80.476308, 59.47842]]], [[[-80.210764, 59.72191], [-80.149241, 59.71015], [-80.15925, 59.697577], [-80.156077, 59.682847], [-80.220937, 59.662543], [-80.256174, 59.626695], [-80.31725, 59.613593], [-80.342193, 59.619574], [-80.325754, 59.648383], [-80.29601, 59.662665], [-80.300038, 59.676663], [-80.287017, 59.68183], [-80.245432, 59.676663], [-80.259104, 59.69717], [-80.224965, 59.731269], [-80.210764, 59.72191]]], [[[-80.07315, 59.802069], [-80.094594, 59.813178], [-80.106435, 59.796047], [-80.146474, 59.776068], [-80.154164, 59.746975], [-80.17984, 59.748765], [-80.179921, 59.758124], [-80.128774, 59.82746], [-80.042958, 59.877753], [-80.005238, 59.888902], [-80.0, 59.88368468942312], [-80.0, 59.78761765716646], [-80.01891, 59.772203], [-80.06664, 59.760077], [-80.094106, 59.758124], [-80.108266, 59.764797], [-80.07315, 59.802069]]], [[[-80.678375, 52.780422], [-80.669586, 52.742011], [-80.704701, 52.721259], [-80.699534, 52.700141], [-80.717681, 52.694973], [-80.743804, 52.700181], [-80.784535, 52.723049], [-81.026845, 52.752631], [-81.151763, 52.803168], [-81.286285, 52.844143], [-81.468821, 52.861274], [-81.951731, 52.974433], [-82.015981, 53.010443], [-82.062652, 53.022773], [-82.053619, 53.03974], [-82.013173, 53.070014], [-81.944081, 53.143704], [-81.882802, 53.179877], [-81.857777, 53.185248], [-81.780385, 53.179877], [-81.666249, 53.206977], [-81.494862, 53.213121], [-81.424387, 53.228827], [-81.174224, 53.212348], [-81.122792, 53.202216], [-80.97761, 53.110297], [-80.947906, 53.069525], [-80.87914, 53.032172], [-80.77953, 52.948717], [-80.678375, 52.780422]]], [[[-80.025706, 55.900336], [-80.0, 55.93741214325475], [-80.0, 55.89655255641886], [-80.025706, 55.900336]]], [[[-81.108022, 54.366034], [-81.101796, 54.374091], [-81.086049, 54.348212], [-81.094716, 54.332099], [-81.105214, 54.332913], [-81.108022, 54.366034]]], [[[-80.539866, 59.105699], [-80.538564, 59.094672], [-80.578603, 59.092963], [-80.582875, 59.098334], [-80.552398, 59.110053], [-80.539866, 59.105699]]], [[[-80.510406, 59.69245], [-80.510732, 59.683295], [-80.551503, 59.6494], [-80.567047, 59.64643], [-80.588246, 59.661566], [-80.518544, 59.694729], [-80.510406, 59.69245]]], [[[-80.370269, 59.708726], [-80.390492, 59.685777], [-80.407582, 59.685004], [-80.429677, 59.652655], [-80.443674, 59.648179], [-80.448394, 59.658271], [-80.43871, 59.677436], [-80.421864, 59.69477], [-80.387278, 59.711737], [-80.370269, 59.708726]]], [[[-92.771875, 61.935055], [-92.787456, 61.928783], [-92.817078, 61.936594], [-92.83761, 61.92597], [-92.874966, 61.938678], [-92.850661, 61.947699], [-92.798413, 61.948019], [-92.771875, 61.935055]]], [[[-92.636128, 62.040442], [-92.652846, 62.026539], [-92.688673, 62.041877], [-92.700898, 62.074635], [-92.6417, 62.060656], [-92.636128, 62.040442]]], [[[-89.023045, 65.414704], [-89.010442, 65.400634], [-88.969343, 65.387878], [-89.003053, 65.385082], [-89.055726, 65.400948], [-89.086794, 65.392036], [-89.102704, 65.397003], [-89.104454, 65.40887], [-89.100561, 65.415229], [-89.046753, 65.406358], [-89.023045, 65.414704]]], [[[-88.383063, 65.472481], [-88.371277, 65.46199], [-88.458981, 65.455701], [-88.489101, 65.473111], [-88.488595, 65.481393], [-88.4308, 65.48699], [-88.383063, 65.472481]]], [[[-85.002753, 66.075323], [-85.009038, 66.065426], [-84.997474, 66.057324], [-85.062012, 66.049354], [-85.092424, 66.050935], [-85.104005, 66.059024], [-85.098156, 66.074278], [-85.080648, 66.081428], [-85.021725, 66.08307], [-85.002753, 66.075323]]], [[[-83.619862, 66.04092], [-83.622304, 66.049018], [-83.593129, 66.076606], [-83.570383, 66.083686], [-83.558746, 66.045966], [-83.619862, 66.04092]]], [[[-83.648427, 66.071112], [-83.642445, 66.085354], [-83.657826, 66.099311], [-83.648793, 66.122952], [-83.574086, 66.110256], [-83.596995, 66.088446], [-83.648427, 66.071112]]], [[[-85.911232, 66.461991], [-85.896216, 66.453862], [-85.899544, 66.442662], [-85.96243, 66.43959], [-85.982292, 66.463884], [-85.911232, 66.461991]]], [[[-80.124264, 69.393332], [-80.071006, 69.383583], [-80.087807, 69.365623], [-80.131291, 69.362501], [-80.182012, 69.379595], [-80.20771, 69.408067], [-80.201038, 69.427705], [-80.124264, 69.393332]]], [[[-81.548527, 69.415486], [-81.505789, 69.406828], [-81.485631, 69.34718], [-81.568299, 69.344258], [-81.672184, 69.353512], [-81.700796, 69.368845], [-81.691911, 69.384386], [-81.78197, 69.387339], [-81.767348, 69.365293], [-81.830309, 69.344332], [-81.882702, 69.363282], [-81.902723, 69.394146], [-81.896757, 69.416961], [-81.838869, 69.433788], [-81.713484, 69.428228], [-81.643279, 69.414378], [-81.548527, 69.415486]]], [[[-82.492047, 69.762981], [-82.558868, 69.743349], [-82.815708, 69.781861], [-82.854681, 69.794354], [-82.843311, 69.808395], [-82.647722, 69.826096], [-82.506235, 69.790626], [-82.492047, 69.762981]]]]}}]}