{"type": "FeatureCollection", "features": [{"type": "Feature", "properties": {"name": "India"}, "geometry": {"type": "MultiPolygon", "coordinates": [[[[80.641413, 29.963444], [80.57134, 29.946855], [80.549533, 29.89368], [80.476152, 29.80614], [80.454861, 29.790586], [80.395227, 29.776582], [80.368975, 29.757926], [80.354299, 29.730279], [80.354402, 29.70488], [80.386752, 29.626823], [80.385201, 29.604835], [80.350785, 29.562073], [80.327221, 29.548585], [80.327221, 29.52484], [80.320089, 29.515822], [80.266242, 29.47213], [80.257457, 29.450064], [80.217666, 29.434639], [80.213739, 29.416888], [80.242161, 29.367408], [80.254977, 29.316635], [80.280092, 29.31015], [80.278748, 29.268085], [80.258181, 29.202456], [80.236063, 29.213076], [80.218803, 29.211086], [80.213739, 29.196565], [80.233066, 29.139308], [80.220664, 29.126079], [80.16351, 29.123366], [80.132607, 29.110214], [80.113073, 29.072206], [80.104702, 29.027609], [80.107906, 28.994588], [80.099431, 28.977276], [80.052922, 28.949113], [80.033905, 28.915936], [80.036386, 28.837026], [80.11421, 28.802584], [80.162063, 28.753285], [80.233273, 28.732718], [80.257044, 28.702745], [80.291047, 28.689671], [80.329701, 28.627479], [80.349751, 28.620218], [80.408352, 28.626342], [80.488451, 28.562444], [80.493412, 28.575647], [80.487624, 28.656469], [80.517596, 28.680033], [80.555837, 28.678948], [80.563589, 28.647038], [80.635625, 28.627866], [80.67862, 28.574717], [80.727093, 28.559679], [80.781663, 28.514746], [80.798406, 28.505703], [80.872252, 28.496866], [80.88667, 28.452786], [80.905273, 28.440849], [80.941188, 28.432684], [80.976018, 28.436922], [80.9878, 28.430979], [81.000409, 28.397002], [81.146344, 28.372249], [81.169701, 28.361319], [81.190372, 28.338116], [81.224323, 28.250783], [81.282356, 28.191588], [81.295947, 28.167455], [81.276775, 28.153787], [81.299409, 28.142521], [81.296205, 28.12831], [81.307057, 28.123814], [81.338115, 28.132728], [81.357907, 28.165982], [81.396044, 28.160634], [81.435267, 28.129783], [81.458211, 28.07728], [81.473455, 28.066402], [81.561925, 28.025991], [81.615049, 27.981239], [81.688946, 27.963204], [81.750131, 27.909667], [81.855654, 27.850937], [81.883198, 27.849051], [81.946398, 27.905352], [81.975905, 27.916953], [82.02722, 27.912406], [82.051611, 27.905171], [82.090369, 27.872331], [82.151037, 27.848275], [82.270409, 27.760477], [82.347924, 27.726009], [82.401926, 27.677175], [82.440683, 27.666426], [82.526156, 27.675211], [82.652143, 27.70415], [82.679687, 27.694409], [82.69705, 27.669397], [82.709246, 27.630924], [82.72971, 27.518166], [82.752137, 27.494964], [82.876264, 27.487548], [82.947164, 27.457317], [83.010468, 27.443391], [83.132786, 27.444217], [83.169631, 27.431195], [83.21924, 27.393781], [83.249419, 27.348099], [83.282441, 27.330943], [83.32435, 27.341691], [83.362746, 27.385616], [83.370962, 27.410214], [83.355821, 27.428663], [83.355925, 27.452486], [83.360989, 27.462201], [83.387034, 27.470469], [83.480981, 27.469746], [83.590432, 27.45662], [83.663399, 27.43228], [83.854602, 27.34505], [83.877391, 27.361742], [83.87765, 27.369907], [83.87119, 27.38944], [83.834087, 27.434037], [83.923022, 27.449954], [84.007668, 27.440807], [84.028907, 27.453726], [84.079601, 27.509536], [84.099548, 27.516874], [84.11717, 27.513283], [84.121563, 27.494964], [84.165746, 27.472174], [84.185848, 27.438636], [84.225536, 27.440393], [84.267703, 27.388562], [84.289408, 27.376108], [84.577039, 27.329031], [84.606546, 27.310479], [84.631919, 27.277044], [84.657654, 27.203405], [84.654398, 27.125374], [84.62148, 27.057988], [84.627268, 27.03649], [84.640239, 27.028377], [84.760697, 26.999025], [84.801934, 27.013753], [84.817489, 27.0106], [84.828134, 26.994943], [84.851751, 26.982127], [84.924046, 26.955668], [84.952726, 26.897636], [85.018045, 26.874433], [85.018562, 26.845804], [85.043987, 26.843737], [85.122845, 26.8657], [85.162016, 26.851024], [85.165685, 26.786273], [85.194934, 26.758885], [85.28728, 26.736974], [85.337044, 26.746792], [85.385878, 26.788444], [85.421535, 26.782656], [85.439622, 26.78772], [85.519462, 26.826426], [85.598578, 26.854383], [85.609379, 26.851024], [85.687772, 26.811853], [85.701828, 26.796608], [85.709631, 26.76245], [85.702241, 26.68845], [85.712887, 26.653206], [85.780996, 26.599204], [85.809728, 26.603028], [85.828538, 26.566131], [85.866366, 26.579929], [85.952148, 26.642044], [86.01137, 26.654447], [86.041704, 26.645455], [86.115859, 26.602563], [86.152653, 26.600651], [86.195855, 26.582668], [86.284428, 26.61202], [86.308613, 26.60215], [86.316002, 26.580963], [86.353674, 26.582616], [86.494906, 26.527839], [86.5579, 26.484018], [86.713601, 26.414565], [86.738199, 26.44371], [86.796438, 26.431514], [86.821863, 26.438129], [86.865684, 26.472442], [86.875968, 26.494921], [86.972448, 26.531973], [87.029912, 26.579774], [87.041333, 26.580187], [87.066706, 26.465621], [87.10629, 26.404746], [87.135022, 26.394204], [87.2191, 26.408105], [87.2453, 26.370226], [87.30049, 26.34599], [87.314029, 26.343768], [87.326225, 26.353328], [87.356404, 26.403712], [87.416452, 26.426967], [87.480324, 26.423401], [87.552051, 26.386711], [87.586984, 26.378029], [87.68119, 26.424228], [87.727544, 26.403764], [87.74222, 26.410482], [87.756173, 26.446914], [87.768988, 26.451461], [87.821595, 26.437509], [87.852084, 26.46066], [87.869809, 26.464639], [87.897301, 26.443452], [87.914768, 26.40826], [87.975488, 26.366557], [88.006648, 26.369864], [88.044321, 26.405676], [88.074189, 26.453942], [88.079822, 26.517556], [88.101681, 26.581944], [88.14664, 26.661216], [88.169067, 26.744002], [88.151394, 26.862806], [88.076877, 26.99179], [88.042822, 27.028946], [88.009491, 27.045637], [87.969183, 27.110801], [87.985461, 27.14837], [87.989337, 27.218391], [88.035122, 27.322571], [88.014762, 27.378072], [88.041633, 27.438068], [88.028094, 27.455121], [88.02334, 27.494912], [88.11088, 27.639503], [88.134858, 27.723167], [88.159662, 27.77412], [88.154598, 27.815151], [88.166587, 27.833599], [88.164623, 27.845356], [88.118218, 27.860885], [88.097496, 27.904008], [88.099924, 27.928322], [88.126693, 27.95044], [88.16297, 27.9469], [88.197851, 27.958295], [88.37877, 27.982634], [88.455768, 28.03152], [88.475405, 28.036248], [88.50207, 28.028885], [88.552817, 28.078055], [88.594003, 28.106606], [88.610488, 28.105831], [88.652035, 28.069399], [88.735648, 28.055265], [88.802931, 28.011005], [88.81771, 27.994881], [88.819674, 27.977337], [88.810682, 27.927857], [88.842773, 27.892407], [88.855072, 27.859179], [88.805669, 27.655109], [88.748154, 27.560128], [88.741642, 27.53168], [88.757559, 27.511448], [88.754355, 27.464216], [88.773578, 27.408509], [88.892331, 27.315543], [88.884631, 27.286346], [88.861428, 27.270378], [88.801174, 27.256425], [88.775852, 27.240871], [88.754355, 27.212604], [88.730067, 27.150954], [88.827632, 27.097882], [88.845615, 27.049565], [88.851713, 26.945437], [88.88644, 26.978975], [88.906645, 26.981093], [88.924474, 26.961663], [88.9253, 26.929365], [88.932328, 26.919237], [88.954549, 26.912622], [88.996614, 26.922751], [89.021574, 26.912674], [89.060693, 26.881461], [89.096504, 26.821413], [89.128079, 26.813455], [89.212828, 26.813041], [89.240837, 26.819759], [89.273599, 26.843892], [89.341657, 26.854331], [89.442891, 26.797022], [89.50542, 26.803688], [89.586087, 26.784051], [89.611357, 26.765964], [89.613475, 26.748549], [89.597507, 26.720954], [89.609806, 26.712221], [89.685151, 26.724571], [89.738739, 26.703281], [89.81367, 26.696149], [89.834961, 26.731548], [89.890409, 26.714856], [90.127191, 26.751392], [90.152202, 26.771752], [90.17742, 26.832058], [90.210907, 26.851489], [90.284442, 26.85707], [90.328574, 26.890659], [90.348831, 26.896654], [90.382627, 26.891796], [90.475232, 26.83242], [90.587783, 26.780072], [90.717077, 26.767049], [91.007395, 26.782139], [91.062069, 26.804567], [91.198185, 26.802344], [91.27601, 26.774077], [91.296577, 26.774594], [91.345566, 26.794696], [91.388457, 26.858465], [91.420187, 26.871539], [91.475067, 26.865545], [91.507417, 26.808029], [91.520646, 26.79759], [91.593716, 26.810768], [91.637951, 26.798985], [91.702133, 26.803481], [91.795254, 26.853504], [91.825123, 26.858465], [91.843934, 26.84937], [91.863054, 26.804773], [91.87866, 26.803016], [91.886928, 26.814437], [91.885895, 26.83087], [91.874009, 26.844306], [91.895507, 26.853504], [91.89313, 26.881358], [91.908219, 26.885182], [91.925686, 26.878671], [91.975088, 26.846631], [92.03586, 26.854848], [92.072757, 26.887766], [92.083919, 26.937323], [92.066969, 26.994943], [92.049709, 27.026827], [91.999893, 27.071527], [91.987904, 27.122273], [91.995862, 27.158033], [92.027075, 27.19984], [92.03679, 27.236478], [92.081852, 27.275132], [92.088776, 27.29234], [92.023598, 27.44678], [91.975088, 27.472433], [91.900591, 27.45973], [91.856578, 27.466239], [91.779555, 27.456475], [91.727092, 27.459942], [91.657382, 27.479151], [91.632887, 27.511655], [91.604465, 27.532145], [91.573252, 27.619711], [91.579867, 27.657977], [91.626686, 27.716423], [91.63577, 27.782525], [91.605336, 27.810658], [91.566023, 27.821074], [91.564355, 27.851372], [91.680131, 27.849823], [91.729871, 27.804136], [91.826589, 27.807627], [91.856373, 27.764539], [91.864914, 27.729988], [91.952247, 27.72482], [91.988898, 27.769398], [92.064878, 27.761721], [92.10616, 27.786081], [92.126294, 27.812722], [92.239568, 27.865277], [92.24918, 27.862642], [92.288764, 27.793085], [92.303854, 27.78616], [92.329175, 27.832928], [92.350053, 27.802542], [92.367933, 27.803834], [92.392841, 27.856027], [92.404416, 27.853831], [92.427567, 27.821171], [92.475109, 27.846596], [92.518151, 27.839468], [92.574977, 27.847806], [92.592912, 27.868193], [92.636468, 27.89537], [92.683674, 27.91045], [92.736392, 27.985909], [92.689257, 28.048315], [92.638924, 28.057487], [92.63727, 28.071983], [92.65484, 28.105831], [92.678611, 28.133064], [92.779174, 28.195903], [92.790232, 28.178901], [92.834777, 28.183526], [92.86537, 28.205205], [92.903817, 28.249698], [92.974924, 28.282306], [93.207825, 28.340539], [93.218073, 28.394647], [93.186286, 28.431995], [93.286972, 28.520517], [93.31717, 28.603463], [93.446213, 28.671894], [93.551736, 28.678948], [93.62553, 28.67236], [93.664908, 28.690239], [93.722475, 28.696647], [93.781744, 28.680504], [93.86308, 28.704871], [93.927786, 28.682752], [93.981591, 28.768131], [93.993136, 28.801887], [93.992019, 28.844649], [94.026849, 28.864182], [94.135396, 28.897788], [94.173658, 28.930164], [94.250183, 28.933107], [94.347311, 29.024349], [94.270786, 29.09793], [94.287505, 29.147938], [94.335771, 29.149617], [94.372875, 29.196307], [94.396439, 29.207081], [94.474987, 29.210802], [94.514778, 29.22106], [94.599941, 29.316635], [94.63043, 29.319452], [94.704224, 29.284699], [94.767683, 29.213851], [94.761482, 29.174706], [94.776571, 29.166696], [94.854086, 29.170004], [94.891293, 29.160495], [94.989065, 29.153984], [95.047666, 29.140806], [95.116912, 29.108095], [95.199698, 29.094246], [95.224916, 29.059364], [95.367406, 29.036496], [95.429824, 29.046525], [95.487577, 29.068994], [95.511307, 29.131789], [95.521435, 29.137861], [95.515337, 29.209433], [95.550167, 29.212482], [95.553785, 29.239043], [95.56443, 29.245606], [95.592335, 29.249689], [95.646697, 29.22835], [95.717165, 29.218284], [95.747365, 29.273651], [95.744781, 29.340432], [95.79594, 29.352886], [95.863134, 29.323985], [95.953735, 29.359219], [96.074536, 29.369286], [96.141966, 29.368467], [96.176279, 29.286456], [96.205424, 29.256949], [96.235293, 29.241214], [96.26785, 29.24173], [96.337096, 29.279713], [96.366241, 29.257233], [96.366862, 29.244211], [96.316425, 29.171864], [96.210075, 29.145767], [96.193642, 29.136931], [96.174625, 29.108845], [96.175954, 29.017354], [96.195323, 28.941106], [96.248588, 28.945343], [96.294655, 28.992324], [96.366568, 29.036537], [96.457605, 28.994588], [96.452128, 28.970378], [96.492229, 28.948002], [96.510832, 28.885525], [96.576668, 28.808527], [96.592584, 28.757884], [96.59801, 28.70991], [96.501044, 28.687631], [96.502375, 28.644476], [96.409019, 28.558929], [96.336459, 28.479667], [96.301852, 28.420711], [96.369644, 28.378116], [96.441127, 28.395416], [96.561518, 28.447293], [96.716924, 28.436539], [96.933959, 28.336618], [96.965791, 28.330468], [96.997417, 28.337083], [97.078446, 28.375143], [97.11555, 28.366564], [97.182729, 28.314991], [97.210531, 28.308092], [97.229651, 28.274606], [97.323496, 28.217478], [97.328663, 28.190012], [97.298898, 28.12924], [97.292903, 28.095082], [97.306546, 28.069657], [97.355122, 28.023045], [97.362253, 27.994881], [97.340032, 27.951809], [97.333521, 27.894164], [97.292903, 27.87755], [97.276367, 27.910339], [97.222933, 27.899719], [97.131776, 27.816856], [97.06532, 27.773991], [97.056742, 27.746783], [96.990906, 27.726629], [96.957006, 27.688079], [96.883523, 27.636325], [96.862129, 27.599298], [96.862025, 27.578369], [96.877321, 27.553074], [96.888484, 27.507185], [96.890241, 27.492483], [96.877011, 27.463079], [96.881352, 27.444114], [97.101287, 27.183303], [97.104388, 27.156018], [97.134773, 27.127338], [97.119167, 27.087288], [97.106041, 27.082586], [97.077206, 27.096487], [97.038035, 27.08703], [97.002998, 27.114522], [96.865332, 27.171624], [96.842698, 27.188522], [96.841768, 27.204387], [96.859648, 27.240716], [96.853757, 27.248725], [96.821718, 27.273065], [96.776346, 27.330633], [96.705239, 27.36076], [96.675887, 27.357659], [96.649015, 27.336214], [96.5869, 27.353577], [96.547316, 27.306448], [96.510936, 27.292495], [96.407789, 27.29818], [96.142586, 27.25751], [96.074166, 27.229864], [96.013188, 27.190796], [95.91645, 27.051373], [95.861466, 27.014218], [95.777957, 26.995149], [95.699305, 26.896189], [95.624271, 26.880738], [95.591302, 26.823739], [95.574765, 26.816142], [95.531357, 26.820276], [95.489809, 26.810716], [95.410641, 26.701627], [95.260573, 26.647625], [95.239075, 26.649641], [95.223262, 26.670363], [95.204865, 26.667572], [95.173239, 26.633828], [95.122803, 26.611607], [95.109574, 26.5513], [95.040638, 26.475594], [95.066062, 26.407433], [95.043635, 26.327696], [95.041775, 26.287596], [95.058724, 26.217677], [95.094484, 26.195043], [95.078361, 26.171324], [95.08818, 26.104093], [95.137479, 26.082957], [95.150088, 26.070968], [95.151225, 26.049936], [95.065856, 25.953817], [95.00064, 25.922036], [94.993199, 25.880954], [95.013456, 25.777704], [95.008805, 25.737138], [94.961469, 25.717966], [94.871656, 25.598025], [94.853466, 25.586036], [94.860287, 25.567174], [94.822356, 25.559113], [94.782359, 25.504594], [94.764375, 25.491675], [94.692028, 25.476327], [94.659472, 25.455502], [94.608003, 25.394627], [94.550125, 25.245282], [94.553329, 25.204147], [94.576893, 25.173607], [94.689135, 25.138518], [94.706808, 25.109941], [94.713836, 25.068264], [94.708565, 25.02589], [94.673528, 24.974807], [94.654821, 24.889154], [94.599011, 24.813474], [94.581544, 24.73012], [94.555706, 24.708855], [94.516329, 24.704953], [94.474987, 24.597389], [94.418453, 24.560311], [94.397059, 24.495069], [94.363676, 24.46582], [94.361196, 24.425409], [94.328743, 24.394481], [94.330707, 24.362855], [94.29536, 24.332599], [94.282751, 24.266427], [94.233969, 24.160335], [94.19025, 23.995281], [94.13506, 23.919006], [94.131856, 23.856969], [94.11687, 23.841647], [94.099713, 23.842628], [94.055065, 23.887949], [93.997911, 23.916965], [93.912334, 23.939005], [93.883189, 23.94531], [93.803711, 23.936059], [93.782833, 23.945465], [93.743042, 23.995281], [93.711106, 24.005461], [93.612404, 24.009052], [93.588013, 23.995229], [93.571063, 23.968021], [93.561348, 23.965696], [93.543468, 23.980889], [93.495719, 23.959133], [93.456652, 23.95996], [93.439185, 23.995229], [93.3965, 24.037526], [93.368285, 24.07848], [93.348545, 24.088893], [93.32219, 24.080056], [93.309684, 24.063984], [93.302966, 23.995281], [93.316092, 23.961097], [93.355986, 23.906991], [93.374796, 23.739017], [93.406319, 23.719122], [93.430297, 23.680339], [93.432364, 23.647317], [93.400221, 23.454022], [93.407249, 23.347258], [93.377897, 23.296822], [93.3749, 23.129726], [93.318262, 23.03366], [93.272787, 23.00591], [93.246535, 23.004488], [93.196512, 23.053839], [93.177082, 23.058439], [93.152381, 23.049938], [93.140082, 23.031903], [93.143182, 22.977513], [93.171088, 22.920437], [93.175532, 22.881705], [93.125302, 22.821554], [93.115897, 22.798403], [93.079517, 22.77272], [93.070835, 22.69288], [93.073936, 22.671899], [93.110523, 22.596348], [93.099154, 22.51196], [93.117861, 22.462868], [93.153518, 22.427521], [93.16592, 22.386593], [93.173672, 22.259418], [93.169021, 22.246912], [93.123545, 22.230686], [93.123132, 22.218387], [93.141735, 22.187277], [93.119515, 22.180973], [93.072489, 22.20247], [93.024533, 22.201902], [93.025464, 22.112915], [92.985466, 22.095965], [92.967172, 22.062685], [92.978955, 21.995351], [92.961695, 21.986876], [92.937407, 22.013024], [92.920974, 22.021809], [92.906194, 22.017314], [92.889244, 21.966722], [92.877462, 21.957007], [92.867024, 21.966516], [92.853898, 22.024135], [92.836121, 22.046511], [92.771629, 22.104182], [92.708067, 22.147952], [92.683779, 22.154308], [92.671067, 22.133896], [92.67396, 22.095242], [92.662075, 22.094777], [92.656184, 22.075294], [92.658354, 22.032816], [92.650913, 22.019174], [92.615256, 22.008787], [92.575879, 21.977574], [92.559962, 22.061342], [92.537328, 22.128625], [92.575568, 22.143301], [92.577015, 22.168674], [92.517381, 22.51258], [92.500844, 22.560536], [92.495883, 22.695618], [92.480691, 22.726159], [92.442037, 22.762927], [92.426327, 22.87106], [92.411858, 22.887932], [92.378681, 22.900438], [92.359871, 22.926612], [92.352223, 22.960331], [92.35305, 23.029913], [92.327625, 23.171429], [92.332689, 23.226258], [92.357494, 23.278942], [92.347055, 23.315426], [92.348606, 23.354105], [92.326695, 23.375267], [92.325351, 23.403508], [92.301477, 23.431801], [92.291038, 23.495285], [92.252797, 23.609309], [92.250007, 23.642615], [92.261686, 23.685119], [92.259309, 23.706487], [92.238741, 23.716848], [92.222102, 23.707779], [92.209389, 23.661606], [92.1943, 23.648144], [92.150788, 23.731653], [92.108414, 23.718243], [92.059631, 23.659487], [92.042371, 23.64556], [92.019013, 23.640057], [92.00351, 23.647421], [91.936641, 23.72354], [91.922688, 23.722972], [91.91442, 23.688323], [91.915971, 23.65016], [91.942325, 23.53443], [91.940775, 23.495182], [91.905118, 23.446632], [91.817682, 23.400924], [91.762595, 23.321549], [91.743681, 23.272327], [91.749159, 23.232407], [91.795564, 23.089496], [91.776237, 23.06526], [91.75598, 23.061539], [91.738307, 23.024668], [91.706991, 22.995368], [91.646943, 22.976583], [91.616661, 22.978056], [91.602398, 22.952967], [91.586068, 22.944466], [91.576766, 22.968806], [91.536562, 22.981854], [91.523643, 22.995213], [91.518165, 23.035081], [91.503283, 23.044408], [91.463595, 23.184116], [91.446438, 23.197887], [91.439927, 23.223519], [91.436517, 23.214863], [91.413572, 23.248634], [91.394349, 23.262664], [91.372128, 23.261889], [91.355695, 23.224139], [91.355901, 23.179646], [91.374608, 23.095723], [91.370887, 23.062779], [91.337401, 23.071074], [91.313527, 23.101046], [91.300504, 23.142309], [91.27725, 23.303256], [91.265778, 23.329352], [91.287275, 23.355552], [91.25813, 23.373639], [91.22733, 23.468775], [91.195084, 23.495182], [91.136276, 23.629515], [91.139687, 23.65357], [91.166456, 23.654087], [91.175241, 23.670313], [91.168936, 23.685377], [91.136587, 23.69889], [91.132349, 23.720646], [91.141754, 23.739896], [91.194981, 23.755166], [91.225263, 23.826144], [91.228157, 23.84498], [91.212758, 23.88074], [91.216272, 23.908387], [91.250378, 23.964042], [91.274149, 23.988227], [91.291616, 23.994816], [91.327066, 23.987865], [91.339055, 23.995229], [91.350837, 24.074242], [91.363033, 24.099848], [91.404581, 24.103129], [91.517545, 24.085198], [91.581831, 24.096101], [91.606015, 24.118865], [91.629063, 24.215319], [91.639502, 24.211702], [91.666167, 24.155917], [91.703684, 24.142946], [91.72115, 24.148992], [91.732623, 24.164314], [91.723011, 24.220977], [91.732933, 24.234284], [91.807037, 24.221133], [91.813755, 24.183124], [91.844244, 24.155323], [91.864501, 24.150594], [91.87711, 24.158036], [91.905945, 24.260639], [91.899847, 24.33805], [91.921862, 24.34451], [91.972194, 24.316062], [91.971368, 24.329679], [91.948837, 24.363527], [91.949974, 24.375387], [92.062732, 24.37102], [92.08826, 24.38164], [92.107587, 24.405979], [92.110894, 24.514293], [92.163604, 24.5592], [92.182931, 24.647256], [92.233781, 24.777533], [92.235021, 24.824765], [92.217658, 24.874581], [92.223032, 24.891376], [92.252177, 24.902977], [92.290418, 24.891298], [92.358321, 24.853652], [92.363592, 24.841017], [92.380748, 24.836702], [92.477693, 24.86391], [92.49454, 24.894864], [92.483791, 24.928221], [92.449788, 24.946437], [92.458056, 24.953284], [92.454026, 24.958116], [92.412271, 24.987391], [92.38695, 24.99509], [92.381058, 25.023435], [92.328142, 25.048007], [92.303544, 25.074285], [92.233677, 25.084956], [92.208046, 25.098107], [92.172699, 25.131955], [92.150995, 25.129733], [92.116165, 25.139449], [92.092911, 25.164718], [92.033999, 25.181668], [92.001753, 25.18296], [91.956278, 25.169783], [91.900571, 25.177586], [91.793704, 25.165338], [91.730142, 25.167457], [91.710712, 25.144668], [91.677432, 25.152626], [91.662033, 25.127201], [91.638675, 25.124049], [91.596197, 25.128907], [91.566121, 25.159964], [91.548758, 25.161101], [91.523436, 25.145185], [91.480752, 25.135263], [91.431866, 25.13795], [91.283968, 25.178981], [91.235702, 25.201925], [91.190847, 25.189471], [91.135346, 25.191228], [90.82198, 25.142291], [90.793972, 25.145391], [90.753974, 25.167561], [90.737955, 25.169421], [90.707672, 25.152988], [90.62344, 25.171436], [90.583339, 25.162031], [90.50138, 25.168801], [90.399784, 25.149009], [90.364644, 25.149991], [90.286923, 25.180066], [90.130085, 25.211589], [89.908134, 25.296907], [89.819044, 25.284969], [89.807365, 25.304503], [89.795015, 25.374163], [89.82323, 25.489143], [89.834392, 25.634767], [89.801526, 25.724684], [89.783129, 25.814446], [89.786953, 25.839147], [89.830051, 25.90798], [89.834392, 25.931752], [89.792017, 25.949115], [89.825607, 25.965703], [89.828656, 25.979397], [89.814135, 25.99614], [89.789434, 25.987976], [89.755844, 26.032417], [89.749849, 26.083887], [89.728766, 26.114169], [89.718482, 26.145537], [89.706545, 26.154167], [89.670371, 26.154115], [89.655798, 26.161298], [89.653008, 26.22269], [89.61332, 26.219383], [89.606396, 26.211011], [89.614406, 26.164192], [89.586759, 26.169205], [89.562781, 26.142591], [89.569395, 26.130086], [89.604225, 26.120732], [89.566915, 26.098977], [89.567018, 26.087091], [89.603864, 26.084662], [89.611357, 26.072208], [89.602882, 26.055258], [89.559163, 26.022237], [89.541697, 25.959709], [89.518184, 25.962086], [89.485628, 25.998724], [89.411266, 25.993195], [89.391422, 26.015467], [89.351476, 25.996864], [89.335301, 25.998569], [89.296906, 26.018155], [89.272979, 26.043476], [89.237633, 26.0581], [89.212621, 26.098977], [89.131593, 26.133755], [89.11919, 26.146622], [89.103377, 26.22517], [89.069426, 26.287389], [89.068857, 26.314261], [89.094799, 26.309506], [89.103532, 26.313692], [89.102912, 26.327335], [89.055215, 26.347023], [89.057282, 26.36263], [89.043743, 26.381078], [89.010877, 26.390173], [88.94101, 26.439421], [88.911968, 26.421231], [88.891246, 26.385781], [88.891866, 26.368779], [88.912433, 26.348935], [88.966021, 26.328472], [88.981731, 26.291833], [89.007983, 26.297156], [89.004365, 26.27571], [89.034338, 26.265788], [89.039712, 26.247185], [89.019455, 26.234472], [88.975323, 26.224344], [88.946849, 26.232922], [88.902718, 26.272919], [88.875794, 26.277364], [88.855641, 26.265116], [88.840654, 26.232043], [88.824841, 26.226566], [88.807995, 26.233439], [88.784017, 26.279947], [88.747947, 26.292505], [88.663404, 26.264444], [88.645834, 26.27602], [88.702988, 26.309661], [88.712238, 26.328265], [88.709706, 26.340616], [88.667435, 26.368159], [88.66852, 26.385729], [88.652242, 26.391517], [88.656273, 26.415133], [88.611521, 26.430843], [88.591161, 26.461228], [88.526823, 26.475388], [88.462383, 26.528821], [88.411016, 26.545099], [88.397891, 26.55869], [88.394377, 26.618015], [88.385282, 26.623544], [88.372518, 26.611607], [88.313865, 26.481537], [88.315105, 26.465052], [88.322546, 26.451772], [88.335621, 26.448206], [88.34301, 26.477196], [88.353552, 26.484586], [88.461143, 26.45389], [88.495456, 26.378081], [88.497626, 26.352708], [88.448637, 26.353431], [88.431687, 26.362216], [88.413807, 26.340202], [88.366781, 26.313434], [88.336602, 26.281808], [88.334535, 26.230803], [88.326267, 26.21592], [88.218884, 26.18016], [88.163796, 26.140473], [88.139922, 26.085334], [88.156407, 26.061408], [88.151032, 26.031332], [88.125866, 26.0134], [88.088039, 25.923225], [88.074396, 25.908135], [88.087574, 25.830983], [88.127726, 25.774914], [88.227462, 25.804266], [88.259915, 25.789021], [88.320273, 25.725253], [88.392981, 25.680759], [88.41944, 25.653784], [88.423781, 25.592237], [88.475405, 25.562575], [88.485586, 25.542628], [88.530286, 25.500202], [88.593589, 25.495086], [88.66635, 25.462891], [88.706192, 25.491675], [88.742572, 25.495189], [88.741952, 25.512759], [88.772338, 25.501959], [88.814919, 25.458602], [88.816315, 25.437208], [88.799623, 25.395609], [88.841998, 25.332822], [88.880187, 25.323468], [88.902873, 25.303418], [88.975323, 25.302643], [88.984935, 25.284969], [88.975323, 25.265229], [88.929073, 25.229417], [88.927884, 25.192727], [88.909642, 25.189161], [88.924163, 25.167871], [88.898635, 25.169318], [88.81709, 25.196809], [88.784224, 25.160946], [88.724537, 25.166475], [88.634259, 25.192262], [88.599119, 25.19314], [88.55938, 25.170764], [88.475405, 25.195104], [88.441299, 25.18973], [88.43148, 25.173038], [88.434168, 25.116659], [88.425796, 25.051056], [88.414117, 25.021523], [88.391018, 24.99509], [88.37567, 24.94561], [88.322753, 24.874684], [88.313606, 24.868302], [88.242758, 24.880601], [88.232836, 24.918273], [88.20245, 24.9453], [88.16452, 24.941114], [88.114911, 24.916413], [88.140955, 24.844583], [88.107779, 24.801097], [88.094808, 24.803112], [88.088245, 24.796136], [88.07698, 24.761177], [88.053209, 24.754976], [88.048455, 24.711206], [88.027164, 24.67573], [88.02179, 24.645603], [88.05724, 24.634105], [88.081838, 24.599869], [88.086023, 24.53672], [88.10995, 24.500986], [88.138785, 24.49525], [88.401301, 24.369418], [88.475405, 24.315468], [88.634517, 24.294125], [88.660149, 24.338257], [88.714564, 24.315416], [88.737508, 24.287097], [88.746397, 24.214079], [88.731617, 24.189842], [88.69379, 24.175321], [88.67808, 24.154289], [88.68299, 24.124291], [88.674101, 24.08264], [88.700921, 24.04365], [88.725002, 24.038379], [88.701593, 23.995281], [88.714357, 23.964404], [88.71415, 23.925156], [88.653121, 23.869784], [88.593589, 23.866916], [88.577621, 23.85516], [88.577518, 23.818521], [88.552713, 23.774984], [88.561188, 23.741007], [88.540104, 23.649953], [88.541551, 23.638765], [88.566356, 23.62874], [88.561705, 23.602023], [88.581549, 23.588329], [88.609247, 23.588794], [88.647643, 23.535076], [88.704642, 23.495182], [88.719421, 23.468104], [88.756835, 23.498799], [88.770168, 23.488826], [88.767894, 23.467277], [88.719266, 23.348292], [88.685935, 23.293308], [88.69658, 23.252354], [88.710016, 23.241218], [88.775697, 23.221633], [88.822671, 23.237963], [88.959975, 23.202693], [88.954704, 23.183806], [88.864787, 23.100271], [88.8513, 23.07513], [88.838794, 22.975808], [88.893468, 22.879638], [88.905147, 22.866435], [88.944524, 22.848012], [88.936876, 22.782331], [88.908144, 22.740784], [88.95641, 22.584979], [88.950312, 22.561983], [88.927988, 22.548134], [88.970982, 22.527928], [89.002505, 22.427986], [88.989482, 22.39667], [89.001523, 22.333677], [89.023537, 22.294816], [89.00912, 22.285618], [89.062295, 22.211565], [89.078159, 22.150845], [89.060395, 22.129869], [89.043712, 22.137397], [89.048595, 22.122952], [89.036876, 22.085598], [89.057384, 22.031236], [89.065603, 21.967108], [89.060883, 21.938463], [89.036876, 21.925116], [89.013031, 21.929429], [89.009532, 21.904608], [88.944672, 21.938788], [88.928722, 21.986558], [88.91391, 21.986558], [88.90504, 21.969428], [88.924083, 21.926337], [88.99586, 21.884182], [89.01588, 21.853339], [89.043712, 21.733344], [89.067882, 21.709133], [89.085216, 21.674709], [89.082693, 21.617336], [89.053233, 21.609809], [89.033946, 21.633246], [89.019786, 21.606106], [89.000255, 21.60342], [88.933849, 21.643948], [88.891612, 21.65351], [88.881602, 21.672024], [88.872081, 21.74901], [88.866059, 21.766832], [88.858653, 21.766832], [88.838227, 21.701972], [88.859874, 21.652574], [88.858653, 21.636542], [88.844249, 21.622219], [88.823985, 21.617255], [88.805837, 21.62287], [88.797862, 21.640204], [88.81837, 21.65762], [88.810883, 21.691718], [88.800466, 21.661851], [88.784028, 21.655951], [88.77711, 21.643541], [88.796641, 21.584418], [88.790538, 21.568264], [88.762462, 21.555854], [88.727875, 21.559882], [88.70753, 21.578315], [88.722179, 21.609198], [88.684906, 21.697211], [88.703624, 21.810614], [88.694509, 21.83983], [88.714692, 21.897854], [88.722179, 21.966132], [88.758311, 21.999457], [88.763031, 22.017279], [88.754649, 22.037584], [88.717052, 22.058051], [88.708507, 22.072211], [88.730154, 22.103583], [88.763031, 22.130561], [88.726573, 22.121161], [88.694835, 22.081529], [88.699474, 22.053209], [88.730724, 22.037177], [88.689952, 21.94599], [88.678722, 21.936672], [88.667003, 21.945014], [88.63087, 21.945461], [88.627452, 21.970404], [88.653494, 22.018012], [88.639496, 22.109524], [88.656993, 22.151068], [88.674001, 22.162055], [88.683116, 22.184963], [88.679942, 22.204413], [88.660167, 22.205024], [88.619151, 22.109524], [88.625987, 22.048041], [88.60255, 22.006415], [88.598399, 21.929348], [88.567068, 21.850816], [88.564626, 21.766832], [88.624034, 21.778022], [88.632823, 21.750067], [88.623383, 21.710273], [88.612641, 21.697496], [88.591807, 21.70539], [88.59962, 21.637274], [88.595063, 21.612128], [88.578136, 21.62344], [88.572276, 21.557929], [88.54477, 21.561998], [88.536469, 21.5751], [88.529633, 21.553371], [88.543956, 21.534084], [88.51295, 21.524644], [88.493907, 21.534817], [88.487966, 21.556545], [88.495616, 21.581855], [88.514008, 21.600816], [88.518809, 21.639146], [88.529633, 21.65762], [88.504893, 21.741523], [88.532888, 21.795315], [88.531016, 21.824123], [88.495616, 21.876695], [88.514659, 21.916205], [88.514985, 21.937201], [88.495616, 21.951809], [88.499848, 21.933661], [88.474457, 21.890326], [88.492035, 21.837144], [88.4935, 21.805162], [88.474457, 21.800971], [88.45338, 21.741767], [88.454763, 21.70539], [88.472179, 21.663275], [88.456309, 21.62401], [88.409679, 21.59927], [88.393077, 21.600246], [88.382823, 21.671332], [88.392589, 21.698554], [88.355724, 21.684963], [88.346202, 21.688625], [88.331228, 21.719062], [88.324718, 21.701361], [88.345714, 21.6706], [88.348806, 21.650295], [88.33546, 21.61579], [88.321788, 21.605658], [88.309744, 21.610175], [88.298188, 21.764106], [88.273123, 21.797919], [88.261567, 21.798651], [88.295421, 21.676581], [88.297048, 21.653876], [88.283376, 21.609198], [88.305837, 21.571682], [88.278982, 21.555162], [88.254405, 21.554674], [88.237478, 21.601711], [88.224376, 21.613023], [88.208263, 21.602973], [88.181895, 21.665229], [88.180919, 21.684963], [88.21046, 21.74726], [88.201427, 21.774319], [88.209727, 21.78856], [88.154063, 21.888088], [88.159434, 21.906155], [88.146739, 21.959215], [88.156261, 21.990871], [88.222423, 22.077948], [88.198009, 22.167792], [88.081309, 22.217353], [88.077322, 22.240424], [88.043468, 22.224758], [88.009044, 22.240424], [87.972667, 22.283189], [87.94044, 22.413031], [87.927989, 22.424221], [87.906586, 22.42475], [87.922862, 22.397773], [87.94752, 22.277655], [87.965343, 22.244818], [88.008474, 22.204901], [88.132579, 22.179145], [88.160981, 22.156562], [88.173513, 22.116889], [88.164317, 22.089789], [88.111176, 22.034857], [88.084727, 22.020697], [88.043142, 22.017279], [88.050792, 21.985012], [87.983653, 21.854193], [87.97047, 21.836493], [87.899181, 21.794827], [87.892914, 21.774319], [87.833995, 21.729315], [87.755707, 21.691718], [87.703787, 21.655504], [87.621349, 21.650621], [87.468761, 21.611396], [87.341807, 21.562405], [87.293468, 21.553656], [87.256114, 21.561998], [87.200938, 21.551988], [87.063731, 21.475002], [86.917654, 21.327379], [86.866954, 21.256049], [86.83725, 21.174709], [86.844005, 21.082221], [86.952159, 20.849107], [86.965668, 20.805976], [86.953868, 20.780585], [86.916515, 20.788072], [86.878754, 20.780585], [86.889334, 20.764472], [86.910655, 20.756415], [86.986583, 20.751858], [87.000011, 20.728217], [86.998709, 20.711127], [86.988617, 20.70425], [86.961192, 20.712836], [86.940196, 20.697984], [86.986501, 20.684394], [86.994884, 20.670722], [87.043224, 20.697984], [87.003591, 20.65705], [86.976248, 20.637885], [86.923188, 20.621731], [86.751475, 20.489163], [86.72462, 20.431952], [86.72047, 20.368476], [86.769786, 20.400702], [86.788748, 20.390123], [86.796153, 20.437323], [86.809825, 20.415107], [86.768321, 20.343451], [86.693696, 20.293931], [86.701671, 20.284654], [86.754649, 20.314439], [86.628184, 20.235256], [86.511485, 20.197455], [86.495128, 20.184068], [86.467133, 20.094672], [86.41505, 20.036322], [86.391449, 20.020209], [86.404145, 20.002631], [86.42628, 19.999172], [86.397227, 19.982856], [86.348399, 20.008857], [86.275401, 20.067369], [86.209158, 20.066636], [86.173025, 20.1022], [86.163097, 20.134833], [86.152517, 20.143134], [86.14503, 20.122016], [86.154307, 20.089993], [86.167735, 20.072943], [86.230235, 20.035305], [86.289073, 20.026435], [86.295909, 20.006578], [86.314952, 19.986884], [86.372406, 19.964993], [86.268565, 19.910346], [86.089041, 19.844224], [86.056651, 19.856879], [86.032074, 19.841498], [85.846365, 19.795844], [85.788829, 19.765692], [85.734386, 19.763617], [85.624278, 19.718573], [85.63795, 19.731635], [85.614268, 19.727932], [85.549164, 19.690619], [85.480479, 19.666327], [85.44988, 19.666693], [85.446788, 19.690619], [85.430431, 19.691718], [85.427013, 19.704088], [85.521983, 19.739081], [85.514985, 19.711127], [85.576508, 19.745836], [85.563243, 19.756903], [85.570323, 19.773179], [85.570323, 19.875637], [85.476817, 19.901028], [85.440115, 19.896226], [85.319591, 19.793647], [85.268077, 19.780015], [85.220958, 19.736029], [85.20338, 19.707261], [85.206554, 19.683783], [85.189952, 19.670966], [85.175141, 19.636908], [85.140147, 19.596584], [85.139334, 19.579779], [85.151378, 19.560289], [85.122895, 19.549018], [85.102875, 19.529608], [85.108735, 19.506781], [85.124034, 19.519355], [85.128754, 19.509508], [85.124034, 19.478339], [85.151378, 19.498847], [85.185557, 19.505683], [85.202891, 19.517157], [85.199229, 19.554104], [85.214529, 19.547268], [85.233246, 19.554104], [85.193044, 19.57392], [85.193044, 19.580797], [85.212901, 19.581122], [85.247569, 19.60871], [85.233246, 19.632554], [85.247569, 19.65648], [85.309093, 19.642239], [85.350597, 19.677639], [85.383067, 19.676093], [85.391449, 19.690619], [85.403168, 19.671291], [85.405284, 19.645941], [85.384613, 19.635972], [85.37794, 19.614936], [85.336762, 19.596096], [85.326427, 19.618801], [85.31837, 19.619534], [85.309093, 19.595038], [85.288422, 19.601264], [85.302501, 19.586656], [85.302908, 19.57392], [85.330577, 19.576402], [85.576508, 19.690619], [85.336681, 19.575181], [85.285411, 19.536282], [85.240571, 19.518052], [85.180431, 19.475002], [85.069509, 19.372138], [84.99586, 19.32331], [84.872081, 19.219875], [84.791026, 19.120592], [84.775157, 19.115302], [84.73878, 19.14765], [84.719981, 19.10163], [84.740489, 19.073676], [84.760997, 19.10163], [84.78004, 19.097073], [84.741059, 19.028144], [84.66505, 18.930121], [84.63087, 18.915717], [84.547862, 18.796088], [84.54184, 18.775784], [84.448253, 18.68065], [84.423676, 18.636461], [84.370453, 18.601304], [84.332856, 18.553697], [84.281749, 18.52558], [84.246918, 18.52558], [84.237641, 18.510932], [84.24936, 18.501654], [84.271007, 18.50019], [84.349946, 18.552924], [84.143891, 18.374823], [84.113129, 18.298285], [84.077403, 18.271552], [83.775157, 18.139594], [83.613943, 18.045152], [83.582286, 18.01911], [83.556651, 17.973456], [83.526134, 17.942532], [83.472911, 17.902493], [83.465587, 17.902493], [83.451915, 17.922919], [83.452973, 17.868476], [83.431163, 17.854234], [83.417735, 17.80622], [83.402354, 17.784491], [83.341319, 17.717434], [83.298595, 17.690131], [83.26824, 17.717475], [83.246918, 17.716254], [83.242035, 17.706529], [83.249278, 17.69538], [83.292491, 17.677476], [83.299083, 17.664293], [83.246918, 17.634223], [83.212901, 17.634914], [83.238943, 17.592963], [83.088227, 17.530707], [82.896821, 17.409329], [82.883311, 17.422065], [82.837657, 17.392768], [82.796397, 17.383043], [82.758149, 17.359198], [82.718516, 17.348619], [82.474864, 17.205959], [82.422862, 17.13996], [82.387706, 17.126939], [82.299327, 17.030341], [82.291677, 16.99844], [82.252696, 16.929185], [82.255138, 16.885321], [82.267914, 16.867499], [82.31422, 16.846625], [82.334646, 16.854071], [82.352061, 16.845404], [82.362478, 16.859076], [82.348888, 16.956488], [82.366547, 16.908637], [82.365571, 16.811591], [82.338145, 16.678412], [82.31422, 16.62816], [82.312836, 16.60814], [82.299327, 16.610093], [82.293793, 16.625637], [82.280935, 16.620836], [82.307384, 16.579779], [82.259044, 16.565497], [82.203461, 16.512681], [82.068614, 16.444281], [82.037364, 16.447659], [81.992686, 16.408433], [81.956228, 16.407172], [81.940766, 16.388373], [81.861664, 16.375393], [81.76295, 16.322577], [81.711599, 16.312201], [81.656261, 16.337348], [81.636404, 16.332709], [81.584972, 16.342108], [81.568126, 16.346381], [81.573904, 16.358344], [81.556977, 16.373033], [81.540212, 16.373684], [81.549083, 16.352362], [81.49586, 16.360663], [81.416677, 16.340155], [81.428233, 16.365668], [81.411388, 16.382514], [81.375743, 16.367499], [81.35963, 16.374335], [81.317393, 16.367499], [81.259613, 16.332709], [81.248546, 16.320136], [81.259613, 16.288642], [81.254161, 16.271308], [81.230317, 16.243598], [81.190278, 16.138861], [81.180024, 16.086737], [81.156016, 16.03852], [81.14975, 15.969631], [81.135102, 15.966498], [81.088227, 15.92121], [81.026866, 15.880845], [80.998871, 15.846747], [81.019216, 15.792385], [81.012543, 15.777818], [80.910004, 15.852688], [80.90268, 15.890815], [80.908946, 15.983466], [80.896495, 16.031073], [80.896495, 16.010565], [80.889008, 16.00373], [80.875336, 16.017401], [80.891287, 15.978258], [80.895763, 15.936021], [80.890147, 15.89525], [80.830251, 15.747626], [80.80714, 15.716376], [80.802745, 15.842434], [80.776134, 15.884263], [80.760102, 15.892971], [80.670177, 15.907701], [80.662852, 15.88935], [80.618419, 15.887681], [80.571137, 15.86872], [80.553884, 15.880845], [80.52589, 15.85692], [80.469086, 15.834662], [80.43629, 15.808295], [80.393321, 15.797024], [80.35963, 15.775824], [80.279633, 15.70067], [80.201345, 15.518297], [80.197602, 15.503079], [80.211192, 15.496649], [80.183849, 15.452297], [80.126801, 15.388129], [80.090587, 15.304877], [80.082367, 15.204088], [80.052989, 15.092597], [80.054535, 15.014146], [80.073416, 14.942043], [80.108165, 14.714342], [80.116954, 14.698147], [80.159841, 14.662665], [80.178477, 14.60578], [80.169688, 14.585842], [80.141856, 14.571234], [80.149181, 14.565009], [80.190196, 14.571234], [80.196951, 14.565009], [80.175955, 14.468736], [80.174978, 14.34455], [80.128184, 14.256537], [80.087169, 14.250312], [80.046641, 14.20661], [80.050629, 14.196112], [80.073497, 14.20185], [80.121104, 14.242011], [80.13559, 14.229193], [80.123383, 14.193508], [80.125824, 14.148505], [80.149669, 14.027737], [80.249278, 13.800279], [80.245453, 13.755601], [80.220958, 13.696967], [80.309581, 13.479315], [80.313731, 13.440904], [80.306895, 13.440904], [80.245453, 13.591742], [80.197276, 13.643622], [80.183604, 13.679185], [80.141856, 13.728949], [80.13559, 13.619086], [80.121267, 13.627265], [80.117849, 13.674506], [80.094005, 13.69477], [80.091319, 13.659125], [80.052989, 13.619086], [80.056488, 13.59516], [80.101329, 13.537095], [80.119395, 13.500678], [80.219737, 13.487779], [80.243419, 13.472154], [80.26588, 13.468248], [80.26238, 13.451239], [80.306895, 13.413031], [80.313731, 13.427232], [80.326996, 13.430365], [80.34783, 13.349066], [80.334158, 13.242906], [80.319835, 13.249172], [80.313731, 13.215033], [80.334158, 13.221177], [80.332774, 13.198147], [80.306895, 13.146064], [80.313731, 13.10578], [80.285818, 13.067572], [80.25172, 12.762519], [80.228689, 12.674994], [80.196462, 12.613715], [80.179698, 12.53262], [80.095958, 12.36225], [80.059825, 12.334215], [80.025727, 12.276516], [80.005138, 12.256049], [80.0, 12.253515543838125], [80.0, 30.0], [80.6959636684581, 30.0], [80.641413, 29.963444]]], [[[80.005138, 12.241767], [80.0, 12.233889326088015], [80.0, 12.238980829045035], [80.005138, 12.241767]]], [[[80.988536, 15.770738], [80.984874, 15.761786], [80.942638, 15.741034], [80.917979, 15.755113], [80.8685, 15.811957], [80.888357, 15.846747], [80.968272, 15.795233], [80.988536, 15.770738]]], [[[93.85377, 12.260565], [93.851899, 12.271552], [93.860606, 12.281195], [93.872813, 12.268866], [93.85377, 12.260565]]], [[[94.290782, 13.422919], [94.274913, 13.420315], [94.261892, 13.429267], [94.280935, 13.443549], [94.290782, 13.422919]]], [[[92.586986, 10.736294], [92.598059, 10.709302], [92.595908, 10.678364], [92.539835, 10.620669], [92.54176, 10.59172], [92.574213, 10.580624], [92.535423, 10.524861], [92.513027, 10.507969], [92.479558, 10.516073], [92.444139, 10.545143], [92.421788, 10.546203], [92.406466, 10.529266], [92.384111, 10.529328], [92.378057, 10.541329], [92.402557, 10.575206], [92.417003, 10.629059], [92.408917, 10.647055], [92.379486, 10.672122], [92.376721, 10.78402], [92.407265, 10.789891], [92.41542, 10.798863], [92.428966, 10.850816], [92.482796, 10.885622], [92.527592, 10.895466], [92.56506, 10.849308], [92.567981, 10.815301], [92.585092, 10.771269], [92.586986, 10.736294]]], [[[92.69988, 11.384426], [92.673188, 11.367336], [92.63502, 11.357896], [92.593516, 11.378363], [92.600841, 11.406317], [92.631196, 11.416246], [92.637218, 11.430162], [92.627615, 11.477362], [92.63559, 11.508043], [92.654145, 11.508124], [92.675059, 11.490424], [92.6963, 11.454413], [92.676524, 11.412543], [92.69988, 11.384426]]], [[[92.278087, 11.583808], [92.286876, 11.563178], [92.285004, 11.544013], [92.273204, 11.531073], [92.252126, 11.529242], [92.234548, 11.540351], [92.230235, 11.577338], [92.217296, 11.59809], [92.278087, 11.583808]]], [[[93.066417, 11.899115], [93.049327, 11.896145], [93.024913, 11.940131], [92.990571, 11.954413], [92.947032, 11.989691], [92.980724, 12.036322], [93.014659, 12.037177], [93.025401, 12.031562], [93.018565, 12.015815], [93.066417, 11.899115]]], [[[93.094981, 12.15176], [93.103282, 12.102037], [93.094249, 12.090969], [93.064301, 12.127143], [93.059337, 12.153551], [93.073253, 12.200832], [93.091075, 12.20425], [93.103282, 12.190497], [93.094981, 12.15176]]], [[[92.737478, 12.961737], [92.724376, 12.872382], [92.697113, 12.838202], [92.694672, 12.803778], [92.682791, 12.797309], [92.670258, 12.867662], [92.682791, 12.961737], [92.708344, 12.988674], [92.722504, 12.985785], [92.737478, 12.961737]]], [[[93.079438, 13.259833], [93.056895, 13.224799], [93.052745, 13.133043], [93.036794, 13.062161], [93.019542, 13.033637], [92.990571, 13.043687], [92.97934, 13.029527], [92.964041, 13.036851], [92.964041, 13.084662], [92.956554, 13.084662], [92.956554, 13.064154], [92.937022, 13.067084], [92.928396, 13.027493], [92.956228, 12.981676], [92.952647, 12.970771], [92.936046, 12.954291], [92.927419, 12.981024], [92.905284, 12.982245], [92.876313, 12.916653], [92.896332, 12.899726], [92.915538, 12.919582], [92.92449, 12.914374], [92.932628, 12.89289], [92.964041, 12.864936], [92.968028, 12.803168], [92.956554, 12.783026], [92.984386, 12.745103], [92.990489, 12.724311], [92.972911, 12.628119], [92.989024, 12.592108], [92.990571, 12.519232], [92.955903, 12.477444], [92.970225, 12.468329], [92.93865, 12.438137], [92.936046, 12.419908], [92.89503, 12.454657], [92.901866, 12.433539], [92.84669, 12.433539], [92.863617, 12.385484], [92.894054, 12.368109], [92.901866, 12.344794], [92.91505, 12.338365], [92.879242, 12.312974], [92.900157, 12.283189], [92.901866, 12.269029], [92.879893, 12.243598], [92.894216, 12.205024], [92.872569, 12.201483], [92.874522, 12.183743], [92.827403, 12.140123], [92.833669, 12.118232], [92.806407, 12.10456], [92.80893, 12.095771], [92.799327, 12.089545], [92.757498, 12.07746], [92.792654, 12.036322], [92.763682, 12.030951], [92.758556, 12.02204], [92.765391, 12.02204], [92.740571, 11.983629], [92.737478, 11.878648], [92.744884, 11.878648], [92.753754, 11.931586], [92.761974, 11.940131], [92.787934, 11.934516], [92.79949, 11.899115], [92.76002, 11.708686], [92.754731, 11.701117], [92.722911, 11.693793], [92.68393, 11.649888], [92.682791, 11.61518], [92.696788, 11.611233], [92.710704, 11.621731], [92.710704, 11.659573], [92.731212, 11.652737], [92.736013, 11.68244], [92.746104, 11.683743], [92.761485, 11.663642], [92.765391, 11.618598], [92.747569, 11.597846], [92.735118, 11.523871], [92.71697, 11.494452], [92.713145, 11.50731], [92.689708, 11.51557], [92.658946, 11.546291], [92.654633, 11.573798], [92.633556, 11.582587], [92.625662, 11.595404], [92.621349, 11.618598], [92.645681, 11.629828], [92.648692, 11.638495], [92.61964, 11.651313], [92.60377, 11.718899], [92.579845, 11.714179], [92.563243, 11.725572], [92.566661, 11.827135], [92.528087, 11.845893], [92.524913, 11.857489], [92.539724, 11.894436], [92.570567, 11.932603], [92.594737, 11.898749], [92.614513, 11.899115], [92.607677, 11.882799], [92.617686, 11.8664], [92.629405, 11.943752], [92.621349, 11.987942], [92.641856, 12.036322], [92.640147, 12.136135], [92.681814, 12.219631], [92.697113, 12.207668], [92.713064, 12.232571], [92.720958, 12.226549], [92.719493, 12.176256], [92.727794, 12.172838], [92.784028, 12.189358], [92.792654, 12.207668], [92.7824, 12.248603], [92.758556, 12.265937], [92.7588, 12.276557], [92.7942, 12.283189], [92.792654, 12.296373], [92.778494, 12.310126], [92.733653, 12.318061], [92.717784, 12.362494], [92.72169, 12.599433], [92.754731, 12.649563], [92.778982, 12.652655], [92.783214, 12.664984], [92.754731, 12.677191], [92.747732, 12.692694], [92.737478, 12.807196], [92.765391, 12.84512], [92.785655, 12.840033], [92.800304, 12.857815], [92.813243, 12.90648], [92.813243, 12.958075], [92.834727, 13.002021], [92.807953, 13.020087], [92.8296, 13.103461], [92.854177, 13.146064], [92.833669, 13.174018], [92.844737, 13.186998], [92.842784, 13.226996], [92.864024, 13.2355], [92.849864, 13.289008], [92.854177, 13.310614], [92.841156, 13.324897], [92.847423, 13.344916], [92.891368, 13.400946], [92.89503, 13.454576], [92.942882, 13.509223], [92.949718, 13.544623], [92.984386, 13.557603], [92.997325, 13.546698], [93.011729, 13.550767], [93.004568, 13.562201], [93.011729, 13.578111], [93.016287, 13.567369], [93.049978, 13.566392], [93.066417, 13.537095], [93.053722, 13.471422], [93.059581, 13.406806], [93.080089, 13.413031], [93.07838, 13.397121], [93.057872, 13.38288], [93.046886, 13.357408], [93.004242, 13.331041], [93.003673, 13.348619], [92.995128, 13.357367], [92.984386, 13.356431], [92.977061, 13.345364], [92.990489, 13.317816], [93.004568, 13.311835], [93.025564, 13.316148], [93.079438, 13.259833]]], [[[93.052745, 13.640204], [92.990571, 13.667467], [93.033214, 13.680243], [93.052745, 13.640204]]], [[[88.902029, 21.580268], [88.911306, 21.566881], [88.90797, 21.530707], [88.862478, 21.523586], [88.838715, 21.531928], [88.830821, 21.577379], [88.841319, 21.614], [88.902029, 21.580268]]], [[[88.090017, 21.808661], [88.119314, 21.859524], [88.146739, 21.869859], [88.167003, 21.765448], [88.163422, 21.705471], [88.132579, 21.684963], [88.144379, 21.657782], [88.139415, 21.630316], [88.130056, 21.625922], [88.051768, 21.641588], [88.042247, 21.668158], [88.090017, 21.808661]]], [[[88.650157, 21.927436], [88.670584, 21.907416], [88.649181, 21.842353], [88.646332, 21.787909], [88.591807, 21.804389], [88.584972, 21.826606], [88.598643, 21.869859], [88.636241, 21.921373], [88.650157, 21.927436]]], [[[88.072276, 21.856757], [88.071056, 21.873603], [88.077322, 21.904608], [88.094249, 21.937893], [88.105724, 21.947577], [88.118907, 21.945014], [88.132579, 21.920478], [88.125011, 21.888658], [88.104991, 21.861151], [88.080903, 21.849351], [88.072276, 21.856757]]]]}}, {"type": "Feature", "properties": {"name": "China"}, "geometry": {"type": "Polygon", "coordinates": [[[99.996718, 21.686119], [99.960699, 21.704774], [99.95026, 21.721156], [99.939202, 21.777018], [99.917963, 21.82916], [99.920185, 21.852001], [99.96566, 21.963002], [99.934344, 22.018864], [99.942406, 22.045529], [99.847838, 22.055037], [99.84174, 22.02708], [99.821018, 22.017779], [99.799882, 22.037467], [99.723659, 22.070592], [99.703816, 22.061239], [99.683868, 22.039018], [99.663818, 22.048733], [99.633536, 22.084751], [99.538968, 22.106714], [99.490392, 22.104337], [99.438612, 22.124232], [99.364922, 22.098859], [99.252887, 22.102786], [99.166381, 22.132087], [99.14447, 22.153533], [99.175062, 22.168674], [99.159353, 22.184694], [99.166381, 22.204641], [99.19935, 22.245258], [99.218367, 22.310009], [99.243689, 22.341221], [99.246376, 22.365923], [99.237384, 22.380134], [99.243068, 22.393156], [99.282756, 22.411915], [99.345078, 22.472841], [99.35779, 22.495476], [99.344148, 22.533251], [99.357377, 22.587098], [99.355, 22.608544], [99.307871, 22.719596], [99.307974, 22.745176], [99.35903, 22.77489], [99.378874, 22.813234], [99.414428, 22.856901], [99.413394, 22.930746], [99.42993, 22.936741], [99.484501, 22.910256], [99.5153, 22.90881], [99.538038, 22.926431], [99.534627, 22.949324], [99.490392, 23.012007], [99.493079, 23.057379], [99.478196, 23.065751], [99.403265, 23.068335], [99.333812, 23.129623], [99.314072, 23.126471], [99.284823, 23.088153], [99.21661, 23.057379], [99.202141, 23.067275], [99.194183, 23.095775], [99.13, 23.106239], [99.074913, 23.101666], [99.05507, 23.109598], [99.039257, 23.127142], [99.026441, 23.160448], [98.859009, 23.179387], [98.860146, 23.212279], [98.910686, 23.297597], [98.896526, 23.32328], [98.853428, 23.324882], [98.853221, 23.334985], [98.88185, 23.349687], [98.890118, 23.367903], [98.889602, 23.406789], [98.86397, 23.466605], [98.848881, 23.480403], [98.809813, 23.474098], [98.799995, 23.480738], [98.780874, 23.532854], [98.796274, 23.557917], [98.850224, 23.590628], [98.856012, 23.610007], [98.800305, 23.692715], [98.793173, 23.758473], [98.777877, 23.7693], [98.684963, 23.784803], [98.663672, 23.796947], [98.671424, 23.816739], [98.664809, 23.903374], [98.674524, 23.936886], [98.658815, 23.961123], [98.663259, 23.969546], [98.716796, 23.988408], [98.856219, 24.083802], [98.873479, 24.114498], [98.865727, 24.145685], [98.818082, 24.128968], [98.716176, 24.121345], [98.640418, 24.100752], [98.585227, 24.075715], [98.503269, 24.121268], [98.434952, 24.13026], [98.395575, 24.128063], [98.330669, 24.099486], [98.181531, 24.118658], [98.10505, 24.101527], [97.889973, 24.022617], [97.817832, 23.958151], [97.76781, 23.946472], [97.696806, 23.887122], [97.637068, 23.863557], [97.624666, 23.846711], [97.609887, 23.883143], [97.532992, 23.923709], [97.516456, 23.942829], [97.707658, 24.125299], [97.720061, 24.147442], [97.723058, 24.171265], [97.701561, 24.210926], [97.724091, 24.241519], [97.718407, 24.277667], [97.64451, 24.302394], [97.638205, 24.328103], [97.689572, 24.346474], [97.688331, 24.367713], [97.662596, 24.390063], [97.6473, 24.432334], [97.624356, 24.442282], [97.519556, 24.430784], [97.513252, 24.438587], [97.538573, 24.597259], [97.532785, 24.723324], [97.536093, 24.745028], [97.66394, 24.829778], [97.748483, 24.82647], [97.765226, 24.834661], [97.772977, 24.854686], [97.724091, 24.897215], [97.708278, 24.927291], [97.699597, 25.065009], [97.703628, 25.073923], [97.737527, 25.090511], [97.754064, 25.113559], [97.777008, 25.158621], [97.800986, 25.237634], [97.82362, 25.261612], [97.860311, 25.244093], [97.888939, 25.205646], [97.90992, 25.207558], [97.930797, 25.218513], [97.976272, 25.272257], [98.044899, 25.311944], [98.075698, 25.376075], [98.112078, 25.396229], [98.111975, 25.448474], [98.099779, 25.500047], [98.134196, 25.534618], [98.140087, 25.611461], [98.232381, 25.586553], [98.276616, 25.552447], [98.312066, 25.557459], [98.347102, 25.57782], [98.375214, 25.649288], [98.413248, 25.692076], [98.418726, 25.724219], [98.439293, 25.743598], [98.461307, 25.794654], [98.498101, 25.830724], [98.526833, 25.838786], [98.562387, 25.816358], [98.610032, 25.800597], [98.677832, 25.843282], [98.690234, 25.865554], [98.689821, 25.891599], [98.66729, 25.905758], [98.625328, 25.969992], [98.616233, 25.979397], [98.582437, 25.982291], [98.572618, 26.03557], [98.54554, 26.105643], [98.563007, 26.131223], [98.619334, 26.145744], [98.625742, 26.144348], [98.624295, 26.108485], [98.630806, 26.096909], [98.644449, 26.097891], [98.680829, 26.12497], [98.686513, 26.154115], [98.70553, 26.174941], [98.677005, 26.23933], [98.66822, 26.248218], [98.648169, 26.244807], [98.642175, 26.254523], [98.657781, 26.311625], [98.697675, 26.354051], [98.713488, 26.38945], [98.721137, 26.538898], [98.727958, 26.572591], [98.755553, 26.625043], [98.746458, 26.68106], [98.731989, 26.713513], [98.750385, 26.792009], [98.718139, 26.842497], [98.714522, 26.862031], [98.736329, 26.898256], [98.712662, 26.995149], [98.737776, 27.048686], [98.731368, 27.068788], [98.691371, 27.092404], [98.672561, 27.175603], [98.673594, 27.207901], [98.704187, 27.304174], [98.707701, 27.337247], [98.697365, 27.368925], [98.677315, 27.376108], [98.674421, 27.386598], [98.668323, 27.475249], [98.679279, 27.577336], [98.647239, 27.611727], [98.604554, 27.592735], [98.578406, 27.591728], [98.54337, 27.642526], [98.522182, 27.656298], [98.492313, 27.64343], [98.410251, 27.684254], [98.400019, 27.675728], [98.398159, 27.619814], [98.383276, 27.555787], [98.363949, 27.532171], [98.328602, 27.522869], [98.294703, 27.536615], [98.275686, 27.570101], [98.254395, 27.648133], [98.204372, 27.727301], [98.211504, 27.760322], [98.197861, 27.780631], [98.196621, 27.823187], [98.162411, 27.842849], [98.140087, 27.878558], [98.176674, 27.898117], [98.177294, 27.912923], [98.148975, 27.944549], [98.113525, 27.961705], [98.107117, 27.973074], [98.122517, 28.015449], [98.127994, 28.105469], [98.118693, 28.14079], [98.048619, 28.199624], [97.991052, 28.214015], [97.984851, 28.224221], [97.992912, 28.268922], [97.94475, 28.298842], [97.897518, 28.355325], [97.85907, 28.37013], [97.797265, 28.34393], [97.765329, 28.352431], [97.740008, 28.38261], [97.699597, 28.48803], [97.670451, 28.511284], [97.613607, 28.481984], [97.589939, 28.494696], [97.567512, 28.525495], [97.546221, 28.538466], [97.527721, 28.529526], [97.488137, 28.441934], [97.445349, 28.382971], [97.452377, 28.35548], [97.447829, 28.297602], [97.436667, 28.286414], [97.384371, 28.284838], [97.369591, 28.25347], [97.333831, 28.235254], [97.323496, 28.217478], [97.229651, 28.274606], [97.210531, 28.308092], [97.182729, 28.314991], [97.11555, 28.366564], [97.078446, 28.375143], [96.997417, 28.337083], [96.965791, 28.330468], [96.933959, 28.336618], [96.716924, 28.436539], [96.561518, 28.447293], [96.441127, 28.395416], [96.369644, 28.378116], [96.301852, 28.420711], [96.336459, 28.479667], [96.409019, 28.558929], [96.502375, 28.644476], [96.501044, 28.687631], [96.59801, 28.70991], [96.592584, 28.757884], [96.576668, 28.808527], [96.510832, 28.885525], [96.492229, 28.948002], [96.452128, 28.970378], [96.457605, 28.994588], [96.366568, 29.036537], [96.294655, 28.992324], [96.248588, 28.945343], [96.195323, 28.941106], [96.175954, 29.017354], [96.174625, 29.108845], [96.193642, 29.136931], [96.210075, 29.145767], [96.316425, 29.171864], [96.366862, 29.244211], [96.366241, 29.257233], [96.337096, 29.279713], [96.26785, 29.24173], [96.235293, 29.241214], [96.205424, 29.256949], [96.176279, 29.286456], [96.141966, 29.368467], [95.953735, 29.359219], [95.863134, 29.323985], [95.79594, 29.352886], [95.744781, 29.340432], [95.747365, 29.273651], [95.717165, 29.218284], [95.646697, 29.22835], [95.592335, 29.249689], [95.56443, 29.245606], [95.553785, 29.239043], [95.550167, 29.212482], [95.515337, 29.209433], [95.521435, 29.137861], [95.511307, 29.131789], [95.487577, 29.068994], [95.429824, 29.046525], [95.367406, 29.036496], [95.224916, 29.059364], [95.199698, 29.094246], [95.116912, 29.108095], [95.047666, 29.140806], [94.989065, 29.153984], [94.891293, 29.160495], [94.854086, 29.170004], [94.776571, 29.166696], [94.761482, 29.174706], [94.767683, 29.213851], [94.704224, 29.284699], [94.63043, 29.319452], [94.599941, 29.316635], [94.514778, 29.22106], [94.474987, 29.210802], [94.396439, 29.207081], [94.372875, 29.196307], [94.335771, 29.149617], [94.287505, 29.147938], [94.270786, 29.09793], [94.347311, 29.024349], [94.250183, 28.933107], [94.173658, 28.930164], [94.135396, 28.897788], [94.026849, 28.864182], [93.992019, 28.844649], [93.993136, 28.801887], [93.981591, 28.768131], [93.927786, 28.682752], [93.86308, 28.704871], [93.781744, 28.680504], [93.722475, 28.696647], [93.664908, 28.690239], [93.62553, 28.67236], [93.551736, 28.678948], [93.446213, 28.671894], [93.31717, 28.603463], [93.286972, 28.520517], [93.186286, 28.431995], [93.218073, 28.394647], [93.207825, 28.340539], [92.974924, 28.282306], [92.903817, 28.249698], [92.86537, 28.205205], [92.834777, 28.183526], [92.790232, 28.178901], [92.779174, 28.195903], [92.678611, 28.133064], [92.65484, 28.105831], [92.63727, 28.071983], [92.638924, 28.057487], [92.689257, 28.048315], [92.736392, 27.985909], [92.683674, 27.91045], [92.636468, 27.89537], [92.592912, 27.868193], [92.574977, 27.847806], [92.518151, 27.839468], [92.475109, 27.846596], [92.427567, 27.821171], [92.404416, 27.853831], [92.392841, 27.856027], [92.367933, 27.803834], [92.350053, 27.802542], [92.329175, 27.832928], [92.303854, 27.78616], [92.288764, 27.793085], [92.24918, 27.862642], [92.239568, 27.865277], [92.126294, 27.812722], [92.10616, 27.786081], [92.064878, 27.761721], [91.988898, 27.769398], [91.952247, 27.72482], [91.864914, 27.729988], [91.856373, 27.764539], [91.826589, 27.807627], [91.729871, 27.804136], [91.680131, 27.849823], [91.628339, 27.852694], [91.652834, 27.916747], [91.637951, 27.939743], [91.600641, 27.959276], [91.418843, 27.994726], [91.341432, 28.030564], [91.309599, 28.056402], [91.290169, 28.091413], [91.269705, 28.072861], [91.194671, 28.070587], [91.092558, 27.971679], [91.051941, 27.96279], [91.008842, 27.96677], [90.975149, 27.982092], [90.90952, 28.032657], [90.726896, 28.061699], [90.667468, 28.090328], [90.621889, 28.072965], [90.575277, 28.065833], [90.475232, 28.072344], [90.485669, 28.124657], [90.515299, 28.154287], [90.54822, 28.157579], [90.567973, 28.1905], [90.597602, 28.200376], [90.587726, 28.233298], [90.54822, 28.246466], [90.505422, 28.249758], [90.45604, 28.28268], [90.416535, 28.28268], [90.386905, 28.299141], [90.353984, 28.299141], [90.329504, 28.255796], [90.29147, 28.261351], [90.261804, 28.299141], [90.261804, 28.335354], [90.225591, 28.358399], [90.199254, 28.348523], [90.176209, 28.325478], [90.153164, 28.322185], [90.07086, 28.34523], [89.952524, 28.308247], [89.91613, 28.315601], [89.862918, 28.295793], [89.829741, 28.259155], [89.780855, 28.228769], [89.755844, 28.184379], [89.71781, 28.169083], [89.597817, 28.149807], [89.561489, 28.13464], [89.515032, 28.081905], [89.475344, 28.061337], [89.444545, 28.031184], [89.370131, 27.909357], [89.336025, 27.869075], [89.22492, 27.807813], [89.198203, 27.730582], [89.124655, 27.614852], [89.091531, 27.625865], [89.064029, 27.615946], [89.050954, 27.608282], [89.03337, 27.578976], [89.016238, 27.57582], [89.002712, 27.560491], [89.004966, 27.54967], [88.978366, 27.530283], [88.972955, 27.517659], [88.982966, 27.492632], [88.966202, 27.47803], [88.95106, 27.433144], [88.997019, 27.330869], [88.971933, 27.312385], [88.950808, 27.328229], [88.91516, 27.330869], [88.892331, 27.315543], [88.852023, 27.342363], [88.830836, 27.367323], [88.795386, 27.385926], [88.759781, 27.435071], [88.757559, 27.511448], [88.741642, 27.53168], [88.741022, 27.54571], [88.805669, 27.655109], [88.853884, 27.843676], [88.851558, 27.877163], [88.810682, 27.927857], [88.81771, 27.994881], [88.735648, 28.055265], [88.652035, 28.069399], [88.610488, 28.105831], [88.594003, 28.106606], [88.552817, 28.078055], [88.50207, 28.028885], [88.475405, 28.036248], [88.455768, 28.03152], [88.37877, 27.982634], [88.197851, 27.958295], [88.16297, 27.9469], [88.115737, 27.947262], [88.099924, 27.928322], [88.097496, 27.904008], [88.118218, 27.860885], [88.029954, 27.893337], [87.978433, 27.880522], [87.93456, 27.895301], [87.856115, 27.898608], [87.836685, 27.908323], [87.825884, 27.906566], [87.779841, 27.839439], [87.726821, 27.807761], [87.700466, 27.805642], [87.636077, 27.823652], [87.589981, 27.804609], [87.573342, 27.805022], [87.551327, 27.831894], [87.531587, 27.836803], [87.369116, 27.803937], [87.369116, 27.819078], [87.385343, 27.849412], [87.363845, 27.855252], [87.335837, 27.846363], [87.290516, 27.816081], [87.232897, 27.829724], [87.155796, 27.825796], [87.116522, 27.844581], [87.062003, 27.908427], [87.005676, 27.951499], [86.914725, 27.945117], [86.893073, 27.954186], [86.876898, 27.970645], [86.868165, 27.994881], [86.840466, 28.014777], [86.76998, 28.01209], [86.739801, 28.021495], [86.732204, 28.034957], [86.731739, 28.076918], [86.680063, 28.105727], [86.661976, 28.106838], [86.612315, 28.080277], [86.569527, 28.106606], [86.553559, 28.104151], [86.544154, 28.093015], [86.538366, 28.047178], [86.516197, 28.012245], [86.510461, 27.952429], [86.496921, 27.937882], [86.425298, 27.909925], [86.362976, 27.946099], [86.327733, 27.939691], [86.278072, 27.983694], [86.203038, 28.002581], [86.172238, 28.071828], [86.187173, 28.108699], [86.186036, 28.133529], [86.176011, 28.153011], [86.15596, 28.156525], [86.068731, 28.076763], [86.084699, 28.043871], [86.079169, 28.001134], [86.098134, 27.985631], [86.095602, 27.957855], [86.112862, 27.926798], [86.061703, 27.889048], [85.98026, 27.885172], [85.96269, 27.891374], [85.951218, 27.91623], [85.956593, 27.976226], [85.898302, 28.036016], [85.889103, 28.090276], [85.87174, 28.110921], [85.863368, 28.143348], [85.848279, 28.158928], [85.782753, 28.1881], [85.734487, 28.221534], [85.699761, 28.269102], [85.692939, 28.335222], [85.679142, 28.332897], [85.675059, 28.306387], [85.639093, 28.287887], [85.611807, 28.251145], [85.59894, 28.250835], [85.565299, 28.275381], [85.52065, 28.282926], [85.475692, 28.279102], [85.43156, 28.297059], [85.41523, 28.296439], [85.362572, 28.259672], [85.345364, 28.261248], [85.312601, 28.282771], [85.243406, 28.267914], [85.205734, 28.278275], [85.173591, 28.30432], [85.134162, 28.291969], [85.109409, 28.292254], [85.087395, 28.304113], [85.080212, 28.318789], [85.08569, 28.381008], [85.077577, 28.435681], [85.109461, 28.459298], [85.123155, 28.504592], [85.153748, 28.524901], [85.16801, 28.583192], [85.160982, 28.595], [85.11189, 28.608823], [85.054942, 28.638692], [85.02528, 28.628409], [85.002491, 28.594431], [84.954948, 28.574303], [84.92849, 28.538466], [84.81196, 28.54198], [84.781781, 28.558904], [84.755632, 28.585414], [84.677756, 28.604405], [84.682975, 28.650759], [84.632642, 28.668794], [84.616209, 28.69365], [84.551821, 28.706388], [84.498594, 28.72786], [84.450845, 28.73388], [84.422733, 28.799173], [84.376586, 28.848835], [84.354003, 28.861289], [84.285997, 28.873743], [84.235147, 28.90002], [84.206725, 28.940664], [84.231427, 29.025981], [84.220575, 29.0389], [84.175461, 29.057401], [84.166211, 29.098458], [84.137996, 29.124657], [84.13226, 29.143804], [84.161663, 29.192534], [84.155462, 29.206642], [84.112364, 29.209097], [84.08973, 29.256613], [84.035211, 29.247622], [84.012525, 29.270204], [83.975835, 29.263745], [83.973251, 29.277025], [83.957955, 29.28904], [83.914392, 29.289402], [83.883438, 29.282012], [83.868865, 29.263435], [83.79321, 29.234754], [83.719727, 29.233591], [83.69549, 29.226176], [83.675078, 29.208761], [83.65601, 29.160779], [83.639266, 29.154759], [83.583818, 29.162149], [83.56139, 29.176231], [83.523718, 29.183594], [83.502996, 29.261032], [83.493384, 29.276147], [83.437212, 29.305241], [83.428168, 29.333456], [83.393132, 29.356245], [83.38724, 29.393504], [83.35701, 29.415363], [83.355201, 29.460735], [83.327968, 29.485023], [83.26394, 29.473008], [83.247197, 29.494738], [83.26332, 29.527088], [83.26084, 29.542048], [83.229317, 29.575948], [83.197175, 29.589099], [83.187253, 29.612095], [83.173558, 29.621268], [83.150046, 29.625635], [83.093357, 29.615144], [83.079559, 29.579643], [83.064935, 29.57879], [83.032895, 29.620467], [82.975896, 29.66403], [82.931919, 29.664185], [82.899725, 29.688422], [82.836576, 29.659793], [82.815544, 29.690127], [82.781076, 29.705113], [82.751517, 29.739323], [82.690952, 29.780741], [82.681754, 29.797717], [82.688988, 29.827741], [82.666974, 29.835028], [82.635865, 29.829033], [82.618502, 29.839833], [82.541814, 29.923239], [82.457065, 29.95409], [82.39843171111927, 30.0], [100.0, 30.0], [100.0, 21.68605564211055], [99.996718, 21.686119]]]}}, {"type": "Feature", "properties": {"name": "Bhutan"}, "geometry": {"type": "Polygon", "coordinates": [[[90.575277, 28.065833], [90.621889, 28.072965], [90.667468, 28.090328], [90.726896, 28.061699], [90.90952, 28.032657], [90.975149, 27.982092], [91.008842, 27.96677], [91.051941, 27.96279], [91.092558, 27.971679], [91.194671, 28.070587], [91.269705, 28.072861], [91.290169, 28.091413], [91.309599, 28.056402], [91.341432, 28.030564], [91.418843, 27.994726], [91.600641, 27.959276], [91.637951, 27.939743], [91.652834, 27.916747], [91.628339, 27.852694], [91.564355, 27.851372], [91.566023, 27.821074], [91.605336, 27.810658], [91.63577, 27.782525], [91.626686, 27.716423], [91.579867, 27.657977], [91.573252, 27.619711], [91.59506, 27.546382], [91.657382, 27.479151], [91.727092, 27.459942], [91.779555, 27.456475], [91.856578, 27.466239], [91.900591, 27.45973], [91.975088, 27.472433], [92.023598, 27.44678], [92.088776, 27.29234], [92.081852, 27.275132], [92.03679, 27.236478], [92.027075, 27.19984], [91.995862, 27.158033], [91.987697, 27.104031], [91.999893, 27.071527], [92.049709, 27.026827], [92.066969, 26.994943], [92.083919, 26.937323], [92.072757, 26.887766], [92.03586, 26.854848], [91.975088, 26.846631], [91.925686, 26.878671], [91.908219, 26.885182], [91.89313, 26.881358], [91.895507, 26.853504], [91.874009, 26.844306], [91.885895, 26.83087], [91.886928, 26.814437], [91.87866, 26.803016], [91.863054, 26.804773], [91.843934, 26.84937], [91.825123, 26.858465], [91.795254, 26.853504], [91.702133, 26.803481], [91.637951, 26.798985], [91.593716, 26.810768], [91.520646, 26.79759], [91.507417, 26.808029], [91.475067, 26.865545], [91.420187, 26.871539], [91.388457, 26.858465], [91.345566, 26.794696], [91.296577, 26.774594], [91.27601, 26.774077], [91.198185, 26.802344], [91.062069, 26.804567], [91.007395, 26.782139], [90.717077, 26.767049], [90.587783, 26.780072], [90.475232, 26.83242], [90.382627, 26.891796], [90.348831, 26.896654], [90.328574, 26.890659], [90.284442, 26.85707], [90.210907, 26.851489], [90.17742, 26.832058], [90.152202, 26.771752], [90.127191, 26.751392], [89.890409, 26.714856], [89.834961, 26.731548], [89.81367, 26.696149], [89.738739, 26.703281], [89.685151, 26.724571], [89.609806, 26.712221], [89.597507, 26.720954], [89.613475, 26.748549], [89.611357, 26.765964], [89.586087, 26.784051], [89.50542, 26.803688], [89.442891, 26.797022], [89.341657, 26.854331], [89.273599, 26.843892], [89.240837, 26.819759], [89.212828, 26.813041], [89.128079, 26.813455], [89.096504, 26.821413], [89.060693, 26.881461], [89.021574, 26.912674], [88.996614, 26.922751], [88.954549, 26.912622], [88.932328, 26.919237], [88.9253, 26.929365], [88.924474, 26.961663], [88.906645, 26.981093], [88.88644, 26.978975], [88.851713, 26.945437], [88.845615, 27.049565], [88.827632, 27.097882], [88.730067, 27.150954], [88.754355, 27.212604], [88.775852, 27.240871], [88.801174, 27.256425], [88.861428, 27.270378], [88.884631, 27.286346], [88.892331, 27.315543], [88.91516, 27.330869], [88.950808, 27.328229], [88.971933, 27.312385], [88.997019, 27.330869], [88.95106, 27.433144], [88.966202, 27.47803], [88.982966, 27.492632], [88.972955, 27.517659], [88.978366, 27.530283], [89.004966, 27.54967], [89.002712, 27.560491], [89.016238, 27.57582], [89.03337, 27.578976], [89.050954, 27.608282], [89.064029, 27.615946], [89.091531, 27.625865], [89.124655, 27.614852], [89.198203, 27.730582], [89.22492, 27.807813], [89.336025, 27.869075], [89.370131, 27.909357], [89.444545, 28.031184], [89.475344, 28.061337], [89.515032, 28.081905], [89.561489, 28.13464], [89.597817, 28.149807], [89.71781, 28.169083], [89.755844, 28.184379], [89.780855, 28.228769], [89.829741, 28.259155], [89.862918, 28.295793], [89.91613, 28.315601], [89.952524, 28.308247], [90.07086, 28.34523], [90.153164, 28.322185], [90.176209, 28.325478], [90.199254, 28.348523], [90.225591, 28.358399], [90.261804, 28.335354], [90.261804, 28.299141], [90.29147, 28.261351], [90.329504, 28.255796], [90.353984, 28.299141], [90.386905, 28.299141], [90.416535, 28.28268], [90.45604, 28.28268], [90.505422, 28.249758], [90.54822, 28.246466], [90.587726, 28.233298], [90.597602, 28.200376], [90.567973, 28.1905], [90.54822, 28.157579], [90.515299, 28.154287], [90.485669, 28.124657], [90.475232, 28.072344], [90.575277, 28.065833]]]}}, {"type": "Feature", "properties": {"name": "Thailand"}, "geometry": {"type": "Polygon", "coordinates": [[[99.962738, 13.309882], [99.967133, 13.259019], [99.998546, 13.218085], [100.0, 13.216826263378362], [100.0, 12.809746161592507], [99.987641, 12.790473], [99.96046, 12.667914], [99.960948, 12.625393], [99.980805, 12.540351], [99.980805, 12.454657], [100.0, 12.402144959921062], [100.0, 12.327965546300053], [99.982758, 12.270453], [100.0, 12.251386714511874], [100.0, 12.168160048349748], [99.987641, 12.153022], [99.981456, 12.117174], [99.955333, 12.072496], [99.855317, 11.968411], [99.831228, 11.924709], [99.823253, 11.878648], [99.836925, 11.843451], [99.809825, 11.824612], [99.817068, 11.741441], [99.780447, 11.73725], [99.751801, 11.709866], [99.641856, 11.523261], [99.625743, 11.440497], [99.592947, 11.364203], [99.569347, 11.33397], [99.566254, 11.276313], [99.586192, 11.195136], [99.569347, 11.179145], [99.562022, 11.19892], [99.528575, 11.186835], [99.496349, 11.13288], [99.497569, 11.093085], [99.51531, 11.039211], [99.494151, 10.967475], [99.51531, 10.881537], [99.511567, 10.86636], [99.494151, 10.878119], [99.443207, 10.870347], [99.435069, 10.801825], [99.375011, 10.711982], [99.37436, 10.681383], [99.343516, 10.67536], [99.313162, 10.647366], [99.296153, 10.610907], [99.288259, 10.562934], [99.278168, 10.546047], [99.24464, 10.535142], [99.240408, 10.521877], [99.249034, 10.509996], [99.268321, 10.508205], [99.240408, 10.456977], [99.246755, 10.443915], [99.288748, 10.412014], [99.285004, 10.364488], [99.234141, 10.343695], [99.223399, 10.365383], [99.200043, 10.378485], [99.160655, 10.367987], [99.151622, 10.357367], [99.158458, 10.30272], [99.168956, 10.287746], [99.22462, 10.232367], [99.254649, 10.234442], [99.24171, 10.214504], [99.201345, 10.210639], [99.151622, 10.103461], [99.153494, 10.075832], [99.178884, 10.025295], [99.16401520751675, 10.0], [98.60762921586038, 10.0], [98.662283, 10.085273], [98.72047, 10.227932], [98.730805, 10.291734], [98.790383, 10.500265], [98.777257, 10.583231], [98.747905, 10.623125], [98.756793, 10.666068], [98.766715, 10.688754], [98.83007, 10.763556], [98.868208, 10.769886], [98.892082, 10.808515], [98.905415, 10.814406], [98.934043, 10.807714], [98.981896, 10.832415], [98.989751, 10.875151], [98.980242, 10.918017], [99.001533, 10.957627], [99.05507, 10.94525], [99.076877, 10.996513], [99.151705, 11.047673], [99.175062, 11.087438], [99.212993, 11.108264], [99.243275, 11.197664], [99.28844, 11.258306], [99.315726, 11.320809], [99.364301, 11.376723], [99.387039, 11.45155], [99.428173, 11.496896], [99.441093, 11.533406], [99.440576, 11.597278], [99.449774, 11.613763], [99.466104, 11.623943], [99.5307, 11.630919], [99.542585, 11.640479], [99.606871, 11.725694], [99.630022, 11.815766], [99.627955, 11.825378], [99.591781, 11.842276], [99.561395, 11.87292], [99.554057, 11.895037], [99.574004, 11.976324], [99.553334, 12.005522], [99.518401, 12.025934], [99.545789, 12.13187], [99.541655, 12.140655], [99.522638, 12.144221], [99.466311, 12.126031], [99.452255, 12.12939], [99.448844, 12.147218], [99.471995, 12.173625], [99.473752, 12.187268], [99.455562, 12.227575], [99.454425, 12.267263], [99.426727, 12.308655], [99.420629, 12.38338], [99.387039, 12.465907], [99.404196, 12.508127], [99.403265, 12.575926], [99.393757, 12.589775], [99.333399, 12.625432], [99.309731, 12.653492], [99.276865, 12.665585], [99.266736, 12.702843], [99.224465, 12.717468], [99.21413, 12.73465], [99.210719, 12.792269], [99.175269, 12.83343], [99.153151, 12.913554], [99.167311, 12.956006], [99.16483, 12.975514], [99.151084, 12.994789], [99.093207, 13.038327], [99.088349, 13.058351], [99.102509, 13.104395], [99.102095, 13.171342], [99.114084, 13.188085], [99.172789, 13.199506], [99.187258, 13.212244], [99.190152, 13.229504], [99.172789, 13.300921], [99.186948, 13.329136], [99.187878, 13.42714], [99.152015, 13.581963], [99.152531, 13.714875], [99.101165, 13.778824], [99.089796, 13.826651], [99.090003, 13.870111], [99.061064, 13.888016], [99.047628, 13.914992], [99.007114, 13.949641], [98.952957, 14.028034], [98.935284, 14.085395], [98.872342, 14.112473], [98.753693, 14.200116], [98.731058, 14.2235], [98.706977, 14.269983], [98.67039, 14.267916], [98.644242, 14.295666], [98.601454, 14.313649], [98.54771, 14.377676], [98.478154, 14.516505], [98.452832, 14.528055], [98.418209, 14.607559], [98.297493, 14.721247], [98.243336, 14.805118], [98.235378, 14.824548], [98.239099, 14.844005], [98.222149, 14.864262], [98.221632, 14.921261], [98.191143, 14.98813], [98.204372, 15.029575], [98.198998, 15.051382], [98.168072, 15.082771], [98.160447, 15.106366], [98.19073, 15.179178], [98.17719, 15.220597], [98.215431, 15.218865], [98.232898, 15.226798], [98.283024, 15.289972], [98.317854, 15.28899], [98.38524, 15.256253], [98.392268, 15.258243], [98.394748, 15.280076], [98.377488, 15.296458], [98.399089, 15.321779], [98.396919, 15.35573], [98.40343, 15.360097], [98.474537, 15.383481], [98.515464, 15.363456], [98.530244, 15.347721], [98.533551, 15.325965], [98.559906, 15.355317], [98.569001, 15.402136], [98.567141, 15.452546], [98.54368, 15.601504], [98.540269, 15.711962], [98.574375, 15.835985], [98.568588, 15.920166], [98.583781, 15.976959], [98.546987, 16.047497], [98.555875, 16.055507], [98.590085, 16.045792], [98.619127, 16.051011], [98.644139, 16.07964], [98.658711, 16.116278], [98.679589, 16.126149], [98.758447, 16.119172], [98.783045, 16.102429], [98.807229, 16.110542], [98.835445, 16.144545], [98.843093, 16.208728], [98.883711, 16.25875], [98.902521, 16.381637], [98.885261, 16.406183], [98.843403, 16.438378], [98.839579, 16.472432], [98.818702, 16.455638], [98.788626, 16.374557], [98.728268, 16.328255], [98.682379, 16.273478], [98.663259, 16.286656], [98.629463, 16.402669], [98.639798, 16.444992], [98.631633, 16.463131], [98.564247, 16.551962], [98.567761, 16.582503], [98.56156, 16.601727], [98.51226, 16.643275], [98.486319, 16.700997], [98.456657, 16.723218], [98.454693, 16.740995], [98.474537, 16.776652], [98.517531, 16.803006], [98.520529, 16.814117], [98.49438, 16.83117], [98.49004, 16.843211], [98.500582, 16.862228], [98.524559, 16.850445], [98.50947, 16.892665], [98.484458, 16.905894], [98.474537, 16.950439], [98.417899, 17.029039], [98.379762, 17.045782], [98.313306, 17.052035], [98.299664, 17.064748], [98.286228, 17.087434], [98.294393, 17.107587], [98.268348, 17.107742], [98.266177, 17.116372], [98.278993, 17.136578], [98.256255, 17.151616], [98.221012, 17.20076], [98.186182, 17.224221], [98.092648, 17.312226], [98.094715, 17.358631], [98.08872, 17.372791], [98.035494, 17.405037], [97.982784, 17.505444], [97.933794, 17.531799], [97.759335, 17.691479], [97.74962, 17.739849], [97.716857, 17.769769], [97.706521, 17.794729], [97.676136, 17.830334], [97.69908, 17.833331], [97.685541, 17.880718], [97.720061, 17.943195], [97.754064, 17.969034], [97.720061, 18.053059], [97.694222, 18.061508], [97.69908, 18.090654], [97.684301, 18.146103], [97.617948, 18.241678], [97.643269, 18.27302], [97.637585, 18.306326], [97.573816, 18.333094], [97.560587, 18.328262], [97.541984, 18.280229], [97.528341, 18.26532], [97.486483, 18.29214], [97.452583, 18.333611], [97.443075, 18.403348], [97.3791, 18.520783], [97.351401, 18.551169], [97.388918, 18.542228], [97.427469, 18.489519], [97.509531, 18.491276], [97.617948, 18.553158], [97.690295, 18.557886], [97.745692, 18.571064], [97.759748, 18.622792], [97.720371, 18.817638], [97.723368, 18.851977], [97.71913, 18.864638], [97.661873, 18.913782], [97.657842, 18.925719], [97.703318, 18.964373], [97.727812, 19.037082], [97.789927, 19.082583], [97.810804, 19.11222], [97.812561, 19.208467], [97.805223, 19.227355], [97.764089, 19.266396], [97.768016, 19.277119], [97.798299, 19.281408], [97.806154, 19.301097], [97.783106, 19.33709], [97.767086, 19.397525], [97.84212, 19.479381], [97.848735, 19.493979], [97.839847, 19.555319], [97.848632, 19.567644], [97.885839, 19.572812], [97.948057, 19.602422], [97.979476, 19.633325], [98.008312, 19.639112], [98.013893, 19.669447], [98.004591, 19.723913], [98.024538, 19.802978], [98.045622, 19.807629], [98.072907, 19.777295], [98.111355, 19.77714], [98.172023, 19.731562], [98.213261, 19.717764], [98.219152, 19.676991], [98.237548, 19.664692], [98.307312, 19.689988], [98.439603, 19.68774], [98.488799, 19.706705], [98.532621, 19.675854], [98.548331, 19.692649], [98.598353, 19.709082], [98.623778, 19.737504], [98.749248, 19.763498], [98.80785, 19.806544], [98.851878, 19.784039], [98.883711, 19.745463], [98.899317, 19.748615], [98.935077, 19.773471], [98.973834, 19.78807], [99.000913, 19.821013], [99.008768, 19.845922], [98.999362, 19.907727], [99.013522, 19.93496], [99.005874, 19.972348], [99.016829, 20.041], [99.036466, 20.075158], [99.073466, 20.101229], [99.117495, 20.117791], [99.177749, 20.121796], [99.236454, 20.102728], [99.295675, 20.062497], [99.441403, 20.101617], [99.510339, 20.15381], [99.525842, 20.196184], [99.486258, 20.245484], [99.466414, 20.322172], [99.420629, 20.375553], [99.439956, 20.382168], [99.502898, 20.345219], [99.579689, 20.321241], [99.618033, 20.322378], [99.651932, 20.306824], [99.708415, 20.325014], [99.78717, 20.334083], [99.804016, 20.348992], [99.837709, 20.416843], [99.877913, 20.435136], [99.937135, 20.445006], [99.952379, 20.436273], [99.96473, 20.408626], [99.985917, 20.387025], [100.0, 20.38312757250647], [100.0, 13.329559059183579], [99.962738, 13.309882]]]}}, {"type": "Feature", "properties": {"name": "Myanmar"}, "geometry": {"type": "MultiPolygon", "coordinates": [[[[92.615256, 22.008787], [92.650913, 22.019174], [92.658354, 22.032816], [92.656184, 22.075294], [92.662075, 22.094777], [92.67396, 22.095242], [92.671067, 22.133896], [92.683779, 22.154308], [92.708067, 22.147952], [92.771629, 22.104182], [92.836121, 22.046511], [92.853898, 22.024135], [92.867024, 21.966516], [92.877462, 21.957007], [92.889244, 21.966722], [92.906194, 22.017314], [92.920974, 22.021809], [92.955597, 21.989615], [92.968103, 21.987238], [92.979885, 22.002276], [92.967172, 22.062685], [92.985466, 22.095965], [93.025464, 22.112915], [93.024533, 22.201902], [93.072489, 22.20247], [93.119515, 22.180973], [93.141735, 22.187277], [93.123132, 22.218387], [93.123545, 22.230686], [93.169021, 22.246912], [93.173672, 22.259418], [93.16592, 22.386593], [93.153518, 22.427521], [93.117861, 22.462868], [93.099154, 22.51196], [93.110523, 22.596348], [93.073936, 22.671899], [93.079517, 22.77272], [93.115897, 22.798403], [93.125302, 22.821554], [93.175532, 22.881705], [93.177392, 22.900205], [93.143182, 22.977513], [93.138221, 23.005264], [93.140082, 23.031903], [93.152381, 23.049938], [93.177082, 23.058439], [93.196512, 23.053839], [93.246535, 23.004488], [93.272787, 23.00591], [93.318262, 23.03366], [93.3749, 23.129726], [93.377897, 23.296822], [93.407249, 23.347258], [93.400221, 23.454022], [93.432364, 23.647317], [93.425956, 23.690803], [93.406319, 23.719122], [93.374796, 23.739017], [93.355986, 23.906991], [93.316092, 23.961097], [93.302966, 23.995281], [93.302966, 24.041143], [93.32219, 24.080056], [93.348545, 24.088893], [93.368285, 24.07848], [93.3965, 24.037526], [93.439185, 23.995229], [93.456652, 23.95996], [93.495719, 23.959133], [93.543468, 23.980889], [93.561348, 23.965696], [93.571063, 23.968021], [93.588013, 23.995229], [93.612404, 24.009052], [93.711106, 24.005461], [93.743042, 23.995281], [93.782833, 23.945465], [93.803711, 23.936059], [93.883189, 23.94531], [93.912334, 23.939005], [93.997911, 23.916965], [94.055065, 23.887949], [94.099713, 23.842628], [94.11687, 23.841647], [94.131856, 23.856969], [94.13506, 23.919006], [94.19025, 23.995281], [94.233969, 24.160335], [94.282751, 24.266427], [94.29536, 24.332599], [94.330707, 24.362855], [94.328743, 24.394481], [94.361196, 24.425409], [94.363676, 24.46582], [94.397059, 24.495069], [94.418453, 24.560311], [94.474987, 24.597389], [94.516329, 24.704953], [94.555706, 24.708855], [94.581544, 24.73012], [94.599011, 24.813474], [94.654821, 24.889154], [94.673528, 24.974807], [94.708565, 25.02589], [94.713836, 25.068264], [94.706808, 25.109941], [94.689135, 25.138518], [94.576893, 25.173607], [94.553329, 25.204147], [94.550125, 25.245282], [94.608003, 25.394627], [94.659472, 25.455502], [94.692028, 25.476327], [94.764375, 25.491675], [94.782359, 25.504594], [94.822356, 25.559113], [94.860287, 25.567174], [94.853466, 25.586036], [94.871656, 25.598025], [94.961469, 25.717966], [95.008805, 25.737138], [95.013456, 25.777704], [94.993199, 25.880954], [95.00064, 25.922036], [95.065856, 25.953817], [95.151225, 26.049936], [95.150088, 26.070968], [95.137479, 26.082957], [95.08818, 26.104093], [95.078361, 26.171324], [95.094484, 26.195043], [95.058724, 26.217677], [95.041775, 26.287596], [95.043635, 26.327696], [95.066062, 26.407433], [95.040638, 26.475594], [95.109574, 26.5513], [95.122803, 26.611607], [95.173239, 26.633828], [95.204865, 26.667572], [95.223262, 26.670363], [95.239075, 26.649641], [95.260573, 26.647625], [95.410641, 26.701627], [95.489809, 26.810716], [95.531357, 26.820276], [95.574765, 26.816142], [95.591302, 26.823739], [95.624271, 26.880738], [95.699305, 26.896189], [95.777957, 26.995149], [95.861466, 27.014218], [95.91645, 27.051373], [96.013188, 27.190796], [96.074166, 27.229864], [96.142586, 27.25751], [96.407789, 27.29818], [96.510936, 27.292495], [96.547316, 27.306448], [96.5869, 27.353577], [96.649015, 27.336214], [96.675887, 27.357659], [96.705239, 27.36076], [96.776346, 27.330633], [96.821718, 27.273065], [96.853757, 27.248725], [96.859648, 27.240716], [96.841768, 27.204387], [96.842698, 27.188522], [96.865332, 27.171624], [97.002998, 27.114522], [97.038035, 27.08703], [97.077206, 27.096487], [97.106041, 27.082586], [97.119167, 27.087288], [97.134773, 27.127338], [97.104388, 27.156018], [97.101287, 27.183303], [96.881352, 27.444114], [96.877011, 27.463079], [96.890241, 27.492483], [96.877321, 27.553074], [96.862025, 27.578369], [96.87019, 27.61909], [96.899749, 27.649476], [96.957006, 27.688079], [96.990906, 27.726629], [97.056742, 27.746783], [97.06532, 27.773991], [97.131776, 27.816856], [97.222933, 27.899719], [97.276367, 27.910339], [97.292903, 27.87755], [97.333521, 27.894164], [97.340032, 27.951809], [97.362253, 27.994881], [97.355122, 28.023045], [97.306546, 28.069657], [97.292903, 28.095082], [97.298898, 28.12924], [97.328663, 28.190012], [97.323496, 28.217478], [97.333831, 28.235254], [97.369591, 28.25347], [97.384371, 28.284838], [97.436667, 28.286414], [97.447829, 28.297602], [97.452377, 28.35548], [97.445349, 28.382971], [97.488137, 28.441934], [97.527721, 28.529526], [97.546221, 28.538466], [97.567512, 28.525495], [97.589939, 28.494696], [97.613607, 28.481984], [97.670451, 28.511284], [97.699597, 28.48803], [97.740008, 28.38261], [97.765329, 28.352431], [97.797265, 28.34393], [97.85907, 28.37013], [97.897518, 28.355325], [97.94475, 28.298842], [97.992912, 28.268922], [97.984851, 28.224221], [97.991052, 28.214015], [98.048619, 28.199624], [98.118693, 28.14079], [98.126961, 28.124279], [98.122517, 28.015449], [98.107117, 27.973074], [98.113525, 27.961705], [98.148975, 27.944549], [98.177294, 27.912923], [98.176674, 27.898117], [98.140087, 27.878558], [98.162411, 27.842849], [98.196621, 27.823187], [98.197861, 27.780631], [98.211504, 27.760322], [98.204372, 27.727301], [98.254395, 27.648133], [98.275686, 27.570101], [98.294703, 27.536615], [98.328602, 27.522869], [98.363949, 27.532171], [98.383276, 27.555787], [98.398159, 27.619814], [98.400019, 27.675728], [98.410251, 27.684254], [98.492313, 27.64343], [98.522182, 27.656298], [98.54337, 27.642526], [98.578406, 27.591728], [98.604554, 27.592735], [98.647239, 27.611727], [98.679279, 27.577336], [98.668323, 27.475249], [98.674421, 27.386598], [98.677315, 27.376108], [98.697365, 27.368925], [98.707701, 27.337247], [98.704187, 27.304174], [98.673594, 27.207901], [98.672561, 27.175603], [98.691371, 27.092404], [98.731368, 27.068788], [98.737776, 27.048686], [98.712662, 26.995149], [98.736329, 26.898256], [98.714522, 26.862031], [98.718139, 26.842497], [98.750385, 26.792009], [98.731989, 26.713513], [98.746458, 26.68106], [98.755553, 26.625043], [98.727958, 26.572591], [98.721137, 26.538898], [98.713488, 26.38945], [98.697675, 26.354051], [98.657781, 26.311625], [98.642175, 26.254523], [98.648169, 26.244807], [98.66822, 26.248218], [98.677005, 26.23933], [98.70553, 26.174941], [98.686513, 26.154115], [98.680829, 26.12497], [98.644449, 26.097891], [98.630806, 26.096909], [98.624295, 26.108485], [98.625742, 26.144348], [98.619334, 26.145744], [98.563007, 26.131223], [98.54554, 26.105643], [98.572618, 26.03557], [98.582437, 25.982291], [98.616233, 25.979397], [98.66729, 25.905758], [98.689821, 25.891599], [98.692404, 25.87899], [98.677832, 25.843282], [98.610032, 25.800597], [98.562387, 25.816358], [98.526833, 25.838786], [98.498101, 25.830724], [98.461307, 25.794654], [98.439293, 25.743598], [98.418726, 25.724219], [98.413248, 25.692076], [98.375214, 25.649288], [98.357231, 25.592754], [98.332633, 25.566968], [98.289432, 25.55038], [98.276616, 25.552447], [98.232381, 25.586553], [98.140087, 25.611461], [98.134196, 25.534618], [98.099779, 25.500047], [98.111975, 25.448474], [98.112078, 25.396229], [98.075698, 25.376075], [98.044899, 25.311944], [97.976272, 25.272257], [97.930797, 25.218513], [97.90992, 25.207558], [97.888939, 25.205646], [97.860311, 25.244093], [97.82362, 25.261612], [97.800986, 25.237634], [97.777008, 25.158621], [97.754064, 25.113559], [97.737527, 25.090511], [97.703628, 25.073923], [97.699597, 25.065009], [97.708278, 24.927291], [97.724091, 24.897215], [97.772977, 24.854686], [97.765226, 24.834661], [97.748483, 24.82647], [97.66394, 24.829778], [97.536093, 24.745028], [97.532785, 24.723324], [97.538573, 24.597259], [97.513252, 24.438587], [97.519556, 24.430784], [97.624356, 24.442282], [97.6473, 24.432334], [97.662596, 24.390063], [97.688331, 24.367713], [97.689572, 24.346474], [97.638205, 24.328103], [97.64451, 24.302394], [97.718407, 24.277667], [97.724091, 24.241519], [97.701561, 24.210926], [97.723058, 24.171265], [97.720061, 24.147442], [97.707658, 24.125299], [97.516456, 23.942829], [97.532992, 23.923709], [97.609887, 23.883143], [97.624666, 23.846711], [97.637068, 23.863557], [97.696806, 23.887122], [97.76781, 23.946472], [97.817832, 23.958151], [97.889973, 24.022617], [98.10505, 24.101527], [98.181531, 24.118658], [98.330669, 24.099486], [98.395575, 24.128063], [98.434952, 24.13026], [98.503269, 24.121268], [98.585227, 24.075715], [98.640418, 24.100752], [98.716176, 24.121345], [98.818082, 24.128968], [98.865727, 24.145685], [98.873479, 24.114498], [98.856219, 24.083802], [98.716796, 23.988408], [98.663259, 23.969546], [98.658815, 23.961123], [98.674524, 23.936886], [98.664809, 23.903374], [98.671424, 23.816739], [98.663672, 23.796947], [98.684963, 23.784803], [98.777877, 23.7693], [98.793173, 23.758473], [98.800305, 23.692715], [98.856012, 23.610007], [98.850224, 23.590628], [98.796274, 23.557917], [98.780874, 23.532854], [98.799995, 23.480738], [98.809813, 23.474098], [98.848881, 23.480403], [98.86397, 23.466605], [98.889602, 23.406789], [98.890118, 23.367903], [98.88185, 23.349687], [98.853221, 23.334985], [98.853428, 23.324882], [98.896526, 23.32328], [98.910686, 23.297597], [98.860146, 23.212279], [98.859009, 23.179387], [99.026441, 23.160448], [99.039257, 23.127142], [99.05507, 23.109598], [99.074913, 23.101666], [99.13, 23.106239], [99.194183, 23.095775], [99.202141, 23.067275], [99.21661, 23.057379], [99.284823, 23.088153], [99.314072, 23.126471], [99.333812, 23.129623], [99.403265, 23.068335], [99.478196, 23.065751], [99.493079, 23.057379], [99.490392, 23.012007], [99.534627, 22.949324], [99.538038, 22.926431], [99.5153, 22.90881], [99.484501, 22.910256], [99.42993, 22.936741], [99.413394, 22.930746], [99.414428, 22.856901], [99.378874, 22.813234], [99.35903, 22.77489], [99.307974, 22.745176], [99.307871, 22.719596], [99.355, 22.608544], [99.357377, 22.587098], [99.344148, 22.533251], [99.35779, 22.495476], [99.345078, 22.472841], [99.282756, 22.411915], [99.243068, 22.393156], [99.237384, 22.380134], [99.246376, 22.365923], [99.243689, 22.341221], [99.218367, 22.310009], [99.19935, 22.245258], [99.166381, 22.204641], [99.159353, 22.184694], [99.175062, 22.168674], [99.14447, 22.153533], [99.166381, 22.132087], [99.252887, 22.102786], [99.364922, 22.098859], [99.438612, 22.124232], [99.490392, 22.104337], [99.538968, 22.106714], [99.633536, 22.084751], [99.663818, 22.048733], [99.683868, 22.039018], [99.703816, 22.061239], [99.723659, 22.070592], [99.799882, 22.037467], [99.821018, 22.017779], [99.84174, 22.02708], [99.847838, 22.055037], [99.942406, 22.045529], [99.934344, 22.018864], [99.96566, 21.963002], [99.920185, 21.852001], [99.917963, 21.82916], [99.939202, 21.777018], [99.95026, 21.721156], [99.960699, 21.704774], [99.996718, 21.686119], [100.0, 21.68605564211055], [100.0, 20.38312757250647], [99.985917, 20.387025], [99.96473, 20.408626], [99.952379, 20.436273], [99.937135, 20.445006], [99.877913, 20.435136], [99.837709, 20.416843], [99.804016, 20.348992], [99.78717, 20.334083], [99.708415, 20.325014], [99.651932, 20.306824], [99.618033, 20.322378], [99.579689, 20.321241], [99.502898, 20.345219], [99.439956, 20.382168], [99.420629, 20.375553], [99.466414, 20.322172], [99.486258, 20.245484], [99.525842, 20.196184], [99.510339, 20.15381], [99.441403, 20.101617], [99.295675, 20.062497], [99.236454, 20.102728], [99.177749, 20.121796], [99.117495, 20.117791], [99.073466, 20.101229], [99.036466, 20.075158], [99.016829, 20.041], [99.005874, 19.972348], [99.013522, 19.93496], [98.999362, 19.907727], [99.008768, 19.845922], [99.000913, 19.821013], [98.973834, 19.78807], [98.935077, 19.773471], [98.899317, 19.748615], [98.883711, 19.745463], [98.851878, 19.784039], [98.80785, 19.806544], [98.749248, 19.763498], [98.623778, 19.737504], [98.598353, 19.709082], [98.548331, 19.692649], [98.532621, 19.675854], [98.488799, 19.706705], [98.439603, 19.68774], [98.307312, 19.689988], [98.237548, 19.664692], [98.219152, 19.676991], [98.213261, 19.717764], [98.172023, 19.731562], [98.111355, 19.77714], [98.072907, 19.777295], [98.045622, 19.807629], [98.024538, 19.802978], [98.004591, 19.723913], [98.013893, 19.669447], [98.008312, 19.639112], [97.979476, 19.633325], [97.948057, 19.602422], [97.885839, 19.572812], [97.848632, 19.567644], [97.839847, 19.555319], [97.848735, 19.493979], [97.84212, 19.479381], [97.767086, 19.397525], [97.783106, 19.33709], [97.806154, 19.301097], [97.798299, 19.281408], [97.768016, 19.277119], [97.764089, 19.266396], [97.805223, 19.227355], [97.812561, 19.208467], [97.810804, 19.11222], [97.789927, 19.082583], [97.727812, 19.037082], [97.703318, 18.964373], [97.657842, 18.925719], [97.661873, 18.913782], [97.71913, 18.864638], [97.723368, 18.851977], [97.720371, 18.817638], [97.759748, 18.622792], [97.745692, 18.571064], [97.690295, 18.557886], [97.617948, 18.553158], [97.509531, 18.491276], [97.427469, 18.489519], [97.388918, 18.542228], [97.351401, 18.551169], [97.3791, 18.520783], [97.443075, 18.403348], [97.452583, 18.333611], [97.486483, 18.29214], [97.528341, 18.26532], [97.541984, 18.280229], [97.560587, 18.328262], [97.573816, 18.333094], [97.637585, 18.306326], [97.643269, 18.27302], [97.617948, 18.241678], [97.684301, 18.146103], [97.69908, 18.090654], [97.694222, 18.061508], [97.720061, 18.053059], [97.754064, 17.969034], [97.720061, 17.943195], [97.685541, 17.880718], [97.69908, 17.833331], [97.676136, 17.830334], [97.706521, 17.794729], [97.716857, 17.769769], [97.74962, 17.739849], [97.759335, 17.691479], [97.933794, 17.531799], [97.982784, 17.505444], [98.035494, 17.405037], [98.08872, 17.372791], [98.094715, 17.358631], [98.092648, 17.312226], [98.186182, 17.224221], [98.221012, 17.20076], [98.256255, 17.151616], [98.278993, 17.136578], [98.266177, 17.116372], [98.268348, 17.107742], [98.294393, 17.107587], [98.286228, 17.087434], [98.299664, 17.064748], [98.313306, 17.052035], [98.379762, 17.045782], [98.417899, 17.029039], [98.474537, 16.950439], [98.484458, 16.905894], [98.50947, 16.892665], [98.524559, 16.850445], [98.500582, 16.862228], [98.49004, 16.843211], [98.49438, 16.83117], [98.520529, 16.814117], [98.517531, 16.803006], [98.474537, 16.776652], [98.454693, 16.740995], [98.456657, 16.723218], [98.486319, 16.700997], [98.51226, 16.643275], [98.56156, 16.601727], [98.567761, 16.582503], [98.564247, 16.551962], [98.631633, 16.463131], [98.639798, 16.444992], [98.629463, 16.402669], [98.663259, 16.286656], [98.682379, 16.273478], [98.728268, 16.328255], [98.788626, 16.374557], [98.818702, 16.455638], [98.839579, 16.472432], [98.843403, 16.438378], [98.885261, 16.406183], [98.902521, 16.381637], [98.883711, 16.25875], [98.843093, 16.208728], [98.835445, 16.144545], [98.807229, 16.110542], [98.783045, 16.102429], [98.758447, 16.119172], [98.679589, 16.126149], [98.658711, 16.116278], [98.644139, 16.07964], [98.619127, 16.051011], [98.590085, 16.045792], [98.555875, 16.055507], [98.546987, 16.047497], [98.583781, 15.976959], [98.568588, 15.920166], [98.574375, 15.835985], [98.540269, 15.711962], [98.54368, 15.601504], [98.567141, 15.452546], [98.569001, 15.402136], [98.559906, 15.355317], [98.533551, 15.325965], [98.530244, 15.347721], [98.515464, 15.363456], [98.474537, 15.383481], [98.40343, 15.360097], [98.396919, 15.35573], [98.399089, 15.321779], [98.377488, 15.296458], [98.394748, 15.280076], [98.392268, 15.258243], [98.38524, 15.256253], [98.317854, 15.28899], [98.283024, 15.289972], [98.232898, 15.226798], [98.215431, 15.218865], [98.17719, 15.220597], [98.19073, 15.179178], [98.160447, 15.106366], [98.168072, 15.082771], [98.198998, 15.051382], [98.204372, 15.029575], [98.191143, 14.98813], [98.221632, 14.921261], [98.222149, 14.864262], [98.239099, 14.844005], [98.235378, 14.824548], [98.243336, 14.805118], [98.297493, 14.721247], [98.418209, 14.607559], [98.452832, 14.528055], [98.478154, 14.516505], [98.54771, 14.377676], [98.601454, 14.313649], [98.644242, 14.295666], [98.67039, 14.267916], [98.706977, 14.269983], [98.731058, 14.2235], [98.753693, 14.200116], [98.872342, 14.112473], [98.935284, 14.085395], [98.952957, 14.028034], [99.007114, 13.949641], [99.047628, 13.914992], [99.061064, 13.888016], [99.090003, 13.870111], [99.089796, 13.826651], [99.101165, 13.778824], [99.152531, 13.714875], [99.152015, 13.581963], [99.187878, 13.42714], [99.186948, 13.329136], [99.172789, 13.300921], [99.190152, 13.229504], [99.187258, 13.212244], [99.172789, 13.199506], [99.114084, 13.188085], [99.102095, 13.171342], [99.102509, 13.104395], [99.088349, 13.058351], [99.093207, 13.038327], [99.151084, 12.994789], [99.16483, 12.975514], [99.167311, 12.956006], [99.153151, 12.913554], [99.175269, 12.83343], [99.210719, 12.792269], [99.21413, 12.73465], [99.224465, 12.717468], [99.266736, 12.702843], [99.276865, 12.665585], [99.309731, 12.653492], [99.333399, 12.625432], [99.393757, 12.589775], [99.403265, 12.575926], [99.404196, 12.508127], [99.387039, 12.465907], [99.420629, 12.38338], [99.426727, 12.308655], [99.454425, 12.267263], [99.455562, 12.227575], [99.473752, 12.187268], [99.471995, 12.173625], [99.448844, 12.147218], [99.452255, 12.12939], [99.466311, 12.126031], [99.522638, 12.144221], [99.541655, 12.140655], [99.545789, 12.13187], [99.518401, 12.025934], [99.553334, 12.005522], [99.574004, 11.976324], [99.554057, 11.895037], [99.561395, 11.87292], [99.591781, 11.842276], [99.627955, 11.825378], [99.630022, 11.815766], [99.606871, 11.725694], [99.542585, 11.640479], [99.5307, 11.630919], [99.466104, 11.623943], [99.449774, 11.613763], [99.440576, 11.597278], [99.441093, 11.533406], [99.428173, 11.496896], [99.387039, 11.45155], [99.364301, 11.376723], [99.315726, 11.320809], [99.28844, 11.258306], [99.243275, 11.197664], [99.212993, 11.108264], [99.175062, 11.087438], [99.151705, 11.047673], [99.076877, 10.996513], [99.05507, 10.94525], [99.005564, 10.958815], [98.992334, 10.947963], [98.979622, 10.907656], [98.989854, 10.860449], [98.974454, 10.824198], [98.934043, 10.807714], [98.905415, 10.814406], [98.892082, 10.808515], [98.868208, 10.769886], [98.83007, 10.763556], [98.766715, 10.688754], [98.747905, 10.623125], [98.777257, 10.583231], [98.790383, 10.500265], [98.747406, 10.350531], [98.735037, 10.343085], [98.718923, 10.312567], [98.696056, 10.2237], [98.644216, 10.155015], [98.589854, 10.04206], [98.55387431425119, 10.0], [98.53645738344888, 10.0], [98.521007, 10.028998], [98.513927, 10.146918], [98.489594, 10.197903], [98.512218, 10.26142], [98.528494, 10.364203], [98.512218, 10.422797], [98.494151, 10.45246], [98.500499, 10.515041], [98.495453, 10.556871], [98.46339, 10.630032], [98.459321, 10.715399], [98.463552, 10.729438], [98.498302, 10.731594], [98.528494, 10.693101], [98.538748, 10.704413], [98.538341, 10.718695], [98.521007, 10.740953], [98.543712, 10.745063], [98.563243, 10.727281], [98.577403, 10.770413], [98.599864, 10.805487], [98.59669, 10.837144], [98.615977, 10.838446], [98.63087, 10.850816], [98.586436, 10.861029], [98.581554, 10.882025], [98.61378, 10.890286], [98.64796, 10.919094], [98.673106, 10.905463], [98.706554, 10.912828], [98.712413, 10.924384], [98.712738, 10.974311], [98.720225, 10.980536], [98.692882, 11.00845], [98.695323, 11.020087], [98.716482, 11.032375], [98.722423, 11.044867], [98.706554, 11.097846], [98.688813, 11.092475], [98.67628, 11.100572], [98.658214, 11.131985], [98.724132, 11.156195], [98.733165, 11.176011], [98.733165, 11.207099], [98.759288, 11.268948], [98.721934, 11.350084], [98.727061, 11.385199], [98.702647, 11.379055], [98.698009, 11.388007], [98.715343, 11.443183], [98.774913, 11.453518], [98.754405, 11.522406], [98.728852, 11.517646], [98.717947, 11.531887], [98.725759, 11.548407], [98.720225, 11.557115], [98.736339, 11.588772], [98.735606, 11.642035], [98.752208, 11.681708], [98.780284, 11.68651], [98.805919, 11.673245], [98.817149, 11.677395], [98.822602, 11.707953], [98.85434, 11.707099], [98.891612, 11.693671], [98.87672, 11.722642], [98.804942, 11.736518], [98.78297, 11.755113], [98.790294, 11.77969], [98.825694, 11.825873], [98.80893, 11.851304], [98.816091, 11.833808], [98.768077, 11.761949], [98.744151, 11.762519], [98.712169, 11.736518], [98.703136, 11.697455], [98.684337, 11.682807], [98.674164, 11.685248], [98.610362, 11.731269], [98.605968, 11.769192], [98.617849, 11.789252], [98.632091, 11.792873], [98.63087, 11.803616], [98.603526, 11.803616], [98.624034, 11.830268], [98.651378, 11.830268], [98.680919, 11.877346], [98.706554, 11.878648], [98.694102, 11.89289], [98.63087, 11.878648], [98.549001, 11.878648], [98.558116, 11.899115], [98.578136, 11.906684], [98.627452, 11.905951], [98.664073, 11.920356], [98.690929, 11.954332], [98.720225, 11.964301], [98.721446, 11.997789], [98.703136, 12.048082], [98.712738, 12.063625], [98.66505, 12.060248], [98.6338, 12.090318], [98.640961, 12.113674], [98.629649, 12.131985], [98.63087, 12.146186], [98.673106, 12.159166], [98.673106, 12.166653], [98.658214, 12.166653], [98.709727, 12.20425], [98.713715, 12.215766], [98.703298, 12.237779], [98.662934, 12.236802], [98.59669, 12.193996], [98.563243, 12.207668], [98.539073, 12.241767], [98.540212, 12.260972], [98.56837, 12.29092], [98.676768, 12.315253], [98.697765, 12.327948], [98.706554, 12.347886], [98.699962, 12.363959], [98.651378, 12.385728], [98.607432, 12.41828], [98.605154, 12.428941], [98.616222, 12.485745], [98.701427, 12.498725], [98.709727, 12.512397], [98.673106, 12.529731], [98.639985, 12.531887], [98.623057, 12.558173], [98.651378, 12.62226], [98.673106, 12.625393], [98.66505, 12.64643], [98.667654, 12.674791], [98.691173, 12.710435], [98.692882, 12.725287], [98.648448, 12.723334], [98.641775, 12.728095], [98.644542, 12.742011], [98.673025, 12.746812], [98.678722, 12.756293], [98.627696, 12.756252], [98.617849, 12.766262], [98.617442, 12.777411], [98.641775, 12.782416], [98.651378, 12.797309], [98.634288, 12.878607], [98.589854, 12.919582], [98.614024, 12.954291], [98.583832, 13.026597], [98.580414, 13.065375], [98.589854, 13.084662], [98.578461, 13.186754], [98.500499, 13.249172], [98.489919, 13.297838], [98.479991, 13.283881], [98.46046, 13.35578], [98.460134, 13.36933], [98.473155, 13.379462], [98.473155, 13.413031], [98.458995, 13.39997], [98.45281, 13.379462], [98.445323, 13.424302], [98.41863, 13.454576], [98.431651, 13.478746], [98.426443, 13.490058], [98.394054, 13.542792], [98.357188, 13.56387], [98.356619, 13.584866], [98.336111, 13.598578], [98.336436, 13.619818], [98.288259, 13.69477], [98.295665, 13.687974], [98.302013, 13.700995], [98.244802, 13.714057], [98.240489, 13.746039], [98.254161, 13.797797], [98.247813, 13.837592], [98.254161, 13.851793], [98.233653, 13.917304], [98.227224, 13.988959], [98.233653, 14.002631], [98.208669, 14.029608], [98.192149, 14.064683], [98.185802, 14.064683], [98.178966, 14.019721], [98.199474, 13.992743], [98.198253, 13.964911], [98.180186, 13.925035], [98.199474, 13.869208], [98.179454, 13.732408], [98.196056, 13.668362], [98.168468, 13.584296], [98.17156, 13.56387], [98.18686, 13.54385], [98.171072, 13.537828], [98.151052, 13.557603], [98.144298, 13.537095], [98.141368, 13.573228], [98.129731, 13.582343], [98.151052, 13.606024], [98.137462, 13.626532], [98.151866, 13.630357], [98.158458, 13.64232], [98.151052, 13.673733], [98.167654, 13.673163], [98.168793, 13.680813], [98.147634, 13.69477], [98.103282, 13.700995], [98.116954, 13.728949], [98.092052, 13.739691], [98.082774, 13.769965], [98.088878, 13.795111], [98.110118, 13.790351], [98.103282, 13.87637], [98.11085, 13.902167], [98.082286, 13.924465], [98.061697, 14.010077], [98.066254, 14.032701], [98.096446, 14.078355], [98.107677, 14.110012], [98.108572, 14.132636], [98.096446, 14.167792], [98.110118, 14.167792], [98.101085, 14.19184], [98.095225, 14.193793], [98.08961, 14.181383], [98.041759, 14.242865], [97.9935, 14.330512], [97.979747, 14.397406], [98.000255, 14.468736], [97.97641, 14.443752], [97.966075, 14.44831], [97.951834, 14.502916], [97.913585, 14.586737], [97.925059, 14.612779], [97.900076, 14.630316], [97.885509, 14.655951], [97.885509, 14.684068], [97.904063, 14.70897], [97.943126, 14.720201], [97.992442, 14.663723], [98.027599, 14.647528], [97.982188, 14.715277], [98.000255, 14.722073], [97.971039, 14.735907], [97.96461, 14.747056], [97.972911, 14.763617], [97.94988, 14.798896], [97.938162, 14.784735], [97.945567, 14.763617], [97.931163, 14.752183], [97.917166, 14.758612], [97.904063, 14.797756], [97.897227, 14.797756], [97.902192, 14.737698], [97.875499, 14.716742], [97.850352, 14.723619], [97.815115, 14.850816], [97.79477, 14.880316], [97.804454, 14.935981], [97.815929, 14.958808], [97.812836, 14.983344], [97.804373, 14.998684], [97.774262, 15.017483], [97.787446, 15.030707], [97.80836, 15.031155], [97.79477, 15.058498], [97.810232, 15.09512], [97.80714, 15.174954], [97.822765, 15.209296], [97.780284, 15.211493], [97.769379, 15.223334], [97.743175, 15.266832], [97.742035, 15.317939], [97.72641, 15.339586], [97.73406, 15.355292], [97.750499, 15.360093], [97.760753, 15.394232], [97.766938, 15.38935], [97.79477, 15.407904], [97.761404, 15.490546], [97.774262, 15.531399], [97.742931, 15.604478], [97.743663, 15.664862], [97.725597, 15.701321], [97.733897, 15.726304], [97.712901, 15.75731], [97.72641, 15.777818], [97.727061, 15.843207], [97.721365, 15.856187], [97.706065, 15.860338], [97.71225, 15.887681], [97.691417, 15.912299], [97.637218, 15.949164], [97.575694, 16.017401], [97.568858, 16.062405], [97.571788, 16.080024], [97.600841, 16.092475], [97.61964, 16.125434], [97.65089, 16.271308], [97.626475, 16.35163], [97.623057, 16.394477], [97.637218, 16.477362], [97.673839, 16.533433], [97.703136, 16.552069], [97.740245, 16.559272], [97.712901, 16.579779], [97.630382, 16.531968], [97.54835, 16.538153], [97.499848, 16.531968], [97.476329, 16.518297], [97.423106, 16.523424], [97.402599, 16.516913], [97.370291, 16.483547], [97.329828, 16.679847], [97.311194, 16.652366], [97.285836, 16.658922], [97.255445, 16.697869], [97.230173, 16.769142], [97.230209, 16.796646], [97.244802, 16.81745], [97.233084, 16.83983], [97.240489, 16.874579], [97.233084, 16.874579], [97.219493, 16.826158], [97.208995, 16.833197], [97.2046, 16.859809], [97.219493, 16.901272], [97.211436, 16.907864], [97.19158, 16.901272], [97.183279, 16.921536], [97.198253, 17.013495], [97.164561, 17.059312], [97.157237, 17.086859], [97.17449, 17.112494], [97.233653, 17.09516], [97.260997, 17.107327], [97.202647, 17.131578], [97.158051, 17.129299], [97.130626, 17.079413], [97.100271, 17.133775], [97.095958, 17.165758], [97.10963, 17.189276], [97.088715, 17.193508], [97.068614, 17.25137], [97.007172, 17.278062], [97.013357, 17.29914], [96.895518, 17.38467], [96.883067, 17.457424], [96.855724, 17.388495], [96.842052, 17.409003], [96.821544, 17.394721], [96.851248, 17.359565], [96.910655, 17.317084], [96.910899, 17.284857], [96.865489, 17.240302], [96.849376, 17.212958], [96.855724, 17.168769], [96.910167, 17.06684], [96.910899, 17.024807], [96.886892, 16.979397], [96.87908, 16.934719], [96.868337, 16.928412], [96.835216, 16.936021], [96.855724, 16.901272], [96.807872, 16.908677], [96.807872, 16.901272], [96.844005, 16.873928], [96.84669, 16.844916], [96.81129, 16.764716], [96.789399, 16.75609], [96.801036, 16.737372], [96.783214, 16.712348], [96.716319, 16.658352], [96.679473, 16.574868], [96.615943, 16.518005], [96.55898, 16.496897], [96.436261, 16.477768], [96.400157, 16.504055], [96.357107, 16.5185], [96.289806, 16.56684], [96.265961, 16.596829], [96.261567, 16.640692], [96.229259, 16.718736], [96.225759, 16.761298], [96.234548, 16.776923], [96.28712, 16.813137], [96.257579, 16.815904], [96.206554, 16.777493], [96.171153, 16.771552], [96.194102, 16.74315], [96.2046, 16.696479], [96.240896, 16.650133], [96.246104, 16.631293], [96.233653, 16.597886], [96.23463, 16.576361], [96.310069, 16.464586], [96.336436, 16.439439], [96.3213, 16.415269], [96.304698, 16.406399], [96.285336, 16.365993], [96.118988, 16.321763], [96.097667, 16.328559], [96.077403, 16.360826], [96.006602, 16.387356], [96.06658, 16.335639], [96.067556, 16.310248], [95.979991, 16.223131], [95.942393, 16.219062], [95.951427, 16.257636], [95.907888, 16.211737], [95.883067, 16.209174], [95.889903, 16.243964], [95.818126, 16.176011], [95.797699, 16.144924], [95.755544, 16.14525], [95.74586, 16.158352], [95.73463, 16.212836], [95.724864, 16.222846], [95.73227, 16.127265], [95.697032, 16.065985], [95.687348, 15.988227], [95.664724, 15.949205], [95.523448, 15.803656], [95.415782, 15.722968], [95.374197, 15.715033], [95.310557, 15.723212], [95.294444, 15.727851], [95.287934, 15.740139], [95.282563, 15.838324], [95.312673, 15.866523], [95.313975, 15.900702], [95.338552, 15.922024], [95.364268, 15.984565], [95.3685, 16.038804], [95.34547, 16.104967], [95.361583, 16.148383], [95.338227, 16.129869], [95.327485, 16.107408], [95.348643, 16.041571], [95.341807, 15.983873], [95.31186, 15.947089], [95.29713, 15.902981], [95.27475, 15.876451], [95.251638, 15.868232], [95.23878, 15.893948], [95.27589, 15.970649], [95.27296, 16.00373], [95.223969, 15.918606], [95.217621, 15.884263], [95.224376, 15.810126], [95.212738, 15.786566], [95.173595, 15.777818], [95.144542, 15.78913], [95.125743, 15.817613], [95.115245, 15.893948], [95.137543, 16.006659], [95.128917, 16.03852], [95.107758, 15.983873], [95.097667, 16.025133], [95.110199, 16.06745], [95.13795, 16.100328], [95.173595, 16.113593], [95.207205, 16.111558], [95.225922, 16.11994], [95.193696, 16.129381], [95.183604, 16.140937], [95.148692, 16.132025], [95.135753, 16.148383], [95.128917, 16.148383], [95.094005, 16.093655], [95.070567, 16.074856], [95.072927, 15.970649], [95.055024, 15.846137], [95.033946, 15.805732], [94.997569, 15.795315], [94.975597, 15.764146], [94.937755, 15.764146], [94.846853, 15.790595], [94.858653, 15.808824], [94.890391, 15.827053], [94.896332, 15.847398], [94.882579, 15.867174], [94.853201, 15.840277], [94.848399, 15.908149], [94.834727, 15.949164], [94.862804, 15.991767], [94.907237, 16.006049], [94.920665, 16.018622], [94.924083, 16.03852], [94.889334, 16.017401], [94.880219, 16.079983], [94.863129, 16.127753], [94.900076, 16.183783], [94.959239, 16.200873], [94.975108, 16.214342], [94.992442, 16.2508], [94.96697, 16.220404], [94.893077, 16.205756], [94.854666, 16.160224], [94.848399, 16.096503], [94.869395, 16.040961], [94.846202, 15.999986], [94.786876, 15.962144], [94.745372, 15.880845], [94.721202, 15.856676], [94.683849, 15.846747], [94.658702, 15.854478], [94.635509, 15.908149], [94.632823, 15.889716], [94.622406, 15.891547], [94.601329, 15.92121], [94.703136, 15.982367], [94.73227, 16.017401], [94.74171, 16.067288], [94.76588, 16.093166], [94.772716, 16.131008], [94.792654, 16.147895], [94.793712, 16.162014], [94.765961, 16.139472], [94.705333, 16.020657], [94.614757, 15.943671], [94.589854, 15.931586], [94.56658, 15.935492], [94.562348, 15.961859], [94.642345, 16.044664], [94.678884, 16.121283], [94.686697, 16.165351], [94.683849, 16.209174], [94.665212, 16.257636], [94.685313, 16.291978], [94.704926, 16.353217], [94.710704, 16.360338], [94.73227, 16.360663], [94.72169, 16.378485], [94.705821, 16.47309], [94.710704, 16.497219], [94.731619, 16.510199], [94.73227, 16.524563], [94.697276, 16.508368], [94.68393, 16.51081], [94.677013, 16.531968], [94.670177, 16.50967], [94.683849, 16.422065], [94.683849, 16.364081], [94.655121, 16.322699], [94.643728, 16.283515], [94.62794, 16.260199], [94.583995, 16.236518], [94.582042, 16.243476], [94.635509, 16.326483], [94.629731, 16.344184], [94.618175, 16.342027], [94.6067, 16.325995], [94.598888, 16.293647], [94.583669, 16.274848], [94.562022, 16.273749], [94.539887, 16.291693], [94.521169, 16.295478], [94.515636, 16.287258], [94.517345, 16.223944], [94.507009, 16.189602], [94.428071, 16.074164], [94.360606, 16.049262], [94.340017, 15.996243], [94.300792, 15.989732], [94.286632, 15.997504], [94.251475, 15.968451], [94.239513, 15.976304], [94.209809, 16.028998], [94.215099, 16.15766], [94.237804, 16.273139], [94.235362, 16.348375], [94.258637, 16.387356], [94.273123, 16.466498], [94.268321, 16.527493], [94.273123, 16.538153], [94.331065, 16.528632], [94.341319, 16.548407], [94.346202, 16.592434], [94.327647, 16.606431], [94.352061, 16.618598], [94.36199, 16.635484], [94.364431, 16.701117], [94.379649, 16.755357], [94.40268, 16.788275], [94.400645, 16.830634], [94.378917, 16.886949], [94.382335, 16.901272], [94.390636, 16.906643], [94.423188, 16.901272], [94.464692, 16.949652], [94.444347, 16.949652], [94.457774, 16.982896], [94.457856, 17.059556], [94.48878, 17.124213], [94.485688, 17.141018], [94.457774, 17.153754], [94.454356, 17.18008], [94.464692, 17.189276], [94.510916, 17.169013], [94.537852, 17.187405], [94.535004, 17.205146], [94.511974, 17.21719], [94.508637, 17.230129], [94.511974, 17.275214], [94.518891, 17.288153], [94.545421, 17.296088], [94.546153, 17.319648], [94.57252, 17.311103], [94.594493, 17.292304], [94.576834, 17.358344], [94.56658, 17.47663], [94.570323, 17.505194], [94.553884, 17.543606], [94.560313, 17.582099], [94.615001, 17.545559], [94.590668, 17.593248], [94.595225, 17.615465], [94.562999, 17.661689], [94.543956, 17.748033], [94.50172, 17.786607], [94.483409, 17.902289], [94.444347, 17.988105], [94.450857, 18.002427], [94.492198, 18.025946], [94.490571, 18.072496], [94.461925, 18.121772], [94.457856, 18.155707], [94.436778, 18.182359], [94.422862, 18.242499], [94.406505, 18.251288], [94.341563, 18.247504], [94.327647, 18.258734], [94.331065, 18.303127], [94.339203, 18.305976], [94.350271, 18.292914], [94.365896, 18.29857], [94.389171, 18.286038], [94.417003, 18.313951], [94.389659, 18.362698], [94.350597, 18.37523], [94.331065, 18.425971], [94.258962, 18.509019], [94.244965, 18.539252], [94.258962, 18.535712], [94.262218, 18.545111], [94.24879, 18.638861], [94.148936, 18.731024], [94.148936, 18.738511], [94.156423, 18.738511], [94.174571, 18.725043], [94.211599, 18.725531], [94.279307, 18.738511], [94.252452, 18.752143], [94.228038, 18.735541], [94.212413, 18.741848], [94.153087, 18.821031], [94.148936, 18.868232], [94.133556, 18.846503], [94.135102, 18.820461], [94.11964, 18.816636], [94.078461, 18.833075], [94.066905, 18.848334], [94.053233, 18.840888], [94.038097, 18.859117], [94.032074, 18.888577], [94.036632, 18.918036], [94.053233, 18.93651], [94.040375, 18.971177], [94.041189, 18.997626], [94.066091, 19.042873], [94.060069, 19.063707], [94.094249, 19.087348], [94.04656, 19.081122], [94.029063, 19.095404], [94.039073, 19.122056], [94.032725, 19.169257], [94.053233, 19.221381], [94.045909, 19.304674], [94.069672, 19.350898], [94.073904, 19.373847], [94.066905, 19.388983], [94.03061, 19.315904], [94.025238, 19.286566], [94.033376, 19.204535], [93.994395, 19.159084], [93.973481, 19.146308], [93.947113, 19.159654], [93.937266, 19.204657], [93.925466, 19.210273], [93.910411, 19.190985], [93.914887, 19.169582], [93.955414, 19.126899], [93.952485, 19.03205], [93.984386, 18.967841], [93.973888, 18.922797], [93.937266, 18.88935], [93.944102, 18.868232], [93.930431, 18.858629], [93.9074, 18.881781], [93.865733, 18.895494], [93.813731, 18.943996], [93.73463, 18.981187], [93.703868, 19.018459], [93.678884, 19.019599], [93.667735, 19.043931], [93.670909, 19.066881], [93.642345, 19.134223], [93.594005, 19.176703], [93.567149, 19.231106], [93.487071, 19.333726], [93.484141, 19.392727], [93.490896, 19.40762], [93.530121, 19.432074], [93.552989, 19.430569], [93.568044, 19.406724], [93.611339, 19.403266], [93.636974, 19.349066], [93.621349, 19.334377], [93.665294, 19.305609], [93.71754, 19.293402], [93.722911, 19.268459], [93.754649, 19.247138], [93.796886, 19.235175], [93.834239, 19.238186], [93.929942, 19.29975], [93.950206, 19.320705], [93.950206, 19.341783], [93.963878, 19.348049], [93.987315, 19.386705], [93.984386, 19.437445], [93.991059, 19.45718], [93.984386, 19.464057], [93.947113, 19.457913], [93.923839, 19.462388], [93.914561, 19.472805], [93.9192, 19.48428], [93.937266, 19.492011], [93.882091, 19.501899], [93.794444, 19.571234], [93.777192, 19.603095], [93.739594, 19.617499], [93.731212, 19.632554], [93.738455, 19.651353], [93.756114, 19.661078], [93.800059, 19.65648], [93.794444, 19.67357], [93.827403, 19.718573], [93.806814, 19.745836], [93.783865, 19.691107], [93.761078, 19.674872], [93.720958, 19.685289], [93.709483, 19.713528], [93.718761, 19.743598], [93.751638, 19.765692], [93.721934, 19.768988], [93.693533, 19.724799], [93.648448, 19.725165], [93.636241, 19.735012], [93.635509, 19.759508], [93.615571, 19.723863], [93.60141, 19.718573], [93.606456, 19.796129], [93.660655, 19.870836], [93.679942, 19.883368], [93.738048, 19.882473], [93.725597, 19.905585], [93.730479, 19.914293], [93.745372, 19.916571], [93.740001, 19.925116], [93.71754, 19.93769], [93.70753, 19.916571], [93.611339, 19.910346], [93.600841, 19.888577], [93.58074, 19.881334], [93.546723, 19.902899], [93.565929, 19.916571], [93.518321, 19.939602], [93.531912, 19.951361], [93.5171, 19.958564], [93.511974, 19.970445], [93.516856, 19.981187], [93.531912, 19.984849], [93.525645, 19.999172], [93.503429, 19.986274], [93.492198, 19.964993], [93.47047, 19.984849], [93.457042, 19.95425], [93.446544, 19.951361], [93.423188, 19.965318], [93.383962, 20.064399], [93.382335, 20.088528], [93.374848, 20.088528], [93.372081, 20.030829], [93.361827, 20.026435], [93.340668, 20.1022], [93.333832, 20.1022], [93.312755, 20.065375], [93.272472, 20.047512], [93.190278, 20.064439], [93.17628, 20.053697], [93.147472, 20.070014], [93.128429, 20.094672], [93.129893, 20.0751], [93.155772, 20.026435], [93.17628, 19.957506], [93.23585, 19.847235], [93.238292, 19.82099], [93.201427, 19.862779], [93.148123, 19.99433], [93.131521, 20.006578], [93.109141, 19.993801], [93.102061, 19.964097], [93.10613, 19.93065], [93.12436, 19.893866], [93.134532, 19.848293], [93.168793, 19.807318], [93.125011, 19.846666], [93.059418, 19.951117], [93.038422, 20.012926], [92.980724, 20.077948], [92.970225, 20.129462], [93.042491, 20.129462], [93.054454, 20.134752], [93.080089, 20.170478], [93.086925, 20.14997], [93.094249, 20.14997], [93.120942, 20.211982], [93.120942, 20.218207], [93.089203, 20.210354], [93.047374, 20.167955], [93.018565, 20.14997], [92.990489, 20.154934], [92.987478, 20.186672], [93.001231, 20.239325], [93.018809, 20.256496], [93.04127, 20.332017], [93.056163, 20.349189], [93.080821, 20.358547], [93.091319, 20.381008], [93.100434, 20.431098], [93.081879, 20.416978], [93.07252, 20.376614], [93.059581, 20.36225], [93.043224, 20.364936], [93.031016, 20.409654], [93.032237, 20.431098], [93.085623, 20.532945], [93.073253, 20.554633], [93.060313, 20.513373], [93.022634, 20.452541], [93.024913, 20.368476], [93.016287, 20.324856], [92.936046, 20.211982], [92.898448, 20.135688], [92.867686, 20.122016], [92.772146, 20.201483], [92.778168, 20.231635], [92.79949, 20.259182], [92.864024, 20.300767], [92.942882, 20.321234], [92.893321, 20.329535], [92.846934, 20.377346], [92.826915, 20.495063], [92.815278, 20.504706], [92.792654, 20.506252], [92.79656, 20.483832], [92.78533, 20.462958], [92.769298, 20.455064], [92.758556, 20.472113], [92.778982, 20.478258], [92.750987, 20.498521], [92.736583, 20.563137], [92.720714, 20.592231], [92.662852, 20.679185], [92.63502, 20.697984], [92.708263, 20.578681], [92.71697, 20.499986], [92.737478, 20.44477], [92.731212, 20.382717], [92.739268, 20.27969], [92.731212, 20.259182], [92.697113, 20.308254], [92.653168, 20.41828], [92.632579, 20.446601], [92.539887, 20.527533], [92.507009, 20.60928], [92.453624, 20.668524], [92.381114, 20.700141], [92.305431, 20.917711], [92.281016, 20.959418], [92.270518, 21.049018], [92.265147, 21.061103], [92.224272, 21.093184], [92.211766, 21.123518], [92.180761, 21.157883], [92.174973, 21.175608], [92.185205, 21.24041], [92.17828, 21.299735], [92.21156, 21.354873], [92.236261, 21.417092], [92.284527, 21.419055], [92.322664, 21.461895], [92.354703, 21.451818], [92.367933, 21.435437], [92.381162, 21.384794], [92.400282, 21.370996], [92.465394, 21.359834], [92.498674, 21.366604], [92.524512, 21.361126], [92.543943, 21.320922], [92.558722, 21.25984], [92.570608, 21.247283], [92.590865, 21.248885], [92.633756, 21.282216], [92.642851, 21.298443], [92.639234, 21.3187], [92.603267, 21.420089], [92.590245, 21.495537], [92.575568, 21.733972], [92.593035, 21.886934], [92.575879, 21.977574], [92.615256, 22.008787]]], [[[98.221853, 10.498114], [98.207367, 10.483466], [98.192719, 10.482408], [98.185313, 10.501166], [98.189708, 10.51557], [98.233653, 10.529364], [98.221853, 10.498114]]], [[[98.432872, 10.993598], [98.451427, 11.001939], [98.452891, 10.986274], [98.440278, 10.965562], [98.432953, 10.965033], [98.432872, 10.993598]]], [[[97.459239, 11.7862], [97.444347, 11.800238], [97.462901, 11.799791], [97.479666, 11.777981], [97.459239, 11.7862]]], [[[97.835297, 12.792792], [97.841807, 12.805813], [97.852794, 12.806545], [97.868012, 12.774807], [97.863536, 12.766832], [97.836925, 12.772447], [97.835297, 12.792792]]], [[[98.273936, 10.048041], [98.275157, 10.035834], [98.294119, 10.01911], [98.288259, 10.007961], [98.269216, 10.00259], [98.2676729136064, 10.0], [98.16661446934596, 10.0], [98.17156, 10.007961], [98.23463, 10.054185], [98.254405, 10.06269], [98.295665, 10.05565], [98.295665, 10.048896], [98.273936, 10.048041]]], [[[98.17156, 10.148139], [98.185232, 10.176825], [98.178966, 10.192857], [98.196056, 10.193183], [98.240489, 10.172349], [98.227794, 10.15526], [98.233653, 10.144477], [98.201427, 10.118069], [98.185802, 10.04206], [98.185802, 10.121161], [98.17156, 10.148139]]], [[[97.902599, 10.479315], [97.925059, 10.474066], [97.943533, 10.443793], [97.93336, 10.433743], [97.917735, 10.433051], [97.931895, 10.412014], [97.910167, 10.401923], [97.893809, 10.405992], [97.889415, 10.419989], [97.904063, 10.439276], [97.893403, 10.470771], [97.896251, 10.487535], [97.911469, 10.494534], [97.902599, 10.479315]]], [[[98.542247, 10.860053], [98.553233, 10.832831], [98.541515, 10.79621], [98.52711, 10.786933], [98.498383, 10.793606], [98.504161, 10.806098], [98.526378, 10.810858], [98.528494, 10.820054], [98.518321, 10.829495], [98.500499, 10.823472], [98.493663, 10.891099], [98.542247, 10.860053]]], [[[97.896332, 10.913275], [97.911957, 10.924262], [97.951834, 10.919094], [97.927745, 10.871975], [97.883556, 10.84455], [97.894542, 10.864244], [97.896332, 10.913275]]], [[[98.276378, 10.784491], [98.295665, 10.781928], [98.28297, 10.756537], [98.295665, 10.734687], [98.267833, 10.696519], [98.250743, 10.693101], [98.236827, 10.697333], [98.232188, 10.708319], [98.233653, 10.740953], [98.240489, 10.734687], [98.255544, 10.746405], [98.233653, 10.768256], [98.240489, 10.830959], [98.219981, 10.840888], [98.216319, 10.859849], [98.198741, 10.881659], [98.178966, 10.898586], [98.17156, 10.884955], [98.165294, 10.919094], [98.146739, 10.924506], [98.131033, 10.902899], [98.100271, 10.882025], [98.08961, 10.878119], [98.077403, 10.888088], [98.112966, 10.934027], [98.131196, 10.946357], [98.14088, 10.977444], [98.171886, 10.978664], [98.20574, 10.960028], [98.222016, 10.926663], [98.231781, 10.870266], [98.267751, 10.837144], [98.276378, 10.784491]]], [[[98.512055, 10.965237], [98.507986, 10.946357], [98.48585, 10.955878], [98.477061, 10.9737], [98.486827, 11.00845], [98.514171, 11.035793], [98.514171, 11.069892], [98.524669, 11.086656], [98.531912, 11.083808], [98.544607, 11.031195], [98.541515, 10.953803], [98.533946, 10.950832], [98.528494, 10.974311], [98.512055, 10.965237]]], [[[98.29835, 11.248603], [98.302013, 11.241197], [98.279552, 11.223212], [98.247325, 11.214504], [98.243175, 11.242987], [98.219981, 11.26911], [98.281423, 11.275946], [98.275157, 11.248033], [98.29835, 11.248603]]], [[[98.29184, 11.798896], [98.306651, 11.777411], [98.323009, 11.731269], [98.300304, 11.704779], [98.302013, 11.673245], [98.287852, 11.610907], [98.295665, 11.591254], [98.282563, 11.566352], [98.283539, 11.509426], [98.275157, 11.48078], [98.267751, 11.488227], [98.260916, 11.46776], [98.233653, 11.501899], [98.223481, 11.488837], [98.226817, 11.473944], [98.201996, 11.466254], [98.219981, 11.453518], [98.176524, 11.449164], [98.165294, 11.453518], [98.165294, 11.473944], [98.184093, 11.472642], [98.199474, 11.488227], [98.187511, 11.53498], [98.213145, 11.553412], [98.201671, 11.569078], [98.202647, 11.589179], [98.216807, 11.598944], [98.222911, 11.61758], [98.240489, 11.624823], [98.233653, 11.666409], [98.267751, 11.741441], [98.278331, 11.799791], [98.29184, 11.798896]]], [[[98.549001, 11.791571], [98.556407, 11.758734], [98.546072, 11.699205], [98.549001, 11.621731], [98.528494, 11.580471], [98.53533, 11.529242], [98.500499, 11.563381], [98.46518, 11.574897], [98.458995, 11.583808], [98.441905, 11.564114], [98.432384, 11.566718], [98.431651, 11.604926], [98.423839, 11.599066], [98.415701, 11.604438], [98.41863, 11.63227], [98.391287, 11.662991], [98.379405, 11.691107], [98.382091, 11.704169], [98.405528, 11.707953], [98.381358, 11.73135], [98.379893, 11.750922], [98.413097, 11.773383], [98.382091, 11.77619], [98.370779, 11.789252], [98.393728, 11.794013], [98.438243, 11.787055], [98.45281, 11.789252], [98.445323, 11.803616], [98.486827, 11.796088], [98.53533, 11.803616], [98.549001, 11.791571]]], [[[98.067719, 11.691067], [98.061697, 11.673245], [98.08961, 11.63227], [98.057384, 11.653144], [98.034353, 11.686835], [98.011729, 11.704739], [98.024425, 11.707953], [98.028331, 11.71719], [98.022472, 11.755805], [98.007091, 11.761949], [98.011892, 11.787258], [97.999766, 11.841783], [98.013927, 11.864976], [98.013927, 11.816596], [98.052257, 11.776028], [98.057953, 11.729071], [98.082286, 11.734687], [98.074718, 11.713365], [98.055431, 11.701117], [98.067719, 11.691067]]], [[[97.678477, 11.887885], [97.666677, 11.86343], [97.671886, 11.837714], [97.65089, 11.84455], [97.642833, 11.867662], [97.643565, 11.880357], [97.664399, 11.905951], [97.678477, 11.887885]]], [[[98.256521, 11.902533], [98.265391, 11.908515], [98.284841, 11.896064], [98.289073, 11.882392], [98.273692, 11.853339], [98.254161, 11.85814], [98.256521, 11.902533]]], [[[98.246104, 11.925442], [98.227061, 11.953925], [98.23585, 11.968329], [98.260916, 11.971137], [98.267751, 11.933905], [98.246104, 11.925442]]], [[[98.65919, 11.948676], [98.658214, 11.933905], [98.658214, 11.940131], [98.631358, 11.932115], [98.572602, 11.931627], [98.51588, 11.895901], [98.478038, 11.890937], [98.459727, 11.933661], [98.470958, 11.988105], [98.440278, 12.015367], [98.430919, 12.100653], [98.439138, 12.112006], [98.473155, 12.077297], [98.519867, 12.007025], [98.541515, 11.995307], [98.559581, 12.0008], [98.603526, 11.967434], [98.65919, 11.948676]]], [[[98.131847, 12.198554], [98.137462, 12.138739], [98.11671, 12.165473], [98.076671, 12.161933], [98.039399, 12.207343], [98.034353, 12.221259], [98.046153, 12.26203], [98.07252, 12.289537], [98.108246, 12.284654], [98.12379, 12.259467], [98.116954, 12.221259], [98.096446, 12.187161], [98.131847, 12.198554]]], [[[98.048025, 12.330512], [98.010509, 12.310045], [98.000255, 12.269029], [97.982432, 12.306383], [97.945567, 12.310045], [97.948416, 12.323798], [97.971039, 12.344875], [97.966075, 12.358466], [97.938162, 12.337958], [97.939952, 12.366278], [98.017833, 12.402655], [98.023448, 12.398749], [98.005382, 12.367336], [98.013927, 12.358466], [98.041759, 12.358466], [98.045584, 12.389065], [98.06365, 12.397773], [98.075938, 12.427395], [98.090587, 12.422309], [98.104503, 12.383043], [98.087738, 12.360053], [98.065278, 12.365302], [98.048025, 12.330512]]], [[[98.514171, 12.423651], [98.508556, 12.410305], [98.495616, 12.405829], [98.482107, 12.41059], [98.474294, 12.424994], [98.488536, 12.493313], [98.499848, 12.513088], [98.514171, 12.495592], [98.514171, 12.423651]]], [[[98.256847, 12.574205], [98.289887, 12.526313], [98.282888, 12.503852], [98.260509, 12.495266], [98.236827, 12.50609], [98.230235, 12.516995], [98.233653, 12.553656], [98.256847, 12.574205]]], [[[97.849946, 12.594631], [97.861827, 12.559801], [97.849946, 12.537258], [97.840831, 12.556871], [97.829438, 12.557074], [97.833995, 12.570746], [97.822765, 12.58747], [97.849946, 12.594631]]], [[[98.470225, 12.517524], [98.455821, 12.45775], [98.391287, 12.361518], [98.349946, 12.325914], [98.302013, 12.337958], [98.315603, 12.365302], [98.336111, 12.450914], [98.315603, 12.495592], [98.333018, 12.519232], [98.314138, 12.55329], [98.302745, 12.598578], [98.302013, 12.646308], [98.315603, 12.687445], [98.333018, 12.67121], [98.387462, 12.65766], [98.405528, 12.638983], [98.398123, 12.58747], [98.425466, 12.529731], [98.438162, 12.587388], [98.450938, 12.60399], [98.466319, 12.583726], [98.470225, 12.517524]]], [[[98.318533, 13.091376], [98.336436, 13.073879], [98.302013, 13.029446], [98.314301, 12.925523], [98.302013, 12.913316], [98.240489, 13.139309], [98.247325, 13.215033], [98.261485, 13.214342], [98.268809, 13.19892], [98.295665, 13.084662], [98.318533, 13.091376]]], [[[97.938162, 13.851793], [97.925059, 13.783596], [97.917735, 13.783596], [97.918712, 13.853258], [97.931895, 13.85928], [97.938162, 13.851793]]], [[[93.400157, 14.095649], [93.394786, 14.076361], [93.374848, 14.064683], [93.39031, 14.153754], [93.400157, 14.095649]]], [[[93.703868, 14.904446], [93.724376, 14.913804], [93.704438, 14.870998], [93.69044, 14.8581], [93.675792, 14.859198], [93.703868, 14.904446]]], [[[97.672374, 15.533352], [97.664399, 15.504096], [97.65089, 15.592231], [97.672374, 15.533352]]], [[[94.841563, 15.877427], [94.803722, 15.796576], [94.777843, 15.791571], [94.724864, 15.811957], [94.759288, 15.85224], [94.806814, 15.931098], [94.823253, 15.945787], [94.841563, 15.877427]]], [[[94.667491, 16.171942], [94.654633, 16.121975], [94.629649, 16.075181], [94.569591, 16.005194], [94.478038, 15.966132], [94.478363, 15.942328], [94.436778, 15.900702], [94.440929, 15.885403], [94.433116, 15.869615], [94.410167, 15.83926], [94.40268, 15.83926], [94.417247, 15.871772], [94.382335, 15.969631], [94.389659, 16.000922], [94.485362, 16.058987], [94.518809, 16.120429], [94.611583, 16.221747], [94.642833, 16.24551], [94.66212, 16.221869], [94.667491, 16.171942]]], [[[97.589366, 16.340155], [97.568858, 16.29857], [97.571364, 16.222693], [97.547461, 16.199928], [97.516857, 16.209823], [97.510509, 16.254218], [97.459269, 16.301362], [97.469249, 16.332709], [97.482758, 16.342027], [97.484874, 16.363918], [97.472667, 16.408433], [97.454763, 16.436916], [97.452159, 16.449408], [97.466156, 16.467027], [97.459646, 16.477362], [97.486013, 16.500963], [97.520518, 16.510891], [97.56186, 16.492377], [97.606293, 16.483547], [97.610606, 16.446234], [97.589366, 16.415269], [97.589366, 16.340155]]], [[[93.759044, 18.755561], [93.746837, 18.708808], [93.731944, 18.689683], [93.693126, 18.673774], [93.645274, 18.679348], [93.497813, 18.840888], [93.484141, 18.874986], [93.577159, 18.881903], [93.599864, 18.890448], [93.621755, 18.910346], [93.663341, 18.873196], [93.742442, 18.872301], [93.751638, 18.840888], [93.745372, 18.799994], [93.759044, 18.755561]]], [[[93.965831, 19.363023], [93.940196, 19.348619], [93.917166, 19.318305], [93.889415, 19.299628], [93.875173, 19.31391], [93.862804, 19.307766], [93.864919, 19.282864], [93.856944, 19.278876], [93.802745, 19.276679], [93.773774, 19.298774], [93.749848, 19.333319], [93.725352, 19.386868], [93.738048, 19.403266], [93.730479, 19.419257], [93.669119, 19.446479], [93.641775, 19.492011], [93.656586, 19.497382], [93.649181, 19.513129], [93.688162, 19.559475], [93.723643, 19.556383], [93.819998, 19.471503], [93.858084, 19.482489], [93.880219, 19.479193], [93.970714, 19.416938], [93.965831, 19.363023]]], [[[93.516856, 19.777167], [93.511974, 19.745836], [93.456798, 19.788764], [93.440684, 19.81094], [93.402843, 19.95307], [93.422048, 19.951361], [93.442638, 19.938137], [93.470551, 19.905219], [93.49879, 19.88703], [93.505219, 19.872219], [93.505219, 19.807318], [93.516856, 19.777167]]], [[[93.014659, 19.905585], [93.024913, 19.827826], [93.018565, 19.827826], [93.001231, 19.906643], [92.909434, 20.06509], [92.911957, 20.084703], [92.922699, 20.087633], [92.946462, 20.070502], [93.014659, 19.905585]]]]}}, {"type": "Feature", "properties": {"name": "Bangladesh"}, "geometry": {"type": "MultiPolygon", "coordinates": [[[[92.593035, 21.886934], [92.575568, 21.733972], [92.590245, 21.495537], [92.603267, 21.420089], [92.639234, 21.3187], [92.642851, 21.298443], [92.633756, 21.282216], [92.590865, 21.248885], [92.570608, 21.247283], [92.558722, 21.25984], [92.543943, 21.320922], [92.524512, 21.361126], [92.498674, 21.366604], [92.465394, 21.359834], [92.400282, 21.370996], [92.381162, 21.384794], [92.367933, 21.435437], [92.354703, 21.451818], [92.322664, 21.461895], [92.284527, 21.419055], [92.236261, 21.417092], [92.21156, 21.354873], [92.17828, 21.299735], [92.185205, 21.24041], [92.174973, 21.175608], [92.224272, 21.093184], [92.265147, 21.061103], [92.257091, 20.981106], [92.261485, 20.940253], [92.271983, 20.90351], [92.305431, 20.851955], [92.333263, 20.767727], [92.333995, 20.746405], [92.325531, 20.738715], [92.301036, 20.762274], [92.209727, 20.930813], [92.18629, 21.005845], [92.134125, 21.047512], [92.096853, 21.105862], [92.052501, 21.154771], [92.043956, 21.192043], [92.052257, 21.256659], [92.045258, 21.299547], [91.952973, 21.44184], [91.949718, 21.458401], [91.96339, 21.452135], [91.982921, 21.488837], [91.999034, 21.499498], [92.017914, 21.493109], [91.995372, 21.52261], [91.990001, 21.561998], [92.022146, 21.599351], [92.017914, 21.616034], [92.035818, 21.640448], [92.035899, 21.668158], [92.022797, 21.676825], [92.029307, 21.704901], [92.025401, 21.712836], [92.01238, 21.664211], [92.000743, 21.649807], [91.983897, 21.650133], [91.976085, 21.662055], [91.983897, 21.70539], [91.977061, 21.70539], [91.971934, 21.688218], [91.962657, 21.689521], [91.949718, 21.715969], [91.952973, 21.738349], [91.990001, 21.759996], [91.983897, 21.766832], [91.967296, 21.755439], [91.960297, 21.763821], [91.966563, 21.778876], [91.990001, 21.787909], [91.990001, 21.794827], [91.908702, 21.781155], [91.899262, 21.789496], [91.911388, 21.834703], [91.929373, 21.843166], [91.921641, 21.85342], [91.925548, 21.86286], [91.949718, 21.876695], [91.949718, 21.884182], [91.929942, 21.878648], [91.915701, 21.862454], [91.898204, 21.944892], [91.88087, 21.969184], [91.88087, 22.007025], [91.855235, 22.109198], [91.853526, 22.143622], [91.867198, 22.137397], [91.862071, 22.150621], [91.853282, 22.148749], [91.846039, 22.116889], [91.839854, 22.116889], [91.812999, 22.180325], [91.816905, 22.220282], [91.839854, 22.246649], [91.83839, 22.263088], [91.812022, 22.281399], [91.808849, 22.306342], [91.874034, 22.336005], [91.908051, 22.42475], [91.887706, 22.42475], [91.877452, 22.363349], [91.791352, 22.301907], [91.793956, 22.286038], [91.826345, 22.267768], [91.825938, 22.248481], [91.80893, 22.236274], [91.78712, 22.237942], [91.771658, 22.260321], [91.743663, 22.411078], [91.676036, 22.534613], [91.548106, 22.700344], [91.516368, 22.712226], [91.476817, 22.761176], [91.462413, 22.761908], [91.458344, 22.797065], [91.490001, 22.880561], [91.490489, 22.904527], [91.483084, 22.904527], [91.462413, 22.833441], [91.430431, 22.816311], [91.416759, 22.799994], [91.414724, 22.75373], [91.38502, 22.770697], [91.346446, 22.774848], [91.346446, 22.767401], [91.367442, 22.761664], [91.370128, 22.752183], [91.360118, 22.743394], [91.290782, 22.73843], [91.332774, 22.720201], [91.329926, 22.705715], [91.317393, 22.697211], [91.284434, 22.692288], [91.244802, 22.698391], [91.243419, 22.720201], [91.181895, 22.726467], [91.199229, 22.698798], [91.192149, 22.691636], [91.168956, 22.692288], [91.168956, 22.684882], [91.253429, 22.660712], [91.264496, 22.640815], [91.241569, 22.575396], [91.202743, 22.54322], [91.127343, 22.527026], [91.089201, 22.54443], [91.06958, 22.571557], [91.058604, 22.614325], [91.018321, 22.683092], [91.003754, 22.678656], [91.032237, 22.636868], [91.037934, 22.588609], [90.985118, 22.574368], [90.954926, 22.575832], [90.941742, 22.585883], [90.935557, 22.599677], [90.908214, 22.617865], [90.884125, 22.654486], [90.876475, 22.682807], [90.835948, 22.684882], [90.819509, 22.726467], [90.794932, 22.74136], [90.771007, 22.784817], [90.717459, 22.940619], [90.640147, 23.038031], [90.629405, 23.064399], [90.640147, 23.18887], [90.665212, 23.248765], [90.661143, 23.267646], [90.667328, 23.267646], [90.65089, 23.300238], [90.650157, 23.313544], [90.661143, 23.322252], [90.653656, 23.329739], [90.628429, 23.321519], [90.611339, 23.342475], [90.599132, 23.391181], [90.600271, 23.449937], [90.608735, 23.472724], [90.633311, 23.486762], [90.69158, 23.486477], [90.715017, 23.498358], [90.715831, 23.535142], [90.705577, 23.554511], [90.678233, 23.55508], [90.702159, 23.528388], [90.695323, 23.50788], [90.666759, 23.518215], [90.607758, 23.491116], [90.588145, 23.534166], [90.592052, 23.562486], [90.608165, 23.585761], [90.633311, 23.596625], [90.627126, 23.603461], [90.61964, 23.596625], [90.61199, 23.606106], [90.558767, 23.590399], [90.564464, 23.576402], [90.547211, 23.563788], [90.514659, 23.563788], [90.476329, 23.582953], [90.498383, 23.557278], [90.568696, 23.547512], [90.576834, 23.539496], [90.578949, 23.449856], [90.559906, 23.418402], [90.551931, 23.384955], [90.518321, 23.398261], [90.322439, 23.433295], [90.250336, 23.466946], [90.24936, 23.45539], [90.38852, 23.372382], [90.428477, 23.326117], [90.503591, 23.301744], [90.569102, 23.294989], [90.606619, 23.247219], [90.61085, 23.23078], [90.614513, 23.195461], [90.593516, 23.219875], [90.602875, 23.141303], [90.599132, 23.117499], [90.571951, 23.081732], [90.553722, 23.078559], [90.555919, 23.096829], [90.565603, 23.103827], [90.558767, 23.110663], [90.522797, 23.080146], [90.453624, 23.072333], [90.448904, 23.055732], [90.468272, 22.99608], [90.507009, 22.942084], [90.510427, 22.918199], [90.54005, 22.896552], [90.52003, 22.880194], [90.476329, 22.884101], [90.457205, 22.861762], [90.436046, 22.800605], [90.40797, 22.794664], [90.424001, 22.781684], [90.419932, 22.768256], [90.406423, 22.763088], [90.394298, 22.774848], [90.372569, 22.76142], [90.435232, 22.733303], [90.444591, 22.751654], [90.461681, 22.748847], [90.492931, 22.709906], [90.512706, 22.611477], [90.500173, 22.592353], [90.459239, 22.579291], [90.442068, 22.493638], [90.462657, 22.520982], [90.46046, 22.551174], [90.472504, 22.575588], [90.487315, 22.583726], [90.524099, 22.583075], [90.559744, 22.562323], [90.606619, 22.465766], [90.586192, 22.473212], [90.586436, 22.450588], [90.618419, 22.376654], [90.613455, 22.314887], [90.581554, 22.238227], [90.557953, 22.203355], [90.50115, 22.176703], [90.488292, 22.138617], [90.450043, 22.080797], [90.43865, 22.075995], [90.408458, 22.085924], [90.387462, 22.102607], [90.421641, 22.198879], [90.40797, 22.240424], [90.410899, 22.284247], [90.394298, 22.288235], [90.398692, 22.267483], [90.39088, 22.208808], [90.410492, 22.195705], [90.412852, 22.178046], [90.392589, 22.143012], [90.380056, 22.143622], [90.369884, 22.08983], [90.332205, 22.038072], [90.308604, 21.984036], [90.290701, 21.890326], [90.272716, 21.857408], [90.217621, 21.813463], [90.184825, 21.800971], [90.092947, 21.830268], [90.088552, 21.846747], [90.095388, 21.859442], [90.112478, 21.856269], [90.104991, 21.870266], [90.126231, 21.90119], [90.126231, 21.931952], [90.098481, 21.878607], [90.066905, 21.85342], [90.049327, 21.85102], [90.024425, 21.862454], [90.033946, 21.943549], [90.044932, 21.966132], [90.085785, 22.00023], [90.105642, 22.054267], [90.164073, 22.113227], [90.195079, 22.109524], [90.216156, 22.123236], [90.239106, 22.172268], [90.236095, 22.198879], [90.205821, 22.132961], [90.148285, 22.110785], [90.088878, 22.051174], [90.057953, 21.99372], [90.038097, 21.986558], [89.996349, 22.00023], [90.010753, 22.041205], [90.035411, 22.059801], [90.034679, 22.10517], [90.042735, 22.131252], [90.07838, 22.164049], [90.052582, 22.155463], [90.024425, 22.089016], [89.982758, 22.044623], [89.982758, 21.986558], [89.967784, 21.974555], [89.949718, 21.980902], [89.934418, 21.997707], [89.914561, 22.061672], [89.90089, 22.201972], [89.880382, 22.240424], [89.876801, 22.274726], [89.900157, 22.33393], [90.010102, 22.49022], [89.947439, 22.439683], [89.920421, 22.391832], [89.872895, 22.418606], [89.884125, 22.363511], [89.880382, 22.342231], [89.838715, 22.267768], [89.861339, 22.211005], [89.872895, 22.143622], [89.871349, 22.091864], [89.846202, 22.070624], [89.797211, 22.075995], [89.797211, 22.068508], [89.835948, 22.049465], [89.847911, 22.033881], [89.852387, 22.010443], [89.846202, 21.972317], [89.887218, 21.900092], [89.880382, 21.884182], [89.850922, 21.877509], [89.81422, 21.840806], [89.786388, 21.828925], [89.775727, 21.827582], [89.76588, 21.846747], [89.725841, 21.828925], [89.709158, 21.830064], [89.661306, 21.849351], [89.652599, 21.878852], [89.663341, 21.896308], [89.646983, 21.925116], [89.618988, 21.869859], [89.64975, 21.826361], [89.700694, 21.784857], [89.689952, 21.765204], [89.668224, 21.750881], [89.631521, 21.764065], [89.59547, 21.759996], [89.605968, 21.719062], [89.586925, 21.700832], [89.565684, 21.713365], [89.53712, 21.753811], [89.527354, 21.812812], [89.530284, 21.835761], [89.564464, 21.884182], [89.563487, 21.973131], [89.5713, 22.031236], [89.605968, 22.113227], [89.593761, 22.155422], [89.567882, 22.18891], [89.567231, 22.202826], [89.605968, 22.256903], [89.610606, 22.298896], [89.626475, 22.336005], [89.580821, 22.277248], [89.577159, 22.2685], [89.586192, 22.245429], [89.549164, 22.205268], [89.576345, 22.145494], [89.579356, 22.113227], [89.566742, 22.082099], [89.551443, 21.994045], [89.532888, 21.984687], [89.52475, 22.000149], [89.523448, 22.044623], [89.53712, 22.089016], [89.492035, 22.188381], [89.493012, 22.273505], [89.483165, 22.295071], [89.475759, 22.295071], [89.467459, 22.22899], [89.475759, 22.102607], [89.483165, 22.102607], [89.494151, 22.136868], [89.518321, 22.081], [89.509125, 22.041205], [89.491873, 22.034573], [89.490408, 22.023993], [89.521821, 21.962307], [89.512543, 21.909125], [89.46461, 21.859198], [89.465831, 21.781317], [89.442719, 21.746649], [89.406423, 21.717353], [89.395193, 21.716376], [89.36964, 21.743313], [89.362804, 21.78384], [89.365896, 21.828925], [89.386974, 21.90119], [89.35963, 21.972317], [89.352224, 21.972317], [89.345958, 21.957017], [89.35963, 21.91767], [89.355968, 21.892524], [89.328868, 21.864651], [89.30128, 21.809394], [89.283946, 21.822089], [89.294688, 21.757799], [89.273692, 21.698798], [89.276622, 21.687567], [89.297537, 21.678127], [89.248709, 21.645901], [89.229259, 21.643948], [89.21046, 21.65412], [89.204438, 21.672675], [89.220714, 21.709418], [89.187673, 21.81151], [89.174083, 21.810045], [89.154552, 21.786851], [89.119395, 21.800971], [89.104666, 21.815863], [89.07781, 21.914252], [89.091482, 22.00023], [89.057384, 22.06509], [89.060395, 22.129869], [89.078159, 22.150845], [89.076196, 22.17503], [89.062295, 22.211565], [89.00912, 22.285618], [89.023537, 22.294816], [89.001523, 22.333677], [88.989482, 22.39667], [89.002505, 22.427986], [88.970982, 22.527928], [88.927988, 22.548134], [88.950312, 22.561983], [88.95641, 22.584979], [88.908144, 22.740784], [88.936876, 22.782331], [88.944524, 22.848012], [88.905147, 22.866435], [88.893468, 22.879638], [88.838794, 22.975808], [88.8513, 23.07513], [88.864787, 23.100271], [88.954704, 23.183806], [88.959975, 23.202693], [88.822671, 23.237963], [88.775697, 23.221633], [88.710016, 23.241218], [88.69658, 23.252354], [88.685935, 23.293308], [88.719266, 23.348292], [88.767894, 23.467277], [88.770168, 23.488826], [88.756835, 23.498799], [88.719421, 23.468104], [88.704642, 23.495182], [88.647643, 23.535076], [88.609247, 23.588794], [88.57142, 23.592334], [88.561705, 23.602023], [88.566356, 23.62874], [88.541551, 23.638765], [88.561188, 23.741007], [88.552713, 23.774984], [88.577518, 23.818521], [88.577621, 23.85516], [88.593589, 23.866916], [88.653121, 23.869784], [88.71415, 23.925156], [88.714357, 23.964404], [88.701593, 23.995281], [88.725002, 24.038379], [88.700921, 24.04365], [88.674101, 24.08264], [88.68299, 24.124291], [88.67808, 24.154289], [88.69379, 24.175321], [88.731617, 24.189842], [88.746397, 24.214079], [88.737508, 24.287097], [88.714564, 24.315416], [88.660149, 24.338257], [88.634517, 24.294125], [88.475405, 24.315468], [88.401301, 24.369418], [88.138785, 24.49525], [88.10995, 24.500986], [88.086023, 24.53672], [88.081838, 24.599869], [88.05724, 24.634105], [88.02179, 24.645603], [88.027164, 24.67573], [88.048455, 24.711206], [88.053209, 24.754976], [88.07698, 24.761177], [88.088245, 24.796136], [88.094808, 24.803112], [88.107779, 24.801097], [88.140955, 24.844583], [88.114911, 24.916413], [88.16452, 24.941114], [88.20245, 24.9453], [88.232836, 24.918273], [88.242758, 24.880601], [88.313606, 24.868302], [88.322753, 24.874684], [88.37567, 24.94561], [88.391018, 24.99509], [88.414117, 25.021523], [88.425796, 25.051056], [88.434168, 25.116659], [88.43148, 25.173038], [88.441299, 25.18973], [88.475405, 25.195104], [88.55938, 25.170764], [88.599119, 25.19314], [88.634259, 25.192262], [88.724537, 25.166475], [88.784224, 25.160946], [88.81709, 25.196809], [88.898635, 25.169318], [88.924163, 25.167871], [88.909642, 25.189161], [88.927884, 25.192727], [88.929073, 25.229417], [88.975323, 25.265229], [88.984935, 25.284969], [88.975323, 25.302643], [88.902873, 25.303418], [88.880187, 25.323468], [88.841998, 25.332822], [88.799623, 25.395609], [88.816315, 25.437208], [88.814919, 25.458602], [88.772338, 25.501959], [88.741952, 25.512759], [88.742572, 25.495189], [88.706192, 25.491675], [88.66635, 25.462891], [88.593589, 25.495086], [88.530286, 25.500202], [88.485586, 25.542628], [88.475405, 25.562575], [88.423781, 25.592237], [88.41944, 25.653784], [88.392981, 25.680759], [88.320273, 25.725253], [88.259915, 25.789021], [88.227462, 25.804266], [88.127726, 25.774914], [88.087574, 25.830983], [88.074396, 25.908135], [88.088039, 25.923225], [88.125866, 26.0134], [88.151032, 26.031332], [88.156407, 26.061408], [88.139922, 26.085334], [88.163796, 26.140473], [88.218884, 26.18016], [88.326267, 26.21592], [88.334535, 26.230803], [88.336602, 26.281808], [88.366781, 26.313434], [88.413807, 26.340202], [88.431687, 26.362216], [88.448637, 26.353431], [88.497626, 26.352708], [88.495456, 26.378081], [88.461143, 26.45389], [88.353552, 26.484586], [88.34301, 26.477196], [88.335621, 26.448206], [88.322546, 26.451772], [88.315105, 26.465052], [88.313865, 26.481537], [88.352829, 26.578689], [88.385282, 26.623544], [88.394377, 26.618015], [88.397891, 26.55869], [88.411016, 26.545099], [88.462383, 26.528821], [88.526823, 26.475388], [88.591161, 26.461228], [88.611521, 26.430843], [88.656273, 26.415133], [88.652242, 26.391517], [88.66852, 26.385729], [88.667435, 26.368159], [88.709706, 26.340616], [88.712238, 26.328265], [88.702988, 26.309661], [88.645834, 26.27602], [88.663404, 26.264444], [88.747947, 26.292505], [88.784017, 26.279947], [88.807995, 26.233439], [88.824841, 26.226566], [88.840654, 26.232043], [88.855641, 26.265116], [88.875794, 26.277364], [88.902718, 26.272919], [88.946849, 26.232922], [88.975323, 26.224344], [89.019455, 26.234472], [89.039712, 26.247185], [89.034338, 26.265788], [89.004365, 26.27571], [89.007983, 26.297156], [88.981731, 26.291833], [88.966021, 26.328472], [88.912433, 26.348935], [88.891866, 26.368779], [88.891246, 26.385781], [88.911968, 26.421231], [88.94101, 26.439421], [89.010877, 26.390173], [89.043743, 26.381078], [89.057282, 26.36263], [89.055215, 26.347023], [89.102912, 26.327335], [89.103532, 26.313692], [89.094799, 26.309506], [89.068857, 26.314261], [89.069426, 26.287389], [89.103377, 26.22517], [89.11919, 26.146622], [89.131593, 26.133755], [89.212621, 26.098977], [89.237633, 26.0581], [89.272979, 26.043476], [89.296906, 26.018155], [89.335301, 25.998569], [89.351476, 25.996864], [89.391422, 26.015467], [89.411266, 25.993195], [89.485628, 25.998724], [89.518184, 25.962086], [89.541697, 25.959709], [89.559163, 26.022237], [89.602882, 26.055258], [89.611357, 26.072208], [89.603864, 26.084662], [89.567018, 26.087091], [89.566915, 26.098977], [89.604225, 26.120732], [89.569395, 26.130086], [89.562781, 26.142591], [89.586759, 26.169205], [89.614406, 26.164192], [89.606396, 26.211011], [89.61332, 26.219383], [89.653008, 26.22269], [89.655798, 26.161298], [89.670371, 26.154115], [89.706545, 26.154167], [89.718482, 26.145537], [89.728766, 26.114169], [89.749849, 26.083887], [89.755844, 26.032417], [89.789434, 25.987976], [89.814135, 25.99614], [89.828656, 25.979397], [89.825607, 25.965703], [89.792017, 25.949115], [89.834392, 25.931752], [89.830051, 25.90798], [89.786953, 25.839147], [89.783129, 25.814446], [89.801526, 25.724684], [89.834392, 25.634767], [89.82323, 25.489143], [89.795015, 25.374163], [89.807365, 25.304503], [89.819044, 25.284969], [89.908134, 25.296907], [90.130085, 25.211589], [90.286923, 25.180066], [90.364644, 25.149991], [90.399784, 25.149009], [90.50138, 25.168801], [90.583339, 25.162031], [90.62344, 25.171436], [90.707672, 25.152988], [90.737955, 25.169421], [90.753974, 25.167561], [90.793972, 25.145391], [90.82198, 25.142291], [91.135346, 25.191228], [91.190847, 25.189471], [91.235702, 25.201925], [91.283968, 25.178981], [91.431866, 25.13795], [91.480752, 25.135263], [91.523436, 25.145185], [91.548758, 25.161101], [91.566121, 25.159964], [91.596197, 25.128907], [91.638675, 25.124049], [91.662033, 25.127201], [91.677432, 25.152626], [91.710712, 25.144668], [91.730142, 25.167457], [91.793704, 25.165338], [91.900571, 25.177586], [91.956278, 25.169783], [92.001753, 25.18296], [92.033999, 25.181668], [92.092911, 25.164718], [92.116165, 25.139449], [92.150995, 25.129733], [92.172699, 25.131955], [92.208046, 25.098107], [92.233677, 25.084956], [92.303544, 25.074285], [92.328142, 25.048007], [92.381058, 25.023435], [92.38695, 24.99509], [92.412271, 24.987391], [92.454026, 24.958116], [92.458056, 24.953284], [92.449788, 24.946437], [92.483791, 24.928221], [92.49454, 24.894864], [92.477693, 24.86391], [92.380748, 24.836702], [92.363592, 24.841017], [92.358321, 24.853652], [92.290418, 24.891298], [92.252177, 24.902977], [92.223032, 24.891376], [92.217658, 24.874581], [92.235021, 24.824765], [92.233781, 24.777533], [92.182931, 24.647256], [92.163604, 24.5592], [92.110894, 24.514293], [92.107587, 24.405979], [92.08826, 24.38164], [92.062732, 24.37102], [91.949974, 24.375387], [91.948837, 24.363527], [91.971368, 24.329679], [91.972194, 24.316062], [91.921862, 24.34451], [91.899847, 24.33805], [91.905945, 24.260639], [91.87711, 24.158036], [91.864501, 24.150594], [91.844244, 24.155323], [91.813755, 24.183124], [91.807037, 24.221133], [91.732933, 24.234284], [91.723011, 24.220977], [91.732623, 24.164314], [91.72115, 24.148992], [91.703684, 24.142946], [91.666167, 24.155917], [91.639502, 24.211702], [91.629063, 24.215319], [91.606015, 24.118865], [91.581831, 24.096101], [91.517545, 24.085198], [91.404581, 24.103129], [91.363033, 24.099848], [91.350837, 24.074242], [91.339055, 23.995229], [91.327066, 23.987865], [91.291616, 23.994816], [91.274149, 23.988227], [91.250378, 23.964042], [91.216272, 23.908387], [91.212758, 23.88074], [91.228157, 23.84498], [91.205213, 23.771573], [91.194981, 23.755166], [91.141754, 23.739896], [91.132349, 23.720646], [91.136587, 23.69889], [91.168936, 23.685377], [91.175241, 23.670313], [91.166456, 23.654087], [91.139687, 23.65357], [91.140824, 23.6121], [91.169866, 23.561974], [91.195084, 23.495182], [91.22733, 23.468775], [91.25813, 23.373639], [91.287275, 23.355552], [91.265778, 23.329352], [91.27725, 23.303256], [91.300504, 23.142309], [91.313527, 23.101046], [91.337401, 23.071074], [91.370887, 23.062779], [91.374608, 23.095723], [91.355901, 23.179646], [91.355695, 23.224139], [91.372128, 23.261889], [91.394349, 23.262664], [91.413572, 23.248634], [91.436517, 23.214863], [91.439927, 23.223519], [91.446438, 23.197887], [91.463595, 23.184116], [91.503283, 23.044408], [91.518165, 23.035081], [91.523643, 22.995213], [91.536562, 22.981854], [91.576766, 22.968806], [91.586068, 22.944466], [91.602398, 22.952967], [91.616661, 22.978056], [91.646943, 22.976583], [91.706991, 22.995368], [91.738307, 23.024668], [91.75598, 23.061539], [91.776237, 23.06526], [91.795564, 23.089496], [91.749159, 23.232407], [91.743681, 23.272327], [91.762595, 23.321549], [91.817682, 23.400924], [91.905118, 23.446632], [91.940775, 23.495182], [91.942325, 23.53443], [91.915971, 23.65016], [91.91442, 23.688323], [91.922688, 23.722972], [91.936641, 23.72354], [92.00351, 23.647421], [92.019013, 23.640057], [92.042371, 23.64556], [92.059631, 23.659487], [92.108414, 23.718243], [92.150788, 23.731653], [92.1943, 23.648144], [92.209389, 23.661606], [92.222102, 23.707779], [92.238741, 23.716848], [92.259309, 23.706487], [92.261686, 23.685119], [92.250007, 23.642615], [92.252797, 23.609309], [92.291038, 23.495285], [92.301477, 23.431801], [92.325351, 23.403508], [92.326695, 23.375267], [92.348606, 23.354105], [92.347055, 23.315426], [92.357494, 23.278942], [92.332689, 23.226258], [92.327625, 23.171429], [92.35305, 23.029913], [92.352223, 22.960331], [92.359871, 22.926612], [92.378681, 22.900438], [92.411858, 22.887932], [92.426327, 22.87106], [92.442037, 22.762927], [92.480691, 22.726159], [92.495883, 22.695618], [92.500844, 22.560536], [92.517381, 22.51258], [92.577015, 22.168674], [92.575568, 22.143301], [92.537328, 22.128625], [92.559962, 22.061342], [92.593035, 21.886934]]], [[[91.938731, 21.71483], [91.974864, 21.648749], [91.983897, 21.609198], [91.970225, 21.523586], [91.961111, 21.506171], [91.894542, 21.506781], [91.899669, 21.486029], [91.877126, 21.481024], [91.862559, 21.49494], [91.855235, 21.519477], [91.871104, 21.547675], [91.874034, 21.581855], [91.847911, 21.688788], [91.853526, 21.725816], [91.872325, 21.754828], [91.89796, 21.743313], [91.902843, 21.730292], [91.887706, 21.684963], [91.903331, 21.702867], [91.909516, 21.726793], [91.901215, 21.774319], [91.935557, 21.781155], [91.938731, 21.71483]]], [[[89.139008, 21.766832], [89.144705, 21.739325], [89.132498, 21.721625], [89.102306, 21.736762], [89.051524, 21.793199], [89.06422, 21.822089], [89.063813, 21.841457], [89.045665, 21.91706], [89.057384, 21.91767], [89.067638, 21.904364], [89.092784, 21.793402], [89.139008, 21.766832]]], [[[91.862804, 21.789984], [91.83253, 21.725816], [91.823985, 21.742621], [91.839854, 21.825507], [91.83253, 21.876695], [91.843435, 21.906968], [91.867198, 21.931952], [91.887706, 21.866156], [91.862804, 21.789984]]], [[[90.593516, 21.966132], [90.606619, 21.938788], [90.590831, 21.935126], [90.580821, 21.912502], [90.565603, 21.91767], [90.540782, 21.875922], [90.521251, 21.861477], [90.503591, 21.862454], [90.503591, 21.869859], [90.531505, 21.876695], [90.510427, 21.897854], [90.521983, 21.938788], [90.593516, 21.986558], [90.593516, 21.966132]]], [[[90.37143, 21.994778], [90.394298, 22.00023], [90.390636, 21.978258], [90.365489, 21.938707], [90.341563, 21.860297], [90.322927, 21.843899], [90.318614, 21.892808], [90.332205, 21.938788], [90.37143, 21.994778]]], [[[90.381114, 22.023098], [90.33961, 21.972317], [90.358653, 22.022691], [90.373871, 22.045559], [90.387462, 22.048041], [90.381114, 22.023098]]], [[[90.473318, 22.003648], [90.486176, 21.976793], [90.476329, 21.945014], [90.415538, 21.900539], [90.402354, 21.906887], [90.394298, 21.938788], [90.411876, 21.97602], [90.415538, 22.038316], [90.428477, 22.048041], [90.473318, 22.003648]]], [[[90.538341, 22.068508], [90.483653, 22.03498], [90.49171, 22.080146], [90.503103, 22.09634], [90.533458, 22.110053], [90.560069, 22.137681], [90.57252, 22.137397], [90.592784, 22.15941], [90.613455, 22.164049], [90.593516, 22.102607], [90.586192, 22.130561], [90.559744, 22.023749], [90.538341, 22.00023], [90.519542, 21.994696], [90.509044, 21.999416], [90.503591, 22.024115], [90.544444, 22.061672], [90.538341, 22.068508]]], [[[90.951182, 22.21247], [90.956716, 22.198879], [90.956716, 22.144843], [90.948985, 22.121649], [90.929373, 22.116889], [90.9192, 22.132148], [90.920258, 22.160061], [90.935557, 22.21247], [90.941742, 22.205024], [90.951182, 22.21247]]], [[[90.977061, 22.239203], [90.982921, 22.259182], [90.996918, 22.253485], [90.997813, 22.235093], [90.987804, 22.19538], [90.97641, 22.185777], [90.977061, 22.239203]]], [[[90.937185, 22.232733], [90.956716, 22.277655], [90.960216, 22.322984], [90.97641, 22.363349], [90.989513, 22.340766], [90.994395, 22.302069], [90.990082, 22.281399], [90.952891, 22.226752], [90.937185, 22.232733]]], [[[91.15645, 22.332079], [91.171397, 22.319648], [91.186785, 22.227757], [91.141468, 22.146201], [91.093689, 22.118859], [91.063294, 22.089848], [91.022472, 22.094875], [91.005111, 22.116822], [91.059093, 22.192043], [91.068274, 22.240733], [91.074801, 22.38859], [91.092257, 22.391338], [91.148847, 22.357057], [91.15645, 22.332079]]], [[[90.60141, 22.429185], [90.601573, 22.44831], [90.614431, 22.449042], [90.633149, 22.431627], [90.658702, 22.379543], [90.661143, 22.355902], [90.647472, 22.383775], [90.640391, 22.366034], [90.646739, 22.326077], [90.640147, 22.308743], [90.633311, 22.349677], [90.640147, 22.349677], [90.61964, 22.42475], [90.60141, 22.429185]]], [[[90.653494, 22.483466], [90.665294, 22.469143], [90.667328, 22.439032], [90.647472, 22.42475], [90.653494, 22.483466]]], [[[91.199988, 22.514694], [91.21083, 22.495521], [91.201017, 22.472196], [91.159533, 22.450674], [91.134163, 22.44948], [91.11371, 22.461415], [91.123562, 22.489146], [91.199988, 22.514694]]], [[[91.556361, 22.47821], [91.563633, 22.435621], [91.555179, 22.402031], [91.507519, 22.396797], [91.476052, 22.413317], [91.446517, 22.453242], [91.423786, 22.525302], [91.446765, 22.576304], [91.467557, 22.58631], [91.556361, 22.47821]]], [[[90.855024, 22.434665], [90.835022, 22.339616], [90.836192, 22.178168], [90.827891, 22.152411], [90.77475, 22.075914], [90.757335, 22.061672], [90.750011, 22.075995], [90.717784, 22.048407], [90.691661, 22.007025], [90.647472, 21.994045], [90.639415, 22.016099], [90.681814, 22.102607], [90.625987, 22.027167], [90.610037, 22.024115], [90.603526, 22.044013], [90.607758, 22.072333], [90.633311, 22.123114], [90.622244, 22.145087], [90.631847, 22.182115], [90.678477, 22.282782], [90.687999, 22.377631], [90.677745, 22.426703], [90.681814, 22.445258], [90.647472, 22.548285], [90.574962, 22.598863], [90.558767, 22.602932], [90.556326, 22.674709], [90.58546, 22.768052], [90.613455, 22.781684], [90.650564, 22.787421], [90.684095, 22.694373], [90.746979, 22.596907], [90.76694, 22.517531], [90.855024, 22.434665]]], [[[90.678233, 22.808336], [90.590956, 22.813919], [90.531559, 22.769237], [90.534612, 22.728775], [90.520993, 22.711765], [90.49822, 22.733832], [90.492849, 22.753241], [90.45574, 22.767401], [90.464203, 22.778876], [90.463145, 22.834052], [90.473399, 22.865139], [90.537608, 22.866767], [90.544444, 22.880683], [90.592296, 22.881903], [90.645254, 22.849289], [90.678233, 22.808336]]], [[[90.633311, 22.95303], [90.667328, 22.918199], [90.636241, 22.921332], [90.599132, 22.959174], [90.524099, 22.95303], [90.508067, 22.975775], [90.528005, 23.007636], [90.56129, 23.03262], [90.586192, 23.034898], [90.667328, 22.95303], [90.633311, 22.95303]]], [[[90.515636, 23.051947], [90.469493, 23.007636], [90.45574, 23.062812], [90.510427, 23.069037], [90.515636, 23.051947]]], [[[90.506114, 23.314195], [90.487071, 23.319037], [90.437266, 23.361802], [90.426606, 23.375963], [90.429698, 23.385159], [90.45574, 23.384955], [90.539399, 23.350002], [90.577647, 23.323635], [90.586192, 23.301744], [90.529552, 23.333564], [90.524099, 23.322252], [90.506114, 23.314195]]]]}}, {"type": "Feature", "properties": {"name": "Nepal"}, "geometry": {"type": "Polygon", "coordinates": [[[88.164623, 27.845356], [88.166587, 27.833599], [88.154598, 27.815151], [88.159662, 27.77412], [88.134858, 27.723167], [88.11088, 27.639503], [88.02334, 27.494912], [88.028094, 27.455121], [88.041633, 27.438068], [88.014762, 27.378072], [88.035122, 27.322571], [87.989337, 27.218391], [87.985461, 27.14837], [87.969183, 27.110801], [88.009491, 27.045637], [88.055948, 27.018042], [88.096824, 26.959337], [88.151394, 26.862806], [88.167827, 26.762915], [88.163383, 26.705141], [88.101681, 26.581944], [88.079822, 26.517556], [88.074189, 26.453942], [88.044321, 26.405676], [88.006648, 26.369864], [87.975488, 26.366557], [87.914768, 26.40826], [87.897301, 26.443452], [87.869809, 26.464639], [87.852084, 26.46066], [87.821595, 26.437509], [87.768988, 26.451461], [87.756173, 26.446914], [87.74222, 26.410482], [87.727544, 26.403764], [87.68119, 26.424228], [87.586984, 26.378029], [87.552051, 26.386711], [87.480324, 26.423401], [87.416452, 26.426967], [87.356404, 26.403712], [87.326225, 26.353328], [87.314029, 26.343768], [87.30049, 26.34599], [87.2453, 26.370226], [87.2191, 26.408105], [87.135022, 26.394204], [87.10629, 26.404746], [87.066706, 26.465621], [87.041333, 26.580187], [87.029912, 26.579774], [86.972448, 26.531973], [86.875968, 26.494921], [86.865684, 26.472442], [86.821863, 26.438129], [86.796438, 26.431514], [86.738199, 26.44371], [86.713601, 26.414565], [86.5579, 26.484018], [86.494906, 26.527839], [86.353674, 26.582616], [86.316002, 26.580963], [86.308613, 26.60215], [86.284428, 26.61202], [86.195855, 26.582668], [86.152653, 26.600651], [86.115859, 26.602563], [86.041704, 26.645455], [86.01137, 26.654447], [85.952148, 26.642044], [85.866366, 26.579929], [85.828538, 26.566131], [85.809728, 26.603028], [85.780996, 26.599204], [85.712887, 26.653206], [85.702241, 26.68845], [85.709631, 26.76245], [85.701828, 26.796608], [85.687772, 26.811853], [85.598578, 26.854383], [85.439622, 26.78772], [85.421535, 26.782656], [85.385878, 26.788444], [85.337044, 26.746792], [85.302369, 26.737336], [85.194934, 26.758885], [85.165685, 26.786273], [85.162016, 26.851024], [85.122845, 26.8657], [85.043987, 26.843737], [85.018562, 26.845804], [85.018045, 26.874433], [84.952726, 26.897636], [84.924046, 26.955668], [84.851751, 26.982127], [84.828134, 26.994943], [84.817489, 27.0106], [84.801934, 27.013753], [84.760697, 26.999025], [84.627268, 27.03649], [84.62148, 27.057988], [84.654398, 27.125374], [84.657654, 27.203405], [84.631919, 27.277044], [84.606546, 27.310479], [84.577039, 27.329031], [84.289408, 27.376108], [84.267703, 27.388562], [84.225536, 27.440393], [84.185848, 27.438636], [84.165746, 27.472174], [84.121563, 27.494964], [84.11717, 27.513283], [84.099548, 27.516874], [84.079601, 27.509536], [84.028907, 27.453726], [84.007668, 27.440807], [83.923022, 27.449954], [83.834087, 27.434037], [83.87119, 27.38944], [83.87765, 27.369907], [83.877391, 27.361742], [83.854602, 27.34505], [83.663399, 27.43228], [83.590432, 27.45662], [83.480981, 27.469746], [83.387034, 27.470469], [83.360989, 27.462201], [83.355925, 27.452486], [83.355821, 27.428663], [83.370962, 27.410214], [83.362746, 27.385616], [83.32435, 27.341691], [83.282441, 27.330943], [83.249419, 27.348099], [83.21924, 27.393781], [83.169631, 27.431195], [83.132786, 27.444217], [83.010468, 27.443391], [82.947164, 27.457317], [82.876264, 27.487548], [82.752137, 27.494964], [82.72971, 27.518166], [82.709246, 27.630924], [82.69705, 27.669397], [82.679687, 27.694409], [82.652143, 27.70415], [82.526156, 27.675211], [82.440683, 27.666426], [82.401926, 27.677175], [82.347924, 27.726009], [82.270409, 27.760477], [82.151037, 27.848275], [82.090369, 27.872331], [82.051611, 27.905171], [82.02722, 27.912406], [81.975905, 27.916953], [81.946398, 27.905352], [81.883198, 27.849051], [81.855654, 27.850937], [81.750131, 27.909667], [81.688946, 27.963204], [81.615049, 27.981239], [81.561925, 28.025991], [81.473455, 28.066402], [81.458211, 28.07728], [81.435267, 28.129783], [81.396044, 28.160634], [81.357907, 28.165982], [81.338115, 28.132728], [81.307057, 28.123814], [81.296205, 28.12831], [81.299409, 28.142521], [81.276775, 28.153787], [81.295947, 28.167455], [81.282356, 28.191588], [81.224323, 28.250783], [81.190372, 28.338116], [81.169701, 28.361319], [81.146344, 28.372249], [81.000409, 28.397002], [80.9878, 28.430979], [80.976018, 28.436922], [80.941188, 28.432684], [80.905273, 28.440849], [80.88667, 28.452786], [80.872252, 28.496866], [80.798406, 28.505703], [80.781663, 28.514746], [80.727093, 28.559679], [80.67862, 28.574717], [80.635625, 28.627866], [80.563589, 28.647038], [80.555837, 28.678948], [80.517596, 28.680033], [80.487624, 28.656469], [80.493412, 28.575647], [80.488451, 28.562444], [80.408352, 28.626342], [80.349751, 28.620218], [80.329701, 28.627479], [80.291047, 28.689671], [80.257044, 28.702745], [80.233273, 28.732718], [80.162063, 28.753285], [80.11421, 28.802584], [80.036386, 28.837026], [80.031115, 28.897798], [80.04052, 28.932809], [80.052922, 28.949113], [80.099431, 28.977276], [80.107906, 28.994588], [80.104702, 29.027609], [80.113073, 29.072206], [80.132607, 29.110214], [80.16351, 29.123366], [80.220664, 29.126079], [80.233066, 29.139308], [80.213739, 29.196565], [80.218803, 29.211086], [80.236063, 29.213076], [80.258181, 29.202456], [80.278748, 29.268085], [80.280092, 29.31015], [80.254977, 29.316635], [80.242161, 29.367408], [80.213739, 29.416888], [80.217666, 29.434639], [80.257457, 29.450064], [80.266242, 29.47213], [80.320089, 29.515822], [80.327221, 29.52484], [80.327221, 29.548585], [80.350785, 29.562073], [80.385201, 29.604835], [80.386752, 29.626823], [80.354402, 29.70488], [80.354299, 29.730279], [80.368975, 29.757926], [80.395227, 29.776582], [80.454861, 29.790586], [80.476152, 29.80614], [80.549533, 29.89368], [80.57134, 29.946855], [80.641413, 29.963444], [80.6959636684581, 30.0], [82.39843171111927, 30.0], [82.457065, 29.95409], [82.541814, 29.923239], [82.618502, 29.839833], [82.635865, 29.829033], [82.666974, 29.835028], [82.688988, 29.827741], [82.681754, 29.797717], [82.690952, 29.780741], [82.751517, 29.739323], [82.781076, 29.705113], [82.815544, 29.690127], [82.836576, 29.659793], [82.899725, 29.688422], [82.931919, 29.664185], [82.975896, 29.66403], [83.032895, 29.620467], [83.064935, 29.57879], [83.079559, 29.579643], [83.093357, 29.615144], [83.150046, 29.625635], [83.173558, 29.621268], [83.187253, 29.612095], [83.197175, 29.589099], [83.229317, 29.575948], [83.26084, 29.542048], [83.26332, 29.527088], [83.247197, 29.494738], [83.26394, 29.473008], [83.327968, 29.485023], [83.355201, 29.460735], [83.35701, 29.415363], [83.38724, 29.393504], [83.393132, 29.356245], [83.428168, 29.333456], [83.437212, 29.305241], [83.493384, 29.276147], [83.502996, 29.261032], [83.523718, 29.183594], [83.56139, 29.176231], [83.583818, 29.162149], [83.639266, 29.154759], [83.65601, 29.160779], [83.675078, 29.208761], [83.69549, 29.226176], [83.719727, 29.233591], [83.79321, 29.234754], [83.868865, 29.263435], [83.883438, 29.282012], [83.914392, 29.289402], [83.957955, 29.28904], [83.973251, 29.277025], [83.975835, 29.263745], [84.012525, 29.270204], [84.035211, 29.247622], [84.08973, 29.256613], [84.112364, 29.209097], [84.155462, 29.206642], [84.161663, 29.192534], [84.13226, 29.143804], [84.137996, 29.124657], [84.166211, 29.098458], [84.175461, 29.057401], [84.220575, 29.0389], [84.231427, 29.025981], [84.206725, 28.940664], [84.235147, 28.90002], [84.285997, 28.873743], [84.354003, 28.861289], [84.376586, 28.848835], [84.422733, 28.799173], [84.450845, 28.73388], [84.498594, 28.72786], [84.551821, 28.706388], [84.616209, 28.69365], [84.632642, 28.668794], [84.682975, 28.650759], [84.677756, 28.604405], [84.755632, 28.585414], [84.781781, 28.558904], [84.81196, 28.54198], [84.92849, 28.538466], [84.954948, 28.574303], [85.002491, 28.594431], [85.02528, 28.628409], [85.054942, 28.638692], [85.11189, 28.608823], [85.160982, 28.595], [85.16801, 28.583192], [85.153748, 28.524901], [85.123155, 28.504592], [85.109461, 28.459298], [85.077577, 28.435681], [85.08569, 28.381008], [85.080212, 28.318789], [85.087395, 28.304113], [85.109409, 28.292254], [85.173591, 28.30432], [85.223924, 28.271686], [85.259581, 28.266932], [85.312601, 28.282771], [85.345364, 28.261248], [85.362572, 28.259672], [85.41523, 28.296439], [85.43156, 28.297059], [85.475692, 28.279102], [85.52065, 28.282926], [85.565299, 28.275381], [85.59894, 28.250835], [85.611807, 28.251145], [85.639093, 28.287887], [85.675059, 28.306387], [85.679142, 28.332897], [85.692939, 28.335222], [85.699761, 28.269102], [85.734487, 28.221534], [85.782753, 28.1881], [85.848279, 28.158928], [85.863368, 28.143348], [85.87174, 28.110921], [85.889103, 28.090276], [85.898302, 28.036016], [85.956593, 27.976226], [85.951218, 27.91623], [85.96269, 27.891374], [85.98026, 27.885172], [86.061703, 27.889048], [86.112862, 27.926798], [86.095602, 27.957855], [86.098134, 27.985631], [86.079169, 28.001134], [86.084699, 28.043871], [86.068731, 28.076763], [86.15596, 28.156525], [86.176011, 28.153011], [86.186036, 28.133529], [86.187173, 28.108699], [86.172238, 28.071828], [86.203038, 28.002581], [86.278072, 27.983694], [86.327733, 27.939691], [86.362976, 27.946099], [86.425298, 27.909925], [86.496921, 27.937882], [86.510461, 27.952429], [86.516197, 28.012245], [86.538366, 28.047178], [86.544154, 28.093015], [86.553559, 28.104151], [86.569527, 28.106606], [86.612315, 28.080277], [86.661976, 28.106838], [86.699648, 28.098751], [86.731739, 28.076918], [86.732204, 28.034957], [86.739801, 28.021495], [86.76998, 28.01209], [86.840466, 28.014777], [86.868165, 27.994881], [86.876898, 27.970645], [86.893073, 27.954186], [86.914725, 27.945117], [87.005676, 27.951499], [87.062003, 27.908427], [87.116522, 27.844581], [87.155796, 27.825796], [87.232897, 27.829724], [87.290516, 27.816081], [87.335837, 27.846363], [87.363845, 27.855252], [87.385343, 27.849412], [87.369116, 27.819078], [87.369116, 27.803937], [87.531587, 27.836803], [87.551327, 27.831894], [87.573342, 27.805022], [87.589981, 27.804609], [87.636077, 27.823652], [87.700466, 27.805642], [87.726821, 27.807761], [87.779841, 27.839439], [87.825884, 27.906566], [87.836685, 27.908323], [87.856115, 27.898608], [87.93456, 27.895301], [87.978433, 27.880522], [88.029954, 27.893337], [88.164623, 27.845356]]]}}]}