{"type": "FeatureCollection", "features": [{"type": "Feature", "properties": {"name": "Costa Rica"}, "geometry": {"type": "MultiPolygon", "coordinates": [[[[-83.678335, 10.935953], [-83.675564, 10.925976], [-83.665352, 10.935318], [-83.644358, 10.92593], [-83.598704, 10.856594], [-83.580556, 10.807318], [-83.582875, 10.775702], [-83.597564, 10.793606], [-83.62385, 10.857611], [-83.606923, 10.777777], [-83.608632, 10.74551], [-83.637522, 10.721096], [-83.589101, 10.747748], [-83.594716, 10.736558], [-83.589101, 10.721096], [-83.575429, 10.768256], [-83.466176, 10.494534], [-83.394521, 10.376044], [-83.203725, 10.12934], [-83.085317, 10.002143], [-83.061513, 10.015326], [-83.026031, 10.005032], [-83.02452508287591, 10.0], [-84.86254456520925, 10.0], [-84.898101, 10.015326], [-84.952016, 10.055447], [-84.960968, 10.064887], [-84.956166, 10.069363], [-85.013905, 10.115994], [-85.046051, 10.136135], [-85.067372, 10.131415], [-85.076202, 10.138251], [-85.068349, 10.155666], [-85.089874, 10.17239], [-85.1079, 10.166571], [-85.193471, 10.170111], [-85.234527, 10.207099], [-85.22879, 10.231594], [-85.246246, 10.252631], [-85.289174, 10.282253], [-85.28307, 10.26203], [-85.25418, 10.241156], [-85.238881, 10.143134], [-85.227081, 10.124579], [-85.240102, 10.116278], [-85.238271, 10.102444], [-85.226471, 10.089382], [-85.195912, 10.078762], [-85.171864, 10.04206], [-85.157582, 10.045356], [-85.152577, 10.035834], [-85.186147, 10.04206], [-85.186147, 10.035834], [-85.14527941228526, 10.0], [-85.7127666657743, 10.0], [-85.778554, 10.079901], [-85.844024, 10.231024], [-85.857696, 10.289089], [-85.838165, 10.312038], [-85.874989, 10.355048], [-85.85025, 10.378485], [-85.830352, 10.412014], [-85.813262, 10.4053], [-85.796742, 10.431423], [-85.775502, 10.447292], [-85.809234, 10.494534], [-85.795644, 10.50137], [-85.809234, 10.515041], [-85.790517, 10.524115], [-85.781972, 10.542996], [-85.76122, 10.531806], [-85.721588, 10.55093], [-85.700063, 10.54914], [-85.701405, 10.562283], [-85.677846, 10.592108], [-85.661855, 10.590115], [-85.631744, 10.621161], [-85.652252, 10.644721], [-85.693227, 10.603787], [-85.700063, 10.611233], [-85.688466, 10.62995], [-85.672719, 10.637885], [-85.679555, 10.644721], [-85.687001, 10.637885], [-85.68399, 10.649075], [-85.672719, 10.652167], [-85.679555, 10.665839], [-85.662872, 10.678982], [-85.665273, 10.778835], [-85.680287, 10.796332], [-85.74649, 10.816189], [-85.767486, 10.806098], [-85.80309, 10.837185], [-85.792388, 10.838324], [-85.795644, 10.850857], [-85.830352, 10.850857], [-85.908803, 10.88642], [-85.946441, 10.89114], [-85.946441, 10.898586], [-85.857696, 10.92593], [-85.878163, 10.946357], [-85.816151, 10.946357], [-85.814605, 10.922268], [-85.795644, 10.905463], [-85.781972, 10.912869], [-85.793365, 10.930243], [-85.78246, 10.937445], [-85.740997, 10.939602], [-85.725209, 10.92768], [-85.710561, 10.92829], [-85.713735, 10.953803], [-85.698883, 10.959255], [-85.69815, 10.983222], [-85.746002, 11.023017], [-85.718861, 11.042914], [-85.699615, 11.028632], [-85.679555, 11.028957], [-85.667511, 11.039862], [-85.68102, 11.068386], [-85.701736, 11.08088], [-85.631151, 11.196217], [-85.597794, 11.209937], [-85.508626, 11.152421], [-84.9314, 10.941891], [-84.908404, 10.939359], [-84.884969, 10.947679], [-84.707771, 11.063047], [-84.676455, 11.070411], [-84.62067, 11.035762], [-84.58168, 11.03447], [-84.498171, 11.001991], [-84.457837, 10.961348], [-84.4382, 10.952201], [-84.417762, 10.955043], [-84.355466, 10.994627], [-84.345984, 10.989899], [-84.341798, 10.959901], [-84.310741, 10.919412], [-84.264283, 10.901816], [-84.20837, 10.860966], [-84.204649, 10.836988], [-84.227102, 10.819315], [-84.191601, 10.78172], [-84.180413, 10.789756], [-84.137004, 10.789162], [-84.118427, 10.77123], [-84.106929, 10.766915], [-84.088558, 10.775519], [-84.07644, 10.763814], [-84.051635, 10.77955], [-84.034556, 10.775519], [-84.009234, 10.789446], [-83.998201, 10.782056], [-83.993628, 10.765003], [-83.933322, 10.718055], [-83.917276, 10.713482], [-83.886865, 10.72715], [-83.859528, 10.721776], [-83.835343, 10.747614], [-83.698142, 10.789162], [-83.663028, 10.807016], [-83.660134, 10.834172], [-83.669855, 10.891718], [-83.679832, 10.897011], [-83.6788, 10.916154], [-83.6965, 10.936594], [-83.678335, 10.935953]]], [[[-85.09732, 10.08983], [-85.09732, 10.083645], [-85.158803, 10.076158], [-85.185292, 10.092434], [-85.199127, 10.117743], [-85.171864, 10.124579], [-85.110463, 10.110297], [-85.110463, 10.103461], [-85.145131, 10.103461], [-85.09732, 10.08983]]]]}}, {"type": "Feature", "properties": {"name": "Nicaragua"}, "geometry": {"type": "MultiPolygon", "coordinates": [[[[-85.785797, 11.11225], [-85.80309, 11.166083], [-85.821319, 11.192816], [-85.928009, 11.310736], [-85.960113, 11.334011], [-85.994862, 11.343655], [-86.043935, 11.398098], [-86.070587, 11.411689], [-86.104726, 11.447292], [-86.148305, 11.471747], [-86.16275, 11.484524], [-86.176137, 11.522406], [-86.207143, 11.536038], [-86.244374, 11.571601], [-86.352081, 11.622626], [-86.376617, 11.66946], [-86.496368, 11.759426], [-86.515614, 11.783108], [-86.542388, 11.842353], [-86.605214, 11.90469], [-86.63036, 11.964911], [-86.689809, 12.024075], [-86.727569, 12.088284], [-86.772572, 12.197414], [-87.002227, 12.341376], [-87.015045, 12.356838], [-87.071401, 12.388699], [-87.101959, 12.420966], [-87.17101, 12.451443], [-87.173573, 12.474514], [-87.142486, 12.446845], [-87.097808, 12.433539], [-87.12267, 12.460354], [-87.157867, 12.481024], [-87.180409, 12.522976], [-87.186635, 12.522976], [-87.176422, 12.485907], [-87.238067, 12.550238], [-87.312978, 12.60281], [-87.331207, 12.638983], [-87.344838, 12.619167], [-87.454864, 12.743801], [-87.467763, 12.769965], [-87.447296, 12.756293], [-87.447296, 12.762519], [-87.460927, 12.769965], [-87.46349, 12.786322], [-87.480255, 12.799994], [-87.522979, 12.817165], [-87.482533, 12.781195], [-87.482045, 12.769965], [-87.492218, 12.771389], [-87.529205, 12.803494], [-87.670929, 12.8935], [-87.685658, 12.91828], [-87.685821, 12.947577], [-87.667022, 12.982245], [-87.588775, 13.046332], [-87.583852, 13.084662], [-87.577626, 13.084662], [-87.583852, 13.057318], [-87.547637, 13.052151], [-87.506378, 13.01968], [-87.467763, 12.982245], [-87.467763, 12.954291], [-87.435048, 12.92239], [-87.392486, 12.913398], [-87.289581, 12.919582], [-87.289581, 12.927029], [-87.367787, 12.928534], [-87.379018, 12.937567], [-87.368927, 12.953559], [-87.314036, 12.981553], [-87.084654, 12.995926], [-87.035045, 12.979777], [-87.029618, 12.996081], [-86.983187, 13.021868], [-86.948409, 13.069694], [-86.922932, 13.086386], [-86.920245, 13.096178], [-86.932338, 13.108529], [-86.923708, 13.161136], [-86.934921, 13.185527], [-86.910789, 13.239581], [-86.8495, 13.288828], [-86.816221, 13.291929], [-86.7493, 13.261285], [-86.725477, 13.273299], [-86.704031, 13.298828], [-86.709922, 13.348902], [-86.740205, 13.381923], [-86.724288, 13.439413], [-86.756586, 13.55938], [-86.751573, 13.624415], [-86.774053, 13.654594], [-86.766198, 13.74526], [-86.727234, 13.768256], [-86.66269, 13.764691], [-86.541664, 13.782131], [-86.490814, 13.759497], [-86.448233, 13.772959], [-86.426529, 13.752986], [-86.410096, 13.749033], [-86.340126, 13.756655], [-86.313564, 13.776602], [-86.284108, 13.845719], [-86.218583, 13.914371], [-86.184063, 13.966875], [-86.149698, 13.984264], [-86.121689, 14.027207], [-86.09673, 14.044079], [-86.020197, 14.055164], [-86.031256, 14.022582], [-86.028413, 13.996072], [-85.957772, 13.946101], [-85.929401, 13.912098], [-85.9155, 13.907447], [-85.883564, 13.913855], [-85.861602, 13.904424], [-85.824162, 13.847683], [-85.758301, 13.839286], [-85.742462, 13.823705], [-85.723006, 13.863418], [-85.747449, 13.888275], [-85.727347, 13.965014], [-85.699235, 13.9615], [-85.666188, 13.984471], [-85.651486, 13.98199], [-85.644613, 13.988786], [-85.647868, 13.999302], [-85.612806, 14.00974], [-85.593608, 14.03346], [-85.527953, 14.050901], [-85.510641, 14.093792], [-85.474675, 14.103404], [-85.431732, 14.132834], [-85.409123, 14.166165], [-85.384008, 14.226445], [-85.362873, 14.250113], [-85.343623, 14.250113], [-85.321351, 14.281326], [-85.277813, 14.29732], [-85.215207, 14.301583], [-85.169629, 14.321763], [-85.158027, 14.338273], [-85.159035, 14.361063], [-85.171877, 14.38101], [-85.205828, 14.407158], [-85.178491, 14.427648], [-85.178491, 14.455605], [-85.151826, 14.485964], [-85.14547, 14.564254], [-85.137538, 14.578491], [-85.119322, 14.573969], [-85.086378, 14.54454], [-85.065242, 14.554255], [-85.029637, 14.588956], [-85.022222, 14.605802], [-85.048163, 14.605776], [-85.020206, 14.633733], [-85.053925, 14.66306], [-85.033048, 14.669571], [-85.015659, 14.728172], [-84.904219, 14.816978], [-84.8181, 14.828657], [-84.792132, 14.82106], [-84.77017, 14.805144], [-84.755468, 14.781476], [-84.76694, 14.766903], [-84.747045, 14.764475], [-84.745288, 14.739101], [-84.72485, 14.72564], [-84.699321, 14.674687], [-84.680847, 14.685461], [-84.600439, 14.662517], [-84.52742, 14.660398], [-84.534215, 14.633733], [-84.519048, 14.638281], [-84.482694, 14.619471], [-84.408435, 14.649417], [-84.362934, 14.715615], [-84.338387, 14.674687], [-84.287796, 14.66722], [-84.267281, 14.677736], [-84.261803, 14.758532], [-84.226379, 14.749773], [-84.195011, 14.718715], [-84.168191, 14.714969], [-84.128736, 14.734192], [-84.095431, 14.736104], [-84.122716, 14.784525], [-84.11176, 14.793413], [-84.075199, 14.771632], [-84.047811, 14.770805], [-84.040757, 14.76034], [-83.924718, 14.763441], [-83.929859, 14.771658], [-83.924718, 14.803775], [-83.896554, 14.780443], [-83.883764, 14.777109], [-83.889939, 14.790726], [-83.869475, 14.777109], [-83.839503, 14.797418], [-83.801211, 14.803775], [-83.821055, 14.825479], [-83.765296, 14.828786], [-83.744522, 14.836667], [-83.746563, 14.852195], [-83.723619, 14.851575], [-83.705015, 14.838527], [-83.714498, 14.867233], [-83.710622, 14.878344], [-83.691967, 14.886974], [-83.649954, 14.888498], [-83.615615, 14.872685], [-83.604272, 14.909194], [-83.540477, 14.94157], [-83.54735, 14.955212], [-83.526861, 14.948365], [-83.528618, 14.973402], [-83.523037, 14.977692], [-83.513218, 14.968855], [-83.509084, 15.01154], [-83.485855, 15.01048], [-83.45919, 14.982497], [-83.415472, 14.996941], [-83.390306, 15.03097], [-83.354546, 15.010067], [-83.349352, 14.996812], [-83.334237, 15.006449], [-83.272974, 15.003039], [-83.285661, 14.992109], [-83.266153, 14.982497], [-83.217732, 14.982497], [-83.177399, 14.996812], [-83.130444, 14.997012], [-83.165151, 14.969062], [-83.17984, 14.985989], [-83.191884, 14.97427], [-83.266957, 14.866645], [-83.273793, 14.82567], [-83.294016, 14.804267], [-83.32844, 14.790961], [-83.311391, 14.809516], [-83.308502, 14.82567], [-83.319488, 14.820258], [-83.32844, 14.831855], [-83.305084, 14.838772], [-83.287424, 14.82567], [-83.307851, 14.91059], [-83.322174, 14.913886], [-83.369862, 14.883002], [-83.424631, 14.803941], [-83.411529, 14.818264], [-83.397817, 14.807603], [-83.380238, 14.757392], [-83.337514, 14.731431], [-83.322174, 14.749945], [-83.356313, 14.770453], [-83.333485, 14.773261], [-83.314768, 14.749945], [-83.315419, 14.772773], [-83.308176, 14.779853], [-83.299224, 14.771186], [-83.260121, 14.596015], [-83.191803, 14.386908], [-83.186594, 14.347642], [-83.191396, 14.313422], [-83.218577, 14.250312], [-83.301666, 14.11994], [-83.337514, 14.077541], [-83.34968, 14.048774], [-83.397288, 14.016303], [-83.431264, 13.956732], [-83.493804, 13.737738], [-83.517486, 13.623684], [-83.520375, 13.531643], [-83.559153, 13.415839], [-83.570139, 13.287095], [-83.561147, 13.249172], [-83.568593, 13.242906], [-83.50768, 12.902777], [-83.541331, 12.638983], [-83.541331, 12.580634], [-83.513824, 12.510484], [-83.485911, 12.472154], [-83.481801, 12.416653], [-83.492299, 12.400336], [-83.512563, 12.393785], [-83.617584, 12.375149], [-83.637522, 12.385728], [-83.603383, 12.413723], [-83.602528, 12.425442], [-83.612701, 12.454901], [-83.634633, 12.474107], [-83.637522, 12.564521], [-83.62385, 12.570746], [-83.58845, 12.559638], [-83.563791, 12.590888], [-83.555409, 12.635891], [-83.568593, 12.673774], [-83.556549, 12.696723], [-83.554921, 12.75259], [-83.541331, 12.769965], [-83.544667, 12.79678], [-83.564036, 12.81269], [-83.616363, 12.817125], [-83.637034, 12.805325], [-83.645904, 12.786851], [-83.637522, 12.748847], [-83.613271, 12.735256], [-83.610219, 12.707913], [-83.597483, 12.694322], [-83.603383, 12.652655], [-83.589101, 12.632148], [-83.673695, 12.570461], [-83.7058, 12.557074], [-83.767201, 12.546698], [-83.774648, 12.533515], [-83.774648, 12.481431], [-83.740956, 12.479722], [-83.726226, 12.468329], [-83.71939, 12.423651], [-83.733713, 12.362982], [-83.726226, 12.344794], [-83.707672, 12.335883], [-83.67634, 12.342475], [-83.67101, 12.327094], [-83.676381, 12.279853], [-83.64977, 12.353176], [-83.621205, 12.355658], [-83.617014, 12.348049], [-83.663726, 12.25609], [-83.685902, 12.137437], [-83.678578, 12.009426], [-83.67101, 11.987942], [-83.685292, 11.981106], [-83.681223, 12.001654], [-83.723744, 12.074652], [-83.700673, 12.095201], [-83.692738, 12.118232], [-83.697865, 12.135199], [-83.728627, 12.171576], [-83.747385, 12.180325], [-83.77774, 12.177151], [-83.776275, 12.162299], [-83.760325, 12.153062], [-83.739898, 12.166653], [-83.713246, 12.125678], [-83.739369, 12.051947], [-83.803944, 12.060289], [-83.761301, 12.035346], [-83.754221, 11.999091], [-83.767201, 11.964301], [-83.759836, 11.946845], [-83.83609, 11.871243], [-83.806956, 11.848212], [-83.784779, 11.813544], [-83.76773, 11.804836], [-83.742909, 11.805243], [-83.747385, 11.824042], [-83.735097, 11.853664], [-83.709543, 11.85814], [-83.699941, 11.849921], [-83.653635, 11.667467], [-83.651723, 11.619371], [-83.664784, 11.59809], [-83.694732, 11.593655], [-83.713735, 11.573472], [-83.7447, 11.568508], [-83.761057, 11.557115], [-83.794423, 11.443996], [-83.821889, 11.447252], [-83.862782, 11.392035], [-83.867909, 11.273668], [-83.83727, 11.142524], [-83.815663, 11.090399], [-83.752065, 10.982245], [-83.725453, 10.963202], [-83.710317, 10.922675], [-83.692738, 10.92593], [-83.6965, 10.936594], [-83.6788, 10.916154], [-83.679832, 10.897011], [-83.669855, 10.891718], [-83.660134, 10.834172], [-83.663028, 10.807016], [-83.698142, 10.789162], [-83.835343, 10.747614], [-83.859528, 10.721776], [-83.886865, 10.72715], [-83.907483, 10.715368], [-83.926578, 10.714903], [-83.993628, 10.765003], [-83.998201, 10.782056], [-84.009234, 10.789446], [-84.034556, 10.775519], [-84.051635, 10.77955], [-84.07644, 10.763814], [-84.088558, 10.775519], [-84.106929, 10.766915], [-84.118427, 10.77123], [-84.137004, 10.789162], [-84.180413, 10.789756], [-84.191601, 10.78172], [-84.227102, 10.819315], [-84.204649, 10.836988], [-84.20837, 10.860966], [-84.264283, 10.901816], [-84.310741, 10.919412], [-84.341798, 10.959901], [-84.345984, 10.989899], [-84.355466, 10.994627], [-84.417762, 10.955043], [-84.4382, 10.952201], [-84.457837, 10.961348], [-84.498171, 11.001991], [-84.58168, 11.03447], [-84.62067, 11.035762], [-84.676455, 11.070411], [-84.707771, 11.063047], [-84.884969, 10.947679], [-84.908404, 10.939359], [-84.9314, 10.941891], [-85.508626, 11.152421], [-85.597794, 11.209937], [-85.631151, 11.196217], [-85.701736, 11.08088], [-85.785797, 11.11225]]], [[[-83.675564, 10.925976], [-83.672991, 10.933232], [-83.686867, 10.93797], [-83.665352, 10.935318], [-83.675564, 10.925976]]], [[[-83.736073, 11.941799], [-83.728993, 11.973334], [-83.706858, 11.987047], [-83.724517, 11.936347], [-83.719838, 11.870307], [-83.736073, 11.941799]]], [[[-83.055979, 12.166205], [-83.046457, 12.183743], [-83.032541, 12.190823], [-83.021148, 12.181789], [-83.053944, 12.143866], [-83.055979, 12.166205]]], [[[-82.737782, 14.421942], [-82.728993, 14.413764], [-82.732533, 14.369574], [-82.750844, 14.361477], [-82.808258, 14.36636], [-82.784779, 14.381985], [-82.767323, 14.41413], [-82.737782, 14.421942]]]]}}, {"type": "Feature", "properties": {"name": "El Salvador"}, "geometry": {"type": "MultiPolygon", "coordinates": [[[[-90.114314, 13.796265], [-90.106976, 13.844066], [-90.08708, 13.870472], [-90.047367, 13.894295], [-90.022976, 13.936954], [-89.890788, 14.035889], [-89.835855, 14.059091], [-89.802963, 14.055474], [-89.762268, 14.029997], [-89.747644, 14.037646], [-89.752605, 14.07524], [-89.689844, 14.170015], [-89.638322, 14.200556], [-89.524505, 14.231768], [-89.52466, 14.247374], [-89.544917, 14.261818], [-89.558586, 14.302823], [-89.592175, 14.31383], [-89.598351, 14.32799], [-89.576078, 14.35313], [-89.590573, 14.385971], [-89.584062, 14.401809], [-89.569877, 14.412015], [-89.555175, 14.410827], [-89.544245, 14.400052], [-89.541351, 14.381526], [-89.503033, 14.420051], [-89.485283, 14.427389], [-89.446835, 14.415529], [-89.4311, 14.418708], [-89.398182, 14.445373], [-89.396864, 14.426046], [-89.390611, 14.435993], [-89.361822, 14.415506], [-89.225531, 14.382147], [-89.200158, 14.36468], [-89.153985, 14.351296], [-89.122178, 14.394678], [-89.107476, 14.39597], [-89.091844, 14.374834], [-89.09448, 14.344862], [-89.083085, 14.335328], [-89.032985, 14.323675], [-89.018128, 14.271688], [-88.98353, 14.242129], [-88.965986, 14.191383], [-88.957175, 14.185182], [-88.906016, 14.199574], [-88.881263, 14.1842], [-88.860334, 14.158517], [-88.838759, 14.100407], [-88.777341, 14.099735], [-88.746387, 14.111336], [-88.73923, 14.099942], [-88.746645, 14.052477], [-88.704865, 14.038033], [-88.692695, 14.025295], [-88.690938, 14.009999], [-88.633862, 14.014469], [-88.558104, 13.990904], [-88.504361, 13.983695], [-88.49542, 13.975143], [-88.502293, 13.968942], [-88.496092, 13.955687], [-88.502293, 13.91711], [-88.488677, 13.88135], [-88.496816, 13.851197], [-88.470151, 13.852489], [-88.433228, 13.871067], [-88.392946, 13.879774], [-88.360106, 13.872384], [-88.355067, 13.890962], [-88.326206, 13.885071], [-88.319256, 13.897602], [-88.285433, 13.905974], [-88.2636, 13.933104], [-88.236367, 13.938143], [-88.231586, 13.951811], [-88.244376, 13.9661], [-88.244893, 13.989251], [-88.177533, 13.985194], [-88.125391, 13.991266], [-88.099036, 13.989819], [-88.087538, 13.980543], [-88.072888, 13.943414], [-88.023641, 13.891169], [-88.015321, 13.866364], [-87.954782, 13.892461], [-87.925326, 13.879619], [-87.900108, 13.89414], [-87.860911, 13.890187], [-87.832903, 13.91525], [-87.817891, 13.91587], [-87.790606, 13.870472], [-87.703608, 13.814998], [-87.737844, 13.738775], [-87.731359, 13.722213], [-87.755026, 13.689915], [-87.760091, 13.616948], [-87.789934, 13.532819], [-87.779469, 13.509978], [-87.733426, 13.507704], [-87.720584, 13.486982], [-87.721153, 13.460833], [-87.738412, 13.441687], [-87.817169, 13.406562], [-87.838287, 13.440945], [-87.866444, 13.393337], [-87.873769, 13.365261], [-87.791534, 13.304958], [-87.789906, 13.287014], [-87.798085, 13.265652], [-87.817983, 13.250393], [-87.912465, 13.198188], [-87.916005, 13.182196], [-87.892934, 13.166571], [-87.928212, 13.158637], [-88.098378, 13.174018], [-88.208282, 13.160427], [-88.300893, 13.174221], [-88.324941, 13.166571], [-88.352284, 13.174018], [-88.352284, 13.180243], [-88.329701, 13.181708], [-88.328114, 13.197089], [-88.358429, 13.228664], [-88.337921, 13.194525], [-88.391754, 13.193915], [-88.40685, 13.18769], [-88.365875, 13.18769], [-88.365875, 13.180243], [-88.38915, 13.170844], [-88.414825, 13.171576], [-88.434845, 13.183661], [-88.441029, 13.208197], [-88.427358, 13.201361], [-88.413686, 13.221218], [-88.430776, 13.228787], [-88.449574, 13.254584], [-88.462148, 13.262234], [-88.450185, 13.225369], [-88.454701, 13.215033], [-88.529775, 13.242947], [-88.553985, 13.276435], [-88.598663, 13.283881], [-88.722768, 13.269599], [-88.70873, 13.260525], [-88.666615, 13.255764], [-88.577382, 13.262844], [-88.53661, 13.228664], [-88.53661, 13.221218], [-88.598663, 13.2355], [-88.598663, 13.228664], [-88.473907, 13.198635], [-88.454701, 13.180243], [-88.4617, 13.16828], [-88.527455, 13.198432], [-88.785675, 13.245266], [-89.064809, 13.372016], [-89.183502, 13.443061], [-89.251454, 13.472317], [-89.384999, 13.495307], [-89.527067, 13.494173], [-89.679766, 13.534732], [-89.808048, 13.526858], [-89.823297, 13.53714], [-89.837148, 13.596829], [-89.849662, 13.606876], [-89.951318, 13.66411], [-90.098307, 13.731404], [-90.114314, 13.796265]]], [[[-87.727187, 13.211115], [-87.719913, 13.216191], [-87.706087, 13.211726], [-87.693194, 13.167862], [-87.723111, 13.164078], [-87.727187, 13.211115]]], [[[-87.751387, 13.228925], [-87.763805, 13.214287], [-87.77689, 13.225736], [-87.780169, 13.241643], [-87.765782, 13.248011], [-87.751387, 13.228925]]]]}}, {"type": "Feature", "properties": {"name": "Guatemala"}, "geometry": {"type": "Polygon", "coordinates": [[[-89.390611, 14.435993], [-89.396864, 14.426046], [-89.398182, 14.445373], [-89.4311, 14.418708], [-89.446835, 14.415529], [-89.485283, 14.427389], [-89.503033, 14.420051], [-89.541351, 14.381526], [-89.544245, 14.400052], [-89.555175, 14.410827], [-89.569877, 14.412015], [-89.584062, 14.401809], [-89.590573, 14.385971], [-89.576078, 14.35313], [-89.598351, 14.32799], [-89.592175, 14.31383], [-89.558586, 14.302823], [-89.544917, 14.261818], [-89.52466, 14.247374], [-89.524505, 14.231768], [-89.638322, 14.200556], [-89.689844, 14.170015], [-89.752605, 14.07524], [-89.747644, 14.037646], [-89.762268, 14.029997], [-89.802963, 14.055474], [-89.835855, 14.059091], [-89.890788, 14.035889], [-90.022976, 13.936954], [-90.047367, 13.894295], [-90.08708, 13.870472], [-90.106976, 13.844066], [-90.114314, 13.796265], [-90.098307, 13.731404], [-90.401159, 13.858588], [-90.500209, 13.8947], [-90.580413, 13.913267], [-90.707278, 13.928889], [-90.910333, 13.911135], [-91.04374, 13.913585], [-91.165761, 13.926703], [-91.316461, 13.955679], [-91.551869, 14.057278], [-91.762558, 14.180174], [-91.908193, 14.28384], [-92.049591, 14.408026], [-92.246257, 14.546279], [-92.226097, 14.549346], [-92.208062, 14.570507], [-92.160804, 14.683498], [-92.191655, 14.835297], [-92.15468, 14.900797], [-92.154215, 14.995933], [-92.142356, 15.007483], [-92.103831, 15.01787], [-92.073807, 15.073706], [-92.20336, 15.237159], [-92.211292, 15.272066], [-91.739848, 16.060985], [-91.723776, 16.068788], [-90.485738, 16.0707], [-90.448195, 16.07926], [-90.437421, 16.098863], [-90.434475, 16.107183], [-90.455585, 16.099742], [-90.459487, 16.116795], [-90.435302, 16.136277], [-90.448144, 16.154416], [-90.42613, 16.163149], [-90.461812, 16.189142], [-90.465584, 16.208107], [-90.458505, 16.22175], [-90.434475, 16.236323], [-90.457833, 16.249138], [-90.459435, 16.25906], [-90.448144, 16.271101], [-90.42768, 16.263608], [-90.441297, 16.285364], [-90.434475, 16.291565], [-90.414063, 16.287844], [-90.414011, 16.298386], [-90.444888, 16.30836], [-90.404684, 16.331511], [-90.398793, 16.347582], [-90.40719, 16.36045], [-90.420807, 16.353008], [-90.418223, 16.367167], [-90.40874, 16.372335], [-90.379853, 16.367271], [-90.391377, 16.385978], [-90.394917, 16.419206], [-90.420807, 16.415123], [-90.475842, 16.430729], [-90.482302, 16.456051], [-90.497753, 16.46804], [-90.508915, 16.471089], [-90.532893, 16.459927], [-90.543719, 16.490209], [-90.584724, 16.480235], [-90.633094, 16.483336], [-90.612061, 16.507624], [-90.61263, 16.518114], [-90.648183, 16.529586], [-90.633765, 16.592167], [-90.647356, 16.600073], [-90.6672, 16.586999], [-90.654023, 16.61661], [-90.667717, 16.652576], [-90.73531, 16.746576], [-90.80037, 16.786832], [-90.79696, 16.805435], [-90.810602, 16.812928], [-90.831738, 16.805435], [-90.919071, 16.836338], [-90.968887, 16.874372], [-90.952764, 16.890908], [-90.955193, 16.898763], [-90.98625, 16.901088], [-90.983253, 16.878609], [-90.993072, 16.874372], [-91.016688, 16.894836], [-91.054928, 16.908013], [-91.066866, 16.918193], [-91.076943, 16.949509], [-91.112238, 16.990489], [-91.126552, 17.024595], [-91.1712, 17.028006], [-91.206754, 17.065368], [-91.229595, 17.113995], [-91.259205, 17.124331], [-91.279514, 17.180089], [-91.290418, 17.189081], [-91.364884, 17.189753], [-91.372945, 17.213576], [-91.442502, 17.237967], [-91.438264, 17.253677], [-91.430771, 17.254969], [-90.991986, 17.25192], [-90.990901, 17.801964], [-90.98284, 17.810542], [-90.962221, 17.81602], [-89.160496, 17.814314], [-89.149205, 17.036271], [-89.184353, 16.495872], [-89.236512, 15.893915], [-89.228244, 15.880841], [-89.177446, 15.900271], [-89.040323, 15.901718], [-88.951878, 15.879652], [-88.913971, 15.893948], [-88.8662, 15.860338], [-88.831614, 15.868638], [-88.787343, 15.859076], [-88.753285, 15.839789], [-88.749501, 15.818793], [-88.726796, 15.815172], [-88.625966, 15.753892], [-88.63622, 15.702094], [-88.609242, 15.702094], [-88.595204, 15.714667], [-88.605458, 15.743069], [-88.582183, 15.745022], [-88.57433, 15.769965], [-88.550282, 15.798285], [-88.557688, 15.852932], [-88.550282, 15.852932], [-88.550282, 15.83926], [-88.532135, 15.846829], [-88.503041, 15.841376], [-88.48884, 15.846747], [-88.543284, 15.885159], [-88.564524, 15.914984], [-88.607574, 15.938422], [-88.619862, 15.953274], [-88.605458, 15.969631], [-88.550282, 15.942328], [-88.447906, 15.85871], [-88.344838, 15.811957], [-88.256337, 15.740383], [-88.220937, 15.725653], [-88.23262, 15.721419], [-88.241586, 15.688242], [-88.247761, 15.695684], [-88.295588, 15.675013], [-88.316672, 15.6746], [-88.352561, 15.616903], [-88.398992, 15.572797], [-88.973427, 15.140395], [-89.109827, 15.091457], [-89.160806, 15.060245], [-89.188582, 14.996088], [-89.1691, 14.978415], [-89.169152, 14.95206], [-89.198814, 14.899815], [-89.231448, 14.867311], [-89.23243, 14.8485], [-89.189409, 14.783001], [-89.170547, 14.738791], [-89.144502, 14.708302], [-89.145226, 14.683446], [-89.159411, 14.665979], [-89.160393, 14.581282], [-89.172149, 14.570404], [-89.221087, 14.580093], [-89.245685, 14.572988], [-89.323044, 14.487463], [-89.355497, 14.475448], [-89.363791, 14.446561], [-89.361621, 14.415478], [-89.390611, 14.435993]]]}}, {"type": "Feature", "properties": {"name": "Cuba"}, "geometry": {"type": "MultiPolygon", "coordinates": [[[[-80.012685, 21.753811], [-80.009023, 21.739936], [-80.0, 21.736643831073227], [-80.0, 21.7241807772805], [-80.003245, 21.720893], [-80.038808, 21.747138], [-80.055328, 21.803697], [-80.06725, 21.817043], [-80.188222, 21.848456], [-80.217681, 21.871487], [-80.269928, 21.88703], [-80.409901, 22.020697], [-80.416737, 22.041205], [-80.437245, 22.041205], [-80.44811, 22.050279], [-80.450917, 22.068508], [-80.419342, 22.066636], [-80.388783, 22.08218], [-80.409901, 22.075995], [-80.396311, 22.109524], [-80.425364, 22.110053], [-80.424184, 22.123114], [-80.456532, 22.130439], [-80.457753, 22.142768], [-80.44343, 22.157904], [-80.484446, 22.192043], [-80.50357, 22.178209], [-80.532826, 22.185777], [-80.538238, 22.164455], [-80.498647, 22.130561], [-80.470855, 22.089097], [-80.46467, 22.064765], [-80.470774, 22.041205], [-80.513743, 22.056342], [-80.63801, 22.053046], [-80.761098, 22.061103], [-80.905263, 22.046129], [-80.992096, 22.054267], [-81.049184, 22.078437], [-81.08845, 22.085842], [-81.113759, 22.111233], [-81.142974, 22.171536], [-81.136098, 22.229885], [-81.167144, 22.270819], [-81.193959, 22.281562], [-81.211822, 22.267768], [-81.197581, 22.21247], [-81.196889, 22.091254], [-81.204701, 22.060289], [-81.225494, 22.061672], [-81.211252, 22.083482], [-81.215443, 22.114976], [-81.239125, 22.151068], [-81.273305, 22.137397], [-81.27953, 22.102607], [-81.291331, 22.097561], [-81.31428, 22.109524], [-81.325592, 22.091702], [-81.33788, 22.089016], [-81.374094, 22.104153], [-81.396108, 22.170722], [-81.434071, 22.185777], [-81.482167, 22.185777], [-81.523508, 22.205024], [-81.571197, 22.178371], [-81.581166, 22.192043], [-81.639556, 22.212714], [-81.651479, 22.212958], [-81.666615, 22.197903], [-81.732004, 22.205024], [-81.741078, 22.189602], [-81.759918, 22.192043], [-81.752512, 22.178371], [-81.824452, 22.18891], [-81.879709, 22.260403], [-82.021392, 22.3133], [-82.059967, 22.337307], [-82.088246, 22.342231], [-82.105621, 22.370185], [-82.15453, 22.379869], [-82.163971, 22.396877], [-82.146392, 22.422187], [-82.118737, 22.431828], [-82.003629, 22.428153], [-81.96608, 22.437124], [-81.890575, 22.43855], [-81.841138, 22.430757], [-81.683502, 22.463595], [-81.651563, 22.487827], [-81.643255, 22.572737], [-81.672631, 22.57768], [-81.753386, 22.638037], [-81.877501, 22.67973], [-82.098793, 22.654921], [-82.198855, 22.685774], [-82.339019, 22.678656], [-82.391584, 22.68842], [-82.457356, 22.680385], [-82.509999, 22.692288], [-82.550933, 22.678656], [-82.597418, 22.688008], [-82.632945, 22.680185], [-82.759877, 22.705959], [-82.78067, 22.696112], [-82.790883, 22.679877], [-82.800689, 22.622748], [-82.849233, 22.602932], [-82.921254, 22.548285], [-82.959381, 22.54206], [-83.058705, 22.489447], [-83.08609, 22.462795], [-83.143178, 22.361274], [-83.16686, 22.339545], [-83.260121, 22.342231], [-83.26179, 22.321967], [-83.285797, 22.322699], [-83.287424, 22.301907], [-83.335805, 22.267768], [-83.354115, 22.225775], [-83.363149, 22.219306], [-83.367909, 22.225572], [-83.375559, 22.206977], [-83.381148, 22.217147], [-83.398223, 22.21928], [-83.398991, 22.202831], [-83.415472, 22.186093], [-83.465321, 22.182074], [-83.516957, 22.188218], [-83.561147, 22.205024], [-83.552846, 22.213446], [-83.555491, 22.223619], [-83.568593, 22.246649], [-83.575429, 22.246649], [-83.614369, 22.195746], [-83.67101, 22.171536], [-83.664784, 22.185777], [-83.780873, 22.171536], [-83.787709, 22.192043], [-83.825551, 22.171536], [-83.925445, 22.171536], [-83.966461, 22.133979], [-83.980092, 22.089016], [-83.972646, 22.061672], [-83.983998, 22.070543], [-84.00178, 22.057563], [-83.993031, 22.027981], [-83.983225, 22.023098], [-83.958974, 22.03498], [-83.96467, 22.013332], [-83.999257, 21.989488], [-84.007436, 21.969184], [-83.993031, 21.951361], [-83.997467, 21.94184], [-84.029408, 21.919867], [-84.060414, 21.921942], [-84.120432, 21.945014], [-84.199208, 21.910834], [-84.240142, 21.910834], [-84.305165, 21.884508], [-84.423248, 21.792304], [-84.466176, 21.770453], [-84.508372, 21.766832], [-84.521352, 21.786566], [-84.481313, 21.86518], [-84.473541, 21.904608], [-84.496165, 21.933783], [-84.536041, 21.940172], [-84.659983, 21.912055], [-84.799713, 21.832099], [-84.839915, 21.822903], [-84.883412, 21.823554], [-84.925404, 21.835761], [-84.939117, 21.846096], [-84.949615, 21.876776], [-84.931223, 21.91474], [-84.919789, 21.91474], [-84.903554, 21.893622], [-84.877594, 21.890326], [-84.848744, 21.908393], [-84.848215, 21.921088], [-84.864613, 21.931952], [-84.847564, 21.940619], [-84.832387, 21.940579], [-84.822906, 21.930894], [-84.822987, 21.910834], [-84.741078, 21.951809], [-84.668446, 21.971869], [-84.583323, 22.007514], [-84.521352, 22.048041], [-84.49592, 22.047349], [-84.489654, 22.042792], [-84.494049, 22.03498], [-84.462636, 22.02204], [-84.387318, 22.048041], [-84.355824, 22.034084], [-84.330963, 22.004584], [-84.303822, 22.022895], [-84.288564, 22.020697], [-84.274322, 22.075995], [-84.308176, 22.036689], [-84.322133, 22.048041], [-84.33019, 22.093329], [-84.350006, 22.102607], [-84.335805, 22.130561], [-84.392812, 22.148505], [-84.405344, 22.157904], [-84.42927, 22.201728], [-84.445668, 22.205024], [-84.415354, 22.247382], [-84.405344, 22.308743], [-84.373931, 22.380683], [-84.353139, 22.387193], [-84.321278, 22.440131], [-84.288564, 22.465766], [-84.288564, 22.473212], [-84.309071, 22.473212], [-84.291819, 22.486274], [-84.230295, 22.503607], [-84.2058, 22.541164], [-84.201161, 22.562812], [-84.21288, 22.583075], [-84.192372, 22.575588], [-84.164622, 22.587633], [-84.144602, 22.569403], [-84.13036, 22.616523], [-84.089345, 22.627102], [-84.078277, 22.666205], [-84.052113, 22.653306], [-84.021108, 22.678656], [-84.038971, 22.697089], [-84.068837, 22.698472], [-84.048004, 22.718248], [-84.022328, 22.714748], [-84.007192, 22.690375], [-83.984039, 22.687079], [-83.911244, 22.733303], [-83.897572, 22.720201], [-83.888051, 22.741441], [-83.872792, 22.7508], [-83.812652, 22.756741], [-83.709137, 22.800686], [-83.651112, 22.79682], [-83.630035, 22.808336], [-83.630035, 22.815823], [-83.644358, 22.808336], [-83.651194, 22.815823], [-83.629872, 22.828315], [-83.558013, 22.836249], [-83.534983, 22.877021], [-83.49352, 22.877265], [-83.500356, 22.863593], [-83.480824, 22.860256], [-83.452504, 22.897773], [-83.437571, 22.903469], [-83.397288, 22.884101], [-83.404368, 22.873765], [-83.393463, 22.876899], [-83.369374, 22.893988], [-83.329661, 22.951077], [-83.226186, 23.001858], [-83.207631, 23.002672], [-83.178212, 22.986518], [-83.191233, 22.961859], [-83.18932, 22.947821], [-83.169423, 22.930121], [-83.143422, 22.95303], [-83.161692, 22.966946], [-83.160512, 22.979967], [-83.145823, 22.9914], [-83.061147, 23.019599], [-83.020579, 23.007636], [-83.002024, 23.019232], [-82.986318, 23.004096], [-83.002838, 22.999457], [-83.002797, 22.983588], [-82.988881, 22.983629], [-82.979604, 22.993964], [-82.981679, 22.974189], [-82.964223, 22.972886], [-82.942454, 22.986314], [-82.917592, 23.032457], [-82.849355, 23.027777], [-82.803293, 23.038804], [-82.712717, 23.034898], [-82.57551, 23.054023], [-82.509999, 23.083319], [-82.489573, 23.103827], [-82.467681, 23.108547], [-82.40689, 23.147447], [-82.21935, 23.194241], [-82.150299, 23.1789], [-82.033193, 23.200507], [-81.985829, 23.171454], [-81.862375, 23.151028], [-81.840077, 23.157782], [-81.65807, 23.156806], [-81.628977, 23.165229], [-81.581166, 23.157782], [-81.535553, 23.129381], [-81.535308, 23.08633], [-81.552561, 23.054348], [-81.528798, 23.047187], [-81.502675, 23.055365], [-81.480702, 23.100328], [-81.380116, 23.11636], [-81.358144, 23.131741], [-81.271392, 23.149563], [-81.149159, 23.212388], [-81.130605, 23.205634], [-81.172434, 23.183661], [-81.217885, 23.172675], [-81.286285, 23.13052], [-81.286285, 23.124254], [-81.241933, 23.113715], [-81.184885, 23.052069], [-81.149159, 23.034898], [-81.120717, 23.038967], [-81.078114, 23.103827], [-81.039906, 23.110663], [-80.987538, 23.105862], [-80.977773, 23.064439], [-80.959381, 23.059027], [-80.759348, 23.096991], [-80.663157, 23.089545], [-80.623525, 23.112942], [-80.618031, 23.131741], [-80.636464, 23.151028], [-80.597279, 23.156073], [-80.587473, 23.144761], [-80.622222, 23.089545], [-80.59435, 23.070136], [-80.556793, 23.007392], [-80.536244, 22.993964], [-80.464508, 22.980292], [-80.431508, 22.949937], [-80.356923, 22.945624], [-80.296702, 22.915676], [-80.246693, 22.911038], [-80.156077, 22.938707], [-80.163564, 22.962551], [-80.146718, 22.96308], [-80.070058, 22.931789], [-80.050038, 22.935248], [-80.046213, 22.959174], [-80.016103, 22.938056], [-80.0, 22.90728871486242], [-80.0, 21.75220042551673], [-80.012685, 21.753811]]], [[[-81.496693, 21.618476], [-81.560658, 21.602973], [-81.56078, 21.622382], [-81.551381, 21.62759], [-81.523508, 21.62344], [-81.49352, 21.65705], [-81.469065, 21.648179], [-81.454498, 21.651801], [-81.417307, 21.697211], [-81.377675, 21.71894], [-81.372304, 21.70539], [-81.496693, 21.618476]]], [[[-82.575185, 21.624701], [-82.567128, 21.612006], [-82.540761, 21.595526], [-82.594635, 21.541815], [-82.835561, 21.444729], [-82.906239, 21.437486], [-82.927235, 21.450995], [-82.992584, 21.452135], [-83.033559, 21.465806], [-83.078521, 21.469224], [-83.111155, 21.509752], [-83.162099, 21.549262], [-83.191803, 21.630316], [-83.082021, 21.551459], [-83.023915, 21.548407], [-82.965932, 21.59927], [-82.957631, 21.592353], [-82.965932, 21.568264], [-82.959096, 21.561998], [-82.941029, 21.593085], [-82.946116, 21.604641], [-82.975901, 21.609198], [-82.98766, 21.619778], [-83.073476, 21.760565], [-83.085601, 21.800279], [-83.075185, 21.843166], [-83.032826, 21.874335], [-83.018666, 21.897691], [-82.959096, 21.925116], [-83.004709, 21.937649], [-82.989491, 21.948432], [-82.858998, 21.933661], [-82.703725, 21.892808], [-82.684722, 21.866156], [-82.692535, 21.824042], [-82.632965, 21.773627], [-82.609609, 21.769599], [-82.5926, 21.736762], [-82.608998, 21.698554], [-82.616444, 21.698554], [-82.609527, 21.681586], [-82.616444, 21.664455], [-82.568023, 21.643948], [-82.575185, 21.624701]]], [[[-80.271881, 23.008694], [-80.249745, 23.010932], [-80.231801, 23.000149], [-80.251617, 22.986518], [-80.236073, 22.976752], [-80.231801, 22.959174], [-80.332509, 22.975328], [-80.347808, 22.986518], [-80.335764, 22.993354], [-80.320546, 22.986518], [-80.271881, 23.008694]]], [[[-80.166493, 23.092475], [-80.131256, 23.086982], [-80.162424, 23.067328], [-80.224965, 23.089545], [-80.204457, 23.124254], [-80.166493, 23.092475]]], [[[-80.82079, 23.1789], [-80.80484, 23.152899], [-80.830637, 23.135647], [-80.865549, 23.144761], [-80.897817, 23.14175], [-80.971669, 23.110663], [-80.89981, 23.159166], [-80.841298, 23.157782], [-80.85497, 23.1789], [-80.848134, 23.185126], [-80.828236, 23.165229], [-80.828236, 23.1789], [-80.82079, 23.1789]]], [[[-80.473378, 23.196031], [-80.470774, 23.18887], [-80.495229, 23.168362], [-80.54308, 23.182196], [-80.56017, 23.1789], [-80.568471, 23.185126], [-80.580637, 23.1789], [-80.570424, 23.200914], [-80.559682, 23.205064], [-80.543365, 23.206244], [-80.52599, 23.192572], [-80.473378, 23.196031]]], [[[-81.972768, 21.622219], [-81.989817, 21.608832], [-82.07433, 21.572211], [-82.114247, 21.570299], [-82.048329, 21.610663], [-81.996653, 21.626614], [-81.981191, 21.647773], [-81.972768, 21.622219]]], [[[-81.837799, 21.661078], [-81.901357, 21.615627], [-81.918853, 21.615465], [-81.932362, 21.628485], [-81.935699, 21.641913], [-81.92219, 21.62934], [-81.905629, 21.631008], [-81.88915, 21.649359], [-81.852528, 21.66356], [-81.837799, 21.661078]]], [[[-82.607737, 21.938707], [-82.591176, 21.926663], [-82.630116, 21.920722], [-82.657867, 21.932074], [-82.66808, 21.949123], [-82.645172, 21.954535], [-82.607737, 21.938707]]], [[[-83.545318, 21.961249], [-83.5926, 21.96011], [-83.607818, 21.966498], [-83.597808, 21.971747], [-83.545318, 21.961249]]], [[[-81.547027, 22.044582], [-81.581858, 22.050605], [-81.588857, 22.072699], [-81.582509, 22.076606], [-81.556264, 22.065985], [-81.547027, 22.044582]]], [[[-82.507721, 22.590074], [-82.522857, 22.559312], [-82.52831, 22.640041], [-82.514475, 22.625149], [-82.507721, 22.590074]]], [[[-80.056304, 23.026679], [-80.066558, 23.038886], [-80.085357, 23.038316], [-80.094797, 23.048326], [-80.087636, 23.06745], [-80.076772, 23.069892], [-80.061391, 23.049791], [-80.056304, 23.026679]]], [[[-80.23941, 23.09101], [-80.250315, 23.084866], [-80.265859, 23.103746], [-80.29304, 23.115871], [-80.305735, 23.134508], [-80.27245, 23.140041], [-80.23941, 23.09101]]], [[[-80.376291, 23.152167], [-80.459788, 23.128607], [-80.462229, 23.135199], [-80.449452, 23.136217], [-80.446116, 23.150621], [-80.376291, 23.152167]]], [[[-80.663645, 23.201402], [-80.674672, 23.186835], [-80.704254, 23.180325], [-80.704945, 23.193061], [-80.694895, 23.203925], [-80.668528, 23.212226], [-80.663645, 23.201402]]], [[[-80.712473, 23.199897], [-80.711903, 23.190823], [-80.732289, 23.193061], [-80.740834, 23.184272], [-80.773834, 23.196601], [-80.810048, 23.196601], [-80.848256, 23.208482], [-80.86144, 23.220364], [-80.83788, 23.223538], [-80.712473, 23.199897]]], [[[-80.87092, 23.240383], [-80.87857, 23.232123], [-80.924469, 23.243109], [-80.942698, 23.25727], [-80.912994, 23.26557], [-80.87092, 23.240383]]]]}}, {"type": "Feature", "properties": {"name": "Honduras"}, "geometry": {"type": "MultiPolygon", "coordinates": [[[[-89.363791, 14.446561], [-89.355497, 14.475448], [-89.323044, 14.487463], [-89.245685, 14.572988], [-89.221087, 14.580093], [-89.172149, 14.570404], [-89.160393, 14.581282], [-89.159411, 14.665979], [-89.145226, 14.683446], [-89.144502, 14.708302], [-89.170547, 14.738791], [-89.189409, 14.783001], [-89.23243, 14.8485], [-89.231448, 14.867311], [-89.198814, 14.899815], [-89.169152, 14.95206], [-89.1691, 14.978415], [-89.188582, 14.996088], [-89.160806, 15.060245], [-89.109827, 15.091457], [-88.973427, 15.140395], [-88.398992, 15.572797], [-88.352561, 15.616903], [-88.316672, 15.6746], [-88.295588, 15.675013], [-88.247761, 15.695684], [-88.241586, 15.688242], [-88.23262, 15.721419], [-88.220937, 15.725653], [-88.169749, 15.691962], [-88.145253, 15.684516], [-88.118886, 15.695868], [-88.060902, 15.755764], [-88.036285, 15.770941], [-88.041615, 15.786689], [-87.992258, 15.784613], [-87.933909, 15.818793], [-87.92455, 15.84219], [-87.950429, 15.85692], [-87.950999, 15.867174], [-87.908762, 15.868069], [-87.846059, 15.893866], [-87.760081, 15.899563], [-87.742096, 15.904486], [-87.736318, 15.918606], [-87.722157, 15.922919], [-87.626047, 15.887681], [-87.636301, 15.90351], [-87.591298, 15.935492], [-87.617299, 15.894599], [-87.509633, 15.798651], [-87.4794, 15.786038], [-87.447336, 15.792141], [-87.426829, 15.818793], [-87.391184, 15.818427], [-87.379954, 15.839504], [-87.345082, 15.850328], [-87.24177, 15.827379], [-87.151723, 15.796861], [-86.91686, 15.760403], [-86.799631, 15.784613], [-86.77066, 15.806545], [-86.741567, 15.792141], [-86.699086, 15.788642], [-86.47057, 15.804185], [-86.414662, 15.776435], [-86.374745, 15.770941], [-86.338287, 15.781399], [-86.243235, 15.838609], [-86.207143, 15.87401], [-86.172597, 15.887519], [-86.137807, 15.895657], [-85.994862, 15.900702], [-85.933258, 15.936672], [-85.91218, 15.959296], [-85.903188, 15.983466], [-85.919179, 16.00373], [-86.012766, 16.019965], [-86.007924, 16.031073], [-85.981842, 16.033149], [-85.813466, 16.004543], [-85.703196, 15.976467], [-85.692047, 15.971503], [-85.687001, 15.935492], [-85.679555, 15.935492], [-85.672719, 15.949164], [-85.656221, 15.948768], [-85.608464, 15.907072], [-85.488578, 15.869567], [-85.25425, 15.884085], [-85.196355, 15.907448], [-85.07578, 15.986247], [-84.999949, 15.987942], [-84.854464, 15.929751], [-84.676552, 15.876203], [-84.662277, 15.865637], [-84.680854, 15.834917], [-84.68108, 15.794267], [-84.660054, 15.774494], [-84.615713, 15.779518], [-84.609409, 15.808983], [-84.59987, 15.808278], [-84.575485, 15.783895], [-84.550255, 15.787693], [-84.477437, 15.778756], [-84.452811, 15.795648], [-84.577975, 15.82258], [-84.633055, 15.847125], [-84.64183, 15.862907], [-84.464168, 15.829792], [-84.294638, 15.81101], [-83.894171, 15.485181], [-83.799062, 15.429348], [-83.745676, 15.415839], [-83.72997, 15.401557], [-83.735911, 15.388617], [-83.750803, 15.386786], [-83.862782, 15.448879], [-83.906361, 15.451972], [-83.91808, 15.463121], [-83.904408, 15.469387], [-83.945953, 15.517768], [-83.963735, 15.512519], [-84.004018, 15.537584], [-84.024526, 15.535102], [-84.055247, 15.510932], [-84.089345, 15.524604], [-84.068837, 15.548163], [-84.103627, 15.551215], [-84.100006, 15.523261], [-84.075754, 15.490424], [-84.089345, 15.482978], [-84.13036, 15.551215], [-84.171946, 15.545071], [-84.21288, 15.551215], [-84.19872, 15.520738], [-84.180409, 15.514472], [-84.185536, 15.482978], [-84.1787, 15.482978], [-84.175608, 15.498277], [-84.155588, 15.507392], [-84.146555, 15.535102], [-84.127797, 15.53262], [-84.092152, 15.450914], [-84.124176, 15.430243], [-84.099517, 15.37759], [-84.082509, 15.360093], [-84.03539, 15.341864], [-84.025868, 15.351223], [-84.03539, 15.380561], [-84.010081, 15.356757], [-84.00536, 15.341295], [-84.01358, 15.325344], [-83.999908, 15.308824], [-83.931752, 15.311672], [-83.931752, 15.304877], [-83.958974, 15.298041], [-83.938385, 15.259223], [-83.90099, 15.243394], [-83.859527, 15.251288], [-83.821889, 15.270697], [-83.877065, 15.304877], [-83.891672, 15.323391], [-84.0006, 15.360093], [-84.03539, 15.401068], [-84.026519, 15.408677], [-83.994374, 15.421536], [-83.905141, 15.383531], [-83.871327, 15.342841], [-83.814076, 15.321682], [-83.795155, 15.298041], [-83.815663, 15.278144], [-83.799224, 15.274604], [-83.774526, 15.285712], [-83.767201, 15.256415], [-83.769439, 15.219224], [-83.759836, 15.202094], [-83.747182, 15.209703], [-83.747385, 15.222886], [-83.739898, 15.222886], [-83.731028, 15.203437], [-83.7058, 15.237209], [-83.690256, 15.245917], [-83.633778, 15.256415], [-83.630035, 15.291815], [-83.623362, 15.296088], [-83.544667, 15.280992], [-83.527659, 15.284369], [-83.533599, 15.272162], [-83.527659, 15.256415], [-83.532867, 15.211249], [-83.544423, 15.204983], [-83.555898, 15.209296], [-83.564809, 15.231391], [-83.592519, 15.237209], [-83.622467, 15.19595], [-83.621449, 15.176174], [-83.603383, 15.181952], [-83.609486, 15.196926], [-83.603383, 15.209296], [-83.595937, 15.209296], [-83.587026, 15.167182], [-83.574452, 15.160468], [-83.554921, 15.16828], [-83.526601, 15.199897], [-83.481801, 15.215562], [-83.502309, 15.246283], [-83.517201, 15.2897], [-83.529612, 15.301011], [-83.548166, 15.291815], [-83.592641, 15.312242], [-83.610219, 15.304877], [-83.616363, 15.311672], [-83.610219, 15.325344], [-83.669586, 15.342922], [-83.688954, 15.360582], [-83.725331, 15.375881], [-83.71939, 15.394232], [-83.702992, 15.402004], [-83.661366, 15.373765], [-83.542592, 15.315741], [-83.40803, 15.266425], [-83.356313, 15.229722], [-83.310862, 15.106431], [-83.284291, 15.068345], [-83.253814, 15.044623], [-83.130444, 14.997012], [-83.177399, 14.996812], [-83.217732, 14.982497], [-83.266153, 14.982497], [-83.285661, 14.992109], [-83.272974, 15.003039], [-83.334237, 15.006449], [-83.349352, 14.996812], [-83.354546, 15.010067], [-83.390306, 15.03097], [-83.415472, 14.996941], [-83.45919, 14.982497], [-83.485855, 15.01048], [-83.509084, 15.01154], [-83.513218, 14.968855], [-83.523037, 14.977692], [-83.528618, 14.973402], [-83.526861, 14.948365], [-83.54735, 14.955212], [-83.540477, 14.94157], [-83.604272, 14.909194], [-83.615615, 14.872685], [-83.649954, 14.888498], [-83.691967, 14.886974], [-83.710622, 14.878344], [-83.714498, 14.867233], [-83.705015, 14.838527], [-83.723619, 14.851575], [-83.746563, 14.852195], [-83.744522, 14.836667], [-83.765296, 14.828786], [-83.821055, 14.825479], [-83.801211, 14.803775], [-83.839503, 14.797418], [-83.869475, 14.777109], [-83.889939, 14.790726], [-83.883764, 14.777109], [-83.896554, 14.780443], [-83.924718, 14.803775], [-83.929859, 14.771658], [-83.924718, 14.763441], [-84.040757, 14.76034], [-84.047811, 14.770805], [-84.075199, 14.771632], [-84.11176, 14.793413], [-84.122716, 14.784525], [-84.095431, 14.736104], [-84.128736, 14.734192], [-84.168191, 14.714969], [-84.195011, 14.718715], [-84.226379, 14.749773], [-84.261803, 14.758532], [-84.267281, 14.677736], [-84.287796, 14.66722], [-84.338387, 14.674687], [-84.362934, 14.715615], [-84.408435, 14.649417], [-84.482694, 14.619471], [-84.519048, 14.638281], [-84.534215, 14.633733], [-84.52742, 14.660398], [-84.600439, 14.662517], [-84.680847, 14.685461], [-84.699321, 14.674687], [-84.72485, 14.72564], [-84.745288, 14.739101], [-84.747045, 14.764475], [-84.76694, 14.766903], [-84.755468, 14.781476], [-84.77017, 14.805144], [-84.792132, 14.82106], [-84.8181, 14.828657], [-84.904219, 14.816978], [-85.015659, 14.728172], [-85.033048, 14.669571], [-85.053925, 14.66306], [-85.020206, 14.633733], [-85.048163, 14.605776], [-85.022222, 14.605802], [-85.029637, 14.588956], [-85.065242, 14.554255], [-85.086378, 14.54454], [-85.119322, 14.573969], [-85.137538, 14.578491], [-85.14547, 14.564254], [-85.151826, 14.485964], [-85.178491, 14.455605], [-85.178491, 14.427648], [-85.205828, 14.407158], [-85.171877, 14.38101], [-85.159035, 14.361063], [-85.158027, 14.338273], [-85.169629, 14.321763], [-85.215207, 14.301583], [-85.277813, 14.29732], [-85.321351, 14.281326], [-85.343623, 14.250113], [-85.362873, 14.250113], [-85.384008, 14.226445], [-85.409123, 14.166165], [-85.431732, 14.132834], [-85.474675, 14.103404], [-85.510641, 14.093792], [-85.527953, 14.050901], [-85.593608, 14.03346], [-85.612806, 14.00974], [-85.647868, 13.999302], [-85.644613, 13.988786], [-85.651486, 13.98199], [-85.666188, 13.984471], [-85.699235, 13.9615], [-85.727347, 13.965014], [-85.747449, 13.888275], [-85.723006, 13.863418], [-85.742462, 13.823705], [-85.758301, 13.839286], [-85.824162, 13.847683], [-85.861602, 13.904424], [-85.883564, 13.913855], [-85.9155, 13.907447], [-85.929401, 13.912098], [-85.957772, 13.946101], [-86.028413, 13.996072], [-86.031256, 14.022582], [-86.020197, 14.055164], [-86.09673, 14.044079], [-86.121689, 14.027207], [-86.138019, 13.996175], [-86.184063, 13.966875], [-86.218583, 13.914371], [-86.284108, 13.845719], [-86.313564, 13.776602], [-86.340126, 13.756655], [-86.410096, 13.749033], [-86.426529, 13.752986], [-86.448233, 13.772959], [-86.490814, 13.759497], [-86.541664, 13.782131], [-86.66269, 13.764691], [-86.727234, 13.768256], [-86.766198, 13.74526], [-86.774053, 13.654594], [-86.751573, 13.624415], [-86.756586, 13.55938], [-86.724288, 13.439413], [-86.740205, 13.381923], [-86.709922, 13.348902], [-86.704031, 13.298828], [-86.725477, 13.273299], [-86.7493, 13.261285], [-86.816221, 13.291929], [-86.8495, 13.288828], [-86.910789, 13.239581], [-86.934921, 13.185527], [-86.923708, 13.161136], [-86.932338, 13.108529], [-86.920245, 13.096178], [-86.922932, 13.086386], [-86.948409, 13.069694], [-86.983187, 13.021868], [-87.029618, 12.996081], [-87.035045, 12.979777], [-87.084654, 12.995926], [-87.314036, 12.981553], [-87.293568, 13.011054], [-87.269154, 13.029446], [-87.31668, 13.034206], [-87.331776, 13.04267], [-87.352813, 13.072537], [-87.351064, 13.088406], [-87.303944, 13.098334], [-87.361806, 13.113349], [-87.419342, 13.111355], [-87.422109, 13.149929], [-87.43578, 13.189399], [-87.484527, 13.270087], [-87.501943, 13.269599], [-87.512237, 13.286689], [-87.501943, 13.304389], [-87.467763, 13.324897], [-87.440419, 13.359036], [-87.42691, 13.356024], [-87.379018, 13.372016], [-87.379018, 13.393134], [-87.400624, 13.41116], [-87.42984, 13.409369], [-87.447296, 13.420478], [-87.469635, 13.402981], [-87.47643, 13.379706], [-87.472279, 13.367011], [-87.482045, 13.359036], [-87.547597, 13.355007], [-87.557159, 13.365871], [-87.542836, 13.365871], [-87.542836, 13.372016], [-87.581329, 13.38288], [-87.598866, 13.384345], [-87.61856, 13.372016], [-87.60558, 13.406806], [-87.619252, 13.412014], [-87.624013, 13.466254], [-87.636464, 13.46369], [-87.660146, 13.440945], [-87.65099, 13.412543], [-87.665679, 13.386013], [-87.692779, 13.366482], [-87.738881, 13.362372], [-87.781361, 13.382595], [-87.786488, 13.399359], [-87.817169, 13.406562], [-87.738412, 13.441687], [-87.721153, 13.460833], [-87.720584, 13.486982], [-87.733426, 13.507704], [-87.779469, 13.509978], [-87.789934, 13.532819], [-87.760091, 13.616948], [-87.755026, 13.689915], [-87.731359, 13.722213], [-87.737844, 13.738775], [-87.703608, 13.814998], [-87.790606, 13.870472], [-87.817891, 13.91587], [-87.832903, 13.91525], [-87.860911, 13.890187], [-87.900108, 13.89414], [-87.925326, 13.879619], [-87.954782, 13.892461], [-88.015321, 13.866364], [-88.023641, 13.891169], [-88.072888, 13.943414], [-88.087538, 13.980543], [-88.099036, 13.989819], [-88.177533, 13.985194], [-88.235075, 13.992868], [-88.245358, 13.985892], [-88.244376, 13.9661], [-88.231586, 13.951811], [-88.236367, 13.938143], [-88.2636, 13.933104], [-88.285433, 13.905974], [-88.319256, 13.897602], [-88.326206, 13.885071], [-88.355067, 13.890962], [-88.360106, 13.872384], [-88.392946, 13.879774], [-88.433228, 13.871067], [-88.470151, 13.852489], [-88.496816, 13.851197], [-88.488677, 13.88135], [-88.502293, 13.91711], [-88.496092, 13.955687], [-88.502293, 13.968942], [-88.49542, 13.975143], [-88.504361, 13.983695], [-88.558104, 13.990904], [-88.633862, 14.014469], [-88.690938, 14.009999], [-88.692695, 14.025295], [-88.704865, 14.038033], [-88.746645, 14.052477], [-88.73923, 14.099942], [-88.746387, 14.111336], [-88.777341, 14.099735], [-88.838759, 14.100407], [-88.860334, 14.158517], [-88.881263, 14.1842], [-88.906016, 14.199574], [-88.957175, 14.185182], [-88.965986, 14.191383], [-88.98353, 14.242129], [-89.018128, 14.271688], [-89.032985, 14.323675], [-89.083085, 14.335328], [-89.09448, 14.344862], [-89.091844, 14.374834], [-89.107476, 14.39597], [-89.122178, 14.394678], [-89.153985, 14.351296], [-89.200158, 14.36468], [-89.225531, 14.382147], [-89.361621, 14.415478], [-89.363791, 14.446561]]], [[[-87.613881, 13.26732], [-87.624338, 13.252916], [-87.646555, 13.249172], [-87.667063, 13.256008], [-87.660146, 13.262193], [-87.673818, 13.283881], [-87.615142, 13.290107], [-87.613881, 13.26732]]], [[[-87.57079, 13.372016], [-87.588124, 13.357978], [-87.576283, 13.318549], [-87.591298, 13.304389], [-87.659006, 13.331692], [-87.643463, 13.367743], [-87.634429, 13.373481], [-87.622304, 13.368883], [-87.57079, 13.372016]]], [[[-86.872548, 16.120998], [-86.878733, 16.093166], [-86.913197, 16.090155], [-86.963721, 16.066388], [-86.997405, 16.083959], [-86.988735, 16.095466], [-86.944251, 16.116508], [-86.878733, 16.127265], [-86.872548, 16.120998]]], [[[-86.599333, 16.309298], [-86.570447, 16.33244], [-86.44039, 16.396545], [-86.332125, 16.429448], [-86.181751, 16.428225], [-86.22387, 16.412101], [-86.243112, 16.417881], [-86.312123, 16.412502], [-86.453071, 16.351511], [-86.491022, 16.325488], [-86.548153, 16.312853], [-86.600504, 16.269449], [-86.606542, 16.285029], [-86.599333, 16.309298]]], [[[-85.884145, 16.502834], [-85.851131, 16.517218], [-85.81695, 16.498309], [-85.822061, 16.486163], [-85.844254, 16.483779], [-85.86272, 16.452221], [-85.882363, 16.451047], [-85.947068, 16.40319], [-85.950847, 16.412308], [-85.926691, 16.454782], [-85.911473, 16.462043], [-85.884145, 16.502834]]], [[[-83.926137, 17.416327], [-83.912343, 17.411119], [-83.930328, 17.40941], [-83.941151, 17.418647], [-83.926137, 17.416327]]]]}}, {"type": "Feature", "properties": {"name": "Colombia"}, "geometry": {"type": "MultiPolygon", "coordinates": [[[[-81.719797, 12.543158], [-81.716949, 12.563218], [-81.691029, 12.591254], [-81.686391, 12.580064], [-81.704742, 12.504462], [-81.717397, 12.502427], [-81.723704, 12.511542], [-81.711497, 12.522935], [-81.719797, 12.543158]]], [[[-81.386138, 13.341457], [-81.378733, 13.362698], [-81.365346, 13.373969], [-81.351389, 13.366197], [-81.346303, 13.3487], [-81.352162, 13.334174], [-81.382639, 13.319159], [-81.386138, 13.341457]]], [[[-80.089426, 13.57685], [-80.090403, 13.576606], [-80.090891, 13.57803], [-80.089426, 13.57685]]]]}}, {"type": "Feature", "properties": {"name": "United States of America"}, "geometry": {"type": "MultiPolygon", "coordinates": [[[[-81.287668, 29.926174], [-81.293813, 29.89411], [-81.279385, 29.899549], [-81.273761, 29.889874], [-81.25013, 29.769592], [-81.178293, 29.585517], [-80.962668, 29.152056], [-80.932123, 29.101179], [-80.91455, 29.08745], [-80.922109, 29.068305], [-80.891754, 29.045559], [-80.877675, 29.00849], [-80.743225, 28.80691], [-80.627065, 28.650865], [-80.567616, 28.557807], [-80.54308, 28.492499], [-80.528228, 28.472602], [-80.540435, 28.451606], [-80.594065, 28.401597], [-80.594716, 28.30386], [-80.601715, 28.29092], [-80.594309, 28.284084], [-80.592193, 28.207913], [-80.571116, 28.106147], [-80.553293, 28.061591], [-80.532338, 28.018785], [-80.451894, 27.90941], [-80.450917, 27.86636], [-80.48233, 27.924262], [-80.512318, 27.955146], [-80.521596, 27.99018], [-80.580637, 28.085435], [-80.619944, 28.206977], [-80.617909, 28.37934], [-80.58788, 28.505764], [-80.587066, 28.545356], [-80.600413, 28.600287], [-80.609446, 28.610175], [-80.656646, 28.620754], [-80.663157, 28.62051], [-80.663157, 28.598782], [-80.675038, 28.595608], [-80.76594, 28.612291], [-80.779856, 28.626654], [-80.78425, 28.661282], [-80.77302, 28.694973], [-80.765614, 28.688707], [-80.757151, 28.703803], [-80.749257, 28.724107], [-80.752349, 28.741929], [-80.795277, 28.755601], [-80.848134, 28.790595], [-80.831939, 28.699368], [-80.82079, 28.675116], [-80.828236, 28.661444], [-80.797475, 28.608303], [-80.766103, 28.451077], [-80.738271, 28.373481], [-80.380971, 27.666083], [-80.345367, 27.514594], [-80.197825, 27.19599], [-80.197011, 27.180487], [-80.217152, 27.209418], [-80.257232, 27.218573], [-80.301015, 27.243354], [-80.31432, 27.24258], [-80.28303, 27.207831], [-80.260162, 27.196967], [-80.221262, 27.201606], [-80.176991, 27.150702], [-80.148793, 27.138251], [-80.075551, 26.973212], [-80.081288, 26.950426], [-80.115102, 26.940904], [-80.115102, 26.934719], [-80.070709, 26.916978], [-80.038238, 26.811184], [-80.038401, 26.784247], [-80.053619, 26.762152], [-80.040517, 26.746405], [-80.034535, 26.715318], [-80.032379, 26.587348], [-80.038075, 26.558539], [-80.053619, 26.556708], [-80.062082, 26.420885], [-80.080922, 26.309638], [-80.077707, 26.287584], [-80.102651, 26.13996], [-80.112131, 26.110175], [-80.128774, 26.098619], [-80.112782, 26.068834], [-80.128774, 25.775295], [-80.135569, 25.775295], [-80.129262, 25.887885], [-80.132436, 25.901272], [-80.140614, 25.900824], [-80.176584, 25.858385], [-80.195465, 25.795844], [-80.196197, 25.753811], [-80.210683, 25.734931], [-80.251617, 25.720608], [-80.256907, 25.686835], [-80.277577, 25.644232], [-80.306874, 25.618232], [-80.31135, 25.549791], [-80.342437, 25.493638], [-80.344309, 25.475246], [-80.341054, 25.453762], [-80.325673, 25.438666], [-80.341054, 25.405951], [-80.3131, 25.38349], [-80.31432, 25.371161], [-80.395863, 25.295396], [-80.423004, 25.252387], [-80.42691, 25.221747], [-80.401967, 25.195543], [-80.402496, 25.186225], [-80.437123, 25.223375], [-80.450917, 25.227769], [-80.450795, 25.242987], [-80.486195, 25.233344], [-80.498647, 25.220364], [-80.45873, 25.209174], [-80.446645, 25.19359], [-80.44343, 25.173163], [-80.450917, 25.173163], [-80.45401, 25.195258], [-80.469146, 25.208075], [-80.488922, 25.210354], [-80.506174, 25.200507], [-80.52599, 25.220364], [-80.506174, 25.234605], [-80.512318, 25.248277], [-80.5655, 25.245998], [-80.580637, 25.241441], [-80.606516, 25.188666], [-80.622222, 25.193671], [-80.614735, 25.200507], [-80.651357, 25.193061], [-80.656972, 25.189927], [-80.65099, 25.167873], [-80.656972, 25.159491], [-80.678131, 25.167873], [-80.710927, 25.14525], [-80.739817, 25.143785], [-80.765614, 25.159491], [-80.77302, 25.14525], [-80.793528, 25.159491], [-80.805247, 25.149115], [-80.814036, 25.152086], [-80.810536, 25.167792], [-80.84024, 25.173407], [-80.85497, 25.186225], [-80.910227, 25.14525], [-81.101959, 25.124742], [-81.149159, 25.165717], [-81.177113, 25.227769], [-81.164866, 25.298082], [-81.148346, 25.331204], [-81.129954, 25.344468], [-81.136098, 25.330227], [-81.101918, 25.311713], [-81.07787, 25.272854], [-80.98526, 25.234605], [-81.005767, 25.214179], [-80.988026, 25.207506], [-80.944651, 25.212307], [-80.927235, 25.224066], [-80.917226, 25.245754], [-80.924143, 25.263577], [-80.980784, 25.318305], [-81.095123, 25.351304], [-81.141347, 25.384752], [-81.170888, 25.47484], [-81.21467, 25.527574], [-81.189931, 25.545356], [-81.187652, 25.560207], [-81.231679, 25.563625], [-81.27953, 25.704169], [-81.321685, 25.707587], [-81.34024, 25.742865], [-81.357249, 25.753485], [-81.321685, 25.782701], [-81.348459, 25.81684], [-81.396148, 25.85163], [-81.450795, 25.865871], [-81.485585, 25.8994], [-81.498769, 25.886705], [-81.564076, 25.920478], [-81.588002, 25.906887], [-81.588002, 25.926093], [-81.607411, 25.927395], [-81.622711, 25.94717], [-81.650054, 25.920478], [-81.674306, 25.919908], [-81.691029, 25.933539], [-81.705312, 25.906887], [-81.732004, 25.920478], [-81.742543, 25.957465], [-81.728586, 25.962714], [-81.694447, 25.940375], [-81.675404, 25.956244], [-81.664377, 25.98135], [-81.711497, 25.98135], [-81.731679, 26.000637], [-81.734364, 26.012763], [-81.725738, 26.022284], [-81.754384, 26.04206], [-81.77009, 26.067776], [-81.787221, 26.139594], [-81.793446, 26.098619], [-81.800893, 26.098619], [-81.819, 26.170315], [-81.827545, 26.248847], [-81.821401, 26.289618], [-81.85554, 26.35871], [-81.841868, 26.351874], [-81.843861, 26.414211], [-81.855946, 26.448879], [-81.882802, 26.495836], [-81.878489, 26.456244], [-81.887318, 26.44477], [-81.978383, 26.482164], [-81.991567, 26.47602], [-82.000111, 26.482164], [-82.006337, 26.474799], [-82.008656, 26.484524], [-82.000111, 26.523179], [-81.989247, 26.511705], [-81.974477, 26.510443], [-81.911773, 26.558661], [-81.893056, 26.586127], [-81.897084, 26.611274], [-81.829172, 26.681383], [-81.797678, 26.686754], [-81.780385, 26.714993], [-81.854604, 26.688422], [-81.906728, 26.642646], [-81.951731, 26.543647], [-81.992665, 26.529364], [-81.992665, 26.543647], [-82.039052, 26.527899], [-82.0631, 26.560981], [-82.054758, 26.611274], [-82.082102, 26.680243], [-82.056874, 26.818915], [-82.057037, 26.86579], [-82.0985, 26.896552], [-82.096995, 26.909369], [-82.027577, 26.949693], [-81.996409, 26.958238], [-81.978383, 26.996161], [-82.016835, 26.972968], [-82.092681, 26.955634], [-82.11559, 26.961371], [-82.119944, 26.945461], [-82.144521, 26.940416], [-82.155181, 26.927639], [-82.184438, 26.955146], [-82.180735, 26.972357], [-82.207387, 26.961819], [-82.22232, 26.965155], [-82.253285, 27.006822], [-82.273834, 27.016018], [-82.230214, 26.956855], [-82.219228, 26.94774], [-82.211781, 26.955146], [-82.201283, 26.944159], [-82.159901, 26.86225], [-82.150258, 26.803168], [-82.165598, 26.785793], [-82.169016, 26.814114], [-82.177642, 26.824856], [-82.19811, 26.803127], [-82.215484, 26.817369], [-82.236073, 26.812079], [-82.313832, 26.849351], [-82.342926, 26.934882], [-82.370025, 26.961371], [-82.348948, 26.906806], [-82.370025, 26.920396], [-82.467152, 27.102037], [-82.477203, 27.137519], [-82.500885, 27.179023], [-82.506581, 27.201606], [-82.492991, 27.180487], [-82.496327, 27.211493], [-82.513417, 27.228909], [-82.513417, 27.215277], [-82.520863, 27.215277], [-82.561838, 27.276272], [-82.561879, 27.297797], [-82.540761, 27.283515], [-82.5419, 27.308539], [-82.562734, 27.346829], [-82.573638, 27.395087], [-82.645416, 27.442939], [-82.698394, 27.45482], [-82.729156, 27.514716], [-82.732533, 27.530585], [-82.725697, 27.530585], [-82.70523, 27.489569], [-82.65746, 27.461656], [-82.645497, 27.47663], [-82.644399, 27.495836], [-82.664906, 27.492418], [-82.677887, 27.503241], [-82.660756, 27.520331], [-82.610504, 27.502102], [-82.589182, 27.503241], [-82.636952, 27.523749], [-82.578603, 27.547309], [-82.572418, 27.559516], [-82.62267, 27.544176], [-82.615142, 27.555813], [-82.603424, 27.552924], [-82.589182, 27.564683], [-82.596018, 27.577704], [-82.574574, 27.590725], [-82.544179, 27.650051], [-82.516672, 27.669908], [-82.510121, 27.689399], [-82.486155, 27.701239], [-82.465647, 27.736029], [-82.437734, 27.753363], [-82.389963, 27.811103], [-82.421742, 27.917182], [-82.433746, 27.929145], [-82.451161, 27.930732], [-82.471832, 27.920356], [-82.484853, 27.892564], [-82.482737, 27.821357], [-82.527089, 27.824774], [-82.539622, 27.84398], [-82.534535, 27.917222], [-82.541127, 27.942776], [-82.558827, 27.955797], [-82.616444, 27.96133], [-82.616444, 27.968736], [-82.596018, 27.975572], [-82.596018, 27.983059], [-82.644399, 28.016547], [-82.650624, 28.016547], [-82.650624, 28.002916], [-82.690989, 28.037665], [-82.677887, 28.006293], [-82.690338, 27.970852], [-82.644399, 27.968736], [-82.65685, 27.956244], [-82.702748, 27.944729], [-82.718861, 27.927802], [-82.604726, 27.881496], [-82.561879, 27.886176], [-82.602854, 27.862982], [-82.596018, 27.817939], [-82.630116, 27.750312], [-82.623118, 27.734036], [-82.626576, 27.715806], [-82.654042, 27.695054], [-82.684722, 27.701239], [-82.687856, 27.736029], [-82.721506, 27.745103], [-82.757192, 27.787665], [-82.815094, 27.832221], [-82.818837, 27.818183], [-82.810699, 27.804429], [-82.739369, 27.728583], [-82.718861, 27.659654], [-82.731313, 27.662055], [-82.742543, 27.679755], [-82.767486, 27.751532], [-82.828521, 27.804999], [-82.842397, 27.828518], [-82.853912, 27.870347], [-82.852284, 27.908189], [-82.821889, 27.94831], [-82.83849, 27.918199], [-82.835561, 27.886176], [-82.802235, 27.96662], [-82.776235, 28.096829], [-82.767323, 28.105902], [-82.78246, 28.135443], [-82.787343, 28.193752], [-82.782826, 28.207017], [-82.773508, 28.201565], [-82.759918, 28.214667], [-82.746205, 28.256171], [-82.716786, 28.298326], [-82.718861, 28.311428], [-82.732533, 28.304592], [-82.696685, 28.388861], [-82.684722, 28.400784], [-82.685902, 28.414293], [-82.664215, 28.447943], [-82.647125, 28.629584], [-82.636952, 28.647162], [-82.644358, 28.671332], [-82.631947, 28.695299], [-82.640207, 28.75495], [-82.654205, 28.756252], [-82.684722, 28.804836], [-82.67101, 28.820217], [-82.630116, 28.784369], [-82.638539, 28.824693], [-82.633616, 28.887641], [-82.644399, 28.900377], [-82.68517, 28.913072], [-82.727162, 28.959174], [-82.732289, 28.976467], [-82.725697, 28.996649], [-82.755116, 29.010159], [-82.746205, 29.064887], [-82.783355, 29.090969], [-82.794749, 29.108059], [-82.773508, 29.119534], [-82.798492, 29.139065], [-82.800852, 29.17475], [-82.828725, 29.161119], [-82.849233, 29.182196], [-82.868886, 29.169623], [-82.891957, 29.170356], [-82.931752, 29.188422], [-83.011138, 29.175035], [-83.040679, 29.180121], [-83.046051, 29.203559], [-83.07372, 29.218248], [-83.061513, 29.236802], [-83.084788, 29.272203], [-83.132314, 29.287258], [-83.157704, 29.305121], [-83.165151, 29.342678], [-83.215688, 29.41059], [-83.253285, 29.442288], [-83.278188, 29.438544], [-83.356313, 29.510565], [-83.366607, 29.509263], [-83.404775, 29.531684], [-83.40099, 29.555121], [-83.411529, 29.579495], [-83.394643, 29.610541], [-83.397288, 29.654527], [-83.408925, 29.667304], [-83.466176, 29.68183], [-83.543813, 29.728095], [-83.576772, 29.76496], [-83.593373, 29.826158], [-83.612131, 29.837307], [-83.624908, 29.864325], [-83.680572, 29.921291], [-83.724477, 29.950141], [-83.75414, 29.959866], [-83.787709, 29.989691], [-83.811594, 29.985338], [-83.85015689178252, 30.0], [-81.30893186094372, 30.0], [-81.287668, 29.926174]]], [[[-84.383616, 29.989691], [-84.37421201594263, 30.0], [-84.36764080719719, 30.0], [-84.346303, 29.969875], [-84.43775355777343, 30.0], [-84.38581019231985, 30.0], [-84.383616, 29.989691]]], [[[-84.466135, 29.989691], [-84.449941, 29.988837], [-84.44518, 29.968329], [-84.435699, 29.963039], [-84.343007, 29.946763], [-84.33609, 29.92536], [-84.348988, 29.902045], [-84.377349, 29.887356], [-84.363678, 29.907782], [-84.442535, 29.922065], [-84.497182, 29.911811], [-84.508372, 29.922065], [-84.60436, 29.864691], [-84.653188, 29.852769], [-84.733632, 29.791693], [-84.788238, 29.778713], [-84.875356, 29.733222], [-84.886627, 29.730048], [-84.891265, 29.747382], [-84.857167, 29.797919], [-84.87328, 29.804633], [-84.928131, 29.778469], [-84.94579, 29.752834], [-84.970937, 29.749579], [-85.004262, 29.71601], [-85.124257, 29.721829], [-85.240712, 29.688707], [-85.307851, 29.693427], [-85.346099, 29.678371], [-85.365834, 29.686347], [-85.391591, 29.71601], [-85.410634, 29.800116], [-85.413482, 29.851386], [-85.398427, 29.873603], [-85.395863, 29.771877], [-85.377797, 29.728176], [-85.351471, 29.693427], [-85.320546, 29.693305], [-85.301869, 29.711859], [-85.302154, 29.797919], [-85.343617, 29.85578], [-85.356516, 29.888739], [-85.405181, 29.935126], [-85.519765, 29.981757], [-85.543834011436, 30.0], [-85.52692264634355, 30.0], [-85.523427, 29.996894], [-85.500152, 29.983832], [-85.480336, 29.983547], [-85.5044307028547, 30.0], [-84.45774709275624, 30.0], [-84.466135, 29.989691]]], [[[-89.831939, 29.976711], [-89.811147, 29.94717], [-89.766835, 29.942572], [-89.716624, 29.960517], [-89.708404, 29.956204], [-89.728912, 29.922065], [-89.686513, 29.882554], [-89.66454, 29.875474], [-89.6197, 29.879869], [-89.602406, 29.890774], [-89.575592, 29.931057], [-89.56571410076577, 30.0], [-89.43718402632759, 30.0], [-89.434722, 29.989691], [-89.454701, 29.976386], [-89.441558, 29.969875], [-89.386342, 29.969875], [-89.370229, 29.950751], [-89.381744, 29.935533], [-89.400787, 29.932115], [-89.40746, 29.948798], [-89.434722, 29.935126], [-89.434722, 29.9289], [-89.413645, 29.901557], [-89.390452, 29.916449], [-89.369537, 29.918647], [-89.366689, 29.908026], [-89.393788, 29.887356], [-89.393788, 29.879869], [-89.366444, 29.89411], [-89.331695, 29.879869], [-89.358998, 29.866848], [-89.345326, 29.853217], [-89.367543, 29.846829], [-89.380116, 29.833319], [-89.35851, 29.798977], [-89.345326, 29.791693], [-89.386342, 29.797919], [-89.413645, 29.76439], [-89.40746, 29.791693], [-89.420033, 29.791978], [-89.456776, 29.82925], [-89.482533, 29.833319], [-89.478098, 29.81566], [-89.532541, 29.755845], [-89.585561, 29.7508], [-89.601471, 29.734849], [-89.603831, 29.716254], [-89.585561, 29.688707], [-89.522125, 29.687323], [-89.510487, 29.675035], [-89.530914, 29.675035], [-89.482533, 29.640855], [-89.482533, 29.634101], [-89.499908, 29.635484], [-89.53718, 29.661363], [-89.623769, 29.674628], [-89.70226, 29.709784], [-89.653879, 29.675035], [-89.66747, 29.66885], [-89.647043, 29.661363], [-89.645416, 29.650092], [-89.6197, 29.627265], [-89.639068, 29.620266], [-89.722239, 29.639879], [-89.756907, 29.634101], [-89.722768, 29.623196], [-89.715932, 29.613593], [-89.728912, 29.613593], [-89.694814, 29.572008], [-89.678049, 29.527899], [-89.617543, 29.500556], [-89.578114, 29.497504], [-89.585561, 29.490058], [-89.523508, 29.469631], [-89.537424, 29.435004], [-89.53246, 29.427802], [-89.516672, 29.434801], [-89.518951, 29.418158], [-89.544586, 29.408149], [-89.539866, 29.397773], [-89.515777, 29.392524], [-89.433949, 29.403469], [-89.410634, 29.390774], [-89.336781, 29.39057], [-89.343577, 29.381293], [-89.373525, 29.377021], [-89.38093, 29.362942], [-89.342275, 29.346096], [-89.281361, 29.357611], [-89.264068, 29.345282], [-89.257192, 29.318793], [-89.244456, 29.315985], [-89.227122, 29.322211], [-89.197092, 29.353461], [-89.187734, 29.340399], [-89.188344, 29.318793], [-89.174062, 29.325629], [-89.153554, 29.290839], [-89.139882, 29.298285], [-89.123158, 29.26789], [-89.11262, 29.264146], [-89.147369, 29.236802], [-89.105784, 29.226264], [-89.10025, 29.214586], [-89.07136, 29.202826], [-89.057973, 29.202094], [-89.064809, 29.216376], [-89.03246, 29.21662], [-89.010162, 29.195868], [-89.030629, 29.195868], [-89.030629, 29.188422], [-89.010162, 29.17475], [-89.03189, 29.18008], [-89.051137, 29.167914], [-89.051137, 29.188422], [-89.096995, 29.159613], [-89.098948, 29.147406], [-89.023183, 29.147406], [-89.064809, 29.086005], [-89.071523, 29.112494], [-89.098948, 29.119534], [-89.084625, 29.078559], [-89.105784, 29.099677], [-89.150502, 29.048163], [-89.153432, 29.029934], [-89.133656, 28.996243], [-89.147369, 28.990424], [-89.157786, 28.997463], [-89.18814, 29.030463], [-89.224762, 29.091457], [-89.24767, 29.105902], [-89.249745, 29.064887], [-89.30956, 29.050198], [-89.327056, 29.00845], [-89.374013, 28.947455], [-89.413645, 28.928371], [-89.40746, 28.969306], [-89.35558, 29.020494], [-89.352162, 29.058051], [-89.311838, 29.072333], [-89.287221, 29.11758], [-89.276194, 29.160102], [-89.290679, 29.161119], [-89.295766, 29.129828], [-89.304351, 29.126939], [-89.310943, 29.133979], [-89.314931, 29.181342], [-89.321767, 29.181952], [-89.331695, 29.164496], [-89.324859, 29.119534], [-89.337514, 29.103461], [-89.383656, 29.087836], [-89.404897, 29.12287], [-89.398508, 29.141913], [-89.427317, 29.154934], [-89.482533, 29.243069], [-89.45519, 29.250474], [-89.495107, 29.259508], [-89.506093, 29.250149], [-89.496205, 29.229397], [-89.608225, 29.256049], [-89.62267, 29.285142], [-89.662004, 29.30093], [-89.686687, 29.296307], [-89.818146, 29.31616], [-89.757705, 29.343163], [-89.743806, 29.369843], [-89.7501, 29.392195], [-89.763051, 29.393866], [-89.777333, 29.380194], [-89.781809, 29.391669], [-89.770579, 29.411566], [-89.775502, 29.420803], [-89.80842, 29.408149], [-89.819814, 29.41706], [-89.831939, 29.442288], [-89.818267, 29.455959], [-89.816314, 29.474351], [-89.851715, 29.480048], [-89.86026, 29.443752], [-89.876943, 29.44892], [-89.907704, 29.477037], [-89.94164, 29.464423], [-89.971181, 29.473375], [-90.099477, 29.544664], [-90.129709, 29.544664], [-90.133168, 29.53913], [-90.119985, 29.531684], [-90.127431, 29.524237], [-90.182037, 29.579495], [-90.20934, 29.538479], [-90.182037, 29.538479], [-90.182037, 29.531684], [-90.215566, 29.524237], [-90.210276, 29.515123], [-90.195709, 29.518012], [-90.133453, 29.471625], [-90.069814, 29.460028], [-90.023752, 29.428616], [-90.047353, 29.416815], [-90.050526, 29.407294], [-90.051096, 29.390774], [-90.037424, 29.373969], [-90.037424, 29.33926], [-90.058502, 29.359768], [-90.047515, 29.325019], [-90.017568, 29.305121], [-90.017568, 29.298285], [-90.037424, 29.290839], [-90.050893, 29.307563], [-90.067454, 29.310126], [-90.075795, 29.301459], [-90.064768, 29.284613], [-90.095041, 29.28384], [-90.099965, 29.253852], [-90.083852, 29.225409], [-90.051096, 29.229397], [-90.08023, 29.174709], [-90.130767, 29.132025], [-90.229237, 29.086656], [-90.244049, 29.091498], [-90.235951, 29.106594], [-90.239735, 29.131822], [-90.271311, 29.167426], [-90.250356, 29.236802], [-90.260813, 29.269477], [-90.270823, 29.270982], [-90.287465, 29.235175], [-90.337514, 29.293606], [-90.339101, 29.311265], [-90.359853, 29.303371], [-90.369944, 29.270901], [-90.393707, 29.243069], [-90.393707, 29.298285], [-90.434438, 29.357245], [-90.444244, 29.357652], [-90.452016, 29.327135], [-90.483062, 29.290839], [-90.496449, 29.306138], [-90.527455, 29.290839], [-90.562001, 29.300727], [-90.571848, 29.305121], [-90.558217, 29.311265], [-90.558217, 29.318793], [-90.569325, 29.320705], [-90.583648, 29.314521], [-90.58552, 29.305121], [-90.602773, 29.307563], [-90.607249, 29.290839], [-90.579254, 29.284613], [-90.581288, 29.266303], [-90.598215, 29.24433], [-90.58552, 29.229397], [-90.595286, 29.218573], [-90.620229, 29.243069], [-90.627024, 29.235745], [-90.640736, 29.202094], [-90.633901, 29.195868], [-90.640736, 29.140611], [-90.652415, 29.162299], [-90.663686, 29.164618], [-90.674875, 29.161119], [-90.676381, 29.137397], [-90.697865, 29.121772], [-90.743235, 29.130845], [-90.757965, 29.115912], [-90.805247, 29.126939], [-90.796946, 29.138821], [-90.769846, 29.149115], [-90.777252, 29.167914], [-90.795318, 29.160631], [-90.846181, 29.182196], [-90.844146, 29.157294], [-90.884023, 29.133775], [-90.95519, 29.185736], [-90.98233, 29.191555], [-91.01065, 29.182196], [-91.007883, 29.201565], [-90.990142, 29.20893], [-90.999257, 29.218085], [-91.030995, 29.224311], [-91.05012, 29.197008], [-91.079579, 29.195868], [-91.123931, 29.223212], [-91.228586, 29.238593], [-91.285146, 29.260891], [-91.327992, 29.294867], [-91.33967, 29.33926], [-91.329498, 29.32392], [-91.293121, 29.323228], [-91.278188, 29.333075], [-91.246571, 29.378119], [-91.222971, 29.380194], [-91.227162, 29.363511], [-91.214915, 29.343329], [-91.191314, 29.331448], [-91.161488, 29.33926], [-91.16218, 29.305813], [-91.175771, 29.277777], [-91.157704, 29.269761], [-91.154042, 29.250474], [-91.113108, 29.270982], [-91.127349, 29.284613], [-91.109853, 29.316555], [-91.121571, 29.338121], [-91.219838, 29.404446], [-91.222971, 29.434801], [-91.247426, 29.445705], [-91.262563, 29.469062], [-91.263295, 29.522284], [-91.250844, 29.544664], [-91.220082, 29.569403], [-91.216705, 29.585639], [-91.228383, 29.608059], [-91.25768, 29.613593], [-91.247792, 29.590522], [-91.253163, 29.576321], [-91.28189, 29.555569], [-91.286122, 29.546047], [-91.278188, 29.524237], [-91.298655, 29.483832], [-91.363515, 29.512112], [-91.423899, 29.521186], [-91.429026, 29.527899], [-91.415151, 29.55683], [-91.429026, 29.565823], [-91.493235, 29.539618], [-91.559316, 29.538479], [-91.5454, 29.548814], [-91.541249, 29.569037], [-91.56078, 29.642483], [-91.568959, 29.647121], [-91.613352, 29.634101], [-91.639719, 29.635484], [-91.644154, 29.645168], [-91.630442, 29.728827], [-91.637929, 29.742092], [-91.684682, 29.753119], [-91.778432, 29.748481], [-91.858469, 29.719062], [-91.877919, 29.759345], [-91.87442, 29.778144], [-91.853586, 29.805365], [-91.829457, 29.78441], [-91.826283, 29.801703], [-91.835805, 29.825263], [-91.847524, 29.831244], [-91.906728, 29.837104], [-91.933502, 29.819403], [-91.966868, 29.833319], [-91.984446, 29.831977], [-91.990712, 29.805365], [-92.000478, 29.798896], [-92.086415, 29.77147], [-92.134633, 29.736151], [-92.148997, 29.736477], [-92.136464, 29.745307], [-92.141469, 29.766913], [-92.158315, 29.771226], [-92.175689, 29.7508], [-92.202382, 29.76439], [-92.191029, 29.723782], [-92.172271, 29.695502], [-92.150217, 29.707506], [-92.108795, 29.714423], [-92.099965, 29.709784], [-92.14151, 29.688707], [-92.107411, 29.620429], [-92.06017, 29.636949], [-92.037017, 29.63703], [-92.024892, 29.627265], [-92.067372, 29.616156], [-92.073313, 29.606147], [-92.052805, 29.599921], [-92.065907, 29.587836], [-92.136865, 29.586862], [-92.276493, 29.533836], [-92.314307, 29.534369], [-92.546213, 29.571682], [-92.683058, 29.604133], [-93.026845, 29.732856], [-93.199593, 29.772811], [-93.253532, 29.776355], [-93.345495, 29.762045], [-93.453396, 29.770425], [-93.558513, 29.763121], [-93.73938, 29.737248], [-93.821376, 29.709451], [-93.831028, 29.700135], [-93.879155, 29.749884], [-93.893697, 29.790814], [-93.888238, 29.807175], [-93.820668, 29.824214], [-93.781941, 29.856515], [-93.759952, 29.960576], [-93.769366, 29.978316], [-93.788901, 29.985066], [-93.854075, 29.986558], [-93.867543, 29.950019], [-93.924399, 29.865622], [-93.938112, 29.805903], [-93.932712, 29.776194], [-93.875844, 29.723375], [-93.859934, 29.692572], [-93.875803, 29.675035], [-94.037587, 29.684027], [-94.101959, 29.6706], [-94.215972, 29.617499], [-94.335276, 29.578192], [-94.654286, 29.45189], [-94.690745, 29.428616], [-94.742421, 29.374661], [-94.762766, 29.366523], [-94.786204, 29.370307], [-94.790639, 29.380032], [-94.700999, 29.462795], [-94.630035, 29.485663], [-94.580881, 29.524237], [-94.504465, 29.526028], [-94.491811, 29.534125], [-94.485951, 29.566107], [-94.510121, 29.549018], [-94.561431, 29.574612], [-94.605448, 29.55265], [-94.755235, 29.524271], [-94.77905, 29.529877], [-94.78508, 29.546934], [-94.761274, 29.543918], [-94.716138, 29.611408], [-94.692741, 29.69634], [-94.703532, 29.751362], [-94.719494, 29.776551], [-94.734055, 29.782241], [-94.794792, 29.771705], [-94.806743, 29.781989], [-94.82649, 29.768144], [-94.826386, 29.749787], [-94.876076, 29.665842], [-94.919597, 29.655327], [-94.931556, 29.666741], [-94.938317, 29.689653], [-95.015502, 29.7203], [-95.033993, 29.748461], [-95.05228, 29.749748], [-95.064076, 29.712877], [-95.008947, 29.693465], [-94.985801, 29.674985], [-95.008696, 29.659714], [-95.015723, 29.644522], [-95.010031, 29.625953], [-94.984519, 29.60612], [-95.015981, 29.568915], [-95.023915, 29.542182], [-94.983911, 29.513819], [-94.907798, 29.49631], [-94.923506, 29.475558], [-94.936391, 29.480048], [-94.965077, 29.469631], [-94.948232, 29.451972], [-94.942942, 29.422024], [-94.917307, 29.421129], [-94.917307, 29.442288], [-94.889556, 29.400824], [-94.821116, 29.373969], [-94.834096, 29.366523], [-94.870351, 29.380845], [-94.888824, 29.375963], [-94.912913, 29.315579], [-94.928212, 29.307563], [-94.950795, 29.318793], [-94.964467, 29.297797], [-94.984934, 29.284613], [-94.999176, 29.284613], [-94.999176, 29.270982], [-95.065175, 29.204169], [-95.115875, 29.17475], [-95.124257, 29.193549], [-95.170522, 29.20893], [-95.150014, 29.17475], [-95.159169, 29.152411], [-95.149648, 29.07217], [-95.158925, 29.045722], [-95.259999, 28.981757], [-95.367747, 28.887152], [-95.419179, 28.872301], [-95.601918, 28.763861], [-95.688873, 28.736314], [-95.817372, 28.732489], [-95.951975, 28.688707], [-95.94579, 28.676459], [-95.955922, 28.632636], [-95.940175, 28.625718], [-95.793446, 28.699449], [-95.719228, 28.715481], [-95.837148, 28.64647], [-95.902415, 28.617865], [-96.005116, 28.596503], [-96.066274, 28.55386], [-96.123687, 28.536811], [-96.218861, 28.489488], [-96.160878, 28.537258], [-95.984934, 28.613105], [-95.987782, 28.644843], [-96.006581, 28.653998], [-96.026438, 28.651028], [-96.157379, 28.598782], [-96.226471, 28.587144], [-96.222279, 28.602484], [-96.204742, 28.610582], [-96.158925, 28.615139], [-96.136871, 28.626654], [-96.136871, 28.633531], [-96.15392, 28.635199], [-96.215443, 28.629381], [-96.220448, 28.636868], [-96.188059, 28.690863], [-96.230824, 28.692816], [-96.266672, 28.675116], [-96.260406, 28.688707], [-96.281402, 28.679755], [-96.308095, 28.651068], [-96.345774, 28.635321], [-96.390207, 28.688707], [-96.380035, 28.700263], [-96.38329, 28.730048], [-96.397613, 28.743394], [-96.41686, 28.729722], [-96.444814, 28.763861], [-96.438385, 28.731757], [-96.424306, 28.708645], [-96.400787, 28.719875], [-96.397613, 28.712063], [-96.41686, 28.688707], [-96.410308, 28.666327], [-96.416819, 28.643704], [-96.3697, 28.626654], [-96.427642, 28.595404], [-96.493235, 28.578925], [-96.477895, 28.59162], [-96.444814, 28.597357], [-96.438588, 28.616767], [-96.447133, 28.635647], [-96.48469, 28.612616], [-96.497385, 28.644761], [-96.519765, 28.640448], [-96.554677, 28.647162], [-96.56725, 28.696519], [-96.578521, 28.712063], [-96.603831, 28.7237], [-96.63036, 28.715481], [-96.650868, 28.729722], [-96.64566, 28.687079], [-96.604888, 28.630561], [-96.608632, 28.578925], [-96.599843, 28.568345], [-96.581939, 28.578925], [-96.57018, 28.575385], [-96.520375, 28.549221], [-96.493235, 28.510647], [-96.554677, 28.48607], [-96.547597, 28.469306], [-96.4735, 28.493557], [-96.435658, 28.48135], [-96.406809, 28.458726], [-96.403798, 28.434882], [-96.653717, 28.319485], [-96.671376, 28.331855], [-96.687734, 28.327379], [-96.698313, 28.335883], [-96.709218, 28.399848], [-96.74177, 28.41059], [-96.746449, 28.434882], [-96.793324, 28.479722], [-96.813303, 28.457994], [-96.777455, 28.437405], [-96.766957, 28.410712], [-96.775136, 28.400458], [-96.828359, 28.428697], [-96.844472, 28.415595], [-96.781158, 28.331855], [-96.801259, 28.27912], [-96.782338, 28.241604], [-96.828359, 28.20897], [-96.880238, 28.150621], [-96.945058, 28.126451], [-96.933461, 28.162909], [-96.910308, 28.195258], [-96.924713, 28.214097], [-96.908803, 28.248765], [-96.910308, 28.263617], [-96.921946, 28.263332], [-96.95934, 28.215766], [-96.946116, 28.205146], [-96.94343, 28.191352], [-96.973012, 28.133938], [-96.984364, 28.129543], [-97.020172, 28.140082], [-97.0065, 28.153754], [-97.013051, 28.164008], [-97.007436, 28.194525], [-97.013987, 28.20897], [-97.036204, 28.187649], [-97.110219, 28.153632], [-97.137522, 28.147528], [-97.130849, 28.157782], [-97.152659, 28.169257], [-97.173248, 28.159003], [-97.173207, 28.138373], [-97.157338, 28.133857], [-97.217519, 28.074774], [-97.208852, 28.065009], [-97.186676, 28.062486], [-97.154286, 28.044623], [-97.144276, 28.030219], [-97.149078, 28.00552], [-97.129872, 28.01675], [-97.106109, 28.07095], [-97.057444, 28.088813], [-97.041249, 28.105902], [-97.046457, 28.113715], [-97.034413, 28.119574], [-97.021067, 28.100328], [-97.027496, 28.036689], [-97.061147, 27.989244], [-97.068593, 27.996039], [-97.184071, 27.836615], [-97.206288, 27.821723], [-97.232493, 27.824774], [-97.232493, 27.832221], [-97.211985, 27.832221], [-97.235911, 27.863837], [-97.267201, 27.879381], [-97.355946, 27.859565], [-97.342275, 27.879381], [-97.452138, 27.873196], [-97.46581, 27.859565], [-97.5006, 27.879381], [-97.521067, 27.873196], [-97.48705, 27.835273], [-97.431711, 27.838446], [-97.40982, 27.832343], [-97.390736, 27.845893], [-97.38561, 27.830064], [-97.394032, 27.801703], [-97.371816, 27.755316], [-97.356068, 27.741767], [-97.267201, 27.708075], [-97.259592, 27.695054], [-97.289296, 27.641995], [-97.298818, 27.600572], [-97.329335, 27.549628], [-97.352935, 27.475735], [-97.367055, 27.460761], [-97.411204, 27.335028], [-97.486928, 27.304023], [-97.508412, 27.282416], [-97.522572, 27.27851], [-97.541575, 27.290351], [-97.493153, 27.317694], [-97.506744, 27.331285], [-97.476389, 27.331488], [-97.461293, 27.343655], [-97.472646, 27.351752], [-97.489369, 27.350653], [-97.486928, 27.400214], [-97.541575, 27.365465], [-97.534088, 27.351752], [-97.568837, 27.331285], [-97.575103, 27.345649], [-97.584706, 27.341783], [-97.603017, 27.317694], [-97.606191, 27.299709], [-97.630238, 27.300238], [-97.637766, 27.324449], [-97.717641, 27.427436], [-97.774281, 27.468492], [-97.770497, 27.444566], [-97.73644, 27.41413], [-97.725901, 27.393378], [-97.740142, 27.393378], [-97.703765, 27.36107], [-97.691762, 27.340481], [-97.712229, 27.331285], [-97.706654, 27.317694], [-97.687082, 27.325141], [-97.672231, 27.321357], [-97.667633, 27.310858], [-97.700698, 27.285943], [-97.774281, 27.297797], [-97.760569, 27.27912], [-97.7152, 27.26736], [-97.658885, 27.274122], [-97.642153, 27.266802], [-97.629522, 27.244661], [-97.521127, 27.232191], [-97.440118, 27.272232], [-97.426096, 27.263658], [-97.434071, 27.239244], [-97.445953, 27.235093], [-97.445058, 27.188218], [-97.458363, 27.174791], [-97.445953, 27.132717], [-97.46581, 27.112372], [-97.498199, 27.100735], [-97.481557, 27.074286], [-97.493153, 27.063788], [-97.480702, 27.021959], [-97.494496, 27.012641], [-97.550201, 27.009182], [-97.560943, 27.004869], [-97.562815, 26.99372], [-97.559967, 26.950751], [-97.545522, 26.918647], [-97.481313, 26.877631], [-97.493153, 26.858344], [-97.548411, 26.899888], [-97.560048, 26.871405], [-97.562001, 26.837877], [-97.554758, 26.825141], [-97.513661, 26.817369], [-97.493031, 26.791734], [-97.418609, 26.502021], [-97.431711, 26.523179], [-97.446034, 26.502875], [-97.472646, 26.495836], [-97.438547, 26.485297], [-97.447865, 26.420152], [-97.417063, 26.415188], [-97.405019, 26.378567], [-97.370229, 26.372301], [-97.377065, 26.337592], [-97.363271, 26.340155], [-97.351918, 26.353827], [-97.340199, 26.34162], [-97.355295, 26.327948], [-97.361073, 26.285793], [-97.352895, 26.276109], [-97.329823, 26.281724], [-97.315785, 26.264879], [-97.329254, 26.242011], [-97.308746, 26.201077], [-97.315256, 26.150133], [-97.310536, 26.123277], [-97.276235, 26.100653], [-97.211985, 26.091213], [-97.222157, 26.067084], [-97.246693, 26.070705], [-97.259836, 26.02912], [-97.255605, 25.998928], [-97.236236, 25.984198], [-97.192616, 26.011542], [-97.175364, 26.070868], [-97.151845, 26.075019], [-97.137522, 25.974514], [-97.139272, 25.965806], [-97.266358, 25.960639], [-97.2692, 25.944361], [-97.287649, 25.928651], [-97.310981, 25.922088], [-97.328447, 25.933302], [-97.355112, 25.912786], [-97.345733, 25.852222], [-97.36599, 25.843902], [-97.389891, 25.865657], [-97.397823, 25.865812], [-97.404179, 25.851395], [-97.425418, 25.854857], [-97.448259, 25.892322], [-97.486319, 25.895733], [-97.52027, 25.912786], [-97.565177, 25.954748], [-97.594322, 25.966375], [-97.622641, 26.00906], [-97.659874, 26.03066], [-97.766948, 26.039652], [-97.780306, 26.043218], [-97.782321, 26.058617], [-97.80201, 26.063733], [-97.941666, 26.056809], [-98.013057, 26.063682], [-98.065457, 26.042184], [-98.075146, 26.046628], [-98.083311, 26.070916], [-98.103103, 26.074947], [-98.150232, 26.063682], [-98.222656, 26.075412], [-98.300429, 26.111431], [-98.339264, 26.159851], [-98.377272, 26.163572], [-98.36934, 26.19401], [-98.428845, 26.217729], [-98.456544, 26.225946], [-98.472383, 26.207652], [-98.49295, 26.230596], [-98.581627, 26.262274], [-98.640564, 26.24181], [-98.653663, 26.244291], [-98.685289, 26.268475], [-98.702239, 26.271628], [-98.691465, 26.290231], [-98.701413, 26.299119], [-98.739911, 26.303253], [-98.735932, 26.320048], [-98.746397, 26.332141], [-98.801329, 26.372138], [-98.825023, 26.366454], [-98.836081, 26.372138], [-98.850835, 26.364077], [-98.870214, 26.372138], [-98.893029, 26.367849], [-98.9299, 26.39224], [-98.945377, 26.378288], [-98.962844, 26.399527], [-99.010515, 26.392602], [-99.027878, 26.406245], [-99.085498, 26.40764], [-99.106427, 26.423039], [-99.108907, 26.434253], [-99.089373, 26.47115], [-99.091492, 26.484018], [-99.115108, 26.525617], [-99.164873, 26.540448], [-99.181125, 26.6299], [-99.248278, 26.827097], [-99.336981, 26.924766], [-99.386177, 26.962231], [-99.399329, 27.012668], [-99.42465, 27.017887], [-99.461728, 27.056954], [-99.439404, 27.098347], [-99.452452, 27.125012], [-99.431988, 27.207591], [-99.451832, 27.26118], [-99.480409, 27.283297], [-99.486584, 27.297611], [-99.521362, 27.311254], [-99.497591, 27.338798], [-99.472916, 27.426647], [-99.480409, 27.490778], [-99.509503, 27.500028], [-99.507203, 27.57377], [-99.515006, 27.588601], [-99.535031, 27.604828], [-99.572264, 27.61847], [-99.600169, 27.646427], [-99.644869, 27.632733], [-99.664739, 27.659398], [-99.70037, 27.659191], [-99.730652, 27.691825], [-99.740445, 27.722159], [-99.774577, 27.735828], [-99.808167, 27.772414], [-99.83292, 27.776755], [-99.863357, 27.804661], [-99.863357, 27.845666], [-99.888007, 27.864812], [-99.891288, 27.876026], [-99.88134, 27.906463], [-99.929916, 27.946331], [-99.939683, 27.961085], [-99.928289, 27.975761], [-99.976606, 27.992453], [-99.991127, 28.007801], [-100.0, 28.024260577056875], [-100.0, 30.0], [-89.83761816379037, 30.0], [-89.831939, 29.976711]]], [[[-81.732004, 24.55622], [-81.752512, 24.569892], [-81.769399, 24.550198], [-81.814565, 24.542548], [-81.810292, 24.558173], [-81.780385, 24.55622], [-81.746246, 24.576117], [-81.732004, 24.55622]]], [[[-81.69579, 24.590644], [-81.65685, 24.597805], [-81.650054, 24.576117], [-81.725738, 24.55622], [-81.711497, 24.569892], [-81.716298, 24.591742], [-81.705312, 24.597805], [-81.69579, 24.590644]]], [[[-81.506012, 24.631334], [-81.530832, 24.61522], [-81.636464, 24.583564], [-81.616933, 24.605455], [-81.595448, 24.60399], [-81.554514, 24.631334], [-81.581166, 24.651801], [-81.551666, 24.644355], [-81.52717, 24.624498], [-81.525706, 24.647895], [-81.554514, 24.651801], [-81.550526, 24.668769], [-81.567494, 24.672309], [-81.560658, 24.693427], [-81.506012, 24.631334]]], [[[-81.092763, 24.700873], [-81.103912, 24.706773], [-81.136098, 24.707017], [-81.039906, 24.734361], [-81.043691, 24.724311], [-81.076161, 24.709052], [-81.087717, 24.68594], [-81.092763, 24.700873]]], [[[-81.387685, 24.727484], [-81.355458, 24.686184], [-81.340566, 24.646715], [-81.36266, 24.631334], [-81.364247, 24.6612], [-81.430287, 24.754828], [-81.387685, 24.727484]]], [[[-80.958892, 24.749335], [-81.03307, 24.720689], [-80.955556, 24.768744], [-80.923818, 24.775336], [-80.923818, 24.76911], [-80.958892, 24.749335]]], [[[-80.802317, 24.82689], [-80.787099, 24.825995], [-80.802154, 24.809882], [-80.85497, 24.80329], [-80.800364, 24.843573], [-80.802317, 24.82689]]], [[[-80.365834, 25.18122], [-80.36148, 25.159491], [-80.442779, 25.086412], [-80.464508, 25.083808], [-80.488149, 25.039455], [-80.578603, 24.950263], [-80.598012, 24.9501], [-80.603505, 24.961127], [-80.567616, 24.973944], [-80.555653, 25.009019], [-80.526479, 25.021674], [-80.48762, 25.066596], [-80.480865, 25.078437], [-80.484446, 25.091254], [-80.452382, 25.099189], [-80.44343, 25.111151], [-80.448598, 25.122138], [-80.437245, 25.118598], [-80.439036, 25.139797], [-80.464508, 25.138414], [-80.458567, 25.156195], [-80.413401, 25.147406], [-80.394276, 25.190904], [-80.35733, 25.227362], [-80.347808, 25.248277], [-80.35025, 25.262844], [-80.368967, 25.286119], [-80.317454, 25.306952], [-80.290598, 25.34276], [-80.273427, 25.352607], [-80.251617, 25.344468], [-80.272694, 25.323676], [-80.291331, 25.28262], [-80.365834, 25.18122]]], [[[-80.216908, 25.415473], [-80.231191, 25.403388], [-80.238026, 25.405951], [-80.215728, 25.432034], [-80.199941, 25.489814], [-80.188222, 25.498358], [-80.216908, 25.415473]]], [[[-80.181793, 25.681301], [-80.169749, 25.700751], [-80.183339, 25.713813], [-80.156077, 25.734931], [-80.162913, 25.672838], [-80.181793, 25.681301]]], [[[-82.076812, 26.456204], [-82.06843, 26.467963], [-82.026845, 26.447455], [-82.088246, 26.419501], [-82.16393, 26.454291], [-82.191314, 26.48843], [-82.204945, 26.550482], [-82.190785, 26.536526], [-82.164133, 26.47956], [-82.129221, 26.461127], [-82.076812, 26.456204]]], [[[-82.245961, 26.694525], [-82.225453, 26.611274], [-82.24767, 26.654364], [-82.260162, 26.701321], [-82.245961, 26.694525]]], [[[-82.132436, 26.609809], [-82.177642, 26.701321], [-82.14391, 26.694648], [-82.113637, 26.654364], [-82.123199, 26.61872], [-82.088246, 26.560452], [-82.082021, 26.491523], [-82.095082, 26.495836], [-82.10851, 26.516303], [-82.136708, 26.584662], [-82.132436, 26.609809]]], [[[-82.257965, 26.758531], [-82.266428, 26.714993], [-82.277821, 26.785061], [-82.287506, 26.803127], [-82.278432, 26.810045], [-82.257965, 26.758531]]], [[[-97.17068, 26.179523], [-97.166379, 26.102847], [-97.188314, 26.149336], [-97.213017, 26.292714], [-97.249176, 26.390815], [-97.260365, 26.467963], [-97.30134, 26.550482], [-97.313222, 26.606757], [-97.363393, 26.721177], [-97.355946, 26.728583], [-97.370229, 26.755927], [-97.357004, 26.771552], [-97.397532, 26.831], [-97.385406, 26.900377], [-97.405019, 27.050767], [-97.397084, 27.107327], [-97.405019, 27.12523], [-97.391591, 27.193101], [-97.377065, 27.207831], [-97.383901, 27.187934], [-97.376291, 26.931627], [-97.342885, 26.756741], [-97.238678, 26.445787], [-97.17068, 26.179523]]], [[[-82.680979, 27.434068], [-82.654286, 27.419664], [-82.630116, 27.379706], [-82.593088, 27.33983], [-82.589182, 27.324449], [-82.65746, 27.396796], [-82.680979, 27.434068]]], [[[-97.067535, 27.840888], [-97.052602, 27.844184], [-97.044016, 27.835273], [-97.178007, 27.652844], [-97.259355, 27.496175], [-97.320256, 27.357574], [-97.351642, 27.235171], [-97.365912, 27.224231], [-97.397532, 27.228909], [-97.370253, 27.348366], [-97.245107, 27.623196], [-97.25414, 27.659654], [-97.205719, 27.632961], [-97.151031, 27.739895], [-97.075429, 27.814521], [-97.067535, 27.840888]]], [[[-80.450917, 27.852037], [-80.444569, 27.857489], [-80.437245, 27.859565], [-80.429799, 27.845893], [-80.42219, 27.804999], [-80.36148, 27.701239], [-80.337636, 27.606635], [-80.162913, 27.173651], [-80.197621, 27.223944], [-80.20816, 27.262926], [-80.272776, 27.396796], [-80.292592, 27.417304], [-80.347808, 27.612494], [-80.372914, 27.656562], [-80.388783, 27.718655], [-80.450917, 27.852037]]], [[[-96.867584, 28.135565], [-96.845367, 28.121243], [-96.850087, 28.071194], [-96.938222, 27.983059], [-97.014638, 27.890937], [-97.034413, 27.852037], [-97.04304, 27.870307], [-97.029775, 27.90058], [-96.953033, 27.994208], [-96.972564, 28.009914], [-96.914052, 28.099107], [-96.900258, 28.101955], [-96.880238, 28.130113], [-96.867584, 28.135565]]], [[[-80.640696, 28.204169], [-80.64859, 28.222724], [-80.629018, 28.181057], [-80.636464, 28.181057], [-80.640696, 28.204169]]], [[[-96.407582, 28.396389], [-96.403798, 28.387112], [-96.403798, 28.352362], [-96.41686, 28.328762], [-96.522328, 28.289618], [-96.608632, 28.229438], [-96.702626, 28.185533], [-96.808705, 28.103258], [-96.828359, 28.071194], [-96.835805, 28.071194], [-96.82429, 28.107489], [-96.801666, 28.133857], [-96.812367, 28.170111], [-96.807769, 28.187649], [-96.710357, 28.213365], [-96.663889, 28.239691], [-96.654286, 28.257148], [-96.548451, 28.311428], [-96.514963, 28.336819], [-96.443227, 28.341376], [-96.431142, 28.359768], [-96.427724, 28.393297], [-96.407582, 28.396389]]], [[[-96.3697, 28.414455], [-96.312896, 28.458564], [-96.275258, 28.478705], [-96.232533, 28.489488], [-96.232533, 28.482733], [-96.283925, 28.447659], [-96.308217, 28.441718], [-96.350087, 28.408881], [-96.3697, 28.406928], [-96.3697, 28.414455]]], [[[-80.629018, 28.598782], [-80.612172, 28.568834], [-80.658193, 28.437486], [-80.669993, 28.287502], [-80.64977, 28.225165], [-80.714711, 28.369778], [-80.728342, 28.469062], [-80.737416, 28.484849], [-80.739898, 28.517483], [-80.732289, 28.544623], [-80.710927, 28.544135], [-80.698638, 28.567776], [-80.629018, 28.598782]]], [[[-90.903188, 29.057196], [-90.879628, 29.051256], [-90.91511, 29.051256], [-90.943715, 29.060777], [-90.903188, 29.057196]]], [[[-90.31078, 29.082424], [-90.283844, 29.086005], [-90.283844, 29.078559], [-90.346547, 29.058051], [-90.31078, 29.082424]]], [[[-89.955474, 29.270982], [-89.962961, 29.264146], [-89.955474, 29.25731], [-90.030629, 29.216376], [-90.024281, 29.238471], [-89.976633, 29.256903], [-89.955474, 29.270982]]], [[[-94.724409, 29.333155], [-95.116544, 29.088993], [-95.081281, 29.136084], [-94.943099, 29.22286], [-94.917226, 29.255316], [-94.875111, 29.284613], [-94.86205, 29.305121], [-94.828033, 29.317613], [-94.82429, 29.343329], [-94.841542, 29.346096], [-94.834096, 29.359768], [-94.724409, 29.333155]]], [[[-89.16039, 29.497504], [-89.166249, 29.482367], [-89.182607, 29.473131], [-89.221832, 29.469631], [-89.173004, 29.489325], [-89.167836, 29.50373], [-89.16039, 29.497504]]], [[[-91.840484, 29.483832], [-91.918446, 29.529975], [-92.020497, 29.568752], [-92.036529, 29.582099], [-92.03539, 29.596177], [-92.012318, 29.613715], [-91.949127, 29.627265], [-91.92927, 29.647121], [-91.917104, 29.648139], [-91.861399, 29.637193], [-91.788686, 29.592475], [-91.720204, 29.581732], [-91.713979, 29.573717], [-91.723215, 29.558987], [-91.773101, 29.530992], [-91.780832, 29.493354], [-91.840484, 29.483832]]], [[[-85.171864, 29.66885], [-85.212799, 29.688707], [-85.153066, 29.684638], [-85.138295, 29.695502], [-85.08609, 29.685736], [-85.083648, 29.675035], [-85.108713, 29.634019], [-85.141754, 29.640855], [-85.171864, 29.66885]]], [[[-84.692698, 29.76439], [-84.70637, 29.743964], [-84.788238, 29.695502], [-84.887847, 29.657945], [-84.969472, 29.611762], [-85.049184, 29.605862], [-85.09732, 29.627265], [-85.054026, 29.609442], [-84.987457, 29.620429], [-84.774566, 29.709784], [-84.768178, 29.72191], [-84.692698, 29.76439]]], [[[-89.441314, 29.784613], [-89.427317, 29.743964], [-89.440256, 29.748481], [-89.458608, 29.771226], [-89.48998, 29.736477], [-89.49059, 29.793769], [-89.475697, 29.805365], [-89.441314, 29.784613]]], [[[-89.27717, 29.812079], [-89.290679, 29.771226], [-89.337026, 29.806627], [-89.335439, 29.812201], [-89.304351, 29.805365], [-89.27717, 29.812079]]], [[[-84.576405, 29.81977], [-84.586334, 29.799954], [-84.608713, 29.789252], [-84.664703, 29.778713], [-84.576405, 29.81977]]], [[[-89.235504, 29.931627], [-89.293935, 29.920071], [-89.279042, 29.937201], [-89.234364, 29.948432], [-89.235504, 29.931627]]], [[[-89.295806, 29.942206], [-89.32787, 29.91592], [-89.278066, 29.982123], [-89.272939, 29.982082], [-89.295806, 29.942206]]], [[[-88.817779, 29.983547], [-88.810943, 29.915229], [-88.821034, 29.832668], [-88.854563, 29.769192], [-88.859364, 29.791693], [-88.823964, 29.860663], [-88.823964, 29.9289], [-88.817779, 29.935126], [-88.832143, 29.962348], [-88.83141, 29.989691], [-88.83535200469862, 30.0], [-88.82627528312234, 30.0], [-88.817779, 29.983547]]], [[[-82.113759, 24.557318], [-82.128774, 24.550849], [-82.128285, 24.553697], [-82.113759, 24.557318]]], [[[-82.134755, 24.592963], [-82.145741, 24.592719], [-82.119374, 24.594672], [-82.109609, 24.586127], [-82.110463, 24.565497], [-82.119618, 24.58511], [-82.134755, 24.592963]]], [[[-81.417592, 24.65941], [-81.410634, 24.655422], [-81.414784, 24.647691], [-81.424469, 24.654975], [-81.417592, 24.65941]]], [[[-81.258372, 24.667629], [-81.276031, 24.655585], [-81.277496, 24.65762], [-81.265207, 24.671291], [-81.258372, 24.667629]]], [[[-81.43932, 24.660386], [-81.441396, 24.650539], [-81.460683, 24.664374], [-81.455434, 24.681342], [-81.448069, 24.680569], [-81.43932, 24.660386]]], [[[-81.481313, 24.649848], [-81.491119, 24.662258], [-81.511138, 24.661322], [-81.520172, 24.674058], [-81.515004, 24.69774], [-81.482411, 24.683254], [-81.481313, 24.649848]]], [[[-81.320668, 24.694485], [-81.317779, 24.674954], [-81.340891, 24.7001], [-81.329457, 24.703315], [-81.320668, 24.694485]]], [[[-80.710846, 24.864325], [-80.738352, 24.850735], [-80.729726, 24.862779], [-80.700836, 24.881008], [-80.710846, 24.864325]]], [[[-80.61852, 24.941555], [-80.62621, 24.92414], [-80.657135, 24.901109], [-80.61852, 24.941555]]], [[[-81.039784, 25.296698], [-81.051747, 25.278306], [-81.066884, 25.27676], [-81.078359, 25.301703], [-81.072865, 25.310045], [-81.047475, 25.309394], [-81.039784, 25.296698]]], [[[-81.090728, 25.312812], [-81.122222, 25.336575], [-81.116526, 25.341946], [-81.089019, 25.338853], [-81.090728, 25.312812]]], [[[-81.370717, 25.810126], [-81.387563, 25.806098], [-81.399729, 25.791815], [-81.42516, 25.811469], [-81.439565, 25.8039], [-81.4405, 25.842434], [-81.429514, 25.850898], [-81.370717, 25.810126]]], [[[-81.459625, 25.822821], [-81.479563, 25.847602], [-81.502838, 25.855455], [-81.512034, 25.836127], [-81.519765, 25.8487], [-81.516916, 25.859768], [-81.474355, 25.872463], [-81.457997, 25.850409], [-81.453359, 25.825507], [-81.459625, 25.822821]]], [[[-81.663401, 25.896918], [-81.660024, 25.886542], [-81.677398, 25.861477], [-81.696156, 25.86579], [-81.708567, 25.883775], [-81.708404, 25.898668], [-81.663401, 25.896918]]], [[[-81.533559, 25.878648], [-81.545766, 25.853664], [-81.558339, 25.903388], [-81.545888, 25.902411], [-81.533559, 25.878648]]], [[[-82.673736, 28.714423], [-82.696034, 28.725572], [-82.683217, 28.737738], [-82.666005, 28.734442], [-82.673736, 28.714423]]], [[[-82.694936, 28.787584], [-82.679921, 28.784654], [-82.673818, 28.766669], [-82.6822, 28.760321], [-82.696401, 28.763983], [-82.694936, 28.787584]]], [[[-90.642201, 29.072943], [-90.656321, 29.063218], [-90.67276, 29.057278], [-90.74942, 29.040961], [-90.765207, 29.040961], [-90.767161, 29.047065], [-90.714101, 29.065416], [-90.696848, 29.059231], [-90.642201, 29.072943]]], [[[-90.413401, 29.04857], [-90.512359, 29.074856], [-90.510976, 29.080308], [-90.452301, 29.069566], [-90.413401, 29.04857]]], [[[-83.029652, 29.139797], [-83.049957, 29.131985], [-83.058176, 29.136176], [-83.050282, 29.155707], [-83.029652, 29.139797]]], [[[-90.452545, 29.224026], [-90.446278, 29.260321], [-90.43456, 29.264472], [-90.433827, 29.255113], [-90.452545, 29.224026]]], [[[-89.913157, 29.290229], [-89.938954, 29.277248], [-89.933827, 29.284573], [-89.913157, 29.290229]]], [[[-89.995839, 29.44481], [-90.015736, 29.443793], [-90.031484, 29.463284], [-90.057688, 29.466213], [-90.058827, 29.478013], [-90.091949, 29.473538], [-90.119008, 29.496243], [-90.119862, 29.50552], [-90.081776, 29.511298], [-90.061106, 29.504543], [-90.020416, 29.48664], [-90.014556, 29.478583], [-90.028147, 29.47191], [-90.018056, 29.46133], [-90.009104, 29.457587], [-89.997304, 29.465562], [-89.995839, 29.44481]]], [[[-89.049916, 29.565009], [-89.0985, 29.520941], [-89.057037, 29.562079], [-89.049916, 29.565009]]], [[[-88.970082, 29.639797], [-88.964508, 29.642768], [-88.978261, 29.631659], [-88.970082, 29.639797]]], [[[-88.938832, 29.673285], [-88.874094, 29.747463], [-88.889556, 29.725328], [-88.938832, 29.673285]]]]}}, {"type": "Feature", "properties": {"name": "Mexico"}, "geometry": {"type": "MultiPolygon", "coordinates": [[[[-97.16747, 25.828599], [-97.157338, 25.789537], [-97.165151, 25.723334], [-97.186269, 25.686957], [-97.261545, 25.499457], [-97.319447, 25.38996], [-97.458974, 25.179389], [-97.651438, 24.515855], [-97.716664, 24.008124], [-97.725209, 23.80565], [-97.733306, 23.788398], [-97.750966, 23.781928], [-97.822092, 23.788398], [-97.822092, 23.782213], [-97.772857, 23.780097], [-97.75886, 23.769029], [-97.753814, 23.74372], [-97.76061, 23.651923], [-97.753814, 23.651923], [-97.746938, 23.679145], [-97.733306, 23.774807], [-97.722239, 23.739325], [-97.758127, 23.440375], [-97.768544, 23.260077], [-97.74234, 22.972073], [-97.753814, 22.849311], [-97.753896, 22.923245], [-97.764475, 22.912014], [-97.794789, 22.808336], [-97.835764, 22.761176], [-97.838246, 22.739691], [-97.849965, 22.732367], [-97.876698, 22.739447], [-97.857411, 22.718573], [-97.855051, 22.698554], [-97.889394, 22.625434], [-97.890981, 22.596096], [-97.870107, 22.587714], [-97.850006, 22.602932], [-97.853342, 22.643948], [-97.850006, 22.657538], [-97.834299, 22.669745], [-97.830068, 22.6164], [-97.850006, 22.534613], [-97.820058, 22.433295], [-97.822092, 22.404283], [-97.809071, 22.340318], [-97.774281, 22.253485], [-97.771352, 22.131659], [-97.76061, 22.095852], [-97.610463, 21.835761], [-97.508127, 21.722805], [-97.413808, 21.646715], [-97.342275, 21.602973], [-97.316233, 21.56094], [-97.319163, 21.519843], [-97.34789, 21.417914], [-97.398183, 21.34162], [-97.411204, 21.273383], [-97.418609, 21.273383], [-97.431711, 21.342271], [-97.472239, 21.437812], [-97.419423, 21.476752], [-97.400868, 21.480536], [-97.390736, 21.472642], [-97.374257, 21.504299], [-97.370229, 21.537502], [-97.378977, 21.554348], [-97.486887, 21.63642], [-97.60204, 21.777045], [-97.625071, 21.79442], [-97.658844, 21.907457], [-97.685902, 21.924506], [-97.781117, 22.095852], [-97.777008, 22.073065], [-97.719716, 21.951809], [-97.708363, 21.82746], [-97.657582, 21.636542], [-97.562001, 21.485663], [-97.53067, 21.476264], [-97.5006, 21.493109], [-97.48941, 21.48078], [-97.5006, 21.421088], [-97.496816, 21.400621], [-97.428293, 21.260403], [-97.412506, 21.255194], [-97.404897, 21.241889], [-97.397532, 21.205146], [-97.338043, 21.054999], [-97.197174, 20.810207], [-97.177846, 20.759467], [-97.198313, 20.738959], [-97.150543, 20.64704], [-97.034413, 20.514553], [-96.940338, 20.449164], [-96.910878, 20.392808], [-96.814809, 20.290432], [-96.734283, 20.221015], [-96.711578, 20.18244], [-96.676015, 20.157864], [-96.641103, 20.100246], [-96.575103, 20.026435], [-96.509877, 19.929755], [-96.456125, 19.868801], [-96.405141, 19.741848], [-96.393666, 19.65412], [-96.360015, 19.536851], [-96.3155, 19.482245], [-96.310292, 19.462958], [-96.319163, 19.424709], [-96.290354, 19.332587], [-96.27831, 19.314602], [-96.157379, 19.225165], [-96.131947, 19.235907], [-96.08849, 19.115302], [-96.061431, 19.078518], [-96.041249, 19.06566], [-95.977162, 19.058254], [-95.941762, 18.938951], [-95.903554, 18.881903], [-95.84435, 18.833401], [-95.786041, 18.818834], [-95.752756, 18.799994], [-95.752756, 18.765815], [-95.824574, 18.8133], [-95.879506, 18.828518], [-95.914784, 18.862494], [-95.937652, 18.868232], [-95.958852, 18.856391], [-95.936513, 18.838365], [-95.882436, 18.817043], [-95.872914, 18.798774], [-95.807362, 18.752143], [-95.807362, 18.744696], [-95.866322, 18.758979], [-95.877309, 18.752387], [-95.85204, 18.716783], [-95.82433, 18.72012], [-95.801137, 18.731024], [-95.794179, 18.743232], [-95.774729, 18.744045], [-95.646881, 18.710598], [-95.585032, 18.669664], [-95.568349, 18.683295], [-95.608266, 18.707668], [-95.674306, 18.729397], [-95.728383, 18.757229], [-95.732818, 18.799994], [-95.664174, 18.751044], [-95.583608, 18.721666], [-95.495188, 18.707343], [-95.190053, 18.705146], [-95.051422, 18.61225], [-95.024241, 18.564032], [-94.807851, 18.523627], [-94.786936, 18.511949], [-94.738596, 18.406806], [-94.718007, 18.374823], [-94.628285, 18.285346], [-94.580881, 18.189846], [-94.530873, 18.160631], [-94.466949, 18.144232], [-94.134877, 18.207994], [-94.084584, 18.232245], [-94.007802, 18.24844], [-93.972564, 18.272121], [-93.86148, 18.306545], [-93.885406, 18.276068], [-93.888783, 18.262152], [-93.878285, 18.256903], [-93.781117, 18.272773], [-93.759104, 18.292222], [-93.766754, 18.314846], [-93.762522, 18.32392], [-93.738596, 18.340644], [-93.710601, 18.339586], [-93.683949, 18.354926], [-93.677561, 18.336412], [-93.657216, 18.333319], [-93.592844, 18.344957], [-93.56664, 18.389065], [-93.576405, 18.411851], [-93.60261, 18.411038], [-93.63268, 18.390448], [-93.703847, 18.368598], [-93.724924, 18.34748], [-93.769032, 18.340644], [-93.803456, 18.317084], [-93.847808, 18.299709], [-93.839589, 18.318549], [-93.801869, 18.333686], [-93.781972, 18.352973], [-93.552358, 18.429389], [-93.444692, 18.441799], [-93.155751, 18.443061], [-93.165679, 18.421536], [-93.183095, 18.408922], [-93.176422, 18.377672], [-93.160471, 18.368964], [-93.121653, 18.389065], [-93.13386, 18.354885], [-93.135325, 18.340644], [-93.128489, 18.340644], [-93.10733, 18.368598], [-93.114817, 18.374823], [-93.094797, 18.378119], [-93.088368, 18.392768], [-93.095937, 18.408881], [-93.139394, 18.420233], [-93.137603, 18.42886], [-93.101145, 18.443061], [-92.93977, 18.445741], [-92.855731, 18.466047], [-92.806789, 18.494094], [-92.759307, 18.536672], [-92.716908, 18.59219], [-92.707509, 18.590888], [-92.690256, 18.552924], [-92.6822, 18.455959], [-92.669097, 18.429389], [-92.662262, 18.457343], [-92.670277, 18.472846], [-92.662262, 18.535834], [-92.695872, 18.615627], [-92.68102, 18.62287], [-92.588979, 18.624905], [-92.40514, 18.671063], [-92.060133, 18.701617], [-91.94806, 18.691225], [-91.920806, 18.661933], [-91.860422, 18.621812], [-91.866567, 18.598375], [-91.888295, 18.587633], [-91.880849, 18.601304], [-91.932362, 18.593899], [-91.942535, 18.598375], [-91.937245, 18.620551], [-91.950185, 18.629543], [-91.976064, 18.611558], [-92.008209, 18.612982], [-92.011383, 18.607367], [-91.990712, 18.601304], [-91.990712, 18.593899], [-92.016469, 18.589667], [-92.039133, 18.601304], [-92.031646, 18.580797], [-92.052805, 18.546698], [-92.031646, 18.56037], [-91.990712, 18.539252], [-91.95519, 18.547675], [-91.926625, 18.518297], [-91.888295, 18.505764], [-91.964182, 18.562323], [-91.970286, 18.593899], [-91.926259, 18.572333], [-91.901967, 18.580797], [-91.915028, 18.56037], [-91.888173, 18.548163], [-91.874013, 18.52558], [-91.888295, 18.532416], [-91.894521, 18.52558], [-91.837229, 18.503241], [-91.826283, 18.491441], [-91.860422, 18.433173], [-91.81428, 18.388658], [-91.802073, 18.385647], [-91.792348, 18.401557], [-91.812611, 18.450507], [-91.794545, 18.437323], [-91.771596, 18.436835], [-91.805165, 18.475898], [-91.798329, 18.491441], [-91.68224, 18.450507], [-91.663564, 18.456204], [-91.592885, 18.443061], [-91.544423, 18.449164], [-91.504058, 18.464179], [-91.502594, 18.449693], [-91.48648, 18.436428], [-91.475413, 18.454657], [-91.483632, 18.498277], [-91.490468, 18.498277], [-91.497304, 18.477769], [-91.534047, 18.465806], [-91.538889, 18.471015], [-91.504058, 18.511949], [-91.394887, 18.56037], [-91.379303, 18.554836], [-91.345041, 18.565619], [-91.324086, 18.584296], [-91.301747, 18.621812], [-91.251332, 18.619696], [-91.236155, 18.635403], [-91.181996, 18.656562], [-91.21231, 18.661322], [-91.298655, 18.628648], [-91.266428, 18.704291], [-91.265533, 18.735663], [-91.302358, 18.780951], [-91.33259, 18.782904], [-91.346506, 18.765815], [-91.367014, 18.771226], [-91.395375, 18.806586], [-91.414703, 18.813625], [-91.380727, 18.859442], [-91.357737, 18.875637], [-91.311106, 18.890815], [-91.237213, 18.957587], [-91.260854, 18.952623], [-91.325999, 18.902981], [-91.391265, 18.871283], [-91.416819, 18.850165], [-91.414703, 18.826646], [-91.464263, 18.808295], [-91.503407, 18.809556], [-91.505279, 18.816555], [-91.431188, 18.880117], [-91.281748, 18.965561], [-91.16161, 19.016262], [-91.079579, 19.087348], [-91.013661, 19.113349], [-90.935536, 19.163072], [-90.856557, 19.258287], [-90.80309, 19.282904], [-90.769358, 19.309231], [-90.742421, 19.342963], [-90.730092, 19.375922], [-90.702789, 19.632554], [-90.709462, 19.687486], [-90.683705, 19.752916], [-90.66454, 19.781928], [-90.516856, 19.881652], [-90.477823, 19.922101], [-90.462554, 19.995673], [-90.500234, 20.07925], [-90.488271, 20.312079], [-90.474477, 20.408515], [-90.489898, 20.534125], [-90.466908, 20.618883], [-90.459381, 20.715522], [-90.449127, 20.742133], [-90.379058, 20.82746], [-90.367055, 20.881496], [-90.341908, 20.939154], [-90.339101, 20.972357], [-90.346547, 20.972357], [-90.398061, 20.820746], [-90.417551, 20.797105], [-90.442128, 20.787421], [-90.442128, 20.794257], [-90.422231, 20.819566], [-90.360097, 21.000393], [-90.332387, 21.032457], [-90.199452, 21.114163], [-90.133616, 21.136868], [-90.099477, 21.16413], [-89.982167, 21.19892], [-89.921539, 21.240668], [-89.785959, 21.284573], [-89.677561, 21.301907], [-89.598053, 21.301907], [-89.459055, 21.3251], [-89.269154, 21.343004], [-89.147369, 21.370266], [-89.11262, 21.362779], [-88.702707, 21.458564], [-88.605458, 21.534084], [-88.523549, 21.548407], [-88.447825, 21.5751], [-88.369293, 21.5751], [-88.300404, 21.554592], [-88.19518, 21.571438], [-88.149281, 21.591132], [-88.084788, 21.589301], [-88.152211, 21.601142], [-88.186757, 21.583157], [-88.235097, 21.573798], [-88.210194, 21.593248], [-88.129465, 21.616034], [-88.071116, 21.602973], [-87.962066, 21.600084], [-87.89977, 21.5751], [-87.769846, 21.552639], [-87.706288, 21.533433], [-87.73762, 21.522406], [-87.865631, 21.554592], [-87.81135, 21.521064], [-87.778066, 21.510647], [-87.628407, 21.499498], [-87.611806, 21.506781], [-87.654286, 21.508612], [-87.690582, 21.523586], [-87.685658, 21.528754], [-87.61856, 21.520453], [-87.562734, 21.50141], [-87.501943, 21.499335], [-87.487538, 21.481757], [-87.474599, 21.480129], [-87.487538, 21.473578], [-87.501943, 21.480129], [-87.492747, 21.468492], [-87.408355, 21.470282], [-87.351064, 21.452135], [-87.289296, 21.454576], [-87.256947, 21.440619], [-87.155588, 21.481757], [-87.129994, 21.519436], [-87.138336, 21.563056], [-87.175771, 21.569037], [-87.199859, 21.562323], [-87.256581, 21.528022], [-87.324371, 21.54092], [-87.331207, 21.534084], [-87.337473, 21.554592], [-87.399526, 21.520453], [-87.392079, 21.513617], [-87.402333, 21.509467], [-87.414459, 21.521064], [-87.413157, 21.534084], [-87.365305, 21.573961], [-87.272125, 21.560777], [-87.11148, 21.62344], [-87.043324, 21.602118], [-86.997914, 21.565904], [-86.944692, 21.493069], [-86.918528, 21.439602], [-86.89859, 21.431627], [-86.894765, 21.443834], [-86.885365, 21.445217], [-86.827952, 21.433295], [-86.810455, 21.370266], [-86.823476, 21.318345], [-86.815053, 21.204779], [-86.790924, 21.158352], [-86.741567, 21.16413], [-86.789947, 21.064887], [-86.783681, 21.035956], [-86.817535, 21.024726], [-86.827748, 21.012641], [-86.83316, 20.971015], [-86.875315, 20.855048], [-86.943227, 20.762274], [-87.036366, 20.663275], [-87.067454, 20.619208], [-87.180409, 20.547187], [-87.234975, 20.49258], [-87.353912, 20.326972], [-87.365346, 20.293931], [-87.384674, 20.284166], [-87.379018, 20.266669], [-87.410064, 20.246283], [-87.430491, 20.221015], [-87.465891, 20.111762], [-87.471303, 20.069037], [-87.467763, 19.984849], [-87.437815, 19.921536], [-87.434193, 19.889228], [-87.442535, 19.853095], [-87.460927, 19.841498], [-87.479807, 19.784329], [-87.48176, 19.836656], [-87.452382, 19.851996], [-87.447336, 19.861965], [-87.443918, 19.913479], [-87.461659, 19.928778], [-87.471018, 19.962144], [-87.478017, 19.96483], [-87.488271, 19.954413], [-87.474599, 19.930854], [-87.474599, 19.875637], [-87.454701, 19.889309], [-87.496938, 19.829657], [-87.525258, 19.802883], [-87.549672, 19.817613], [-87.564565, 19.800482], [-87.579945, 19.799018], [-87.600413, 19.771389], [-87.667348, 19.633775], [-87.680043, 19.635972], [-87.658844, 19.655463], [-87.654205, 19.670844], [-87.660146, 19.683783], [-87.73469, 19.683783], [-87.7412, 19.671698], [-87.744374, 19.630601], [-87.731516, 19.600531], [-87.693105, 19.570136], [-87.660146, 19.567776], [-87.673818, 19.505683], [-87.654408, 19.507473], [-87.61856, 19.546617], [-87.564565, 19.567776], [-87.509389, 19.546617], [-87.495717, 19.567776], [-87.474355, 19.560289], [-87.467763, 19.567776], [-87.454701, 19.560289], [-87.467763, 19.554104], [-87.467763, 19.546617], [-87.441396, 19.553656], [-87.426747, 19.573554], [-87.425771, 19.592108], [-87.440419, 19.595038], [-87.434071, 19.577135], [-87.443918, 19.57392], [-87.502268, 19.577948], [-87.529205, 19.587592], [-87.447336, 19.580797], [-87.440419, 19.635972], [-87.41275, 19.577623], [-87.423207, 19.55801], [-87.433013, 19.492011], [-87.458404, 19.455024], [-87.498525, 19.433783], [-87.534779, 19.402045], [-87.57079, 19.39643], [-87.552561, 19.401597], [-87.536692, 19.437445], [-87.617665, 19.405463], [-87.65567, 19.373236], [-87.667063, 19.334377], [-87.646555, 19.354885], [-87.675852, 19.311184], [-87.660146, 19.307034], [-87.687856, 19.242133], [-87.67691, 19.23192], [-87.638987, 19.220933], [-87.592519, 19.268256], [-87.567128, 19.317206], [-87.495717, 19.327582], [-87.516184, 19.286566], [-87.480946, 19.31977], [-87.460927, 19.320705], [-87.460927, 19.31391], [-87.496978, 19.289049], [-87.533437, 19.228095], [-87.544993, 19.174547], [-87.5572, 19.156236], [-87.548899, 19.133043], [-87.583852, 19.053209], [-87.606191, 19.020413], [-87.626047, 18.88935], [-87.662017, 18.766832], [-87.723378, 18.68122], [-87.73705, 18.644965], [-87.739247, 18.535956], [-87.758046, 18.499457], [-87.762563, 18.429389], [-87.819447, 18.338609], [-87.84142, 18.277655], [-87.844553, 18.196682], [-87.851959, 18.196682], [-87.858795, 18.245063], [-87.874989, 18.225653], [-87.887196, 18.230048], [-87.890981, 18.243557], [-87.874257, 18.262681], [-87.865631, 18.327582], [-87.885487, 18.292222], [-87.891428, 18.304104], [-87.879303, 18.340644], [-87.896352, 18.358059], [-87.89977, 18.389065], [-87.935292, 18.400051], [-87.926503, 18.416327], [-87.93517, 18.443101], [-87.991322, 18.456936], [-88.077789, 18.498603], [-88.07726, 18.535834], [-88.043813, 18.573432], [-88.050526, 18.595771], [-88.002187, 18.690131], [-88.016469, 18.70718], [-88.004547, 18.786851], [-88.030263, 18.83515], [-88.036285, 18.874986], [-88.084137, 18.831285], [-88.103912, 18.80272], [-88.127309, 18.730211], [-88.13622, 18.72427], [-88.142934, 18.731635], [-88.134674, 18.769517], [-88.149159, 18.749986], [-88.198801, 18.739936], [-88.247792, 18.696275], [-88.255483, 18.676459], [-88.215932, 18.69953], [-88.187123, 18.738511], [-88.180898, 18.721177], [-88.194651, 18.676459], [-88.170766, 18.701402], [-88.150746, 18.698554], [-88.173492, 18.683295], [-88.283315, 18.491441], [-88.303822, 18.48135], [-88.390776, 18.475695], [-88.413229, 18.490759], [-88.459635, 18.475721], [-88.489245, 18.484506], [-88.527822, 18.454146], [-88.554797, 18.352214], [-88.607713, 18.283381], [-88.616989, 18.235426], [-88.638952, 18.211603], [-88.696623, 18.178065], [-88.689517, 18.161244], [-88.717707, 18.110033], [-88.726647, 18.066728], [-88.776876, 18.023759], [-88.80535, 17.965003], [-88.856406, 17.928312], [-88.871367, 17.89095], [-88.880332, 17.88847], [-88.933301, 17.920354], [-88.947021, 17.948466], [-88.979758, 17.949448], [-89.028024, 17.992081], [-89.049444, 17.999213], [-89.132565, 17.970274], [-89.153933, 17.941077], [-89.161375, 17.901441], [-89.160496, 17.814314], [-90.962221, 17.81602], [-90.98284, 17.810542], [-90.990901, 17.801964], [-90.991986, 17.25192], [-91.430771, 17.254969], [-91.438264, 17.253677], [-91.442502, 17.237967], [-91.372945, 17.213576], [-91.364884, 17.189753], [-91.290418, 17.189081], [-91.279514, 17.180089], [-91.259205, 17.124331], [-91.229595, 17.113995], [-91.206754, 17.065368], [-91.1712, 17.028006], [-91.126552, 17.024595], [-91.112238, 16.990489], [-91.076943, 16.949509], [-91.066866, 16.918193], [-91.054928, 16.908013], [-91.016688, 16.894836], [-90.993072, 16.874372], [-90.983253, 16.878609], [-90.98625, 16.901088], [-90.955193, 16.898763], [-90.952764, 16.890908], [-90.968887, 16.874372], [-90.919071, 16.836338], [-90.831738, 16.805435], [-90.810602, 16.812928], [-90.79696, 16.805435], [-90.80037, 16.786832], [-90.73531, 16.746576], [-90.667717, 16.652576], [-90.654023, 16.61661], [-90.6672, 16.586999], [-90.647356, 16.600073], [-90.633765, 16.592167], [-90.648183, 16.529586], [-90.61263, 16.518114], [-90.612061, 16.507624], [-90.633094, 16.483336], [-90.584724, 16.480235], [-90.543719, 16.490209], [-90.532893, 16.459927], [-90.508915, 16.471089], [-90.497753, 16.46804], [-90.482302, 16.456051], [-90.475842, 16.430729], [-90.420807, 16.415123], [-90.394917, 16.419206], [-90.391377, 16.385978], [-90.379853, 16.367271], [-90.40874, 16.372335], [-90.418223, 16.367167], [-90.420807, 16.353008], [-90.40719, 16.36045], [-90.398793, 16.347582], [-90.404684, 16.331511], [-90.444888, 16.30836], [-90.414011, 16.298386], [-90.414063, 16.287844], [-90.434475, 16.291565], [-90.441297, 16.285364], [-90.42768, 16.263608], [-90.448144, 16.271101], [-90.459435, 16.25906], [-90.457833, 16.249138], [-90.434475, 16.236323], [-90.458505, 16.22175], [-90.465584, 16.208107], [-90.461812, 16.189142], [-90.42613, 16.163149], [-90.448144, 16.154416], [-90.435302, 16.136277], [-90.459487, 16.116795], [-90.455585, 16.099742], [-90.434475, 16.107183], [-90.437421, 16.098863], [-90.448195, 16.07926], [-90.485738, 16.0707], [-91.723776, 16.068788], [-91.739848, 16.060985], [-92.211292, 15.272066], [-92.20336, 15.237159], [-92.073807, 15.073706], [-92.103831, 15.01787], [-92.142356, 15.007483], [-92.154215, 14.995933], [-92.15468, 14.900797], [-92.191655, 14.835297], [-92.160804, 14.683498], [-92.208062, 14.570507], [-92.226097, 14.549346], [-92.250762, 14.550727], [-92.305938, 14.615058], [-92.699859, 14.999091], [-92.840606, 15.16116], [-92.840443, 15.181952], [-92.780873, 15.15884], [-92.772125, 15.150336], [-92.764027, 15.112942], [-92.737416, 15.092597], [-92.768422, 15.171454], [-92.802968, 15.1883], [-92.840443, 15.188788], [-92.84317, 15.205878], [-92.854034, 15.208523], [-92.859731, 15.201321], [-92.846669, 15.188788], [-92.863515, 15.191107], [-92.923004, 15.237209], [-92.983144, 15.26557], [-92.998199, 15.293972], [-93.078114, 15.34866], [-93.199615, 15.490994], [-93.228627, 15.501858], [-93.470815, 15.70071], [-93.656036, 15.83926], [-93.943389, 16.010565], [-93.895619, 16.017401], [-93.889068, 16.006415], [-93.878041, 16.005398], [-93.854034, 16.024848], [-93.898101, 16.088935], [-94.042633, 16.125312], [-94.073761, 16.140937], [-94.116363, 16.179145], [-94.127838, 16.220852], [-94.142445, 16.226752], [-94.183624, 16.209174], [-94.224233, 16.203559], [-94.266713, 16.215277], [-94.307118, 16.237616], [-94.363555, 16.287014], [-94.399281, 16.298611], [-94.417266, 16.292507], [-94.416371, 16.243964], [-94.436513, 16.245551], [-94.414215, 16.234036], [-94.423329, 16.223822], [-94.436879, 16.222846], [-94.345489, 16.163153], [-94.292633, 16.14114], [-94.265533, 16.148383], [-94.341298, 16.175686], [-94.341298, 16.181912], [-94.255605, 16.162014], [-94.219472, 16.161322], [-94.169952, 16.134711], [-94.169952, 16.127265], [-94.183624, 16.127265], [-94.183624, 16.120429], [-94.082183, 16.094753], [-94.056671, 16.075751], [-94.030385, 16.03974], [-93.970611, 16.009792], [-93.963897, 15.997504], [-94.34378, 16.147732], [-94.392201, 16.17768], [-94.439565, 16.186794], [-94.57962, 16.189846], [-94.622426, 16.202338], [-94.659901, 16.193996], [-94.722401, 16.199652], [-94.728993, 16.209377], [-94.711822, 16.230292], [-94.625356, 16.256496], [-94.587148, 16.282416], [-94.580841, 16.326483], [-94.59142, 16.337226], [-94.670033, 16.363837], [-94.683258, 16.340155], [-94.704335, 16.332709], [-94.721099, 16.312201], [-94.763295, 16.293524], [-94.793121, 16.257636], [-94.808502, 16.286444], [-94.807403, 16.298611], [-94.772694, 16.327175], [-94.797637, 16.358344], [-94.814361, 16.403103], [-94.852081, 16.4289], [-94.878651, 16.424628], [-94.921376, 16.395331], [-94.974965, 16.326483], [-95.033315, 16.326483], [-95.027455, 16.308539], [-95.053822, 16.295193], [-95.063832, 16.268256], [-94.999354, 16.251044], [-94.902062, 16.251744], [-94.868886, 16.257636], [-94.834096, 16.285549], [-94.828033, 16.270331], [-94.858754, 16.256293], [-94.930328, 16.243964], [-94.896352, 16.234402], [-94.805531, 16.237128], [-94.776357, 16.226589], [-94.761505, 16.203925], [-94.766957, 16.198676], [-94.819122, 16.21365], [-94.895879, 16.211688], [-95.065336, 16.183644], [-95.149301, 16.186952], [-95.155543, 16.181614], [-95.149289, 16.168284], [-95.233247, 16.158248], [-95.247114, 16.147572], [-95.248488, 16.134242], [-95.281093, 16.118888], [-95.28455, 16.104223], [-95.353263, 16.07949], [-95.378235, 16.047454], [-95.372648, 16.027458], [-95.425524, 15.999388], [-95.434478, 15.97538], [-95.492779, 15.974654], [-95.496893, 15.965308], [-95.572369, 15.957122], [-95.581345, 15.945101], [-95.60905, 15.941702], [-95.614562, 15.929019], [-95.662313, 15.91157], [-95.755128, 15.899321], [-95.778631, 15.884582], [-95.778583, 15.873256], [-95.959882, 15.827914], [-95.968151, 15.817221], [-96.052485, 15.787531], [-96.106313, 15.757327], [-96.116743, 15.76195], [-96.127741, 15.752563], [-96.125534, 15.737889], [-96.236637, 15.68333], [-96.361868, 15.683974], [-96.431142, 15.695868], [-96.486129, 15.660809], [-96.504857, 15.658054], [-96.549185, 15.66442], [-96.556038, 15.659025], [-96.680975, 15.709413], [-96.845123, 15.732571], [-96.930671, 15.782665], [-97.022282, 15.807167], [-97.049499, 15.828924], [-97.045377, 15.832283], [-97.062264, 15.859414], [-97.07609, 15.856645], [-97.160675, 15.903754], [-97.266025, 15.935912], [-97.345482, 15.94586], [-97.368565, 15.934601], [-97.459244, 15.945001], [-97.529703, 15.968188], [-97.55742, 15.962243], [-97.616094, 15.975604], [-97.659989, 15.976503], [-97.681743, 15.962183], [-97.772719, 15.979454], [-97.835723, 16.010565], [-97.9813, 16.109375], [-98.085235, 16.165066], [-98.154164, 16.190253], [-98.172149, 16.209174], [-98.082143, 16.189276], [-98.068471, 16.202338], [-98.083363, 16.200751], [-98.110748, 16.218573], [-98.123769, 16.209174], [-98.164703, 16.222846], [-98.178375, 16.236518], [-98.196401, 16.222846], [-98.215932, 16.224677], [-98.315785, 16.255683], [-98.445302, 16.278103], [-98.552847, 16.31475], [-98.57118, 16.327091], [-98.566402, 16.34057], [-98.582428, 16.360663], [-98.698072, 16.461999], [-98.735298, 16.513932], [-98.776898, 16.555135], [-98.806269, 16.557822], [-98.846194, 16.546531], [-98.85655, 16.528179], [-98.906986, 16.53479], [-99.143827, 16.610887], [-99.37426, 16.667911], [-99.494522, 16.685754], [-99.605395, 16.682775], [-99.663289, 16.698164], [-99.741241, 16.730618], [-99.821413, 16.78977], [-99.832891, 16.782454], [-99.858104, 16.796029], [-99.838982, 16.794618], [-99.8357, 16.802109], [-99.876835, 16.815336], [-99.862489, 16.834622], [-99.851663, 16.836353], [-99.858192, 16.851425], [-99.881265, 16.85871], [-99.897505, 16.852804], [-99.907909, 16.846269], [-99.906203, 16.838502], [-99.891368, 16.837338], [-99.913706, 16.827167], [-99.925037, 16.855864], [-99.959446, 16.892661], [-99.991686, 16.909737], [-100.0, 16.91254421835338], [-100.0, 28.024260577056875], [-99.991127, 28.007801], [-99.976606, 27.992453], [-99.928289, 27.975761], [-99.939683, 27.961085], [-99.929916, 27.946331], [-99.88134, 27.906463], [-99.891288, 27.876026], [-99.888007, 27.864812], [-99.863357, 27.845666], [-99.863357, 27.804661], [-99.83292, 27.776755], [-99.808167, 27.772414], [-99.774577, 27.735828], [-99.740445, 27.722159], [-99.730652, 27.691825], [-99.70037, 27.659191], [-99.664739, 27.659398], [-99.644869, 27.632733], [-99.600169, 27.646427], [-99.572264, 27.61847], [-99.535031, 27.604828], [-99.515006, 27.588601], [-99.507203, 27.57377], [-99.509503, 27.500028], [-99.480409, 27.490778], [-99.472916, 27.426647], [-99.497591, 27.338798], [-99.521362, 27.311254], [-99.486584, 27.297611], [-99.480409, 27.283297], [-99.451832, 27.26118], [-99.431988, 27.207591], [-99.452452, 27.125012], [-99.439404, 27.098347], [-99.461728, 27.056954], [-99.42465, 27.017887], [-99.399329, 27.012668], [-99.386177, 26.962231], [-99.336981, 26.924766], [-99.248278, 26.827097], [-99.181125, 26.6299], [-99.164873, 26.540448], [-99.115108, 26.525617], [-99.091492, 26.484018], [-99.089373, 26.47115], [-99.108907, 26.434253], [-99.106427, 26.423039], [-99.085498, 26.40764], [-99.027878, 26.406245], [-99.010515, 26.392602], [-98.962844, 26.399527], [-98.945377, 26.378288], [-98.9299, 26.39224], [-98.893029, 26.367849], [-98.870214, 26.372138], [-98.850835, 26.364077], [-98.836081, 26.372138], [-98.825023, 26.366454], [-98.801329, 26.372138], [-98.746397, 26.332141], [-98.735932, 26.320048], [-98.739911, 26.303253], [-98.701413, 26.299119], [-98.691465, 26.290231], [-98.702239, 26.271628], [-98.685289, 26.268475], [-98.653663, 26.244291], [-98.640564, 26.24181], [-98.581627, 26.262274], [-98.49295, 26.230596], [-98.472383, 26.207652], [-98.456544, 26.225946], [-98.428845, 26.217729], [-98.36934, 26.19401], [-98.377272, 26.163572], [-98.339264, 26.159851], [-98.300429, 26.111431], [-98.222656, 26.075412], [-98.150232, 26.063682], [-98.103103, 26.074947], [-98.083311, 26.070916], [-98.075146, 26.046628], [-98.065457, 26.042184], [-98.013057, 26.063682], [-97.941666, 26.056809], [-97.80201, 26.063733], [-97.782321, 26.058617], [-97.780306, 26.043218], [-97.766948, 26.039652], [-97.659874, 26.03066], [-97.622641, 26.00906], [-97.594322, 25.966375], [-97.565177, 25.954748], [-97.52027, 25.912786], [-97.486319, 25.895733], [-97.448259, 25.892322], [-97.425418, 25.854857], [-97.404179, 25.851395], [-97.397823, 25.865812], [-97.389891, 25.865657], [-97.376015, 25.846744], [-97.345733, 25.852222], [-97.351107, 25.918419], [-97.328447, 25.933302], [-97.310981, 25.922088], [-97.287649, 25.928651], [-97.2692, 25.944361], [-97.266358, 25.960639], [-97.139272, 25.965806], [-97.16747, 25.828599]]], [[[-87.310129, 18.567206], [-87.328155, 18.532701], [-87.322092, 18.489244], [-87.334503, 18.454372], [-87.379425, 18.402493], [-87.343617, 18.452338], [-87.331207, 18.532416], [-87.310129, 18.567206]]], [[[-87.255483, 18.72427], [-87.248158, 18.676215], [-87.249867, 18.650865], [-87.262929, 18.628648], [-87.258616, 18.656968], [-87.269154, 18.738511], [-87.255483, 18.72427]]], [[[-91.538889, 18.793118], [-91.527333, 18.777086], [-91.524566, 18.752143], [-91.532053, 18.758979], [-91.579213, 18.738511], [-91.551869, 18.758979], [-91.620839, 18.744696], [-91.660064, 18.692328], [-91.688873, 18.66942], [-91.723215, 18.662787], [-91.702748, 18.697496], [-91.785959, 18.654364], [-91.842681, 18.65119], [-91.812164, 18.679755], [-91.740224, 18.703803], [-91.646554, 18.755841], [-91.538889, 18.793118]]], [[[-86.742177, 20.595893], [-86.735341, 20.585354], [-86.797109, 20.477484], [-86.843984, 20.437323], [-86.889801, 20.353664], [-86.908559, 20.341539], [-86.926503, 20.313707], [-86.995269, 20.26081], [-87.01887, 20.332465], [-87.019683, 20.397447], [-87.007883, 20.436225], [-86.968129, 20.506252], [-86.936757, 20.547187], [-86.905426, 20.567694], [-86.837148, 20.547187], [-86.801747, 20.562567], [-86.771311, 20.566107], [-86.742177, 20.595893]]], [[[-86.720041, 21.212714], [-86.739573, 21.242825], [-86.749867, 21.273139], [-86.741567, 21.287665], [-86.727528, 21.242906], [-86.700592, 21.19892], [-86.720041, 21.212714]]], [[[-97.601715, 21.751939], [-97.610463, 21.74018], [-97.639963, 21.745103], [-97.663482, 21.778469], [-97.684926, 21.862454], [-97.670318, 21.848619], [-97.651438, 21.787909], [-97.601715, 21.751939]]], [[[-97.798411, 22.762519], [-97.788564, 22.774848], [-97.784535, 22.755845], [-97.796132, 22.723782], [-97.817616, 22.69477], [-97.84317, 22.684882], [-97.815297, 22.720201], [-97.798411, 22.762519]]], [[[-89.691726, 22.387599], [-89.697972, 22.417544], [-89.657104, 22.446689], [-89.655165, 22.472001], [-89.687663, 22.507352], [-89.691072, 22.528629], [-89.714017, 22.541046], [-89.738769, 22.549388], [-89.756523, 22.543782], [-89.761918, 22.529096], [-89.770756, 22.533241], [-89.745707, 22.577249], [-89.729725, 22.582869], [-89.69261, 22.567073], [-89.658248, 22.54067], [-89.62492, 22.497944], [-89.610152, 22.461081], [-89.634276, 22.378891], [-89.650575, 22.367576], [-89.691726, 22.387599]]]]}}, {"type": "Feature", "properties": {"name": "Belize"}, "geometry": {"type": "MultiPolygon", "coordinates": [[[[-89.149205, 17.036271], [-89.161375, 17.901441], [-89.153933, 17.941077], [-89.132565, 17.970274], [-89.049444, 17.999213], [-89.028024, 17.992081], [-88.979758, 17.949448], [-88.947021, 17.948466], [-88.933301, 17.920354], [-88.880332, 17.88847], [-88.871367, 17.89095], [-88.856406, 17.928312], [-88.80535, 17.965003], [-88.776876, 18.023759], [-88.726647, 18.066728], [-88.717707, 18.110033], [-88.689517, 18.161244], [-88.696623, 18.178065], [-88.638952, 18.211603], [-88.616989, 18.235426], [-88.607713, 18.283381], [-88.554797, 18.352214], [-88.527822, 18.454146], [-88.489245, 18.484506], [-88.459635, 18.475721], [-88.413229, 18.490759], [-88.390776, 18.475695], [-88.303822, 18.48135], [-88.28661, 18.462795], [-88.306264, 18.4383], [-88.383697, 18.384955], [-88.390981, 18.370592], [-88.379547, 18.354926], [-88.365387, 18.354071], [-88.317494, 18.374823], [-88.357981, 18.303697], [-88.275746, 18.358222], [-88.236806, 18.35814], [-88.194651, 18.340644], [-88.09675, 18.375434], [-88.091542, 18.371731], [-88.099029, 18.348375], [-88.141713, 18.324449], [-88.146474, 18.309272], [-88.130523, 18.310452], [-88.114858, 18.327826], [-88.09496, 18.333808], [-88.083567, 18.21011], [-88.094797, 18.102769], [-88.149648, 17.97134], [-88.166737, 17.96015], [-88.208323, 17.881985], [-88.20226, 17.856147], [-88.214345, 17.773098], [-88.238759, 17.690375], [-88.283193, 17.625637], [-88.287709, 17.604234], [-88.283315, 17.580268], [-88.235585, 17.550727], [-88.218577, 17.527289], [-88.176666, 17.52025], [-88.167307, 17.51203], [-88.179351, 17.492621], [-88.230784, 17.496527], [-88.24234, 17.487494], [-88.286285, 17.339667], [-88.300526, 17.177924], [-88.279408, 17.091457], [-88.248606, 17.079413], [-88.228179, 17.044867], [-88.215077, 16.967108], [-88.217437, 16.955471], [-88.24234, 16.949652], [-88.266957, 16.92475], [-88.283315, 16.891343], [-88.248606, 16.813137], [-88.269683, 16.813137], [-88.282379, 16.803412], [-88.301625, 16.771715], [-88.296986, 16.723782], [-88.306223, 16.652899], [-88.331166, 16.620673], [-88.348053, 16.567328], [-88.344838, 16.524563], [-88.362864, 16.505845], [-88.365875, 16.52143], [-88.334543, 16.635077], [-88.311269, 16.662299], [-88.337636, 16.649237], [-88.364654, 16.583686], [-88.386383, 16.559272], [-88.365875, 16.551825], [-88.393178, 16.551825], [-88.388539, 16.538886], [-88.372792, 16.538153], [-88.39094, 16.515041], [-88.386383, 16.490383], [-88.405181, 16.476793], [-88.425649, 16.437242], [-88.444447, 16.4289], [-88.447825, 16.394761], [-88.47057, 16.388617], [-88.488596, 16.351264], [-88.526682, 16.308824], [-88.53661, 16.271308], [-88.57136, 16.263821], [-88.578196, 16.243964], [-88.578196, 16.285549], [-88.585032, 16.285549], [-88.591908, 16.263821], [-88.605946, 16.260647], [-88.629872, 16.287502], [-88.646637, 16.286607], [-88.65392, 16.257636], [-88.694895, 16.2508], [-88.740061, 16.23017], [-88.745717, 16.154853], [-88.769276, 16.130357], [-88.791819, 16.124661], [-88.807037, 16.093207], [-88.847483, 16.065172], [-88.856272, 16.028266], [-88.899648, 16.01081], [-88.927642, 15.983873], [-88.931142, 15.959052], [-88.910268, 15.917385], [-88.913971, 15.893948], [-88.951878, 15.879652], [-89.040323, 15.901718], [-89.177446, 15.900271], [-89.228244, 15.880841], [-89.236512, 15.893915], [-89.19314, 16.392626], [-89.149205, 17.036271]]], [[[-87.825795, 17.399156], [-87.814198, 17.381293], [-87.797353, 17.333238], [-87.803578, 17.292304], [-87.810414, 17.292304], [-87.810414, 17.305976], [-87.824615, 17.292304], [-87.827219, 17.378119], [-87.838287, 17.388495], [-87.825795, 17.399156]]], [[[-87.801503, 17.541815], [-87.789215, 17.531968], [-87.78718, 17.496894], [-87.831288, 17.423733], [-87.845774, 17.414618], [-87.865631, 17.429511], [-87.900054, 17.391791], [-87.926503, 17.278632], [-87.940745, 17.292304], [-87.909535, 17.426256], [-87.858795, 17.470404], [-87.821278, 17.463609], [-87.803944, 17.491929], [-87.802073, 17.512926], [-87.810414, 17.525621], [-87.838287, 17.51203], [-87.827748, 17.545559], [-87.801503, 17.541815]]], [[[-88.063547, 17.630561], [-88.053619, 17.606269], [-88.043813, 17.552965], [-88.055653, 17.562649], [-88.07726, 17.641791], [-88.063547, 17.630561]]], [[[-88.139516, 17.692043], [-88.071116, 17.73428], [-88.080312, 17.701809], [-88.103668, 17.68183], [-88.167307, 17.669094], [-88.160471, 17.682766], [-88.139516, 17.692043]]], [[[-87.907216, 18.025946], [-87.91511, 17.982733], [-87.93456, 17.942939], [-87.96581, 17.913764], [-88.009023, 17.902493], [-88.009023, 17.909247], [-87.995351, 17.909247], [-87.958892, 17.934272], [-87.945912, 17.951809], [-87.940745, 17.977525], [-87.956532, 17.976752], [-87.952301, 18.007758], [-87.933909, 18.070299], [-87.922353, 18.082953], [-87.904856, 18.153225], [-87.895009, 18.162095], [-87.879303, 18.155707], [-87.857289, 18.169664], [-87.84732, 18.155992], [-87.848988, 18.133775], [-87.869618, 18.110826], [-87.89977, 18.039008], [-87.913442, 18.046454], [-87.919667, 18.02851], [-87.933909, 18.01911], [-87.926503, 17.997992], [-87.913442, 18.025946], [-87.907216, 18.025946]]], [[[-88.067698, 17.490546], [-88.077056, 17.461086], [-88.083974, 17.461819], [-88.08849, 17.495307], [-88.105133, 17.498114], [-88.117299, 17.512885], [-88.110463, 17.523017], [-88.067698, 17.490546]]], [[[-87.960317, 18.090399], [-87.962514, 18.079983], [-87.981435, 18.071275], [-87.984364, 18.077582], [-87.960317, 18.090399]]], [[[-87.936391, 18.103909], [-87.95401, 18.088284], [-87.956899, 18.097357], [-87.939524, 18.118638], [-87.936391, 18.103909]]], [[[-87.874745, 18.197333], [-87.887807, 18.175605], [-87.893544, 18.180365], [-87.890777, 18.197455], [-87.878407, 18.208238], [-87.874745, 18.197333]]]]}}, {"type": "Feature", "properties": {"name": "Cayman Is."}, "geometry": {"type": "MultiPolygon", "coordinates": [[[[-81.099517, 19.347317], [-81.089508, 19.335395], [-81.086586, 19.309927], [-81.106677, 19.295317], [-81.1351, 19.290742], [-81.169504, 19.299563], [-81.233458, 19.289234], [-81.266469, 19.266059], [-81.357882, 19.274094], [-81.387486, 19.263864], [-81.397939, 19.274156], [-81.385503, 19.338858], [-81.390326, 19.35226], [-81.416542, 19.370028], [-81.408346, 19.390212], [-81.394124, 19.394761], [-81.375722, 19.388983], [-81.378585, 19.375817], [-81.36059, 19.340104], [-81.364045, 19.319946], [-81.349718, 19.302114], [-81.303498, 19.309055], [-81.293813, 19.334377], [-81.273305, 19.327582], [-81.27953, 19.341783], [-81.273305, 19.334377], [-81.273305, 19.348049], [-81.286285, 19.368476], [-81.211822, 19.348049], [-81.136098, 19.354885], [-81.099517, 19.347317]]], [[[-80.008736, 19.703951], [-80.0, 19.70721423083586], [-80.0, 19.688909317162835], [-80.077968, 19.65402], [-80.113155, 19.65866], [-80.062088, 19.700682], [-80.008736, 19.703951]]]]}}]}