{"type": "FeatureCollection", "features": [{"type": "Feature", "properties": {"name": "Canada"}, "geometry": {"type": "MultiPolygon", "coordinates": [[[[-79.985992, 51.255113], [-79.923329, 51.206732], [-79.744537, 51.123521], [-79.705922, 51.064521], [-79.569163, 50.985582], [-79.423004, 50.856635], [-79.391998, 50.805121], [-79.358388, 50.780463], [-79.352854, 50.743354], [-79.334299, 50.726915], [-79.339589, 50.791815], [-79.369211, 50.811387], [-79.409332, 50.870307], [-79.463979, 50.919135], [-79.497914, 50.934027], [-79.545888, 50.994452], [-79.66983, 51.058417], [-79.725657, 51.121772], [-79.742665, 51.157579], [-79.747141, 51.195502], [-79.731516, 51.233385], [-79.693959, 51.280992], [-79.679514, 51.313178], [-79.699574, 51.368354], [-79.696767, 51.398505], [-79.627838, 51.424384], [-79.605051, 51.447821], [-79.519195, 51.467393], [-79.529693, 51.509711], [-79.56017, 51.555528], [-79.516428, 51.560289], [-79.468129, 51.580186], [-79.346018, 51.661811], [-79.323232, 51.666978], [-79.244537, 51.630927], [-79.281117, 51.572089], [-79.285634, 51.551988], [-79.275624, 51.531602], [-79.184153, 51.525702], [-79.128163, 51.542548], [-79.082753, 51.506659], [-79.011545, 51.467393], [-79.005279, 51.419013], [-78.97057, 51.377427], [-78.952463, 51.311591], [-78.935048, 51.281602], [-78.960601, 51.257921], [-78.953196, 51.219224], [-78.912506, 51.182481], [-78.847035, 51.164496], [-78.882924, 51.207261], [-78.914296, 51.219184], [-78.919789, 51.232978], [-78.912221, 51.289171], [-78.90331, 51.304389], [-78.862375, 51.344184], [-78.826568, 51.350084], [-78.840077, 51.362901], [-78.879709, 51.374498], [-78.88801, 51.387641], [-78.882151, 51.403266], [-78.833363, 51.432685], [-78.793813, 51.474473], [-78.75357, 51.486192], [-78.690012, 51.487291], [-78.713124, 51.506537], [-78.782297, 51.503607], [-78.812856, 51.514594], [-78.822662, 51.537706], [-78.819732, 51.567979], [-78.808217, 51.595649], [-78.792388, 51.610785], [-78.84081, 51.617011], [-78.867502, 51.646837], [-78.92927, 51.660468], [-78.942494, 51.675116], [-78.936391, 51.700141], [-78.98058, 51.718573], [-79.019399, 51.76317], [-79.038808, 51.7685], [-79.014963, 51.796129], [-78.977366, 51.802558], [-78.923818, 51.798204], [-78.876373, 51.814887], [-78.840566, 51.842271], [-78.833363, 51.857164], [-78.868398, 51.890326], [-78.892568, 51.946763], [-78.747182, 51.976874], [-78.730824, 51.987413], [-78.719716, 52.013983], [-78.696197, 52.018256], [-78.697418, 52.039496], [-78.709869, 52.056464], [-78.649729, 52.058661], [-78.634755, 52.069444], [-78.655263, 52.083726], [-78.591298, 52.106147], [-78.573313, 52.124701], [-78.55899, 52.165717], [-78.531728, 52.199774], [-78.552968, 52.236396], [-78.546742, 52.246649], [-78.48998, 52.2567], [-78.408193, 52.24079], [-78.408193, 52.248236], [-78.467152, 52.27558], [-78.535064, 52.275743], [-78.552846, 52.268134], [-78.558949, 52.288804], [-78.51183, 52.330186], [-78.499582, 52.355821], [-78.523508, 52.376776], [-78.531728, 52.395331], [-78.509877, 52.421373], [-78.54308, 52.44005], [-78.540354, 52.449408], [-78.51358, 52.457953], [-78.515981, 52.476752], [-78.566477, 52.48786], [-78.5454, 52.505479], [-78.5454, 52.515123], [-78.575795, 52.539374], [-78.652821, 52.531724], [-78.649037, 52.549262], [-78.667714, 52.555976], [-78.717275, 52.542426], [-78.709869, 52.562934], [-78.765126, 52.57038], [-78.765126, 52.577216], [-78.744456, 52.577501], [-78.690012, 52.597724], [-78.730946, 52.61754], [-78.730946, 52.624986], [-78.709869, 52.624986], [-78.724192, 52.652289], [-78.756012, 52.64647], [-78.785553, 52.659125], [-78.761464, 52.683783], [-78.762441, 52.696031], [-78.819732, 52.70067], [-78.819732, 52.706895], [-78.778391, 52.713813], [-78.772043, 52.724189], [-78.785553, 52.741034], [-78.850168, 52.757392], [-78.847035, 52.775214], [-78.8308, 52.782538], [-78.735015, 52.789171], [-78.726471, 52.798082], [-78.730946, 52.83043], [-78.76061, 52.817857], [-78.780385, 52.819648], [-78.690012, 52.885077], [-78.79601, 52.870917], [-78.855295, 52.883897], [-78.901682, 52.926622], [-78.874501, 52.939805], [-78.867502, 52.967597], [-78.852406, 52.960517], [-78.821889, 52.967149], [-78.80606, 52.96015], [-78.785553, 52.981879], [-78.825836, 52.983873], [-78.857045, 53.017157], [-78.874989, 53.015448], [-78.867502, 53.008612], [-78.893056, 53.001654], [-78.927154, 53.004991], [-78.984202, 53.028428], [-78.945383, 53.03852], [-78.915924, 53.063829], [-78.929433, 53.072211], [-78.977366, 53.070014], [-78.915924, 53.166205], [-78.93928, 53.180365], [-78.937367, 53.186713], [-78.901682, 53.200995], [-78.928944, 53.220893], [-78.88801, 53.231757], [-78.899281, 53.248236], [-78.922719, 53.248155], [-78.895416, 53.261786], [-78.895416, 53.268622], [-78.934193, 53.277655], [-78.952016, 53.29149], [-78.937367, 53.317003], [-78.964345, 53.344428], [-78.962026, 53.357123], [-78.946889, 53.370347], [-78.944936, 53.392279], [-78.97289, 53.418524], [-78.991689, 53.453599], [-79.063222, 53.441962], [-79.05248, 53.461046], [-79.076283, 53.469428], [-79.114573, 53.508857], [-79.070058, 53.530626], [-79.030019, 53.535102], [-79.046254, 53.529364], [-79.038808, 53.522528], [-79.046254, 53.516303], [-79.028432, 53.499091], [-79.00414, 53.497667], [-78.956899, 53.516303], [-78.992177, 53.527574], [-79.032582, 53.556627], [-79.019521, 53.570868], [-78.960601, 53.549791], [-78.932607, 53.555121], [-78.923085, 53.566718], [-78.931304, 53.578599], [-78.956899, 53.584581], [-78.954701, 53.600084], [-78.98176, 53.615424], [-78.997874, 53.618109], [-79.025217, 53.604438], [-79.066151, 53.598212], [-79.038808, 53.639228], [-79.023101, 53.632066], [-79.007558, 53.64765], [-79.033762, 53.654731], [-79.046254, 53.672716], [-79.013336, 53.677314], [-79.019276, 53.693915], [-79.156117, 53.708075], [-79.145497, 53.719428], [-79.126943, 53.722846], [-79.057362, 53.720038], [-79.048818, 53.725653], [-79.038808, 53.741645], [-79.062611, 53.744086], [-79.063385, 53.757148], [-79.046254, 53.790025], [-79.073598, 53.803656], [-79.01891, 53.824164], [-79.05248, 53.831], [-79.05248, 53.837836], [-79.013499, 53.845893], [-78.940297, 53.821967], [-78.901682, 53.817328], [-78.928619, 53.843451], [-78.971425, 53.855089], [-79.066151, 53.857652], [-79.058909, 53.880194], [-79.066558, 53.894273], [-79.107737, 53.906114], [-79.080149, 53.916327], [-78.991689, 53.912909], [-79.022288, 53.935981], [-79.135081, 53.961371], [-79.042348, 53.947211], [-79.025217, 53.961371], [-79.076405, 53.967597], [-79.038808, 53.967597], [-79.048004, 53.979682], [-79.100901, 53.981798], [-79.059316, 53.989244], [-79.073598, 54.002305], [-79.04898, 54.010118], [-78.964345, 54.002305], [-78.979563, 54.019232], [-79.023508, 54.033922], [-79.032582, 54.046983], [-79.043691, 54.043199], [-79.107737, 54.063788], [-79.094065, 54.071234], [-79.137115, 54.082994], [-79.269358, 54.083564], [-79.292633, 54.091051], [-79.266469, 54.099351], [-79.169179, 54.091051], [-79.175038, 54.111518], [-79.107737, 54.112128], [-79.128651, 54.128526], [-79.107737, 54.12519], [-79.100901, 54.139472], [-79.142445, 54.145697], [-79.115346, 54.158271], [-79.072499, 54.162095], [-79.046254, 54.180487], [-79.101389, 54.187608], [-79.238271, 54.161689], [-79.238026, 54.180487], [-79.285878, 54.173651], [-79.29186, 54.188422], [-79.320546, 54.196723], [-79.382069, 54.194078], [-79.357533, 54.21544], [-79.326812, 54.228217], [-79.340443, 54.242499], [-79.334299, 54.248725], [-79.305409, 54.241563], [-79.290883, 54.244086], [-79.285878, 54.255561], [-79.408111, 54.27086], [-79.443512, 54.283515], [-79.415598, 54.297187], [-79.424184, 54.306952], [-79.463979, 54.310167], [-79.457387, 54.330878], [-79.463368, 54.353339], [-79.479888, 54.369696], [-79.504994, 54.37226], [-79.491322, 54.38585], [-79.498158, 54.406358], [-79.450307, 54.413804], [-79.450307, 54.42003], [-79.504994, 54.426825], [-79.490631, 54.462592], [-79.513783, 54.483385], [-79.519195, 54.501939], [-79.553375, 54.509385], [-79.529164, 54.517076], [-79.539866, 54.53502], [-79.569244, 54.552069], [-79.601186, 54.557196], [-79.601186, 54.564643], [-79.529408, 54.577216], [-79.525461, 54.591376], [-79.538726, 54.604356], [-79.582143, 54.606391], [-79.601186, 54.598131], [-79.580678, 54.591376], [-79.635325, 54.577704], [-79.59203, 54.621039], [-79.593739, 54.632921], [-79.690541, 54.632921], [-79.648305, 54.649726], [-79.651438, 54.660997], [-79.670644, 54.673896], [-79.683095, 54.673896], [-79.674469, 54.658922], [-79.699452, 54.65294], [-79.765614, 54.652777], [-79.765614, 54.659613], [-79.741811, 54.662299], [-79.67634, 54.693793], [-79.643544, 54.700751], [-79.642934, 54.738227], [-79.628489, 54.742174], [-79.641916, 54.728461], [-79.628489, 54.71483], [-79.616933, 54.714667], [-79.484486, 54.756415], [-79.324615, 54.779731], [-79.292633, 54.797431], [-78.967437, 54.851996], [-78.874867, 54.90766], [-78.603749, 54.968085], [-78.529652, 55.003852], [-78.504384, 55.002875], [-78.449778, 55.023383], [-78.392242, 55.027533], [-78.237416, 55.092231], [-78.155588, 55.140082], [-78.045725, 55.180976], [-78.05191, 55.180976], [-78.007802, 55.188666], [-77.87442, 55.248643], [-77.781606, 55.273505], [-77.674957, 55.366929], [-77.635976, 55.376817], [-77.237538, 55.591742], [-77.13801, 55.657701], [-77.112904, 55.67536], [-77.088694, 55.714219], [-77.189198, 55.681871], [-77.163808, 55.709174], [-77.044545, 55.783026], [-76.901194, 55.900336], [-76.841908, 55.933661], [-76.822011, 55.95185], [-76.808705, 55.986029], [-76.711537, 56.018622], [-76.681549, 56.042914], [-76.62206, 56.139472], [-76.615549, 56.176703], [-76.588857, 56.23786], [-76.545155, 56.29503], [-76.515126, 56.438178], [-76.524403, 56.462104], [-76.516957, 56.46955], [-76.526967, 56.50434], [-76.527455, 56.594468], [-76.507192, 56.711493], [-76.503733, 56.783759], [-76.557932, 57.031236], [-76.532867, 57.087226], [-76.532704, 57.115302], [-76.564605, 57.15351], [-76.565338, 57.192003], [-76.589345, 57.271308], [-76.656606, 57.404364], [-76.686269, 57.427191], [-76.70934, 57.462633], [-76.697743, 57.462633], [-76.695709, 57.469428], [-76.714996, 57.473334], [-76.805572, 57.613471], [-76.808705, 57.675523], [-76.913645, 57.776435], [-76.949818, 57.827826], [-77.00829, 57.866034], [-77.079335, 57.961493], [-77.112416, 57.97016], [-77.148264, 58.017524], [-77.201812, 58.05622], [-77.264272, 58.086412], [-77.339996, 58.100084], [-77.401479, 58.147895], [-77.394602, 58.147895], [-77.490834, 58.168402], [-77.445058, 58.184638], [-77.470611, 58.211982], [-77.531809, 58.230414], [-77.623158, 58.278428], [-77.696278, 58.285102], [-77.770741, 58.319159], [-77.956288, 58.360175], [-78.031484, 58.388129], [-78.014475, 58.424018], [-78.044911, 58.432929], [-78.078765, 58.455878], [-78.127675, 58.454779], [-78.143707, 58.475694], [-78.202748, 58.504828], [-78.267323, 58.519151], [-78.312611, 58.573065], [-78.371897, 58.614], [-78.409332, 58.629706], [-78.429921, 58.620836], [-78.417388, 58.600694], [-78.320058, 58.546373], [-78.344553, 58.538398], [-78.398793, 58.553412], [-78.446441, 58.579698], [-78.45226, 58.599066], [-78.4676, 58.612006], [-78.548818, 58.608873], [-78.566477, 58.620836], [-78.570953, 58.638658], [-78.559438, 58.664984], [-78.573313, 58.675482], [-78.520009, 58.685248], [-78.518056, 58.696601], [-78.498199, 58.702745], [-78.475087, 58.698472], [-78.468577, 58.706], [-78.483551, 58.731391], [-78.54247, 58.765204], [-78.5454, 58.788764], [-78.538319, 58.795478], [-78.508168, 58.77912], [-78.496409, 58.783067], [-78.488515, 58.806464], [-78.496165, 58.831855], [-78.521474, 58.857367], [-78.5454, 58.902045], [-78.545725, 58.923896], [-78.531728, 58.942979], [-78.559967, 58.944648], [-78.565745, 58.95775], [-78.551096, 58.968614], [-78.518056, 58.963446], [-78.464345, 58.918199], [-78.442983, 58.915717], [-78.451405, 58.939765], [-78.43456, 58.954454], [-78.388336, 58.963446], [-78.356801, 58.959418], [-78.352651, 58.951361], [-78.367258, 58.919053], [-78.361806, 58.914171], [-78.316396, 58.925523], [-78.304677, 58.959947], [-78.243723, 58.998236], [-78.312611, 58.983954], [-78.320058, 58.9914], [-78.279368, 59.017157], [-78.271637, 59.032335], [-78.285268, 59.052802], [-78.254262, 59.069932], [-78.210032, 59.053453], [-78.204945, 59.073676], [-78.223256, 59.1081], [-78.201772, 59.112657], [-78.178619, 59.092231], [-78.155588, 59.093817], [-78.131418, 59.107896], [-78.126129, 59.123277], [-78.155588, 59.155219], [-78.086659, 59.161444], [-78.106557, 59.209906], [-78.075551, 59.226915], [-77.998402, 59.244493], [-77.949818, 59.26789], [-77.906565, 59.268907], [-77.819203, 59.293036], [-77.894887, 59.312934], [-77.785024, 59.326524], [-77.767323, 59.340399], [-77.770172, 59.350694], [-77.806142, 59.36815], [-77.777903, 59.381903], [-77.67516, 59.402289], [-77.723541, 59.415961], [-77.739247, 59.401231], [-77.770741, 59.408515], [-77.774485, 59.425849], [-77.792958, 59.432563], [-77.890614, 59.401435], [-77.90803, 59.404731], [-77.915395, 59.419053], [-77.907948, 59.435126], [-77.889719, 59.44538], [-77.847076, 59.450059], [-77.881174, 59.484931], [-77.841542, 59.508612], [-77.737213, 59.539496], [-77.730336, 59.548651], [-77.716176, 59.621405], [-77.725942, 59.630479], [-77.76769, 59.63878], [-77.784901, 59.659369], [-77.798695, 59.682847], [-77.76891, 59.683905], [-77.744049, 59.69713], [-77.778188, 59.71015], [-77.706207, 59.703315], [-77.668528, 59.676703], [-77.605051, 59.680528], [-77.570302, 59.693427], [-77.552235, 59.676622], [-77.487538, 59.647773], [-77.462148, 59.624579], [-77.469716, 59.594672], [-77.442983, 59.577582], [-77.312734, 59.566759], [-77.312734, 59.572984], [-77.425852, 59.595404], [-77.449818, 59.614569], [-77.444569, 59.644884], [-77.46288, 59.676622], [-77.545481, 59.689683], [-77.537994, 59.69713], [-77.545481, 59.69713], [-77.503163, 59.706651], [-77.490834, 59.717597], [-77.507395, 59.718817], [-77.545481, 59.74494], [-77.53539, 59.759345], [-77.493967, 59.74494], [-77.468414, 59.747748], [-77.449818, 59.779039], [-77.432444, 59.789618], [-77.321685, 59.790473], [-77.291615, 59.799547], [-77.371734, 59.900336], [-77.425038, 59.919298], [-77.353017, 59.929877], [-77.367828, 59.942247], [-77.387196, 59.943549], [-77.346832, 59.964952], [-77.29898, 59.970893], [-77.33316, 59.984483], [-77.236318, 59.997504], [-77.236318, 60.00495], [-77.2801, 60.00727], [-77.312734, 60.025458], [-77.24474, 60.033677], [-77.189198, 60.060248], [-77.3308, 60.035712], [-77.349273, 60.042182], [-77.346181, 60.060248], [-77.36974, 60.066962], [-77.394602, 60.066474], [-77.418568, 60.046576], [-77.55602, 60.052802], [-77.586415, 60.066474], [-77.634185, 60.066474], [-77.579579, 60.094346], [-77.600697, 60.114814], [-77.557118, 60.130561], [-77.533599, 60.134263], [-77.506907, 60.124213], [-77.463043, 60.133002], [-77.408274, 60.129096], [-77.408274, 60.135321], [-77.482493, 60.153632], [-77.535308, 60.183702], [-77.559682, 60.211046], [-77.513987, 60.207831], [-77.469716, 60.217231], [-77.564198, 60.267442], [-77.537994, 60.2862], [-77.613678, 60.265692], [-77.621897, 60.272447], [-77.593251, 60.320909], [-77.63329, 60.343695], [-77.634185, 60.361274], [-77.716176, 60.382392], [-77.743153, 60.404242], [-77.742258, 60.425849], [-77.696278, 60.464911], [-77.591705, 60.502631], [-77.565907, 60.518907], [-77.55602, 60.543158], [-77.546946, 60.547431], [-77.41511, 60.54682], [-77.460846, 60.566596], [-77.541819, 60.57567], [-77.617421, 60.559882], [-77.686025, 60.558295], [-77.770579, 60.592475], [-77.829701, 60.649237], [-77.606842, 60.759101], [-77.629547, 60.77497], [-77.744049, 60.766547], [-77.718332, 60.781236], [-77.51065, 60.834825], [-77.51065, 60.84101], [-77.561025, 60.838813], [-77.894887, 60.752305], [-77.860097, 60.79267], [-77.881663, 60.800279], [-77.96996, 60.79267], [-77.880686, 60.827379], [-77.919423, 60.835273], [-78.045725, 60.806952], [-78.196523, 60.79267], [-78.165517, 60.868354], [-78.140452, 60.873603], [-78.094146, 60.916815], [-78.022369, 60.951036], [-78.002756, 60.972357], [-77.871002, 61.050238], [-77.809316, 61.057074], [-77.812367, 61.08808], [-77.788726, 61.155748], [-77.765207, 61.179307], [-77.703114, 61.191107], [-77.692738, 61.207343], [-77.751536, 61.232042], [-77.726796, 61.258979], [-77.723541, 61.273057], [-77.744049, 61.297227], [-77.748402, 61.374823], [-77.785268, 61.454698], [-77.771596, 61.462633], [-77.749094, 61.45893], [-77.724029, 61.438422], [-77.697581, 61.43183], [-77.677154, 61.439276], [-77.682607, 61.46483], [-77.607737, 61.464667], [-77.571604, 61.470404], [-77.545481, 61.485338], [-77.63329, 61.509345], [-77.666127, 61.527655], [-77.654652, 61.554185], [-77.641265, 61.560248], [-77.603668, 61.563788], [-77.56843, 61.547553], [-77.476552, 61.539984], [-77.500803, 61.5633], [-77.545562, 61.575914], [-77.634185, 61.582139], [-77.623158, 61.593004], [-77.589426, 61.592271], [-77.572743, 61.595201], [-77.572743, 61.601386], [-77.708363, 61.616278], [-77.792714, 61.701361], [-77.814565, 61.69184], [-77.939849, 61.69359], [-77.989735, 61.71483], [-78.00475, 61.732367], [-78.009185, 61.778266], [-78.084828, 61.888048], [-78.073069, 61.92414], [-78.093984, 61.976874], [-78.127675, 61.993272], [-78.136952, 62.013495], [-78.14273, 62.107286], [-78.165028, 62.166938], [-78.141265, 62.232001], [-78.155914, 62.273749], [-78.154897, 62.297309], [-78.118153, 62.30976], [-78.100494, 62.347113], [-78.024037, 62.391791], [-77.935618, 62.40705], [-77.916615, 62.420722], [-77.784657, 62.467963], [-77.687001, 62.477281], [-77.656606, 62.516588], [-77.537994, 62.547309], [-77.490834, 62.588324], [-77.471791, 62.593817], [-77.404856, 62.588324], [-77.377512, 62.557563], [-77.168365, 62.547309], [-77.137115, 62.526801], [-77.078481, 62.535264], [-77.043284, 62.519232], [-77.018788, 62.5338], [-76.969838, 62.543443], [-76.912017, 62.522162], [-76.757721, 62.51081], [-76.704742, 62.489366], [-76.664662, 62.486884], [-76.647328, 62.47838], [-76.654775, 62.472235], [-76.626861, 62.461656], [-76.534047, 62.459174], [-76.464467, 62.43537], [-76.401479, 62.43122], [-76.304677, 62.407294], [-76.149892, 62.387071], [-76.133412, 62.38288], [-76.112904, 62.349311], [-76.098541, 62.345649], [-76.05484, 62.355536], [-76.013905, 62.341864], [-75.949045, 62.355536], [-75.914296, 62.335028], [-75.829742, 62.313341], [-75.658599, 62.296495], [-75.592152, 62.273017], [-75.592152, 62.266791], [-75.71642, 62.238023], [-75.770904, 62.206732], [-75.812367, 62.202135], [-75.893788, 62.163764], [-75.831695, 62.163764], [-75.667836, 62.222113], [-75.575063, 62.245673], [-75.493479, 62.295885], [-75.327748, 62.31745], [-75.150502, 62.28498], [-75.142161, 62.272284], [-75.15331, 62.232001], [-75.133046, 62.234849], [-75.103912, 62.261298], [-75.085032, 62.266791], [-75.092437, 62.266791], [-75.051747, 62.273749], [-75.006093, 62.268988], [-74.89037, 62.234239], [-74.789662, 62.182074], [-74.758534, 62.152086], [-74.672963, 62.123765], [-74.558095, 62.109117], [-74.558095, 62.116563], [-74.684193, 62.155829], [-74.741078, 62.185126], [-74.756012, 62.197821], [-74.755035, 62.213568], [-74.723541, 62.246405], [-74.704905, 62.252509], [-74.41686, 62.252509], [-74.378245, 62.264879], [-74.36498, 62.278266], [-74.31786, 62.286607], [-74.295644, 62.298407], [-74.278391, 62.323472], [-74.216786, 62.337022], [-74.191518, 62.325995], [-74.154693, 62.325181], [-74.086985, 62.35224], [-73.997914, 62.367377], [-73.94225, 62.418402], [-73.88976, 62.442939], [-73.872182, 62.464789], [-73.670725, 62.482123], [-73.646311, 62.472235], [-73.571441, 62.394843], [-73.502309, 62.390326], [-73.450185, 62.366197], [-73.406361, 62.376654], [-73.378163, 62.370469], [-73.317291, 62.328233], [-73.209543, 62.312812], [-73.204091, 62.297471], [-73.212026, 62.276313], [-73.196034, 62.260565], [-73.083892, 62.214952], [-73.062164, 62.187567], [-72.968984, 62.172919], [-72.898997, 62.143256], [-72.947377, 62.122748], [-72.782867, 62.109117], [-72.782867, 62.116563], [-72.823842, 62.13581], [-72.734486, 62.150092], [-72.687896, 62.126654], [-72.62914, 62.116889], [-72.621449, 62.101874], [-72.666168, 62.061347], [-72.626332, 62.062934], [-72.608388, 62.059312], [-72.597971, 62.047675], [-72.615875, 62.036566], [-72.597971, 62.019721], [-72.607777, 61.972154], [-72.685129, 61.95128], [-72.691314, 61.90233], [-72.795969, 61.835395], [-72.754994, 61.835395], [-72.69286, 61.875596], [-72.666168, 61.883165], [-72.663238, 61.850084], [-72.631581, 61.82099], [-72.601877, 61.812567], [-72.604807, 61.84162], [-72.631703, 61.895616], [-72.630483, 61.922919], [-72.605214, 61.943671], [-72.488026, 61.92414], [-72.357086, 61.88939], [-72.23233, 61.881293], [-72.203196, 61.86579], [-72.179596, 61.827948], [-72.131825, 61.800605], [-72.206288, 61.793158], [-72.187001, 61.786973], [-72.187001, 61.780137], [-72.211578, 61.778876], [-72.22468, 61.766221], [-72.223704, 61.75019], [-72.194692, 61.737413], [-72.141103, 61.757392], [-72.076283, 61.744859], [-72.042388, 61.725531], [-72.034535, 61.700385], [-72.005849, 61.690782], [-71.995229, 61.67711], [-72.024648, 61.641588], [-72.085113, 61.606269], [-72.243479, 61.617621], [-72.277333, 61.603095], [-72.30309, 61.567857], [-72.220855, 61.601386], [-72.083404, 61.588935], [-72.036244, 61.601386], [-71.979482, 61.603827], [-71.963735, 61.641954], [-71.940012, 61.656684], [-71.935414, 61.670966], [-71.972768, 61.708197], [-71.956776, 61.711249], [-71.674428, 61.656317], [-71.580963, 61.613837], [-71.569447, 61.601386], [-71.590566, 61.601386], [-71.558217, 61.587348], [-71.548655, 61.574652], [-71.555776, 61.561021], [-71.60733, 61.567857], [-71.623891, 61.565497], [-71.637766, 61.54682], [-71.691518, 61.539252], [-71.803538, 61.542304], [-71.857411, 61.533759], [-71.8485, 61.523139], [-71.792592, 61.526923], [-71.781809, 61.504381], [-71.79601, 61.498969], [-71.79601, 61.491523], [-71.748199, 61.479112], [-71.768788, 61.460924], [-71.891591, 61.436957], [-71.891591, 61.430732], [-71.795725, 61.423326], [-71.734527, 61.410224], [-71.61852, 61.418036], [-71.583119, 61.410224], [-71.707265, 61.368354], [-71.822662, 61.375474], [-71.79601, 61.369249], [-71.79601, 61.361802], [-71.822662, 61.354967], [-71.665639, 61.334459], [-71.675649, 61.319159], [-71.727122, 61.293524], [-71.727122, 61.287299], [-71.596791, 61.259385], [-71.63093, 61.204169], [-71.594594, 61.222235], [-71.572906, 61.220526], [-71.555776, 61.197333], [-71.580434, 61.160956], [-71.572865, 61.155748], [-71.507965, 61.169989], [-71.533762, 61.196275], [-71.53539, 61.210761], [-71.521067, 61.224595], [-71.49767, 61.230902], [-71.475819, 61.226386], [-71.444, 61.184678], [-71.371571, 61.129014], [-71.359975, 61.126451], [-71.371449, 61.149522], [-71.213287, 61.167222], [-71.220611, 61.149522], [-71.185048, 61.122748], [-71.179677, 61.139594], [-71.167633, 61.141059], [-71.11144, 61.12523], [-71.038808, 61.131781], [-70.935374, 61.106635], [-70.927398, 61.092719], [-70.939443, 61.073798], [-70.846913, 61.075426], [-70.789906, 61.054755], [-70.762074, 61.056708], [-70.781809, 61.073798], [-70.76179, 61.085801], [-70.658274, 61.053941], [-70.658274, 61.046495], [-70.685618, 61.032823], [-70.667714, 61.026842], [-70.603668, 61.032823], [-70.53539, 61.012315], [-70.53539, 61.019843], [-70.556223, 61.028388], [-70.568918, 61.046495], [-70.53539, 61.046495], [-70.541615, 61.060126], [-70.526682, 61.065416], [-70.488433, 61.060289], [-70.472727, 61.053941], [-70.466461, 61.032823], [-70.425526, 61.026597], [-70.443186, 61.058295], [-70.431752, 61.067572], [-70.404408, 61.060126], [-70.425526, 61.08808], [-70.342926, 61.067572], [-70.34732, 61.083075], [-70.325103, 61.100409], [-70.267242, 61.08808], [-70.246734, 61.073798], [-70.188791, 61.08808], [-70.155344, 61.087633], [-70.144032, 61.083564], [-70.151194, 61.073798], [-70.112701, 61.068793], [-70.110219, 61.060126], [-70.151194, 61.040269], [-70.160064, 61.021674], [-70.148997, 61.011176], [-70.126943, 61.01024], [-70.103383, 61.019843], [-70.095937, 61.012315], [-70.111724, 60.99608], [-70.089711, 60.961168], [-70.104848, 60.926093], [-70.089711, 60.902533], [-70.151194, 60.889472], [-70.151194, 60.882025], [-70.055002, 60.8758], [-70.064849, 60.8581], [-70.058705, 60.850328], [-69.986684, 60.847886], [-69.915883, 60.810004], [-69.858388, 60.842231], [-69.849517, 60.854682], [-69.907826, 60.837755], [-69.93871, 60.840196], [-69.820546, 60.904283], [-69.776967, 60.919501], [-69.740305, 60.92296], [-69.739369, 60.886094], [-69.702626, 60.874335], [-69.662343, 60.88524], [-69.65095, 60.916815], [-69.691721, 60.958808], [-69.678822, 61.012315], [-69.65095, 61.040269], [-69.651031, 61.064276], [-69.585439, 61.08808], [-69.557688, 61.086005], [-69.520375, 61.069037], [-69.473256, 61.000067], [-69.43342, 60.963975], [-69.424387, 60.92296], [-69.36974, 60.916815], [-69.390207, 60.868354], [-69.36974, 60.823961], [-69.381337, 60.799872], [-69.443186, 60.775377], [-69.505849, 60.769965], [-69.572377, 60.751532], [-69.643951, 60.708604], [-69.719797, 60.684027], [-69.692494, 60.6612], [-69.683217, 60.643052], [-69.697621, 60.6081], [-69.667144, 60.599433], [-69.657704, 60.584093], [-69.666737, 60.567206], [-69.687978, 60.556464], [-69.808095, 60.53559], [-69.82901, 60.525743], [-69.749745, 60.462226], [-69.775868, 60.424506], [-69.735341, 60.411322], [-69.719797, 60.375556], [-69.739329, 60.346625], [-69.769887, 60.324042], [-69.765492, 60.317084], [-69.753285, 60.306627], [-69.71231, 60.299791], [-69.656972, 60.241523], [-69.616933, 60.235175], [-69.602447, 60.224677], [-69.65095, 60.183702], [-69.59557, 60.1789], [-69.609934, 60.149604], [-69.610992, 60.10106], [-69.630442, 60.094346], [-69.628041, 60.076728], [-69.706125, 60.0633], [-69.72289, 60.046576], [-69.774403, 60.066474], [-69.826283, 60.071601], [-69.838735, 60.057807], [-69.842681, 60.028876], [-69.773061, 60.00434], [-69.794911, 59.991319], [-69.821645, 59.989203], [-69.901031, 60.00495], [-70.336171, 60.032294], [-70.336171, 60.025458], [-70.309438, 60.011786], [-70.571929, 59.994981], [-70.596791, 59.997504], [-70.650746, 60.021796], [-70.996205, 60.076239], [-71.035064, 60.066474], [-70.921254, 60.055528], [-70.862782, 60.029486], [-70.721588, 60.009223], [-70.577707, 59.97724], [-70.480133, 59.970893], [-70.384592, 59.991319], [-70.322499, 59.977647], [-70.226633, 59.986518], [-70.164866, 59.964057], [-70.045033, 59.950995], [-69.942006, 59.964057], [-69.858062, 59.960924], [-69.735097, 59.970282], [-69.719797, 59.960273], [-69.727773, 59.921942], [-69.767568, 59.915595], [-69.723744, 59.897773], [-69.589833, 59.876085], [-69.561513, 59.864691], [-69.600657, 59.833604], [-69.596303, 59.809434], [-69.612172, 59.783881], [-69.547841, 59.764757], [-69.585927, 59.73607], [-69.622385, 59.727403], [-69.657704, 59.703315], [-69.604726, 59.695543], [-69.588775, 59.682847], [-69.520579, 59.676622], [-69.516225, 59.649278], [-69.537262, 59.622748], [-69.567983, 59.602607], [-69.659901, 59.577826], [-69.748525, 59.516099], [-69.758209, 59.490465], [-69.73705, 59.482733], [-69.69872, 59.484809], [-69.704742, 59.472154], [-69.671457, 59.456977], [-69.648997, 59.42829], [-69.643422, 59.415961], [-69.662587, 59.407538], [-69.671457, 59.388617], [-69.632069, 59.385118], [-69.643422, 59.364732], [-69.749501, 59.34276], [-69.757436, 59.331244], [-69.755116, 59.317694], [-69.72468, 59.30504], [-69.627065, 59.306708], [-69.576487, 59.331773], [-69.526519, 59.333564], [-69.445465, 59.361314], [-69.422597, 59.361518], [-69.374257, 59.34752], [-69.356068, 59.334052], [-69.369496, 59.32038], [-69.358713, 59.314073], [-69.33731, 59.315131], [-69.297678, 59.334296], [-69.274037, 59.335069], [-69.254791, 59.324815], [-69.246816, 59.302965], [-69.265981, 59.276801], [-69.244374, 59.266547], [-69.232533, 59.241278], [-69.243398, 59.228217], [-69.29483, 59.216051], [-69.349233, 59.244615], [-69.365224, 59.244452], [-69.366322, 59.203437], [-69.389027, 59.1942], [-69.418121, 59.203681], [-69.425649, 59.225409], [-69.449534, 59.228502], [-69.528066, 59.185981], [-69.542551, 59.169542], [-69.53425, 59.155219], [-69.541493, 59.147284], [-69.53425, 59.134752], [-69.541656, 59.127997], [-69.515696, 59.108466], [-69.500111, 59.106757], [-69.491322, 59.121446], [-69.465688, 59.137274], [-69.433949, 59.110541], [-69.379262, 59.119737], [-69.351959, 59.108222], [-69.342437, 59.093817], [-69.414377, 59.054877], [-69.430247, 59.025458], [-69.457631, 59.039008], [-69.48762, 59.071601], [-69.503529, 59.07331], [-69.45165, 58.895209], [-69.478749, 58.872911], [-69.522939, 58.889879], [-69.537994, 58.835883], [-69.549672, 58.815253], [-69.565256, 58.806464], [-69.665151, 58.792182], [-69.683909, 58.805406], [-69.719797, 58.867255], [-69.678456, 58.895087], [-69.671864, 58.927436], [-69.679677, 58.934678], [-69.688385, 58.93065], [-69.691884, 58.915717], [-69.708648, 58.922227], [-69.719797, 58.936143], [-69.704701, 58.96308], [-69.72936, 58.982978], [-69.76122, 58.988105], [-69.767568, 58.970893], [-69.796376, 58.981309], [-69.839426, 59.04564], [-69.863149, 59.059678], [-69.877268, 59.051825], [-69.863149, 59.005072], [-69.866078, 58.987372], [-69.897939, 58.963446], [-69.859039, 58.961127], [-69.822662, 58.94599], [-69.803456, 58.919053], [-69.816029, 58.881537], [-69.801422, 58.854071], [-69.801747, 58.82628], [-69.835317, 58.834215], [-69.879018, 58.870592], [-69.91161, 58.874091], [-69.890492, 58.833116], [-69.959299, 58.814561], [-70.034495, 58.812608], [-70.072377, 58.792182], [-70.139475, 58.783922], [-70.211903, 58.789537], [-70.254221, 58.771674], [-70.171498, 58.775743], [-70.136342, 58.756415], [-70.058705, 58.757392], [-70.041331, 58.737535], [-69.9947, 58.747504], [-69.954579, 58.772162], [-69.921213, 58.77912], [-69.93224, 58.727484], [-69.918284, 58.686387], [-69.86144, 58.715033], [-69.797434, 58.700751], [-69.809316, 58.682318], [-69.853586, 58.665595], [-69.87682, 58.644721], [-69.849517, 58.614], [-69.813547, 58.596503], [-69.795725, 58.598456], [-69.77953, 58.629625], [-69.742014, 58.652777], [-69.69872, 58.702745], [-69.671457, 58.696601], [-69.650502, 58.701158], [-69.636342, 58.722764], [-69.636342, 58.739081], [-69.608225, 58.760362], [-69.48705, 58.792182], [-69.418121, 58.829657], [-69.412099, 58.843695], [-69.378163, 58.869493], [-69.256337, 58.899156], [-69.188466, 58.895209], [-69.124827, 58.901923], [-68.979319, 58.902045], [-68.992991, 58.881537], [-68.894765, 58.877875], [-68.786936, 58.922471], [-68.773427, 58.921698], [-68.728749, 58.903184], [-68.616038, 58.891221], [-68.540517, 58.861029], [-68.499867, 58.833116], [-68.410268, 58.82392], [-68.356191, 58.771674], [-68.382883, 58.734117], [-68.38093, 58.700995], [-68.328847, 58.675482], [-68.328969, 58.657904], [-68.350209, 58.621527], [-68.348704, 58.600328], [-68.333241, 58.589789], [-68.291412, 58.598131], [-68.274241, 58.586737], [-68.274403, 58.567247], [-68.291493, 58.534491], [-68.274241, 58.524644], [-68.252105, 58.527533], [-68.211781, 58.548285], [-68.191029, 58.546373], [-68.22057, 58.48432], [-68.2058, 58.434027], [-68.222524, 58.425482], [-68.225819, 58.394965], [-68.243276, 58.353258], [-68.315175, 58.250922], [-68.35025, 58.170518], [-68.341868, 58.144477], [-68.354075, 58.123725], [-68.477162, 58.043647], [-68.520009, 58.031195], [-68.719106, 58.013739], [-68.848704, 57.976386], [-68.970123, 57.960395], [-68.999827, 57.935614], [-69.047597, 57.915107], [-69.141103, 57.898668], [-69.223744, 57.862047], [-69.36974, 57.770494], [-69.144399, 57.869737], [-69.109364, 57.893378], [-69.040761, 57.908271], [-68.949696, 57.941026], [-68.756012, 57.972968], [-68.686635, 57.99372], [-68.607249, 57.997545], [-68.468617, 58.020372], [-68.417592, 58.038642], [-68.390289, 58.07213], [-68.33849, 58.08983], [-68.309885, 58.120917], [-68.306956, 58.176337], [-68.292592, 58.221788], [-68.251576, 58.236518], [-68.240956, 58.251207], [-68.232493, 58.307685], [-68.187327, 58.363878], [-68.191396, 58.39057], [-68.170562, 58.422187], [-68.17394, 58.491075], [-68.123402, 58.53205], [-68.090159, 58.520006], [-68.027333, 58.521715], [-68.027211, 58.551947], [-68.006215, 58.579535], [-67.974436, 58.56981], [-67.953521, 58.544379], [-67.965159, 58.518419], [-67.909901, 58.510972], [-67.88976, 58.498725], [-67.917348, 58.452948], [-67.923655, 58.404975], [-67.908111, 58.38349], [-67.909901, 58.367621], [-67.861684, 58.326402], [-67.862701, 58.309272], [-67.868398, 58.289659], [-67.900258, 58.255845], [-68.082428, 58.155341], [-68.129547, 58.082994], [-68.120595, 58.071885], [-68.068186, 58.113145], [-67.999257, 58.141059], [-67.953277, 58.211982], [-67.925771, 58.226142], [-67.862701, 58.23725], [-67.864613, 58.259019], [-67.844553, 58.277655], [-67.800649, 58.298692], [-67.823557, 58.335639], [-67.82079, 58.399237], [-67.786977, 58.442694], [-67.786977, 58.470038], [-67.773508, 58.475775], [-67.738515, 58.469184], [-67.714833, 58.45661], [-67.708404, 58.443427], [-67.68456, 58.439643], [-67.675445, 58.423448], [-67.708241, 58.383409], [-67.691396, 58.360175], [-67.729563, 58.333319], [-67.732086, 58.321479], [-67.718088, 58.298692], [-67.73233, 58.285102], [-67.713287, 58.288642], [-67.675526, 58.279486], [-67.649037, 58.251776], [-67.64802, 58.236151], [-67.694081, 58.172105], [-67.701731, 58.141466], [-67.670277, 58.07213], [-67.6905, 58.027655], [-67.740142, 57.963731], [-67.738596, 57.943061], [-67.71349, 57.927069], [-67.701324, 57.937812], [-67.711903, 57.96662], [-67.706654, 57.99079], [-67.641835, 58.04914], [-67.639068, 58.06505], [-67.660024, 58.096666], [-67.662424, 58.115953], [-67.56786, 58.230414], [-67.536855, 58.233832], [-67.464833, 58.285102], [-67.363515, 58.286119], [-67.332143, 58.323961], [-67.218007, 58.343614], [-67.160227, 58.380235], [-67.111969, 58.360175], [-67.086903, 58.362779], [-67.064198, 58.39293], [-67.080637, 58.422187], [-67.040639, 58.422553], [-67.006174, 58.43651], [-66.965199, 58.487372], [-66.946645, 58.498358], [-66.909983, 58.500434], [-66.883656, 58.486558], [-66.896311, 58.44953], [-66.860463, 58.439765], [-66.852203, 58.425035], [-66.841664, 58.44953], [-66.811025, 58.464911], [-66.801991, 58.477729], [-66.806874, 58.497992], [-66.635406, 58.490912], [-66.615102, 58.497992], [-66.659901, 58.525458], [-66.66926, 58.539984], [-66.624013, 58.551337], [-66.628774, 58.592882], [-66.588531, 58.631293], [-66.595367, 58.677191], [-66.571441, 58.66942], [-66.553619, 58.710191], [-66.526967, 58.71955], [-66.468658, 58.721991], [-66.451283, 58.744371], [-66.475819, 58.750067], [-66.490956, 58.764838], [-66.463368, 58.786607], [-66.461049, 58.802802], [-66.47175, 58.812608], [-66.443918, 58.832831], [-66.406239, 58.839952], [-66.382395, 58.853583], [-66.347035, 58.845811], [-66.347564, 58.833116], [-66.294667, 58.803412], [-66.252512, 58.795111], [-66.193959, 58.749091], [-66.115834, 58.726304], [-66.101186, 58.682929], [-66.078847, 58.658515], [-66.062734, 58.650255], [-66.007476, 58.656846], [-65.997141, 58.649156], [-66.004994, 58.634508], [-65.944163, 58.620836], [-65.937164, 58.609442], [-65.940256, 58.5963], [-65.960317, 58.569322], [-65.976145, 58.563666], [-65.989654, 58.535102], [-66.006744, 58.525946], [-66.018219, 58.498236], [-65.992828, 58.430894], [-65.998769, 58.408555], [-66.072255, 58.379381], [-66.09496, 58.360175], [-66.065094, 58.32982], [-66.053375, 58.332831], [-66.035146, 58.376288], [-66.018625, 58.388129], [-65.969228, 58.39704], [-65.957183, 58.408555], [-65.95759, 58.432929], [-65.923004, 58.442694], [-65.925445, 58.45954], [-65.985097, 58.477484], [-65.979563, 58.490098], [-65.905181, 58.537909], [-65.90038, 58.566392], [-65.888905, 58.579901], [-65.873525, 58.583808], [-65.843577, 58.574449], [-65.827504, 58.579901], [-65.864247, 58.597846], [-65.875234, 58.628282], [-65.937815, 58.648912], [-65.944163, 58.675482], [-65.961659, 58.688056], [-66.039703, 58.696601], [-66.035634, 58.730292], [-66.043121, 58.757392], [-66.108632, 58.77912], [-66.019195, 58.861192], [-65.970855, 58.82628], [-65.944936, 58.841498], [-65.859527, 58.832831], [-65.809641, 58.847602], [-65.795644, 58.863471], [-65.936676, 58.881537], [-65.983062, 58.904853], [-65.982249, 58.917182], [-65.861643, 58.942979], [-65.853912, 58.961127], [-65.886138, 58.993232], [-65.885487, 59.008165], [-65.756256, 58.975775], [-65.677358, 58.928575], [-65.668813, 58.949327], [-65.688791, 58.973863], [-65.793324, 59.005072], [-65.770579, 59.019151], [-65.738108, 59.018134], [-65.779042, 59.032335], [-65.729075, 59.037584], [-65.683461, 59.052802], [-65.683461, 59.046007], [-65.654856, 59.046495], [-65.60558, 59.013739], [-65.507069, 58.988105], [-65.491689, 58.9914], [-65.501943, 59.005072], [-65.560658, 59.021715], [-65.594106, 59.046007], [-65.529205, 59.066514], [-65.443674, 59.045111], [-65.349436, 59.039781], [-65.319732, 59.046007], [-65.319732, 59.052802], [-65.349721, 59.064561], [-65.425608, 59.063585], [-65.466786, 59.083238], [-65.529205, 59.093817], [-65.541615, 59.108832], [-65.559316, 59.086778], [-65.581695, 59.075059], [-65.642486, 59.07331], [-65.665679, 59.113959], [-65.717641, 59.158311], [-65.70995, 59.185655], [-65.683461, 59.196845], [-65.732533, 59.215522], [-65.744944, 59.230414], [-65.736399, 59.241075], [-65.744944, 59.252061], [-65.739329, 59.270616], [-65.680247, 59.263983], [-65.650258, 59.244859], [-65.594106, 59.189399], [-65.593332, 59.207465], [-65.612131, 59.249376], [-65.602935, 59.257107], [-65.580434, 59.244615], [-65.543324, 59.264635], [-65.510121, 59.253892], [-65.491689, 59.258287], [-65.491689, 59.265082], [-65.56607, 59.30744], [-65.580434, 59.364732], [-65.55899, 59.376654], [-65.51061, 59.358466], [-65.371816, 59.280097], [-65.357574, 59.282172], [-65.405426, 59.340196], [-65.440297, 59.351752], [-65.447174, 59.366767], [-65.432932, 59.40294], [-65.381825, 59.402289], [-65.406728, 59.417426], [-65.497914, 59.436387], [-65.497914, 59.443834], [-65.47057, 59.443834], [-65.47057, 59.450059], [-65.545318, 59.474351], [-65.559926, 59.491034], [-65.457509, 59.472357], [-65.42276, 59.470567], [-65.364125, 59.484809], [-65.185536, 59.463121], [-65.172922, 59.43891], [-65.052846, 59.381171], [-65.003082, 59.375678], [-64.983957, 59.381171], [-65.082346, 59.410631], [-65.181264, 59.475775], [-65.313385, 59.509385], [-65.411855, 59.51789], [-65.428944, 59.53205], [-65.489084, 59.626166], [-65.519399, 59.702582], [-65.546254, 59.731269], [-65.52184, 59.750312], [-65.466379, 59.77143], [-65.497914, 59.79267], [-65.484242, 59.799547], [-65.445912, 59.786973], [-65.432688, 59.809434], [-65.417714, 59.815253], [-65.367543, 59.799547], [-65.378977, 59.829779], [-65.323476, 59.847968], [-65.214223, 59.820787], [-65.165842, 59.79267], [-65.084096, 59.771715], [-64.983957, 59.764757], [-64.983957, 59.772203], [-65.053131, 59.779039], [-65.141469, 59.806098], [-65.195058, 59.834581], [-65.224192, 59.841132], [-65.224192, 59.847968], [-65.203033, 59.854193], [-65.230946, 59.882066], [-65.229726, 59.892401], [-65.140452, 59.871324], [-65.12857, 59.885484], [-65.137807, 59.900214], [-65.209828, 59.915595], [-65.209828, 59.923041], [-65.141103, 59.931627], [-65.142161, 59.955064], [-65.135121, 59.95661], [-65.106842, 59.950995], [-65.08019, 59.929877], [-65.070912, 59.943305], [-65.12857, 59.977647], [-65.113393, 59.982856], [-65.066518, 59.977647], [-65.074941, 59.989732], [-65.117665, 60.008368], [-65.12857, 60.046576], [-65.068471, 60.046495], [-65.046051, 60.054755], [-65.024973, 60.080756], [-65.065297, 60.094591], [-65.0631, 60.104315], [-65.019032, 60.120185], [-65.008412, 60.111151], [-65.001047, 60.116278], [-64.991363, 60.129096], [-64.994781, 60.152696], [-64.966135, 60.154731], [-64.951527, 60.193427], [-64.894154, 60.195746], [-64.874094, 60.20421], [-64.88036, 60.21894], [-64.957265, 60.258857], [-64.884348, 60.281928], [-64.846913, 60.313422], [-64.837026, 60.329169], [-64.839711, 60.343207], [-64.860463, 60.361274], [-64.778472, 60.361274], [-64.676096, 60.33393], [-64.696604, 60.347602], [-64.696604, 60.355048], [-64.627512, 60.346747], [-64.545766, 60.306627], [-64.464223, 60.291083], [-64.380605, 60.245185], [-64.425771, 60.242621], [-64.495107, 60.272569], [-64.586741, 60.292955], [-64.636545, 60.293036], [-64.758656, 60.238349], [-64.729319, 60.234809], [-64.617096, 60.272528], [-64.557362, 60.269843], [-64.485341, 60.24018], [-64.463246, 60.238349], [-64.483022, 60.219672], [-64.566274, 60.176337], [-64.50414, 60.178534], [-64.416168, 60.223375], [-64.394928, 60.217231], [-64.429067, 60.196763], [-64.409983, 60.197252], [-64.380605, 60.170111], [-64.399241, 60.15119], [-64.497914, 60.114814], [-64.497914, 60.107367], [-64.476959, 60.101671], [-64.463246, 60.08751], [-64.632436, 60.071519], [-64.689198, 60.043402], [-64.812489, 60.008246], [-64.828277, 59.991156], [-64.806467, 59.984483], [-64.586741, 60.060248], [-64.502105, 60.056952], [-64.451527, 60.066148], [-64.398346, 60.120836], [-64.377187, 60.129747], [-64.367543, 60.118232], [-64.375478, 60.081163], [-64.386301, 60.076239], [-64.402415, 60.08751], [-64.413726, 60.071112], [-64.373769, 60.040107], [-64.393219, 60.014472], [-64.420969, 60.008287], [-64.53954, 60.010932], [-64.416615, 59.985093], [-64.400502, 59.97606], [-64.394928, 59.95661], [-64.401926, 59.941474], [-64.518422, 59.902533], [-64.476389, 59.900499], [-64.423573, 59.923285], [-64.368967, 59.927436], [-64.359446, 59.946601], [-64.363515, 59.957994], [-64.305531, 59.997504], [-64.224233, 59.997504], [-64.224233, 60.00495], [-64.302602, 60.009955], [-64.328969, 60.028144], [-64.326039, 60.060248], [-64.277333, 60.047797], [-64.22053, 60.046576], [-64.210561, 60.032294], [-64.182607, 60.032294], [-64.147857, 59.984483], [-64.274403, 59.963731], [-64.298736, 59.943549], [-64.229319, 59.941636], [-64.203359, 59.93358], [-64.182607, 59.915595], [-64.212514, 59.889838], [-64.257721, 59.882066], [-64.257721, 59.87462], [-64.199045, 59.876532], [-64.182607, 59.882066], [-64.153188, 59.912095], [-64.137929, 59.915595], [-64.126373, 59.907457], [-64.170277, 59.845649], [-64.175852, 59.796129], [-64.192535, 59.77851], [-64.259389, 59.788398], [-64.264556, 59.764757], [-64.21227, 59.716132], [-64.147857, 59.682847], [-64.037994, 59.682847], [-63.96231, 59.694566], [-63.943023, 59.689683], [-63.969797, 59.66234], [-63.921986, 59.655504], [-63.955963, 59.645819], [-64.031606, 59.644965], [-64.059722, 59.621405], [-64.072825, 59.574449], [-64.104726, 59.547349], [-64.120595, 59.518378], [-64.039947, 59.562201], [-64.037994, 59.58043], [-64.03185, 59.58043], [-64.032135, 59.610175], [-64.007314, 59.62401], [-63.973378, 59.623725], [-63.946441, 59.611151], [-63.889556, 59.617255], [-63.864084, 59.611314], [-63.877553, 59.583848], [-63.943023, 59.566759], [-63.983388, 59.525824], [-63.980702, 59.506415], [-63.874135, 59.572984], [-63.766916, 59.548285], [-63.727691, 59.519965], [-63.728139, 59.509141], [-63.780832, 59.450059], [-63.787668, 59.425605], [-63.795033, 59.422187], [-63.999827, 59.418524], [-64.065989, 59.395453], [-64.060658, 59.387274], [-64.042958, 59.380439], [-63.960764, 59.39057], [-63.805898, 59.374945], [-63.7506, 59.388617], [-63.764882, 59.36815], [-63.709625, 59.36815], [-63.77481, 59.263414], [-63.825754, 59.252061], [-63.825754, 59.244615], [-63.774892, 59.248033], [-63.730133, 59.265082], [-63.698354, 59.325303], [-63.674916, 59.339342], [-63.651682, 59.36815], [-63.624013, 59.353868], [-63.531565, 59.347724], [-63.524078, 59.323106], [-63.545155, 59.258287], [-63.609771, 59.227281], [-63.641428, 59.224189], [-63.628977, 59.216986], [-63.543935, 59.219794], [-63.466379, 59.278754], [-63.417836, 59.290961], [-63.392568, 59.292467], [-63.380727, 59.278754], [-63.407216, 59.256293], [-63.449045, 59.244615], [-63.437001, 59.22956], [-63.463246, 59.193101], [-63.385732, 59.219591], [-63.37328, 59.216661], [-63.360829, 59.198228], [-63.363026, 59.18773], [-63.391225, 59.174872], [-63.442209, 59.120551], [-63.521474, 59.108222], [-63.581776, 59.075059], [-63.66161, 59.070258], [-63.747182, 59.052802], [-63.82433, 59.068671], [-63.973541, 59.078966], [-63.993479, 59.066107], [-64.002838, 59.048936], [-64.037994, 59.032335], [-64.039906, 59.01793], [-63.96939, 59.036689], [-63.946441, 59.059678], [-63.894643, 59.059678], [-63.916615, 59.026801], [-63.906728, 58.989814], [-63.882314, 58.961982], [-63.860463, 58.963446], [-63.859283, 58.978583], [-63.880971, 59.018134], [-63.870758, 59.033189], [-63.812123, 59.046007], [-63.780263, 59.027411], [-63.743804, 59.018134], [-63.661855, 59.03856], [-63.535797, 59.036322], [-63.516754, 59.043199], [-63.507476, 59.055976], [-63.460601, 59.070868], [-63.420806, 59.065009], [-63.386627, 59.101996], [-63.352773, 59.104438], [-63.285146, 59.093817], [-63.291331, 59.07331], [-63.230784, 59.074164], [-63.191029, 59.059638], [-63.131581, 59.062323], [-63.127431, 59.046007], [-63.161977, 59.030015], [-63.339752, 59.032335], [-63.339752, 59.02558], [-63.222483, 59.005072], [-63.269439, 58.979315], [-63.305572, 58.942979], [-63.241038, 58.975694], [-63.183176, 58.984361], [-63.169586, 58.977891], [-63.167836, 58.963446], [-63.229848, 58.950385], [-63.229848, 58.942979], [-63.190175, 58.940009], [-63.16161, 58.922471], [-63.236684, 58.881537], [-63.32608, 58.861029], [-63.298329, 58.851996], [-63.195058, 58.859117], [-63.167836, 58.881537], [-63.154775, 58.874091], [-63.179067, 58.841498], [-63.178863, 58.828437], [-63.154775, 58.82628], [-63.124867, 58.846788], [-63.116689, 58.862128], [-63.120676, 58.874091], [-63.091868, 58.894965], [-63.05248, 58.902289], [-63.014516, 58.897406], [-62.989654, 58.881537], [-63.047434, 58.870795], [-63.052398, 58.861029], [-62.92691, 58.823188], [-62.910024, 58.796942], [-62.914622, 58.751166], [-63.033315, 58.719184], [-63.044911, 58.710191], [-63.02066, 58.701646], [-62.945627, 58.702745], [-62.872874, 58.715644], [-62.853139, 58.702745], [-62.844594, 58.685167], [-62.856679, 58.655626], [-62.917633, 58.631415], [-62.922515, 58.606553], [-62.935374, 58.596625], [-63.078359, 58.559149], [-63.124664, 58.531562], [-63.154775, 58.524644], [-63.167836, 58.504828], [-63.305572, 58.510972], [-63.326894, 58.497016], [-63.368642, 58.497748], [-63.412953, 58.508531], [-63.442209, 58.524644], [-63.448801, 58.504462], [-63.471425, 58.490302], [-63.524078, 58.477484], [-63.374908, 58.490546], [-63.341949, 58.478827], [-63.339752, 58.463202], [-63.420766, 58.399604], [-63.487416, 58.377875], [-63.534779, 58.352729], [-63.593007, 58.305528], [-63.546539, 58.311876], [-63.488515, 58.344224], [-63.421702, 58.367621], [-63.264027, 58.470038], [-63.264027, 58.463202], [-63.247874, 58.470689], [-63.144114, 58.47838], [-63.085846, 58.456366], [-63.157135, 58.395006], [-63.165679, 58.38349], [-63.16161, 58.367621], [-63.154775, 58.381293], [-63.140533, 58.383612], [-63.063303, 58.451606], [-63.051666, 58.452094], [-63.009674, 58.428697], [-62.983469, 58.43651], [-62.978017, 58.447374], [-62.937734, 58.468207], [-62.853139, 58.477484], [-62.823557, 58.471137], [-62.797841, 58.497992], [-62.78425, 58.497992], [-62.792348, 58.480211], [-62.785959, 58.45893], [-62.77123, 58.463202], [-62.762929, 58.484361], [-62.743723, 58.496283], [-62.705678, 58.491075], [-62.620595, 58.50609], [-62.578603, 58.504218], [-62.558258, 58.477484], [-62.60676, 58.456366], [-62.599233, 58.442694], [-62.65392, 58.414781], [-62.619374, 58.370836], [-62.633412, 58.360175], [-62.621816, 58.336859], [-62.623443, 58.309272], [-62.709137, 58.285102], [-62.721181, 58.273179], [-62.85554, 58.268663], [-62.872629, 58.261908], [-62.907582, 58.214342], [-62.901519, 58.203111], [-62.888051, 58.202826], [-62.863026, 58.23725], [-62.821685, 58.257107], [-62.697174, 58.253241], [-62.667592, 58.27147], [-62.600413, 58.254584], [-62.583323, 58.235216], [-62.578765, 58.223009], [-62.614613, 58.213813], [-62.635243, 58.186754], [-62.661366, 58.175849], [-62.75475, 58.17121], [-62.817454, 58.179063], [-63.079091, 58.155341], [-63.010813, 58.141059], [-63.034535, 58.118232], [-63.209381, 58.062242], [-63.198801, 58.057318], [-63.134348, 58.065985], [-63.168121, 58.028022], [-63.286204, 58.007799], [-63.339752, 57.983995], [-63.119537, 58.004869], [-63.099436, 58.021308], [-63.092437, 58.058051], [-63.035756, 58.082831], [-62.971425, 58.096381], [-62.964426, 58.115058], [-62.926178, 58.13288], [-62.832631, 58.147895], [-62.832631, 58.141059], [-62.853139, 58.134833], [-62.84081, 58.123481], [-62.77123, 58.134833], [-62.749582, 58.125352], [-62.714182, 58.144599], [-62.651235, 58.123847], [-62.633412, 58.127387], [-62.581166, 58.165269], [-62.565745, 58.162095], [-62.552113, 58.12934], [-62.510487, 58.175849], [-62.462066, 58.181993], [-62.450999, 58.167792], [-62.529408, 58.103217], [-62.530995, 58.093248], [-62.509755, 58.074897], [-62.517323, 58.058539], [-62.496327, 58.059923], [-62.490061, 58.093248], [-62.466135, 58.107733], [-62.376698, 58.112901], [-62.366526, 58.106879], [-62.371327, 58.096259], [-62.428578, 58.086412], [-62.387034, 58.07213], [-62.395823, 58.059638], [-62.391184, 58.051988], [-62.344594, 58.071479], [-62.326894, 58.064643], [-62.305043, 58.031195], [-62.387034, 57.997667], [-62.478668, 58.009833], [-62.534495, 58.005683], [-62.674957, 57.935614], [-62.64391, 57.937934], [-62.592397, 57.963446], [-62.562001, 57.969713], [-62.486643, 57.976549], [-62.421132, 57.963568], [-62.429596, 57.949042], [-62.423451, 57.914984], [-62.427968, 57.883368], [-62.420766, 57.870673], [-62.400624, 57.874132], [-62.392323, 57.883734], [-62.377349, 57.949774], [-62.339182, 57.983995], [-62.327748, 57.967841], [-62.324941, 57.945746], [-62.330963, 57.925523], [-62.346018, 57.915107], [-62.324086, 57.909044], [-62.304758, 57.920518], [-62.27774, 57.956732], [-62.233022, 57.939317], [-62.208852, 57.908271], [-62.19518, 57.943061], [-62.140859, 57.978258], [-62.081532, 57.946967], [-62.065745, 57.898912], [-62.088246, 57.874376], [-62.127187, 57.851793], [-62.140533, 57.833197], [-62.119456, 57.818915], [-62.118723, 57.797471], [-62.007151, 57.781358], [-61.962961, 57.735053], [-61.950063, 57.709174], [-61.968617, 57.688544], [-61.894154, 57.67182], [-61.886708, 57.637641], [-61.898101, 57.62169], [-62.038564, 57.597642], [-62.076812, 57.582221], [-62.072336, 57.552069], [-62.08967, 57.540758], [-62.164174, 57.531562], [-62.243723, 57.544989], [-62.270334, 57.538398], [-62.289215, 57.523627], [-62.328684, 57.466051], [-62.348948, 57.45775], [-62.516103, 57.508979], [-62.544667, 57.511054], [-62.533681, 57.496039], [-62.469553, 57.462633], [-62.414906, 57.448961], [-62.377065, 57.428534], [-62.315012, 57.428534], [-62.276926, 57.445787], [-62.210317, 57.449327], [-62.159373, 57.469062], [-62.135487, 57.461005], [-62.031321, 57.456407], [-61.90038, 57.415473], [-61.804799, 57.367051], [-61.823476, 57.358385], [-61.927642, 57.367051], [-61.927642, 57.360216], [-61.87149, 57.342841], [-61.879018, 57.318956], [-61.870758, 57.293036], [-61.880483, 57.277655], [-61.945058, 57.257148], [-62.023915, 57.257148], [-62.011627, 57.242987], [-61.965566, 57.23668], [-61.959055, 57.22309], [-61.906728, 57.219184], [-61.882965, 57.210028], [-61.865102, 57.17064], [-61.84675, 57.170396], [-61.785268, 57.196275], [-61.776112, 57.191107], [-61.784291, 57.154771], [-61.649241, 57.2331], [-61.619781, 57.229926], [-61.698638, 57.171576], [-61.696441, 57.157904], [-61.471791, 57.156073], [-61.381907, 57.12108], [-61.35912, 57.089586], [-61.379628, 57.055162], [-61.352284, 57.02379], [-61.370676, 57.002427], [-61.344838, 56.989691], [-61.349843, 56.9737], [-61.338694, 56.962958], [-61.344838, 56.955512], [-61.393219, 56.989691], [-61.411936, 56.981757], [-61.50178, 56.978949], [-61.537262, 56.962958], [-61.575103, 56.914537], [-61.611236, 56.904405], [-61.643422, 56.883531], [-61.651479, 56.86876], [-61.647125, 56.825792], [-61.664174, 56.808946], [-61.708608, 56.813544], [-61.76061, 56.792792], [-61.809193, 56.78852], [-61.894154, 56.805365], [-61.904652, 56.793769], [-61.9051, 56.777452], [-61.886708, 56.750067], [-61.901479, 56.723822], [-61.886708, 56.702338], [-61.864735, 56.741278], [-61.847157, 56.752753], [-61.818471, 56.756903], [-61.750803, 56.751654], [-61.694936, 56.7296], [-61.711334, 56.711046], [-61.731923, 56.703803], [-61.819936, 56.70897], [-61.790517, 56.68122], [-61.770619, 56.687852], [-61.67162, 56.655463], [-61.658355, 56.642157], [-61.662668, 56.628241], [-61.6881, 56.620347], [-61.743316, 56.633979], [-61.902252, 56.643175], [-61.927642, 56.653876], [-61.896799, 56.668524], [-61.905141, 56.678412], [-61.928212, 56.681993], [-61.954457, 56.665269], [-61.984446, 56.664415], [-62.124664, 56.704942], [-62.237945, 56.716254], [-62.348012, 56.752875], [-62.483876, 56.77558], [-62.503082, 56.784857], [-62.478993, 56.798285], [-62.274078, 56.827826], [-62.228179, 56.81745], [-62.044423, 56.825792], [-62.088694, 56.841295], [-62.338857, 56.8463], [-62.400624, 56.832017], [-62.493764, 56.8546], [-62.544667, 56.839464], [-62.569895, 56.803941], [-62.585601, 56.797838], [-62.414906, 56.750312], [-62.35969, 56.722154], [-62.284291, 56.711982], [-62.099924, 56.650824], [-61.914052, 56.626532], [-61.940175, 56.616156], [-62.242991, 56.626532], [-62.242991, 56.620347], [-62.000966, 56.587633], [-61.917714, 56.585639], [-61.8697, 56.593004], [-61.769643, 56.564521], [-61.723704, 56.580552], [-61.712026, 56.575385], [-61.652659, 56.531684], [-61.653961, 56.516669], [-61.667592, 56.503282], [-61.713979, 56.50141], [-61.756581, 56.485826], [-61.977406, 56.510688], [-62.036773, 56.508043], [-62.085927, 56.490058], [-62.085927, 56.483222], [-61.96996, 56.48725], [-61.956166, 56.4831], [-61.948069, 56.465644], [-62.010121, 56.452867], [-62.147369, 56.455268], [-62.081044, 56.429551], [-61.975413, 56.421861], [-61.962473, 56.424506], [-61.953114, 56.442206], [-61.932688, 56.436591], [-61.903798, 56.414293], [-61.813954, 56.403388], [-61.790517, 56.393785], [-61.845774, 56.38703], [-61.776845, 56.359687], [-61.756418, 56.339179], [-61.715443, 56.345404], [-61.715443, 56.339179], [-61.743316, 56.332343], [-61.71996, 56.324164], [-61.639638, 56.325548], [-61.605621, 56.30683], [-61.597076, 56.29442], [-61.60554, 56.283922], [-61.796254, 56.313178], [-61.81786, 56.304429], [-61.660756, 56.277777], [-61.660756, 56.270941], [-61.74828, 56.256334], [-61.796539, 56.256822], [-61.831451, 56.270941], [-61.767568, 56.27265], [-61.756418, 56.283922], [-61.827463, 56.297309], [-61.965566, 56.286566], [-62.017934, 56.308946], [-62.078481, 56.298204], [-62.046295, 56.273749], [-62.004018, 56.25727], [-62.016184, 56.248481], [-62.008901, 56.240465], [-61.935292, 56.217353], [-61.914459, 56.21662], [-61.882232, 56.234361], [-61.835194, 56.22248], [-61.763173, 56.229315], [-61.776845, 56.208848], [-61.722808, 56.208848], [-61.677561, 56.22248], [-61.599233, 56.223619], [-61.578847, 56.208848], [-61.547027, 56.200385], [-61.372792, 56.228827], [-61.344838, 56.22248], [-61.352284, 56.205756], [-61.33434, 56.187934], [-61.335194, 56.178087], [-61.39151, 56.16942], [-61.409413, 56.13231], [-61.348541, 56.147406], [-61.339589, 56.138251], [-61.352284, 56.119452], [-61.338612, 56.111029], [-61.426015, 56.082017], [-61.455312, 56.058051], [-61.40038, 56.050482], [-61.319976, 56.067206], [-61.234975, 56.043769], [-61.305328, 56.044053], [-61.325592, 56.037543], [-61.270375, 56.030707], [-61.270375, 56.024482], [-61.468129, 56.029731], [-61.503082, 56.010199], [-61.383046, 55.996568], [-61.379872, 55.979234], [-61.393178, 55.976671], [-61.428009, 55.995592], [-61.462148, 56.002753], [-61.461415, 55.991034], [-61.447133, 55.980577], [-61.40274, 55.959906], [-61.345448, 55.969306], [-61.262929, 55.969306], [-61.201487, 55.948188], [-61.176584, 55.97606], [-61.138987, 55.972154], [-61.071156, 55.92829], [-61.078521, 55.89289], [-61.101877, 55.90001], [-61.173329, 55.898627], [-61.194, 55.89289], [-61.193267, 55.879625], [-61.0985, 55.848334], [-60.933949, 55.86994], [-60.895863, 55.860419], [-60.781606, 55.859687], [-60.746816, 55.850165], [-60.728505, 55.825263], [-60.735992, 55.800035], [-60.761057, 55.78087], [-60.81786, 55.756415], [-60.968658, 55.749498], [-60.950185, 55.742621], [-60.943918, 55.729804], [-60.862294, 55.742743], [-60.749013, 55.736518], [-60.696401, 55.769761], [-60.670644, 55.794867], [-60.653961, 55.825303], [-60.601959, 55.819566], [-60.626088, 55.783026], [-60.607167, 55.754706], [-60.612416, 55.715399], [-60.591379, 55.708564], [-60.614898, 55.690294], [-60.656239, 55.676378], [-60.648915, 55.651964], [-60.631256, 55.640448], [-60.653432, 55.605536], [-60.685129, 55.578559], [-60.681304, 55.564561], [-60.63268, 55.612128], [-60.602203, 55.627875], [-60.530751, 55.746161], [-60.523793, 55.786566], [-60.507924, 55.804023], [-60.489613, 55.810492], [-60.47525, 55.797349], [-60.463002, 55.801581], [-60.423736, 55.776842], [-60.399526, 55.790473], [-60.372222, 55.770006], [-60.334706, 55.781968], [-60.331288, 55.760077], [-60.385894, 55.722846], [-60.372222, 55.715399], [-60.385894, 55.701117], [-60.375111, 55.685492], [-60.49352, 55.660102], [-60.52538, 55.616767], [-60.530507, 55.591905], [-60.471181, 55.630194], [-60.434316, 55.634467], [-60.399526, 55.612982], [-60.394399, 55.585069], [-60.454742, 55.503119], [-60.428578, 55.51081], [-60.340891, 55.582709], [-60.319244, 55.576117], [-60.337229, 55.547797], [-60.333892, 55.539903], [-60.304026, 55.530463], [-60.31078, 55.509345], [-60.343332, 55.515977], [-60.386545, 55.474921], [-60.454742, 55.447862], [-60.443227, 55.429023], [-60.454742, 55.413764], [-60.444, 55.402167], [-60.482086, 55.352281], [-60.441477, 55.368476], [-60.413238, 55.400092], [-60.428456, 55.415269], [-60.418935, 55.42768], [-60.379709, 55.447862], [-60.327707, 55.494818], [-60.304026, 55.489447], [-60.331288, 55.475816], [-60.33023, 55.467719], [-60.365387, 55.434882], [-60.343007, 55.437567], [-60.331288, 55.455308], [-60.306223, 55.436632], [-60.283762, 55.440619], [-60.290273, 55.479234], [-60.279449, 55.501207], [-60.254018, 55.50495], [-60.201568, 55.489447], [-60.214589, 55.46837], [-60.204416, 55.456977], [-60.214589, 55.441026], [-60.194081, 55.434882], [-60.194081, 55.427436], [-60.201568, 55.42121], [-60.229563, 55.427802], [-60.268544, 55.421454], [-60.362416, 55.390448], [-60.374664, 55.380683], [-60.382924, 55.345771], [-60.413238, 55.311347], [-60.391469, 55.305121], [-60.403961, 55.292182], [-60.42809, 55.282782], [-60.467844, 55.297065], [-60.502553, 55.270372], [-60.508534, 55.246649], [-60.536733, 55.204901], [-60.612416, 55.167914], [-60.568186, 55.182074], [-60.492096, 55.226264], [-60.45816, 55.235582], [-60.432973, 55.220811], [-60.396637, 55.258734], [-60.355336, 55.259101], [-60.412262, 55.214179], [-60.467844, 55.188422], [-60.516225, 55.119493], [-60.673899, 55.050645], [-60.661448, 55.037584], [-60.687571, 54.995429], [-60.612416, 55.036363], [-60.5572, 55.085395], [-60.47525, 55.112738], [-60.457102, 55.154853], [-60.426869, 55.167914], [-60.387441, 55.161689], [-60.372222, 55.167914], [-60.269032, 55.242987], [-60.228871, 55.25609], [-60.211985, 55.247789], [-60.154042, 55.290229], [-60.139516, 55.284003], [-60.173655, 55.242418], [-60.169667, 55.231635], [-60.194081, 55.194648], [-60.170644, 55.204088], [-60.134145, 55.235582], [-60.087392, 55.248603], [-60.048207, 55.273546], [-60.022817, 55.276557], [-60.029205, 55.26142], [-60.070546, 55.235582], [-60.091054, 55.188422], [-60.175933, 55.123969], [-60.187896, 55.099066], [-60.216868, 55.105577], [-60.252268, 55.086534], [-60.284291, 55.054796], [-60.297109, 55.023383], [-60.201405, 55.08751], [-60.0985, 55.140082], [-60.040435, 55.218573], [-60.016225, 55.226915], [-60.022817, 55.235582], [-60.0, 55.24241290860134], [-60.0, 53.78033629713869], [-60.001576, 53.780097], [-60.06371, 53.762071], [-60.13268, 53.783149], [-60.078033, 53.737372], [-60.016591, 53.714301], [-60.016591, 53.708075], [-60.069203, 53.709296], [-60.094146, 53.700385], [-60.104726, 53.676459], [-60.112172, 53.617784], [-60.071034, 53.566474], [-60.074086, 53.554551], [-60.111643, 53.546617], [-60.136098, 53.529364], [-60.149159, 53.555732], [-60.229888, 53.574897], [-60.338735, 53.625556], [-60.388539, 53.667914], [-60.43871, 53.677191], [-60.502553, 53.708075], [-60.691274, 53.738511], [-60.821278, 53.779731], [-60.859446, 53.83515], [-60.879303, 53.831], [-60.863515, 53.815416], [-60.869252, 53.775702], [-60.883046, 53.758653], [-60.934316, 53.728258], [-60.920277, 53.714301], [-60.899973, 53.710924], [-60.835276, 53.727973], [-60.722279, 53.708075], [-60.636708, 53.703843], [-60.441151, 53.646064], [-60.410797, 53.621812], [-60.356313, 53.607245], [-60.275746, 53.561998], [-60.181508, 53.541002], [-60.101633, 53.502021], [-60.06371, 53.508857], [-60.041737, 53.48017], [-60.037099, 53.439927], [-60.081207, 53.459703], [-60.13268, 53.461046], [-60.20165, 53.440253], [-60.285471, 53.397203], [-60.345204, 53.382392], [-60.365387, 53.351793], [-60.397084, 53.370103], [-60.412262, 53.357978], [-60.40982, 53.34809], [-60.381744, 53.336982], [-60.204742, 53.35456], [-60.187896, 53.351793], [-60.181264, 53.336371], [-60.276031, 53.296576], [-60.420644, 53.275458], [-60.420644, 53.268622], [-60.302113, 53.271796], [-60.247629, 53.279975], [-60.169993, 53.305487], [-60.128977, 53.275458], [-60.103261, 53.283149], [-60.091054, 53.30622], [-60.13976, 53.31566], [-60.153147, 53.32392], [-60.142649, 53.333686], [-60.029042, 53.3581], [-60.0, 53.38114049546474], [-60.0, 50.25401742033932], [-60.016754, 50.244696], [-60.039418, 50.243232], [-60.06371, 50.253974], [-60.0985, 50.240302], [-60.134877, 50.212999], [-60.140126, 50.215522], [-60.13268, 50.232856], [-60.173655, 50.232856], [-60.155507, 50.2508], [-60.153472, 50.288398], [-60.176991, 50.287462], [-60.199045, 50.275743], [-60.24649, 50.234687], [-60.269846, 50.240302], [-60.248769, 50.253974], [-60.235015, 50.274482], [-60.263295, 50.270941], [-60.276031, 50.294908], [-60.285878, 50.28498], [-60.285715, 50.253282], [-60.293691, 50.246527], [-60.349843, 50.253241], [-60.365387, 50.246527], [-60.354115, 50.233588], [-60.365387, 50.22602], [-60.382069, 50.243109], [-60.409088, 50.254584], [-60.438385, 50.241807], [-60.447336, 50.246527], [-60.441151, 50.26081], [-60.499176, 50.253974], [-60.540435, 50.22602], [-60.599924, 50.216376], [-60.62206, 50.223009], [-60.618642, 50.253974], [-60.667063, 50.22602], [-60.722279, 50.22602], [-60.714833, 50.240302], [-60.736236, 50.240343], [-60.794057, 50.204657], [-60.821278, 50.222235], [-60.838368, 50.219794], [-60.831125, 50.23725], [-60.815541, 50.248969], [-60.776926, 50.26081], [-60.802642, 50.267076], [-60.835561, 50.256334], [-60.93456, 50.199327], [-60.955068, 50.219794], [-60.98233, 50.212388], [-61.026112, 50.22724], [-61.048695, 50.221747], [-61.050649, 50.205552], [-61.078521, 50.212388], [-61.105865, 50.205552], [-61.119537, 50.192491], [-61.160634, 50.201728], [-61.153066, 50.185045], [-61.225413, 50.205552], [-61.31135, 50.199327], [-61.427724, 50.168647], [-61.506256, 50.158149], [-61.585032, 50.129991], [-61.717885, 50.100043], [-61.784291, 50.103135], [-61.784291, 50.109931], [-61.595611, 50.158393], [-61.581654, 50.163764], [-61.57608, 50.187364], [-61.592519, 50.192491], [-61.610911, 50.174506], [-61.776763, 50.134141], [-61.804799, 50.14411], [-61.796742, 50.172065], [-61.863189, 50.23017], [-61.961578, 50.241278], [-61.982737, 50.230536], [-62.023915, 50.22602], [-62.133778, 50.240302], [-62.212473, 50.241767], [-62.280507, 50.263373], [-62.326975, 50.289171], [-62.383616, 50.277899], [-62.390289, 50.294501], [-62.412424, 50.290595], [-62.434804, 50.267646], [-62.450551, 50.265489], [-62.479482, 50.281236], [-62.595693, 50.277289], [-62.750722, 50.287462], [-62.750722, 50.294908], [-62.709137, 50.30919], [-62.709137, 50.315416], [-62.778066, 50.30268], [-62.791656, 50.30919], [-62.798655, 50.299018], [-62.832631, 50.287462], [-62.852447, 50.294257], [-62.959625, 50.288194], [-62.993072, 50.313422], [-63.017649, 50.315416], [-63.052398, 50.287462], [-63.110422, 50.294908], [-63.176666, 50.290147], [-63.16161, 50.26081], [-63.20287, 50.245103], [-63.25064, 50.240302], [-63.334788, 50.250312], [-63.360219, 50.246527], [-63.395009, 50.219794], [-63.420644, 50.21898], [-63.442209, 50.222886], [-63.447906, 50.242133], [-63.485015, 50.263536], [-63.536285, 50.266832], [-63.603505, 50.253974], [-63.637685, 50.274482], [-63.682362, 50.274482], [-63.709625, 50.301744], [-63.767974, 50.301744], [-63.80899, 50.315416], [-63.989166, 50.306952], [-64.095855, 50.29088], [-64.144765, 50.267646], [-64.247467, 50.270697], [-64.348622, 50.288031], [-64.389963, 50.310045], [-64.445424, 50.322943], [-64.470041, 50.322252], [-64.532623, 50.298407], [-64.629384, 50.284044], [-64.87682, 50.27265], [-64.916005, 50.288275], [-65.033803, 50.284166], [-65.151031, 50.298896], [-65.191314, 50.287299], [-65.25829, 50.322252], [-65.299916, 50.30919], [-65.456899, 50.301744], [-65.531606, 50.284125], [-65.737172, 50.257432], [-65.83849, 50.260484], [-65.929189, 50.292833], [-65.964223, 50.293199], [-65.995025, 50.277899], [-66.046539, 50.22602], [-66.079172, 50.222276], [-66.087758, 50.230333], [-66.080719, 50.246527], [-66.103383, 50.244086], [-66.105214, 50.228013], [-66.087514, 50.192491], [-66.161855, 50.195787], [-66.21288, 50.217719], [-66.252024, 50.219794], [-66.357045, 50.201402], [-66.409413, 50.22248], [-66.404449, 50.236274], [-66.413075, 50.264228], [-66.429555, 50.273139], [-66.46817, 50.2685], [-66.529286, 50.230333], [-66.54955, 50.19831], [-66.512074, 50.164618], [-66.445139, 50.175889], [-66.430165, 50.172065], [-66.434885, 50.157538], [-66.466135, 50.142686], [-66.497385, 50.146308], [-66.533193, 50.158393], [-66.574127, 50.158393], [-66.63561, 50.185045], [-66.634348, 50.165961], [-66.622548, 50.150946], [-66.665924, 50.134752], [-66.70108, 50.106553], [-66.74592, 50.053656], [-66.813954, 50.027533], [-66.912099, 50.011298], [-66.92973900337864, 50.0], [-80.0, 50.0], [-80.0, 51.257258335219376], [-79.985992, 51.255113]]], [[[-60.752838, 55.918443], [-60.687571, 55.92829], [-60.708974, 55.903957], [-60.744944, 55.886908], [-60.865142, 55.865871], [-60.889272, 55.86579], [-60.89981, 55.876776], [-60.888905, 55.885891], [-60.81786, 55.886705], [-60.81786, 55.89289], [-60.869781, 55.907782], [-60.879303, 55.920844], [-60.874013, 55.947821], [-60.85204, 55.961859], [-60.802724, 55.946234], [-60.742177, 55.948188], [-60.752838, 55.918443]]], [[[-61.009674, 56.037543], [-60.940663, 56.018948], [-60.955068, 56.010199], [-61.002756, 56.009914], [-61.174143, 56.032416], [-61.21703, 56.057929], [-61.231313, 56.080146], [-61.23233, 56.099799], [-61.208323, 56.106431], [-61.215728, 56.09219], [-61.200673, 56.083075], [-61.14684, 56.09219], [-61.161448, 56.104926], [-61.18102, 56.09219], [-61.188385, 56.107856], [-61.133778, 56.119452], [-61.133127, 56.149156], [-61.103831, 56.156928], [-61.098459, 56.174709], [-61.043813, 56.161078], [-61.043813, 56.153632], [-61.065053, 56.144965], [-61.065582, 56.134955], [-61.053578, 56.1258], [-60.961415, 56.104804], [-60.940785, 56.09219], [-60.953847, 56.089545], [-60.976796, 56.058336], [-61.009674, 56.043769], [-61.009674, 56.037543]]], [[[-61.421946, 56.363105], [-61.452992, 56.357367], [-61.462148, 56.345404], [-61.413726, 56.332343], [-61.413726, 56.325588], [-61.475901, 56.318793], [-61.596995, 56.333238], [-61.70873, 56.363267], [-61.756418, 56.400621], [-61.797353, 56.414293], [-61.797353, 56.421129], [-61.577016, 56.392971], [-61.482493, 56.408393], [-61.462148, 56.400621], [-61.462148, 56.408108], [-61.413726, 56.373358], [-61.421946, 56.363105]]], [[[-61.166005, 56.454779], [-61.14684, 56.442206], [-61.379221, 56.452216], [-61.488881, 56.46955], [-61.475209, 56.455268], [-61.49942, 56.441962], [-61.541575, 56.469428], [-61.633453, 56.46955], [-61.633453, 56.475735], [-61.619781, 56.475735], [-61.619781, 56.483222], [-61.639638, 56.496894], [-61.450917, 56.478217], [-61.428049, 56.483222], [-61.427113, 56.492499], [-61.454091, 56.498847], [-61.633453, 56.510484], [-61.622141, 56.523871], [-61.571401, 56.524156], [-61.60554, 56.558295], [-61.46231, 56.550035], [-61.413726, 56.530341], [-61.330149, 56.515326], [-61.31135, 56.496894], [-61.366567, 56.483222], [-61.366567, 56.475735], [-61.325592, 56.46955], [-61.299143, 56.481594], [-61.226633, 56.486762], [-61.167348, 56.475735], [-61.216176, 56.465399], [-61.228831, 56.455268], [-61.166005, 56.454779]]], [[[-61.234975, 56.612942], [-61.234975, 56.626532], [-61.200063, 56.644273], [-61.186431, 56.662055], [-61.133778, 56.661322], [-61.133778, 56.667548], [-61.162831, 56.675971], [-61.164906, 56.69184], [-61.082021, 56.677924], [-61.085439, 56.661322], [-61.071156, 56.661322], [-61.105865, 56.626532], [-61.057485, 56.633979], [-61.057485, 56.626532], [-61.105865, 56.612942], [-61.152455, 56.610256], [-61.200673, 56.584377], [-61.215728, 56.585639], [-61.234975, 56.612942]]], [[[-61.634429, 56.852484], [-61.60554, 56.887274], [-61.527008, 56.91413], [-61.519887, 56.948717], [-61.478831, 56.957668], [-61.411855, 56.929145], [-61.362945, 56.939887], [-61.338694, 56.935045], [-61.40689, 56.879828], [-61.377675, 56.874945], [-61.352284, 56.859931], [-61.370758, 56.847073], [-61.432729, 56.822252], [-61.455312, 56.825832], [-61.44518, 56.833319], [-61.454579, 56.844062], [-61.48233, 56.843492], [-61.503, 56.829169], [-61.495676, 56.821479], [-61.51061, 56.802191], [-61.560658, 56.789781], [-61.584706, 56.771674], [-61.578847, 56.756903], [-61.564687, 56.753974], [-61.485748, 56.791083], [-61.384389, 56.772162], [-61.375478, 56.757554], [-61.372792, 56.692084], [-61.377512, 56.677965], [-61.40689, 56.667548], [-61.403798, 56.65766], [-61.382476, 56.644965], [-61.379628, 56.633979], [-61.388417, 56.623236], [-61.453521, 56.626044], [-61.509918, 56.667548], [-61.561147, 56.685492], [-61.575307, 56.70425], [-61.601715, 56.714097], [-61.625722, 56.735907], [-61.647125, 56.736477], [-61.624135, 56.79682], [-61.621693, 56.830959], [-61.634429, 56.852484]]], [[[-61.647288, 57.40058], [-61.682769, 57.399563], [-61.848948, 57.415107], [-61.890736, 57.427558], [-61.90038, 57.448961], [-61.798207, 57.483832], [-61.742096, 57.534857], [-61.679351, 57.537543], [-61.659332, 57.533026], [-61.633453, 57.511054], [-61.694936, 57.497463], [-61.647125, 57.489936], [-61.647125, 57.4831], [-61.680653, 57.462633], [-61.790842, 57.459418], [-61.825266, 57.435289], [-61.797597, 57.428778], [-61.76887, 57.443915], [-61.750315, 57.444973], [-61.666819, 57.435492], [-61.612945, 57.421698], [-61.612945, 57.415473], [-61.647288, 57.40058]]], [[[-61.792714, 57.556627], [-61.779897, 57.536119], [-61.793935, 57.50731], [-61.929067, 57.456122], [-62.017079, 57.51789], [-62.0183, 57.547309], [-61.99828, 57.572699], [-61.967112, 57.589423], [-61.93517, 57.592963], [-61.955149, 57.559027], [-61.941314, 57.552069], [-61.926137, 57.556138], [-61.894154, 57.592963], [-61.85261, 57.586127], [-61.792714, 57.556627]]], [[[-61.884511, 57.786322], [-61.800404, 57.844916], [-61.749501, 57.839423], [-61.726715, 57.824042], [-61.71939, 57.834784], [-61.694936, 57.833197], [-61.722808, 57.784817], [-61.654124, 57.789984], [-61.660308, 57.769599], [-61.6881, 57.750637], [-61.667592, 57.750637], [-61.677968, 57.727932], [-61.745188, 57.713039], [-61.822174, 57.757636], [-61.830312, 57.783026], [-61.854115, 57.777167], [-61.877512, 57.755764], [-61.90038, 57.764309], [-61.884511, 57.786322]]], [[[-61.959828, 57.789537], [-62.054311, 57.833197], [-62.092152, 57.815863], [-62.105784, 57.838568], [-62.041168, 57.894029], [-62.011301, 57.909247], [-61.931386, 57.915107], [-61.921051, 57.90941], [-61.941314, 57.874172], [-61.886708, 57.874172], [-61.871734, 57.848456], [-61.891713, 57.815009], [-61.959828, 57.789537]]], [[[-69.064966, 59.094661], [-69.061311, 59.076581], [-69.102027, 59.066317], [-69.081801, 59.061406], [-69.146824, 59.037981], [-69.177968, 59.011298], [-69.217193, 58.994452], [-69.231516, 58.980658], [-69.218902, 58.963446], [-69.23766, 58.954169], [-69.294586, 58.983954], [-69.304189, 58.963568], [-69.322092, 58.950751], [-69.343617, 58.949408], [-69.363515, 58.963446], [-69.322581, 59.005072], [-69.322581, 59.028957], [-69.304189, 59.041938], [-69.286244, 59.06981], [-69.354156, 59.14057], [-69.294586, 59.151842], [-69.234975, 59.153062], [-69.165888, 59.145193], [-69.151944, 59.134724], [-69.114335, 59.1422], [-69.064966, 59.094661]]], [[[-64.058827, 59.785386], [-63.985707, 59.770941], [-63.96288, 59.751776], [-64.000803, 59.723822], [-64.052113, 59.723456], [-64.124094, 59.699897], [-64.169057, 59.71015], [-64.141672, 59.723822], [-64.19164, 59.733588], [-64.203114, 59.74494], [-64.182607, 59.772203], [-64.127431, 59.758612], [-64.137847, 59.776313], [-64.155344, 59.786526], [-64.13036, 59.842027], [-64.101918, 59.862982], [-64.059193, 59.863756], [-64.045481, 59.854193], [-64.059722, 59.841132], [-64.03185, 59.805732], [-64.078969, 59.799547], [-64.058827, 59.785386]]], [[[-73.005483, 66.779202], [-73.005808, 66.817694], [-72.965403, 66.866645], [-72.878529, 66.926947], [-72.885976, 66.933092], [-72.861928, 66.952135], [-72.828359, 67.018134], [-72.803456, 67.042955], [-72.738474, 67.068305], [-72.671498, 67.080268], [-72.476674, 67.087633], [-72.350901, 67.119452], [-72.280832, 67.169176], [-72.275217, 67.180121], [-72.282664, 67.221137], [-72.269032, 67.244208], [-72.245717, 67.259589], [-72.193349, 67.275702], [-72.314198, 67.305894], [-72.369822, 67.330797], [-72.357167, 67.365058], [-72.427805, 67.440619], [-72.433542, 67.475002], [-72.508005, 67.502265], [-72.436106, 67.53148], [-72.426096, 67.54328], [-72.431467, 67.553534], [-72.46703, 67.563707], [-72.494985, 67.597886], [-72.482045, 67.61758], [-72.496449, 67.630439], [-72.523874, 67.637397], [-72.59142, 67.639472], [-72.61262, 67.664252], [-72.662953, 67.684801], [-72.6728, 67.702582], [-72.666249, 67.721991], [-72.596547, 67.745185], [-72.591176, 67.75552], [-72.608225, 67.786282], [-72.63154, 67.803127], [-72.690785, 67.821357], [-72.736684, 67.850043], [-72.741038, 67.856269], [-72.734568, 67.865424], [-72.763743, 67.880439], [-72.837595, 67.851142], [-72.857411, 67.860541], [-72.889353, 67.895941], [-72.913319, 67.906317], [-72.878529, 67.934272], [-72.94404, 67.932278], [-72.940012, 67.947943], [-72.905873, 67.961005], [-72.913319, 67.995103], [-72.899037, 68.023017], [-72.916331, 68.033596], [-72.913319, 68.057196], [-72.975413, 68.139838], [-72.988393, 68.173285], [-72.994618, 68.235907], [-73.01891, 68.243598], [-73.04365, 68.235907], [-73.037424, 68.211615], [-73.051829, 68.202948], [-73.117299, 68.232082], [-73.149526, 68.217271], [-73.177113, 68.242133], [-73.214833, 68.236314], [-73.228017, 68.242133], [-73.197255, 68.254462], [-73.200266, 68.275295], [-73.213979, 68.278022], [-73.30309, 68.290595], [-73.338083, 68.27265], [-73.323354, 68.266669], [-73.32844, 68.260199], [-73.36384, 68.248236], [-73.386586, 68.252753], [-73.417795, 68.272162], [-73.494944, 68.276923], [-73.461781, 68.292141], [-73.423818, 68.29678], [-73.405751, 68.320258], [-73.342112, 68.320543], [-73.299672, 68.331529], [-73.292063, 68.335883], [-73.293406, 68.345526], [-73.317372, 68.358832], [-73.298899, 68.374945], [-73.213735, 68.379299], [-73.279124, 68.399726], [-73.317372, 68.399807], [-73.296254, 68.385565], [-73.351267, 68.375637], [-73.358347, 68.361965], [-73.35554, 68.335273], [-73.465321, 68.333197], [-73.481882, 68.324042], [-73.46821, 68.317857], [-73.535959, 68.287909], [-73.611562, 68.276923], [-73.611562, 68.269477], [-73.591746, 68.255805], [-73.619089, 68.249579], [-73.687937, 68.276923], [-73.638905, 68.29678], [-73.596873, 68.292914], [-73.584299, 68.304185], [-73.728017, 68.313666], [-73.844431, 68.349595], [-73.886545, 68.389594], [-73.947377, 68.413479], [-73.893178, 68.446234], [-73.878733, 68.48428], [-73.860951, 68.498196], [-73.738637, 68.519232], [-73.728871, 68.540351], [-73.817006, 68.571112], [-73.758412, 68.58161], [-73.721506, 68.61579], [-73.735666, 68.62637], [-73.824534, 68.619534], [-73.824534, 68.625718], [-73.73408, 68.64647], [-73.707753, 68.660468], [-73.79658, 68.666693], [-73.755605, 68.687201], [-73.840159, 68.69595], [-73.888295, 68.714016], [-73.982126, 68.707668], [-74.006703, 68.730292], [-74.037668, 68.721259], [-74.087961, 68.721991], [-74.13915, 68.735582], [-74.187571, 68.729397], [-74.159739, 68.701402], [-74.098215, 68.693996], [-74.04365, 68.666693], [-74.045481, 68.655219], [-74.016306, 68.638739], [-74.023061, 68.632554], [-73.996775, 68.626939], [-73.940541, 68.584784], [-73.895212, 68.57099], [-73.885203, 68.554877], [-73.91218, 68.522406], [-73.985829, 68.495429], [-74.018137, 68.498481], [-74.024892, 68.507025], [-74.002634, 68.537014], [-74.149729, 68.530097], [-74.220041, 68.515815], [-74.22175, 68.530097], [-74.254343, 68.539862], [-74.372548, 68.543769], [-74.385569, 68.548041], [-74.403554, 68.571112], [-74.437611, 68.587551], [-74.504628, 68.599514], [-74.523183, 68.610826], [-74.537546, 68.665188], [-74.595896, 68.679389], [-74.720774, 68.735541], [-74.717763, 68.773912], [-74.618967, 68.784003], [-74.578603, 68.801337], [-74.55073, 68.824937], [-74.574452, 68.841864], [-74.613718, 68.850246], [-74.687245, 68.845445], [-74.68102, 68.831204], [-74.717397, 68.829535], [-74.749949, 68.817532], [-74.657908, 68.818834], [-74.632639, 68.8039], [-74.650014, 68.791409], [-74.825022, 68.776557], [-74.834828, 68.779731], [-74.834421, 68.79385], [-74.841501, 68.797065], [-74.8933, 68.797065], [-74.982737, 68.811265], [-74.953236, 68.821479], [-74.844919, 68.831204], [-74.852366, 68.838609], [-74.789377, 68.854315], [-74.721995, 68.858466], [-74.700632, 68.864936], [-74.684804, 68.879828], [-74.682485, 68.896064], [-74.701527, 68.906928], [-74.673573, 68.921129], [-74.703196, 68.937567], [-74.755116, 68.94009], [-74.897206, 68.914984], [-75.044138, 68.906928], [-74.844919, 68.940375], [-74.894276, 68.947659], [-75.001088, 68.927965], [-75.044138, 68.934231], [-74.859202, 68.968329], [-75.003367, 68.947455], [-75.023671, 68.954739], [-75.011342, 68.966986], [-74.940663, 68.997748], [-74.728831, 69.023627], [-74.804555, 68.995673], [-74.784739, 68.996405], [-74.725413, 69.009345], [-74.65746, 69.011461], [-74.640085, 69.023627], [-74.66804, 69.047593], [-74.727488, 69.054348], [-74.809071, 69.083319], [-74.937734, 69.05744], [-74.97057, 69.044094], [-74.998606, 69.020657], [-75.051584, 69.009345], [-75.039296, 68.995836], [-75.042714, 68.986151], [-75.071482, 68.975165], [-75.059885, 68.955227], [-75.116038, 68.892971], [-75.13915, 68.888739], [-75.201975, 68.896796], [-75.242747, 68.921129], [-75.297434, 68.934231], [-75.379954, 68.975165], [-75.440745, 69.016791], [-75.486399, 69.02204], [-75.530751, 69.009345], [-75.570424, 68.986518], [-75.563669, 68.970649], [-75.496653, 68.934231], [-75.548411, 68.905707], [-75.606516, 68.88581], [-75.732533, 68.862738], [-75.80602, 68.836493], [-75.934641, 68.824937], [-76.02363, 68.776557], [-76.325551, 68.698472], [-76.539011, 68.67475], [-76.624989, 68.682359], [-76.681508, 68.729397], [-76.673166, 68.765815], [-76.572947, 68.82095], [-76.537546, 68.852281], [-76.533803, 68.881415], [-76.591298, 68.884996], [-76.623484, 68.896389], [-76.644643, 68.916938], [-76.652211, 68.93183], [-76.626902, 68.968329], [-76.638539, 68.979804], [-76.638132, 69.015937], [-76.565419, 69.037258], [-76.422475, 69.059882], [-76.160715, 69.044908], [-76.086497, 69.013577], [-75.989858, 69.010891], [-75.890492, 69.047309], [-75.825673, 69.057318], [-75.811594, 69.083075], [-75.715403, 69.091864], [-75.620961, 69.087958], [-75.59557, 69.102118], [-75.606516, 69.136217], [-75.601064, 69.144843], [-75.571726, 69.15705], [-75.598582, 69.219224], [-75.59557, 69.229071], [-75.687449, 69.287055], [-75.806264, 69.327216], [-75.907541, 69.34512], [-75.962148, 69.373481], [-76.051015, 69.383734], [-76.168202, 69.414008], [-76.217152, 69.417385], [-76.359731, 69.400336], [-76.391306, 69.405341], [-76.428293, 69.454332], [-76.452138, 69.468899], [-76.602895, 69.528876], [-76.629587, 69.545966], [-76.634348, 69.571682], [-76.616282, 69.591986], [-76.552561, 69.613959], [-76.469553, 69.65762], [-76.451243, 69.660305], [-76.209788, 69.619452], [-76.229197, 69.6376], [-76.219797, 69.649726], [-76.181874, 69.667873], [-76.361277, 69.670844], [-76.386464, 69.676337], [-76.40156, 69.68773], [-76.39741, 69.696234], [-76.414662, 69.702297], [-76.447703, 69.692694], [-76.584543, 69.694648], [-76.62206, 69.688666], [-76.640574, 69.674058], [-76.543446, 69.675482], [-76.517039, 69.667873], [-76.552439, 69.63288], [-76.575266, 69.623481], [-76.643992, 69.62287], [-76.643992, 69.602688], [-76.681508, 69.571682], [-76.702992, 69.565009], [-76.835032, 69.575914], [-76.882151, 69.590725], [-76.885569, 69.597398], [-76.87328, 69.612616], [-76.818674, 69.633124], [-76.844838, 69.624579], [-76.90685, 69.621527], [-76.95283, 69.600043], [-76.983754, 69.597235], [-77.038401, 69.60578], [-77.049021, 69.630072], [-77.062327, 69.633124], [-77.135325, 69.628323], [-77.20287, 69.646715], [-77.180776, 69.674465], [-77.136667, 69.686184], [-77.045237, 69.68773], [-77.007395, 69.708808], [-76.973256, 69.694525], [-76.92101, 69.71483], [-76.901235, 69.715033], [-76.942209, 69.681545], [-76.873484, 69.687242], [-76.835398, 69.694648], [-76.794789, 69.72248], [-76.784535, 69.749823], [-76.816843, 69.758612], [-76.882639, 69.755316], [-76.901235, 69.777086], [-76.889109, 69.801703], [-76.795237, 69.808173], [-76.757273, 69.818671], [-76.776723, 69.836086], [-76.87328, 69.818671], [-77.072581, 69.818671], [-77.072581, 69.824897], [-77.01301, 69.846381], [-76.997426, 69.859687], [-77.05012, 69.857571], [-77.099843, 69.845404], [-77.150461, 69.818183], [-77.197947, 69.832709], [-77.312815, 69.841986], [-77.292551, 69.867743], [-77.117787, 69.907782], [-77.013661, 69.919745], [-76.976389, 69.942206], [-77.066477, 69.936225], [-77.257395, 69.893012], [-77.304514, 69.892279], [-77.354237, 69.873928], [-77.490915, 69.862738], [-77.509958, 69.844916], [-77.634267, 69.824897], [-77.589467, 69.819525], [-77.518992, 69.832099], [-77.504587, 69.824897], [-77.517568, 69.818671], [-77.442454, 69.790758], [-77.517568, 69.797593], [-77.517934, 69.773017], [-77.545766, 69.754096], [-77.614369, 69.742987], [-77.63976, 69.75788], [-77.682688, 69.824897], [-77.668202, 69.854804], [-77.670969, 69.899482], [-77.697703, 69.994452], [-77.6952732256372, 70.0], [-69.82298328062772, 70.0], [-69.81489, 69.992011], [-69.832224, 69.98314], [-70.0006, 69.996243], [-70.144399, 69.96955], [-70.223582, 69.945624], [-70.219553, 69.920478], [-70.241526, 69.907294], [-70.342722, 69.888373], [-70.384633, 69.865871], [-70.446034, 69.863511], [-70.472768, 69.845404], [-70.37092, 69.844306], [-70.336252, 69.852851], [-70.089792, 69.955756], [-70.053334, 69.964097], [-69.933176, 69.968655], [-69.876332, 69.951565], [-69.758494, 69.972886], [-69.74116, 69.985541], [-69.740488907173, 70.0], [-68.97759976327349, 70.0], [-69.122263, 69.975043], [-69.248891, 69.91177], [-69.285471, 69.902533], [-69.374582, 69.842922], [-69.408193, 69.82925], [-69.480295, 69.818671], [-69.710561, 69.844631], [-69.788157, 69.832343], [-69.860178, 69.794176], [-69.890574, 69.736151], [-69.957712, 69.70307], [-69.99116, 69.677436], [-70.007883, 69.626288], [-69.982045, 69.617825], [-69.935536, 69.674058], [-69.903879, 69.680976], [-69.830027, 69.720649], [-69.808665, 69.742987], [-69.814076, 69.772854], [-69.746897, 69.804389], [-69.603017, 69.811591], [-69.503855, 69.7862], [-69.390614, 69.783881], [-69.366689, 69.790229], [-69.211659, 69.887681], [-69.161122, 69.896796], [-69.102895, 69.920478], [-68.928171, 69.955268], [-68.779408, 69.951646], [-68.705881, 69.934027], [-68.695139, 69.935696], [-68.691396, 69.948391], [-68.649159, 69.942857], [-68.636179, 69.948391], [-68.664133, 69.955268], [-68.657541, 69.974351], [-68.671498, 69.98314], [-68.61205, 69.992336], [-68.59866940563323, 70.0], [-67.34191715627686, 70.0], [-67.34142, 69.999661], [-67.225331, 69.948391], [-67.216746, 69.9265], [-67.216746, 69.87995], [-67.207957, 69.862738], [-67.162465, 69.825507], [-67.151967, 69.805487], [-67.170115, 69.790758], [-67.115468, 69.728664], [-67.346913, 69.71662], [-67.554758, 69.74022], [-67.747182, 69.78262], [-68.013051, 69.776068], [-68.075063, 69.763414], [-68.123484, 69.736151], [-68.225453, 69.710028], [-68.253611, 69.667467], [-68.349192, 69.633124], [-68.548044, 69.633124], [-68.665598, 69.647773], [-68.726145, 69.646715], [-68.805898, 69.623481], [-68.965769, 69.599555], [-69.015859, 69.580634], [-69.145457, 69.565904], [-69.217519, 69.541002], [-69.260813, 69.534898], [-69.706248, 69.571682], [-69.790028, 69.566596], [-69.94579, 69.536851], [-70.006663, 69.543036], [-70.021555, 69.536851], [-70.017201, 69.526068], [-69.885691, 69.507148], [-69.763987, 69.544338], [-69.658152, 69.551174], [-69.290517, 69.508734], [-69.14387, 69.523261], [-69.098866, 69.536851], [-69.011952, 69.536607], [-68.953847, 69.567206], [-68.765574, 69.592434], [-68.587473, 69.59101], [-68.455149, 69.566962], [-68.397694, 69.547187], [-68.005116, 69.461982], [-67.917429, 69.454332], [-67.791493, 69.480536], [-67.592275, 69.48017], [-67.545888, 69.470771], [-67.22761, 69.464342], [-66.788035, 69.340033], [-66.738718, 69.301581], [-66.690867, 69.282864], [-66.671132, 69.26439], [-66.649363, 69.222154], [-66.654042, 69.199774], [-66.668772, 69.184556], [-66.742258, 69.136868], [-66.781931, 69.133124], [-66.977528, 69.176947], [-67.159413, 69.184516], [-67.204213, 69.174465], [-67.204213, 69.166938], [-67.184397, 69.153957], [-67.212473, 69.147935], [-67.355662, 69.192816], [-67.509511, 69.160834], [-67.678049, 69.177191], [-68.197947, 69.310981], [-68.345937, 69.298285], [-69.013539, 69.359361], [-69.207997, 69.301663], [-69.260569, 69.276801], [-69.235056, 69.264879], [-69.137074, 69.304145], [-68.952463, 69.338935], [-68.41686, 69.275702], [-68.21821, 69.284491], [-68.170644, 69.276801], [-68.082509, 69.219672], [-68.157297, 69.201117], [-68.223459, 69.212877], [-68.626332, 69.236518], [-68.784657, 69.215725], [-68.96406, 69.223456], [-68.883738, 69.203192], [-68.744211, 69.203355], [-68.676381, 69.213121], [-68.531931, 69.210598], [-68.507029, 69.201117], [-68.650461, 69.166938], [-68.705027, 69.139635], [-68.80309, 69.139635], [-68.921946, 69.120022], [-69.035512, 69.122016], [-69.069895, 69.113715], [-69.096059, 69.091864], [-69.051096, 69.091864], [-69.02717, 69.105536], [-68.924753, 69.105536], [-68.924753, 69.085028], [-68.967722, 69.011786], [-69.018259, 68.968411], [-68.979807, 68.974311], [-68.932607, 68.996161], [-68.931589, 69.023627], [-68.899851, 69.046332], [-68.890614, 69.072008], [-68.864084, 69.09162], [-68.767079, 69.111396], [-68.677113, 69.114447], [-68.63268, 69.139797], [-68.462961, 69.174058], [-68.373362, 69.179592], [-68.148183, 69.145331], [-67.735463, 69.040107], [-67.704457, 69.023627], [-67.741444, 69.012437], [-67.951527, 69.005683], [-67.978831, 68.995673], [-67.965199, 68.982001], [-68.000803, 68.971991], [-68.04304, 68.972235], [-68.240061, 69.005601], [-68.39448, 69.007025], [-68.467112, 68.99551], [-68.4853, 68.982001], [-68.533762, 68.988837], [-68.551218, 68.984076], [-68.546864, 68.964423], [-68.517893, 68.97248], [-68.30309, 68.985256], [-68.268748, 68.964545], [-68.163075, 68.947699], [-68.040273, 68.947903], [-68.054636, 68.927395], [-68.049631, 68.919135], [-68.088694, 68.906928], [-68.013621, 68.893256], [-67.972646, 68.865912], [-67.999013, 68.855902], [-68.129628, 68.869045], [-68.184316, 68.882717], [-68.492787, 68.899482], [-68.455759, 68.885077], [-68.275095, 68.875434], [-68.133168, 68.837226], [-67.927602, 68.811265], [-67.870676, 68.811225], [-67.855946, 68.8039], [-67.868967, 68.797065], [-67.845774, 68.789984], [-67.773386, 68.784003], [-67.819325, 68.772528], [-67.877756, 68.771186], [-68.400583, 68.845445], [-68.582509, 68.849921], [-68.609446, 68.845445], [-68.609446, 68.838609], [-68.509592, 68.816067], [-68.492787, 68.797065], [-68.60261, 68.8039], [-68.600331, 68.788153], [-68.619578, 68.7862], [-68.743031, 68.813666], [-68.79072, 68.802436], [-68.837107, 68.81623], [-68.88679, 68.811265], [-68.965769, 68.817532], [-69.06135, 68.852281], [-69.161204, 68.853827], [-69.302073, 68.882758], [-69.363474, 68.88109], [-69.397776, 68.858466], [-69.268544, 68.860338], [-69.203481, 68.852932], [-69.150706, 68.831204], [-69.350575, 68.834947], [-69.383494, 68.817532], [-68.959543, 68.797065], [-68.945994, 68.787177], [-68.959543, 68.762885], [-68.999867, 68.756049], [-68.999867, 68.748603], [-68.973459, 68.742499], [-68.875925, 68.768378], [-68.753407, 68.760403], [-68.664133, 68.742418], [-68.54719, 68.753079], [-68.496531, 68.733629], [-68.403391, 68.735582], [-68.211497, 68.715969], [-68.1433, 68.701402], [-68.121938, 68.688707], [-68.047719, 68.687201], [-68.047719, 68.680976], [-68.09553, 68.666693], [-68.09553, 68.67414], [-68.170644, 68.67414], [-68.094838, 68.659857], [-68.075063, 68.646186], [-68.105662, 68.630194], [-68.225575, 68.660468], [-68.360544, 68.62995], [-68.643992, 68.665351], [-68.767445, 68.652533], [-68.801218, 68.632554], [-68.801218, 68.619534], [-68.904286, 68.605211], [-68.797434, 68.592841], [-68.717641, 68.61522], [-68.684885, 68.632554], [-68.629954, 68.638739], [-68.48705, 68.622504], [-68.479115, 68.619534], [-68.476877, 68.605902], [-68.547841, 68.586737], [-68.71581, 68.582994], [-68.760325, 68.571112], [-68.458608, 68.564276], [-68.442576, 68.568549], [-68.421376, 68.594672], [-68.378529, 68.600979], [-68.216298, 68.588284], [-68.190378, 68.571112], [-68.1433, 68.578559], [-68.129465, 68.571682], [-68.129628, 68.550686], [-68.119496, 68.541002], [-68.023549, 68.543769], [-68.018178, 68.533271], [-68.002675, 68.528998], [-67.93342, 68.560045], [-67.917429, 68.550686], [-67.931223, 68.528225], [-67.916127, 68.504218], [-67.907582, 68.456122], [-67.958363, 68.399807], [-67.923451, 68.412502], [-67.896311, 68.433905], [-67.864858, 68.497748], [-67.868967, 68.537014], [-67.858957, 68.550238], [-67.814646, 68.537014], [-67.664133, 68.564683], [-67.621531, 68.558417], [-67.594187, 68.542914], [-67.519154, 68.549058], [-67.492258, 68.530097], [-67.537587, 68.511379], [-67.596059, 68.50552], [-67.629994, 68.493109], [-67.602122, 68.454413], [-67.622548, 68.399807], [-67.616526, 68.386908], [-67.606272, 68.384101], [-67.550771, 68.427883], [-67.550649, 68.456488], [-67.574778, 68.488593], [-67.548573, 68.492255], [-67.458689, 68.488593], [-67.419016, 68.49726], [-67.376169, 68.474921], [-67.374705, 68.492377], [-67.328684, 68.501451], [-67.307851, 68.495429], [-67.285959, 68.45897], [-67.273142, 68.454413], [-67.241689, 68.490871], [-67.221913, 68.478583], [-67.208119, 68.443793], [-67.190541, 68.433905], [-67.190541, 68.42772], [-67.31432, 68.429389], [-67.34142, 68.413479], [-67.124705, 68.413316], [-67.108632, 68.420233], [-67.09435, 68.454413], [-67.129099, 68.482367], [-67.063954, 68.474921], [-67.009348, 68.457831], [-66.988759, 68.443508], [-66.968699, 68.442043], [-66.863352, 68.466498], [-66.795033, 68.465725], [-66.663564, 68.440823], [-66.663564, 68.433905], [-66.728342, 68.428168], [-66.788035, 68.431545], [-66.803822, 68.423529], [-66.80016, 68.405992], [-66.893666, 68.422431], [-66.924306, 68.413479], [-66.919749, 68.393622], [-66.939524, 68.379299], [-67.02245, 68.361558], [-67.115468, 68.372504], [-67.184397, 68.393012], [-67.334706, 68.401842], [-67.372629, 68.392279], [-67.403147, 68.396959], [-67.417104, 68.393012], [-67.410268, 68.385565], [-67.443064, 68.376654], [-67.793894, 68.337714], [-67.855784, 68.314927], [-67.868967, 68.304185], [-67.876169, 68.283393], [-67.868845, 68.267727], [-67.851389, 68.261623], [-67.827992, 68.269477], [-67.818105, 68.29678], [-67.749338, 68.317694], [-67.647288, 68.318752], [-67.526967, 68.34455], [-67.535349, 68.332831], [-67.574778, 68.317857], [-67.582712, 68.303412], [-67.574778, 68.276923], [-67.594838, 68.264146], [-67.697703, 68.249579], [-67.697703, 68.242133], [-67.68224, 68.241523], [-67.561147, 68.255805], [-67.542551, 68.269965], [-67.533193, 68.290595], [-67.54304, 68.29678], [-67.536366, 68.308173], [-67.403513, 68.355129], [-67.356516, 68.357367], [-67.33141, 68.349595], [-67.335194, 68.324042], [-67.315053, 68.325263], [-67.258127, 68.357082], [-67.219797, 68.360663], [-67.032541, 68.326646], [-67.012441, 68.317857], [-67.065378, 68.306627], [-67.238962, 68.29678], [-67.22468, 68.285712], [-67.279164, 68.274115], [-67.317006, 68.255357], [-67.338002, 68.226386], [-67.327748, 68.186916], [-67.355784, 68.164008], [-67.385081, 68.154202], [-67.451527, 68.152777], [-67.564524, 68.175198], [-67.602122, 68.16706], [-67.562571, 68.153998], [-67.379709, 68.128811], [-67.315297, 68.156073], [-67.300404, 68.16706], [-67.307851, 68.173285], [-67.27477, 68.195258], [-67.29365, 68.242133], [-67.1197, 68.289781], [-67.065297, 68.296129], [-67.003733, 68.293647], [-66.976145, 68.278754], [-66.896799, 68.259101], [-66.788157, 68.249416], [-66.765981, 68.242133], [-66.779042, 68.21426], [-66.820668, 68.194322], [-66.844797, 68.161526], [-66.842763, 68.145209], [-66.827463, 68.13227], [-66.957509, 68.075019], [-66.970774, 68.060004], [-66.971425, 68.036689], [-66.944163, 68.016181], [-66.93163, 68.019843], [-66.924306, 68.05036], [-66.906606, 68.064683], [-66.820749, 68.102973], [-66.765085, 68.114936], [-66.738718, 68.139716], [-66.693186, 68.145453], [-66.677602, 68.133612], [-66.669789, 68.111802], [-66.684071, 68.101549], [-66.677235, 68.088202], [-66.677235, 68.05036], [-66.704294, 68.014594], [-66.738718, 67.988959], [-66.700876, 67.993598], [-66.667917, 68.008002], [-66.644521, 68.032375], [-66.629506, 68.107611], [-66.611399, 68.133979], [-66.58141, 68.148383], [-66.54011, 68.152777], [-66.313547, 68.129136], [-66.334096, 68.095933], [-66.382069, 68.087063], [-66.478017, 68.08511], [-66.478017, 68.077623], [-66.389231, 68.070868], [-66.299875, 68.091295], [-66.248362, 68.08511], [-66.240305, 68.081855], [-66.238393, 68.057196], [-66.227732, 68.04092], [-66.183176, 68.023017], [-66.183176, 68.016181], [-66.292348, 67.994289], [-66.32783, 67.975287], [-66.355295, 67.939765], [-66.409739, 67.899563], [-66.398061, 67.889472], [-66.413645, 67.869127], [-66.501088, 67.863105], [-66.695994, 67.889797], [-66.745554, 67.879096], [-66.571889, 67.852037], [-66.512685, 67.829739], [-66.423085, 67.835842], [-66.396718, 67.816962], [-66.403635, 67.79678], [-66.388661, 67.78148], [-66.367258, 67.782294], [-66.354482, 67.810126], [-66.369008, 67.841946], [-66.337636, 67.881049], [-66.341501, 67.906317], [-66.32079, 67.915839], [-66.279408, 67.961005], [-66.224802, 67.964667], [-66.191599, 67.980048], [-66.132151, 67.985907], [-66.018178, 68.027167], [-65.968129, 68.033149], [-65.955759, 68.042385], [-65.944203, 68.111802], [-65.96345, 68.145941], [-65.948842, 68.164944], [-65.928171, 68.164781], [-65.892405, 68.142808], [-65.867136, 68.110582], [-65.902659, 68.08511], [-65.86852, 68.091295], [-65.854807, 68.081], [-65.921986, 68.020901], [-66.032338, 67.961005], [-66.032338, 67.954779], [-65.944203, 67.899563], [-65.945872, 67.873725], [-66.005076, 67.816962], [-65.99885, 67.776028], [-66.032338, 67.728217], [-66.013295, 67.671698], [-66.026194, 67.653144], [-66.01179, 67.636623], [-65.9947, 67.636786], [-65.986521, 67.648627], [-65.99885, 67.666734], [-65.976389, 67.68183], [-65.950266, 67.727484], [-65.940256, 67.778876], [-65.95934, 67.817328], [-65.946034, 67.828803], [-65.891957, 67.847357], [-65.800242, 67.868801], [-65.79011, 67.889716], [-65.770579, 67.897691], [-65.767771, 67.909491], [-65.779124, 67.934272], [-65.827585, 67.968411], [-65.809641, 67.974921], [-65.758616, 67.968411], [-65.654734, 67.998114], [-65.451894, 67.998603], [-65.446848, 67.993883], [-65.454945, 67.949368], [-65.465281, 67.92772], [-65.52949, 67.838935], [-65.537913, 67.828803], [-65.613637, 67.799547], [-65.614451, 67.789455], [-65.601633, 67.769232], [-65.580271, 67.755683], [-65.465403, 67.723049], [-65.442494, 67.709784], [-65.409169, 67.67357], [-65.361155, 67.597886], [-65.331654, 67.600898], [-65.324941, 67.609442], [-65.38036, 67.718695], [-65.51769, 67.766262], [-65.544667, 67.779486], [-65.549509, 67.793036], [-65.497996, 67.816962], [-65.419423, 67.913764], [-65.375071, 67.934272], [-65.293162, 67.940497], [-65.181508, 67.967231], [-65.150095, 67.989488], [-65.183298, 68.016181], [-65.168202, 68.031155], [-65.106923, 68.023017], [-65.080271, 68.042914], [-65.025014, 68.057196], [-64.964792, 68.052436], [-64.850209, 68.017768], [-64.749705, 68.000718], [-64.719553, 67.985175], [-64.75886, 67.965399], [-64.888783, 67.940375], [-65.014272, 67.948554], [-65.066599, 67.934272], [-65.036733, 67.925442], [-64.972361, 67.924791], [-64.943064, 67.913764], [-65.045644, 67.851752], [-65.083689, 67.844916], [-65.108754, 67.866645], [-65.106923, 67.844916], [-65.149119, 67.796454], [-65.126536, 67.799709], [-65.075999, 67.825588], [-65.03954, 67.831244], [-65.019154, 67.818061], [-65.011952, 67.793036], [-65.019724, 67.783393], [-65.045481, 67.776679], [-65.039255, 67.762356], [-65.164052, 67.735541], [-65.200754, 67.696967], [-65.203114, 67.656195], [-65.194814, 67.643744], [-65.165598, 67.644232], [-65.169626, 67.659369], [-65.152943, 67.674506], [-65.138865, 67.707343], [-65.114369, 67.721991], [-65.037587, 67.730943], [-65.018788, 67.741889], [-65.018788, 67.762356], [-64.9499, 67.776028], [-64.913197, 67.794257], [-64.816111, 67.782864], [-64.806508, 67.748684], [-64.823679, 67.713528], [-64.834828, 67.70246], [-64.860544, 67.700263], [-64.860544, 67.694037], [-64.826365, 67.694159], [-64.795644, 67.698065], [-64.773427, 67.711005], [-64.752024, 67.801744], [-64.758738, 67.824408], [-64.740793, 67.829983], [-64.689809, 67.816962], [-64.65571, 67.831244], [-64.623972, 67.833319], [-64.503489, 67.806545], [-64.457712, 67.789252], [-64.457102, 67.762356], [-64.378651, 67.772366], [-64.367624, 67.758938], [-64.398752, 67.714545], [-64.544789, 67.702867], [-64.641428, 67.666734], [-64.374501, 67.700263], [-64.312449, 67.735053], [-64.289744, 67.729438], [-64.23408, 67.69595], [-64.216868, 67.680406], [-64.207346, 67.654242], [-64.222117, 67.636176], [-64.285146, 67.62519], [-64.227773, 67.614244], [-64.076283, 67.617825], [-64.077097, 67.589179], [-64.102976, 67.550849], [-64.041982, 67.536526], [-64.066029, 67.522773], [-64.100168, 67.522773], [-64.117543, 67.502265], [-64.24824, 67.469062], [-64.44343, 67.481147], [-64.326772, 67.453599], [-64.203196, 67.453843], [-64.097605, 67.466946], [-64.044871, 67.466864], [-63.997141, 67.453843], [-63.947581, 67.401557], [-63.941599, 67.361029], [-63.954294, 67.343207], [-64.004587, 67.331], [-63.920888, 67.318305], [-63.908396, 67.30683], [-63.923411, 67.295844], [-64.018259, 67.310492], [-64.762278, 67.362738], [-64.799672, 67.351467], [-64.360219, 67.303046], [-64.257273, 67.305487], [-64.23054, 67.29621], [-64.347239, 67.255276], [-64.392039, 67.25019], [-64.525339, 67.262112], [-64.788564, 67.221625], [-64.819529, 67.206855], [-64.772694, 67.19831], [-64.5749, 67.236396], [-64.297963, 67.23786], [-64.011708, 67.282457], [-63.962961, 67.275702], [-63.999623, 67.228949], [-64.021433, 67.212958], [-64.091379, 67.209052], [-64.146555, 67.222073], [-64.203196, 67.206855], [-64.60912, 67.140286], [-64.664499, 67.117092], [-64.696645, 67.08393], [-64.700388, 67.008857], [-64.658437, 67.006049], [-64.64509, 67.011908], [-64.628855, 67.026923], [-64.610911, 67.077582], [-64.596791, 67.094062], [-64.536, 67.129828], [-64.496531, 67.138617], [-64.347239, 67.145413], [-64.141713, 67.186957], [-63.961863, 67.187974], [-63.918568, 67.203762], [-63.888499, 67.241604], [-63.846913, 67.234768], [-63.785146, 67.241604], [-63.757883, 67.217719], [-63.743479, 67.217108], [-63.68928, 67.234768], [-63.567494, 67.244086], [-63.504872, 67.240668], [-63.449086, 67.227973], [-63.455881, 67.176703], [-63.539052, 67.111151], [-63.668528, 67.062323], [-63.737498, 67.047553], [-63.768056, 67.025946], [-63.800404, 66.992987], [-63.771189, 66.960395], [-63.767405, 67.003363], [-63.737009, 67.029283], [-63.674509, 67.052639], [-63.55073, 67.071194], [-63.492665, 67.09162], [-63.439443, 67.121283], [-63.398183, 67.156236], [-63.398508, 67.16828], [-63.421457, 67.196763], [-63.412099, 67.217719], [-63.296498, 67.30565], [-63.266225, 67.312567], [-63.203481, 67.298774], [-63.221303, 67.279975], [-63.291371, 67.255276], [-63.291371, 67.247748], [-63.22057, 67.257148], [-63.187205, 67.273342], [-63.167917, 67.29621], [-63.209462, 67.316718], [-63.163645, 67.337551], [-63.027577, 67.303046], [-63.002024, 67.287991], [-62.981272, 67.25495], [-62.976918, 67.221869], [-63.058665, 67.165839], [-63.250437, 67.13231], [-63.280832, 67.110826], [-63.28425, 67.098822], [-63.229929, 67.036811], [-63.223459, 67.016913], [-63.222849, 67.00023], [-63.236765, 66.974066], [-63.285024, 66.947455], [-63.469553, 66.926947], [-63.550649, 66.906806], [-63.565134, 66.892157], [-63.552113, 66.867987], [-63.555491, 66.856431], [-63.614573, 66.82982], [-63.709706, 66.823228], [-63.805979, 66.831529], [-63.819651, 66.817084], [-63.572255, 66.809556], [-63.528025, 66.818183], [-63.486928, 66.834133], [-63.477244, 66.846015], [-63.495554, 66.870998], [-63.486806, 66.905341], [-63.442454, 66.910834], [-63.423818, 66.880439], [-63.414662, 66.803656], [-63.455881, 66.707221], [-63.428456, 66.707831], [-63.413075, 66.711615], [-63.384226, 66.738511], [-63.33613, 66.806138], [-63.32844, 66.837958], [-63.345896, 66.86815], [-63.34907, 66.890692], [-63.203318, 66.909084], [-63.12975, 66.937974], [-62.999094, 66.948798], [-62.976064, 66.967841], [-62.865305, 66.969143], [-62.838938, 66.960395], [-62.842966, 66.916897], [-62.825917, 66.864203], [-62.822743, 66.801459], [-62.86677, 66.738837], [-62.8662, 66.707221], [-62.860056, 66.707221], [-62.911814, 66.654771], [-62.901601, 66.638251], [-62.822825, 66.683295], [-62.832712, 66.720852], [-62.805979, 66.739569], [-62.78718, 66.767768], [-62.750193, 66.788031], [-62.743357, 66.813381], [-62.774403, 66.841254], [-62.77595, 66.850775], [-62.750803, 66.878485], [-62.771311, 66.912584], [-62.74706, 66.943061], [-62.730173, 66.950263], [-62.606801, 66.953559], [-62.555247, 66.938463], [-62.513987, 66.909166], [-62.496938, 66.844957], [-62.411733, 66.817857], [-62.400706, 66.786038], [-62.31135, 66.727688], [-62.291982, 66.75849], [-62.298899, 66.776597], [-62.339223, 66.796576], [-62.380238, 66.837551], [-62.426707, 66.849758], [-62.421213, 66.864203], [-62.441721, 66.899604], [-62.421213, 66.912584], [-62.425038, 66.928209], [-62.284006, 66.946112], [-62.272043, 66.960842], [-62.275706, 66.980862], [-62.298289, 67.022528], [-62.271189, 67.047187], [-62.212026, 67.043687], [-62.140696, 67.06151], [-62.090037, 67.05976], [-62.004099, 67.036811], [-62.047597, 66.998358], [-62.06489, 66.946112], [-62.105906, 66.91942], [-62.058176, 66.908515], [-62.017161, 66.912584], [-61.956003, 66.963039], [-61.906321, 66.976142], [-61.838979, 66.974066], [-61.866282, 66.946112], [-61.845815, 66.937242], [-61.776926, 66.953559], [-61.753611, 66.951239], [-61.739247, 66.944566], [-61.736073, 66.93301], [-61.746531, 66.916083], [-61.797109, 66.893744], [-61.931345, 66.905341], [-61.989491, 66.895901], [-62.00829, 66.880072], [-61.999623, 66.872056], [-61.978342, 66.872626], [-61.935618, 66.891588], [-61.75593, 66.881659], [-61.700632, 66.893866], [-61.60558, 66.871649], [-61.627431, 66.846015], [-61.65864, 66.834133], [-61.729726, 66.830715], [-61.662831, 66.811184], [-61.50593, 66.804999], [-61.447947, 66.768622], [-61.469065, 66.761786], [-61.407419, 66.747504], [-61.301137, 66.67772], [-61.276438, 66.654242], [-61.267527, 66.631578], [-61.290273, 66.618394], [-61.270457, 66.604804], [-61.280955, 66.599555], [-61.359202, 66.57685], [-61.413808, 66.57685], [-61.438222, 66.546536], [-61.598826, 66.556342], [-61.615468, 66.565823], [-61.645823, 66.607978], [-61.734446, 66.646715], [-61.866282, 66.658759], [-61.999257, 66.698879], [-62.031361, 66.686713], [-62.017039, 66.672268], [-62.049753, 66.649482], [-62.188425, 66.632066], [-62.188425, 66.62523], [-62.089101, 66.609036], [-62.035105, 66.63996], [-62.004994, 66.648261], [-61.821523, 66.628648], [-61.667714, 66.525784], [-61.591054, 66.497952], [-61.582021, 66.477851], [-61.647206, 66.46015], [-61.72289, 66.46015], [-61.777537, 66.432807], [-61.838612, 66.446479], [-61.87682, 66.446479], [-61.900461, 66.432807], [-61.989817, 66.419176], [-61.989817, 66.41234], [-61.959299, 66.404486], [-61.866282, 66.419176], [-61.564646, 66.419176], [-61.549428, 66.416449], [-61.523671, 66.391832], [-61.462229, 66.371405], [-61.564646, 66.344062], [-61.619862, 66.350287], [-61.660837, 66.33039], [-61.690134, 66.329576], [-61.753896, 66.341742], [-61.784373, 66.337226], [-61.850046, 66.294989], [-61.93456, 66.289455], [-62.082265, 66.33039], [-62.126414, 66.316799], [-62.195261, 66.316799], [-62.211659, 66.323717], [-62.236887, 66.371405], [-62.219553, 66.397162], [-62.25178, 66.407375], [-62.626658, 66.440253], [-62.606313, 66.408393], [-62.626943, 66.405504], [-62.694285, 66.418036], [-62.716013, 66.41234], [-62.653635, 66.390937], [-62.614735, 66.387397], [-62.566151, 66.406968], [-62.498972, 66.408108], [-62.475819, 66.399319], [-62.47057, 66.370022], [-62.318796, 66.303127], [-62.400706, 66.275214], [-62.479929, 66.266425], [-62.573801, 66.236762], [-62.664255, 66.219631], [-62.6881, 66.227362], [-62.691233, 66.236396], [-62.764394, 66.254706], [-62.757029, 66.268378], [-62.774119, 66.275214], [-62.784291, 66.289455], [-62.779368, 66.304511], [-62.81371, 66.328192], [-62.894154, 66.337226], [-62.894154, 66.33039], [-62.848948, 66.306871], [-62.812205, 66.275214], [-62.819651, 66.268378], [-62.801991, 66.24494], [-62.699045, 66.198147], [-62.662099, 66.199286], [-62.538523, 66.227362], [-62.45165, 66.19538], [-62.359731, 66.185777], [-62.356801, 66.168687], [-62.326487, 66.160712], [-62.137441, 66.154527], [-62.105906, 66.144843], [-62.170359, 66.120795], [-62.154286, 66.103909], [-62.128285, 66.098578], [-62.037587, 66.103909], [-62.037587, 66.097642], [-62.078562, 66.083441], [-62.010325, 66.075914], [-62.091786, 66.066107], [-62.113352, 66.056098], [-62.083608, 66.048285], [-61.992747, 66.050198], [-61.954213, 66.019761], [-62.055369, 66.018378], [-62.11144, 66.000434], [-62.1999, 66.010565], [-62.318796, 65.980943], [-62.410878, 66.023017], [-62.441111, 66.012641], [-62.528513, 66.03559], [-62.623525, 66.029446], [-62.708567, 66.050116], [-62.764394, 66.03559], [-62.785227, 66.037665], [-62.842641, 66.066636], [-62.879872, 66.131171], [-62.923655, 66.15119], [-62.972157, 66.150865], [-63.0655, 66.124335], [-63.047556, 66.117336], [-62.928293, 66.124335], [-62.897898, 66.097642], [-62.874094, 66.051011], [-62.822825, 66.021918], [-62.531687, 66.007636], [-62.477162, 65.972724], [-62.428904, 65.978705], [-62.409373, 65.967963], [-62.387074, 65.932563], [-62.456003, 65.925727], [-62.4204, 65.906887], [-62.359731, 65.912095], [-62.358266, 65.903754], [-62.374013, 65.891588], [-62.369578, 65.868109], [-62.291493, 65.822699], [-62.302113, 65.811713], [-62.352895, 65.815863], [-62.510325, 65.79328], [-62.538523, 65.802232], [-62.524851, 65.815863], [-62.53779, 65.818549], [-62.582468, 65.807807], [-62.644602, 65.810777], [-62.710398, 65.827541], [-62.742624, 65.853827], [-62.79247, 65.867011], [-62.805409, 65.891588], [-62.82551, 65.900824], [-62.870798, 65.908149], [-62.8662, 65.898383], [-62.873647, 65.884752], [-62.812205, 65.864325], [-62.825917, 65.843207], [-62.74177, 65.813625], [-62.698964, 65.815863], [-62.674875, 65.808498], [-62.571767, 65.7626], [-62.589101, 65.724026], [-62.602244, 65.723334], [-62.846384, 65.768704], [-62.819773, 65.732001], [-62.782297, 65.719428], [-62.6881, 65.713446], [-62.640736, 65.683783], [-62.598012, 65.674872], [-62.594187, 65.664008], [-62.618235, 65.621243], [-62.63561, 65.599555], [-62.657175, 65.588772], [-62.675038, 65.604193], [-62.653269, 65.630764], [-62.67516, 65.639065], [-62.710561, 65.634101], [-62.729075, 65.620998], [-62.730662, 65.593085], [-62.766957, 65.591254], [-62.819651, 65.610419], [-62.826405, 65.629136], [-62.850535, 65.633287], [-62.860056, 65.645209], [-62.876088, 65.723944], [-62.900583, 65.747748], [-62.932118, 65.760565], [-62.963083, 65.755072], [-62.914662, 65.724026], [-62.896555, 65.640815], [-62.959665, 65.589993], [-63.001332, 65.594062], [-63.013743, 65.63524], [-63.160105, 65.649237], [-63.168162, 65.644965], [-63.161692, 65.631537], [-63.196156, 65.633734], [-63.250437, 65.69302], [-63.329539, 65.7414], [-63.35204, 65.782294], [-63.432322, 65.846869], [-63.47643, 65.93358], [-63.510081, 65.93651], [-63.517934, 65.925727], [-63.510487, 65.925727], [-63.517934, 65.919582], [-63.514475, 65.897773], [-63.531606, 65.877916], [-63.483266, 65.849189], [-63.411936, 65.762681], [-63.367136, 65.733954], [-63.387644, 65.713446], [-63.346669, 65.672512], [-63.463328, 65.686184], [-63.579416, 65.679348], [-63.601918, 65.665595], [-63.623362, 65.67357], [-63.721425, 65.679267], [-63.689565, 65.655097], [-63.664255, 65.648912], [-63.586252, 65.65884], [-63.497507, 65.631537], [-63.384226, 65.638373], [-63.366567, 65.63349], [-63.318715, 65.596747], [-63.339833, 65.589993], [-63.332387, 65.57689], [-63.366648, 65.538316], [-63.480092, 65.52851], [-63.496531, 65.533433], [-63.56786, 65.591498], [-63.607371, 65.596747], [-63.607371, 65.589993], [-63.586863, 65.583157], [-63.589955, 65.570502], [-63.572581, 65.548977], [-63.620351, 65.548977], [-63.601796, 65.532457], [-63.542185, 65.521715], [-63.524159, 65.501166], [-63.530466, 65.485582], [-63.43928, 65.485582], [-63.291371, 65.439765], [-63.291371, 65.432318], [-63.352162, 65.439602], [-63.424143, 65.433743], [-63.571604, 65.474066], [-63.62739, 65.480292], [-63.6551, 65.467027], [-63.463328, 65.405585], [-63.387644, 65.398139], [-63.524159, 65.391913], [-63.524159, 65.385077], [-63.463328, 65.385077], [-63.463328, 65.377631], [-63.497507, 65.370836], [-63.373362, 65.32982], [-63.387644, 65.308783], [-63.339833, 65.302558], [-63.44225, 65.295722], [-63.456614, 65.284898], [-63.408681, 65.267768], [-63.363718, 65.275214], [-63.340647, 65.257473], [-63.43342, 65.250149], [-63.455881, 65.241156], [-63.434071, 65.232815], [-63.346913, 65.226874], [-63.323801, 65.221503], [-63.313303, 65.209784], [-63.317738, 65.198065], [-63.339548, 65.192694], [-63.373362, 65.206366], [-63.494578, 65.201483], [-63.517934, 65.192694], [-63.436025, 65.172187], [-63.483225, 65.165351], [-63.339833, 65.144924], [-63.355214, 65.126939], [-63.436025, 65.103949], [-63.423207, 65.100491], [-63.413808, 65.086127], [-63.367136, 65.069159], [-63.388661, 65.061957], [-63.463328, 65.062323], [-63.463328, 65.055487], [-63.387644, 65.049302], [-63.387644, 65.041897], [-63.405222, 65.032782], [-63.469553, 65.035061], [-63.455881, 65.007717], [-63.531606, 64.972968], [-63.504343, 64.959947], [-63.538442, 64.932603], [-63.524119, 64.903022], [-63.535024, 64.898505], [-63.6551, 64.918362], [-63.634592, 64.931138], [-63.661936, 64.945624], [-63.605173, 64.965481], [-63.602406, 64.994452], [-63.612742, 65.002875], [-63.62975, 65.004299], [-63.657338, 64.989407], [-63.756296, 64.965888], [-63.773508, 64.979438], [-63.825795, 64.98664], [-63.812205, 65.007717], [-63.825795, 65.007717], [-63.825795, 65.014594], [-63.764963, 65.014594], [-63.771189, 65.02143], [-63.743479, 65.030666], [-63.6551, 65.041897], [-63.719838, 65.05565], [-63.755198, 65.052802], [-63.807362, 65.029486], [-63.844106, 65.03144], [-63.870961, 65.044501], [-63.86677, 65.069159], [-63.885121, 65.086127], [-63.880442, 65.104071], [-63.802073, 65.164455], [-63.791575, 65.179348], [-63.809071, 65.185858], [-63.853871, 65.18358], [-63.873118, 65.174791], [-63.884755, 65.143134], [-63.90156, 65.144924], [-63.968861, 65.101386], [-64.017649, 65.103949], [-64.058542, 65.121324], [-64.073232, 65.120185], [-64.081899, 65.077338], [-64.091624, 65.06151], [-64.109731, 65.052314], [-64.153188, 65.055365], [-64.210642, 65.096503], [-64.19636, 65.110093], [-64.25947, 65.097642], [-64.278269, 65.103949], [-64.206899, 65.162299], [-64.178456, 65.176703], [-64.07905, 65.200141], [-64.07905, 65.206366], [-64.114695, 65.208319], [-64.227406, 65.200141], [-64.250437, 65.18183], [-64.293528, 65.171454], [-64.328236, 65.15119], [-64.34614, 65.175686], [-64.374338, 65.179267], [-64.392079, 65.216498], [-64.394521, 65.246894], [-64.388132, 65.260972], [-64.338206, 65.295478], [-64.350575, 65.302558], [-64.399973, 65.278998], [-64.40864, 65.288275], [-64.251658, 65.391913], [-64.264638, 65.405585], [-64.237375, 65.432318], [-64.282297, 65.43065], [-64.298044, 65.423], [-64.292592, 65.405585], [-64.347239, 65.385077], [-64.357004, 65.352729], [-64.421864, 65.336493], [-64.446116, 65.319525], [-64.477528, 65.28205], [-64.455759, 65.241523], [-64.462229, 65.206204], [-64.504832, 65.144924], [-64.557118, 65.093207], [-64.566355, 65.100246], [-64.573313, 65.12637], [-64.641428, 65.123765], [-64.641428, 65.131293], [-64.613474, 65.137437], [-64.639882, 65.157904], [-64.616933, 65.19245], [-64.641428, 65.192694], [-64.657419, 65.174872], [-64.730824, 65.159166], [-64.702463, 65.200019], [-64.682362, 65.206366], [-64.715688, 65.2272], [-64.691274, 65.242255], [-64.648874, 65.247301], [-64.648874, 65.254136], [-64.689158, 65.251899], [-64.704294, 65.256537], [-64.714711, 65.274319], [-64.736643, 65.276272], [-64.797353, 65.239651], [-64.831858, 65.243313], [-64.902089, 65.28205], [-64.854319, 65.28205], [-64.862864, 65.293118], [-64.908925, 65.302558], [-64.908925, 65.308783], [-64.819529, 65.32982], [-64.758738, 65.31623], [-64.682362, 65.343492], [-64.792226, 65.35102], [-64.891794, 65.336615], [-64.91511, 65.343492], [-64.750803, 65.392768], [-64.675893, 65.40058], [-64.607737, 65.430569], [-64.508616, 65.432318], [-64.458485, 65.421088], [-64.431833, 65.43769], [-64.40864, 65.480699], [-64.437978, 65.486151], [-64.451405, 65.478949], [-64.465159, 65.44953], [-64.507029, 65.440904], [-64.525339, 65.446519], [-64.497996, 65.453355], [-64.497996, 65.459621], [-64.617136, 65.453599], [-64.642079, 65.470649], [-64.676137, 65.446519], [-64.708689, 65.43537], [-64.812978, 65.418647], [-64.870595, 65.428168], [-64.955068, 65.407538], [-64.990305, 65.394599], [-64.983998, 65.377631], [-65.010203, 65.369371], [-65.072458, 65.388251], [-65.131825, 65.424994], [-65.149119, 65.448961], [-65.145579, 65.474189], [-65.169626, 65.487494], [-65.114735, 65.50434], [-64.929392, 65.52851], [-64.936838, 65.54149], [-64.908925, 65.555162], [-64.890818, 65.554999], [-64.887685, 65.566881], [-64.853464, 65.587348], [-64.792226, 65.583157], [-64.833201, 65.607327], [-64.836863, 65.63345], [-64.830068, 65.638373], [-64.734731, 65.645331], [-64.710317, 65.651353], [-64.710317, 65.65884], [-64.852651, 65.660834], [-64.96699, 65.558905], [-64.991282, 65.548], [-65.180735, 65.545966], [-65.222117, 65.566067], [-65.19286, 65.583441], [-65.183298, 65.600491], [-65.195912, 65.602851], [-65.312815, 65.555813], [-65.328928, 65.561347], [-65.340891, 65.583157], [-65.30073, 65.600409], [-65.306142, 65.610419], [-65.301259, 65.629625], [-65.26769, 65.638373], [-65.177724, 65.630113], [-65.117747, 65.638373], [-65.108022, 65.644721], [-65.103627, 65.672919], [-65.090443, 65.679348], [-64.977406, 65.707099], [-64.822581, 65.715277], [-64.792226, 65.727729], [-64.824818, 65.736558], [-65.001454, 65.725043], [-65.066599, 65.713446], [-65.158762, 65.661933], [-65.184031, 65.656724], [-65.453847, 65.679348], [-65.37678, 65.774359], [-65.375071, 65.782375], [-65.384999, 65.787746], [-65.415273, 65.779202], [-65.466298, 65.744818], [-65.490712, 65.739691], [-65.50536, 65.755072], [-65.450754, 65.843207], [-65.335805, 65.921332], [-64.938059, 66.00727], [-64.909657, 66.005316], [-64.806508, 65.974189], [-64.812693, 65.974189], [-64.756825, 65.968451], [-64.73762, 65.974189], [-64.763783, 65.992377], [-64.812205, 66.005194], [-64.854319, 66.03559], [-64.82665, 66.050238], [-64.778188, 66.102932], [-64.740671, 66.199693], [-64.717234, 66.224555], [-64.638783, 66.243842], [-64.560129, 66.286038], [-64.42988, 66.310248], [-64.353993, 66.350287], [-64.369618, 66.35399], [-64.412953, 66.331122], [-64.428171, 66.332506], [-64.439687, 66.344062], [-64.466746, 66.341132], [-64.615956, 66.298977], [-64.710317, 66.28262], [-64.765614, 66.255683], [-64.7954, 66.234687], [-64.8131, 66.207343], [-64.833201, 66.199449], [-64.859202, 66.15119], [-64.850413, 66.120022], [-64.871449, 66.107489], [-64.922556, 66.097642], [-64.963572, 66.075914], [-65.020945, 66.078192], [-65.05842, 66.060736], [-65.236277, 66.024482], [-65.256093, 66.038275], [-65.289377, 66.042426], [-65.306142, 66.007636], [-65.393137, 65.982245], [-65.751698, 65.970893], [-65.824167, 65.956366], [-65.899403, 65.953681], [-65.92512, 65.959621], [-65.939687, 65.976752], [-65.944203, 66.011379], [-65.964304, 66.041205], [-65.960398, 66.05268], [-65.918568, 66.074205], [-65.923085, 66.090237], [-65.840566, 66.103909], [-65.672678, 66.168402], [-65.63915, 66.172756], [-65.619374, 66.201565], [-65.592275, 66.211412], [-65.549509, 66.244778], [-65.529286, 66.286038], [-65.470652, 66.316799], [-65.538889, 66.323635], [-65.469919, 66.353013], [-65.477488, 66.391832], [-65.505442, 66.376532], [-65.521799, 66.343573], [-65.551747, 66.335273], [-65.577382, 66.271796], [-65.681874, 66.191352], [-65.779124, 66.172756], [-65.859934, 66.134589], [-65.934682, 66.117499], [-66.011912, 66.117499], [-66.147776, 66.140692], [-66.155873, 66.158515], [-66.204294, 66.179633], [-66.214223, 66.203192], [-66.257314, 66.223578], [-66.212229, 66.250434], [-66.190663, 66.241034], [-66.149648, 66.289455], [-66.236033, 66.252997], [-66.280588, 66.242255], [-66.313547, 66.262152], [-66.310618, 66.273098], [-66.362009, 66.254706], [-66.42219, 66.280707], [-66.443837, 66.268378], [-66.387522, 66.242011], [-66.372751, 66.224066], [-66.389231, 66.206936], [-66.476267, 66.204779], [-66.520823, 66.218695], [-66.54011, 66.244778], [-66.546702, 66.28262], [-66.536692, 66.289455], [-66.478017, 66.278876], [-66.492421, 66.312323], [-66.515736, 66.32038], [-66.471791, 66.344062], [-66.471791, 66.350287], [-66.571116, 66.351996], [-66.574208, 66.371405], [-66.555491, 66.381537], [-66.444407, 66.401801], [-66.438588, 66.407538], [-66.443227, 66.414252], [-66.473948, 66.418769], [-66.565907, 66.396877], [-66.622629, 66.371405], [-66.615183, 66.371405], [-66.692454, 66.36994], [-66.765981, 66.385077], [-66.730784, 66.389635], [-66.708485, 66.403469], [-66.677235, 66.46015], [-66.704416, 66.458401], [-66.718373, 66.437934], [-66.739003, 66.432807], [-66.785349, 66.442043], [-66.820668, 66.466986], [-66.794423, 66.474066], [-66.791697, 66.498236], [-66.805124, 66.525784], [-66.827463, 66.542711], [-66.836985, 66.535061], [-66.861562, 66.542711], [-66.745432, 66.572659], [-66.725046, 66.591132], [-66.76415, 66.599311], [-66.848622, 66.590277], [-66.888905, 66.597968], [-66.968332, 66.630805], [-67.060251, 66.645738], [-67.060251, 66.638251], [-66.88268, 66.570014], [-66.961293, 66.540839], [-67.004465, 66.534817], [-67.034169, 66.542711], [-67.04719, 66.522203], [-67.104563, 66.538764], [-67.163279, 66.528469], [-67.163279, 66.522203], [-67.091054, 66.518378], [-67.080678, 66.511949], [-67.09553, 66.493883], [-67.129384, 66.487209], [-67.190541, 66.49494], [-67.198598, 66.509467], [-67.194814, 66.537584], [-67.31196, 66.563137], [-67.335194, 66.57685], [-67.329945, 66.593451], [-67.410268, 66.591132], [-67.448557, 66.573676], [-67.527821, 66.624457], [-67.555857, 66.621731], [-67.526967, 66.597968], [-67.520457, 66.57567], [-67.53893, 66.570299], [-67.631785, 66.598293], [-67.649892, 66.597968], [-67.63683, 66.57685], [-67.723744, 66.582424], [-67.746083, 66.570014], [-67.702585, 66.55976], [-67.378611, 66.549221], [-67.286244, 66.52619], [-67.272532, 66.515082], [-67.252268, 66.476793], [-67.142771, 66.440253], [-67.159006, 66.432766], [-67.160878, 66.424506], [-67.145741, 66.391791], [-67.155629, 66.368476], [-67.177235, 66.364569], [-67.199086, 66.370998], [-67.232371, 66.399115], [-67.252309, 66.405504], [-67.361887, 66.41234], [-67.361887, 66.419176], [-67.335194, 66.426011], [-67.351023, 66.432929], [-67.410268, 66.432807], [-67.39387, 66.412543], [-67.360544, 66.394273], [-67.282664, 66.369615], [-67.187734, 66.352118], [-67.129099, 66.316799], [-67.145985, 66.302802], [-67.232167, 66.309312], [-67.303171, 66.280748], [-67.335194, 66.289455], [-67.383372, 66.317532], [-67.389841, 66.299384], [-67.398915, 66.296454], [-67.451243, 66.33039], [-67.43696, 66.344062], [-67.492258, 66.357123], [-67.497792, 66.385932], [-67.513376, 66.391832], [-67.528188, 66.386217], [-67.574778, 66.419176], [-67.581614, 66.41234], [-67.643056, 66.432807], [-67.629384, 66.446479], [-67.700999, 66.438463], [-67.800404, 66.458564], [-67.821848, 66.466986], [-67.845204, 66.515448], [-67.859364, 66.522203], [-67.876943, 66.499172], [-67.88976, 66.49494], [-67.937856, 66.522203], [-67.992502, 66.508531], [-67.984202, 66.500312], [-67.951894, 66.498969], [-67.937734, 66.479234], [-67.876576, 66.463813], [-67.852406, 66.413398], [-67.763376, 66.365546], [-67.750803, 66.328192], [-67.704457, 66.292629], [-67.722157, 66.267401], [-67.752919, 66.254706], [-67.732655, 66.244859], [-67.687693, 66.24079], [-67.672922, 66.233832], [-67.677805, 66.227362], [-67.644114, 66.222561], [-67.561147, 66.185777], [-67.47936, 66.173407], [-67.486033, 66.158515], [-67.435292, 66.138373], [-67.313303, 66.11933], [-67.29365, 66.111314], [-67.269154, 66.0633], [-67.256052, 66.056098], [-67.218495, 66.042426], [-67.163279, 66.042426], [-67.163279, 66.03559], [-67.234202, 66.011664], [-67.314158, 66.001451], [-67.25947, 65.987779], [-67.225779, 65.951361], [-67.170115, 65.932563], [-67.187123, 65.916164], [-67.207712, 65.913398], [-67.269114, 65.928616], [-67.343739, 65.919135], [-67.410268, 65.946845], [-67.450185, 65.902737], [-67.472971, 65.893541], [-67.51769, 65.9112], [-67.615671, 65.906195], [-67.658274, 65.927558], [-67.704457, 65.932563], [-67.74592, 65.966498], [-67.752919, 65.949897], [-67.746775, 65.937405], [-67.704457, 65.905219], [-67.704457, 65.898383], [-67.750111, 65.896796], [-67.810007, 65.878404], [-67.9228, 65.903225], [-67.944692, 65.946845], [-67.988637, 65.973375], [-67.985666, 65.987779], [-68.033437, 66.001451], [-68.013621, 66.045844], [-68.025095, 66.05386], [-68.026072, 66.065579], [-68.019846, 66.073188], [-67.972646, 66.083441], [-68.078725, 66.119534], [-68.216176, 66.145941], [-68.238881, 66.158515], [-68.258412, 66.218573], [-68.273671, 66.227362], [-68.331899, 66.222561], [-68.342356, 66.210191], [-68.328928, 66.185777], [-68.399241, 66.186835], [-68.410837, 66.196357], [-68.444407, 66.268378], [-68.475413, 66.290107], [-68.513539, 66.303127], [-68.526438, 66.29678], [-68.518992, 66.282131], [-68.472401, 66.236721], [-68.472279, 66.227362], [-68.496571, 66.212877], [-68.826731, 66.200995], [-68.84968, 66.193305], [-68.726633, 66.180569], [-68.712473, 66.172756], [-68.650868, 66.188218], [-68.583323, 66.173529], [-68.544016, 66.195014], [-68.4853, 66.193305], [-68.492787, 66.193305], [-68.440623, 66.183743], [-68.389353, 66.136135], [-68.33491, 66.121243], [-68.261098, 66.080634], [-68.219065, 66.075914], [-68.219065, 66.083441], [-68.259999, 66.111314], [-68.239939, 66.116604], [-68.219065, 66.111314], [-68.222035, 66.12816], [-68.199941, 66.128079], [-68.150136, 66.117499], [-68.081492, 66.077582], [-68.045155, 66.083075], [-68.027292, 66.075914], [-68.068227, 66.049262], [-68.053212, 66.024115], [-68.052968, 66.007799], [-68.082509, 65.980943], [-68.101511, 65.991848], [-68.09553, 66.007636], [-68.123972, 66.027086], [-68.158559, 66.033881], [-68.190623, 66.027533], [-68.211619, 66.007636], [-68.130198, 65.986274], [-68.116038, 65.966702], [-68.176218, 65.972805], [-68.281687, 66.017076], [-68.33434, 66.049302], [-68.34789, 66.039781], [-68.280222, 65.982408], [-68.191111, 65.95303], [-68.214711, 65.947252], [-68.274281, 65.966702], [-68.315256, 65.961371], [-68.331248, 65.949449], [-68.335154, 65.932563], [-68.312449, 65.912787], [-68.191111, 65.925727], [-68.191518, 65.915676], [-68.177439, 65.905219], [-68.159169, 65.92886], [-68.146718, 65.932563], [-68.13679, 65.926581], [-68.137563, 65.913153], [-68.156972, 65.891588], [-68.152455, 65.879788], [-68.191111, 65.864325], [-68.129628, 65.836982], [-68.082265, 65.832831], [-68.09553, 65.822699], [-68.205393, 65.802232], [-68.205393, 65.796047], [-68.124216, 65.798407], [-68.007558, 65.780707], [-67.960886, 65.797797], [-67.901682, 65.792304], [-67.889475, 65.79914], [-67.881093, 65.819648], [-67.860911, 65.826972], [-67.81432, 65.815863], [-67.834543, 65.799384], [-67.81432, 65.782375], [-67.844716, 65.762519], [-67.924875, 65.756781], [-67.958363, 65.74079], [-67.953603, 65.725246], [-67.974355, 65.709621], [-67.94872, 65.696438], [-67.889475, 65.706], [-67.868967, 65.686184], [-67.884145, 65.679633], [-67.887563, 65.667385], [-67.868967, 65.645209], [-67.885203, 65.626899], [-67.909983, 65.617906], [-67.965199, 65.638373], [-67.991567, 65.633612], [-67.917429, 65.604193], [-67.954661, 65.589993], [-67.978831, 65.604193], [-68.06074, 65.569403], [-68.02477, 65.562201], [-67.969919, 65.578192], [-67.950917, 65.562649], [-68.033437, 65.49494], [-68.033437, 65.487494], [-68.001414, 65.493394], [-67.975779, 65.51789], [-67.906199, 65.553697], [-67.868967, 65.583157], [-67.793894, 65.589993], [-67.777048, 65.616685], [-67.735544, 65.638373], [-67.543935, 65.66234], [-67.486277, 65.645982], [-67.47175, 65.672512], [-67.435618, 65.680609], [-67.369456, 65.674465], [-67.273142, 65.645209], [-67.273061, 65.632148], [-67.254221, 65.608385], [-67.34142, 65.583157], [-67.34142, 65.57689], [-67.275624, 65.559272], [-67.25947, 65.535346], [-67.378245, 65.543524], [-67.417104, 65.52851], [-67.391957, 65.520941], [-67.341257, 65.521918], [-67.327748, 65.508002], [-67.347117, 65.501451], [-67.458689, 65.508002], [-67.458689, 65.501166], [-67.380849, 65.478339], [-67.33552, 65.450507], [-67.273142, 65.473863], [-67.225331, 65.459621], [-67.139597, 65.469631], [-67.084299, 65.467719], [-67.060251, 65.459621], [-67.060251, 65.453355], [-67.115468, 65.439765], [-67.070505, 65.435858], [-67.060251, 65.432318], [-67.059885, 65.424058], [-67.091257, 65.380601], [-67.116282, 65.370998], [-67.314158, 65.367418], [-67.327016, 65.355373], [-67.417104, 65.35102], [-67.386464, 65.328599], [-67.334177, 65.322943], [-67.314158, 65.32982], [-67.294871, 65.353909], [-67.283681, 65.357164], [-67.242421, 65.349677], [-67.164296, 65.319322], [-67.122304, 65.31623], [-67.168813, 65.268541], [-67.160146, 65.260972], [-67.125722, 65.275214], [-67.114369, 65.263251], [-67.080678, 65.254136], [-67.080678, 65.247301], [-67.13447, 65.246894], [-67.157704, 65.241116], [-67.170115, 65.226874], [-67.126291, 65.228461], [-67.115468, 65.219957], [-67.119944, 65.20954], [-67.111928, 65.203355], [-67.028147, 65.224311], [-67.012441, 65.219957], [-67.019887, 65.206366], [-66.994496, 65.201321], [-66.937327, 65.241156], [-66.95165, 65.129055], [-66.961537, 65.110093], [-67.053415, 65.110093], [-67.091013, 65.075629], [-67.108632, 65.069159], [-67.108632, 65.062323], [-66.995961, 65.086737], [-66.951527, 65.079495], [-66.965281, 65.062323], [-66.906239, 65.071234], [-66.8874, 65.08161], [-66.896352, 65.103949], [-66.837026, 65.145901], [-66.725046, 65.185858], [-66.759226, 65.131293], [-66.758778, 65.115709], [-66.809193, 65.102484], [-66.827463, 65.090277], [-66.792714, 65.090277], [-66.81135, 65.062567], [-66.89094, 65.065863], [-66.916819, 65.049302], [-66.851267, 65.036119], [-66.759226, 65.069159], [-66.786488, 65.035061], [-66.765981, 65.027574], [-66.778635, 65.016506], [-66.772817, 65.000922], [-66.746287, 65.006781], [-66.738718, 64.994086], [-66.743398, 64.968207], [-66.834299, 64.945624], [-66.751169, 64.931708], [-66.725046, 64.918362], [-66.738718, 64.892035], [-66.765981, 64.877387], [-66.765981, 64.870551], [-66.747385, 64.866197], [-66.736806, 64.853013], [-66.738718, 64.82274], [-66.720041, 64.81391], [-66.725046, 64.794867], [-66.697743, 64.788642], [-66.710764, 64.774359], [-66.70519, 64.768785], [-66.680613, 64.767646], [-66.635691, 64.781195], [-66.684031, 64.809638], [-66.690907, 64.826158], [-66.684926, 64.864447], [-66.653879, 64.933539], [-66.649363, 64.969916], [-66.658152, 64.986762], [-66.69404, 65.017727], [-66.697743, 65.035061], [-66.6822, 65.044176], [-66.539377, 65.013373], [-66.533274, 64.994086], [-66.537099, 64.958401], [-66.505605, 64.983791], [-66.482533, 64.985989], [-66.480173, 64.96894], [-66.498484, 64.945624], [-66.479482, 64.935858], [-66.37324, 64.919501], [-66.36144, 64.924628], [-66.368764, 64.945624], [-66.346873, 64.945258], [-66.306711, 64.912177], [-66.321156, 64.883612], [-66.318552, 64.874416], [-66.306711, 64.870551], [-66.292429, 64.874905], [-66.272572, 64.904731], [-66.244456, 64.906236], [-66.149648, 64.870551], [-66.164622, 64.862698], [-66.196848, 64.82274], [-66.182607, 64.812567], [-66.181223, 64.796129], [-66.190256, 64.780992], [-66.207387, 64.774359], [-66.341501, 64.774359], [-66.321278, 64.761176], [-66.21052, 64.761298], [-66.220204, 64.748847], [-66.21052, 64.725898], [-66.217966, 64.69245], [-66.170888, 64.683417], [-66.155263, 64.709296], [-66.149526, 64.743964], [-66.100942, 64.80744], [-66.018666, 64.857571], [-66.009104, 64.832343], [-66.010569, 64.806464], [-66.048411, 64.741604], [-66.041371, 64.719428], [-66.02245, 64.706977], [-65.99885, 64.712877], [-66.012644, 64.754462], [-65.957265, 64.767524], [-65.950551, 64.759508], [-65.953847, 64.736802], [-65.90803, 64.678656], [-65.822987, 64.637885], [-65.807362, 64.637437], [-65.799631, 64.651435], [-65.854237, 64.685614], [-65.895579, 64.732489], [-65.893015, 64.750556], [-65.854237, 64.753852], [-65.854237, 64.761298], [-65.901601, 64.779731], [-65.936757, 64.809149], [-65.906199, 64.810004], [-65.892934, 64.816311], [-65.888987, 64.829576], [-65.93342, 64.860663], [-65.952138, 64.884508], [-65.942454, 64.89175], [-65.917104, 64.887641], [-65.866811, 64.869208], [-65.854237, 64.870551], [-65.840566, 64.884223], [-65.824045, 64.882758], [-65.781361, 64.861802], [-65.779124, 64.846666], [-65.793406, 64.809149], [-65.776112, 64.804389], [-65.737864, 64.846666], [-65.716786, 64.844224], [-65.668813, 64.811957], [-65.66926, 64.79857], [-65.709096, 64.779608], [-65.738149, 64.747707], [-65.73884, 64.734076], [-65.710276, 64.69245], [-65.703359, 64.69245], [-65.702952, 64.754584], [-65.646596, 64.773383], [-65.582834, 64.756822], [-65.560007, 64.712877], [-65.587351, 64.699286], [-65.57429, 64.678778], [-65.586497, 64.649115], [-65.653066, 64.606757], [-65.71345, 64.603583], [-65.752431, 64.590033], [-65.722524, 64.575629], [-65.717722, 64.541571], [-65.726064, 64.515204], [-65.706858, 64.490058], [-65.614613, 64.500637], [-65.50536, 64.500637], [-65.519032, 64.48017], [-65.492747, 64.475653], [-65.455922, 64.488023], [-65.39863, 64.524563], [-65.340891, 64.527981], [-65.337758, 64.512641], [-65.348337, 64.501044], [-65.41161, 64.462348], [-65.416005, 64.449123], [-65.407826, 64.44538], [-65.334096, 64.487006], [-65.299998, 64.472724], [-65.274485, 64.471503], [-65.26948, 64.476223], [-65.278879, 64.487006], [-65.265207, 64.521145], [-65.211374, 64.541409], [-65.202626, 64.526679], [-65.206532, 64.518012], [-65.237904, 64.487006], [-65.205759, 64.491604], [-65.145253, 64.516018], [-65.114369, 64.51496], [-65.175771, 64.48017], [-65.163157, 64.474189], [-65.08967, 64.486477], [-65.081044, 64.479193], [-65.073435, 64.449123], [-65.079335, 64.429267], [-65.094228, 64.419664], [-65.154612, 64.406684], [-65.238596, 64.405585], [-65.265207, 64.383979], [-65.198923, 64.366034], [-65.178415, 64.34748], [-65.196278, 64.315009], [-65.22704, 64.300523], [-65.26891, 64.29564], [-65.525868, 64.329332], [-65.657948, 64.30923], [-65.656199, 64.301418], [-65.435496, 64.30508], [-65.416005, 64.288398], [-65.464426, 64.295233], [-65.436513, 64.274115], [-65.566843, 64.254218], [-65.524526, 64.24433], [-65.343699, 64.253323], [-65.33906, 64.246812], [-65.360789, 64.233791], [-65.360789, 64.226874], [-65.293935, 64.226752], [-65.262318, 64.21894], [-65.2447, 64.198961], [-65.307362, 64.193427], [-65.395497, 64.158026], [-65.395497, 64.15119], [-65.348134, 64.150539], [-65.292836, 64.178534], [-65.251536, 64.178534], [-65.196278, 64.15119], [-65.196889, 64.14057], [-65.16218, 64.144355], [-65.16218, 64.136908], [-65.183298, 64.123928], [-65.114369, 64.109565], [-65.196278, 64.076117], [-65.076731, 64.083441], [-65.052927, 64.068671], [-65.128651, 64.048163], [-65.224233, 64.041938], [-65.213368, 64.027899], [-65.193105, 64.021918], [-64.922556, 64.014065], [-64.938669, 63.989325], [-64.963572, 63.973049], [-64.89977, 63.984605], [-64.835805, 64.023261], [-64.784617, 64.030951], [-64.751291, 64.007229], [-64.694773, 64.046088], [-64.666127, 64.03262], [-64.657786, 64.001207], [-64.635203, 63.982978], [-64.646677, 63.975491], [-64.799631, 63.936916], [-64.833811, 63.916246], [-64.895253, 63.897366], [-64.885121, 63.88052], [-64.892771, 63.868394], [-64.967397, 63.852729], [-64.991444, 63.828437], [-64.954661, 63.787665], [-64.929514, 63.777655], [-64.763987, 63.749254], [-64.706776, 63.762274], [-64.676137, 63.740302], [-64.543202, 63.686428], [-64.522328, 63.669094], [-64.504832, 63.64411], [-64.526072, 63.614081], [-64.579701, 63.614691], [-64.586781, 63.602484], [-64.544504, 63.582913], [-64.538157, 63.569892], [-64.559438, 63.562201], [-64.527821, 63.533677], [-64.525136, 63.500434], [-64.527089, 63.490424], [-64.552602, 63.472805], [-64.520701, 63.4619], [-64.504832, 63.443183], [-64.507558, 63.422065], [-64.531565, 63.403876], [-64.562815, 63.400702], [-64.609568, 63.422553], [-64.635203, 63.418158], [-64.605946, 63.385403], [-64.522288, 63.376654], [-64.504832, 63.345852], [-64.511423, 63.314439], [-64.525339, 63.308295], [-64.551991, 63.311184], [-64.601633, 63.329291], [-64.627756, 63.321357], [-64.592966, 63.306952], [-64.484364, 63.287787], [-64.525339, 63.274807], [-64.536814, 63.255194], [-64.607249, 63.260484], [-64.642039, 63.239407], [-64.67512, 63.271145], [-64.717112, 63.280992], [-64.721059, 63.303941], [-64.771718, 63.328803], [-64.766306, 63.344062], [-64.775095, 63.368232], [-64.758738, 63.383368], [-64.799672, 63.39765], [-64.840647, 63.485826], [-64.836903, 63.503852], [-64.891062, 63.552069], [-64.931711, 63.571357], [-64.943064, 63.589423], [-64.935251, 63.612209], [-64.942698, 63.632717], [-64.999338, 63.657294], [-65.055124, 63.670559], [-65.080271, 63.685045], [-65.117747, 63.736558], [-65.188059, 63.764146], [-65.20991, 63.781236], [-65.149119, 63.7744], [-65.173044, 63.79328], [-65.228953, 63.808173], [-65.302439, 63.81273], [-65.293324, 63.797309], [-65.20991, 63.753974], [-65.178171, 63.728949], [-65.137563, 63.717841], [-65.093861, 63.657701], [-65.001698, 63.616767], [-64.987498, 63.603095], [-64.987742, 63.589423], [-65.052927, 63.575181], [-65.099314, 63.549506], [-65.08613, 63.516913], [-65.058054, 63.482652], [-65.059763, 63.452338], [-65.132761, 63.444525], [-65.149119, 63.43122], [-65.046702, 63.438666], [-65.057932, 63.425523], [-65.121165, 63.403876], [-65.012644, 63.401109], [-64.946482, 63.359809], [-64.939931, 63.331936], [-64.908925, 63.287787], [-64.922556, 63.274807], [-64.902089, 63.239407], [-64.93342, 63.243354], [-65.010081, 63.299018], [-65.060658, 63.31684], [-65.073435, 63.308295], [-65.005116, 63.274807], [-65.028066, 63.249661], [-65.11677, 63.285102], [-65.149119, 63.287787], [-65.097279, 63.239407], [-65.005116, 63.239407], [-64.977773, 63.227932], [-64.976186, 63.211859], [-64.990671, 63.200263], [-65.074534, 63.219875], [-65.087026, 63.205878], [-65.046702, 63.191596], [-65.059763, 63.177924], [-64.931264, 63.183905], [-64.860544, 63.171129], [-64.869089, 63.162055], [-64.902089, 63.154039], [-64.882639, 63.141913], [-64.805776, 63.138088], [-64.770009, 63.101508], [-64.751291, 63.10224], [-64.779612, 63.094428], [-64.840403, 63.101386], [-64.867909, 63.096015], [-64.843455, 63.082465], [-64.778269, 63.074368], [-64.764963, 63.05508], [-64.768788, 63.041164], [-64.80309, 63.05508], [-64.812611, 63.050727], [-64.778554, 63.027086], [-64.787465, 63.006781], [-64.771718, 62.986151], [-64.847483, 62.97309], [-64.758738, 62.951402], [-64.717966, 62.921291], [-64.710317, 62.934963], [-64.713206, 62.956488], [-64.693593, 62.956977], [-64.627756, 62.911078], [-64.641835, 62.897162], [-64.721506, 62.900214], [-64.751291, 62.869452], [-64.783437, 62.864244], [-64.887074, 62.869371], [-64.94636, 62.895209], [-65.013539, 62.911526], [-65.087107, 62.947455], [-65.100697, 62.958808], [-65.114329, 62.992336], [-65.128651, 62.999823], [-65.14745, 62.980618], [-65.121165, 62.92475], [-65.182322, 62.954047], [-65.236195, 62.965033], [-65.255198, 62.99551], [-65.272043, 63.006659], [-65.285268, 62.984076], [-65.183298, 62.921291], [-65.203684, 62.895575], [-65.190134, 62.876899], [-65.121165, 62.835354], [-65.015126, 62.735419], [-64.991444, 62.725491], [-64.975168, 62.677069], [-64.929392, 62.643541], [-64.939524, 62.631049], [-64.991444, 62.643541], [-64.99059, 62.627834], [-65.008127, 62.614569], [-65.10912, 62.575995], [-65.169626, 62.568427], [-65.211008, 62.578762], [-65.245961, 62.605862], [-65.299998, 62.67829], [-65.265207, 62.698188], [-65.318837, 62.697903], [-65.334096, 62.691962], [-65.328725, 62.676459], [-65.33552, 62.671576], [-65.354563, 62.684516], [-65.350168, 62.707099], [-65.316151, 62.745022], [-65.2447, 62.780097], [-65.27241, 62.787787], [-65.342478, 62.775133], [-65.375071, 62.786933], [-65.355906, 62.825263], [-65.27363, 62.827826], [-65.251536, 62.835354], [-65.325999, 62.843695], [-65.340891, 62.85578], [-65.341542, 62.888373], [-65.32726, 62.917873], [-65.345041, 62.925849], [-65.39863, 62.829169], [-65.436513, 62.822252], [-65.443552, 62.845852], [-65.45698, 62.848944], [-65.477488, 62.822252], [-65.52831, 62.828599], [-65.560618, 62.821275], [-65.603831, 62.825141], [-65.640614, 62.841986], [-65.665883, 62.912258], [-65.686635, 62.896796], [-65.752431, 62.92475], [-65.725046, 62.959621], [-65.689768, 62.986151], [-65.697133, 62.993598], [-65.683542, 62.999823], [-65.710276, 63.02025], [-65.712229, 63.051215], [-65.73884, 63.048651], [-65.751902, 63.033189], [-65.757273, 63.014106], [-65.742055, 62.976386], [-65.81664, 62.94831], [-65.826853, 62.928371], [-65.790354, 62.904242], [-65.779124, 62.886868], [-65.788157, 62.873196], [-65.875844, 62.928941], [-65.92988, 62.923245], [-65.96349, 62.937486], [-65.953114, 62.950344], [-65.909495, 62.97309], [-65.885935, 63.002387], [-65.843861, 63.021145], [-65.83434, 63.033352], [-65.898386, 63.023505], [-65.957265, 62.999823], [-65.944203, 62.979315], [-66.029368, 62.986151], [-66.053456, 62.999823], [-66.071726, 63.022406], [-66.073313, 63.030219], [-66.051747, 63.050482], [-66.060292, 63.05508], [-66.117502, 63.03498], [-66.142201, 63.047553], [-66.164784, 63.095038], [-66.283152, 63.136949], [-66.290883, 63.128974], [-66.217966, 63.088568], [-66.206003, 63.040473], [-66.152903, 63.011949], [-66.104237, 62.996772], [-66.087595, 62.979315], [-66.108713, 62.97309], [-66.103871, 62.951606], [-66.12914, 62.943345], [-66.164662, 62.944566], [-66.190663, 62.951402], [-66.222605, 62.975979], [-66.276438, 62.976142], [-66.279408, 62.993598], [-66.396718, 62.999823], [-66.462229, 63.034613], [-66.478017, 63.047553], [-66.471791, 63.061265], [-66.502797, 63.064521], [-66.519236, 63.077338], [-66.516794, 63.088935], [-66.491038, 63.088568], [-66.574208, 63.164944], [-66.550852, 63.186713], [-66.550242, 63.198188], [-66.563669, 63.215806], [-66.688425, 63.281399], [-66.690907, 63.301459], [-66.635691, 63.356676], [-66.643137, 63.356676], [-66.643666, 63.374579], [-66.665354, 63.373481], [-66.669789, 63.34927], [-66.728586, 63.30858], [-66.738718, 63.294013], [-66.733591, 63.278795], [-66.716786, 63.26557], [-66.625315, 63.229641], [-66.600901, 63.212063], [-66.623036, 63.164496], [-66.580881, 63.132636], [-66.58788, 63.10224], [-66.560048, 63.093248], [-66.559926, 63.081732], [-66.601511, 63.068061], [-66.684071, 63.10224], [-66.62914, 63.051337], [-66.5537, 63.02025], [-66.543772, 63.004096], [-66.550404, 62.996283], [-66.656199, 63.040758], [-66.649363, 63.027086], [-66.697865, 63.03852], [-66.768666, 63.090644], [-66.76533, 63.131781], [-66.780507, 63.141913], [-66.765981, 63.164944], [-66.76415, 63.183743], [-66.803578, 63.235297], [-66.811513, 63.254706], [-66.806956, 63.274807], [-66.833933, 63.271674], [-66.845937, 63.252021], [-66.846384, 63.229967], [-66.81371, 63.210028], [-66.804677, 63.188422], [-66.81135, 63.165188], [-66.834299, 63.150702], [-66.886464, 63.162055], [-66.948679, 63.208401], [-67.019887, 63.239407], [-67.019114, 63.261623], [-66.965077, 63.278713], [-66.950999, 63.29092], [-66.961985, 63.303697], [-67.004832, 63.31977], [-67.006215, 63.342475], [-66.979197, 63.377387], [-66.973988, 63.395901], [-67.012929, 63.402737], [-67.03779, 63.343248], [-67.036326, 63.324042], [-67.012441, 63.287787], [-67.11205, 63.287787], [-67.184397, 63.321357], [-67.153025, 63.295152], [-67.154124, 63.285224], [-67.177235, 63.280992], [-67.201121, 63.288479], [-67.239817, 63.321357], [-67.357126, 63.387763], [-67.382395, 63.424384], [-67.389841, 63.459133], [-67.400828, 63.465522], [-67.423533, 63.465074], [-67.410268, 63.424384], [-67.418772, 63.414049], [-67.500681, 63.442816], [-67.50593, 63.472805], [-67.549062, 63.505927], [-67.533193, 63.521186], [-67.618398, 63.55801], [-67.644399, 63.603339], [-67.689687, 63.63288], [-67.670359, 63.657701], [-67.766306, 63.636664], [-67.785715, 63.644761], [-67.795522, 63.684516], [-67.807566, 63.699286], [-67.81782, 63.692857], [-67.835398, 63.696031], [-67.839182, 63.723293], [-67.924184, 63.767564], [-67.915964, 63.745185], [-67.869985, 63.713813], [-67.868642, 63.686428], [-67.81432, 63.650865], [-67.806589, 63.629788], [-67.819529, 63.592353], [-67.792226, 63.541409], [-67.684682, 63.433336], [-67.670359, 63.394761], [-67.697703, 63.369696], [-67.731272, 63.369696], [-67.826975, 63.407904], [-67.868886, 63.46369], [-67.944692, 63.507514], [-68.033884, 63.54678], [-68.074696, 63.549018], [-68.092112, 63.558417], [-68.120432, 63.602362], [-68.137156, 63.609931], [-68.130442, 63.588039], [-68.1433, 63.58161], [-68.161448, 63.585028], [-68.181101, 63.606187], [-68.230458, 63.596625], [-68.246409, 63.609931], [-68.224314, 63.617377], [-68.222971, 63.631537], [-68.257273, 63.678412], [-68.28893, 63.699123], [-68.315256, 63.699286], [-68.315256, 63.69184], [-68.2801, 63.64468], [-68.286977, 63.636664], [-68.386667, 63.657701], [-68.414906, 63.6789], [-68.440745, 63.716254], [-68.483835, 63.736151], [-68.528757, 63.74608], [-68.540598, 63.746527], [-68.54426, 63.732856], [-68.575307, 63.732856], [-68.748769, 63.779771], [-68.746042, 63.767564], [-68.712473, 63.746527], [-68.715199, 63.735663], [-68.746042, 63.740302], [-68.773671, 63.730658], [-68.928171, 63.760728], [-68.993031, 63.760728], [-68.99828, 63.749945], [-68.990224, 63.740424], [-68.827748, 63.650702], [-68.81489, 63.636664], [-68.814402, 63.624742], [-68.846018, 63.620836], [-68.863352, 63.609931], [-68.786244, 63.590644], [-68.760325, 63.554755], [-68.71467, 63.525702], [-68.581899, 63.472724], [-68.551747, 63.449368], [-68.444407, 63.444892], [-68.466908, 63.430121], [-68.499582, 63.43122], [-68.44872, 63.391669], [-68.379099, 63.360419], [-68.337229, 63.322577], [-68.289622, 63.304267], [-68.274281, 63.287787], [-68.287302, 63.273627], [-68.280344, 63.261664], [-68.213735, 63.241604], [-68.205393, 63.232611], [-68.207102, 63.218655], [-68.246409, 63.212063], [-68.229807, 63.199286], [-68.190053, 63.189887], [-68.132802, 63.157904], [-68.059519, 63.166205], [-68.01415, 63.152289], [-67.917429, 63.143215], [-67.946767, 63.124701], [-67.954661, 63.103583], [-67.985666, 63.075507], [-67.969228, 63.068061], [-67.928293, 63.077135], [-67.909983, 63.088568], [-67.917429, 63.106024], [-67.895741, 63.118476], [-67.861521, 63.120347], [-67.798655, 63.088853], [-67.677805, 63.10224], [-67.611318, 63.097113], [-67.602122, 63.081732], [-67.610911, 63.066799], [-67.713572, 63.060858], [-67.73115, 63.055976], [-67.74706, 63.034654], [-67.80073, 63.014106], [-67.766591, 63.014106], [-67.765574, 62.991523], [-67.738637, 62.986151], [-67.738637, 62.979315], [-67.76061, 62.975002], [-67.773386, 62.958808], [-67.715037, 62.962226], [-67.718739, 62.982123], [-67.738637, 62.999823], [-67.663523, 63.040758], [-67.593088, 63.03677], [-67.557688, 63.052965], [-67.536936, 63.044989], [-67.50593, 63.02025], [-67.510203, 63.007758], [-67.629343, 62.980414], [-67.64977, 62.969062], [-67.643056, 62.958808], [-67.672556, 62.947211], [-67.676584, 62.928697], [-67.656728, 62.92475], [-67.656728, 62.917873], [-67.642323, 62.934027], [-67.567942, 62.97309], [-67.550974, 62.963568], [-67.478586, 62.986151], [-67.423818, 62.979438], [-67.394236, 62.963853], [-67.423329, 62.938381], [-67.417104, 62.931545], [-67.372182, 62.940904], [-67.293772, 62.900051], [-67.245188, 62.88996], [-67.245188, 62.883734], [-67.368723, 62.863227], [-67.368723, 62.85578], [-67.299184, 62.855902], [-67.279978, 62.863227], [-67.287343, 62.85578], [-67.222361, 62.881049], [-67.197987, 62.876899], [-67.174794, 62.854478], [-67.191111, 62.838935], [-67.245188, 62.814846], [-67.184397, 62.825751], [-67.175771, 62.815009], [-67.156321, 62.816555], [-67.122304, 62.829169], [-67.088206, 62.797797], [-67.122304, 62.759589], [-67.07726, 62.773017], [-67.039744, 62.773871], [-67.04719, 62.759589], [-67.014719, 62.737454], [-67.026926, 62.719794], [-67.060251, 62.698188], [-67.053415, 62.691962], [-66.982004, 62.70307], [-66.910024, 62.698188], [-66.971873, 62.679267], [-67.006215, 62.657172], [-66.759714, 62.683905], [-66.725046, 62.670844], [-66.753977, 62.66059], [-66.772817, 62.636664], [-66.690378, 62.64997], [-66.669789, 62.643541], [-66.71821, 62.629218], [-66.695749, 62.616767], [-66.654897, 62.623358], [-66.608347, 62.615627], [-66.622629, 62.602607], [-66.605173, 62.582953], [-66.551462, 62.560736], [-66.525339, 62.519029], [-66.480295, 62.505072], [-66.498484, 62.47842], [-66.495961, 62.463202], [-66.515126, 62.436591], [-66.512156, 62.423814], [-66.496449, 62.420722], [-66.440745, 62.444892], [-66.352406, 62.447455], [-66.396718, 62.423814], [-66.32783, 62.390326], [-66.337107, 62.380561], [-66.39033, 62.372138], [-66.416982, 62.354397], [-66.475535, 62.355658], [-66.473866, 62.336656], [-66.429758, 62.321357], [-66.343821, 62.270697], [-66.306711, 62.273017], [-66.363271, 62.331977], [-66.301951, 62.35106], [-66.274973, 62.343248], [-66.244618, 62.321438], [-66.232533, 62.349514], [-66.224558, 62.349514], [-66.21052, 62.341864], [-66.203318, 62.324042], [-66.155873, 62.307766], [-66.170155, 62.286607], [-66.155873, 62.269924], [-66.155263, 62.248114], [-66.185496, 62.265123], [-66.265126, 62.266791], [-66.180043, 62.242011], [-66.059153, 62.228095], [-66.018422, 62.250474], [-65.987131, 62.242092], [-65.930002, 62.204739], [-65.930002, 62.197821], [-66.012074, 62.174058], [-66.053212, 62.145331], [-66.053456, 62.126166], [-66.029246, 62.091742], [-66.040028, 62.075263], [-66.060292, 62.074937], [-66.092966, 62.089057], [-66.128529, 62.088609], [-66.158396, 62.124579], [-66.1787, 62.13467], [-66.204294, 62.116604], [-66.186472, 62.109076], [-66.173044, 62.117499], [-66.102854, 62.042914], [-66.106638, 62.023668], [-66.142201, 62.012885], [-66.065175, 61.996649], [-66.039784, 61.958319], [-65.999705, 61.966498], [-65.988271, 61.961656], [-65.987253, 61.933824], [-65.963612, 61.927314], [-65.948842, 61.908759], [-65.950429, 61.896877], [-65.971262, 61.886379], [-66.033559, 61.88935], [-66.0631, 61.874945], [-66.170155, 61.87641], [-66.274485, 61.8581], [-66.337595, 61.87523], [-66.40571, 61.877143], [-66.486155, 61.898261], [-66.539784, 61.903022], [-66.591298, 61.930365], [-66.627634, 61.920844], [-66.643137, 61.92414], [-66.662424, 61.937567], [-66.656077, 61.947821], [-66.615183, 61.965074], [-66.63622, 61.971584], [-66.697743, 61.965074], [-66.721628, 61.988715], [-66.75178, 61.999254], [-66.745554, 62.012885], [-66.855417, 62.019721], [-66.943552, 62.047675], [-66.916819, 62.034003], [-66.937571, 62.014472], [-67.023264, 62.0539], [-67.070505, 62.037177], [-67.107493, 62.036689], [-67.235951, 62.101874], [-67.245188, 62.102281], [-67.256052, 62.081244], [-67.317454, 62.073228], [-67.327748, 62.07807], [-67.348826, 62.122748], [-67.33137, 62.125678], [-67.337758, 62.13996], [-67.400624, 62.149807], [-67.489939, 62.145209], [-67.522288, 62.15058], [-67.581288, 62.181098], [-67.674062, 62.157538], [-67.83491, 62.178046], [-67.824696, 62.19184], [-67.807566, 62.197821], [-67.807566, 62.204739], [-67.820058, 62.20893], [-67.848459, 62.204739], [-67.872629, 62.190863], [-67.980946, 62.211859], [-68.045888, 62.208157], [-68.06074, 62.211575], [-68.082509, 62.232001], [-68.109202, 62.218411], [-68.55366, 62.249742], [-68.726145, 62.307766], [-68.705027, 62.328274], [-68.815256, 62.341864], [-68.83845, 62.380276], [-68.863352, 62.38288], [-68.890614, 62.362372], [-68.961741, 62.387193], [-69.003407, 62.376532], [-69.02717, 62.379788], [-69.197499, 62.444525], [-69.288279, 62.493638], [-69.308339, 62.541083], [-69.315175, 62.541083], [-69.275828, 62.617377], [-69.281077, 62.623684], [-69.304636, 62.629218], [-69.318918, 62.591986], [-69.377268, 62.533677], [-69.385854, 62.540025], [-69.390248, 62.560981], [-69.408518, 62.575181], [-69.407094, 62.605292], [-69.424062, 62.618232], [-69.459177, 62.629218], [-69.431874, 62.595771], [-69.436513, 62.567532], [-69.424428, 62.560981], [-69.445058, 62.553534], [-69.483388, 62.588324], [-69.520375, 62.604926], [-69.586781, 62.657701], [-69.589467, 62.666978], [-69.545155, 62.682847], [-69.473459, 62.67829], [-69.487131, 62.698188], [-69.453969, 62.697089], [-69.431874, 62.71247], [-69.53246, 62.706732], [-69.56904, 62.719306], [-69.537424, 62.739081], [-69.404001, 62.747626], [-69.384145, 62.758857], [-69.390248, 62.767035], [-69.406931, 62.770413], [-69.462636, 62.759589], [-69.509348, 62.774482], [-69.5478, 62.765082], [-69.626943, 62.791002], [-69.637318, 62.786933], [-69.640452, 62.759589], [-69.698801, 62.745917], [-69.678904, 62.780097], [-69.762074, 62.79385], [-69.835317, 62.829169], [-69.849599, 62.822252], [-69.819203, 62.790676], [-69.776072, 62.772366], [-69.767649, 62.759589], [-69.781321, 62.753363], [-69.760854, 62.732896], [-69.79247, 62.735745], [-69.828603, 62.764879], [-69.896352, 62.763821], [-69.938954, 62.801215], [-69.995554, 62.765937], [-70.069773, 62.747626], [-70.161814, 62.759589], [-70.240305, 62.754096], [-70.383372, 62.800767], [-70.426584, 62.828925], [-70.471181, 62.844306], [-70.493235, 62.866604], [-70.685658, 62.88996], [-70.801584, 62.893459], [-70.829661, 62.904242], [-70.829661, 62.896796], [-70.898549, 62.917873], [-70.867909, 62.927965], [-70.768259, 62.931545], [-70.874379, 62.947984], [-70.955759, 62.944648], [-71.041941, 62.958808], [-71.041941, 62.965644], [-71.018015, 62.969387], [-70.956125, 62.965033], [-70.939524, 62.97309], [-70.959665, 63.007473], [-70.932729, 63.02025], [-70.946238, 63.032782], [-70.989329, 63.029242], [-71.007192, 63.02025], [-71.009836, 62.996772], [-71.05134, 62.987291], [-71.142079, 62.984809], [-71.15803, 62.993598], [-71.144399, 63.018256], [-71.120798, 63.033352], [-71.032053, 63.027086], [-71.000966, 63.05508], [-70.960032, 63.068061], [-70.940541, 63.098822], [-70.822825, 63.130113], [-70.829661, 63.143215], [-70.864491, 63.140204], [-70.932729, 63.116523], [-70.952585, 63.143215], [-70.898549, 63.164944], [-70.926462, 63.172553], [-70.967152, 63.162991], [-70.99824, 63.143052], [-70.992543, 63.106024], [-71.02892, 63.078599], [-71.110829, 63.075507], [-71.129587, 63.080146], [-71.151804, 63.10224], [-71.159657, 63.097805], [-71.196482, 63.064643], [-71.207021, 63.017157], [-71.216176, 63.008775], [-71.274648, 63.014106], [-71.274648, 63.02025], [-71.252512, 63.027289], [-71.284739, 63.043524], [-71.402048, 63.055569], [-71.426137, 63.075507], [-71.394114, 63.10106], [-71.391794, 63.116441], [-71.408762, 63.123358], [-71.46052, 63.104804], [-71.497792, 63.123358], [-71.617909, 63.143215], [-71.71349, 63.177924], [-71.705759, 63.189195], [-71.658884, 63.191596], [-71.658884, 63.198432], [-71.761952, 63.232611], [-71.735911, 63.247301], [-71.649119, 63.253648], [-71.648671, 63.263902], [-71.670888, 63.272121], [-71.768748, 63.260484], [-71.768748, 63.267279], [-71.740834, 63.274807], [-71.766469, 63.284125], [-71.762644, 63.305976], [-71.768748, 63.321357], [-71.822743, 63.34927], [-71.747385, 63.348944], [-71.727162, 63.356676], [-71.74828, 63.362942], [-71.747182, 63.381171], [-71.761342, 63.402655], [-71.780873, 63.414496], [-71.801096, 63.391262], [-71.826853, 63.387681], [-71.937001, 63.394477], [-71.962595, 63.403754], [-71.977976, 63.429023], [-71.987538, 63.431789], [-72.001536, 63.42121], [-72.001454, 63.403266], [-72.015207, 63.39765], [-72.080393, 63.403876], [-72.081166, 63.411322], [-72.062978, 63.418158], [-72.062978, 63.424384], [-72.092275, 63.427151], [-72.142323, 63.44831], [-72.084299, 63.447252], [-72.07136, 63.431545], [-72.036326, 63.452338], [-72.02009, 63.453315], [-71.686228, 63.424384], [-71.614451, 63.426907], [-71.579905, 63.435736], [-71.563303, 63.452338], [-71.574086, 63.463935], [-71.553944, 63.47191], [-71.417795, 63.487454], [-71.398874, 63.500067], [-71.412546, 63.513739], [-71.383901, 63.52851], [-71.319895, 63.540473], [-71.27717, 63.566148], [-71.277699, 63.577338], [-71.289133, 63.584459], [-71.277821, 63.598375], [-71.226918, 63.602484], [-71.252431, 63.61636], [-71.289133, 63.619086], [-71.321889, 63.60932], [-71.33613, 63.585761], [-71.335927, 63.568793], [-71.403391, 63.569403], [-71.418691, 63.575181], [-71.372182, 63.59984], [-71.364084, 63.609931], [-71.367136, 63.625922], [-71.418691, 63.636664], [-71.405019, 63.616767], [-71.459665, 63.609931], [-71.439768, 63.589423], [-71.561879, 63.581488], [-71.583201, 63.592515], [-71.572865, 63.620836], [-71.48762, 63.630439], [-71.506215, 63.643215], [-71.569529, 63.643866], [-71.583201, 63.654364], [-71.565623, 63.690823], [-71.53539, 63.705512], [-71.53539, 63.712348], [-71.583567, 63.699286], [-71.595408, 63.708441], [-71.583201, 63.719794], [-71.646067, 63.72012], [-71.662302, 63.70893], [-71.661244, 63.698472], [-71.617909, 63.664537], [-71.615915, 63.650824], [-71.655507, 63.657701], [-71.679392, 63.677639], [-71.720408, 63.69184], [-71.720408, 63.699286], [-71.701405, 63.700873], [-71.679392, 63.740302], [-71.698069, 63.753404], [-71.720937, 63.73607], [-71.754506, 63.69184], [-71.775583, 63.712348], [-71.765981, 63.729926], [-71.775868, 63.745795], [-71.836863, 63.783637], [-71.905344, 63.794908], [-71.885447, 63.809149], [-71.922841, 63.819648], [-71.957753, 63.80683], [-72.008372, 63.753974], [-71.99531, 63.746527], [-71.947581, 63.772366], [-71.926462, 63.7744], [-71.932607, 63.760728], [-71.867502, 63.766506], [-71.844472, 63.760728], [-71.868845, 63.725491], [-71.895457, 63.705471], [-71.878, 63.685045], [-71.929799, 63.655015], [-71.973988, 63.655422], [-71.969309, 63.670233], [-71.926218, 63.694525], [-71.952992, 63.723049], [-71.963206, 63.725735], [-72.02302, 63.676093], [-72.041615, 63.670722], [-72.055531, 63.685045], [-72.05134, 63.710354], [-72.062978, 63.732856], [-72.076161, 63.740668], [-72.093455, 63.725165], [-72.13093, 63.723944], [-72.200632, 63.780422], [-72.21467, 63.76911], [-72.20637, 63.740302], [-72.221506, 63.711656], [-72.213816, 63.677639], [-72.317576, 63.67886], [-72.324452, 63.744208], [-72.336049, 63.754543], [-72.364613, 63.753974], [-72.364613, 63.760728], [-72.319854, 63.780707], [-72.262522, 63.764106], [-72.248525, 63.767564], [-72.271677, 63.795071], [-72.27363, 63.809272], [-72.249989, 63.823188], [-72.220652, 63.869371], [-72.187082, 63.882229], [-72.131337, 63.88642], [-72.090321, 63.910956], [-72.161814, 63.898017], [-72.209177, 63.900824], [-72.233632, 63.919379], [-72.220652, 63.932074], [-72.24177, 63.959418], [-72.27538, 63.92475], [-72.254832, 63.897366], [-72.257924, 63.884019], [-72.310007, 63.904202], [-72.327626, 63.873725], [-72.405588, 63.828437], [-72.368845, 63.811021], [-72.368479, 63.785224], [-72.378245, 63.782538], [-72.513173, 63.78974], [-72.535959, 63.801703], [-72.473215, 63.809882], [-72.460805, 63.822211], [-72.573801, 63.852973], [-72.598093, 63.867133], [-72.643015, 63.854682], [-72.666249, 63.856391], [-72.641062, 63.88052], [-72.64033, 63.895209], [-72.666249, 63.932074], [-72.612009, 63.94953], [-72.604848, 63.96247], [-72.611643, 64.000963], [-72.591176, 64.027655], [-72.612131, 64.032172], [-72.653391, 64.014106], [-72.669749, 64.017401], [-72.677846, 64.032416], [-72.663889, 64.059149], [-72.663197, 64.08393], [-72.682362, 64.088202], [-72.705881, 64.017035], [-72.691274, 64.004218], [-72.667104, 63.998114], [-72.658803, 63.986721], [-72.700266, 63.96719], [-72.734242, 63.969875], [-72.74824, 64.000963], [-72.77892, 64.015937], [-72.854929, 64.022162], [-72.885976, 64.035102], [-72.858103, 64.041938], [-72.858103, 64.048163], [-72.933827, 64.054999], [-72.941884, 64.067939], [-72.934926, 64.077704], [-72.875315, 64.094224], [-72.875722, 64.115871], [-72.899037, 64.123928], [-72.905588, 64.165595], [-72.919504, 64.178534], [-72.965443, 64.191392], [-73.078236, 64.183295], [-73.084665, 64.198961], [-73.054311, 64.22842], [-73.063547, 64.246772], [-73.111562, 64.255845], [-73.131785, 64.26789], [-73.122141, 64.280341], [-73.104482, 64.28148], [-73.130076, 64.291693], [-73.216257, 64.299058], [-73.225697, 64.325995], [-73.243357, 64.336127], [-73.25532, 64.329332], [-73.249094, 64.322455], [-73.259633, 64.314154], [-73.310536, 64.315009], [-73.310536, 64.308824], [-73.274892, 64.291327], [-73.270457, 64.275092], [-73.282664, 64.260443], [-73.340688, 64.258734], [-73.386301, 64.28148], [-73.392079, 64.336005], [-73.348988, 64.351223], [-73.333974, 64.380927], [-73.327341, 64.383979], [-73.296254, 64.364081], [-73.265574, 64.370307], [-73.341257, 64.405097], [-73.359975, 64.399604], [-73.374949, 64.375678], [-73.393137, 64.370307], [-73.416697, 64.374091], [-73.481882, 64.405097], [-73.449656, 64.442206], [-73.42927, 64.454169], [-73.383982, 64.438422], [-73.325673, 64.455715], [-73.30309, 64.472724], [-73.325429, 64.479193], [-73.389394, 64.459662], [-73.418406, 64.465033], [-73.417185, 64.477362], [-73.397694, 64.491116], [-73.272694, 64.527981], [-73.248118, 64.564643], [-73.180369, 64.575751], [-73.167185, 64.590033], [-73.174672, 64.616116], [-73.224477, 64.591742], [-73.248362, 64.589057], [-73.268992, 64.596869], [-73.282704, 64.640326], [-73.30309, 64.665717], [-73.338857, 64.651679], [-73.351511, 64.637844], [-73.309438, 64.593655], [-73.301381, 64.565579], [-73.313954, 64.538153], [-73.464223, 64.508002], [-73.481882, 64.51496], [-73.468861, 64.529853], [-73.468455, 64.546129], [-73.488718, 64.575751], [-73.41218, 64.553046], [-73.395334, 64.565131], [-73.452341, 64.591498], [-73.444529, 64.60224], [-73.427235, 64.603013], [-73.450266, 64.6164], [-73.537221, 64.592475], [-73.58259, 64.596503], [-73.578074, 64.6105], [-73.603749, 64.643134], [-73.646352, 64.665717], [-73.669016, 64.663967], [-73.662953, 64.613511], [-73.687937, 64.582587], [-73.646352, 64.575751], [-73.664052, 64.563544], [-73.748158, 64.555854], [-73.751902, 64.541571], [-73.790964, 64.551703], [-73.872548, 64.604071], [-73.921702, 64.60928], [-73.933176, 64.603258], [-73.934397, 64.590033], [-73.885976, 64.575751], [-73.891591, 64.554185], [-73.860789, 64.530707], [-73.844716, 64.504543], [-73.79658, 64.49315], [-73.803415, 64.500637], [-73.782908, 64.48017], [-73.816518, 64.468451], [-73.841298, 64.487698], [-73.874013, 64.499172], [-73.885976, 64.49315], [-73.876291, 64.464179], [-73.896189, 64.459662], [-73.961659, 64.48017], [-73.956492, 64.457099], [-73.96642, 64.427802], [-73.940541, 64.411282], [-73.989613, 64.390774], [-73.995798, 64.329332], [-74.015126, 64.327216], [-74.05781, 64.339667], [-74.077748, 64.329332], [-74.071523, 64.336819], [-74.102284, 64.335883], [-74.114369, 64.34101], [-74.112498, 64.349799], [-74.163401, 64.358385], [-74.17394, 64.370307], [-74.114451, 64.370551], [-74.098215, 64.377753], [-74.112498, 64.405097], [-74.07905, 64.4206], [-74.17394, 64.465888], [-74.094472, 64.459662], [-74.055898, 64.434475], [-74.043568, 64.44599], [-74.05134, 64.469306], [-74.126169, 64.541571], [-73.999623, 64.516669], [-73.954823, 64.51496], [-73.954823, 64.521145], [-73.997914, 64.543443], [-74.089345, 64.567857], [-74.152821, 64.564154], [-74.167104, 64.569525], [-74.167104, 64.575751], [-74.131418, 64.590074], [-74.002634, 64.582587], [-74.018748, 64.600531], [-74.072336, 64.620795], [-74.083933, 64.640937], [-74.067209, 64.668647], [-74.049794, 64.725898], [-74.081736, 64.748481], [-74.101145, 64.752997], [-74.118723, 64.747707], [-74.128245, 64.731594], [-74.108591, 64.704739], [-74.118723, 64.685614], [-74.167104, 64.685614], [-74.202341, 64.665229], [-74.214955, 64.678778], [-74.232493, 64.65644], [-74.214182, 64.619452], [-74.215891, 64.608873], [-74.242258, 64.582587], [-74.292551, 64.622219], [-74.293772, 64.634426], [-74.262318, 64.650946], [-74.266428, 64.662014], [-74.300282, 64.683051], [-74.32551, 64.678127], [-74.32433, 64.642646], [-74.33845, 64.631008], [-74.359731, 64.633979], [-74.420359, 64.665717], [-74.387685, 64.626695], [-74.344594, 64.596869], [-74.368601, 64.576606], [-74.39448, 64.57685], [-74.434641, 64.6105], [-74.421946, 64.613349], [-74.415842, 64.627631], [-74.444692, 64.62873], [-74.496083, 64.616645], [-74.540761, 64.626166], [-74.55073, 64.631008], [-74.56432, 64.665717], [-74.625437, 64.684719], [-74.708363, 64.74022], [-74.683909, 64.762193], [-74.660512, 64.761298], [-74.642283, 64.791002], [-74.606923, 64.803412], [-74.570668, 64.841254], [-74.553619, 64.848822], [-74.486643, 64.836656], [-74.481801, 64.850084], [-74.501902, 64.862779], [-74.562245, 64.864163], [-74.577992, 64.877387], [-74.5572, 64.883857], [-74.543894, 64.898505], [-74.646311, 64.904731], [-74.660756, 64.899726], [-74.640085, 64.863715], [-74.662099, 64.868883], [-74.742869, 64.857856], [-74.709828, 64.803046], [-74.718577, 64.777777], [-74.731435, 64.772162], [-74.821604, 64.809149], [-74.852366, 64.781195], [-74.920888, 64.802314], [-74.988881, 64.802314], [-74.964915, 64.775133], [-74.848622, 64.7508], [-74.838083, 64.725898], [-74.814809, 64.709784], [-74.728831, 64.689032], [-74.591664, 64.631008], [-74.468739, 64.562079], [-74.521474, 64.542182], [-74.625437, 64.548814], [-74.646311, 64.534735], [-74.553171, 64.524807], [-74.536448, 64.507473], [-74.557444, 64.501166], [-74.605295, 64.521145], [-74.619211, 64.516506], [-74.617258, 64.505927], [-74.5985, 64.487006], [-74.531931, 64.475409], [-74.505686, 64.461737], [-74.538075, 64.447699], [-74.536448, 64.431708], [-74.613596, 64.427232], [-74.612172, 64.411282], [-74.684763, 64.397773], [-74.68102, 64.377753], [-74.790883, 64.405097], [-74.783437, 64.383979], [-74.814809, 64.385728], [-74.851389, 64.396308], [-74.926096, 64.43476], [-74.972117, 64.418118], [-75.019114, 64.441636], [-75.113026, 64.465888], [-75.156809, 64.494371], [-75.174509, 64.49315], [-75.188669, 64.482408], [-75.153391, 64.465888], [-75.148874, 64.45185], [-75.194936, 64.44599], [-75.187489, 64.438544], [-75.197703, 64.432847], [-75.219431, 64.434027], [-75.242747, 64.459662], [-75.311838, 64.479967], [-75.358347, 64.511542], [-75.456044, 64.537421], [-75.541086, 64.54206], [-75.565134, 64.551703], [-75.571726, 64.575751], [-75.617787, 64.566799], [-75.66279, 64.568549], [-75.820017, 64.622219], [-75.842356, 64.613593], [-75.841257, 64.601508], [-75.784006, 64.575751], [-75.784006, 64.569525], [-75.839223, 64.562079], [-75.828196, 64.55976], [-75.815378, 64.531399], [-75.739329, 64.51496], [-75.633168, 64.459662], [-75.652821, 64.451483], [-75.723093, 64.471503], [-75.743031, 64.465888], [-75.694651, 64.44599], [-75.710194, 64.441555], [-75.749867, 64.459662], [-75.865915, 64.489081], [-75.921824, 64.487006], [-75.849192, 64.465888], [-75.798289, 64.438544], [-75.824941, 64.431708], [-75.715769, 64.383979], [-75.736033, 64.372463], [-75.831776, 64.383979], [-75.847157, 64.368069], [-75.91926, 64.389065], [-75.949086, 64.377753], [-75.952992, 64.407538], [-75.978342, 64.40648], [-76.071238, 64.3664], [-76.092478, 64.370307], [-76.110219, 64.391832], [-76.126658, 64.390774], [-76.120432, 64.390774], [-76.175038, 64.377753], [-76.14094, 64.370307], [-76.167673, 64.355292], [-76.233266, 64.368354], [-76.286366, 64.35106], [-76.35261, 64.362372], [-76.379832, 64.356635], [-76.321156, 64.321112], [-76.297922, 64.315009], [-76.207753, 64.319241], [-76.188059, 64.301418], [-76.317616, 64.280829], [-76.420033, 64.320746], [-76.461659, 64.324368], [-76.489695, 64.315009], [-76.428293, 64.308824], [-76.379832, 64.288398], [-76.406728, 64.274237], [-76.454701, 64.269965], [-76.496287, 64.278062], [-76.503977, 64.301418], [-76.55488, 64.308824], [-76.575876, 64.299872], [-76.596181, 64.315009], [-76.640859, 64.283637], [-76.688954, 64.28148], [-76.681508, 64.295233], [-76.710927, 64.305365], [-76.727895, 64.296129], [-76.730336, 64.276272], [-76.716257, 64.254218], [-76.718251, 64.24136], [-76.656687, 64.22134], [-76.657419, 64.209052], [-76.669504, 64.196845], [-76.688954, 64.191555], [-76.764109, 64.205797], [-76.846628, 64.205797], [-76.811838, 64.219428], [-76.832346, 64.226874], [-76.82551, 64.233791], [-76.89863, 64.24372], [-76.962717, 64.274115], [-76.982004, 64.257514], [-77.017445, 64.259019], [-77.133249, 64.301093], [-77.152211, 64.284654], [-77.350819, 64.241116], [-77.381052, 64.246772], [-77.370188, 64.28148], [-77.40156, 64.295233], [-77.436228, 64.289984], [-77.4499, 64.295233], [-77.381052, 64.315009], [-77.404856, 64.327582], [-77.42101, 64.327135], [-77.435658, 64.315009], [-77.545522, 64.315009], [-77.545522, 64.322455], [-77.490915, 64.349799], [-77.511057, 64.357245], [-77.556101, 64.357815], [-77.654734, 64.390774], [-77.662343, 64.377346], [-77.647043, 64.332221], [-77.678944, 64.322455], [-77.692616, 64.336819], [-77.757802, 64.342963], [-77.774526, 64.364081], [-77.853993, 64.370307], [-77.90864, 64.405097], [-77.860178, 64.405097], [-77.832021, 64.421942], [-77.882151, 64.424709], [-77.962636, 64.411282], [-78.010976, 64.428209], [-78.018178, 64.442776], [-77.970041, 64.459662], [-77.970041, 64.465888], [-78.047231, 64.496527], [-78.077463, 64.517279], [-78.065623, 64.541571], [-78.144399, 64.557318], [-78.1822, 64.579657], [-78.184763, 64.586737], [-78.172434, 64.590033], [-78.128367, 64.590033], [-78.128367, 64.596869], [-78.162099, 64.609565], [-78.169667, 64.620673], [-78.161855, 64.637844], [-78.168894, 64.645331], [-78.196604, 64.651435], [-78.183054, 64.681586], [-78.155629, 64.699286], [-78.186594, 64.708645], [-78.299021, 64.706732], [-78.182973, 64.725898], [-78.189768, 64.729967], [-78.182973, 64.733385], [-78.187937, 64.752997], [-78.174631, 64.768052], [-78.123036, 64.784491], [-78.113596, 64.813788], [-78.07311, 64.815904], [-78.077138, 64.828803], [-78.065623, 64.850084], [-78.086985, 64.868232], [-78.117502, 64.877387], [-78.132883, 64.903713], [-78.145579, 64.95185], [-78.120595, 64.974189], [-78.08906, 64.982367], [-78.021921, 65.018215], [-77.976918, 65.027574], [-77.974314, 65.044135], [-77.963612, 65.051947], [-77.877553, 65.069159], [-77.816843, 65.091498], [-77.704945, 65.110541], [-77.629465, 65.148424], [-77.48644, 65.148098], [-77.376536, 65.168362], [-77.312815, 65.200141], [-77.51415, 65.326117], [-77.456125, 65.385077], [-77.314036, 65.362494], [-77.291697, 65.381415], [-77.312001, 65.398139], [-77.406809, 65.438625], [-77.435658, 65.459621], [-77.391591, 65.47309], [-77.236399, 65.473863], [-77.271799, 65.467027], [-77.271799, 65.459621], [-77.193959, 65.455308], [-77.120351, 65.439765], [-77.11677, 65.424384], [-77.089548, 65.416002], [-76.966379, 65.411689], [-76.94933, 65.428697], [-76.9322, 65.433336], [-76.830922, 65.431098], [-76.767771, 65.405585], [-76.676869, 65.411078], [-76.120432, 65.288275], [-76.041575, 65.286282], [-76.017405, 65.28205], [-75.982777, 65.261379], [-75.911204, 65.25788], [-75.797922, 65.232327], [-75.757314, 65.213813], [-75.770334, 65.192694], [-75.75532, 65.188381], [-75.739329, 65.159166], [-75.653635, 65.144924], [-75.523915, 65.110093], [-75.452341, 65.078559], [-75.41865, 65.030463], [-75.415842, 65.016059], [-75.440745, 65.007717], [-75.414052, 64.980414], [-75.502268, 64.944281], [-75.555043, 64.940497], [-75.633046, 64.953518], [-75.667917, 64.945624], [-75.606516, 64.918362], [-75.61266, 64.918362], [-75.604319, 64.881822], [-75.580515, 64.857815], [-75.491322, 64.856757], [-75.460276, 64.843085], [-75.46821, 64.813056], [-75.523915, 64.809149], [-75.517161, 64.802314], [-75.53303, 64.793891], [-75.537587, 64.781195], [-75.449696, 64.771796], [-75.427724, 64.753852], [-75.433949, 64.747707], [-75.401438, 64.742255], [-75.395131, 64.734524], [-75.407216, 64.725898], [-75.333608, 64.724311], [-75.296986, 64.734076], [-75.294016, 64.7508], [-75.335154, 64.772447], [-75.353098, 64.793362], [-75.359446, 64.82274], [-75.352651, 64.829576], [-75.373118, 64.835842], [-75.361195, 64.866156], [-75.338979, 64.884223], [-75.356882, 64.901801], [-75.345815, 64.925198], [-75.387196, 64.919582], [-75.459421, 64.877143], [-75.571726, 64.884223], [-75.484568, 64.904446], [-75.468251, 64.938951], [-75.445261, 64.951483], [-75.38679, 64.959947], [-75.393015, 64.982489], [-75.371165, 64.984687], [-75.262563, 64.957017], [-75.292104, 64.989976], [-75.290517, 65.000922], [-75.24767, 65.014879], [-75.2353, 65.055854], [-75.194936, 65.072659], [-75.19872, 65.105699], [-75.253896, 65.108629], [-75.270212, 65.049384], [-75.30724, 65.025214], [-75.363149, 65.007636], [-75.379954, 65.014594], [-75.407216, 65.062323], [-75.562123, 65.168931], [-75.644887, 65.184882], [-75.68163, 65.200141], [-75.692983, 65.191596], [-75.71821, 65.191555], [-75.729441, 65.200141], [-75.708933, 65.213813], [-75.750722, 65.236396], [-75.800242, 65.250922], [-75.908152, 65.260972], [-75.89802, 65.278876], [-75.934641, 65.291693], [-75.949086, 65.322455], [-75.715403, 65.308783], [-75.665028, 65.325385], [-75.640614, 65.343492], [-75.620554, 65.343411], [-75.603505, 65.334621], [-75.598093, 65.321601], [-75.61266, 65.308783], [-75.58373, 65.286119], [-75.549794, 65.277086], [-75.193186, 65.256293], [-75.129832, 65.267768], [-75.10558, 65.27851], [-75.083974, 65.30272], [-75.074167, 65.328355], [-75.109731, 65.393866], [-75.105051, 65.396145], [-75.0655, 65.39765], [-74.968455, 65.377631], [-74.937978, 65.391913], [-74.872182, 65.398139], [-74.785959, 65.386542], [-74.755605, 65.398261], [-74.74592, 65.425686], [-74.715159, 65.439765], [-74.708363, 65.432318], [-74.675364, 65.431383], [-74.674428, 65.420071], [-74.708363, 65.405585], [-74.668202, 65.395331], [-74.660512, 65.385077], [-74.694692, 65.377631], [-74.661366, 65.350735], [-74.608754, 65.335883], [-74.551218, 65.333401], [-74.502919, 65.343492], [-74.434031, 65.381415], [-74.344594, 65.411811], [-74.324818, 65.451483], [-74.306752, 65.471869], [-74.286936, 65.480699], [-74.176625, 65.487006], [-74.153432, 65.49494], [-74.187571, 65.521674], [-74.118357, 65.537095], [-74.043568, 65.535346], [-74.029978, 65.521674], [-73.983754, 65.506822], [-73.957957, 65.506415], [-73.912953, 65.532416], [-73.88036, 65.535712], [-73.776072, 65.524848], [-73.739084, 65.516791], [-73.741933, 65.498033], [-73.733754, 65.487779], [-73.673655, 65.459621], [-73.594716, 65.47602], [-73.525583, 65.453803], [-73.474436, 65.459621], [-73.50239, 65.480699], [-73.496042, 65.493964], [-73.509145, 65.501166], [-73.50239, 65.501166], [-73.589915, 65.588772], [-73.63268, 65.610419], [-73.63268, 65.617906], [-73.613474, 65.629462], [-73.611562, 65.651353], [-73.624827, 65.661811], [-73.680491, 65.665025], [-73.694285, 65.678412], [-73.701609, 65.699856], [-73.695546, 65.714586], [-73.653188, 65.720282], [-73.701975, 65.746324], [-73.717844, 65.774604], [-73.824696, 65.815375], [-73.899119, 65.825873], [-74.012318, 65.855129], [-74.08141, 65.90762], [-74.130442, 65.92357], [-74.181386, 65.95303], [-74.220774, 65.991156], [-74.242258, 65.994045], [-74.236033, 65.994045], [-74.420359, 66.083441], [-74.458567, 66.112047], [-74.473704, 66.131415], [-74.472157, 66.148586], [-74.420277, 66.187201], [-74.345408, 66.225816], [-74.082021, 66.300238], [-73.961659, 66.357123], [-73.906443, 66.357123], [-73.913279, 66.371405], [-73.900583, 66.379706], [-73.780222, 66.418402], [-73.71467, 66.46015], [-73.455637, 66.550605], [-73.430857, 66.563788], [-73.411366, 66.608385], [-73.389963, 66.629543], [-73.344675, 66.658759], [-73.098337, 66.727688], [-73.010487, 66.725898], [-72.948964, 66.734565], [-73.005483, 66.779202]]], [[[-78.665842, 69.966132], [-78.700022, 69.931342], [-78.73762, 69.914374], [-78.778798, 69.907457], [-78.799916, 69.879543], [-78.888051, 69.893785], [-79.432444, 69.883694], [-79.680857, 69.848578], [-79.772532, 69.886949], [-79.818918, 69.944403], [-79.906077, 69.9831], [-79.981272, 69.950751], [-80.0, 69.94757924774551], [-80.0, 70.0], [-78.66532214477132, 70.0], [-78.665842, 69.966132]]], [[[-64.434153, 60.301703], [-64.426666, 60.2862], [-64.620025, 60.355048], [-64.703359, 60.361274], [-64.750315, 60.373847], [-64.824371, 60.415473], [-64.854115, 60.440416], [-64.861562, 60.465522], [-64.826894, 60.485419], [-64.726959, 60.477973], [-64.682607, 60.48017], [-64.641347, 60.492255], [-64.60143, 60.468817], [-64.607167, 60.457465], [-64.569651, 60.457953], [-64.560414, 60.449408], [-64.566274, 60.430813], [-64.539418, 60.426011], [-64.529368, 60.414211], [-64.531484, 60.375556], [-64.487416, 60.402167], [-64.422475, 60.39761], [-64.435902, 60.368109], [-64.463246, 60.355048], [-64.477447, 60.33393], [-64.434153, 60.301703]]], [[[-67.840326, 60.489519], [-67.826494, 60.465663], [-67.847044, 60.416408], [-67.887619, 60.379092], [-67.908525, 60.37686], [-67.93507, 60.347121], [-67.960126, 60.33256], [-67.955846, 60.302117], [-67.972847, 60.290296], [-68.061237, 60.294123], [-68.11087, 60.268521], [-68.172645, 60.257513], [-68.181259, 60.238877], [-68.204554, 60.226395], [-68.283903, 60.217285], [-68.320967, 60.197129], [-68.375028, 60.196568], [-68.419382, 60.209676], [-68.439034, 60.259333], [-68.416585, 60.30753], [-68.379962, 60.37583], [-68.307699, 60.469957], [-68.241306, 60.585606], [-68.130557, 60.596545], [-68.028117, 60.582671], [-67.999131, 60.585889], [-67.946554, 60.530584], [-67.880798, 60.496805], [-67.840326, 60.489519]]], [[[-64.593984, 60.683661], [-64.59732, 60.650214], [-64.625559, 60.614569], [-64.689768, 60.587836], [-64.713531, 60.597642], [-64.716461, 60.604926], [-64.692128, 60.615465], [-64.61026, 60.690172], [-64.593984, 60.683661]]], [[[-78.223256, 60.834866], [-78.223256, 60.813137], [-78.340566, 60.772773], [-78.295155, 60.779853], [-78.278472, 60.779608], [-78.278472, 60.772773], [-78.336293, 60.758694], [-78.504384, 60.738674], [-78.588531, 60.714301], [-78.696116, 60.714097], [-78.627919, 60.752346], [-78.616078, 60.776435], [-78.251129, 60.827379], [-78.243723, 60.834866], [-78.223256, 60.834866]]], [[[-64.851186, 61.333726], [-64.875111, 61.330715], [-64.90038, 61.340644], [-64.915028, 61.361802], [-64.955434, 61.347602], [-64.975413, 61.349351], [-64.983957, 61.365546], [-64.977162, 61.379096], [-64.922475, 61.402777], [-64.972035, 61.416449], [-65.075795, 61.418606], [-65.121083, 61.436957], [-65.121083, 61.444322], [-65.099355, 61.443915], [-65.086985, 61.457994], [-65.160797, 61.45897], [-65.179514, 61.468573], [-65.193105, 61.502387], [-65.26301, 61.509345], [-65.29308, 61.533759], [-65.376291, 61.548245], [-65.485829, 61.599311], [-65.484242, 61.622504], [-65.470611, 61.644355], [-65.429189, 61.662258], [-65.04662, 61.697659], [-64.975697, 61.680487], [-64.71703, 61.663479], [-64.792144, 61.622504], [-64.777984, 61.618476], [-64.723256, 61.636135], [-64.737538, 61.615668], [-64.684153, 61.618476], [-64.649973, 61.604722], [-64.723378, 61.550482], [-64.720123, 61.539984], [-64.682281, 61.533759], [-64.71703, 61.513251], [-64.675038, 61.508002], [-64.67927, 61.495266], [-64.696604, 61.457994], [-64.721181, 61.438625], [-64.782623, 61.42414], [-64.799631, 61.410224], [-64.78661, 61.395331], [-64.840566, 61.351549], [-64.851186, 61.333726]]], [[[-65.676015, 61.759711], [-65.691518, 61.750393], [-65.721181, 61.757554], [-65.772206, 61.787014], [-65.786488, 61.764635], [-65.813547, 61.759711], [-65.899973, 61.772895], [-65.946401, 61.801093], [-65.791493, 61.872504], [-65.752349, 61.855862], [-65.793324, 61.845038], [-65.784535, 61.831122], [-65.776519, 61.828192], [-65.737782, 61.84748], [-65.723297, 61.844306], [-65.703277, 61.793158], [-65.676015, 61.759711]]], [[[-65.207834, 61.925523], [-65.198557, 61.945217], [-65.187571, 61.950263], [-65.113189, 61.944037], [-65.066518, 61.930365], [-65.029937, 61.887926], [-65.01887, 61.856147], [-64.977773, 61.896877], [-64.960357, 61.884182], [-64.95759, 61.832709], [-64.950103, 61.821112], [-64.91808, 61.833157], [-64.891957, 61.832831], [-64.82787, 61.761176], [-64.874338, 61.734361], [-64.929921, 61.727118], [-65.037831, 61.768256], [-65.147328, 61.783922], [-65.169545, 61.814927], [-65.204335, 61.82099], [-65.222035, 61.83454], [-65.255198, 61.890855], [-65.2412, 61.920396], [-65.207834, 61.925523]]], [[[-79.265736, 62.249823], [-79.263824, 62.235541], [-79.272206, 62.204739], [-79.269521, 62.145209], [-79.327748, 62.070461], [-79.334299, 62.047675], [-79.325999, 61.98843], [-79.367502, 62.004462], [-79.386383, 62.002183], [-79.40274, 61.958075], [-79.440785, 61.927191], [-79.456532, 61.896877], [-79.5183, 61.84809], [-79.537455, 61.787414], [-79.539703, 61.800605], [-79.540811, 61.777228], [-79.563307, 61.742397], [-79.616444, 61.704413], [-79.638987, 61.660549], [-79.688791, 61.625881], [-79.724436, 61.61225], [-79.75886, 61.58218], [-79.833811, 61.573065], [-79.8544, 61.58218], [-79.861887, 61.601386], [-79.88915, 61.615668], [-79.950022, 61.683295], [-80.0, 61.70819500466541], [-80.0, 62.30058621256854], [-79.98923, 62.30844], [-79.976557, 62.341254], [-79.934565, 62.37805], [-79.8308, 62.410793], [-79.790517, 62.395941], [-79.757924, 62.404853], [-79.723988, 62.402899], [-79.711049, 62.39647], [-79.722646, 62.384752], [-79.703603, 62.376654], [-79.611073, 62.417629], [-79.558583, 62.420396], [-79.539703, 62.417629], [-79.545888, 62.417629], [-79.504994, 62.39647], [-79.454661, 62.388373], [-79.440419, 62.379788], [-79.419301, 62.341864], [-79.368398, 62.321438], [-79.340443, 62.286607], [-79.28246, 62.269924], [-79.265736, 62.249823]]], [[[-64.381256, 62.513821], [-64.360178, 62.505764], [-64.360178, 62.499579], [-64.484283, 62.485826], [-64.484283, 62.47842], [-64.463002, 62.472805], [-64.394928, 62.464789], [-64.44518, 62.436998], [-64.497629, 62.448554], [-64.50475, 62.444892], [-64.500396, 62.439195], [-64.470041, 62.417629], [-64.594146, 62.369818], [-64.922963, 62.419501], [-64.952138, 62.43537], [-64.942983, 62.459174], [-64.96349, 62.464789], [-64.93224, 62.489325], [-64.886342, 62.496649], [-64.792144, 62.492743], [-64.867828, 62.527493], [-64.841664, 62.556057], [-64.80134, 62.568508], [-64.7565, 62.567084], [-64.71703, 62.554145], [-64.686025, 62.533677], [-64.648427, 62.547309], [-64.552561, 62.541083], [-64.552235, 62.559719], [-64.526235, 62.561225], [-64.463246, 62.547309], [-64.466664, 62.526679], [-64.404408, 62.535956], [-64.380605, 62.527493], [-64.381256, 62.513821]]], [[[-77.836334, 62.562323], [-77.860585, 62.550482], [-77.932444, 62.547309], [-78.087026, 62.560981], [-78.113352, 62.574652], [-78.108713, 62.584052], [-78.090443, 62.588324], [-77.886952, 62.599189], [-77.853912, 62.588324], [-77.836334, 62.562323]]], [[[-77.620513, 62.588324], [-77.665639, 62.561347], [-77.692942, 62.567694], [-77.744049, 62.541083], [-77.762074, 62.540025], [-77.804107, 62.548163], [-77.833485, 62.602607], [-77.806142, 62.595771], [-77.764556, 62.602607], [-77.722971, 62.588324], [-77.620513, 62.588324]]], [[[-65.11441, 62.538479], [-65.141591, 62.554145], [-65.083079, 62.559394], [-65.024973, 62.595771], [-64.95401, 62.608547], [-64.91454, 62.60692], [-64.840566, 62.582099], [-64.884145, 62.556627], [-64.932485, 62.554511], [-64.966908, 62.533677], [-65.11441, 62.538479]]], [[[-73.964711, 62.609442], [-74.118642, 62.602607], [-74.3756, 62.634467], [-74.444163, 62.662055], [-74.532094, 62.668891], [-74.653066, 62.719306], [-74.530141, 62.753363], [-74.48176, 62.745917], [-74.44815, 62.725491], [-74.413442, 62.725491], [-74.392201, 62.708482], [-74.400543, 62.702338], [-74.394521, 62.695014], [-74.3756, 62.684516], [-74.15274, 62.691962], [-74.016225, 62.670844], [-73.964711, 62.609442]]], [[[-70.199472, 62.610137], [-70.17705, 62.589988], [-70.194048, 62.567536], [-70.230833, 62.550923], [-70.361982, 62.526865], [-70.562367, 62.541083], [-70.644643, 62.568427], [-70.68224, 62.547309], [-70.727895, 62.553412], [-70.740549, 62.557563], [-70.725416, 62.569026], [-70.733388, 62.595771], [-70.790678, 62.602832], [-70.82045, 62.626613], [-70.817082, 62.673246], [-70.866526, 62.720038], [-70.92516, 62.745917], [-70.890248, 62.754625], [-70.856923, 62.745917], [-70.850087, 62.753363], [-70.792714, 62.744208], [-70.778066, 62.749661], [-70.773997, 62.771308], [-70.802317, 62.780097], [-70.907338, 62.774848], [-70.959625, 62.803168], [-70.996978, 62.811713], [-71.034657, 62.8133], [-71.072499, 62.800198], [-71.157297, 62.803453], [-71.179677, 62.814846], [-71.147369, 62.825629], [-71.068674, 62.820258], [-71.035064, 62.829169], [-71.197418, 62.850246], [-71.23705, 62.873196], [-71.235951, 62.88642], [-71.20816, 62.888739], [-70.788645, 62.841539], [-70.492493, 62.766957], [-70.473622, 62.750393], [-70.413075, 62.731513], [-70.397572, 62.719306], [-70.425526, 62.719306], [-70.425526, 62.71247], [-70.384877, 62.695502], [-70.32666, 62.686512], [-70.373302, 62.666557], [-70.274964, 62.657365], [-70.24059, 62.615627], [-70.199472, 62.610137]]], [[[-77.495961, 63.276068], [-77.504506, 63.260484], [-77.567494, 63.207221], [-77.559682, 63.18476], [-77.644839, 63.14317], [-77.758786, 63.110358], [-77.940764, 63.087149], [-78.045725, 63.130113], [-78.044342, 63.144232], [-78.11026, 63.1612], [-78.14977, 63.189114], [-78.208567, 63.21015], [-78.3155, 63.281928], [-78.456654, 63.356676], [-78.509185, 63.374986], [-78.531728, 63.390204], [-78.511237, 63.410694], [-78.53305, 63.418288], [-78.524749, 63.431986], [-78.544272, 63.449184], [-78.518503, 63.485019], [-78.484813, 63.511106], [-78.440545, 63.519387], [-78.379811, 63.455133], [-78.278296, 63.482291], [-78.18635, 63.493232], [-78.079823, 63.472805], [-78.048818, 63.485826], [-77.844309, 63.47248], [-77.819203, 63.452338], [-77.847076, 63.438666], [-77.826405, 63.432074], [-77.758046, 63.424384], [-77.682607, 63.438666], [-77.688832, 63.418158], [-77.659576, 63.41592], [-77.634185, 63.403876], [-77.654652, 63.39765], [-77.627349, 63.390204], [-77.641713, 63.375922], [-77.628326, 63.355211], [-77.55602, 63.318264], [-77.537994, 63.287787], [-77.495961, 63.276068]]], [[[-64.099192, 63.321845], [-64.059722, 63.274807], [-64.09317, 63.28026], [-64.159576, 63.320217], [-64.182607, 63.321357], [-64.168853, 63.308539], [-64.18578, 63.301459], [-64.279205, 63.341132], [-64.329091, 63.387763], [-64.351552, 63.394721], [-64.363881, 63.42772], [-64.40095, 63.465074], [-64.422231, 63.472805], [-64.388051, 63.485826], [-64.408559, 63.493232], [-64.406972, 63.511379], [-64.417795, 63.531562], [-64.463775, 63.56269], [-64.497914, 63.616767], [-64.464955, 63.64704], [-64.394399, 63.663275], [-64.394928, 63.677639], [-64.354888, 63.66885], [-64.326039, 63.64411], [-64.316029, 63.573676], [-64.28189, 63.516303], [-64.283762, 63.49901], [-64.305531, 63.485826], [-64.273549, 63.470893], [-64.251576, 63.444892], [-64.292551, 63.438666], [-64.251576, 63.424384], [-64.216786, 63.390204], [-64.188832, 63.39765], [-64.169057, 63.375922], [-64.169057, 63.362942], [-64.086415, 63.335028], [-64.099192, 63.321845]]], [[[-76.544911, 63.466539], [-76.629465, 63.429633], [-76.654775, 63.438666], [-76.638783, 63.419501], [-76.652455, 63.399726], [-76.701975, 63.369696], [-76.850168, 63.390204], [-76.866444, 63.39765], [-76.866078, 63.408149], [-76.890004, 63.411933], [-76.982086, 63.407294], [-77.038319, 63.43122], [-77.161855, 63.507514], [-77.194692, 63.509467], [-77.243764, 63.527411], [-77.243764, 63.541002], [-77.252838, 63.549262], [-77.373525, 63.581977], [-77.360463, 63.589423], [-77.435618, 63.595649], [-77.401479, 63.602484], [-77.420522, 63.604682], [-77.441396, 63.619452], [-77.33316, 63.622992], [-77.33316, 63.630439], [-77.413442, 63.632717], [-77.44811, 63.641669], [-77.446116, 63.661119], [-77.396962, 63.693427], [-77.366444, 63.701402], [-77.287709, 63.685696], [-77.196034, 63.685045], [-77.137359, 63.664537], [-77.106191, 63.669623], [-77.120269, 63.685045], [-76.70934, 63.567776], [-76.722401, 63.562201], [-76.707265, 63.545885], [-76.617828, 63.521674], [-76.688873, 63.485826], [-76.544911, 63.466539]]], [[[-72.459828, 63.687934], [-72.471303, 63.675605], [-72.4912, 63.672187], [-72.513417, 63.694525], [-72.540395, 63.694525], [-72.591135, 63.677639], [-72.542714, 63.664537], [-72.599721, 63.646674], [-72.629872, 63.64643], [-72.679596, 63.672065], [-72.782867, 63.664537], [-72.782867, 63.671373], [-72.5006, 63.712795], [-72.474436, 63.705512], [-72.459828, 63.687934]]], [[[-64.916493, 63.823676], [-64.8933, 63.846625], [-64.812611, 63.883694], [-64.786977, 63.853339], [-64.75121, 63.828437], [-64.756256, 63.849351], [-64.778472, 63.863186], [-64.757802, 63.878241], [-64.730784, 63.869371], [-64.728993, 63.902655], [-64.687489, 63.917629], [-64.643707, 63.915432], [-64.635121, 63.897366], [-64.61384, 63.886054], [-64.562571, 63.908596], [-64.552561, 63.897366], [-64.607167, 63.842719], [-64.555409, 63.851793], [-64.50475, 63.842719], [-64.56371, 63.8039], [-64.613393, 63.787502], [-64.555043, 63.780219], [-64.501088, 63.751166], [-64.484283, 63.753974], [-64.444, 63.785224], [-64.422231, 63.781236], [-64.388051, 63.732856], [-64.408559, 63.732856], [-64.393544, 63.700832], [-64.401112, 63.688218], [-64.429067, 63.677639], [-64.457672, 63.677395], [-64.484283, 63.685045], [-64.52184, 63.719794], [-64.576161, 63.72602], [-64.598134, 63.743354], [-64.642323, 63.752509], [-64.702748, 63.787055], [-64.792144, 63.767564], [-64.888336, 63.794908], [-64.916493, 63.823676]]], [[[-77.983306, 63.97248], [-77.961781, 64.004584], [-77.905385, 64.024482], [-77.791371, 64.020819], [-77.770741, 64.027655], [-77.778188, 64.035102], [-77.595693, 64.041164], [-77.545481, 64.027655], [-77.545481, 64.020819], [-77.609364, 64.014228], [-77.644643, 63.982489], [-77.737213, 63.932074], [-77.973378, 63.965562], [-77.983306, 63.97248]]], [[[-73.173329, 64.205797], [-73.219146, 64.190497], [-73.26891, 64.18537], [-73.255238, 64.171698], [-73.287262, 64.147691], [-73.313344, 64.159857], [-73.365102, 64.15119], [-73.365102, 64.158026], [-73.348297, 64.160793], [-73.337758, 64.171698], [-73.39981, 64.164862], [-73.38622, 64.18537], [-73.391184, 64.196234], [-73.330963, 64.191555], [-73.314849, 64.200914], [-73.312123, 64.213935], [-73.337758, 64.239936], [-73.262074, 64.239936], [-73.276357, 64.219428], [-73.173329, 64.205797]]], [[[-73.524159, 64.492621], [-73.494862, 64.476467], [-73.504872, 64.432522], [-73.55012, 64.411282], [-73.539866, 64.370754], [-73.515289, 64.370307], [-73.574534, 64.345404], [-73.584218, 64.329332], [-73.565663, 64.328315], [-73.556264, 64.315009], [-73.608266, 64.313707], [-73.654205, 64.323228], [-73.654775, 64.392483], [-73.673573, 64.431708], [-73.625803, 64.452216], [-73.577992, 64.44599], [-73.604848, 64.478258], [-73.605458, 64.489244], [-73.577992, 64.487006], [-73.577992, 64.49315], [-73.673573, 64.507473], [-73.684193, 64.524807], [-73.608795, 64.560452], [-73.534006, 64.566148], [-73.509104, 64.555854], [-73.502309, 64.534735], [-73.509104, 64.534735], [-73.502309, 64.527981], [-73.529612, 64.504055], [-73.524159, 64.492621]]], [[[-65.501698, 64.533393], [-65.450673, 64.534735], [-65.501454, 64.519192], [-65.559641, 64.521145], [-65.659576, 64.508857], [-65.683461, 64.51496], [-65.68814, 64.547593], [-65.654042, 64.580756], [-65.606353, 64.606391], [-65.549875, 64.622748], [-65.497914, 64.665717], [-65.442738, 64.690009], [-65.428944, 64.729153], [-65.411936, 64.739814], [-65.393463, 64.739488], [-65.381825, 64.725898], [-65.409088, 64.658271], [-65.392934, 64.653144], [-65.360707, 64.699286], [-65.29308, 64.74022], [-65.298818, 64.722602], [-65.28893, 64.714748], [-65.251454, 64.712877], [-65.313547, 64.665717], [-65.265981, 64.665473], [-65.251454, 64.658271], [-65.250071, 64.637844], [-65.209828, 64.643988], [-65.228342, 64.624945], [-65.274892, 64.622992], [-65.337066, 64.604071], [-65.407541, 64.599758], [-65.436431, 64.590033], [-65.419301, 64.583238], [-65.360707, 64.582587], [-65.39094, 64.562079], [-65.444488, 64.551988], [-65.546254, 64.548407], [-65.501698, 64.533393]]], [[[-62.249827, 65.748236], [-62.249827, 65.74079], [-62.298207, 65.713446], [-62.264516, 65.707343], [-62.198842, 65.71369], [-62.167877, 65.706], [-62.202016, 65.69302], [-62.202016, 65.686184], [-62.182607, 65.692776], [-62.14387, 65.68769], [-62.126943, 65.679348], [-62.140533, 65.672512], [-62.134389, 65.654527], [-62.202016, 65.645209], [-62.189687, 65.630316], [-62.208852, 65.609524], [-62.251698, 65.63349], [-62.266225, 65.663804], [-62.318105, 65.61518], [-62.339182, 65.617906], [-62.348622, 65.630113], [-62.311269, 65.665025], [-62.363108, 65.650865], [-62.393788, 65.651353], [-62.387034, 65.672512], [-62.469553, 65.665025], [-62.44164, 65.69302], [-62.485707, 65.7237], [-62.483225, 65.74079], [-62.469635, 65.748847], [-62.414906, 65.74079], [-62.397084, 65.748196], [-62.387034, 65.727729], [-62.319081, 65.746568], [-62.249827, 65.748236]]], [[[-62.373931, 67.165839], [-62.590728, 67.095404], [-62.67101, 67.046129], [-62.720326, 67.05329], [-62.739858, 67.046373], [-62.746897, 67.018052], [-62.807769, 67.02025], [-62.901519, 67.063422], [-62.821929, 67.058417], [-62.805328, 67.063422], [-62.799875, 67.102484], [-62.718373, 67.110012], [-62.684682, 67.142279], [-62.612904, 67.145413], [-62.65392, 67.173285], [-62.638987, 67.178412], [-62.52477, 67.193793], [-62.40746, 67.186957], [-62.373931, 67.165839]]], [[[-63.476308, 67.340888], [-63.386138, 67.311713], [-63.360219, 67.29621], [-63.409169, 67.275336], [-63.460846, 67.27025], [-63.77009, 67.275865], [-63.83316, 67.289984], [-63.686879, 67.34691], [-63.631581, 67.356106], [-63.600982, 67.355048], [-63.585317, 67.341864], [-63.593007, 67.310492], [-63.517893, 67.324164], [-63.476308, 67.340888]]], [[[-63.789296, 67.511217], [-63.982411, 67.506741], [-64.016672, 67.512437], [-64.037994, 67.529608], [-64.026682, 67.56623], [-63.982655, 67.617499], [-63.976552, 67.632636], [-63.982493, 67.643134], [-63.954701, 67.654975], [-63.894521, 67.603461], [-63.79426, 67.555609], [-63.757476, 67.522773], [-63.789296, 67.511217]]], [[[-73.371165, 67.803168], [-73.389027, 67.784329], [-73.409495, 67.776028], [-74.402333, 67.778876], [-74.550649, 67.810126], [-74.640248, 67.856676], [-74.770131, 67.964179], [-74.777211, 67.985175], [-74.775217, 68.029364], [-74.756012, 68.063422], [-74.730702, 68.074123], [-74.657297, 68.084174], [-74.477162, 68.06981], [-74.448476, 68.075629], [-74.43456, 68.08511], [-74.43456, 68.104967], [-74.385813, 68.127916], [-74.361928, 68.169867], [-74.338368, 68.180732], [-74.214426, 68.135403], [-74.221791, 68.116156], [-74.272125, 68.088446], [-74.276967, 68.077623], [-74.255442, 68.063463], [-74.125803, 68.067084], [-74.091908, 68.055854], [-73.923085, 68.03384], [-73.789662, 67.995103], [-73.715484, 68.017157], [-73.659739, 68.009467], [-73.604807, 68.015815], [-73.52184, 68.009589], [-73.446156, 67.992987], [-73.412913, 67.968411], [-73.43342, 67.934272], [-73.422475, 67.911566], [-73.399241, 67.894436], [-73.406077, 67.861965], [-73.358266, 67.83808], [-73.371165, 67.803168]]], [[[-66.198313, 68.275702], [-66.183095, 68.262641], [-66.217152, 68.249905], [-66.217885, 68.242133], [-66.244049, 68.237942], [-66.263254, 68.222154], [-66.27066, 68.200263], [-66.261952, 68.176947], [-66.270579, 68.161444], [-66.31664, 68.159491], [-66.619537, 68.185736], [-66.637563, 68.188707], [-66.661122, 68.209459], [-66.658599, 68.216376], [-66.628774, 68.221666], [-66.54776, 68.213528], [-66.496897, 68.243964], [-66.327748, 68.235907], [-66.296376, 68.269477], [-66.198313, 68.275702]]], [[[-75.005605, 68.137112], [-75.007192, 68.110541], [-75.034657, 68.09927], [-75.051503, 68.057196], [-75.070058, 68.033189], [-75.143056, 67.978339], [-75.161366, 67.953111], [-75.13565, 67.922797], [-75.116689, 67.866278], [-75.044057, 67.816962], [-75.060943, 67.776923], [-75.065541, 67.731676], [-75.059316, 67.686225], [-75.044057, 67.645697], [-75.028635, 67.630683], [-75.065053, 67.552436], [-75.139394, 67.486762], [-75.204823, 67.443915], [-75.229563, 67.432034], [-75.325266, 67.412909], [-75.33141, 67.392401], [-75.359364, 67.385565], [-75.390452, 67.357652], [-75.510569, 67.36107], [-75.543772, 67.351467], [-75.568267, 67.324368], [-75.595855, 67.311103], [-75.689687, 67.307807], [-75.921051, 67.255276], [-76.088979, 67.262112], [-76.147613, 67.255276], [-76.243276, 67.269517], [-76.366811, 67.241604], [-76.537668, 67.247545], [-76.633656, 67.227973], [-76.981557, 67.243313], [-77.075917, 67.286282], [-77.113433, 67.324164], [-77.178049, 67.425523], [-77.2506, 67.453843], [-77.238026, 67.489447], [-77.258046, 67.522773], [-77.235463, 67.529242], [-77.223297, 67.54328], [-77.263743, 67.59394], [-77.318227, 67.687934], [-77.322662, 67.707994], [-77.244944, 67.836005], [-77.212229, 67.870429], [-76.983062, 68.063422], [-76.90803, 68.111802], [-76.877187, 68.152818], [-76.688873, 68.262641], [-76.299143, 68.334784], [-76.252187, 68.331732], [-76.256256, 68.317857], [-76.228139, 68.30386], [-76.081858, 68.297675], [-75.9912, 68.328843], [-75.911204, 68.34455], [-75.597483, 68.313788], [-75.496571, 68.283149], [-75.137603, 68.236274], [-75.078765, 68.186916], [-75.033518, 68.173285], [-75.005605, 68.137112]]], [[[-78.831207, 68.300767], [-78.810414, 68.284491], [-78.829986, 68.252672], [-78.871246, 68.230373], [-78.969146, 68.204291], [-79.008412, 68.176947], [-79.04426, 68.166205], [-79.097524, 68.177069], [-79.183461, 68.221666], [-79.176015, 68.228461], [-79.190541, 68.26789], [-79.183217, 68.319078], [-79.156117, 68.34455], [-78.941314, 68.353583], [-78.928944, 68.351386], [-78.909047, 68.324042], [-78.831207, 68.300767]]], [[[-74.40095, 68.422593], [-74.390492, 68.453681], [-74.359731, 68.467515], [-74.29776, 68.464423], [-74.1704, 68.399726], [-74.118642, 68.358832], [-74.084096, 68.343248], [-74.080719, 68.332709], [-74.09439, 68.314154], [-74.139963, 68.28913], [-74.153879, 68.255561], [-74.173329, 68.247138], [-74.221669, 68.249579], [-74.257314, 68.268948], [-74.271311, 68.294827], [-74.258778, 68.315131], [-74.214915, 68.317857], [-74.214915, 68.324042], [-74.334543, 68.3605], [-74.40095, 68.422593]]], [[[-78.646555, 68.482652], [-78.737416, 68.452338], [-78.784088, 68.445868], [-78.881825, 68.454413], [-78.860707, 68.468695], [-78.884348, 68.476508], [-78.97057, 68.474921], [-78.948232, 68.491034], [-78.943674, 68.500881], [-78.950673, 68.50967], [-78.935536, 68.521877], [-78.88801, 68.515855], [-78.829986, 68.550686], [-78.742787, 68.551947], [-78.703359, 68.561713], [-78.668853, 68.584784], [-78.692454, 68.59984], [-78.778147, 68.612128], [-78.771881, 68.619534], [-78.901682, 68.653022], [-78.886301, 68.658881], [-78.842519, 68.667304], [-78.67512, 68.658352], [-78.566477, 68.625718], [-78.489858, 68.627387], [-78.46345, 68.619534], [-78.46345, 68.597805], [-78.472768, 68.591946], [-78.483957, 68.55744], [-78.505279, 68.545478], [-78.656646, 68.563137], [-78.691151, 68.531195], [-78.724192, 68.523342], [-78.629221, 68.515204], [-78.614247, 68.506293], [-78.646555, 68.482652]]], [[[-74.893219, 68.625718], [-74.792592, 68.675686], [-74.683013, 68.663275], [-74.646067, 68.647447], [-74.64745, 68.61164], [-74.574534, 68.597805], [-74.517079, 68.564276], [-74.538197, 68.554999], [-74.788197, 68.561347], [-74.844838, 68.578559], [-74.893219, 68.625718]]], [[[-74.78425, 68.417914], [-74.805247, 68.398017], [-74.865346, 68.385565], [-74.865346, 68.379299], [-74.807525, 68.366156], [-74.804514, 68.351386], [-74.814809, 68.34398], [-74.85912, 68.34455], [-74.811269, 68.324042], [-74.852284, 68.324042], [-74.884145, 68.34398], [-74.996246, 68.337714], [-75.006459, 68.346177], [-75.016184, 68.385565], [-75.034657, 68.397203], [-75.256337, 68.449368], [-75.378977, 68.498847], [-75.411488, 68.522773], [-75.394154, 68.550686], [-75.40038, 68.550686], [-75.394521, 68.565009], [-75.40038, 68.60871], [-75.392079, 68.625963], [-75.33141, 68.660468], [-75.310048, 68.696438], [-75.238922, 68.724799], [-75.222239, 68.707668], [-75.170481, 68.689846], [-75.019887, 68.680976], [-74.989369, 68.668769], [-74.962514, 68.611029], [-74.94164, 68.591539], [-74.933909, 68.571357], [-74.773752, 68.4855], [-74.770985, 68.473293], [-74.797597, 68.451402], [-74.886871, 68.446601], [-74.900054, 68.433905], [-74.896108, 68.42182], [-74.879872, 68.418199], [-74.78425, 68.417914]]], [[[-67.696278, 68.719468], [-67.663442, 68.707668], [-67.663442, 68.701402], [-67.914662, 68.710517], [-68.187327, 68.766913], [-68.442006, 68.784573], [-68.458567, 68.793647], [-68.453114, 68.809272], [-68.417592, 68.817532], [-68.321401, 68.797065], [-68.204701, 68.797065], [-67.696278, 68.719468]]], [[[-79.144643, 68.86933], [-79.212758, 68.834906], [-79.268178, 68.832261], [-79.396718, 68.863227], [-79.397613, 68.886786], [-79.388173, 68.906968], [-79.423004, 68.927395], [-79.368642, 68.941596], [-79.325836, 68.969916], [-79.24177, 69.062079], [-79.204172, 69.084906], [-78.957509, 69.109198], [-78.923085, 69.129462], [-78.863271, 69.148424], [-78.854482, 69.160142], [-78.854482, 69.201117], [-78.765126, 69.256334], [-78.727284, 69.269843], [-78.658274, 69.25788], [-78.621693, 69.263129], [-78.647043, 69.280707], [-78.710927, 69.303412], [-78.730946, 69.325263], [-78.710113, 69.34162], [-78.675689, 69.34512], [-78.607411, 69.372992], [-78.524892, 69.379869], [-78.477406, 69.391832], [-78.312734, 69.387112], [-78.275054, 69.369615], [-78.214019, 69.302883], [-78.21467, 69.293931], [-78.263499, 69.282213], [-78.295074, 69.262519], [-78.321889, 69.238837], [-78.341705, 69.206773], [-78.360707, 69.199205], [-78.379709, 69.197943], [-78.396962, 69.217719], [-78.456654, 69.229071], [-78.471588, 69.219468], [-78.475087, 69.205552], [-78.470855, 69.170722], [-78.566477, 69.132799], [-78.551584, 69.102444], [-78.603831, 69.069037], [-78.717275, 69.016791], [-78.724192, 68.975165], [-78.739898, 68.96426], [-78.799224, 68.951321], [-78.846588, 68.907904], [-78.965321, 68.887926], [-79.144643, 68.86933]]], [[[-76.647328, 69.382961], [-76.654368, 69.350287], [-76.647328, 69.338935], [-76.673451, 69.330715], [-76.679677, 69.323432], [-76.675201, 69.310981], [-76.815785, 69.270331], [-76.859283, 69.241767], [-76.930287, 69.222846], [-76.943593, 69.207994], [-76.942128, 69.188056], [-76.925893, 69.171332], [-76.860219, 69.153957], [-76.921702, 69.126654], [-76.901194, 69.112982], [-76.901194, 69.105536], [-76.944569, 69.116889], [-76.95641, 69.126654], [-76.955068, 69.141018], [-77.072499, 69.139635], [-77.158193, 69.11815], [-77.264963, 69.146715], [-77.319447, 69.180976], [-77.366933, 69.224595], [-77.387196, 69.266547], [-77.380849, 69.284003], [-77.339996, 69.325263], [-77.338857, 69.345608], [-77.360463, 69.389797], [-77.326772, 69.41706], [-77.250111, 69.435126], [-77.113433, 69.448147], [-77.04776, 69.419664], [-76.976308, 69.407782], [-76.784495, 69.407782], [-76.716786, 69.424994], [-76.647328, 69.382961]]], [[[-67.377065, 69.586005], [-67.347524, 69.568101], [-67.307769, 69.558051], [-67.353098, 69.531887], [-67.496693, 69.53498], [-67.554189, 69.523261], [-67.485015, 69.507554], [-67.505849, 69.495917], [-67.578033, 69.510484], [-67.628, 69.502672], [-67.752838, 69.523261], [-67.725942, 69.549872], [-67.690785, 69.544338], [-67.547271, 69.569525], [-67.536855, 69.574774], [-67.52009, 69.60578], [-67.499745, 69.606676], [-67.480214, 69.592434], [-67.436879, 69.592108], [-67.444325, 69.592108], [-67.377065, 69.586005]]], [[[-67.967437, 69.529853], [-68.307729, 69.592108], [-68.218984, 69.60578], [-68.225819, 69.60578], [-68.13801, 69.637681], [-68.075307, 69.670966], [-68.013987, 69.677924], [-67.888417, 69.649115], [-67.827952, 69.661078], [-67.94811, 69.679836], [-67.972564, 69.694525], [-67.97175, 69.70661], [-67.9558, 69.710435], [-67.880605, 69.710517], [-67.843129, 69.689154], [-67.759023, 69.674058], [-67.763295, 69.666693], [-67.731068, 69.658759], [-67.724924, 69.646715], [-67.73705, 69.635199], [-67.807485, 69.616034], [-67.867055, 69.582709], [-67.897084, 69.558539], [-67.909901, 69.533759], [-67.967437, 69.529853]]], [[[-78.384633, 69.659329], [-78.394521, 69.694525], [-78.378041, 69.704576], [-78.305776, 69.68773], [-78.323638, 69.674954], [-78.298492, 69.662095], [-78.258168, 69.658677], [-78.230702, 69.674058], [-78.233266, 69.688422], [-78.271637, 69.736151], [-78.212229, 69.737128], [-78.194651, 69.754828], [-78.176096, 69.756415], [-78.026479, 69.718573], [-77.970611, 69.684516], [-77.942047, 69.646715], [-77.958404, 69.633246], [-78.051096, 69.607652], [-78.092275, 69.578315], [-78.14509, 69.577867], [-78.286977, 69.557807], [-78.368031, 69.52969], [-78.442738, 69.515082], [-78.517242, 69.484768], [-78.54601, 69.486029], [-78.619456, 69.510565], [-78.654042, 69.508246], [-78.825999, 69.451606], [-78.857574, 69.458075], [-78.880727, 69.480658], [-78.854644, 69.504218], [-78.689687, 69.561103], [-78.615468, 69.620917], [-78.566477, 69.646715], [-78.483957, 69.654202], [-78.41393, 69.642035], [-78.394521, 69.646715], [-78.384633, 69.659329]]], [[[-80.0, 69.63871435858702], [-80.0, 69.73733257457644], [-79.97411, 69.730618], [-79.86559, 69.746161], [-79.813791, 69.763414], [-79.767934, 69.753852], [-79.755116, 69.759711], [-79.756337, 69.78677], [-79.703603, 69.797593], [-79.690541, 69.818671], [-79.672434, 69.82038], [-79.532867, 69.797593], [-79.511057, 69.807685], [-79.454701, 69.800971], [-79.40807, 69.778876], [-79.415598, 69.742987], [-79.366078, 69.736558], [-79.326812, 69.708808], [-79.348053, 69.694525], [-79.532867, 69.633124], [-79.612864, 69.619818], [-79.91808, 69.604682], [-79.971059, 69.633124], [-80.0, 69.63871435858702]]], [[[-79.970123, 69.55386], [-79.93635, 69.536851], [-79.962514, 69.506659], [-79.998647, 69.500149], [-80.0, 69.50031744237151], [-80.0, 69.57695561296691], [-79.970123, 69.55386]]], [[[-79.799184, 53.121894], [-79.795074, 53.105414], [-79.849355, 53.08515], [-79.92984, 53.094387], [-79.93635, 53.125312], [-79.916575, 53.170315], [-79.894928, 53.18065], [-79.855295, 53.169379], [-79.841379, 53.145738], [-79.799184, 53.121894]]], [[[-79.956695, 53.323065], [-79.917348, 53.297431], [-79.923329, 53.275458], [-79.947133, 53.265937], [-80.0, 53.27174682196213], [-80.0, 53.36855282285766], [-79.943756, 53.371649], [-79.956695, 53.323065]]], [[[-79.874867, 53.906155], [-79.90689, 53.917711], [-79.930084, 53.940863], [-79.861887, 53.920356], [-79.861887, 53.912909], [-79.874867, 53.906155]]], [[[-80.0, 56.1983005346054], [-80.0, 56.32589662604117], [-79.871734, 56.335517], [-79.861887, 56.345404], [-79.863637, 56.354804], [-79.881703, 56.376776], [-79.867421, 56.385484], [-79.744537, 56.365912], [-79.674428, 56.384508], [-79.615224, 56.433783], [-79.600209, 56.455227], [-79.588979, 56.494208], [-79.545888, 56.530341], [-79.5926, 56.430121], [-79.678782, 56.331285], [-79.715728, 56.309149], [-79.977935, 56.202053], [-80.0, 56.1983005346054]]], [[[-79.573842, 56.777411], [-79.587392, 56.795315], [-79.573354, 56.818183], [-79.550893, 56.784735], [-79.51065, 56.783677], [-79.483266, 56.739447], [-79.480336, 56.723212], [-79.491322, 56.715969], [-79.47997, 56.695136], [-79.487701, 56.663642], [-79.515492, 56.667548], [-79.564931, 56.620551], [-79.580678, 56.633979], [-79.583323, 56.648871], [-79.564117, 56.675279], [-79.547597, 56.727525], [-79.560414, 56.74726], [-79.593739, 56.771186], [-79.573842, 56.777411]]], [[[-79.858795, 56.934963], [-79.842275, 56.937323], [-79.827056, 56.928168], [-79.807281, 56.950629], [-79.795033, 56.951606], [-79.756215, 56.916449], [-79.723704, 56.820746], [-79.730865, 56.801907], [-79.75121, 56.793199], [-79.790761, 56.796088], [-79.788157, 56.836859], [-79.812489, 56.896674], [-79.878163, 56.884955], [-79.902821, 56.89411], [-79.858795, 56.934963]]], [[[-79.828847, 57.452216], [-79.850982, 57.486518], [-79.811676, 57.485256], [-79.80248, 57.511623], [-79.779937, 57.527777], [-79.784739, 57.537787], [-79.817209, 57.524115], [-79.828236, 57.528754], [-79.825673, 57.539049], [-79.791086, 57.586371], [-79.737172, 57.622016], [-79.701324, 57.57331], [-79.696401, 57.529486], [-79.703603, 57.511054], [-79.722768, 57.501899], [-79.761098, 57.520453], [-79.779937, 57.511054], [-79.784495, 57.444322], [-79.792958, 57.428534], [-79.828847, 57.452216]]], [[[-79.984731, 59.868476], [-79.947906, 59.881903], [-79.909779, 59.862047], [-79.881703, 59.861029], [-79.93635, 59.813178], [-79.989858, 59.795885], [-80.0, 59.78761765716646], [-80.0, 59.88368468942312], [-79.984731, 59.868476]]], [[[-63.912262, 50.205959], [-63.926991, 50.221422], [-63.924794, 50.239651], [-63.901479, 50.253974], [-63.857533, 50.217434], [-63.856068, 50.204657], [-63.884674, 50.199368], [-63.912262, 50.205959]]], [[[-79.348704, 52.105048], [-79.32901, 52.104967], [-79.283681, 52.096503], [-79.251698, 52.07689], [-79.295237, 52.055406], [-79.320546, 52.033515], [-79.328603, 51.971381], [-79.354115, 51.953437], [-79.413971, 51.9383], [-79.515492, 51.946601], [-79.620432, 51.920478], [-79.621653, 51.939154], [-79.655751, 51.987494], [-79.635325, 52.021674], [-79.621083, 52.025784], [-79.584096, 52.014838], [-79.557444, 52.019029], [-79.483998, 52.06391], [-79.443837, 52.066107], [-79.348704, 52.105048]]], [[[-79.769195, 53.535468], [-79.765614, 53.546698], [-79.703603, 53.516303], [-79.724721, 53.508857], [-79.758168, 53.522528], [-79.769195, 53.535468]]], [[[-79.01891, 54.940823], [-79.035959, 54.926947], [-79.151357, 54.902289], [-79.241689, 54.897935], [-79.401926, 54.851996], [-79.603505, 54.828803], [-79.757924, 54.780178], [-79.779937, 54.783759], [-79.735015, 54.804755], [-79.683095, 54.811103], [-79.683095, 54.817857], [-79.731516, 54.817857], [-79.697255, 54.840766], [-79.65392, 54.854438], [-79.469635, 54.889594], [-79.348053, 54.895901], [-79.285878, 54.91352], [-79.01891, 54.940823]]], [[[-77.211252, 55.653754], [-77.209625, 55.639716], [-77.237172, 55.631903], [-77.319203, 55.582017], [-77.377512, 55.560289], [-77.526112, 55.465399], [-77.586293, 55.436225], [-77.647857, 55.427436], [-77.448394, 55.534084], [-77.413075, 55.562323], [-77.366689, 55.578274], [-77.329172, 55.614203], [-77.211252, 55.653754]]], [[[-78.952707, 56.030707], [-78.936391, 56.024482], [-78.998606, 55.982611], [-79.021392, 55.953681], [-79.04898, 55.879299], [-79.078277, 55.834296], [-79.112172, 55.800238], [-79.142445, 55.797349], [-79.123891, 55.809027], [-79.089752, 55.857082], [-79.028066, 55.99258], [-79.013295, 56.059068], [-78.987294, 56.064399], [-78.965688, 56.083645], [-78.950673, 56.078518], [-78.950673, 56.037543], [-79.005279, 56.017035], [-78.952707, 56.030707]]], [[[-78.777455, 56.172675], [-78.833363, 56.133124], [-78.936391, 56.119452], [-78.919342, 56.171332], [-78.840484, 56.248481], [-78.828969, 56.269029], [-78.847035, 56.277777], [-78.814565, 56.310248], [-78.826568, 56.318752], [-78.812856, 56.345404], [-78.833363, 56.345404], [-78.825022, 56.358344], [-78.798166, 56.379218], [-78.757639, 56.434801], [-78.699574, 56.449042], [-78.670766, 56.443061], [-78.662709, 56.421129], [-78.659657, 56.319403], [-78.649037, 56.290758], [-78.660268, 56.280463], [-78.655263, 56.236151], [-78.681304, 56.197211], [-78.675689, 56.181545], [-78.699941, 56.174506], [-78.724192, 56.181545], [-78.741322, 56.165839], [-78.765126, 56.161078], [-78.757639, 56.167914], [-78.777455, 56.172675]]], [[[-79.474517, 56.102729], [-79.470815, 56.121039], [-79.523915, 56.135321], [-79.545888, 56.133124], [-79.584055, 56.110663], [-79.722768, 55.978583], [-79.830149, 55.898627], [-79.856353, 55.871405], [-79.867055, 55.843492], [-79.909047, 55.825263], [-79.912668, 55.843248], [-79.949127, 55.889065], [-80.0, 55.89655255641886], [-80.0, 55.93741214325475], [-79.98762, 55.955268], [-79.949045, 55.968207], [-79.737172, 56.161444], [-79.551015, 56.266303], [-79.52538, 56.293647], [-79.467519, 56.428697], [-79.461293, 56.479682], [-79.478261, 56.524156], [-79.463979, 56.530341], [-79.470815, 56.552069], [-79.453725, 56.559516], [-79.44579, 56.554999], [-79.426015, 56.503485], [-79.415598, 56.496894], [-79.43517, 56.414211], [-79.481272, 56.347073], [-79.478261, 56.301337], [-79.504709, 56.24608], [-79.603871, 56.161444], [-79.60733, 56.134467], [-79.604644, 56.129055], [-79.587514, 56.133124], [-79.56017, 56.167914], [-79.530832, 56.184719], [-79.44929, 56.203518], [-79.409332, 56.22248], [-79.360992, 56.348456], [-79.324778, 56.394843], [-79.308746, 56.435289], [-79.284931, 56.661041], [-79.258319, 56.681843], [-79.203959, 56.684984], [-79.134263, 56.634404], [-79.132651, 56.615098], [-79.15391, 56.605384], [-79.189983, 56.64291], [-79.22302, 56.649505], [-79.247638, 56.631747], [-79.255284, 56.595332], [-79.246991, 56.562066], [-79.234975, 56.551459], [-79.130971, 56.544176], [-79.117543, 56.491034], [-79.093495, 56.45897], [-79.057607, 56.436957], [-79.011545, 56.427965], [-78.957753, 56.434719], [-78.936147, 56.430243], [-78.922719, 56.408108], [-78.928944, 56.365912], [-78.909047, 56.345404], [-78.936391, 56.345404], [-78.952219, 56.322455], [-78.881825, 56.325588], [-78.891957, 56.310858], [-78.943227, 56.290758], [-78.957509, 56.277411], [-78.980784, 56.232733], [-79.062164, 56.13935], [-79.098012, 56.050849], [-79.195465, 55.904771], [-79.203277, 55.859442], [-79.215484, 55.863105], [-79.218373, 55.872219], [-79.203277, 55.89289], [-79.210113, 55.89289], [-79.119862, 56.055365], [-79.111073, 56.086982], [-78.990102, 56.2626], [-78.973622, 56.304267], [-78.970204, 56.342841], [-78.997874, 56.352851], [-78.974721, 56.384589], [-78.980214, 56.392035], [-79.005279, 56.38703], [-79.011545, 56.373358], [-79.049387, 56.360663], [-79.102284, 56.221503], [-79.085561, 56.217108], [-79.05248, 56.229315], [-79.073598, 56.208889], [-79.059316, 56.202053], [-79.11262, 56.140123], [-79.219106, 55.952216], [-79.285878, 55.866278], [-79.280629, 55.888088], [-79.197092, 56.010199], [-79.128163, 56.161078], [-79.131418, 56.205024], [-79.140981, 56.226793], [-79.155588, 56.236151], [-79.189849, 56.213202], [-79.248402, 56.145168], [-79.354848, 55.977851], [-79.381012, 55.961982], [-79.46935, 55.879381], [-79.509267, 55.864976], [-79.553822, 55.868476], [-79.63386, 55.902981], [-79.739084, 55.811835], [-79.786122, 55.790473], [-79.767161, 55.818061], [-79.631825, 55.94123], [-79.545888, 56.043769], [-79.474517, 56.102729]]], [[[-79.857981, 56.865546], [-79.824208, 56.847968], [-79.817372, 56.83161], [-79.837961, 56.794501], [-79.861887, 56.784857], [-79.868031, 56.763739], [-79.888051, 56.749091], [-79.939361, 56.760484], [-79.951731, 56.785224], [-79.943756, 56.839504], [-79.905914, 56.866848], [-79.857981, 56.865546]]], [[[-77.817942, 58.308783], [-77.697255, 58.255601], [-77.668324, 58.250922], [-77.668324, 58.244696], [-77.698354, 58.240668], [-77.738271, 58.250434], [-77.949452, 58.326606], [-77.949452, 58.332831], [-77.923655, 58.333808], [-77.915395, 58.332831], [-77.92162, 58.332831], [-77.817942, 58.308783]]], [[[-78.456654, 58.546373], [-78.456654, 58.538886], [-78.630442, 58.595893], [-78.683176, 58.620836], [-78.672515, 58.631903], [-78.655263, 58.634508], [-78.655263, 58.641303], [-78.687652, 58.660305], [-78.696197, 58.696601], [-78.607411, 58.634508], [-78.624501, 58.628811], [-78.641591, 58.634508], [-78.641591, 58.628323], [-78.456654, 58.546373]]], [[[-79.001861, 52.107571], [-79.006663, 52.097886], [-79.031606, 52.093411], [-79.086659, 52.09748], [-79.080149, 52.106513], [-79.027455, 52.113593], [-79.001861, 52.107571]]], [[[-79.379303, 52.251899], [-79.381256, 52.244778], [-79.501291, 52.2331], [-79.484934, 52.253323], [-79.445627, 52.262397], [-79.379303, 52.251899]]], [[[-78.707387, 52.447577], [-78.755238, 52.422065], [-78.728017, 52.417385], [-78.749827, 52.406195], [-78.760894, 52.40644], [-78.762563, 52.413764], [-78.800038, 52.412787], [-78.801666, 52.433905], [-78.82079, 52.423814], [-78.82726, 52.427639], [-78.768544, 52.447699], [-78.707387, 52.447577]]], [[[-79.565297, 52.545356], [-79.639394, 52.53262], [-79.612416, 52.577338], [-79.59142, 52.576728], [-79.584625, 52.555162], [-79.565297, 52.545356]]], [[[-76.715932, 56.138007], [-76.720774, 56.125393], [-76.77481, 56.103664], [-76.780344, 56.108059], [-76.765492, 56.175971], [-76.756459, 56.17886], [-76.730458, 56.160834], [-76.715932, 56.138007]]], [[[-77.884633, 56.303534], [-77.980092, 56.286607], [-77.948964, 56.313381], [-77.84142, 56.32331], [-77.884633, 56.303534]]], [[[-77.478383, 56.430732], [-77.502553, 56.386461], [-77.521555, 56.376044], [-77.53539, 56.379543], [-77.537017, 56.39704], [-77.506703, 56.417385], [-77.499379, 56.436998], [-77.48705, 56.442125], [-77.478383, 56.430732]]], [[[-78.850942, 56.672675], [-78.765045, 56.677191], [-78.739898, 56.666978], [-78.753, 56.657294], [-78.811147, 56.65766], [-78.850942, 56.672675]]], [[[-76.619049, 56.5869], [-76.626698, 56.568793], [-76.654693, 56.548896], [-76.649078, 56.561428], [-76.654286, 56.604885], [-76.634267, 56.656562], [-76.634185, 56.715277], [-76.616119, 56.695502], [-76.623443, 56.681464], [-76.619049, 56.5869]]], [[[-76.67512, 57.065375], [-76.700917, 57.082668], [-76.733469, 57.176418], [-76.725087, 57.190823], [-76.698476, 57.192206], [-76.681549, 57.170233], [-76.678578, 57.151842], [-76.655995, 57.139797], [-76.653554, 57.128852], [-76.675933, 57.108873], [-76.655385, 57.087836], [-76.651967, 57.071357], [-76.67512, 57.065375]]], [[[-78.256947, 57.194485], [-78.296702, 57.19123], [-78.32433, 57.171861], [-78.381947, 57.174465], [-78.357574, 57.195461], [-78.325551, 57.207668], [-78.256947, 57.194485]]], [[[-78.415395, 57.279283], [-78.480784, 57.291449], [-78.381012, 57.328803], [-78.347157, 57.328559], [-78.326405, 57.317776], [-78.336497, 57.305162], [-78.415395, 57.279283]]], [[[-76.839263, 57.41885], [-76.835439, 57.425767], [-76.771311, 57.390611], [-76.75182, 57.370307], [-76.743886, 57.349433], [-76.749908, 57.326402], [-76.732981, 57.293524], [-76.73941, 57.283881], [-76.763783, 57.285061], [-76.839263, 57.41885]]], [[[-67.526167, 58.347056], [-67.530842, 58.296897], [-67.581978, 58.278453], [-67.635937, 58.291037], [-67.661865, 58.327191], [-67.657824, 58.364079], [-67.636557, 58.402225], [-67.592816, 58.422209], [-67.55829, 58.411003], [-67.526167, 58.347056]]], [[[-78.628977, 58.770697], [-78.648264, 58.772162], [-78.656972, 58.780219], [-78.704945, 58.779527], [-78.707631, 58.786038], [-78.674713, 58.791571], [-78.691884, 58.797756], [-78.683095, 58.802232], [-78.650868, 58.802069], [-78.631988, 58.791327], [-78.628977, 58.770697]]], [[[-78.886057, 58.808051], [-78.942128, 58.837836], [-78.937611, 58.864814], [-78.927073, 58.865546], [-78.886057, 58.808051]]], [[[-68.974561, 58.989633], [-69.015564, 58.972415], [-69.120279, 58.957302], [-69.061197, 59.011175], [-68.995487, 59.016345], [-68.974561, 58.989633]]], [[[-69.911062, 60.99987], [-69.950041, 60.985939], [-69.949734, 60.965729], [-69.972079, 60.952979], [-69.977643, 60.92986], [-70.003856, 60.935066], [-70.000809, 60.969084], [-70.011946, 60.996764], [-69.956725, 61.03498], [-69.923396, 61.031589], [-69.921941, 61.013124], [-69.911062, 60.99987]]], [[[-71.487818, 61.337112], [-71.486495, 61.301894], [-71.556856, 61.295836], [-71.586396, 61.301991], [-71.585561, 61.323891], [-71.560975, 61.333436], [-71.487818, 61.337112]]], [[[-71.993857, 61.870657], [-71.97344, 61.858942], [-72.058945, 61.850503], [-72.130833, 61.889039], [-72.112968, 61.904632], [-71.993857, 61.870657]]], [[[-72.384221, 62.032399], [-72.328116, 62.016038], [-72.352385, 62.000292], [-72.462401, 62.036652], [-72.41214, 62.039061], [-72.384221, 62.032399]]], [[[-66.363253, 62.870608], [-66.342541, 62.849553], [-66.410588, 62.848266], [-66.494821, 62.877363], [-66.569044, 62.914832], [-66.561996, 62.931058], [-66.363253, 62.870608]]], [[[-66.807359, 62.985936], [-66.770799, 62.944913], [-66.793111, 62.925483], [-66.894898, 62.980418], [-67.074457, 63.097501], [-66.994909, 63.092922], [-66.924694, 63.065198], [-66.807359, 62.985936]]], [[[-68.058483, 63.222676], [-68.049819, 63.19243], [-68.187891, 63.250287], [-68.216111, 63.276375], [-68.145251, 63.272466], [-68.058483, 63.222676]]], [[[-67.931728, 63.232875], [-67.894994, 63.189448], [-67.958931, 63.218416], [-68.091999, 63.320381], [-68.023387, 63.300869], [-67.931728, 63.232875]]], [[[-67.818293, 63.291333], [-67.866244, 63.291776], [-67.951502, 63.380524], [-67.964007, 63.409985], [-67.912529, 63.393133], [-67.852667, 63.345993], [-67.818293, 63.291333]]], [[[-64.091172, 63.48647], [-64.148886, 63.540132], [-64.168668, 63.604577], [-64.137308, 63.61804], [-64.04343, 63.563147], [-64.091172, 63.48647]]], [[[-64.174201, 63.805676], [-64.256566, 63.761634], [-64.261105, 63.723887], [-64.314973, 63.73937], [-64.34286, 63.769296], [-64.333994, 63.844829], [-64.217244, 63.842613], [-64.174201, 63.805676]]], [[[-76.568512, 64.206122], [-76.572662, 64.23428], [-76.529652, 64.245836], [-76.497426, 64.24258], [-76.49413, 64.223538], [-76.471791, 64.206122], [-76.484202, 64.181342], [-76.568512, 64.206122]]], [[[-76.690907, 64.252427], [-76.690053, 64.264065], [-76.613149, 64.27147], [-76.565256, 64.254096], [-76.595815, 64.239203], [-76.607411, 64.221015], [-76.628041, 64.221869], [-76.690907, 64.252427]]], [[[-64.986807, 64.290088], [-64.88446, 64.263714], [-64.937544, 64.24422], [-64.878303, 64.229578], [-64.991296, 64.193192], [-65.041618, 64.244711], [-65.066508, 64.279334], [-65.075487, 64.306968], [-65.046178, 64.327852], [-64.965364, 64.309707], [-64.986807, 64.290088]]], [[[-66.967847, 65.28303], [-66.997076, 65.29773], [-67.016717, 65.319781], [-66.924565, 65.364898], [-66.902954, 65.345029], [-66.967847, 65.28303]]], [[[-67.389158, 65.736176], [-67.478782, 65.708], [-67.529472, 65.713086], [-67.682481, 65.689282], [-67.700021, 65.700724], [-67.704541, 65.716531], [-67.624936, 65.733689], [-67.432516, 65.742713], [-67.389158, 65.736176]]], [[[-65.798112, 65.68345], [-65.83725, 65.678316], [-65.861113, 65.705167], [-65.865552, 65.781228], [-65.807341, 65.776929], [-65.770635, 65.763312], [-65.786418, 65.701988], [-65.798112, 65.68345]]], [[[-66.962517, 65.951086], [-66.988089, 65.974021], [-67.05736, 65.983309], [-67.087681, 65.97397], [-67.105664, 65.95769], [-67.148557, 65.99589], [-67.119948, 66.006769], [-67.053352, 66.008067], [-66.963871, 65.996973], [-66.921574, 65.975275], [-66.929467, 65.949834], [-66.962517, 65.951086]]]]}}]}