{"type": "FeatureCollection", "features": [{"type": "Feature", "properties": {"name": "Bamako", "country": "MLI"}, "geometry": {"type": "Polygon", "coordinates": [[[-7.929383644999954, 12.681709137000048], [-7.935540085999953, 12.688211237000049], [-7.943017937999953, 12.71143053900005], [-7.982081967999953, 12.68017750700005], [-8.005223057999952, 12.68084371500005], [-8.017429353999953, 12.677313056000049], [-8.014009536999954, 12.66791788900005], [-8.021133010999954, 12.65910819500005], [-8.033913979999953, 12.66157900400005], [-8.044831148999954, 12.68034902300005], [-8.068055185999953, 12.60812621100005], [-8.069873181999954, 12.59345890500005], [-8.078914765999953, 12.59512865500005], [-8.081477083999953, 12.592364049000048], [-8.080263353999953, 12.580698759000049], [-8.075475864999953, 12.576248417000048], [-8.078510188999953, 12.563706544000048], [-8.068236788999954, 12.56165263100005], [-8.041942882999953, 12.56760452000005], [-8.046034849999954, 12.58492422900005], [-8.041311611999953, 12.594951977000049], [-8.036934214999953, 12.59576038100005], [-8.027458698999954, 12.58546945600005], [-8.008980281999953, 12.57517955300005], [-7.987615403999953, 12.52432574000005], [-7.934839380999954, 12.50288964300005], [-7.918723675999953, 12.516484475000048], [-7.926995788999953, 12.58652409800005], [-7.912267588999954, 12.60272442900005], [-7.912752523999953, 12.67433562700005], [-7.914469446999953, 12.679841446000049], [-7.929383644999954, 12.681709137000048]]]}}, {"type": "Feature", "properties": {"name": "Gao", "country": "MLI"}, "geometry": {"type": "Polygon", "coordinates": [[[4.242842984000048, 18.00562522700005], [3.216959233000048, 18.00461735200005], [2.432253107000048, 17.96723060200005], [2.247452607000048, 18.05950322700005], [1.979458982000048, 18.06050210200005], [1.932595857000048, 17.75597935200005], [1.730505982000048, 17.72736822600005], [1.670171232000048, 17.74302947600005], [1.177673356000048, 17.69958510100005], [1.154584731000048, 17.70648472600005], [0.976507981000048, 17.84506122700005], [0.705279231000048, 17.95673785200005], [0.463478106000048, 17.95184885200005], [0.375717606000048, 18.05625935200005], [0.471172481000048, 18.14653397700005], [0.275989605000048, 18.41589160200005], [0.072494730000048, 18.80656635200005], [-0.160952644999952, 18.86663122800005], [-0.888484145999952, 19.03658397800005], [-0.944480020999952, 18.00048872700005], [-1.123738895999952, 17.89029810200005], [-1.523563645999952, 17.87863197700005], [-1.591943520999953, 17.59759260100005], [-1.497779020999952, 17.401029351000048], [-1.471254270999953, 17.33771547600005], [-1.488494770999953, 17.26173735100005], [-1.572047895999952, 17.18702510100005], [-1.609462895999953, 17.12240497600005], [-1.583018270999953, 17.04383472600005], [-1.604657770999953, 17.01197360100005], [-1.559447520999953, 16.96433022600005], [-1.096481020999952, 16.93015610100005], [-0.771165644999952, 16.90228322600005], [-0.710127769999952, 16.86021747600005], [-0.687480894999952, 16.735369726000048], [-0.757933519999952, 16.35597272500005], [-0.904010145999952, 16.19126872500005], [-0.869483645999952, 16.077243975000048], [-0.752620769999952, 15.95308247500005], [-0.692179644999952, 15.818496850000049], [-0.707445019999952, 15.68641722500005], [-0.756295644999952, 15.563142474000049], [-0.861514395999952, 15.458973224000049], [-0.856202270999952, 15.398160474000049], [-0.808393145999952, 15.36268522400005], [-0.707468269999952, 15.350016224000049], [-0.702153144999952, 15.294271974000049], [-0.739339269999952, 15.22078784900005], [-0.701392894999952, 15.07981897400005], [-0.445039769999952, 15.078521974000049], [-0.384806269999952, 14.99874884900005], [-0.258114894999952, 15.068237099000049], [-0.242333894999952, 15.073720724000049], [0.050458480000048, 14.972569099000049], [0.155795355000048, 14.97433197400005], [0.227628480000048, 14.99347997400005], [0.396667481000048, 14.959544599000049], [0.519884231000048, 14.99439147400005], [0.576908231000048, 14.98316109900005], [0.605591106000048, 14.96509972400005], [0.682747106000048, 14.94132384900005], [0.702255981000048, 14.940614849000049], [0.725460106000048, 14.95243484900005], [0.750365981000048, 14.95807434900005], [0.887203481000048, 14.96593222400005], [0.966780981000048, 14.975902724000049], [0.998688106000048, 14.995266599000049], [1.311221856000048, 15.27379422400005], [2.595181483000048, 15.34077997400005], [2.672743108000048, 15.34220497400005], [3.017673733000048, 15.33282834900005], [3.021499608000048, 15.40680859900005], [3.029030233000048, 15.42394284900005], [3.494562483000048, 15.353324474000049], [3.516010608000048, 15.368238724000049], [3.535292484000048, 15.39485272400005], [3.540114484000048, 15.44446584900005], [3.533986359000048, 15.464435099000049], [3.537458609000048, 15.48160534900005], [3.587551859000048, 15.510606474000049], [3.599574609000048, 15.52154672400005], [3.648383984000048, 15.585928599000049], [3.704616234000048, 15.64555197500005], [3.727027734000048, 15.656630100000049], [3.796983734000048, 15.65890210000005], [3.846948609000048, 15.676098725000049], [3.873261984000048, 15.697203850000049], [3.890225984000048, 15.72085060000005], [3.900856109000048, 15.744555225000049], [3.917459609000048, 15.80745585000005], [3.924403109000048, 15.85443597500005], [3.922707734000048, 15.87730547500005], [3.929057609000048, 15.903727850000049], [3.941893234000048, 15.93265860000005], [3.962598484000048, 15.95197747500005], [3.990539734000048, 15.97043535000005], [3.988417609000048, 16.00464435000005], [3.994796109000048, 16.03398835000005], [3.985291109000048, 16.07082772500005], [3.986516984000048, 16.07926735000005], [4.015679359000048, 16.13606072500005], [4.025349984000048, 16.16133172500005], [4.063962359000048, 16.22192135000005], [4.077311734000048, 16.26437822500005], [4.087766859000048, 16.283731975000048], [4.089077734000048, 16.30060135000005], [4.099208359000048, 16.325458350000048], [4.113450859000048, 16.34366922500005], [4.199820359000048, 16.39347860000005], [4.196408734000048, 16.80785222600005], [4.206155734000048, 16.83264085100005], [4.205869609000048, 16.87946710100005], [4.212208984000048, 16.905374601000048], [4.214283734000048, 16.99785285100005], [4.244670359000049, 16.99793397600005], [4.242842984000048, 18.00562522700005]]]}}, {"type": "Feature", "properties": {"name": "Kayes", "country": "MLI"}, "geometry": {"type": "Polygon", "coordinates": [[[-9.136137777999954, 15.49722709900005], [-9.329340652999953, 15.49679947400005], [-9.334973902999954, 15.52153534900005], [-9.332757902999953, 15.565822474000049], [-9.308648027999954, 15.689245850000049], [-9.330761277999953, 15.69883810000005], [-9.445757278999954, 15.600038724000049], [-9.401585278999953, 15.43388422400005], [-9.694135028999954, 15.422042599000049], [-9.726283653999953, 15.425674474000049], [-9.750796403999953, 15.43647684900005], [-9.764715028999953, 15.43877959900005], [-9.880778028999954, 15.43228434900005], [-9.891511653999954, 15.43245447400005], [-9.903230778999953, 15.43784797400005], [-9.931419153999954, 15.42163059900005], [-9.953995028999953, 15.41990597400005], [-9.972057653999954, 15.43700659900005], [-9.983201778999954, 15.44285497400005], [-9.998045653999954, 15.44265472400005], [-10.004937028999954, 15.43403947400005], [-10.042901653999953, 15.44947584900005], [-10.076238028999953, 15.44608084900005], [-10.095069153999953, 15.44943472400005], [-10.133939278999954, 15.46444972400005], [-10.146970028999954, 15.46509397400005], [-10.202896778999953, 15.45551922400005], [-10.227083028999953, 15.46071272400005], [-10.235687403999954, 15.459809099000049], [-10.257997153999954, 15.47370384900005], [-10.336652278999953, 15.43074047400005], [-10.348262028999953, 15.428490224000049], [-10.370984903999954, 15.42905122400005], [-10.394380028999954, 15.436493349000049], [-10.406887153999953, 15.43385809900005], [-10.507852529999953, 15.43727184900005], [-10.640025529999953, 15.41604997400005], [-10.657084904999953, 15.420216224000049], [-10.669327904999953, 15.42890097400005], [-10.690698779999954, 15.436672724000049], [-10.696377279999954, 15.43499697400005], [-10.704672779999953, 15.440081599000049], [-10.721100529999953, 15.43858034900005], [-10.727003904999954, 15.434433224000049], [-10.729367154999954, 15.42421759900005], [-10.722088404999953, 15.381309099000049], [-10.716495904999954, 15.36742422400005], [-10.725041779999954, 15.35801272400005], [-10.737135654999953, 15.333093099000049], [-10.744818654999953, 15.33144909900005], [-10.750952529999953, 15.33508659900005], [-10.759030404999953, 15.33168022400005], [-10.766489529999953, 15.32189547400005], [-10.773802029999954, 15.32059934900005], [-10.777148779999953, 15.31676197400005], [-10.781420029999953, 15.301617349000049], [-10.792631154999954, 15.306753349000049], [-10.800314154999954, 15.30510934900005], [-10.811533779999953, 15.288661599000049], [-10.824944904999954, 15.28251059900005], [-10.831396779999954, 15.267752724000049], [-10.824894904999953, 15.24322659900005], [-10.836742654999954, 15.211562349000049], [-10.855043404999954, 15.20725884900005], [-10.869216154999954, 15.18872684900005], [-10.880302279999954, 15.13791884900005], [-10.879009904999954, 15.128335849000049], [-10.885103279999953, 15.12603709900005], [-10.886219154999953, 15.12014522400005], [-10.893356779999953, 15.11779922400005], [-10.898401529999953, 15.104583224000049], [-10.911141529999954, 15.11538109900005], [-10.912766029999954, 15.124026474000049], [-10.920227154999953, 15.13227459900005], [-10.919854404999954, 15.139163099000049], [-10.952754529999954, 15.15669034900005], [-10.965851154999953, 15.176107849000049], [-10.970692654999954, 15.18923434900005], [-10.980137779999954, 15.19997372400005], [-10.981487279999953, 15.20984159900005], [-10.988947904999954, 15.21808622400005], [-10.990808279999953, 15.22771547400005], [-11.000368404999953, 15.23180972400005], [-11.001632404999954, 15.23753047400005], [-11.044268029999953, 15.26525897400005], [-11.059652154999954, 15.28421134900005], [-11.073223029999953, 15.29083097400005], [-11.140800029999953, 15.34704372400005], [-11.188699279999954, 15.37611447400005], [-11.202097404999954, 15.39256509900005], [-11.252753904999954, 15.41602059900005], [-11.255871154999953, 15.42615247400005], [-11.298248404999955, 15.46642959900005], [-11.307325154999953, 15.48353897400005], [-11.321717779999954, 15.50098034900005], [-11.329043279999954, 15.50232997400005], [-11.340517779999953, 15.51996722400005], [-11.358603279999954, 15.529111974000049], [-11.358189029999954, 15.55269284900005], [-11.390346154999953, 15.59744272400005], [-11.402827154999954, 15.608210725000049], [-11.409012029999953, 15.63115385000005], [-11.432193279999954, 15.63865897500005], [-11.434014154999954, 15.63598772500005], [-11.449411154999954, 15.63943497500005], [-11.459132904999954, 15.63419322500005], [-11.463649654999953, 15.63672372500005], [-11.465217279999953, 15.63404835000005], [-11.514971030999954, 15.636346100000049], [-11.517770655999954, 15.63565572500005], [-11.515534030999953, 15.63316285000005], [-11.499953029999954, 15.625782600000049], [-11.492307654999953, 15.61386710000005], [-11.493433529999953, 15.60749985000005], [-11.508488654999955, 15.60160884900005], [-11.518542155999954, 15.591950349000049], [-11.536189030999953, 15.59715572400005], [-11.547435655999953, 15.59169272400005], [-11.553427280999953, 15.582457724000049], [-11.564639280999954, 15.57895909900005], [-11.573420530999954, 15.55527497400005], [-11.582609530999953, 15.54437134900005], [-11.594302405999954, 15.54235447400005], [-11.619657155999954, 15.527296099000049], [-11.641540530999954, 15.522254224000049], [-11.652247280999953, 15.532998599000049], [-11.660725155999954, 15.52650534900005], [-11.663866280999954, 15.53515772400005], [-11.711198030999954, 15.53840372400005], [-11.714713780999954, 15.52593072400005], [-11.708780405999955, 15.48896934900005], [-11.713445280999954, 15.48314847400005], [-11.726610530999954, 15.47673184900005], [-11.739513530999954, 15.46367409900005], [-11.747869405999953, 15.44980197400005], [-11.750516030999954, 15.42919572400005], [-11.746706530999953, 15.41536372400005], [-11.754328780999954, 15.40000059900005], [-11.754302280999953, 15.38721334900005], [-11.764658780999953, 15.34631522400005], [-11.776145655999954, 15.32931884900005], [-11.790218155999954, 15.31993084900005], [-11.791707655999954, 15.29314022400005], [-11.804682155999954, 15.27613434900005], [-11.807910530999953, 15.26560772400005], [-11.802139655999953, 15.23376572400005], [-11.809680030999953, 15.20878709900005], [-11.830815905999954, 15.18895647400005], [-11.838623030999953, 15.177517099000049], [-11.838134030999953, 15.16224497400005], [-11.831030655999953, 15.14833809900005], [-11.818937780999955, 15.144195849000049], [-11.812843405999955, 15.130550724000049], [-11.832686905999953, 15.11216797400005], [-11.847213905999954, 15.09344797400005], [-11.846100030999954, 15.08480897400005], [-11.834098655999954, 15.07549422400005], [-11.831228405999953, 15.06583959900005], [-11.844807655999954, 15.04340384900005], [-11.841946155999954, 15.03325497400005], [-11.825003030999953, 15.03099984900005], [-11.820057155999955, 15.03830797400005], [-11.810615655999953, 15.04184509900005], [-11.801038655999953, 15.03872822400005], [-11.791649530999953, 15.02502059900005], [-11.799960280999954, 14.99680972400005], [-11.798762405999954, 14.98127909900005], [-11.804477280999954, 14.973488724000049], [-11.804638905999953, 14.96437272400005], [-11.817537030999954, 14.93747672400005], [-11.818253655999953, 14.925656849000049], [-11.810380280999954, 14.91221284900005], [-11.799885155999954, 14.90365484900005], [-11.800571155999954, 14.89355809900005], [-11.807750030999953, 14.88899397400005], [-11.810970155999954, 14.89323947400005], [-11.825458905999954, 14.891016974000049], [-11.825389155999954, 14.880660349000049], [-11.828972155999955, 14.87874797400005], [-11.830344155999954, 14.87285322400005], [-11.836998780999954, 14.86926634900005], [-11.844615030999954, 14.85435222400005], [-11.864360655999954, 14.84876547400005], [-11.885522655999953, 14.82766522400005], [-11.895760655999954, 14.82216472400005], [-11.911193655999954, 14.82390422400005], [-11.931341780999954, 14.81709059900005], [-11.936509030999954, 14.811155724000049], [-11.935525655999953, 14.78139409900005], [-11.944540655999953, 14.77340484900005], [-11.979236405999954, 14.76116072400005], [-11.991925780999953, 14.760387849000049], [-12.003142280999954, 14.76403109900005], [-12.008071780999954, 14.75769959900005], [-12.007992780999954, 14.76213922400005], [-12.022229155999954, 14.759912224000049], [-12.033091905999953, 14.762069349000049], [-12.036067155999953, 14.76582034900005], [-12.041909405999954, 14.76517884900005], [-12.048604405999953, 14.75937072400005], [-12.045642280999953, 14.75487972400005], [-12.044272905999954, 14.73215647400005], [-12.052869655999954, 14.71922334900005], [-12.071260905999953, 14.72570334900005], [-12.109903280999953, 14.74807072400005], [-12.122314030999954, 14.769992224000049], [-12.147272030999954, 14.772141599000049], [-12.164468405999953, 14.760344099000049], [-12.172876030999953, 14.75801934900005], [-12.213496780999954, 14.754760599000049], [-12.239236905999954, 14.76136559900005], [-12.233631905999953, 14.73462309900005], [-12.213729405999954, 14.72762284900005], [-12.208757780999953, 14.722109724000049], [-12.212685905999955, 14.700953224000049], [-12.202427155999954, 14.69337522400005], [-12.182925155999953, 14.69230397400005], [-12.171158780999955, 14.683959724000049], [-12.160265030999954, 14.68352822400005], [-12.159365905999953, 14.67709559900005], [-12.175802905999953, 14.66527959900005], [-12.175917655999953, 14.65886359900005], [-12.152199280999954, 14.65253709900005], [-12.143989780999954, 14.64375784900005], [-12.144223530999954, 14.63067747400005], [-12.149530780999953, 14.61743522400005], [-12.167623155999953, 14.61231022400005], [-12.172540405999953, 14.60671459900005], [-12.173724530999953, 14.583029724000049], [-12.185434780999953, 14.56618859900005], [-12.187207280999953, 14.55214122400005], [-12.209263030999955, 14.552268724000049], [-12.216265530999953, 14.54349609900005], [-12.213621780999954, 14.521220723000049], [-12.222227780999955, 14.49369872300005], [-12.220341405999953, 14.48576072300005], [-12.199222155999953, 14.475766223000049], [-12.206672780999954, 14.45612572300005], [-12.190323280999953, 14.43459622300005], [-12.200820280999954, 14.41475609800005], [-12.199764905999954, 14.402874473000049], [-12.180423405999953, 14.392659098000049], [-12.177315405999954, 14.39631397300005], [-12.169199530999954, 14.396423348000049], [-12.161313155999954, 14.383683098000049], [-12.155522905999954, 14.38136009800005], [-12.143613405999954, 14.380910848000049], [-12.139749530999953, 14.38430609800005], [-12.131917905999954, 14.38268997300005], [-12.125959905999954, 14.38975747300005], [-12.122783655999953, 14.383029473000049], [-12.127291405999953, 14.37198209800005], [-12.121567030999953, 14.36595197300005], [-12.118057905999954, 14.36366747300005], [-12.104224155999955, 14.37159097300005], [-12.093443280999955, 14.364733598000049], [-12.093205030999954, 14.349648973000049], [-12.098025655999955, 14.34948334800005], [-12.100719155999954, 14.340628473000049], [-12.094915405999954, 14.33904659800005], [-12.088203280999954, 14.33151534800005], [-12.092080530999954, 14.32737772300005], [-12.103024655999954, 14.325090598000049], [-12.090420655999953, 14.32092072300005], [-12.092598280999955, 14.312550223000049], [-12.100802655999953, 14.30749647300005], [-12.092176030999953, 14.30067334800005], [-12.079256655999954, 14.29995984800005], [-12.072015405999954, 14.29365472300005], [-12.062343030999953, 14.29571659800005], [-12.042991030999953, 14.285991473000049], [-12.026806905999953, 14.283491723000049], [-12.001931655999954, 14.213563473000049], [-11.987456780999954, 14.20045347300005], [-11.988187905999954, 14.18784722300005], [-11.974114405999954, 14.180681098000049], [-11.978316655999954, 14.15823372300005], [-11.976748530999954, 14.146575973000049], [-11.989155655999953, 14.11906584800005], [-11.975589905999954, 14.097548848000049], [-11.983157280999954, 14.08554697300005], [-11.992541905999953, 14.08545809800005], [-11.996655405999954, 14.08230947300005], [-11.998610155999954, 14.07219234800005], [-11.994760280999953, 14.060490848000049], [-12.002572655999954, 14.04898622300005], [-12.009968780999953, 14.046635348000049], [-12.007732405999954, 14.02975972300005], [-12.015964030999953, 14.02321309800005], [-12.005208780999954, 14.00049522300005], [-12.010324780999953, 13.98374022300005], [-12.006369280999953, 13.97797659800005], [-11.993164280999954, 13.97180834800005], [-11.988788155999954, 13.960112973000049], [-11.936729905999954, 13.92205197300005], [-11.934584030999954, 13.91433522300005], [-11.953108655999953, 13.81353609800005], [-11.950464405999954, 13.805310973000049], [-11.962451655999955, 13.80154747300005], [-11.974828780999953, 13.790105473000049], [-11.982721030999954, 13.77412409800005], [-12.002902280999955, 13.75884584800005], [-12.007913280999954, 13.74802059800005], [-12.017819780999954, 13.74719672300005], [-12.018379655999954, 13.74423059800005], [-12.037577155999953, 13.734389223000049], [-12.040187655999954, 13.730217848000049], [-12.056761655999953, 13.725291348000049], [-12.066306530999954, 13.71627759800005], [-12.073170405999953, 13.71540222300005], [-12.068844030999953, 13.701936098000049], [-12.049479530999953, 13.67829234800005], [-12.047115405999953, 13.668578223000049], [-12.040663405999954, 13.660530598000049], [-12.038067780999954, 13.61907309800005], [-12.021603155999953, 13.60537722300005], [-12.017179530999954, 13.597361723000049], [-11.998254030999954, 13.584633223000049], [-11.999068905999954, 13.567275348000049], [-11.975316780999954, 13.54776209800005], [-11.970504155999954, 13.53303622300005], [-11.948723030999954, 13.51678059800005], [-11.927544280999953, 13.50947122300005], [-11.918402655999953, 13.49566247300005], [-11.899803530999954, 13.48591359800005], [-11.892165655999953, 13.473122098000049], [-11.869382030999954, 13.45610084700005], [-11.865001155999954, 13.445597597000049], [-11.866768030999953, 13.431721097000048], [-11.887149905999953, 13.38363497200005], [-11.885956405999954, 13.379391972000048], [-11.872060530999955, 13.37617609700005], [-11.862218530999954, 13.358869347000049], [-11.844435530999954, 13.345898847000049], [-11.836333405999953, 13.330606722000049], [-11.829586530999954, 13.324778222000049], [-11.831650655999955, 13.30841409700005], [-11.829547405999953, 13.305396847000049], [-11.799323405999953, 13.307370972000049], [-11.788015780999954, 13.33003909700005], [-11.771211905999953, 13.33348234700005], [-11.765776780999953, 13.33960172200005], [-11.758265155999954, 13.362827472000049], [-11.741908030999953, 13.384162847000049], [-11.744107905999954, 13.40332509700005], [-11.727213030999954, 13.411981472000049], [-11.702276655999954, 13.40907797200005], [-11.695792030999954, 13.402759722000049], [-11.688462905999954, 13.386740097000049], [-11.662612530999954, 13.38531159700005], [-11.643496280999953, 13.39045472200005], [-11.626264155999953, 13.389419972000049], [-11.624121030999953, 13.38143547200005], [-11.636882905999954, 13.36252272200005], [-11.633402030999953, 13.35848959700005], [-11.612610405999954, 13.35789184700005], [-11.597061905999954, 13.362102222000049], [-11.596901905999953, 13.33502047200005], [-11.588518155999953, 13.321214597000049], [-11.590257280999953, 13.30882022200005], [-11.588048655999954, 13.304558972000049], [-11.578979280999954, 13.30092797200005], [-11.567031655999953, 13.28780572200005], [-11.545023280999954, 13.284205972000048], [-11.538020030999954, 13.263958472000049], [-11.525770530999953, 13.253563097000049], [-11.525079030999954, 13.24957484700005], [-11.541220530999954, 13.225983722000048], [-11.542863780999953, 13.21905109700005], [-11.538435655999955, 13.19660334700005], [-11.533918155999954, 13.19379272200005], [-11.509818905999953, 13.193637347000049], [-11.501518529999954, 13.18952047200005], [-11.501533904999954, 13.17410597200005], [-11.517103280999955, 13.154226722000049], [-11.517732030999953, 13.14727484700005], [-11.502171404999954, 13.137564472000049], [-11.495446904999953, 13.11581597200005], [-11.482536279999954, 13.10689484700005], [-11.475612029999954, 13.096581472000048], [-11.466292279999953, 13.09269447200005], [-11.456610529999955, 13.09501959700005], [-11.442436904999953, 13.09304134700005], [-11.424967654999953, 13.076332472000049], [-11.427948279999955, 13.06543722200005], [-11.435175904999953, 13.058344097000049], [-11.434028904999954, 13.05135934700005], [-11.411796154999953, 13.03133334700005], [-11.411113029999953, 13.02684347200005], [-11.416354779999955, 13.01722772200005], [-11.402744154999954, 13.01202372200005], [-11.397564529999954, 13.003477222000049], [-11.399675904999954, 12.99878472200005], [-11.411834029999953, 12.999983347000049], [-11.415441404999953, 12.99680897200005], [-11.416039529999953, 12.99159334700005], [-11.410168279999954, 12.979052722000048], [-11.414950404999953, 12.966689472000049], [-11.402679654999954, 12.97195934700005], [-11.391674529999953, 12.96281597200005], [-11.387091404999953, 12.96373484700005], [-11.384954029999953, 12.969920847000049], [-11.388237029999953, 12.98540484700005], [-11.384083529999954, 12.990809972000049], [-11.370897779999954, 12.990340722000049], [-11.360606029999953, 12.98394759700005], [-11.357154154999954, 12.97816634700005], [-11.355438779999954, 12.952752847000049], [-11.347524654999953, 12.94092272200005], [-11.348441154999954, 12.93197747200005], [-11.391810154999954, 12.918514222000049], [-11.395003904999953, 12.924541722000049], [-11.398555279999954, 12.92460109700005], [-11.401308154999954, 12.912200972000049], [-11.388234404999954, 12.905260972000049], [-11.387275904999953, 12.90200872200005], [-11.391464279999953, 12.89461047200005], [-11.399410154999954, 12.89001322200005], [-11.404454779999954, 12.877151597000049], [-11.396757029999954, 12.852871222000049], [-11.410095029999953, 12.844628347000048], [-11.403109029999953, 12.837788097000049], [-11.400031904999954, 12.825036472000049], [-11.395741029999954, 12.82371959700005], [-11.387227029999954, 12.831794972000049], [-11.382717154999954, 12.82848222200005], [-11.387586029999953, 12.81113122200005], [-11.381662154999953, 12.80156822200005], [-11.384149904999953, 12.77520834700005], [-11.401753279999953, 12.76977397200005], [-11.383162529999954, 12.759000847000049], [-11.379233279999953, 12.75146184700005], [-11.384256529999954, 12.73983734700005], [-11.367862154999953, 12.73408222200005], [-11.372842154999955, 12.72494747200005], [-11.393468529999954, 12.720808097000049], [-11.421356779999954, 12.722271722000048], [-11.424199404999953, 12.71932959700005], [-11.423350779999954, 12.695146722000048], [-11.431275779999954, 12.69179109700005], [-11.436735779999953, 12.698859472000048], [-11.440623404999954, 12.694190347000049], [-11.440555904999954, 12.68347447200005], [-11.446939029999953, 12.66663609700005], [-11.438937904999953, 12.65977334700005], [-11.422469404999953, 12.658251097000049], [-11.412288654999953, 12.645370222000048], [-11.412444404999954, 12.636400347000048], [-11.407470029999955, 12.630584472000049], [-11.409715904999954, 12.61815947200005], [-11.424328404999955, 12.60968009700005], [-11.424389029999954, 12.606191347000049], [-11.403122904999954, 12.588634472000049], [-11.418322529999953, 12.56096672200005], [-11.440145654999954, 12.56108334700005], [-11.447010529999954, 12.54573997200005], [-11.443295904999953, 12.54044147200005], [-11.436109779999954, 12.545058472000049], [-11.430300404999954, 12.543464972000049], [-11.429115904999954, 12.523995597000049], [-11.417260779999953, 12.51980697200005], [-11.414452654999954, 12.52075734700005], [-11.416029529999953, 12.53225447200005], [-11.409784654999953, 12.541126347000048], [-11.403936404999953, 12.541776347000049], [-11.399456154999953, 12.53671434700005], [-11.388318904999954, 12.53503172200005], [-11.391317404999954, 12.523112722000048], [-11.382962154999953, 12.52197534700005], [-11.378245404999953, 12.515911472000049], [-11.382758904999953, 12.48980147200005], [-11.375793279999954, 12.481703847000048], [-11.373488154999954, 12.482912347000049], [-11.374759779999954, 12.49739884700005], [-11.371444154999955, 12.49834084700005], [-11.368274154999954, 12.50551997200005], [-11.363685779999953, 12.50669009700005], [-11.356733029999953, 12.497845222000048], [-11.359026404999954, 12.48267009700005], [-11.350006154999953, 12.461318472000048], [-11.360817904999953, 12.45251972200005], [-11.372794654999954, 12.449726972000049], [-11.371944029999954, 12.440233597000049], [-11.364759029999954, 12.43013484700005], [-11.366467279999954, 12.41943622200005], [-11.376251404999953, 12.41136709700005], [-11.375555154999955, 12.40761322200005], [-11.367264279999954, 12.40273397200005], [-11.366951404999954, 12.391501097000049], [-11.374413279999954, 12.38563784700005], [-11.387865154999954, 12.385613722000048], [-11.409561904999954, 12.378491846000049], [-11.413324529999954, 12.381050221000049], [-11.409349779999953, 12.390714597000049], [-11.413142654999954, 12.39152672200005], [-11.420635029999954, 12.38391759700005], [-11.430792654999953, 12.38358897200005], [-11.435179779999954, 12.379420721000049], [-11.432889279999953, 12.365159096000049], [-11.434799654999953, 12.35745547100005], [-11.438907029999953, 12.354779346000049], [-11.444935904999953, 12.35837422100005], [-11.446334529999953, 12.350911221000048], [-11.438783279999953, 12.34729072100005], [-11.432136029999954, 12.33544972100005], [-11.430296779999953, 12.32443747100005], [-11.434160904999954, 12.306531846000048], [-11.428441779999954, 12.299696596000048], [-11.429703654999953, 12.28548959600005], [-11.433897779999954, 12.277821596000049], [-11.449191529999954, 12.274084346000048], [-11.445916404999954, 12.25805209600005], [-11.449375404999953, 12.248872846000049], [-11.456471529999954, 12.24949122100005], [-11.458377779999953, 12.24203334600005], [-11.465732029999954, 12.242406596000048], [-11.477521404999953, 12.23586359600005], [-11.481090154999954, 12.227684096000049], [-11.485184654999953, 12.22575547100005], [-11.484768279999953, 12.220504971000048], [-11.491767029999954, 12.212132971000049], [-11.487845779999954, 12.204076346000049], [-11.494786029999954, 12.18446509600005], [-11.485269279999955, 12.177062721000048], [-11.485713904999953, 12.166081346000048], [-11.472132529999953, 12.158859846000048], [-11.465317904999953, 12.14201084600005], [-11.457086904999954, 12.133629596000048], [-11.425264904999954, 12.12435234600005], [-11.404152654999955, 12.112257096000048], [-11.398285779999954, 12.11390734600005], [-11.367977279999954, 12.105155096000049], [-11.357800529999954, 12.08449859600005], [-11.359621404999954, 12.06728972100005], [-11.355957529999953, 12.058982846000049], [-11.347975279999954, 12.050853096000049], [-11.331063529999954, 12.045322346000049], [-11.309421654999953, 12.01972047100005], [-11.294720154999954, 12.018474721000048], [-11.272160904999954, 12.00185247100005], [-11.253618154999954, 12.002542096000049], [-11.235624029999954, 11.99349372100005], [-11.222935279999954, 11.993281721000049], [-11.210689279999954, 12.01157159600005], [-11.204035154999954, 12.01470934600005], [-11.198280154999953, 12.009864846000049], [-11.184563529999954, 12.010385596000049], [-11.171324279999954, 12.02740834600005], [-11.160317529999954, 12.03272247100005], [-11.157156279999954, 12.039416721000048], [-11.148506654999954, 12.040521971000048], [-11.142282904999954, 12.04816447100005], [-11.136222779999954, 12.06105672100005], [-11.143689029999953, 12.07340372100005], [-11.144984654999954, 12.082939846000048], [-11.140993404999953, 12.09361622100005], [-11.134584779999953, 12.097256846000048], [-11.110660029999954, 12.09361059600005], [-11.105498904999953, 12.098521096000049], [-11.105658779999954, 12.118758596000049], [-11.102265404999955, 12.12419772100005], [-11.073410404999954, 12.13420872100005], [-11.066865779999954, 12.160575596000049], [-11.061988654999954, 12.16374147100005], [-11.053399529999954, 12.16135084600005], [-11.052079279999953, 12.16432597100005], [-11.058664904999954, 12.17991959600005], [-11.048210529999954, 12.19747647100005], [-11.043063654999953, 12.216368596000049], [-11.038952279999954, 12.219296721000049], [-11.037807654999954, 12.212036471000049], [-11.032771279999954, 12.20970547100005], [-11.020045279999954, 12.21174147100005], [-10.990001654999954, 12.20974472100005], [-10.986169654999953, 12.21117934600005], [-10.982996404999954, 12.218617721000049], [-10.971703154999954, 12.225921096000048], [-10.954520904999953, 12.22139172100005], [-10.949119529999953, 12.22554684600005], [-10.942353779999953, 12.220440971000048], [-10.934368029999954, 12.227299971000049], [-10.922772529999953, 12.222613596000048], [-10.919318154999953, 12.21681347100005], [-10.911460529999953, 12.21618397100005], [-10.909816654999954, 12.208416096000049], [-10.903295904999954, 12.20381347100005], [-10.896913779999954, 12.20595522100005], [-10.892393154999954, 12.203133596000049], [-10.889840904999954, 12.189107221000048], [-10.879680154999953, 12.174704346000048], [-10.880590654999954, 12.165978346000049], [-10.876674529999953, 12.16491447100005], [-10.873000404999953, 12.157111346000049], [-10.858259029999953, 12.14338009600005], [-10.857819654999954, 12.139376471000048], [-10.822418779999953, 12.116560096000049], [-10.815774154999954, 12.11919822100005], [-10.797304904999953, 12.11564584600005], [-10.791054529999954, 12.110046971000049], [-10.784727654999953, 12.06422272100005], [-10.791643154999953, 12.06058897100005], [-10.792655654999953, 12.045863346000049], [-10.798289654999953, 12.04295784600005], [-10.800675654999953, 12.03699997100005], [-10.793655279999953, 12.031886221000049], [-10.782317779999953, 12.011956721000049], [-10.776807029999954, 12.007617221000048], [-10.779236404999953, 11.99166184600005], [-10.769323529999953, 11.97750147100005], [-10.764008279999954, 11.96166634600005], [-10.773919904999953, 11.94608147100005], [-10.773083404999953, 11.935568096000049], [-10.755035029999954, 11.937020221000049], [-10.733950904999954, 11.92292247100005], [-10.733524029999954, 11.918165221000049], [-10.724485404999953, 11.912265846000048], [-10.714600529999954, 11.91135284600005], [-10.707888404999954, 11.90299147100005], [-10.691645904999953, 11.902723846000049], [-10.671867029999953, 11.89394709600005], [-10.658928154999954, 11.89348409600005], [-10.651191529999954, 11.90060784600005], [-10.639462154999954, 11.903665221000049], [-10.634280529999954, 11.909830721000048], [-10.635235904999954, 11.928347346000049], [-10.623942279999953, 11.935661596000049], [-10.620532654999954, 11.95710409600005], [-10.614983029999953, 11.97001122100005], [-10.605525529999953, 11.97385509600005], [-10.597962904999953, 11.970731471000049], [-10.584284154999953, 11.984004221000049], [-10.573117904999954, 11.98382097100005], [-10.568220029999953, 11.98823947100005], [-10.564548779999953, 11.99517747100005], [-10.566006404999953, 11.998709846000049], [-10.574293779999953, 12.004334721000049], [-10.581149904999954, 12.019192221000049], [-10.536650904999954, 12.031207221000049], [-10.532125279999953, 12.028634096000049], [-10.523860904999953, 12.03699509600005], [-10.518608154999953, 12.047404096000049], [-10.522770529999953, 12.07145909600005], [-10.518312904999954, 12.07988084600005], [-10.511232779999954, 12.078265846000049], [-10.507985029999954, 12.090204846000049], [-10.509393654999954, 12.096973221000049], [-10.516659904999953, 12.102588346000049], [-10.517484904999954, 12.11384334600005], [-10.514067779999953, 12.12078184600005], [-10.472277279999954, 12.11535172100005], [-10.447074654999954, 12.119685971000049], [-10.430006278999954, 12.13839109600005], [-10.410911153999953, 12.14182597100005], [-10.416905653999953, 12.162654221000048], [-10.414703028999954, 12.17285784600005], [-10.395951028999953, 12.178545596000049], [-10.379163903999954, 12.16553484600005], [-10.360492653999954, 12.17397159600005], [-10.366080903999954, 12.188796846000049], [-10.363226528999954, 12.192496221000049], [-10.352285778999953, 12.194065971000049], [-10.339432528999954, 12.188612346000049], [-10.331528403999954, 12.190731096000048], [-10.332415778999954, 12.198985846000049], [-10.342323778999953, 12.212881596000049], [-10.341423903999953, 12.22110684600005], [-10.330563028999954, 12.21793359600005], [-10.323305153999954, 12.211822721000049], [-10.320608028999953, 12.22126734600005], [-10.310779028999953, 12.217112221000049], [-10.303172903999954, 12.201506846000049], [-10.301843403999953, 12.18999822100005], [-10.298062403999953, 12.18843834600005], [-10.286318403999953, 12.192492596000049], [-10.285525528999953, 12.209460096000049], [-10.271945778999953, 12.209488971000049], [-10.267764278999953, 12.20290309600005], [-10.260520903999954, 12.211025721000048], [-10.250586903999954, 12.213111596000049], [-10.248590403999954, 12.21108147100005], [-10.251050278999953, 12.200633846000049], [-10.244054028999953, 12.19402759600005], [-10.224863403999954, 12.20320509600005], [-10.213830528999953, 12.19797959600005], [-10.194455028999954, 12.200214471000049], [-10.192858653999954, 12.18945072100005], [-10.188603403999954, 12.185885471000049], [-10.178274778999954, 12.181222846000049], [-10.170607778999953, 12.18434497100005], [-10.156388403999953, 12.174036471000049], [-10.139875278999954, 12.17036122100005], [-10.128838528999953, 12.177674721000049], [-10.115988778999954, 12.171972346000048], [-10.099482153999954, 12.17245447100005], [-10.091731778999954, 12.180570471000049], [-10.085284278999954, 12.171475596000048], [-10.093217528999954, 12.167607971000049], [-10.096355153999953, 12.14692884600005], [-10.081645403999953, 12.14619134600005], [-10.079703028999953, 12.14091472100005], [-10.070471653999954, 12.14651022100005], [-10.067770278999953, 12.133478096000049], [-10.062420403999953, 12.134640596000049], [-10.063455778999954, 12.14864472100005], [-10.055993028999954, 12.13953222100005], [-10.050938778999953, 12.13820172100005], [-10.044507278999953, 12.143343096000049], [-10.034793903999953, 12.13219584600005], [-10.022459528999953, 12.12600172100005], [-10.012783278999953, 12.127843846000049], [-10.011689153999953, 12.13257222100005], [-10.000115903999953, 12.126390471000049], [-9.997715653999954, 12.118108471000049], [-9.994662153999954, 12.118558846000049], [-9.990215028999954, 12.11124272100005], [-9.984349403999953, 12.11289684600005], [-9.979219903999953, 12.100823096000049], [-9.971157653999953, 12.097195596000049], [-9.959705028999954, 12.099009471000048], [-9.955815403999953, 12.10394322100005], [-9.940632903999953, 12.09345584600005], [-9.914428653999954, 12.09703109600005], [-9.909985403999954, 12.089464721000049], [-9.911378778999953, 12.081992096000048], [-9.903960778999954, 12.07012997100005], [-9.901214903999954, 12.06733747100005], [-9.895607153999954, 12.068746346000049], [-9.890414778999954, 12.060106471000049], [-9.881058528999953, 12.058268096000049], [-9.872296778999953, 12.05088097100005], [-9.852157778999953, 12.05605434600005], [-9.827244153999953, 12.050656721000049], [-9.820497028999954, 12.05954347100005], [-9.816686403999954, 12.059732221000049], [-9.791270653999954, 12.04633109600005], [-9.790907903999953, 12.037579471000049], [-9.781118153999953, 12.03092534600005], [-9.759539153999954, 12.03107897100005], [-9.746953778999954, 12.02462984600005], [-9.715285653999953, 12.020873846000049], [-9.697582278999953, 12.02458897100005], [-9.688068778999954, 12.03193359600005], [-9.694246278999954, 12.05751997100005], [-9.684012903999953, 12.06235347100005], [-9.674068778999953, 12.080433471000049], [-9.674194778999954, 12.08818022100005], [-9.679354778999954, 12.098505721000048], [-9.677430028999954, 12.10746822100005], [-9.679790403999954, 12.11824759600005], [-9.668016528999953, 12.13954122100005], [-9.661365153999954, 12.14268197100005], [-9.648626153999954, 12.16096097100005], [-9.638962653999954, 12.162055346000049], [-9.635789903999953, 12.169746971000048], [-9.615714278999953, 12.17117472100005], [-9.612844778999953, 12.17587397100005], [-9.603202028999954, 12.175720096000049], [-9.595981778999953, 12.182597471000049], [-9.577760028999954, 12.187051846000049], [-9.574653278999953, 12.19074822100005], [-9.557725778999954, 12.18598347100005], [-9.553866028999954, 12.189168471000048], [-9.535579153999953, 12.189876096000049], [-9.527192278999953, 12.205973971000049], [-9.515887528999954, 12.214283971000048], [-9.500040153999953, 12.21924847100005], [-9.494134028999953, 12.22517409600005], [-9.492410653999954, 12.237380971000048], [-9.484851028999953, 12.249494346000048], [-9.473870278999954, 12.25356397100005], [-9.462701278999953, 12.253636346000048], [-9.457041153999953, 12.250550471000048], [-9.449878903999954, 12.25393209600005], [-9.440000778999954, 12.248782096000049], [-9.421876653999954, 12.258979971000048], [-9.406934153999954, 12.25699547100005], [-9.400213778999953, 12.24889997100005], [-9.393002528999954, 12.25527672100005], [-9.372563153999954, 12.243700346000049], [-9.360121527999953, 12.24826484600005], [-9.359413402999953, 12.24500797100005], [-9.342174902999954, 12.24373647100005], [-9.349100152999954, 12.254830971000048], [-9.341508777999953, 12.26894072100005], [-9.338451527999954, 12.269641096000049], [-9.333851152999953, 12.263826721000049], [-9.321733277999954, 12.27536797100005], [-9.325081777999953, 12.28790197100005], [-9.322724527999954, 12.29880834600005], [-9.324907027999954, 12.31410747100005], [-9.319722027999953, 12.320764346000049], [-9.312097527999953, 12.321392596000049], [-9.304498652999953, 12.33599709600005], [-9.312794402999954, 12.34086997100005], [-9.312676152999954, 12.348105221000049], [-9.298839902999953, 12.35612159600005], [-9.304328152999954, 12.36194772100005], [-9.323055652999953, 12.365238096000049], [-9.331564277999954, 12.37260897100005], [-9.339651027999954, 12.37473309600005], [-9.341125152999954, 12.39322034700005], [-9.346326902999953, 12.40103697200005], [-9.355935902999953, 12.40318497200005], [-9.358015277999954, 12.415692097000049], [-9.362330653999953, 12.41729597200005], [-9.368072153999954, 12.413530847000048], [-9.381972403999953, 12.42505234700005], [-9.382169278999953, 12.44401422200005], [-9.390231153999954, 12.44763409700005], [-9.399729278999953, 12.44104947200005], [-9.407648153999954, 12.453397597000048], [-9.408548653999954, 12.460395972000049], [-9.404922778999953, 12.46482822200005], [-9.385975653999953, 12.47500372200005], [-9.368677653999953, 12.47747347200005], [-9.370290278999953, 12.487475222000048], [-9.365339028999953, 12.49537747200005], [-9.354118152999954, 12.498691472000049], [-9.340732277999953, 12.494738972000048], [-9.336730027999954, 12.491184222000049], [-9.334417277999954, 12.47743047200005], [-9.325650152999954, 12.47968334700005], [-9.323512152999953, 12.49247159700005], [-9.315483652999953, 12.50232034700005], [-9.297600152999953, 12.49405759700005], [-9.292382152999954, 12.487241472000049], [-9.285576527999954, 12.484390597000049], [-9.276602652999953, 12.48998509700005], [-9.274737027999953, 12.495442347000049], [-9.252013527999953, 12.50381247200005], [-9.244733027999953, 12.49895934700005], [-9.230516652999954, 12.499234097000048], [-9.215141527999954, 12.49275709700005], [-9.157743152999954, 12.48761397200005], [-9.142698527999954, 12.476403597000049], [-9.133097777999954, 12.47375859700005], [-9.126651027999953, 12.464428722000049], [-9.111496652999953, 12.459950472000049], [-9.083820777999954, 12.43731559700005], [-9.053974152999954, 12.43110984700005], [-9.044757152999953, 12.426363847000049], [-8.950989152999954, 12.49890659700005], [-8.908847027999954, 12.525352097000049], [-8.900898652999953, 12.515286597000049], [-8.895773027999953, 12.532653722000049], [-8.878251277999953, 12.56555909700005], [-8.871490152999954, 12.60028459700005], [-8.852203402999953, 12.608841847000049], [-8.839098277999954, 12.60779659700005], [-8.819265027999954, 12.60047259700005], [-8.812834527999954, 12.587756972000049], [-8.801568027999954, 12.59040859700005], [-8.788235902999954, 12.588896847000049], [-8.782510277999954, 12.59942359700005], [-8.778292277999954, 12.59961147200005], [-8.765320902999953, 12.611169972000049], [-8.748217652999953, 12.631248472000049], [-8.747340152999953, 12.63689997200005], [-8.737284277999953, 12.642666347000048], [-8.738612527999953, 12.65787872200005], [-8.710193402999954, 12.68060972200005], [-8.690431402999954, 12.686739597000049], [-8.684649902999954, 12.70389809700005], [-8.669232527999954, 12.71704509700005], [-8.662303027999954, 12.733400097000048], [-8.649212402999954, 12.73478284700005], [-8.642543652999953, 12.745180722000049], [-8.637717652999953, 12.74531197200005], [-8.613450277999954, 12.76795072200005], [-8.611067027999953, 12.77236509700005], [-8.613551277999953, 12.78171222200005], [-8.605386902999953, 12.79098884700005], [-8.611791027999953, 12.79743284700005], [-8.609703402999953, 12.80507559700005], [-8.617718902999954, 12.815285597000049], [-8.628009527999954, 12.81441559700005], [-8.632509152999953, 12.81908459700005], [-8.634651152999954, 12.831807722000049], [-8.646407652999953, 12.84413259700005], [-8.643985527999954, 12.85129834700005], [-8.650462152999953, 12.85283909700005], [-8.657475277999954, 12.860150472000049], [-8.646177777999954, 12.871499722000049], [-8.646507902999954, 12.877060972000049], [-8.637914652999953, 12.87672234700005], [-8.621448277999953, 12.883464097000049], [-8.623942777999954, 12.89790609700005], [-8.633125152999954, 12.900722847000049], [-8.637246277999953, 12.90891497200005], [-8.632322902999954, 12.92603722200005], [-8.625368777999954, 12.92665009700005], [-8.616434027999953, 12.93453547200005], [-8.604540402999953, 12.929553972000049], [-8.591958027999953, 12.94382622200005], [-8.595489402999954, 12.964424472000049], [-8.591033902999953, 12.97528409700005], [-8.582588152999953, 12.97885609700005], [-8.580508527999953, 12.98358897200005], [-8.585758027999953, 12.99042284700005], [-8.577749902999953, 13.005827722000049], [-8.584648152999954, 13.02135397200005], [-8.573995027999953, 13.03941147200005], [-8.579410527999954, 13.041705847000049], [-8.591223152999953, 13.07926972200005], [-8.596310277999953, 13.08210972200005], [-8.594307027999953, 13.087515097000049], [-8.598056902999954, 13.09878322200005], [-8.589811777999953, 13.10040759700005], [-8.593099902999953, 13.107095597000049], [-8.588710527999954, 13.11931334700005], [-8.574503527999953, 13.11908747200005], [-8.574710777999954, 13.12761409700005], [-8.571465652999953, 13.13024934700005], [-8.570298402999953, 13.136185597000049], [-8.575210027999953, 13.14186522200005], [-8.575472777999954, 13.14837834700005], [-8.585210652999953, 13.15691684700005], [-8.579533902999954, 13.161894847000049], [-8.573910902999954, 13.184019472000049], [-8.576063402999953, 13.20001097200005], [-8.570111027999953, 13.20652159700005], [-8.569511027999953, 13.222823222000049], [-8.561011152999953, 13.22362334700005], [-8.554508777999953, 13.22943934700005], [-8.556711277999954, 13.23602547200005], [-8.534563277999954, 13.247686847000049], [-8.533413027999954, 13.25257009700005], [-8.539082777999953, 13.254683222000049], [-8.539211652999953, 13.26112684700005], [-8.526010277999953, 13.268558472000048], [-8.521493402999953, 13.282840097000049], [-8.528911902999953, 13.28102872200005], [-8.540011777999954, 13.29653022200005], [-8.526889277999953, 13.30287297200005], [-8.516729902999954, 13.31251584700005], [-8.518013027999954, 13.321634597000049], [-8.514697027999953, 13.32788259700005], [-8.522047152999953, 13.33744384700005], [-8.517352902999953, 13.340520847000048], [-8.501702527999953, 13.336081222000049], [-8.503169027999954, 13.356048722000049], [-8.508437527999954, 13.361727847000049], [-8.515112277999954, 13.361636472000049], [-8.513470652999953, 13.368639097000049], [-8.493051152999954, 13.388445472000049], [-8.488744527999954, 13.386615597000048], [-8.485913027999953, 13.39233947200005], [-8.477530777999954, 13.395189222000049], [-8.474913277999953, 13.38904022200005], [-8.453229402999954, 13.395515847000048], [-8.450549777999953, 13.40666897200005], [-8.458330027999953, 13.41168572200005], [-8.461586027999953, 13.405835722000049], [-8.461644527999953, 13.42782684700005], [-8.453326777999953, 13.43260522200005], [-8.455641152999954, 13.43853697200005], [-8.466647152999954, 13.44703747200005], [-8.462787402999954, 13.455772847000048], [-8.465759902999954, 13.46879197300005], [-8.475113277999954, 13.47224709800005], [-8.469734277999953, 13.485457848000049], [-8.506259652999953, 13.50782484800005], [-8.512853777999954, 13.51698472300005], [-8.510955152999953, 13.526710098000049], [-8.515753152999954, 13.53919959800005], [-8.526200152999953, 13.543735848000049], [-8.558671277999954, 13.570027598000049], [-8.560177152999954, 13.574116098000049], [-8.542092902999954, 13.57496647300005], [-8.541581652999954, 13.58285784800005], [-8.552313402999953, 13.60828772300005], [-8.550127902999954, 13.62526372300005], [-8.555790777999952, 13.631743848000049], [-8.556940777999953, 13.67453134800005], [-8.546087902999954, 13.696757723000049], [-8.546993777999953, 13.70742284800005], [-8.539598777999954, 13.70474372300005], [-8.533119527999954, 13.712107848000048], [-8.531359902999954, 13.722653723000048], [-8.522684527999953, 13.73329972300005], [-8.511784527999954, 13.73354734800005], [-8.506617277999954, 13.73844309800005], [-8.509506902999954, 13.74313572300005], [-8.496074652999953, 13.74139072300005], [-8.493148152999954, 13.74538784800005], [-8.494115652999954, 13.76436834800005], [-8.499128152999953, 13.769108598000049], [-8.498317527999953, 13.77997709800005], [-8.494421652999954, 13.78418022300005], [-8.485539527999954, 13.78351159800005], [-8.479428652999953, 13.78776997300005], [-8.484073277999954, 13.79561259800005], [-8.476877402999953, 13.804171348000049], [-8.462655777999954, 13.80243384800005], [-8.463688402999953, 13.81736947300005], [-8.454502777999954, 13.81505297300005], [-8.449226277999953, 13.82678309800005], [-8.460829902999953, 13.860678848000049], [-8.446755402999953, 13.86197084800005], [-8.439178027999953, 13.858470348000049], [-8.434832152999954, 13.866049348000049], [-8.439872902999953, 13.874455723000048], [-8.460683277999953, 13.88667272300005], [-8.452173902999954, 13.90548009800005], [-8.457300902999954, 13.90773859800005], [-8.463758152999953, 13.92270784800005], [-8.473658902999953, 13.93178122300005], [-8.476168902999953, 13.94609347300005], [-8.480855777999952, 13.95186959800005], [-8.491327902999954, 13.95223809800005], [-8.508202652999953, 13.94182659800005], [-8.532667652999953, 13.959234348000049], [-8.542703027999954, 13.95454759800005], [-8.554568027999954, 13.95502709800005], [-8.560746027999953, 13.94947234800005], [-8.566336402999953, 13.936600223000049], [-8.589748027999953, 13.925533098000049], [-8.573465902999953, 13.915766098000049], [-8.570913277999953, 13.90412772300005], [-8.576906902999953, 13.89113284800005], [-8.599685402999953, 13.87763109800005], [-8.602352402999953, 13.86118597300005], [-8.588665027999953, 13.86165859800005], [-8.578198152999953, 13.867653348000049], [-8.572767402999954, 13.864595098000049], [-8.572574902999953, 13.86079322300005], [-8.586027652999954, 13.85408947300005], [-8.586042277999953, 13.847509973000049], [-8.601565902999953, 13.83419522300005], [-8.631224527999953, 13.82937922300005], [-8.656831277999954, 13.85493322300005], [-8.663936152999954, 13.85588372300005], [-8.662412027999954, 13.85239047300005], [-8.676017777999954, 13.842979848000049], [-8.688292277999953, 13.83870009800005], [-8.696719652999953, 13.843001598000049], [-8.703634277999953, 13.84131684800005], [-8.703735777999952, 13.846673473000049], [-8.710093777999953, 13.84604684800005], [-8.711333652999953, 13.862613723000049], [-8.715753027999954, 13.86921134800005], [-8.733141402999953, 13.86873159800005], [-8.739188027999953, 13.876562098000049], [-8.735968652999953, 13.882161223000049], [-8.737978902999954, 13.88962847300005], [-8.743651027999954, 13.89655722300005], [-8.749324527999953, 13.897710223000049], [-8.739962527999953, 13.915780223000048], [-8.746534152999953, 13.91745497300005], [-8.750560402999954, 13.91496659800005], [-8.748917902999953, 13.909725223000049], [-8.760019152999954, 13.900974098000049], [-8.771323902999953, 13.89847184800005], [-8.778434027999953, 13.90258272300005], [-8.774223027999954, 13.90743947300005], [-8.776827402999954, 13.91580722300005], [-8.782427027999953, 13.91724959800005], [-8.785786027999954, 13.924538973000049], [-8.786562902999954, 13.93499097300005], [-8.791683902999953, 13.93834134800005], [-8.798171777999954, 13.93249397300005], [-8.816181527999953, 13.94181772300005], [-8.822010277999953, 13.94739147300005], [-8.824439027999953, 13.96471784800005], [-8.839975402999954, 13.964066348000049], [-8.836743402999954, 13.956880098000049], [-8.847993527999954, 13.96166534800005], [-8.858214902999954, 13.975327098000049], [-8.857162027999953, 13.986582348000049], [-8.863421902999953, 13.99629747300005], [-8.861745402999953, 13.99927034800005], [-8.846696777999954, 14.00095797300005], [-8.833338902999953, 14.01532134800005], [-8.844078152999954, 14.02439059800005], [-8.842605652999953, 14.03035347300005], [-8.834365152999954, 14.03050422300005], [-8.822245152999953, 14.04188172300005], [-8.815432402999953, 14.04043872300005], [-8.813996152999954, 14.042721973000049], [-8.821074277999953, 14.064860723000049], [-8.820840652999953, 14.088305223000049], [-8.827288402999953, 14.102850973000049], [-8.825343027999953, 14.10903909800005], [-8.819895652999953, 14.11220459800005], [-8.790724027999953, 14.10746522300005], [-8.773227652999953, 14.09289972300005], [-8.768288652999953, 14.092392348000049], [-8.747699777999953, 14.10391147300005], [-8.751159152999954, 14.10946472300005], [-8.753575527999953, 14.128761598000048], [-8.761502777999953, 14.144828348000049], [-8.755455652999954, 14.16883672300005], [-8.757626277999954, 14.187018098000049], [-8.755160152999954, 14.19779734800005], [-8.757475652999954, 14.20172772300005], [-8.770177277999954, 14.202332348000049], [-8.780219402999954, 14.212294223000049], [-8.779645277999954, 14.222403098000049], [-8.784836152999953, 14.23163584800005], [-8.796064152999953, 14.240969723000049], [-8.792284527999954, 14.26077697300005], [-8.796827402999954, 14.26496997300005], [-8.815972027999953, 14.26482009800005], [-8.820183402999954, 14.26784822300005], [-8.816242777999953, 14.276138723000049], [-8.799326027999953, 14.29037359800005], [-8.722309152999953, 14.285124098000049], [-8.690279902999954, 14.30025059800005], [-8.650309652999953, 14.311126723000049], [-8.590809152999954, 14.39817009800005], [-8.571312527999954, 14.41013622300005], [-8.550313027999954, 14.39913522300005], [-8.529313402999954, 14.37713309800005], [-8.499313027999953, 14.32312809800005], [-8.472314402999954, 14.298124723000049], [-8.443314152999953, 14.295125473000049], [-8.398315152999952, 14.30412634800005], [-8.326316652999953, 14.313126348000049], [-8.272317776999953, 14.30212634800005], [-8.162314651999953, 14.31712797300005], [-8.132315776999953, 14.33712984800005], [-8.136316276999953, 14.355130598000049], [-8.148042526999953, 14.37016197300005], [-8.160314776999954, 14.43113872300005], [-8.150315651999954, 14.485142848000049], [-8.164315401999954, 14.50014534800005], [-8.237315776999953, 14.51714684800005], [-8.300308527999952, 14.578152599000049], [-8.361312277999954, 14.62215759900005], [-8.471457027999953, 14.67746472400005], [-8.485309402999953, 14.730165724000049], [-8.475310777999953, 14.87318022400005], [-8.492309527999954, 14.93918647400005], [-8.507309277999953, 14.960188474000049], [-8.571308902999954, 14.97318859900005], [-8.677306652999953, 14.97918997400005], [-8.725397152999953, 15.00449134900005], [-8.788304527999953, 15.14020409900005], [-8.796303402999953, 15.21821147400005], [-8.804303277999953, 15.242213724000049], [-8.849306902999952, 15.29021922400005], [-8.988653027999954, 15.35853947400005], [-9.018298902999954, 15.392228599000049], [-9.122296902999953, 15.47123484900005], [-9.136137777999954, 15.49722709900005]]]}}, {"type": "Feature", "properties": {"name": "Kidal", "country": "MLI"}, "geometry": {"type": "Polygon", "coordinates": [[[4.242842984000048, 18.00562522700005], [4.242464859000048, 19.14041510300005], [4.017145484000048, 19.09706160300005], [3.979071484000048, 19.08443035300005], [3.849151234000048, 19.05750760300005], [3.356664983000048, 18.96498697800005], [3.330403483000048, 18.99315960300005], [3.295053358000048, 18.99927685300005], [3.293130108000048, 19.00868060300005], [3.275898608000048, 19.02954060300005], [3.253397233000048, 19.04250985300005], [3.237647983000048, 19.05998335300005], [3.219741233000048, 19.06496797800005], [3.210447358000048, 19.07107185300005], [3.207228858000048, 19.07759735300005], [3.180578483000048, 19.09276810300005], [3.163831358000048, 19.11144847800005], [3.150183733000048, 19.11254310300005], [3.124999858000048, 19.12288760300005], [3.120504233000048, 19.12822135300005], [3.113952608000048, 19.15401072800005], [3.120676233000048, 19.16764772800005], [3.121082108000048, 19.18182572800005], [3.124414108000048, 19.18587935300005], [3.168960733000048, 19.22016110300005], [3.208258733000048, 19.25641785300005], [3.217855108000048, 19.28363710300005], [3.240775108000048, 19.33079810300005], [3.287978108000048, 19.35523210300005], [3.293539483000048, 19.36119960300005], [3.297931233000048, 19.37640985300005], [3.272774858000048, 19.43604260300005], [3.265558483000048, 19.44555010300005], [3.256278483000048, 19.47634847800005], [3.251040108000048, 19.48311585300005], [3.249192233000048, 19.49944447800005], [3.260685108000048, 19.50988647800005], [3.265891983000048, 19.52374585300005], [3.240965108000048, 19.55755635300005], [3.230101733000048, 19.58211447800005], [3.232911358000048, 19.60821397800005], [3.243647733000048, 19.61889522800005], [3.248557733000048, 19.62867347800005], [3.249994608000048, 19.64471460300005], [3.242491233000048, 19.65245447800005], [3.229675108000048, 19.68348372800005], [3.232311733000048, 19.71699160300005], [3.246210358000048, 19.73960785300005], [3.247887233000048, 19.75443747800005], [3.243276358000048, 19.77243847800005], [3.245141608000048, 19.78127822800005], [3.258923233000048, 19.81657097800005], [3.252777358000048, 19.83290397800005], [3.237921858000048, 19.83879047800005], [3.226025733000048, 19.83770872800005], [3.214678983000048, 19.84068985300005], [3.200494358000048, 19.83843385300005], [3.146429233000048, 19.85451035300005], [3.127921608000048, 19.87335160300005], [3.113296233000048, 19.87708197800005], [3.107053233000048, 19.88431935300005], [3.078915358000048, 19.90109785400005], [3.032648858000048, 19.91326760400005], [3.004558858000048, 19.93174310400005], [2.997185108000048, 19.95378872900005], [2.971783233000048, 19.96623035400005], [2.932222233000048, 19.96709472900005], [2.904024108000048, 19.97812897900005], [2.879505983000048, 19.97884710400005], [2.876140733000048, 19.97170797900005], [2.873920483000048, 19.97675022900005], [2.854060483000048, 19.98722460400005], [2.823164358000048, 19.98274660400005], [2.801993358000048, 19.98893097900005], [2.781149108000048, 19.99033122900005], [2.767310108000048, 19.99644347900005], [2.766151233000048, 20.00601610400005], [2.754850983000048, 20.01305872900005], [2.731057483000048, 20.01066410400005], [2.715662733000048, 20.03614910400005], [2.709384733000048, 20.04003460400005], [2.712494983000048, 20.04693372900005], [2.707278358000048, 20.05534835400005], [2.702064733000048, 20.07546935400005], [2.696071358000048, 20.08221772900005], [2.699060733000048, 20.10105972900005], [2.683287483000048, 20.11506885400005], [2.671592608000048, 20.10921322900005], [2.664895358000048, 20.09805297900005], [2.662816358000048, 20.07012310400005], [2.631838983000048, 20.05824435400005], [2.629816483000048, 20.058264354000052], [2.632402858000048, 20.06349522900005], [2.618812233000048, 20.06912497900005], [2.607843358000048, 20.06039347900005], [2.597462358000048, 20.05906285400005], [2.593380358000048, 20.055758229000052], [2.591396733000048, 20.04789260400005], [2.586822233000048, 20.04578747900005], [2.578232108000048, 20.04635060400005], [2.574729858000048, 20.04973060400005], [2.556748608000048, 20.04704172900005], [2.548980608000048, 20.05333160400005], [2.548110233000048, 20.06600372900005], [2.530562733000048, 20.07955722900005], [2.525160733000048, 20.09394422900005], [2.514708108000048, 20.10885772900005], [2.511182108000048, 20.11008710400005], [2.503760358000048, 20.10203985400005], [2.493698983000048, 20.10667822900005], [2.476175608000048, 20.09968697900005], [2.467350483000048, 20.11315085400005], [2.464319608000048, 20.11341997900005], [2.450045233000048, 20.10305285400005], [2.439424982000048, 20.10291997900005], [2.425892732000048, 20.091111479000052], [2.403872107000048, 20.08894272900005], [2.389543732000048, 20.07379672900005], [2.389811107000048, 20.05252947900005], [2.368718232000048, 20.04294360400005], [2.377199232000048, 20.07774272900005], [2.375098107000048, 20.09329160400005], [2.369430982000048, 20.10648597900005], [2.371251482000048, 20.11100597900005], [2.380389732000048, 20.11425835400005], [2.387819982000048, 20.12302085400005], [2.393528857000048, 20.13609872900005], [2.392140482000048, 20.14757485400005], [2.384717232000048, 20.16197560400005], [2.364983232000048, 20.16074047900005], [2.347001982000048, 20.18049797900005], [2.344726482000048, 20.19174072900005], [2.351637732000048, 20.199310104000052], [2.339140357000048, 20.21208585400005], [2.339973857000048, 20.21876035400005], [2.333143232000048, 20.21835147900005], [2.332478732000048, 20.22671135400005], [2.329227482000048, 20.22984635400005], [2.316580107000048, 20.22925722900005], [2.310039982000048, 20.23218660400005], [2.309891857000048, 20.24149497900005], [2.300393607000048, 20.25113522900005], [2.297031982000048, 20.26691660400005], [2.303208857000048, 20.27663635400005], [2.302324107000048, 20.28785760400005], [2.294052232000048, 20.29414285400005], [2.281440357000048, 20.29665485400005], [2.277003357000048, 20.30671760400005], [2.266464732000048, 20.31374047900005], [2.247495857000048, 20.31297697900005], [2.225187232000048, 20.31868697900005], [2.205901732000048, 20.33462135400005], [2.182331607000048, 20.32937385400005], [2.183294232000048, 20.325071354000052], [2.179166107000048, 20.31771960400005], [2.180415232000048, 20.29409322900005], [2.174033607000048, 20.28867110400005], [2.163917107000048, 20.28829597900005], [2.155423982000048, 20.27502222900005], [2.128368357000048, 20.27457985400005], [2.124169607000048, 20.26102285400005], [2.110292607000048, 20.25233485400005], [2.102970107000048, 20.25312472900005], [2.088664607000048, 20.26233647900005], [2.076232107000048, 20.25840622900005], [2.069926107000048, 20.25966322900005], [2.043585232000048, 20.27758560400005], [2.040356107000048, 20.28262822900005], [2.031022357000048, 20.28439285400005], [2.024180982000048, 20.28303097900005], [2.016252357000048, 20.27500022900005], [2.003806232000048, 20.26987797900005], [1.997097732000048, 20.25801647900005], [1.987434857000048, 20.25310397900005], [1.984038607000048, 20.25457022900005], [1.980350482000048, 20.26367460400005], [1.967104982000048, 20.25498122900005], [1.947148857000048, 20.25637747900005], [1.935179482000048, 20.22667060400005], [1.926016357000048, 20.22127497900005], [1.898695107000048, 20.24183885400005], [1.903233107000048, 20.26279047900005], [1.887768607000048, 20.28108035400005], [1.886396982000048, 20.29373772900005], [1.875491982000048, 20.29074810400005], [1.870106607000048, 20.29509697900005], [1.821784982000048, 20.29201322900005], [1.800079107000048, 20.29509822900005], [1.779868107000048, 20.31820360400005], [1.779741732000048, 20.32917560400005], [1.766311982000048, 20.34839072900005], [1.750563357000048, 20.35284447900005], [1.739675107000048, 20.35128722900005], [1.730457607000048, 20.36306535400005], [1.718126982000048, 20.36796060400005], [1.708890357000048, 20.378068854000052], [1.693307232000048, 20.38585785400005], [1.673015482000048, 20.40179960400005], [1.669978107000048, 20.42328185400005], [1.674321982000048, 20.42728860400005], [1.675948982000048, 20.43680422900005], [1.664726732000048, 20.45002585400005], [1.678998357000048, 20.48180497900005], [1.678536982000048, 20.48562122900005], [1.662998982000048, 20.49721535400005], [1.667186607000048, 20.50955822900005], [1.662664732000048, 20.51198647900005], [1.661714482000048, 20.51723610400005], [1.668874357000048, 20.52430722900005], [1.668921232000048, 20.528355354000052], [1.650416982000048, 20.54569147900005], [1.642511607000048, 20.56148785400005], [1.635330482000048, 20.56346660400005], [1.625336982000048, 20.57356897900005], [1.609200357000048, 20.57706835400005], [1.593745232000048, 20.59742472900005], [1.563764857000048, 20.60419835400005], [1.558782232000048, 20.61043822900005], [1.550919607000048, 20.60813947900005], [1.545406607000048, 20.612242604000052], [1.499151857000048, 20.62319335400005], [1.480330232000048, 20.63481147900005], [1.440315732000048, 20.64974197900005], [1.401824107000048, 20.65965560400005], [1.396250357000048, 20.65329335400005], [1.384391482000048, 20.65508235400005], [1.376182857000048, 20.66635022900005], [1.366135106000048, 20.67168885400005], [1.350895106000048, 20.68683497900005], [1.343003731000048, 20.70356772900005], [1.343124231000048, 20.71379372900005], [1.315119106000048, 20.73953160400005], [1.289830231000048, 20.73836897900005], [1.273956606000048, 20.73187647900005], [1.263401231000048, 20.73698072900005], [1.254789106000048, 20.73540622900005], [1.233383231000048, 20.72064835400005], [1.188401481000048, 20.72135772900005], [1.170309856000048, 20.73034672900005], [1.165663231000048, 20.74347410400005], [1.167008106000048, 20.79291010400005], [1.180494231000048, 20.84315147900005], [1.195332231000048, 20.94346947900005], [1.191858231000048, 20.99146023000005], [1.194980606000048, 20.99902273000005], [1.195090606000048, 21.03819948000005], [1.183868106000048, 21.07972335500005], [1.179452106000048, 21.11404960500005], [0.885648981000048, 21.29551660500005], [0.812191356000048, 21.34627623000005], [0.664755856000048, 21.45689498000005], [0.594166981000048, 21.50306010500005], [0.526851981000048, 21.552202355000052], [0.363242856000048, 21.659821230000052], [0.244654855000048, 21.74572910500005], [-0.014338894999952, 21.906762105000052], [-0.237504644999952, 21.22978660500005], [-1.292479645999952, 20.38670647900005], [-2.056461396999953, 19.99866910400005], [-1.981868271999953, 19.76993547800005], [-1.124977145999952, 19.07418685300005], [-0.888484145999952, 19.03658397800005], [-0.160952644999952, 18.86663122800005], [0.072494730000048, 18.80656635200005], [0.275989605000048, 18.41589160200005], [0.471172481000048, 18.14653397700005], [0.375717606000048, 18.05625935200005], [0.463478106000048, 17.95184885200005], [0.705279231000048, 17.95673785200005], [0.976507981000048, 17.84506122700005], [1.154584731000048, 17.70648472600005], [1.177673356000048, 17.69958510100005], [1.670171232000048, 17.74302947600005], [1.730505982000048, 17.72736822600005], [1.932595857000048, 17.75597935200005], [1.979458982000048, 18.06050210200005], [2.247452607000048, 18.05950322700005], [2.432253107000048, 17.96723060200005], [3.216959233000048, 18.00461735200005], [4.242842984000048, 18.00562522700005]]]}}, {"type": "Feature", "properties": {"name": "Koulikouro", "country": "MLI"}, "geometry": {"type": "Polygon", "coordinates": [[[-9.044757152999953, 12.426363847000049], [-9.011876652999954, 12.41348609700005], [-9.002960777999954, 12.399874222000049], [-9.005204777999953, 12.386685722000049], [-9.001378652999954, 12.387873347000049], [-8.999916902999953, 12.384107847000049], [-8.994085027999953, 12.38376697200005], [-8.992647527999953, 12.378504721000049], [-8.962060402999953, 12.351879346000048], [-8.953120402999954, 12.350936596000048], [-8.932830277999953, 12.31867509600005], [-8.950624902999953, 12.301232346000049], [-8.984016902999953, 12.245338221000049], [-8.992920152999954, 12.212769721000049], [-8.989138027999953, 12.21121222100005], [-8.980663152999954, 12.217321846000049], [-8.979298152999954, 12.20756222100005], [-8.973006902999954, 12.20421759600005], [-8.977667277999954, 12.19854734600005], [-8.969100277999953, 12.194667471000049], [-8.971750902999954, 12.187716721000049], [-8.967546027999953, 12.180908346000049], [-8.954282027999954, 12.184946096000049], [-8.950769777999954, 12.182393721000048], [-8.945867777999954, 12.187311596000049], [-8.943402777999953, 12.18277797100005], [-8.927387902999953, 12.184275596000049], [-8.928547777999954, 12.191036221000049], [-8.916794277999953, 12.19584684600005], [-8.915421027999953, 12.18658572100005], [-8.910152527999953, 12.182757471000048], [-8.903264902999954, 12.18489734600005], [-8.903236777999954, 12.170911846000049], [-8.892639402999954, 12.167000096000049], [-8.896836527999954, 12.158574221000048], [-8.891539777999954, 12.15649334600005], [-8.892099652999953, 12.15325522100005], [-8.886013402999954, 12.152910346000048], [-8.883572527999954, 12.146877971000048], [-8.888788777999954, 12.138217471000049], [-8.896228402999954, 12.133338096000049], [-8.893525652999953, 12.12780059600005], [-8.897130777999953, 12.124609721000049], [-8.893243902999954, 12.113807596000049], [-8.897928527999953, 12.10663647100005], [-8.897807652999953, 12.09839072100005], [-8.910266527999953, 12.097086596000048], [-8.909291902999954, 12.078833721000048], [-8.913473277999953, 12.071403846000049], [-8.910351527999953, 12.06036147100005], [-8.913977027999954, 12.05592059600005], [-8.907942902999954, 12.05232809600005], [-8.908656027999953, 12.03959559600005], [-8.906158527999953, 12.03705772100005], [-8.899266402999954, 12.039448846000049], [-8.880301777999954, 12.034904346000049], [-8.873026902999953, 12.02954309600005], [-8.872116527999953, 12.02303147100005], [-8.866227277999954, 12.02618822100005], [-8.868096277999953, 12.02046972100005], [-8.864829402999954, 12.01841947100005], [-8.860640152999954, 12.02635084600005], [-8.852066152999953, 12.03071497100005], [-8.850410777999953, 12.038935471000048], [-8.842813652999954, 12.037817346000049], [-8.840420652999953, 12.028783971000049], [-8.833778277999953, 12.03142922100005], [-8.827035402999954, 12.040319846000049], [-8.825331277999954, 12.035795346000048], [-8.828432902999953, 12.03234534600005], [-8.823743902999954, 12.024025721000049], [-8.802422027999953, 12.008198971000049], [-8.805587902999953, 12.000750721000049], [-8.792733527999953, 11.995051971000048], [-8.792358527999953, 11.986798346000048], [-8.780535277999954, 11.980115596000049], [-8.773320152999954, 11.971005096000049], [-8.782576152999953, 11.947902471000049], [-8.783775277999954, 11.920671971000049], [-8.792732902999953, 11.88455784600005], [-8.790125402999953, 11.85726072100005], [-8.820487027999953, 11.816218596000049], [-8.831512777999954, 11.79362909600005], [-8.819075902999954, 11.77767559600005], [-8.848318027999953, 11.648516471000049], [-8.832105527999953, 11.646260846000049], [-8.828854152999954, 11.643206471000049], [-8.816650527999954, 11.64426722100005], [-8.810921152999953, 11.637419721000049], [-8.789285277999953, 11.625067096000048], [-8.771098277999954, 11.619276471000049], [-8.759551652999953, 11.626856096000049], [-8.752814777999953, 11.619491971000048], [-8.747968027999953, 11.62091822100005], [-8.745731777999953, 11.61787959600005], [-8.751670152999953, 11.611713971000048], [-8.745571777999954, 11.604108971000048], [-8.701066527999954, 11.640462721000048], [-8.689309027999954, 11.62951672100005], [-8.691519902999953, 11.61828684600005], [-8.678297902999953, 11.587790346000048], [-8.660448152999953, 11.57674722100005], [-8.656748777999953, 11.569929846000049], [-8.659447152999954, 11.559956721000049], [-8.640142027999953, 11.54463322100005], [-8.658856152999954, 11.53340572100005], [-8.650127902999953, 11.523503846000049], [-8.655018902999954, 11.51932272100005], [-8.654305402999954, 11.51630659600005], [-8.639275152999954, 11.503551221000048], [-8.637352402999953, 11.496759471000049], [-8.627131902999952, 11.49284384600005], [-8.618431277999953, 11.48118772100005], [-8.613812152999953, 11.468342096000049], [-8.597328277999953, 11.467084096000049], [-8.565230777999954, 11.45618897100005], [-8.560370777999953, 11.45999809600005], [-8.558184402999954, 11.46973284600005], [-8.550870777999954, 11.46661372100005], [-8.545690152999953, 11.47304572100005], [-8.541406777999953, 11.470975596000049], [-8.533493777999954, 11.47360809600005], [-8.530494652999954, 11.488525721000048], [-8.521595027999954, 11.486271846000049], [-8.515833652999953, 11.493253596000049], [-8.516107902999954, 11.501507346000048], [-8.523845402999953, 11.507144096000049], [-8.524531402999953, 11.512225346000049], [-8.516057402999953, 11.511677221000049], [-8.512489527999954, 11.52174647100005], [-8.520302777999953, 11.52942534600005], [-8.515607652999954, 11.53293347100005], [-8.510976152999953, 11.529907596000049], [-8.509129402999953, 11.53391347100005], [-8.515219152999954, 11.544664471000049], [-8.512663277999954, 11.54843759600005], [-8.521005027999953, 11.553588846000048], [-8.514677527999954, 11.55628234600005], [-8.515325652999953, 11.56416672100005], [-8.503537027999954, 11.572266596000048], [-8.514115152999953, 11.576416096000049], [-8.508750652999954, 11.58355084600005], [-8.501539277999953, 11.58420872100005], [-8.500736402999953, 11.593633971000049], [-8.494035277999954, 11.59565434600005], [-8.480578277999953, 11.592065096000049], [-8.478275527999953, 11.584670471000049], [-8.474943777999954, 11.584149971000048], [-8.472916402999953, 11.598622346000049], [-8.460480777999953, 11.60492884600005], [-8.448907402999954, 11.617455721000049], [-8.442628527999954, 11.615545346000049], [-8.444758152999952, 11.62492234600005], [-8.451884777999954, 11.63338447100005], [-8.459374277999954, 11.63171047100005], [-8.456572277999953, 11.635275971000048], [-8.396619777999954, 11.654521346000049], [-8.333040152999953, 11.652521221000049], [-8.242322026999954, 11.683524221000049], [-8.228686026999954, 11.69067772100005], [-8.226045026999953, 11.701053846000049], [-8.215955901999953, 11.71060447100005], [-8.200283026999953, 11.70557734600005], [-8.174575401999954, 11.682432221000049], [-8.090770151999953, 11.683784471000049], [-8.035318401999954, 11.70387747100005], [-7.972851776999954, 11.769807846000049], [-7.968337901999953, 11.782181096000048], [-7.937165526999953, 11.78397122100005], [-7.862323151999953, 11.839891721000049], [-7.754626526999953, 11.90429797100005], [-7.746326651999953, 11.90479909600005], [-7.737126901999953, 11.91129872100005], [-7.723627151999954, 11.914298971000049], [-7.689078026999953, 11.95383759600005], [-7.676429526999954, 11.95437097100005], [-7.675634651999953, 11.950448096000049], [-7.662267526999953, 11.95045272100005], [-7.658863526999953, 11.947703471000048], [-7.655066276999953, 11.95088809600005], [-7.644494901999953, 11.94981247100005], [-7.631743651999953, 11.942541346000048], [-7.624329276999953, 11.942401846000049], [-7.619145276999953, 11.94980334600005], [-7.615045401999954, 11.945285971000049], [-7.610468276999954, 11.948182596000049], [-7.608533901999953, 11.95593684600005], [-7.604491901999953, 11.955596096000049], [-7.598895026999953, 11.962538846000049], [-7.595129901999953, 11.961103596000049], [-7.590160401999953, 11.964642846000048], [-7.588463526999953, 11.97338209600005], [-7.596026401999953, 11.972811846000049], [-7.584739026999953, 11.981264596000049], [-7.574372151999953, 11.981921846000049], [-7.571198276999954, 11.99192559600005], [-7.565886526999953, 11.98878909600005], [-7.547208026999953, 11.99436622100005], [-7.547513776999954, 12.004153971000049], [-7.535660901999953, 12.008886846000049], [-7.535368401999953, 12.015475971000049], [-7.527610026999954, 12.01956822100005], [-7.530100651999954, 12.024375471000049], [-7.520339026999953, 12.028998596000049], [-7.524171901999953, 12.05283122100005], [-7.518717526999954, 12.06011534600005], [-7.520910151999953, 12.06575872100005], [-7.516493026999953, 12.07494959600005], [-7.528999401999953, 12.077100721000049], [-7.526624401999953, 12.08323622100005], [-7.517161151999953, 12.08702134600005], [-7.518766526999953, 12.09377734600005], [-7.515536901999953, 12.09989959600005], [-7.518592901999953, 12.104994096000048], [-7.512505276999954, 12.11163409600005], [-7.519887276999953, 12.113427596000049], [-7.511968776999953, 12.12789272100005], [-7.508266526999953, 12.127725096000049], [-7.502040276999953, 12.14333647100005], [-7.492974901999953, 12.13983547100005], [-7.487012026999953, 12.15685197100005], [-7.480665901999953, 12.16180434600005], [-7.464145151999953, 12.16127672100005], [-7.460963401999953, 12.16431359600005], [-7.461666526999953, 12.17413809600005], [-7.458178151999953, 12.17857222100005], [-7.455963901999954, 12.17433309600005], [-7.445642026999953, 12.178384721000048], [-7.436019901999953, 12.17403484600005], [-7.427398901999953, 12.17867272100005], [-7.422209901999953, 12.18252047100005], [-7.430955651999954, 12.18825884600005], [-7.431179901999953, 12.192187471000048], [-7.418937401999953, 12.191443721000049], [-7.412595901999953, 12.19611522100005], [-7.411374026999953, 12.201423971000048], [-7.402360651999953, 12.194560596000048], [-7.401997401999953, 12.20128909600005], [-7.386772276999953, 12.20750472100005], [-7.369331526999953, 12.20171747100005], [-7.367705026999953, 12.205818471000049], [-7.371326776999953, 12.211199221000049], [-7.355033901999954, 12.21618322100005], [-7.356063401999953, 12.22156847100005], [-7.340337401999953, 12.22497847100005], [-7.333685276999953, 12.23132684600005], [-7.323532151999953, 12.224447721000049], [-7.319211276999953, 12.245967971000049], [-7.308186651999953, 12.258697596000049], [-7.296306901999953, 12.25291484600005], [-7.297291401999953, 12.26302009600005], [-7.289163276999953, 12.272708846000048], [-7.294934901999953, 12.28652784600005], [-7.287342276999953, 12.29846559600005], [-7.284295151999953, 12.311311096000049], [-7.278264901999953, 12.314303971000049], [-7.276115651999953, 12.32435984600005], [-7.272079651999953, 12.327382096000049], [-7.255832151999953, 12.32770109600005], [-7.260291401999953, 12.33421197100005], [-7.259916151999954, 12.34009059600005], [-7.253113151999953, 12.337747971000049], [-7.238347026999953, 12.352938846000049], [-7.211619025999953, 12.34917997100005], [-7.194691525999954, 12.354730221000048], [-7.193968775999953, 12.364518346000049], [-7.187387525999953, 12.36843247100005], [-7.191290025999953, 12.374093346000048], [-7.188877775999953, 12.38274209700005], [-7.184587275999953, 12.383799097000049], [-7.180949650999954, 12.398031847000048], [-7.171760400999953, 12.402657722000049], [-7.166724150999953, 12.41518797200005], [-7.161570525999953, 12.41679222200005], [-7.156230775999953, 12.41195147200005], [-7.147045900999953, 12.41629697200005], [-7.136316650999953, 12.42846234700005], [-7.137042525999953, 12.436875472000049], [-7.133794775999953, 12.44428072200005], [-7.124173650999953, 12.44828497200005], [-7.127313775999953, 12.439532222000048], [-7.122638150999953, 12.42853997200005], [-7.127316275999953, 12.42076672200005], [-7.128363775999953, 12.40817759700005], [-7.143999025999953, 12.38003447100005], [-7.143208400999953, 12.369178721000049], [-7.129788025999953, 12.357485221000049], [-7.121019400999953, 12.33294422100005], [-7.132372900999953, 12.313820721000049], [-7.128210525999953, 12.299855346000049], [-7.117355275999953, 12.28663622100005], [-7.098240775999953, 12.28493522100005], [-7.089594775999953, 12.27877372100005], [-7.088461400999953, 12.270762096000048], [-7.095160650999953, 12.252277471000049], [-7.117491900999953, 12.22480834600005], [-7.120087275999953, 12.21377347100005], [-7.111096025999953, 12.20555984600005], [-7.087440900999953, 12.20592772100005], [-7.076117275999954, 12.19667584600005], [-7.071893400999953, 12.18768772100005], [-7.071092650999953, 12.17090797100005], [-7.076881150999953, 12.165381221000048], [-7.090232650999953, 12.16244322100005], [-7.102059900999953, 12.153084221000048], [-7.107935525999953, 12.13953084600005], [-7.128011150999953, 12.13506109600005], [-7.130539900999953, 12.13912122100005], [-7.138639650999953, 12.131720596000049], [-7.140439650999953, 12.125019846000049], [-7.136938400999953, 12.11612559600005], [-7.128949775999953, 12.10917209600005], [-7.113111900999953, 12.11987559600005], [-7.102640400999953, 12.12031947100005], [-7.088798150999954, 12.10872459600005], [-7.097728650999954, 12.08859047100005], [-7.119240025999953, 12.071814846000049], [-7.126138275999953, 12.06822284600005], [-7.150195525999953, 12.071111846000049], [-7.152908775999953, 12.066163096000048], [-7.161739150999953, 12.062113846000049], [-7.164139025999953, 12.055213096000049], [-7.160816150999953, 12.03811334600005], [-7.146987525999953, 12.02921097100005], [-7.138452275999954, 12.02824272100005], [-7.122139900999954, 12.03751147100005], [-7.117240025999953, 12.03701147100005], [-7.106098525999953, 12.019346221000049], [-7.091768275999953, 12.01501984600005], [-7.092406525999953, 12.001466346000049], [-7.111530525999953, 11.980276846000049], [-7.111555275999953, 11.96936684600005], [-7.102606900999954, 11.96830784600005], [-7.098135025999953, 11.964262721000049], [-7.100635400999953, 11.960546471000049], [-7.015341025999954, 11.962903471000049], [-6.971974025999953, 11.97410959600005], [-6.949342400999953, 11.951902471000048], [-6.947343400999953, 11.85889559600005], [-6.897343400999953, 11.867895471000049], [-6.871343900999953, 11.85889572100005], [-6.841345525999953, 11.821890221000048], [-6.727975775999953, 11.78622184600005], [-6.709948150999953, 11.768435221000049], [-6.691382275999953, 11.78930922100005], [-6.668424025999953, 11.783586596000049], [-6.662289650999953, 11.787162221000049], [-6.655025150999953, 11.77361609600005], [-6.645833525999953, 11.77667997100005], [-6.626053400999953, 11.76639322100005], [-6.606678775999953, 11.76340422100005], [-6.596962900999953, 11.75839897100005], [-6.589014150999953, 11.758950221000049], [-6.564574275999953, 11.74975359600005], [-6.548767525999953, 11.738214596000049], [-6.546801525999953, 11.730816346000049], [-6.554542775999953, 11.71599872100005], [-6.552851525999953, 11.70630372100005], [-6.557757525999953, 11.69327534600005], [-6.541767775999953, 11.677049221000049], [-6.554612775999953, 11.652633221000048], [-6.547257525999953, 11.637849471000049], [-6.524552275999953, 11.638523721000048], [-6.501061150999953, 11.643781346000049], [-6.486236275999953, 11.66420384600005], [-6.483063900999953, 11.67201909600005], [-6.484300900999953, 11.68331834600005], [-6.479733900999953, 11.69477547100005], [-6.485608400999953, 11.709374346000049], [-6.466932525999953, 11.75288809600005], [-6.446074400999953, 11.77259859600005], [-6.439612525999953, 11.774559846000049], [-6.432610525999953, 11.807172596000049], [-6.414198025999953, 11.833166971000049], [-6.413310650999953, 11.84712409600005], [-6.400228025999953, 11.860560596000049], [-6.381174150999953, 11.892168221000048], [-6.377973025999953, 11.902608346000049], [-6.357125400999953, 11.925113096000048], [-6.353625650999953, 11.939613721000049], [-6.360766525999953, 11.94921134600005], [-6.362838150999953, 11.957687721000049], [-6.360138525999953, 11.96525147100005], [-6.369211650999953, 11.984886096000048], [-6.368491650999953, 11.99821759600005], [-6.379189150999953, 12.02307422100005], [-6.375158650999953, 12.03359284600005], [-6.340646900999953, 12.07310684600005], [-6.336409275999953, 12.07463872100005], [-6.330856525999953, 12.085317096000049], [-6.300361150999953, 12.106897221000049], [-6.236691525999953, 12.108766471000049], [-6.197796275999953, 12.067592596000049], [-6.168273900999953, 12.06675359600005], [-6.152127150999953, 12.07988284600005], [-6.158218150999953, 12.125755221000048], [-6.133516649999953, 12.154313971000049], [-6.094549524999953, 12.14896647100005], [-6.029831899999953, 12.160274721000048], [-5.968472149999953, 12.161870846000049], [-5.964312774999953, 12.23211347100005], [-5.980112274999953, 12.231982846000049], [-5.993600524999953, 12.25410859600005], [-5.987310524999953, 12.26975197100005], [-5.993554399999953, 12.273655096000049], [-5.996471774999953, 12.28191484600005], [-5.982284274999953, 12.281884721000049], [-5.990195649999953, 12.30416434600005], [-5.989770399999953, 12.31655159600005], [-6.004790524999953, 12.314312596000049], [-6.009190024999953, 12.32794872100005], [-6.018378274999953, 12.32887834600005], [-6.036787024999953, 12.32310347100005], [-6.044543274999953, 12.313480846000049], [-6.044078274999953, 12.29304884600005], [-6.052462524999953, 12.292837346000049], [-6.060956524999953, 12.30198497100005], [-6.064509024999953, 12.302035721000049], [-6.071809774999953, 12.288911346000049], [-6.080362024999953, 12.28903697100005], [-6.085320024999953, 12.30208409600005], [-6.111478024999953, 12.31078222100005], [-6.118564649999953, 12.307423846000049], [-6.125211774999953, 12.309575471000048], [-6.128261024999953, 12.315739471000049], [-6.129157774999953, 12.34137522100005], [-6.151597775999953, 12.37212697100005], [-6.152341525999953, 12.384016597000048], [-6.170802150999953, 12.398382722000049], [-6.218568275999953, 12.404311222000048], [-6.227576025999953, 12.40132472200005], [-6.235314775999953, 12.40455197200005], [-6.252204025999953, 12.39720247200005], [-6.259018775999953, 12.399118847000048], [-6.267358275999953, 12.394746847000048], [-6.264158275999953, 12.40344872200005], [-6.266886525999953, 12.415992722000048], [-6.260058400999953, 12.420149347000049], [-6.237839775999953, 12.42195934700005], [-6.234653525999953, 12.43601247200005], [-6.270092900999953, 12.47322859700005], [-6.266409150999953, 12.48434584700005], [-6.274539025999953, 12.501749222000049], [-6.271252650999953, 12.50436122200005], [-6.266905400999953, 12.49945797200005], [-6.254018775999953, 12.49486722200005], [-6.248529150999953, 12.50376822200005], [-6.250371525999953, 12.51296022200005], [-6.243918900999953, 12.522582222000048], [-6.247834775999953, 12.53221097200005], [-6.257558650999953, 12.535460472000048], [-6.258152900999953, 12.548046722000048], [-6.268048650999953, 12.55589947200005], [-6.278853775999953, 12.55927097200005], [-6.281103900999953, 12.569646222000049], [-6.296935775999953, 12.578647222000049], [-6.310173150999953, 12.580167097000048], [-6.315142400999953, 12.573592597000049], [-6.329752400999953, 12.573803222000048], [-6.347956775999953, 12.56216284700005], [-6.354267650999953, 12.575934097000049], [-6.363326525999953, 12.58445822200005], [-6.379634275999953, 12.58595409700005], [-6.386064025999953, 12.59030034700005], [-6.381556525999953, 12.604165097000049], [-6.394029775999953, 12.602899597000048], [-6.394387400999953, 12.630822847000049], [-6.419798650999953, 12.668661972000049], [-6.413766525999953, 12.685817347000048], [-6.416161900999953, 12.694649972000049], [-6.409420900999953, 12.70217922200005], [-6.412754525999953, 12.706791347000049], [-6.417080775999953, 12.70555697200005], [-6.422017900999953, 12.718327347000049], [-6.436726525999953, 12.71466359700005], [-6.458367275999953, 12.727880472000049], [-6.477597525999953, 12.72240134700005], [-6.486703400999953, 12.71658122200005], [-6.500769775999953, 12.69179222200005], [-6.566745525999953, 12.80201947200005], [-6.625351275999953, 12.805985847000048], [-6.791700775999953, 12.78351947200005], [-6.807897525999953, 12.820733972000049], [-6.840811775999953, 12.815126472000049], [-6.852089650999953, 12.82263209700005], [-6.887314900999953, 12.79549947200005], [-6.892876775999953, 12.834842222000049], [-6.978010025999954, 12.87173159700005], [-7.037144775999953, 12.88221859700005], [-7.039584900999953, 12.935768722000049], [-7.037144900999953, 12.96194822200005], [-7.081341025999953, 13.01300409700005], [-7.068956400999953, 13.049086472000049], [-7.021342525999954, 13.143016472000049], [-7.038663275999953, 13.20916484700005], [-7.050574025999953, 13.231253972000049], [-7.025575525999953, 13.239140597000048], [-7.000214525999954, 13.261239722000049], [-6.974176650999953, 13.30906009700005], [-6.932587775999953, 13.33898109700005], [-6.890228900999953, 13.356485472000049], [-6.877339025999953, 13.35678497200005], [-6.838649275999953, 13.345780597000049], [-6.823683025999953, 13.399347347000049], [-6.759206525999953, 13.46621472300005], [-6.764348400999953, 13.49205022300005], [-6.775349275999953, 13.522053098000049], [-6.862325525999953, 13.62375372300005], [-6.841348025999953, 13.68806884800005], [-6.900346900999953, 13.746074348000048], [-6.936100275999953, 13.821789473000049], [-6.900347275999954, 13.995099098000049], [-6.751349775999953, 14.26212472300005], [-6.715351650999953, 14.32012922300005], [-6.638668400999953, 14.41999684800005], [-6.617349525999953, 14.46714447300005], [-6.582349275999953, 14.47714434800005], [-6.459348275999953, 14.44314234800005], [-6.429352400999953, 14.462144223000049], [-6.407354025999953, 14.499146723000049], [-6.382353525999953, 14.53315097400005], [-6.381354650999953, 14.59915734900005], [-6.402353275999953, 14.65816284900005], [-6.436352775999953, 14.778174224000049], [-6.485352900999953, 14.84317934900005], [-6.545351775999953, 14.94118947400005], [-6.528351150999953, 14.995194724000049], [-6.435353400999953, 15.11320597400005], [-6.405359650999953, 15.165210974000049], [-6.336360400999953, 15.37323084900005], [-6.308531650999953, 15.49619422400005], [-9.136137777999954, 15.49722709900005], [-9.122296902999953, 15.47123484900005], [-9.018298902999954, 15.392228599000049], [-8.988653027999954, 15.35853947400005], [-8.849306902999952, 15.29021922400005], [-8.804303277999953, 15.242213724000049], [-8.796303402999953, 15.21821147400005], [-8.788304527999953, 15.14020409900005], [-8.725397152999953, 15.00449134900005], [-8.677306652999953, 14.97918997400005], [-8.571308902999954, 14.97318859900005], [-8.507309277999953, 14.960188474000049], [-8.492309527999954, 14.93918647400005], [-8.475310777999953, 14.87318022400005], [-8.485309402999953, 14.730165724000049], [-8.471457027999953, 14.67746472400005], [-8.361312277999954, 14.62215759900005], [-8.300308527999952, 14.578152599000049], [-8.237315776999953, 14.51714684800005], [-8.164315401999954, 14.50014534800005], [-8.150315651999954, 14.485142848000049], [-8.160314776999954, 14.43113872300005], [-8.148042526999953, 14.37016197300005], [-8.136316276999953, 14.355130598000049], [-8.132315776999953, 14.33712984800005], [-8.162314651999953, 14.31712797300005], [-8.272317776999953, 14.30212634800005], [-8.326316652999953, 14.313126348000049], [-8.398315152999952, 14.30412634800005], [-8.443314152999953, 14.295125473000049], [-8.472314402999954, 14.298124723000049], [-8.499313027999953, 14.32312809800005], [-8.529313402999954, 14.37713309800005], [-8.550313027999954, 14.39913522300005], [-8.571312527999954, 14.41013622300005], [-8.590809152999954, 14.39817009800005], [-8.650309652999953, 14.311126723000049], [-8.690279902999954, 14.30025059800005], [-8.722309152999953, 14.285124098000049], [-8.799326027999953, 14.29037359800005], [-8.816242777999953, 14.276138723000049], [-8.819494777999953, 14.26600272300005], [-8.796827402999954, 14.26496997300005], [-8.792284527999954, 14.26077697300005], [-8.796064152999953, 14.240969723000049], [-8.784836152999953, 14.23163584800005], [-8.779645277999954, 14.222403098000049], [-8.780219402999954, 14.212294223000049], [-8.770177277999954, 14.202332348000049], [-8.757475652999954, 14.20172772300005], [-8.755160152999954, 14.19779734800005], [-8.757626277999954, 14.187018098000049], [-8.755455652999954, 14.16883672300005], [-8.761502777999953, 14.144828348000049], [-8.753575527999953, 14.128761598000048], [-8.751159152999954, 14.10946472300005], [-8.747699777999953, 14.10391147300005], [-8.768288652999953, 14.092392348000049], [-8.773227652999953, 14.09289972300005], [-8.790724027999953, 14.10746522300005], [-8.819895652999953, 14.11220459800005], [-8.825343027999953, 14.10903909800005], [-8.827288402999953, 14.102850973000049], [-8.820840652999953, 14.088305223000049], [-8.821074277999953, 14.064860723000049], [-8.813996152999954, 14.042721973000049], [-8.815432402999953, 14.04043872300005], [-8.822245152999953, 14.04188172300005], [-8.834365152999954, 14.03050422300005], [-8.842605652999953, 14.03035347300005], [-8.844078152999954, 14.02439059800005], [-8.833338902999953, 14.01532134800005], [-8.846696777999954, 14.00095797300005], [-8.861745402999953, 13.99927034800005], [-8.863421902999953, 13.99629747300005], [-8.857162027999953, 13.986582348000049], [-8.858214902999954, 13.975327098000049], [-8.847993527999954, 13.96166534800005], [-8.836743402999954, 13.956880098000049], [-8.839975402999954, 13.964066348000049], [-8.824439027999953, 13.96471784800005], [-8.822010277999953, 13.94739147300005], [-8.816181527999953, 13.94181772300005], [-8.798171777999954, 13.93249397300005], [-8.791683902999953, 13.93834134800005], [-8.786562902999954, 13.93499097300005], [-8.785786027999954, 13.924538973000049], [-8.782427027999953, 13.91724959800005], [-8.776827402999954, 13.91580722300005], [-8.774223027999954, 13.90743947300005], [-8.778434027999953, 13.90258272300005], [-8.771323902999953, 13.89847184800005], [-8.760019152999954, 13.900974098000049], [-8.748917902999953, 13.909725223000049], [-8.750560402999954, 13.91496659800005], [-8.746534152999953, 13.91745497300005], [-8.739962527999953, 13.915780223000048], [-8.749324527999953, 13.897710223000049], [-8.743651027999954, 13.89655722300005], [-8.737978902999954, 13.88962847300005], [-8.735968652999953, 13.882161223000049], [-8.739188027999953, 13.876562098000049], [-8.733141402999953, 13.86873159800005], [-8.715753027999954, 13.86921134800005], [-8.711333652999953, 13.862613723000049], [-8.710093777999953, 13.84604684800005], [-8.703735777999952, 13.846673473000049], [-8.703634277999953, 13.84131684800005], [-8.696719652999953, 13.843001598000049], [-8.688292277999953, 13.83870009800005], [-8.676017777999954, 13.842979848000049], [-8.662412027999954, 13.85239047300005], [-8.663936152999954, 13.85588372300005], [-8.656831277999954, 13.85493322300005], [-8.631224527999953, 13.82937922300005], [-8.601565902999953, 13.83419522300005], [-8.586042277999953, 13.847509973000049], [-8.586027652999954, 13.85408947300005], [-8.572574902999953, 13.86079322300005], [-8.572767402999954, 13.864595098000049], [-8.578198152999953, 13.867653348000049], [-8.588665027999953, 13.86165859800005], [-8.602352402999953, 13.86118597300005], [-8.599685402999953, 13.87763109800005], [-8.576906902999953, 13.89113284800005], [-8.570913277999953, 13.90412772300005], [-8.573465902999953, 13.915766098000049], [-8.589748027999953, 13.925533098000049], [-8.566336402999953, 13.936600223000049], [-8.560746027999953, 13.94947234800005], [-8.554568027999954, 13.95502709800005], [-8.542703027999954, 13.95454759800005], [-8.532667652999953, 13.959234348000049], [-8.508202652999953, 13.94182659800005], [-8.491327902999954, 13.95223809800005], [-8.480855777999952, 13.95186959800005], [-8.476168902999953, 13.94609347300005], [-8.473658902999953, 13.93178122300005], [-8.463758152999953, 13.92270784800005], [-8.457300902999954, 13.90773859800005], [-8.452173902999954, 13.90548009800005], [-8.460683277999953, 13.88667272300005], [-8.439872902999953, 13.874455723000048], [-8.434832152999954, 13.866049348000049], [-8.439178027999953, 13.858470348000049], [-8.446755402999953, 13.86197084800005], [-8.460829902999953, 13.860678848000049], [-8.449226277999953, 13.82678309800005], [-8.454502777999954, 13.81505297300005], [-8.463688402999953, 13.81736947300005], [-8.462655777999954, 13.80243384800005], [-8.476877402999953, 13.804171348000049], [-8.484073277999954, 13.79561259800005], [-8.479428652999953, 13.78776997300005], [-8.485539527999954, 13.78351159800005], [-8.494421652999954, 13.78418022300005], [-8.498317527999953, 13.77997709800005], [-8.499128152999953, 13.769108598000049], [-8.494115652999954, 13.76436834800005], [-8.493148152999954, 13.74538784800005], [-8.496074652999953, 13.74139072300005], [-8.509506902999954, 13.74313572300005], [-8.506617277999954, 13.73844309800005], [-8.511784527999954, 13.73354734800005], [-8.522684527999953, 13.73329972300005], [-8.531359902999954, 13.722653723000048], [-8.533119527999954, 13.712107848000048], [-8.539598777999954, 13.70474372300005], [-8.546993777999953, 13.70742284800005], [-8.546087902999954, 13.696757723000049], [-8.556940777999953, 13.67453134800005], [-8.555187902999954, 13.66486222300005], [-8.558219527999952, 13.654332973000049], [-8.555790777999952, 13.631743848000049], [-8.550127902999954, 13.62526372300005], [-8.552313402999953, 13.60828772300005], [-8.541581652999954, 13.58285784800005], [-8.542092902999954, 13.57496647300005], [-8.560177152999954, 13.574116098000049], [-8.558671277999954, 13.570027598000049], [-8.526200152999953, 13.543735848000049], [-8.515753152999954, 13.53919959800005], [-8.510955152999953, 13.526710098000049], [-8.512853777999954, 13.51698472300005], [-8.506259652999953, 13.50782484800005], [-8.469734277999953, 13.485457848000049], [-8.475113277999954, 13.47224709800005], [-8.465759902999954, 13.46879197300005], [-8.462787402999954, 13.455772847000048], [-8.466647152999954, 13.44703747200005], [-8.455641152999954, 13.43853697200005], [-8.453326777999953, 13.43260522200005], [-8.461644527999953, 13.42782684700005], [-8.461586027999953, 13.405835722000049], [-8.458330027999953, 13.41168572200005], [-8.450549777999953, 13.40666897200005], [-8.453229402999954, 13.395515847000048], [-8.474913277999953, 13.38904022200005], [-8.477530777999954, 13.395189222000049], [-8.485913027999953, 13.39233947200005], [-8.488744527999954, 13.386615597000048], [-8.493051152999954, 13.388445472000049], [-8.513470652999953, 13.368639097000049], [-8.515112277999954, 13.361636472000049], [-8.508437527999954, 13.361727847000049], [-8.503169027999954, 13.356048722000049], [-8.501702527999953, 13.336081222000049], [-8.517352902999953, 13.340520847000048], [-8.522047152999953, 13.33744384700005], [-8.514697027999953, 13.32788259700005], [-8.518013027999954, 13.321634597000049], [-8.516729902999954, 13.31251584700005], [-8.526889277999953, 13.30287297200005], [-8.540011777999954, 13.29653022200005], [-8.528911902999953, 13.28102872200005], [-8.521493402999953, 13.282840097000049], [-8.526010277999953, 13.268558472000048], [-8.539211652999953, 13.26112684700005], [-8.539082777999953, 13.254683222000049], [-8.533413027999954, 13.25257009700005], [-8.534563277999954, 13.247686847000049], [-8.556711277999954, 13.23602547200005], [-8.554508777999953, 13.22943934700005], [-8.561011152999953, 13.22362334700005], [-8.569511027999953, 13.222823222000049], [-8.570111027999953, 13.20652159700005], [-8.576063402999953, 13.20001097200005], [-8.573910902999954, 13.184019472000049], [-8.579533902999954, 13.161894847000049], [-8.585210652999953, 13.15691684700005], [-8.575472777999954, 13.14837834700005], [-8.575210027999953, 13.14186522200005], [-8.570298402999953, 13.136185597000049], [-8.571465652999953, 13.13024934700005], [-8.574710777999954, 13.12761409700005], [-8.574503527999953, 13.11908747200005], [-8.588710527999954, 13.11931334700005], [-8.593099902999953, 13.107095597000049], [-8.589811777999953, 13.10040759700005], [-8.598056902999954, 13.09878322200005], [-8.594307027999953, 13.087515097000049], [-8.596310277999953, 13.08210972200005], [-8.591223152999953, 13.07926972200005], [-8.579410527999954, 13.041705847000049], [-8.573995027999953, 13.03941147200005], [-8.584648152999954, 13.02135397200005], [-8.577749902999953, 13.005827722000049], [-8.585758027999953, 12.99042284700005], [-8.580508527999953, 12.98358897200005], [-8.582588152999953, 12.97885609700005], [-8.591033902999953, 12.97528409700005], [-8.595489402999954, 12.964424472000049], [-8.591958027999953, 12.94382622200005], [-8.604540402999953, 12.929553972000049], [-8.616434027999953, 12.93453547200005], [-8.625368777999954, 12.92665009700005], [-8.632322902999954, 12.92603722200005], [-8.637246277999953, 12.90891497200005], [-8.633125152999954, 12.900722847000049], [-8.623942777999954, 12.89790609700005], [-8.621448277999953, 12.883464097000049], [-8.637914652999953, 12.87672234700005], [-8.646507902999954, 12.877060972000049], [-8.646177777999954, 12.871499722000049], [-8.657475277999954, 12.860150472000049], [-8.650462152999953, 12.85283909700005], [-8.643985527999954, 12.85129834700005], [-8.646407652999953, 12.84413259700005], [-8.634651152999954, 12.831807722000049], [-8.632509152999953, 12.81908459700005], [-8.628009527999954, 12.81441559700005], [-8.617718902999954, 12.815285597000049], [-8.609703402999953, 12.80507559700005], [-8.611791027999953, 12.79743284700005], [-8.605386902999953, 12.79098884700005], [-8.613551277999953, 12.78171222200005], [-8.611067027999953, 12.77236509700005], [-8.613450277999954, 12.76795072200005], [-8.637717652999953, 12.74531197200005], [-8.642543652999953, 12.745180722000049], [-8.649212402999954, 12.73478284700005], [-8.662303027999954, 12.733400097000048], [-8.669232527999954, 12.71704509700005], [-8.684649902999954, 12.70389809700005], [-8.690431402999954, 12.686739597000049], [-8.710193402999954, 12.68060972200005], [-8.738612527999953, 12.65787872200005], [-8.737284277999953, 12.642666347000048], [-8.747340152999953, 12.63689997200005], [-8.748217652999953, 12.631248472000049], [-8.765320902999953, 12.611169972000049], [-8.778292277999954, 12.59961147200005], [-8.782510277999954, 12.59942359700005], [-8.788235902999954, 12.588896847000049], [-8.801568027999954, 12.59040859700005], [-8.812834527999954, 12.587756972000049], [-8.819265027999954, 12.60047259700005], [-8.839098277999954, 12.60779659700005], [-8.852203402999953, 12.608841847000049], [-8.871490152999954, 12.60028459700005], [-8.878251277999953, 12.56555909700005], [-8.895773027999953, 12.532653722000049], [-8.900898652999953, 12.515286597000049], [-8.908847027999954, 12.525352097000049], [-8.950989152999954, 12.49890659700005], [-9.044757152999953, 12.426363847000049]], [[-7.929383644999954, 12.681709137000048], [-7.914469446999953, 12.679841446000049], [-7.912752523999953, 12.67433562700005], [-7.912267588999954, 12.60272442900005], [-7.926995788999953, 12.58652409800005], [-7.918723675999953, 12.516484475000048], [-7.934839380999954, 12.50288964300005], [-7.987615403999953, 12.52432574000005], [-8.008980281999953, 12.57517955300005], [-8.027458698999954, 12.58546945600005], [-8.036934214999953, 12.59576038100005], [-8.041311611999953, 12.594951977000049], [-8.046034849999954, 12.58492422900005], [-8.041942882999953, 12.56760452000005], [-8.068236788999954, 12.56165263100005], [-8.078510188999953, 12.563706544000048], [-8.075475864999953, 12.576248417000048], [-8.080263353999953, 12.580698759000049], [-8.081477083999953, 12.592364049000048], [-8.078914765999953, 12.59512865500005], [-8.069873181999954, 12.59345890500005], [-8.068055185999953, 12.60812621100005], [-8.044831148999954, 12.68034902300005], [-8.033913979999953, 12.66157900400005], [-8.021133010999954, 12.65910819500005], [-8.014009536999954, 12.66791788900005], [-8.017429353999953, 12.677313056000049], [-8.005223057999952, 12.68084371500005], [-7.982081967999953, 12.68017750700005], [-7.943017937999953, 12.71143053900005], [-7.935540085999953, 12.688211237000049], [-7.929383644999954, 12.681709137000048]]]}}, {"type": "Feature", "properties": {"name": "Mopti", "country": "MLI"}, "geometry": {"type": "Polygon", "coordinates": [[[-0.741958019999952, 15.06414984900005], [-0.975052020999952, 14.99888722400005], [-1.077305895999952, 14.99632772400005], [-1.160971270999952, 15.03471622400005], [-1.214466520999952, 15.17622059900005], [-1.305464770999953, 15.26022847400005], [-1.395951020999953, 15.288802974000049], [-1.502887020999953, 15.351619724000049], [-1.686457395999952, 15.42824359900005], [-1.817455645999952, 15.423242849000049], [-1.907300771999953, 15.39940547400005], [-2.012210396999953, 15.32774647400005], [-2.134386771999953, 15.27272297400005], [-2.308352271999953, 15.280400224000049], [-2.450442396999953, 15.30122997400005], [-2.532440771999953, 15.31923159900005], [-2.597438521999953, 15.36623684900005], [-2.727995896999952, 15.414759224000049], [-2.820954146999953, 15.51201034900005], [-2.838218896999953, 15.58110984900005], [-2.820954521999953, 15.66556385000005], [-2.850170896999953, 15.70907097500005], [-2.888682271999953, 15.73594335000005], [-2.921882647999952, 15.765374100000049], [-2.953754022999953, 15.824236600000049], [-2.959713022999953, 15.85396447500005], [-2.978757647999953, 15.86770872500005], [-2.988279522999953, 15.89244797500005], [-3.010181022999953, 15.89611335000005], [-3.019487772999953, 15.87998585000005], [-3.034938522999953, 15.86862472500005], [-3.054345022999953, 15.83303722500005], [-3.067628772999953, 15.83516547500005], [-3.073532647999953, 15.85694547500005], [-3.085340397999953, 15.863574100000049], [-3.098132147999953, 15.861680850000049], [-3.100592022999953, 15.83493135000005], [-3.105019897999953, 15.825696475000049], [-3.186628272999953, 15.81781760000005], [-3.192759147999953, 15.82174397500005], [-3.186772272999953, 15.85229885000005], [-3.191367272999953, 15.85746135000005], [-3.209601897999953, 15.860169600000049], [-3.222640522999953, 15.85703322500005], [-3.245588147999953, 15.85891035000005], [-3.260615772999953, 15.87136247500005], [-3.266328772999953, 15.88602085000005], [-3.275851522999953, 15.89563972500005], [-3.286325272999953, 15.89793097500005], [-3.294420147999953, 15.89518172500005], [-3.298943022999953, 15.88481472500005], [-3.296324022999953, 15.869465225000049], [-3.274129522999953, 15.853790850000049], [-3.278113397999953, 15.841012600000049], [-3.305062772999953, 15.827166225000049], [-3.323725397999953, 15.79057572500005], [-3.300828772999953, 15.77666747500005], [-3.304072647999953, 15.75753160000005], [-3.296704772999953, 15.72377247500005], [-3.307993522999953, 15.72025810000005], [-3.334124897999953, 15.72315235000005], [-3.356464397999953, 15.70173022500005], [-3.368416147999953, 15.69885497500005], [-3.424761022999953, 15.726819475000049], [-3.482421897999953, 15.73026972500005], [-3.537068522999953, 15.63783385000005], [-3.551012272999953, 15.63272035000005], [-3.561304022999953, 15.615782725000049], [-3.570731772999953, 15.57523784900005], [-3.597418147999953, 15.53625009900005], [-3.637331147999953, 15.50744522400005], [-3.658017772999953, 15.483546974000049], [-3.675517397999953, 15.49054659900005], [-3.744215897999953, 15.49354672400005], [-3.753415772999953, 15.48804622400005], [-3.787318397999953, 15.494472224000049], [-3.795258147999953, 15.492102474000049], [-3.804728772999953, 15.49570459900005], [-3.815198522999953, 15.50614709900005], [-3.830261522999953, 15.508928599000049], [-3.840971522999953, 15.50533597400005], [-3.863472022999953, 15.505630849000049], [-3.871564522999953, 15.51408809900005], [-3.873300272999953, 15.53007197400005], [-3.862750647999953, 15.54600747400005], [-3.851469897999953, 15.55148809900005], [-3.839091147999953, 15.56571947400005], [-3.835996272999953, 15.574901349000049], [-3.874377522999953, 15.61642110000005], [-3.891968147999953, 15.65120947500005], [-3.895289147999953, 15.669117100000049], [-3.913979772999953, 15.680527100000049], [-3.930227522999953, 15.68052810000005], [-3.948360022999953, 15.68879385000005], [-3.961690897999953, 15.70300822500005], [-4.002409023999952, 15.720941850000049], [-4.024107648999953, 15.73434610000005], [-4.026763648999953, 15.75384085000005], [-4.050833148999953, 15.803522600000049], [-4.054409148999953, 15.81727585000005], [-4.135407398999953, 15.80727572500005], [-4.166389773999953, 15.78664472500005], [-4.185939273999953, 15.77797585000005], [-4.197366148999953, 15.77660072500005], [-4.207125898999953, 15.779809975000049], [-4.213791773999953, 15.77705872500005], [-4.217124648999953, 15.76353247500005], [-4.230206273999952, 15.752022350000049], [-4.281303273999953, 15.727420975000049], [-4.328570148999953, 15.67732310000005], [-4.337177898999953, 15.65455185000005], [-4.350456648999953, 15.64975347500005], [-4.367389273999953, 15.65935135000005], [-4.377650148999953, 15.67922522500005], [-4.396142773999953, 15.69511860000005], [-4.411854398999953, 15.69741185000005], [-4.427090148999953, 15.69236635000005], [-4.443753773999953, 15.66989410000005], [-4.447562648999953, 15.64054135000005], [-4.455180398999953, 15.627241100000049], [-4.482783773999953, 15.60700110000005], [-4.536734648999952, 15.589076349000049], [-4.688396398999953, 15.57825309900005], [-4.847393148999953, 15.58625347400005], [-4.860892773999953, 15.59125397400005], [-4.878792398999953, 15.58925372400005], [-4.878792523999953, 15.59845459900005], [-4.884492398999953, 15.59825459900005], [-4.890092273999953, 15.59245397400005], [-4.896492148999953, 15.59365410000005], [-4.904654023999953, 15.58443310000005], [-4.910702023999953, 15.583119099000049], [-4.909987023999953, 15.59154409900005], [-4.918209773999953, 15.59394897400005], [-4.931754023999953, 15.59488697400005], [-4.933689023999953, 15.59100497400005], [-4.939493023999953, 15.59632397400005], [-4.988829898999953, 15.60008897400005], [-4.993725898999953, 15.604225100000049], [-5.123935649999953, 15.59147184900005], [-5.137039399999953, 15.59474772400005], [-5.163929899999953, 15.622956975000049], [-5.226302899999953, 15.67485597500005], [-5.294531774999953, 15.60326497400005], [-5.354033024999953, 15.55125597400005], [-5.345458899999953, 15.518366974000049], [-5.339527899999953, 15.49699197400005], [-5.230694149999953, 15.49287897400005], [-5.203608024999953, 15.48615409900005], [-5.185712149999953, 15.47407509900005], [-5.178291774999953, 15.461323974000049], [-5.153502899999953, 15.35959797400005], [-5.100386649999953, 15.19321634900005], [-5.208384524999953, 15.02119934900005], [-5.272382024999953, 14.97019334900005], [-5.349380399999953, 14.97319347400005], [-5.377566774999953, 14.96568834900005], [-5.387587024999953, 14.96740472400005], [-5.411004399999953, 14.95957684900005], [-5.417387899999953, 14.963464224000049], [-5.439046899999953, 14.96284209900005], [-5.449257649999953, 14.949290724000049], [-5.454063149999953, 14.948735474000049], [-5.460700399999953, 14.95411409900005], [-5.479972524999953, 14.948473099000049], [-5.490414774999953, 14.93431284900005], [-5.498148274999953, 14.930377224000049], [-5.515602524999953, 14.93963872400005], [-5.528232649999953, 14.93695009900005], [-5.543118899999953, 14.941668849000049], [-5.572376524999953, 14.84118059900005], [-5.607374649999953, 14.76017284900005], [-5.602375774999953, 14.71816884900005], [-5.594374774999953, 14.68316559900005], [-5.613374399999953, 14.65816409900005], [-5.621374149999953, 14.58815647400005], [-5.661751149999953, 14.557778474000049], [-5.665573024999953, 14.530376974000049], [-5.512377149999953, 14.43614322300005], [-5.325958899999953, 14.361914473000049], [-5.265872024999953, 14.31999447300005], [-5.197335399999953, 14.260759973000049], [-5.188135399999953, 14.163511723000049], [-5.118926774999953, 14.11529322300005], [-5.137718274999953, 14.060045973000049], [-5.126383399999953, 13.954096848000049], [-5.051385898999952, 13.94309684800005], [-4.983130398999953, 13.954310098000049], [-4.988644273999953, 14.000770473000049], [-4.988644398999953, 14.02812609800005], [-4.974826648999953, 14.042020473000049], [-4.945722398999953, 14.089397098000049], [-4.935394648999953, 14.100330098000049], [-4.924127898999953, 14.11035209800005], [-4.913801023999953, 14.11217422300005], [-4.905203148999953, 14.10490659800005], [-4.869844898999953, 14.04258572300005], [-4.867607773999953, 13.98591222300005], [-4.854390023999953, 13.96609947300005], [-4.842390273999952, 13.926094598000049], [-4.897010023999953, 13.87251834800005], [-4.882388273999953, 13.850087223000049], [-4.883388273999953, 13.822085598000049], [-4.869395398999953, 13.77455309800005], [-4.891772898999953, 13.73666147300005], [-4.892724898999953, 13.72094997300005], [-4.878388148999953, 13.69107309800005], [-4.877388023999953, 13.63406759800005], [-4.797389648999953, 13.62306772300005], [-4.770390273999953, 13.62906634800005], [-4.734392023999953, 13.62106559800005], [-4.687995898999953, 13.61559109800005], [-4.652107273999952, 13.62391297300005], [-4.639608023999953, 13.62397834800005], [-4.631323148999953, 13.61895559800005], [-4.605869273999953, 13.62050247300005], [-4.590515023999953, 13.62829622300005], [-4.581078898999952, 13.655888473000049], [-4.570737898999953, 13.66705034800005], [-4.555719648999953, 13.67216197300005], [-4.578278148999953, 13.60348822300005], [-4.551882773999953, 13.608156598000049], [-4.480069273999953, 13.65351009800005], [-4.461982648999953, 13.66068084800005], [-4.447355023999953, 13.683237973000049], [-4.412436773999953, 13.706255348000049], [-4.376365648999953, 13.755074973000049], [-4.374686648999953, 13.771624598000049], [-4.363798898999953, 13.79117447300005], [-4.329387648999953, 13.816122973000049], [-4.328443773999953, 13.828954098000048], [-4.324197898999953, 13.836743848000049], [-4.299896398999953, 13.84086734800005], [-4.298537398999953, 13.84571784800005], [-4.307446273999953, 13.862633348000049], [-4.306030273999953, 13.869736098000049], [-4.300368398999953, 13.874318473000049], [-4.282672773999953, 13.87569272300005], [-4.169403148999953, 13.92009709800005], [-4.114402273999953, 13.93509659800005], [-4.094517773999953, 13.94598572300005], [-4.100525648999953, 13.921331348000049], [-4.092878773999953, 13.89747409800005], [-4.041405648999953, 13.83608734800005], [-4.010406148999953, 13.69707409800005], [-3.958407022999953, 13.595064348000049], [-3.962664397999953, 13.49719909800005], [-3.949513897999953, 13.489471223000049], [-3.949339397999953, 13.483758973000048], [-3.939521272999953, 13.46922897300005], [-3.940577772999953, 13.44789009700005], [-3.905373772999953, 13.44394684700005], [-3.895818772999953, 13.43786084700005], [-3.902800272999953, 13.42826872200005], [-3.930465022999953, 13.427145722000049], [-3.937032272999953, 13.41084272200005], [-3.963018272999953, 13.40274372200005], [-3.960860522999953, 13.375394222000049], [-3.951250397999953, 13.37327934700005], [-3.945989647999953, 13.368490097000048], [-3.933205397999953, 13.375772097000048], [-3.916438897999953, 13.37753672200005], [-3.896941022999953, 13.37504284700005], [-3.854425147999953, 13.367773097000049], [-3.835955147999953, 13.35510847200005], [-3.817937522999953, 13.35561547200005], [-3.796479147999953, 13.366510097000049], [-3.743325772999953, 13.321092222000049], [-3.745292522999953, 13.307204472000048], [-3.738060022999953, 13.298164097000049], [-3.712391022999953, 13.28316509700005], [-3.673124772999953, 13.269974597000049], [-3.669165397999953, 13.26271559700005], [-3.643532772999953, 13.244981472000049], [-3.617744647999953, 13.22003597200005], [-3.612303897999953, 13.20977297200005], [-3.605188397999953, 13.210673847000049], [-3.586992897999953, 13.19626559700005], [-3.551503147999953, 13.194308597000049], [-3.546671147999953, 13.17659422200005], [-3.547865522999953, 13.163432847000049], [-3.542559272999953, 13.16187147200005], [-3.538179397999953, 13.16678672200005], [-3.534662272999953, 13.16425434700005], [-3.531571022999953, 13.167694597000049], [-3.528016522999953, 13.16789672200005], [-3.524029397999953, 13.16262334700005], [-3.519416272999953, 13.16604372200005], [-3.515141522999953, 13.163252847000049], [-3.506984147999953, 13.16612959700005], [-3.478635147999953, 13.15684909700005], [-3.452495522999953, 13.15273672200005], [-3.437736522999953, 13.156024972000049], [-3.422260897999953, 13.17471872200005], [-3.438643897999953, 13.23856947200005], [-3.448589897999953, 13.253363097000049], [-3.439049897999953, 13.264670472000049], [-3.437947522999953, 13.27111747200005], [-3.383899647999953, 13.272152347000048], [-3.340503397999953, 13.282769972000048], [-3.233182647999953, 13.283861847000049], [-3.232329897999953, 13.30944409700005], [-3.237174397999953, 13.32640172200005], [-3.236649022999952, 13.34651784700005], [-3.253747897999953, 13.357669597000049], [-3.264713147999953, 13.48470984800005], [-3.278769022999953, 13.551911348000049], [-3.250747272999953, 13.579590848000048], [-3.246402147999953, 13.67579384800005], [-3.249851647999953, 13.683279348000049], [-3.254673147999953, 13.683093723000049], [-3.268002272999952, 13.691450848000049], [-3.275102647999953, 13.691542848000049], [-3.267023397999953, 13.70755859800005], [-3.257603897999953, 13.71016459800005], [-3.210931897999953, 13.701129098000049], [-3.192985397999953, 13.677831598000049], [-3.181113647999953, 13.67420584800005], [-3.172955397999953, 13.677324973000049], [-3.152174772999953, 13.67606472300005], [-3.144757272999953, 13.680681723000049], [-3.130843397999953, 13.67802197300005], [-3.112715272999953, 13.686965473000049], [-3.106138772999953, 13.685640598000049], [-3.093449522999953, 13.67679634800005], [-3.085501522999953, 13.664292098000049], [-3.079402022999953, 13.66520584800005], [-3.060533022999953, 13.65380084800005], [-3.054466522999953, 13.63338097300005], [-3.057132397999953, 13.62373972300005], [-3.038543022999953, 13.61035134800005], [-3.030921897999953, 13.611245848000049], [-3.026797897999953, 13.61615509800005], [-3.015507272999953, 13.644788223000049], [-3.011373272999953, 13.65044059800005], [-3.000902897999953, 13.65576359800005], [-2.988680272999953, 13.64990147300005], [-2.970692022999953, 13.648430598000049], [-2.957921772999953, 13.63611134800005], [-2.951534147999953, 13.620647973000048], [-2.875305771999953, 13.649938973000049], [-2.890287771999953, 13.686592598000049], [-2.891867396999952, 13.70124547300005], [-2.907027646999953, 13.72450222300005], [-2.906785646999952, 13.81846059800005], [-2.898979646999952, 13.83323209800005], [-2.889985521999953, 13.84203947300005], [-2.882894146999953, 13.86028797300005], [-2.879070896999953, 13.86172597300005], [-2.863132271999953, 13.91578622300005], [-2.836170521999953, 13.988267223000049], [-2.842126771999953, 13.99800159800005], [-2.855254896999952, 14.002378848000049], [-2.839677396999952, 14.048484223000049], [-2.831217896999953, 14.055308848000049], [-2.798223896999953, 14.07642722300005], [-2.676923521999953, 14.130827973000049], [-2.594140271999953, 14.206735848000049], [-2.473680021999952, 14.29450947300005], [-2.295212021999953, 14.243555348000049], [-2.174639146999953, 14.18565134800005], [-2.104075521999953, 14.14246309800005], [-2.053096646999953, 14.16437184800005], [-2.031157896999952, 14.17749209800005], [-2.005969771999953, 14.23064722300005], [-2.002551146999953, 14.24569884800005], [-1.999606021999953, 14.273960348000049], [-2.000765146999953, 14.33370134800005], [-1.995290896999953, 14.358148098000049], [-1.986817021999953, 14.370486723000049], [-1.979269896999952, 14.49994822300005], [-1.924291771999953, 14.514345348000049], [-1.864867896999953, 14.52366434800005], [-1.709696145999952, 14.56007247400005], [-1.630006020999953, 14.59175047400005], [-1.596912770999952, 14.60892609900005], [-1.507569520999952, 14.664959724000049], [-1.454380645999952, 14.69130047400005], [-1.339685145999952, 14.73948409900005], [-1.306087145999952, 14.74598122400005], [-1.219259270999952, 14.74856022400005], [-1.138509020999952, 14.77108934900005], [-1.112017895999952, 14.77524847400005], [-1.095828895999952, 14.782885974000049], [-1.071398020999953, 14.806084224000049], [-1.050910145999952, 14.83745422400005], [-0.741958019999952, 15.06414984900005]]]}}, {"type": "Feature", "properties": {"name": "Segou", "country": "MLI"}, "geometry": {"type": "Polygon", "coordinates": [[[-6.259911150999953, 12.54944197200005], [-6.211358650999953, 12.601965847000049], [-6.063337899999953, 12.66893047200005], [-6.015954024999953, 12.76183734700005], [-5.971221899999953, 12.770367222000049], [-5.935917649999953, 12.765058847000049], [-5.927000774999953, 12.745829972000049], [-5.893209524999953, 12.731179597000049], [-5.831728774999953, 12.725228097000048], [-5.779634899999953, 12.74720434700005], [-5.743713649999953, 12.77793934700005], [-5.611391524999953, 12.81442197200005], [-5.586794024999953, 12.80966459700005], [-5.566932399999953, 12.776215472000048], [-5.536390024999953, 12.75585847200005], [-5.517077399999953, 12.736941722000049], [-5.508430399999953, 12.69837409700005], [-5.493598774999953, 12.67350772200005], [-5.465812274999953, 12.67346772200005], [-5.438906899999953, 12.669104347000049], [-5.423380149999953, 12.645360097000049], [-5.385605899999953, 12.640611722000049], [-5.385605899999953, 12.629530597000048], [-5.379812024999953, 12.627947472000049], [-5.361041524999953, 12.69783522200005], [-5.257748274999953, 12.679783222000049], [-5.245724774999953, 12.70594334700005], [-5.245996649999953, 12.714463347000049], [-5.252544024999953, 12.725194097000049], [-5.248349399999953, 12.74442759700005], [-5.239225899999953, 12.753886097000048], [-5.234471524999953, 12.766894472000049], [-5.224078149999953, 12.78046547200005], [-5.225131524999953, 12.785551972000048], [-5.217709274999953, 12.79343797200005], [-5.209914399999953, 12.79332959700005], [-5.190147399999953, 12.780012597000049], [-5.170690399999953, 12.77302359700005], [-5.167424524999953, 12.75948034700005], [-5.144451524999953, 12.74975409700005], [-5.125436899999953, 12.721249222000049], [-5.117397649999953, 12.71439172200005], [-5.110179149999952, 12.672810097000049], [-5.110450524999953, 12.661820972000049], [-5.114929024999953, 12.65576372200005], [-5.103025774999953, 12.599660097000049], [-5.102076649999953, 12.57231547200005], [-5.097326774999953, 12.55516784700005], [-5.086403024999953, 12.54589897200005], [-5.072154274999953, 12.54867934700005], [-5.054105648999953, 12.55794922200005], [-5.042232023999953, 12.581585472000048], [-5.048880898999953, 12.625613722000049], [-5.041511023999953, 12.629807097000048], [-4.953036773999953, 12.631569472000049], [-4.943411023999953, 12.59066247200005], [-4.849219023999953, 12.64185959700005], [-4.782237523999953, 12.67176647200005], [-4.778915648999953, 12.724061597000048], [-4.785084523999953, 12.762010222000049], [-4.757088148999953, 12.77450547200005], [-4.740480523999953, 12.787000597000048], [-4.727590773999953, 12.80648859700005], [-4.703991273999953, 12.790887097000049], [-4.689391648999953, 12.79448747200005], [-4.660328148999953, 12.74415172200005], [-4.633467648999953, 12.72800622200005], [-4.609493148999952, 12.71868034700005], [-4.594633398999953, 12.729661347000048], [-4.574771898999953, 12.73671509700005], [-4.480892898999953, 12.71897859700005], [-4.480934398999953, 12.723155972000049], [-4.475585648999953, 12.72457822200005], [-4.469810148999953, 12.72026472200005], [-4.456899398999953, 12.71809672200005], [-4.452646023999953, 12.71380372200005], [-4.443728023999953, 12.716423472000049], [-4.432370898999952, 12.71203434700005], [-4.402625023999953, 12.71611634700005], [-4.363529648999953, 12.73551822200005], [-4.346225773999953, 12.73902134700005], [-4.323706648999953, 12.716296222000048], [-4.324092773999952, 12.70683397200005], [-4.302005273999953, 12.69856334700005], [-4.288944648999953, 12.70710759700005], [-4.271946648999953, 12.706878722000049], [-4.266667523999953, 12.70331959700005], [-4.247448648999953, 12.716763847000049], [-4.244046273999952, 12.72419209700005], [-4.234881773999953, 12.72631109700005], [-4.218006023999953, 12.77191884700005], [-4.218340023999953, 12.80255759700005], [-4.210048398999953, 12.814897972000049], [-4.226430773999953, 12.859191597000049], [-4.215543898999953, 12.91207134700005], [-4.219704023999952, 12.959416597000049], [-4.227411648999952, 12.970718847000049], [-4.266507773999953, 12.98717009700005], [-4.269586398999953, 13.00288747200005], [-4.276007773999953, 13.015414222000048], [-4.274725273999953, 13.03455397200005], [-4.308951148999953, 13.07257697200005], [-4.319374773999953, 13.089133347000049], [-4.328968398999953, 13.092495722000049], [-4.335910398999953, 13.10402984700005], [-4.345490023999953, 13.10838684700005], [-4.342062648999953, 13.13569547200005], [-4.313340273999953, 13.15768734700005], [-4.310167648999953, 13.16684422200005], [-4.302439898999953, 13.17519347200005], [-4.286828398999953, 13.184927972000049], [-4.243104273999953, 13.173152972000048], [-4.231388023999953, 13.17647634700005], [-4.223618898999953, 13.187808222000049], [-4.240286398999952, 13.21139947200005], [-4.260327398999953, 13.22956534700005], [-4.259027898999953, 13.23178484700005], [-4.224345648999953, 13.244740972000049], [-4.207314023999952, 13.265388847000049], [-4.167009023999952, 13.27230434700005], [-4.157986398999952, 13.282620722000049], [-4.139620898999953, 13.28982984700005], [-4.135257273999953, 13.293498722000049], [-4.131279773999953, 13.30586934700005], [-4.126370773999953, 13.312263847000049], [-4.115892398999953, 13.31783834700005], [-4.104984148999953, 13.33607747200005], [-4.100708273999953, 13.35167122200005], [-4.102408773999953, 13.37529197200005], [-4.095617648999953, 13.38935909700005], [-4.071213898999953, 13.402196847000049], [-4.051157398999953, 13.403419597000049], [-4.037786398999953, 13.41640384700005], [-4.028361148999953, 13.419258472000049], [-4.016244773999952, 13.433251972000049], [-4.001267773999952, 13.43404597200005], [-3.984327272999953, 13.430095847000048], [-3.982012522999953, 13.45067497200005], [-3.960187147999953, 13.46975159800005], [-3.964309147999953, 13.483461223000049], [-3.977213397999953, 13.467494973000049], [-3.982466897999953, 13.47277859800005], [-3.970916772999953, 13.482555848000048], [-3.969946022999953, 13.49768647300005], [-3.965079272999953, 13.50109722300005], [-3.962664397999953, 13.49719909800005], [-3.958407022999953, 13.595064348000049], [-4.010406148999953, 13.69707409800005], [-4.041405648999953, 13.83608734800005], [-4.092878773999953, 13.89747409800005], [-4.100525648999953, 13.921331348000049], [-4.094517773999953, 13.94598572300005], [-4.114402273999953, 13.93509659800005], [-4.169403148999953, 13.92009709800005], [-4.282672773999953, 13.87569272300005], [-4.300368398999953, 13.874318473000049], [-4.306030273999953, 13.869736098000049], [-4.307446273999953, 13.862633348000049], [-4.298537398999953, 13.84571784800005], [-4.299896398999953, 13.84086734800005], [-4.324197898999953, 13.836743848000049], [-4.328443773999953, 13.828954098000048], [-4.329387648999953, 13.816122973000049], [-4.363798898999953, 13.79117447300005], [-4.374686648999953, 13.771624598000049], [-4.376365648999953, 13.755074973000049], [-4.412436773999953, 13.706255348000049], [-4.447355023999953, 13.683237973000049], [-4.461982648999953, 13.66068084800005], [-4.480069273999953, 13.65351009800005], [-4.551882773999953, 13.608156598000049], [-4.578278148999953, 13.60348822300005], [-4.555719648999953, 13.67216197300005], [-4.570737898999953, 13.66705034800005], [-4.581078898999952, 13.655888473000049], [-4.590515023999953, 13.62829622300005], [-4.605869273999953, 13.62050247300005], [-4.631323148999953, 13.61895559800005], [-4.639608023999953, 13.62397834800005], [-4.652107273999952, 13.62391297300005], [-4.687995898999953, 13.61559109800005], [-4.734392023999953, 13.62106559800005], [-4.770390273999953, 13.62906634800005], [-4.797389648999953, 13.62306772300005], [-4.877388023999953, 13.63406759800005], [-4.878388148999953, 13.69107309800005], [-4.892724898999953, 13.72094997300005], [-4.891772898999953, 13.73666147300005], [-4.869395398999953, 13.77455309800005], [-4.883388273999953, 13.822085598000049], [-4.882388273999953, 13.850087223000049], [-4.897010023999953, 13.87251834800005], [-4.842390273999952, 13.926094598000049], [-4.854390023999953, 13.96609947300005], [-4.867607773999953, 13.98591222300005], [-4.869844898999953, 14.04258572300005], [-4.905203148999953, 14.10490659800005], [-4.913801023999953, 14.11217422300005], [-4.924127898999953, 14.11035209800005], [-4.935394648999953, 14.100330098000049], [-4.945722398999953, 14.089397098000049], [-4.974826648999953, 14.042020473000049], [-4.988644398999953, 14.02812609800005], [-4.988644273999953, 14.000770473000049], [-4.983130398999953, 13.954310098000049], [-5.051385898999952, 13.94309684800005], [-5.126383399999953, 13.954096848000049], [-5.137718274999953, 14.060045973000049], [-5.118926774999953, 14.11529322300005], [-5.188135399999953, 14.163511723000049], [-5.197335399999953, 14.260759973000049], [-5.265872024999953, 14.31999447300005], [-5.325958899999953, 14.361914473000049], [-5.512377149999953, 14.43614322300005], [-5.665573024999953, 14.530376974000049], [-5.661751149999953, 14.557778474000049], [-5.621374149999953, 14.58815647400005], [-5.613374399999953, 14.65816409900005], [-5.594374774999953, 14.68316559900005], [-5.602375774999953, 14.71816884900005], [-5.607374649999953, 14.76017284900005], [-5.572376524999953, 14.84118059900005], [-5.543118899999953, 14.941668849000049], [-5.528232649999953, 14.93695009900005], [-5.515602524999953, 14.93963872400005], [-5.498148274999953, 14.930377224000049], [-5.490414774999953, 14.93431284900005], [-5.479972524999953, 14.948473099000049], [-5.460700399999953, 14.95411409900005], [-5.454063149999953, 14.948735474000049], [-5.449257649999953, 14.949290724000049], [-5.439046899999953, 14.96284209900005], [-5.417387899999953, 14.963464224000049], [-5.411004399999953, 14.95957684900005], [-5.387587024999953, 14.96740472400005], [-5.377566774999953, 14.96568834900005], [-5.349380399999953, 14.97319347400005], [-5.272382024999953, 14.97019334900005], [-5.208384524999953, 15.02119934900005], [-5.100386649999953, 15.19321634900005], [-5.153502899999953, 15.35959797400005], [-5.178291774999953, 15.461323974000049], [-5.185712149999953, 15.47407509900005], [-5.203608024999953, 15.48615409900005], [-5.230694149999953, 15.49287897400005], [-5.339527899999953, 15.49699197400005], [-5.354033024999953, 15.55125597400005], [-5.517409649999953, 15.49985909900005], [-5.899708649999953, 15.49574222400005], [-6.308531650999953, 15.49619422400005], [-6.336360400999953, 15.37323084900005], [-6.405359650999953, 15.165210974000049], [-6.435353400999953, 15.11320597400005], [-6.528351150999953, 14.995194724000049], [-6.545351775999953, 14.94118947400005], [-6.485352900999953, 14.84317934900005], [-6.436352775999953, 14.778174224000049], [-6.402353275999953, 14.65816284900005], [-6.381354650999953, 14.59915734900005], [-6.382353525999953, 14.53315097400005], [-6.407354025999953, 14.499146723000049], [-6.429352400999953, 14.462144223000049], [-6.459348275999953, 14.44314234800005], [-6.582349275999953, 14.47714434800005], [-6.617349525999953, 14.46714447300005], [-6.638668400999953, 14.41999684800005], [-6.715351650999953, 14.32012922300005], [-6.751349775999953, 14.26212472300005], [-6.900347275999954, 13.995099098000049], [-6.936100275999953, 13.821789473000049], [-6.900346900999953, 13.746074348000048], [-6.841348025999953, 13.68806884800005], [-6.862325525999953, 13.62375372300005], [-6.775349275999953, 13.522053098000049], [-6.764348400999953, 13.49205022300005], [-6.759206525999953, 13.46621472300005], [-6.823683025999953, 13.399347347000049], [-6.838649275999953, 13.345780597000049], [-6.877339025999953, 13.35678497200005], [-6.890228900999953, 13.356485472000049], [-6.932587775999953, 13.33898109700005], [-6.974176650999953, 13.30906009700005], [-7.000214525999954, 13.261239722000049], [-7.025575525999953, 13.239140597000048], [-7.050574025999953, 13.231253972000049], [-7.038663275999953, 13.20916484700005], [-7.021342525999954, 13.143016472000049], [-7.068956400999953, 13.049086472000049], [-7.081341025999953, 13.01300409700005], [-7.037144900999953, 12.96194822200005], [-7.039584900999953, 12.935768722000049], [-7.037144775999953, 12.88221859700005], [-6.978010025999954, 12.87173159700005], [-6.892876775999953, 12.834842222000049], [-6.887314900999953, 12.79549947200005], [-6.852089650999953, 12.82263209700005], [-6.840811775999953, 12.815126472000049], [-6.807897525999953, 12.820733972000049], [-6.791700775999953, 12.78351947200005], [-6.625351275999953, 12.805985847000048], [-6.566745525999953, 12.80201947200005], [-6.500769775999953, 12.69179222200005], [-6.486703400999953, 12.71658122200005], [-6.477597525999953, 12.72240134700005], [-6.458367275999953, 12.727880472000049], [-6.436726525999953, 12.71466359700005], [-6.422017900999953, 12.718327347000049], [-6.417080775999953, 12.70555697200005], [-6.412754525999953, 12.706791347000049], [-6.409420900999953, 12.70217922200005], [-6.416161900999953, 12.694649972000049], [-6.413766525999953, 12.685817347000048], [-6.419798650999953, 12.668661972000049], [-6.394387400999953, 12.630822847000049], [-6.394029775999953, 12.602899597000048], [-6.381556525999953, 12.604165097000049], [-6.386064025999953, 12.59030034700005], [-6.379634275999953, 12.58595409700005], [-6.363326525999953, 12.58445822200005], [-6.354267650999953, 12.575934097000049], [-6.347956775999953, 12.56216284700005], [-6.329752400999953, 12.573803222000048], [-6.315142400999953, 12.573592597000049], [-6.310173150999953, 12.580167097000048], [-6.296935775999953, 12.578647222000049], [-6.281103900999953, 12.569646222000049], [-6.278853775999953, 12.55927097200005], [-6.259911150999953, 12.54944197200005]]]}}, {"type": "Feature", "properties": {"name": "Sikasso", "country": "MLI"}, "geometry": {"type": "Polygon", "coordinates": [[[-8.530494652999954, 11.488525721000048], [-8.518322902999953, 11.46961597100005], [-8.518526277999953, 11.45684472100005], [-8.512688402999954, 11.44873859600005], [-8.516080027999953, 11.443029721000048], [-8.507097027999952, 11.43312072100005], [-8.501577152999953, 11.41299372100005], [-8.482118277999954, 11.40718072100005], [-8.471622777999954, 11.41252997100005], [-8.448308277999953, 11.40966409600005], [-8.438357027999952, 11.39673259600005], [-8.415760152999953, 11.39663409600005], [-8.393472902999953, 11.385014971000048], [-8.368103277999953, 11.383621221000048], [-8.350535777999953, 11.370571346000048], [-8.388209777999954, 11.36463759600005], [-8.402338652999953, 11.354331221000049], [-8.407816777999953, 11.345143846000049], [-8.405536402999953, 11.32881922100005], [-8.397996027999953, 11.323940971000049], [-8.381808402999953, 11.31993172100005], [-8.355620902999954, 11.32203384600005], [-8.355018027999954, 11.31199947100005], [-8.368219152999954, 11.280120095000049], [-8.388631652999953, 11.27391784500005], [-8.418266652999954, 11.278636970000049], [-8.443319652999953, 11.292058595000048], [-8.459547152999953, 11.293562845000048], [-8.473335527999954, 11.28876322000005], [-8.480836902999954, 11.280106220000048], [-8.485597777999953, 11.26814784500005], [-8.478641652999954, 11.242469720000049], [-8.472192277999953, 11.23284297000005], [-8.473569152999954, 11.22609497000005], [-8.482792277999954, 11.220972720000049], [-8.505874777999953, 11.222583970000048], [-8.515157777999953, 11.21370172000005], [-8.539513777999954, 11.215082345000049], [-8.553338777999953, 11.208025595000048], [-8.559307152999953, 11.184046345000048], [-8.552105902999953, 11.157854095000049], [-8.562390527999954, 11.133937095000048], [-8.573960527999953, 11.13214034500005], [-8.595883277999953, 11.135711470000048], [-8.604107402999952, 11.129569095000049], [-8.609159152999954, 11.115350720000048], [-8.602156152999953, 11.09266622000005], [-8.626222777999953, 11.072469970000048], [-8.631178652999953, 11.064268220000049], [-8.633118027999954, 11.038205595000049], [-8.666263027999953, 11.014131970000049], [-8.679508277999954, 10.995768970000048], [-8.674424777999953, 10.980130470000049], [-8.677405902999954, 10.968381470000049], [-8.670625027999954, 10.947695095000048], [-8.659771152999953, 10.943509970000049], [-8.646544027999953, 10.94480984500005], [-8.613050277999953, 10.958845720000049], [-8.604549402999954, 10.950430970000049], [-8.592625902999954, 10.96555547000005], [-8.586664027999953, 10.95718034500005], [-8.580614277999953, 10.954325470000049], [-8.573135152999953, 10.961487720000049], [-8.565490027999953, 10.963125720000049], [-8.546921527999954, 10.980907220000049], [-8.513239027999953, 10.99092447000005], [-8.498186527999954, 11.00323834500005], [-8.498641402999953, 11.02256697000005], [-8.490655027999953, 11.029719720000049], [-8.480398652999954, 11.051891095000048], [-8.480739152999954, 11.06243359500005], [-8.477413527999953, 11.06388447000005], [-8.452545027999953, 11.06274959500005], [-8.437775527999953, 11.065280595000049], [-8.430742027999953, 11.06040509500005], [-8.418333152999953, 11.05820597000005], [-8.392182027999953, 11.057801720000048], [-8.366756902999953, 11.06769497000005], [-8.358140402999954, 11.066558470000048], [-8.339268902999953, 11.055479220000048], [-8.315128652999952, 11.02424584500005], [-8.286624276999953, 11.012012970000049], [-8.278439276999954, 10.991560720000049], [-8.278433651999954, 10.943624595000049], [-8.257801651999953, 10.89912734500005], [-8.257654526999954, 10.892346970000048], [-8.259765026999954, 10.887358470000049], [-8.307131027999953, 10.847163845000049], [-8.309011527999953, 10.840664345000048], [-8.301373652999953, 10.82573134500005], [-8.303313527999954, 10.81546547000005], [-8.306471652999953, 10.808482720000049], [-8.328130277999954, 10.78797247000005], [-8.332347777999953, 10.77824259500005], [-8.331748527999954, 10.767935595000049], [-8.326709652999954, 10.76534609500005], [-8.300054902999953, 10.764432470000049], [-8.290087902999954, 10.752222220000048], [-8.291872902999954, 10.735671095000049], [-8.303053402999954, 10.71926397000005], [-8.300224152999954, 10.70540309500005], [-8.290149902999953, 10.699971845000048], [-8.289514777999953, 10.69192247000005], [-8.298501652999953, 10.685779970000048], [-8.302798402999953, 10.671022345000049], [-8.320102027999953, 10.66902809500005], [-8.323478527999953, 10.664306220000048], [-8.320784027999954, 10.641900845000048], [-8.329691777999953, 10.624698970000049], [-8.328802777999954, 10.600558845000048], [-8.324707652999953, 10.58642072000005], [-8.296304777999953, 10.583468720000049], [-8.287611026999953, 10.587104720000049], [-8.275802026999953, 10.578879470000048], [-8.270666901999954, 10.566232470000049], [-8.272924151999954, 10.551939470000049], [-8.262654526999953, 10.54273134500005], [-8.260812776999954, 10.53063634500005], [-8.245697151999954, 10.50651972000005], [-8.243013526999952, 10.48334697000005], [-8.235679276999953, 10.465129720000048], [-8.230093276999954, 10.416508095000049], [-8.218101276999953, 10.41984434500005], [-8.203473651999953, 10.413079970000048], [-8.185469276999953, 10.411042220000049], [-8.182600651999953, 10.415776720000048], [-8.173426026999953, 10.417647470000048], [-8.165700401999953, 10.42431909500005], [-8.142883276999953, 10.429501095000049], [-8.132047026999953, 10.440148345000049], [-8.123162026999953, 10.43976034500005], [-8.111048276999954, 10.450890720000048], [-8.107309526999954, 10.446306720000049], [-8.099694526999953, 10.445938345000048], [-8.096253151999953, 10.438592720000049], [-8.102704776999953, 10.43215322000005], [-8.098357776999954, 10.41775122000005], [-8.104573401999954, 10.393953095000048], [-8.101702901999953, 10.382590345000049], [-8.088498151999953, 10.366037345000048], [-8.069699401999953, 10.33354872000005], [-8.052042651999953, 10.325478845000049], [-8.043383651999953, 10.32685559500005], [-8.028063401999953, 10.339954470000048], [-7.998757526999953, 10.34579497000005], [-7.987156776999953, 10.340334345000048], [-7.981675151999953, 10.33345797000005], [-7.966029276999953, 10.27786559500005], [-7.955034151999953, 10.26612209500005], [-7.955874526999954, 10.26110209500005], [-7.948860901999954, 10.254703595000048], [-7.945688401999953, 10.24635047000005], [-7.947138651999953, 10.23479609400005], [-7.958236901999953, 10.223640469000049], [-7.957221776999953, 10.20726521900005], [-7.962275276999954, 10.192743719000049], [-7.972795151999954, 10.186108469000049], [-7.979455151999954, 10.16632421900005], [-7.958326776999954, 10.15265871900005], [-7.938057526999954, 10.149075969000048], [-7.927779776999953, 10.156471219000048], [-7.921040901999953, 10.15687171900005], [-7.918477401999954, 10.15834296900005], [-7.921661901999953, 10.16594371900005], [-7.909954276999954, 10.167275219000048], [-7.901997526999954, 10.188801844000048], [-7.894775901999953, 10.19573946900005], [-7.874354401999954, 10.201972094000048], [-7.855859401999953, 10.198669469000048], [-7.852530026999953, 10.200380594000048], [-7.854472151999953, 10.20619934400005], [-7.851885276999953, 10.209180219000048], [-7.844861901999954, 10.20496171900005], [-7.844049026999953, 10.20822146900005], [-7.837664026999954, 10.210389344000049], [-7.830563901999954, 10.225885594000049], [-7.814448901999953, 10.23293871900005], [-7.813843401999954, 10.239221220000049], [-7.809255901999953, 10.240157970000048], [-7.807809901999954, 10.235102719000048], [-7.804602026999953, 10.245372095000048], [-7.797740276999953, 10.245519220000048], [-7.801229776999953, 10.24985059500005], [-7.800104651999953, 10.256879720000049], [-7.796791026999953, 10.25758422000005], [-7.785823026999953, 10.276793595000049], [-7.768993401999953, 10.280815345000049], [-7.763152276999953, 10.297081845000049], [-7.751652776999953, 10.30143609500005], [-7.754626526999953, 10.306261720000048], [-7.764848276999953, 10.30239147000005], [-7.773175276999953, 10.306040470000049], [-7.770010401999953, 10.31354047000005], [-7.751067526999953, 10.322812970000049], [-7.755116276999953, 10.340233595000049], [-7.739018151999954, 10.346278220000048], [-7.725850026999953, 10.34356259500005], [-7.722478151999953, 10.34803959500005], [-7.719016776999953, 10.358300970000048], [-7.722209526999953, 10.365392970000048], [-7.738433026999953, 10.36765159500005], [-7.740656401999953, 10.371710095000049], [-7.729950401999953, 10.374062970000049], [-7.728856651999953, 10.37907709500005], [-7.717494776999954, 10.39097809500005], [-7.679737401999954, 10.402981345000049], [-7.673881776999953, 10.420246470000048], [-7.649513651999953, 10.435469720000048], [-7.625799026999953, 10.457743345000049], [-7.620492901999953, 10.455902845000049], [-7.609785651999953, 10.441909970000049], [-7.586838151999953, 10.42270159500005], [-7.553441776999954, 10.41389759500005], [-7.541724151999953, 10.415984220000048], [-7.529920026999953, 10.440200595000048], [-7.520345151999953, 10.45162397000005], [-7.512167776999953, 10.45476972000005], [-7.486813526999954, 10.451621470000049], [-7.447741401999953, 10.44021984500005], [-7.448853776999953, 10.43394947000005], [-7.445375401999954, 10.428867470000048], [-7.447449651999953, 10.42613222000005], [-7.439692276999954, 10.418470595000048], [-7.450944276999953, 10.41360997000005], [-7.452072151999953, 10.406333345000048], [-7.446288651999954, 10.40247359500005], [-7.452915276999954, 10.401064220000048], [-7.447478276999953, 10.391173095000049], [-7.452346276999953, 10.38847959500005], [-7.443292026999953, 10.38255822000005], [-7.440472026999953, 10.36767497000005], [-7.434626651999953, 10.367838470000049], [-7.434765526999954, 10.358784845000049], [-7.427712026999953, 10.354905345000049], [-7.429186401999953, 10.341594595000048], [-7.435274276999953, 10.34218934500005], [-7.434093151999953, 10.33638547000005], [-7.425188276999953, 10.337257720000048], [-7.421725151999953, 10.33116784500005], [-7.414201526999953, 10.341369220000049], [-7.390203901999953, 10.349058720000048], [-7.380610401999953, 10.345141095000049], [-7.371193776999953, 10.34625747000005], [-7.357740651999953, 10.328948345000049], [-7.356809526999953, 10.298491345000048], [-7.364348651999953, 10.27067434500005], [-7.385845776999953, 10.260428345000049], [-7.386438401999953, 10.254901095000049], [-7.382116776999953, 10.255087720000049], [-7.379657776999953, 10.24976609500005], [-7.374858901999954, 10.247932345000049], [-7.376710026999953, 10.24317872000005], [-7.367754776999953, 10.247322345000049], [-7.358495651999953, 10.23812347000005], [-7.343740776999953, 10.239411970000049], [-7.340254151999953, 10.234829594000049], [-7.334166026999953, 10.234234969000049], [-7.323933151999953, 10.238863095000049], [-7.314870276999953, 10.25005184500005], [-7.286600276999954, 10.25466109500005], [-7.277083401999954, 10.262319595000049], [-7.266023026999953, 10.25460459500005], [-7.149401275999953, 10.247073470000048], [-7.132267400999953, 10.237758095000048], [-7.124600025999953, 10.224053469000049], [-7.114196650999953, 10.21483784400005], [-7.101084400999953, 10.20835009400005], [-7.083054275999953, 10.207829844000049], [-7.078043025999953, 10.20322471900005], [-7.074708400999953, 10.18857621900005], [-7.083399650999954, 10.168316344000049], [-7.080015400999953, 10.15693784400005], [-7.068357900999954, 10.155002094000048], [-7.057364775999953, 10.14275459400005], [-7.040096150999953, 10.14224584400005], [-7.023520900999953, 10.146279219000048], [-7.014831400999953, 10.149674594000048], [-6.996160900999953, 10.16626371900005], [-6.978488150999953, 10.20929571900005], [-6.985925400999953, 10.221487094000048], [-7.015653275999953, 10.23803559500005], [-7.012176025999953, 10.249560345000049], [-7.013335525999953, 10.256875470000049], [-6.985982275999953, 10.28490409500005], [-6.979104525999953, 10.302918220000048], [-6.966124650999953, 10.30448684500005], [-6.962048525999953, 10.32203809500005], [-6.954083775999953, 10.32795809500005], [-6.948112900999953, 10.336423220000048], [-6.946194400999953, 10.34570284500005], [-6.940019025999953, 10.350894220000049], [-6.912577525999954, 10.351242470000049], [-6.900488900999953, 10.34427122000005], [-6.874533400999953, 10.347157720000048], [-6.871445900999953, 10.34132597000005], [-6.862564025999953, 10.34069147000005], [-6.859929525999953, 10.346941720000048], [-6.855361650999953, 10.346622720000049], [-6.852628400999953, 10.34255722000005], [-6.850744400999953, 10.34957322000005], [-6.836472150999954, 10.352632720000049], [-6.824664150999953, 10.360759595000049], [-6.812962400999953, 10.378697970000049], [-6.803512275999953, 10.382080095000049], [-6.794929900999954, 10.37843197000005], [-6.790274525999953, 10.367043970000049], [-6.742550400999953, 10.356278720000049], [-6.713072400999953, 10.33999634500005], [-6.699914275999953, 10.336532345000048], [-6.679334025999953, 10.33673297000005], [-6.674118650999953, 10.34571284500005], [-6.664930025999953, 10.34859659500005], [-6.659733650999953, 10.35631859500005], [-6.645192775999953, 10.360381470000048], [-6.650482775999953, 10.380330970000049], [-6.649940900999953, 10.382586845000048], [-6.644133275999953, 10.380237720000048], [-6.643561400999953, 10.384505345000049], [-6.650627525999953, 10.38762747000005], [-6.653558525999953, 10.395467720000049], [-6.643593275999953, 10.39934559500005], [-6.634519650999954, 10.41153647000005], [-6.629581150999953, 10.419008970000048], [-6.627446775999953, 10.434318470000049], [-6.641631650999953, 10.437041470000048], [-6.643080150999953, 10.442092220000049], [-6.639449275999953, 10.44706847000005], [-6.651340650999953, 10.45026059500005], [-6.657720025999953, 10.44834247000005], [-6.669191650999953, 10.46259284500005], [-6.678584775999953, 10.462982220000049], [-6.671986900999953, 10.47948084500005], [-6.681812400999953, 10.484905470000049], [-6.678450525999953, 10.48887897000005], [-6.680653275999953, 10.494442720000048], [-6.672136775999953, 10.503368845000049], [-6.680541650999953, 10.51882822000005], [-6.679728400999953, 10.52981522000005], [-6.673731400999953, 10.53255497000005], [-6.665395900999953, 10.529415970000048], [-6.660260150999953, 10.53311147000005], [-6.667500650999953, 10.54151347000005], [-6.666322900999953, 10.552305345000049], [-6.670190275999953, 10.56543309500005], [-6.662789400999953, 10.584678345000048], [-6.676386150999953, 10.592669345000049], [-6.674181150999953, 10.604198095000049], [-6.666983775999953, 10.609872720000048], [-6.670399775999953, 10.61922147000005], [-6.668065150999953, 10.622454095000048], [-6.660617775999953, 10.627873470000049], [-6.643527900999953, 10.632648720000049], [-6.651135150999953, 10.633514220000048], [-6.654884025999953, 10.637589845000049], [-6.651845900999954, 10.653878595000048], [-6.641575150999953, 10.661266095000048], [-6.640946775999953, 10.669297345000048], [-6.613035525999953, 10.667380720000049], [-6.604105775999953, 10.63609159500005], [-6.588870525999953, 10.61878009500005], [-6.564760275999953, 10.617421970000049], [-6.545166150999953, 10.60281034500005], [-6.534221025999953, 10.58731922000005], [-6.500655400999953, 10.57383572000005], [-6.484472650999953, 10.576287470000048], [-6.463738275999953, 10.569952595000048], [-6.447742650999953, 10.56946797000005], [-6.428106150999954, 10.55761922000005], [-6.398605775999953, 10.594137845000049], [-6.408240775999953, 10.629462095000049], [-6.414103275999953, 10.69638397000005], [-6.391368150999953, 10.705097470000048], [-6.342271400999953, 10.68453622000005], [-6.332360150999953, 10.684894845000048], [-6.320241775999953, 10.679945220000048], [-6.249455025999954, 10.734690470000048], [-6.220680775999953, 10.72246759500005], [-6.212054400999953, 10.72184047000005], [-6.216788650999953, 10.710855470000048], [-6.229156025999953, 10.698975595000048], [-6.225876900999953, 10.681506220000049], [-6.233440775999953, 10.66687809500005], [-6.233089025999953, 10.656319845000048], [-6.230601525999953, 10.652765970000049], [-6.215129400999953, 10.651285720000049], [-6.210680775999953, 10.642929220000049], [-6.195331025999953, 10.633158220000048], [-6.183925650999953, 10.631485595000049], [-6.195744525999953, 10.622358345000048], [-6.216841025999953, 10.621406970000049], [-6.225093775999953, 10.612981845000048], [-6.219811400999953, 10.59229697000005], [-6.210348275999953, 10.596683970000049], [-6.206307275999953, 10.59511759500005], [-6.211703400999953, 10.59092297000005], [-6.214406400999953, 10.579903220000048], [-6.212154150999953, 10.57760847000005], [-6.207781275999953, 10.58131547000005], [-6.206029525999953, 10.579530720000049], [-6.219360150999953, 10.554085220000049], [-6.242899025999953, 10.542611470000049], [-6.249250525999953, 10.525357720000049], [-6.244588900999953, 10.514228470000049], [-6.233717025999953, 10.511103220000049], [-6.226068025999953, 10.512703220000049], [-6.217038275999953, 10.52212584500005], [-6.204014150999953, 10.509618595000049], [-6.205171025999953, 10.50008147000005], [-6.199422650999953, 10.49371272000005], [-6.169484400999953, 10.49126847000005], [-6.162996150999953, 10.483380345000048], [-6.186087025999953, 10.46787322000005], [-6.186439525999953, 10.44398947000005], [-6.180514775999953, 10.432335845000049], [-6.161835775999953, 10.42426972000005], [-6.156889650999953, 10.41514434500005], [-6.159533275999953, 10.408140470000049], [-6.169128775999953, 10.412051720000049], [-6.181872025999953, 10.409217970000048], [-6.183891025999953, 10.39289884500005], [-6.190094150999953, 10.385694470000049], [-6.180150150999953, 10.370961595000049], [-6.163031525999953, 10.36040072000005], [-6.173748400999953, 10.357977220000048], [-6.187095025999953, 10.347919345000049], [-6.193327900999953, 10.33870159500005], [-6.194197525999953, 10.331418470000049], [-6.179924400999953, 10.31737484500005], [-6.185541775999953, 10.315443345000048], [-6.190343650999953, 10.299913720000049], [-6.193354400999953, 10.302473345000049], [-6.193736275999953, 10.311033345000048], [-6.203593525999953, 10.31444672000005], [-6.214018025999953, 10.31384284500005], [-6.231949525999953, 10.303787095000049], [-6.231115650999953, 10.29144609500005], [-6.218295900999953, 10.282202095000049], [-6.219900150999953, 10.25957834500005], [-6.203995150999953, 10.252805095000049], [-6.193787150999953, 10.25592884500005], [-6.191336275999953, 10.249853720000049], [-6.198656025999953, 10.235866720000049], [-6.191308650999953, 10.234501969000048], [-6.170688650999953, 10.22010984400005], [-6.138691149999953, 10.210586594000048], [-6.131675524999953, 10.203941219000049], [-6.056506024999953, 10.201849594000048], [-6.032508899999953, 10.192442594000049], [-5.997867024999953, 10.189930219000049], [-5.985892024999953, 10.192275094000049], [-5.953651774999953, 10.242651470000048], [-5.955230649999953, 10.27362659500005], [-5.952930024999953, 10.274599970000049], [-5.950474774999953, 10.268777220000048], [-5.927784774999953, 10.274238970000049], [-5.909695899999953, 10.260391095000049], [-5.899456899999953, 10.25697284500005], [-5.884372024999953, 10.263551095000048], [-5.878136524999953, 10.273023845000049], [-5.882528399999953, 10.28541647000005], [-5.888558024999953, 10.290031970000049], [-5.888985149999953, 10.295573595000048], [-5.886371649999953, 10.300568220000049], [-5.870212399999953, 10.311155595000049], [-5.873235149999953, 10.330319470000049], [-5.869841399999953, 10.336560220000049], [-5.871962024999953, 10.347911095000049], [-5.867526774999953, 10.355897470000048], [-5.869967399999953, 10.362724345000048], [-5.865249649999953, 10.370449470000048], [-5.846998899999953, 10.36994184500005], [-5.840866649999953, 10.372369470000049], [-5.834396024999953, 10.380577595000048], [-5.821612774999953, 10.386179970000049], [-5.821289149999953, 10.390954345000049], [-5.808565524999953, 10.409887470000049], [-5.793714024999953, 10.417974720000048], [-5.787516024999953, 10.424928095000048], [-5.769239649999953, 10.43271472000005], [-5.744757774999953, 10.42180297000005], [-5.702793524999953, 10.42522884500005], [-5.674586149999953, 10.443436970000048], [-5.665757774999953, 10.45663909500005], [-5.654956649999953, 10.456988345000049], [-5.649281774999953, 10.462942720000049], [-5.643963024999953, 10.461861345000049], [-5.631689774999953, 10.449868345000048], [-5.616284899999953, 10.443614220000049], [-5.601739274999953, 10.44818572000005], [-5.595937899999953, 10.445337220000049], [-5.576342024999953, 10.44782547000005], [-5.560207274999953, 10.45690084500005], [-5.553905149999953, 10.45354259500005], [-5.547962524999953, 10.442896720000048], [-5.510527024999953, 10.42300259500005], [-5.510908024999953, 10.43181009500005], [-5.502795274999953, 10.44829259500005], [-5.506274649999953, 10.453622595000049], [-5.503078149999953, 10.463887095000048], [-5.497712149999953, 10.466074345000049], [-5.498107524999953, 10.47387472000005], [-5.492977399999953, 10.477322345000049], [-5.492890274999953, 10.483355595000049], [-5.488333399999953, 10.482285470000049], [-5.486512024999953, 10.485276970000049], [-5.489730274999953, 10.491105345000049], [-5.485064524999953, 10.497576345000049], [-5.485242399999953, 10.502858720000049], [-5.478885899999953, 10.503271595000049], [-5.476295524999953, 10.50675484500005], [-5.477645274999953, 10.51884147000005], [-5.471680774999953, 10.52730472000005], [-5.470240649999953, 10.53909947000005], [-5.455834024999953, 10.55171622000005], [-5.465307149999953, 10.581761220000049], [-5.459393649999953, 10.586704470000049], [-5.457953524999953, 10.59849672000005], [-5.467513149999953, 10.60491484500005], [-5.472867899999953, 10.60348247000005], [-5.472200524999953, 10.614530970000049], [-5.478738024999953, 10.61914684500005], [-5.473923774999953, 10.61832484500005], [-5.463109274999953, 10.62847559500005], [-5.460667899999953, 10.63924659500005], [-5.464967649999953, 10.69332834500005], [-5.460502024999953, 10.703565720000048], [-5.462787774999953, 10.721183095000049], [-5.460556899999953, 10.734967720000048], [-5.454818149999953, 10.745436720000049], [-5.458271774999953, 10.75251847000005], [-5.467108774999953, 10.75615972000005], [-5.467809024999953, 10.760439595000049], [-5.463971024999953, 10.76239472000005], [-5.449021399999953, 10.759923220000049], [-5.433422774999953, 10.767238345000049], [-5.427742774999953, 10.79126884500005], [-5.410908274999953, 10.82267347000005], [-5.411568774999953, 10.829713720000049], [-5.402892649999953, 10.85018122000005], [-5.412640149999953, 10.86111484500005], [-5.416532899999953, 10.872969720000048], [-5.453540524999953, 10.895583845000049], [-5.446757524999953, 10.908039845000049], [-5.448343024999953, 10.921366345000049], [-5.457433524999953, 10.942578720000048], [-5.452482774999953, 10.968861970000049], [-5.463002024999953, 10.97904884500005], [-5.490805024999953, 10.970657470000049], [-5.480108274999953, 10.99033197000005], [-5.476586399999953, 11.00558959500005], [-5.487058274999953, 11.036600095000049], [-5.490275649999953, 11.077539220000048], [-5.463819649999953, 11.08067809500005], [-5.382508649999953, 11.10160797000005], [-5.345122524999953, 11.123155345000049], [-5.331482274999953, 11.13575522000005], [-5.325730774999953, 11.147211220000049], [-5.327674399999953, 11.18861572000005], [-5.322366024999953, 11.204588720000048], [-5.298517149999953, 11.220802345000049], [-5.264955524999953, 11.23261722000005], [-5.255958274999953, 11.24026309500005], [-5.251919899999953, 11.256250845000048], [-5.257662524999953, 11.33378022100005], [-5.256108899999953, 11.35355547100005], [-5.249159524999953, 11.377763846000049], [-5.244421024999953, 11.389473596000048], [-5.229060024999953, 11.398278596000049], [-5.212819024999953, 11.415338346000048], [-5.204380649999953, 11.419479346000049], [-5.197876274999953, 11.430411096000048], [-5.200499899999953, 11.44222134600005], [-5.208196899999953, 11.454352221000049], [-5.204062274999953, 11.477087471000049], [-5.200747774999953, 11.478042971000049], [-5.208086649999953, 11.497430096000048], [-5.199550649999953, 11.526109721000049], [-5.213889024999953, 11.55310222100005], [-5.215846649999953, 11.57591334600005], [-5.231876524999953, 11.591158096000049], [-5.233288024999953, 11.598938346000049], [-5.242096774999953, 11.604318471000049], [-5.275403024999953, 11.60102897100005], [-5.291990274999953, 11.61277597100005], [-5.293318774999953, 11.626311596000049], [-5.283239274999953, 11.63868559600005], [-5.282101524999953, 11.647179596000049], [-5.275136649999953, 11.654840971000048], [-5.265170899999953, 11.676975346000049], [-5.266216899999953, 11.692505346000049], [-5.270162899999953, 11.70056797100005], [-5.259810399999953, 11.73195022100005], [-5.260426274999953, 11.759729221000049], [-5.263950899999953, 11.76177984600005], [-5.276224024999953, 11.755697096000048], [-5.285568399999953, 11.759079971000048], [-5.291841649999953, 11.764170971000048], [-5.284619649999953, 11.77207522100005], [-5.291314149999953, 11.78317534600005], [-5.298696274999953, 11.781777721000049], [-5.304922774999953, 11.790119471000049], [-5.315314524999953, 11.791265471000049], [-5.326341649999953, 11.80117497100005], [-5.329949024999953, 11.79747359600005], [-5.335529274999953, 11.797801721000049], [-5.337766649999953, 11.80108484600005], [-5.342117524999953, 11.798644471000049], [-5.345580649999953, 11.80494609600005], [-5.348630024999953, 11.80473872100005], [-5.354100649999953, 11.79506034600005], [-5.356309149999953, 11.80034397100005], [-5.362411399999953, 11.79967909600005], [-5.368623149999953, 11.80902072100005], [-5.375326774999953, 11.807961971000049], [-5.380037524999953, 11.81493347100005], [-5.388681524999953, 11.814054221000049], [-5.403805149999953, 11.82151947100005], [-5.403507524999953, 11.82451697100005], [-5.380230899999953, 11.836694846000048], [-5.382841274999953, 11.831729596000049], [-5.378544524999953, 11.830418971000048], [-5.373671649999953, 11.83385197100005], [-5.375535024999953, 11.82787572100005], [-5.369414774999953, 11.82979072100005], [-5.368189024999953, 11.826772346000048], [-5.363874399999953, 11.82671197100005], [-5.355418149999953, 11.814588346000049], [-5.338043774999953, 11.82234847100005], [-5.321780024999953, 11.841127971000049], [-5.320593899999953, 11.835359346000049], [-5.304425899999953, 11.829881221000049], [-5.295859399999953, 11.84301609600005], [-5.286918649999953, 11.846892471000048], [-5.279079524999953, 11.844782221000049], [-5.280431399999953, 11.83904922100005], [-5.277950899999953, 11.835013096000049], [-5.270340274999953, 11.83465672100005], [-5.266104774999953, 11.829095471000048], [-5.262312024999953, 11.828042096000049], [-5.257639274999953, 11.83522959600005], [-5.248009024999953, 11.83409472100005], [-5.247643649999953, 11.84184234600005], [-5.243807899999953, 11.843789471000049], [-5.244364274999953, 11.85805147100005], [-5.236649524999953, 11.86494559600005], [-5.233114274999953, 11.863645971000048], [-5.222897524999953, 11.868004471000049], [-5.211836774999953, 11.878102346000048], [-5.208690524999953, 11.885059721000049], [-5.198430899999953, 11.892417721000049], [-5.187009899999953, 11.89225859600005], [-5.188160524999953, 11.90052547100005], [-5.182072899999953, 11.90019072100005], [-5.173029899999953, 11.920065721000048], [-5.166584524999953, 11.926975971000049], [-5.161462024999953, 11.93015459600005], [-5.154119899999953, 11.928802471000049], [-5.148568024999953, 11.944224221000049], [-5.140217899999953, 11.942358221000049], [-5.121490524999952, 11.956096346000049], [-5.097569649999953, 11.96026334600005], [-5.096508024999953, 11.963498096000048], [-5.084529774999953, 11.96683109600005], [-5.073463024999953, 11.977425346000048], [-5.058328648999953, 11.97071684600005], [-5.038030898999953, 11.978933596000049], [-5.024051148999953, 11.980239596000049], [-5.017763523999953, 11.97615347100005], [-5.008521273999953, 11.98331159600005], [-4.997085398999953, 11.984365221000049], [-4.988527898999953, 11.979248096000049], [-4.978480398999953, 11.989606221000049], [-4.969622898999953, 11.98773434600005], [-4.965755398999953, 11.991929596000048], [-4.951025023999953, 11.99247584600005], [-4.946295898999953, 11.997848471000049], [-4.931750273999953, 12.000207096000048], [-4.925205148999953, 11.99636797100005], [-4.887090898999953, 11.999091221000048], [-4.871899273999952, 11.99638272100005], [-4.848834898999953, 12.01180947100005], [-4.837213898999953, 12.00790097100005], [-4.832546523999953, 12.01483409600005], [-4.830615523999953, 12.00781009600005], [-4.820803023999953, 12.001677346000049], [-4.811972898999953, 12.00680397100005], [-4.800362523999953, 12.002145971000049], [-4.791409148999953, 12.007021221000048], [-4.791011398999953, 11.999268471000049], [-4.776203273999953, 12.005312846000049], [-4.768163523999953, 11.99945447100005], [-4.748861523999953, 12.00018922100005], [-4.735967898999953, 11.99651347100005], [-4.726432898999953, 12.006629221000049], [-4.722773898999953, 12.01407622100005], [-4.722354023999953, 12.025815596000049], [-4.716478148999953, 12.028483721000049], [-4.714035148999953, 12.03969484600005], [-4.701613523999953, 12.056515596000049], [-4.675544648999953, 12.06015634600005], [-4.630710148999952, 12.05354672100005], [-4.628398398999953, 12.10947697100005], [-4.616333773999953, 12.119054221000049], [-4.607508398999953, 12.132921596000049], [-4.557113773999953, 12.133732971000049], [-4.543357398999953, 12.13729209600005], [-4.544263648999953, 12.145047221000048], [-4.550960898999953, 12.156127721000049], [-4.559095523999953, 12.15523947100005], [-4.580864523999953, 12.19549297100005], [-4.538286773999953, 12.22712297100005], [-4.529623898999953, 12.22950184600005], [-4.516397898999953, 12.249544346000048], [-4.471556023999953, 12.279889471000049], [-4.476942398999953, 12.29394072100005], [-4.474946773999953, 12.32760747100005], [-4.440772273999952, 12.330387971000048], [-4.436827773999953, 12.32209884600005], [-4.431019648999952, 12.320023471000049], [-4.428153023999953, 12.30725609600005], [-4.415327148999953, 12.298845721000049], [-4.396694898999953, 12.306330596000048], [-4.416327148999953, 12.354262971000049], [-4.440317398999952, 12.399001222000049], [-4.440726898999952, 12.40599234700005], [-4.425025398999953, 12.45791484700005], [-4.427641523999953, 12.470421097000049], [-4.422367523999953, 12.48456559700005], [-4.367423773999953, 12.529955472000049], [-4.380161148999953, 12.544589097000049], [-4.402852773999953, 12.555118347000048], [-4.402875898999953, 12.57157297200005], [-4.412312898999953, 12.60435634700005], [-4.431885773999952, 12.620075097000049], [-4.454723398999953, 12.62013522200005], [-4.469370148999952, 12.64326322200005], [-4.472678898999953, 12.64256034700005], [-4.483680898999953, 12.65417347200005], [-4.483231023999953, 12.66812247200005], [-4.472506773999953, 12.69090159700005], [-4.475879898999953, 12.70365447200005], [-4.472518773999953, 12.70809359700005], [-4.475465148999953, 12.71510947200005], [-4.480892898999953, 12.71897859700005], [-4.574771898999953, 12.73671509700005], [-4.594633398999953, 12.729661347000048], [-4.609493148999952, 12.71868034700005], [-4.621617898999953, 12.722624722000049], [-4.660328148999953, 12.74415172200005], [-4.689391648999953, 12.79448747200005], [-4.703991273999953, 12.790887097000049], [-4.727590773999953, 12.80648859700005], [-4.740480523999953, 12.787000597000048], [-4.757088148999953, 12.77450547200005], [-4.785084523999953, 12.762010222000049], [-4.778915648999953, 12.724061597000048], [-4.782237523999953, 12.67176647200005], [-4.849219023999953, 12.64185959700005], [-4.943411023999953, 12.59066247200005], [-4.953036773999953, 12.631569472000049], [-5.041511023999953, 12.629807097000048], [-5.048880898999953, 12.625613722000049], [-5.042232023999953, 12.581585472000048], [-5.054105648999953, 12.55794922200005], [-5.072154274999953, 12.54867934700005], [-5.086403024999953, 12.54589897200005], [-5.097326774999953, 12.55516784700005], [-5.102076649999953, 12.57231547200005], [-5.103025774999953, 12.599660097000049], [-5.114929024999953, 12.65576372200005], [-5.110450524999953, 12.661820972000049], [-5.110179149999952, 12.672810097000049], [-5.117397649999953, 12.71439172200005], [-5.125436899999953, 12.721249222000049], [-5.144451524999953, 12.74975409700005], [-5.167424524999953, 12.75948034700005], [-5.170690399999953, 12.77302359700005], [-5.190147399999953, 12.780012597000049], [-5.209914399999953, 12.79332959700005], [-5.217709274999953, 12.79343797200005], [-5.225131524999953, 12.785551972000048], [-5.224078149999953, 12.78046547200005], [-5.234471524999953, 12.766894472000049], [-5.239225899999953, 12.753886097000048], [-5.248349399999953, 12.74442759700005], [-5.252544024999953, 12.725194097000049], [-5.245996649999953, 12.714463347000049], [-5.245724774999953, 12.70594334700005], [-5.257748274999953, 12.679783222000049], [-5.361041524999953, 12.69783522200005], [-5.379812024999953, 12.627947472000049], [-5.385605899999953, 12.629530597000048], [-5.385605899999953, 12.640611722000049], [-5.423380149999953, 12.645360097000049], [-5.438906899999953, 12.669104347000049], [-5.465812274999953, 12.67346772200005], [-5.493598774999953, 12.67350772200005], [-5.508430399999953, 12.69837409700005], [-5.517077399999953, 12.736941722000049], [-5.536390024999953, 12.75585847200005], [-5.566932399999953, 12.776215472000048], [-5.586794024999953, 12.80966459700005], [-5.611391524999953, 12.81442197200005], [-5.743713649999953, 12.77793934700005], [-5.779634899999953, 12.74720434700005], [-5.831728774999953, 12.725228097000048], [-5.893209524999953, 12.731179597000049], [-5.927000774999953, 12.745829972000049], [-5.935917649999953, 12.765058847000049], [-5.971221899999953, 12.770367222000049], [-6.015954024999953, 12.76183734700005], [-6.063337899999953, 12.66893047200005], [-6.211358650999953, 12.601965847000049], [-6.259911150999953, 12.54944197200005], [-6.257558650999953, 12.535460472000048], [-6.247834775999953, 12.53221097200005], [-6.243918900999953, 12.522582222000048], [-6.250371525999953, 12.51296022200005], [-6.248529150999953, 12.50376822200005], [-6.254018775999953, 12.49486722200005], [-6.266905400999953, 12.49945797200005], [-6.271252650999953, 12.50436122200005], [-6.274539025999953, 12.501749222000049], [-6.266409150999953, 12.48434584700005], [-6.270092900999953, 12.47322859700005], [-6.234653525999953, 12.43601247200005], [-6.237839775999953, 12.42195934700005], [-6.260058400999953, 12.420149347000049], [-6.266886525999953, 12.415992722000048], [-6.264158275999953, 12.40344872200005], [-6.267358275999953, 12.394746847000048], [-6.259018775999953, 12.399118847000048], [-6.252204025999953, 12.39720247200005], [-6.235314775999953, 12.40455197200005], [-6.227576025999953, 12.40132472200005], [-6.218568275999953, 12.404311222000048], [-6.170802150999953, 12.398382722000049], [-6.152341525999953, 12.384016597000048], [-6.151597775999953, 12.37212697100005], [-6.129157774999953, 12.34137522100005], [-6.128261024999953, 12.315739471000049], [-6.125211774999953, 12.309575471000048], [-6.118564649999953, 12.307423846000049], [-6.111478024999953, 12.31078222100005], [-6.085320024999953, 12.30208409600005], [-6.080362024999953, 12.28903697100005], [-6.071809774999953, 12.288911346000049], [-6.064509024999953, 12.302035721000049], [-6.060956524999953, 12.30198497100005], [-6.052462524999953, 12.292837346000049], [-6.044078274999953, 12.29304884600005], [-6.044543274999953, 12.313480846000049], [-6.036787024999953, 12.32310347100005], [-6.018378274999953, 12.32887834600005], [-6.009190024999953, 12.32794872100005], [-6.004790524999953, 12.314312596000049], [-5.989770399999953, 12.31655159600005], [-5.990195649999953, 12.30416434600005], [-5.982284274999953, 12.281884721000049], [-5.996471774999953, 12.28191484600005], [-5.993554399999953, 12.273655096000049], [-5.987310524999953, 12.26975197100005], [-5.993600524999953, 12.25410859600005], [-5.980112274999953, 12.231982846000049], [-5.964312774999953, 12.23211347100005], [-5.968472149999953, 12.161870846000049], [-6.029831899999953, 12.160274721000048], [-6.094549524999953, 12.14896647100005], [-6.133516649999953, 12.154313971000049], [-6.158218150999953, 12.125755221000048], [-6.152127150999953, 12.07988284600005], [-6.168273900999953, 12.06675359600005], [-6.197796275999953, 12.067592596000049], [-6.236691525999953, 12.108766471000049], [-6.300361150999953, 12.106897221000049], [-6.330856525999953, 12.085317096000049], [-6.336409275999953, 12.07463872100005], [-6.340646900999953, 12.07310684600005], [-6.375158650999953, 12.03359284600005], [-6.379189150999953, 12.02307422100005], [-6.368491650999953, 11.99821759600005], [-6.369211650999953, 11.984886096000048], [-6.360138525999953, 11.96525147100005], [-6.362838150999953, 11.957687721000049], [-6.360766525999953, 11.94921134600005], [-6.353625650999953, 11.939613721000049], [-6.357125400999953, 11.925113096000048], [-6.377973025999953, 11.902608346000049], [-6.381174150999953, 11.892168221000048], [-6.400228025999953, 11.860560596000049], [-6.413310650999953, 11.84712409600005], [-6.414198025999953, 11.833166971000049], [-6.432610525999953, 11.807172596000049], [-6.439612525999953, 11.774559846000049], [-6.446074400999953, 11.77259859600005], [-6.466932525999953, 11.75288809600005], [-6.485608400999953, 11.709374346000049], [-6.479733900999953, 11.69477547100005], [-6.484300900999953, 11.68331834600005], [-6.483063900999953, 11.67201909600005], [-6.501061150999953, 11.643781346000049], [-6.524552275999953, 11.638523721000048], [-6.547257525999953, 11.637849471000049], [-6.552416400999953, 11.645802596000049], [-6.554612775999953, 11.652633221000048], [-6.541767775999953, 11.677049221000049], [-6.557757525999953, 11.69327534600005], [-6.552851525999953, 11.70630372100005], [-6.554542775999953, 11.71599872100005], [-6.546801525999953, 11.730816346000049], [-6.548767525999953, 11.738214596000049], [-6.564574275999953, 11.74975359600005], [-6.589014150999953, 11.758950221000049], [-6.596962900999953, 11.75839897100005], [-6.606678775999953, 11.76340422100005], [-6.626053400999953, 11.76639322100005], [-6.645833525999953, 11.77667997100005], [-6.655025150999953, 11.77361609600005], [-6.662289650999953, 11.787162221000049], [-6.668424025999953, 11.783586596000049], [-6.691382275999953, 11.78930922100005], [-6.709948150999953, 11.768435221000049], [-6.727975775999953, 11.78622184600005], [-6.841345525999953, 11.821890221000048], [-6.871343900999953, 11.85889572100005], [-6.897343400999953, 11.867895471000049], [-6.947343400999953, 11.85889559600005], [-6.949342400999953, 11.951902471000048], [-6.971974025999953, 11.97410959600005], [-7.015341025999954, 11.962903471000049], [-7.100635400999953, 11.960546471000049], [-7.098135025999953, 11.964262721000049], [-7.102606900999954, 11.96830784600005], [-7.111555275999953, 11.96936684600005], [-7.111530525999953, 11.980276846000049], [-7.092406525999953, 12.001466346000049], [-7.091768275999953, 12.01501984600005], [-7.106098525999953, 12.019346221000049], [-7.117240025999953, 12.03701147100005], [-7.122139900999954, 12.03751147100005], [-7.138452275999954, 12.02824272100005], [-7.153208775999953, 12.032389346000048], [-7.160816150999953, 12.03811334600005], [-7.164139025999953, 12.055213096000049], [-7.161739150999953, 12.062113846000049], [-7.152908775999953, 12.066163096000048], [-7.150195525999953, 12.071111846000049], [-7.126138275999953, 12.06822284600005], [-7.097728650999954, 12.08859047100005], [-7.088798150999954, 12.10872459600005], [-7.095498150999953, 12.11624934600005], [-7.102640400999953, 12.12031947100005], [-7.113111900999953, 12.11987559600005], [-7.128949775999953, 12.10917209600005], [-7.136938400999953, 12.11612559600005], [-7.140439650999953, 12.125019846000049], [-7.138639650999953, 12.131720596000049], [-7.130539900999953, 12.13912122100005], [-7.128011150999953, 12.13506109600005], [-7.107935525999953, 12.13953084600005], [-7.102059900999953, 12.153084221000048], [-7.090232650999953, 12.16244322100005], [-7.076881150999953, 12.165381221000048], [-7.071092650999953, 12.17090797100005], [-7.071893400999953, 12.18768772100005], [-7.076117275999954, 12.19667584600005], [-7.087440900999953, 12.20592772100005], [-7.111096025999953, 12.20555984600005], [-7.120087275999953, 12.21377347100005], [-7.117491900999953, 12.22480834600005], [-7.095160650999953, 12.252277471000049], [-7.088461400999953, 12.270762096000048], [-7.089594775999953, 12.27877372100005], [-7.098240775999953, 12.28493522100005], [-7.117355275999953, 12.28663622100005], [-7.128210525999953, 12.299855346000049], [-7.132372900999953, 12.313820721000049], [-7.121019400999953, 12.33294422100005], [-7.129788025999953, 12.357485221000049], [-7.143208400999953, 12.369178721000049], [-7.143999025999953, 12.38003447100005], [-7.128363775999953, 12.40817759700005], [-7.127316275999953, 12.42076672200005], [-7.122638150999953, 12.42853997200005], [-7.127313775999953, 12.439532222000048], [-7.124173650999953, 12.44828497200005], [-7.133794775999953, 12.44428072200005], [-7.137042525999953, 12.436875472000049], [-7.136316650999953, 12.42846234700005], [-7.147045900999953, 12.41629697200005], [-7.156230775999953, 12.41195147200005], [-7.161570525999953, 12.41679222200005], [-7.166724150999953, 12.41518797200005], [-7.171760400999953, 12.402657722000049], [-7.180949650999954, 12.398031847000048], [-7.184587275999953, 12.383799097000049], [-7.188877775999953, 12.38274209700005], [-7.191290025999953, 12.374093346000048], [-7.187387525999953, 12.36843247100005], [-7.193968775999953, 12.364518346000049], [-7.194691525999954, 12.354730221000048], [-7.211619025999953, 12.34917997100005], [-7.238347026999953, 12.352938846000049], [-7.253113151999953, 12.337747971000049], [-7.259916151999954, 12.34009059600005], [-7.260291401999953, 12.33421197100005], [-7.255832151999953, 12.32770109600005], [-7.272079651999953, 12.327382096000049], [-7.276115651999953, 12.32435984600005], [-7.278264901999953, 12.314303971000049], [-7.284295151999953, 12.311311096000049], [-7.287342276999953, 12.29846559600005], [-7.294934901999953, 12.28652784600005], [-7.289163276999953, 12.272708846000048], [-7.297291401999953, 12.26302009600005], [-7.296306901999953, 12.25291484600005], [-7.308186651999953, 12.258697596000049], [-7.319211276999953, 12.245967971000049], [-7.323532151999953, 12.224447721000049], [-7.333685276999953, 12.23132684600005], [-7.340337401999953, 12.22497847100005], [-7.356063401999953, 12.22156847100005], [-7.355033901999954, 12.21618322100005], [-7.371326776999953, 12.211199221000049], [-7.367705026999953, 12.205818471000049], [-7.369331526999953, 12.20171747100005], [-7.386772276999953, 12.20750472100005], [-7.401997401999953, 12.20128909600005], [-7.402360651999953, 12.194560596000048], [-7.411374026999953, 12.201423971000048], [-7.412595901999953, 12.19611522100005], [-7.418937401999953, 12.191443721000049], [-7.431179901999953, 12.192187471000048], [-7.430955651999954, 12.18825884600005], [-7.422209901999953, 12.18252047100005], [-7.427398901999953, 12.17867272100005], [-7.436019901999953, 12.17403484600005], [-7.445642026999953, 12.178384721000048], [-7.455963901999954, 12.17433309600005], [-7.458178151999953, 12.17857222100005], [-7.461666526999953, 12.17413809600005], [-7.460963401999953, 12.16431359600005], [-7.464145151999953, 12.16127672100005], [-7.480665901999953, 12.16180434600005], [-7.487012026999953, 12.15685197100005], [-7.492974901999953, 12.13983547100005], [-7.502040276999953, 12.14333647100005], [-7.508266526999953, 12.127725096000049], [-7.511968776999953, 12.12789272100005], [-7.519887276999953, 12.113427596000049], [-7.512505276999954, 12.11163409600005], [-7.518592901999953, 12.104994096000048], [-7.515536901999953, 12.09989959600005], [-7.518766526999953, 12.09377734600005], [-7.517161151999953, 12.08702134600005], [-7.526624401999953, 12.08323622100005], [-7.528999401999953, 12.077100721000049], [-7.516493026999953, 12.07494959600005], [-7.520910151999953, 12.06575872100005], [-7.518717526999954, 12.06011534600005], [-7.524171901999953, 12.05283122100005], [-7.520339026999953, 12.028998596000049], [-7.530100651999954, 12.024375471000049], [-7.527610026999954, 12.01956822100005], [-7.535368401999953, 12.015475971000049], [-7.535660901999953, 12.008886846000049], [-7.547513776999954, 12.004153971000049], [-7.547208026999953, 11.99436622100005], [-7.565886526999953, 11.98878909600005], [-7.571198276999954, 11.99192559600005], [-7.574372151999953, 11.981921846000049], [-7.584739026999953, 11.981264596000049], [-7.596026401999953, 11.972811846000049], [-7.588463526999953, 11.97338209600005], [-7.590160401999953, 11.964642846000048], [-7.595129901999953, 11.961103596000049], [-7.598895026999953, 11.962538846000049], [-7.604491901999953, 11.955596096000049], [-7.608533901999953, 11.95593684600005], [-7.610468276999954, 11.948182596000049], [-7.615045401999954, 11.945285971000049], [-7.619145276999953, 11.94980334600005], [-7.624329276999953, 11.942401846000049], [-7.631743651999953, 11.942541346000048], [-7.644494901999953, 11.94981247100005], [-7.655066276999953, 11.95088809600005], [-7.658863526999953, 11.947703471000048], [-7.662267526999953, 11.95045272100005], [-7.675634651999953, 11.950448096000049], [-7.676429526999954, 11.95437097100005], [-7.689078026999953, 11.95383759600005], [-7.723627151999954, 11.914298971000049], [-7.737126901999953, 11.91129872100005], [-7.746326651999953, 11.90479909600005], [-7.754626526999953, 11.90429797100005], [-7.862323151999953, 11.839891721000049], [-7.937165526999953, 11.78397122100005], [-7.968337901999953, 11.782181096000048], [-7.972851776999954, 11.769807846000049], [-8.035318401999954, 11.70387747100005], [-8.090770151999953, 11.683784471000049], [-8.174575401999954, 11.682432221000049], [-8.200283026999953, 11.70557734600005], [-8.215955901999953, 11.71060447100005], [-8.226045026999953, 11.701053846000049], [-8.228686026999954, 11.69067772100005], [-8.242322026999954, 11.683524221000049], [-8.333040152999953, 11.652521221000049], [-8.396619777999954, 11.654521346000049], [-8.456572277999953, 11.635275971000048], [-8.459374277999954, 11.63171047100005], [-8.451884777999954, 11.63338447100005], [-8.444758152999952, 11.62492234600005], [-8.442628527999954, 11.615545346000049], [-8.448907402999954, 11.617455721000049], [-8.460480777999953, 11.60492884600005], [-8.472916402999953, 11.598622346000049], [-8.474943777999954, 11.584149971000048], [-8.478275527999953, 11.584670471000049], [-8.480578277999953, 11.592065096000049], [-8.494035277999954, 11.59565434600005], [-8.500736402999953, 11.593633971000049], [-8.501539277999953, 11.58420872100005], [-8.508750652999954, 11.58355084600005], [-8.514115152999953, 11.576416096000049], [-8.503537027999954, 11.572266596000048], [-8.515325652999953, 11.56416672100005], [-8.514677527999954, 11.55628234600005], [-8.521005027999953, 11.553588846000048], [-8.512663277999954, 11.54843759600005], [-8.515219152999954, 11.544664471000049], [-8.509129402999953, 11.53391347100005], [-8.510976152999953, 11.529907596000049], [-8.515607652999954, 11.53293347100005], [-8.520302777999953, 11.52942534600005], [-8.512489527999954, 11.52174647100005], [-8.516057402999953, 11.511677221000049], [-8.524531402999953, 11.512225346000049], [-8.523845402999953, 11.507144096000049], [-8.516107902999954, 11.501507346000048], [-8.515833652999953, 11.493253596000049], [-8.521595027999954, 11.486271846000049], [-8.530494652999954, 11.488525721000048]]]}}, {"type": "Feature", "properties": {"name": "Tombouctou", "country": "MLI"}, "geometry": {"type": "Polygon", "coordinates": [[[-0.888484145999952, 19.03658397800005], [-1.124977145999952, 19.07418685300005], [-1.981868271999953, 19.76993547800005], [-2.056461396999953, 19.99866910400005], [-1.292479645999952, 20.38670647900005], [-0.237504644999952, 21.22978660500005], [-0.014338894999952, 21.906762105000052], [-1.150133145999952, 22.65884623100005], [-1.667925645999953, 22.994798981000052], [-3.258297272999953, 24.00785773200005], [-4.353621773999953, 24.68773610800005], [-4.833489648999953, 24.99951198300005], [-6.298901400999953, 24.99857410800005], [-6.572009150999953, 24.99597035800005], [-6.459132150999953, 23.99651048200005], [-6.341707900999953, 23.07269198100005], [-6.321150400999953, 22.849229356000052], [-6.208452525999953, 21.89251823000005], [-6.001711524999953, 20.06939085400005], [-5.995980024999953, 19.94871985400005], [-5.747553149999953, 17.78505322700005], [-5.669495274999953, 17.08051547600005], [-5.608452524999953, 16.49529372500005], [-5.333427024999953, 16.328793225000048], [-5.397682024999953, 16.01415597500005], [-5.399135149999953, 15.99648172500005], [-5.505982274999953, 15.50606509900005], [-5.517409649999953, 15.49985909900005], [-5.354033024999953, 15.55125597400005], [-5.294531774999953, 15.60326497400005], [-5.226302899999953, 15.67485597500005], [-5.163929899999953, 15.622956975000049], [-5.137039399999953, 15.59474772400005], [-5.123935649999953, 15.59147184900005], [-4.993725898999953, 15.604225100000049], [-4.988829898999953, 15.60008897400005], [-4.939493023999953, 15.59632397400005], [-4.933689023999953, 15.59100497400005], [-4.931754023999953, 15.59488697400005], [-4.918209773999953, 15.59394897400005], [-4.909987023999953, 15.59154409900005], [-4.910702023999953, 15.583119099000049], [-4.904654023999953, 15.58443310000005], [-4.896492148999953, 15.59365410000005], [-4.890092273999953, 15.59245397400005], [-4.884492398999953, 15.59825459900005], [-4.878792523999953, 15.59845459900005], [-4.878792398999953, 15.58925372400005], [-4.860892773999953, 15.59125397400005], [-4.847393148999953, 15.58625347400005], [-4.688396398999953, 15.57825309900005], [-4.536734648999952, 15.589076349000049], [-4.482783773999953, 15.60700110000005], [-4.455180398999953, 15.627241100000049], [-4.447562648999953, 15.64054135000005], [-4.443753773999953, 15.66989410000005], [-4.427090148999953, 15.69236635000005], [-4.411854398999953, 15.69741185000005], [-4.396142773999953, 15.69511860000005], [-4.377650148999953, 15.67922522500005], [-4.367389273999953, 15.65935135000005], [-4.350456648999953, 15.64975347500005], [-4.337177898999953, 15.65455185000005], [-4.328570148999953, 15.67732310000005], [-4.281303273999953, 15.727420975000049], [-4.230206273999952, 15.752022350000049], [-4.217124648999953, 15.76353247500005], [-4.213791773999953, 15.77705872500005], [-4.207125898999953, 15.779809975000049], [-4.197366148999953, 15.77660072500005], [-4.185939273999953, 15.77797585000005], [-4.166389773999953, 15.78664472500005], [-4.135407398999953, 15.80727572500005], [-4.054409148999953, 15.81727585000005], [-4.050833148999953, 15.803522600000049], [-4.026763648999953, 15.75384085000005], [-4.024107648999953, 15.73434610000005], [-4.002409023999952, 15.720941850000049], [-3.961690897999953, 15.70300822500005], [-3.948360022999953, 15.68879385000005], [-3.930227522999953, 15.68052810000005], [-3.913979772999953, 15.680527100000049], [-3.895289147999953, 15.669117100000049], [-3.891968147999953, 15.65120947500005], [-3.874377522999953, 15.61642110000005], [-3.835996272999953, 15.574901349000049], [-3.839091147999953, 15.56571947400005], [-3.851469897999953, 15.55148809900005], [-3.862750647999953, 15.54600747400005], [-3.873300272999953, 15.53007197400005], [-3.871564522999953, 15.51408809900005], [-3.863472022999953, 15.505630849000049], [-3.840971522999953, 15.50533597400005], [-3.830261522999953, 15.508928599000049], [-3.815198522999953, 15.50614709900005], [-3.804728772999953, 15.49570459900005], [-3.795258147999953, 15.492102474000049], [-3.787318397999953, 15.494472224000049], [-3.753415772999953, 15.48804622400005], [-3.744215897999953, 15.49354672400005], [-3.675517397999953, 15.49054659900005], [-3.658017772999953, 15.483546974000049], [-3.637331147999953, 15.50744522400005], [-3.597418147999953, 15.53625009900005], [-3.570731772999953, 15.57523784900005], [-3.561304022999953, 15.615782725000049], [-3.551012272999953, 15.63272035000005], [-3.537068522999953, 15.63783385000005], [-3.482421897999953, 15.73026972500005], [-3.424761022999953, 15.726819475000049], [-3.368416147999953, 15.69885497500005], [-3.356464397999953, 15.70173022500005], [-3.334124897999953, 15.72315235000005], [-3.307993522999953, 15.72025810000005], [-3.296704772999953, 15.72377247500005], [-3.304072647999953, 15.75753160000005], [-3.300828772999953, 15.77666747500005], [-3.323725397999953, 15.79057572500005], [-3.305062772999953, 15.827166225000049], [-3.278113397999953, 15.841012600000049], [-3.274129522999953, 15.853790850000049], [-3.296324022999953, 15.869465225000049], [-3.298943022999953, 15.88481472500005], [-3.294420147999953, 15.89518172500005], [-3.286325272999953, 15.89793097500005], [-3.275851522999953, 15.89563972500005], [-3.266328772999953, 15.88602085000005], [-3.260615772999953, 15.87136247500005], [-3.245588147999953, 15.85891035000005], [-3.222640522999953, 15.85703322500005], [-3.209601897999953, 15.860169600000049], [-3.191367272999953, 15.85746135000005], [-3.186772272999953, 15.85229885000005], [-3.192759147999953, 15.82174397500005], [-3.186628272999953, 15.81781760000005], [-3.105019897999953, 15.825696475000049], [-3.100592022999953, 15.83493135000005], [-3.098132147999953, 15.861680850000049], [-3.085340397999953, 15.863574100000049], [-3.073532647999953, 15.85694547500005], [-3.067628772999953, 15.83516547500005], [-3.054345022999953, 15.83303722500005], [-3.034938522999953, 15.86862472500005], [-3.019487772999953, 15.87998585000005], [-3.010181022999953, 15.89611335000005], [-2.988279522999953, 15.89244797500005], [-2.978757647999953, 15.86770872500005], [-2.959713022999953, 15.85396447500005], [-2.953754022999953, 15.824236600000049], [-2.921882647999952, 15.765374100000049], [-2.888682271999953, 15.73594335000005], [-2.850170896999953, 15.70907097500005], [-2.820954521999953, 15.66556385000005], [-2.838218896999953, 15.58110984900005], [-2.820954146999953, 15.51201034900005], [-2.727995896999952, 15.414759224000049], [-2.597438521999953, 15.36623684900005], [-2.532440771999953, 15.31923159900005], [-2.450442396999953, 15.30122997400005], [-2.308352271999953, 15.280400224000049], [-2.134386771999953, 15.27272297400005], [-2.012210396999953, 15.32774647400005], [-1.907300771999953, 15.39940547400005], [-1.817455645999952, 15.423242849000049], [-1.686457395999952, 15.42824359900005], [-1.502887020999953, 15.351619724000049], [-1.395951020999953, 15.288802974000049], [-1.305464770999953, 15.26022847400005], [-1.214466520999952, 15.17622059900005], [-1.160971270999952, 15.03471622400005], [-1.077305895999952, 14.99632772400005], [-0.975052020999952, 14.99888722400005], [-0.741958019999952, 15.06414984900005], [-0.716998269999952, 15.078486849000049], [-0.701392894999952, 15.07981897400005], [-0.739339269999952, 15.22078784900005], [-0.702153144999952, 15.294271974000049], [-0.707468269999952, 15.350016224000049], [-0.808393145999952, 15.36268522400005], [-0.856202270999952, 15.398160474000049], [-0.861514395999952, 15.458973224000049], [-0.756295644999952, 15.563142474000049], [-0.707445019999952, 15.68641722500005], [-0.692179644999952, 15.818496850000049], [-0.752620769999952, 15.95308247500005], [-0.869483645999952, 16.077243975000048], [-0.904010145999952, 16.19126872500005], [-0.757933519999952, 16.35597272500005], [-0.687480894999952, 16.735369726000048], [-0.710127769999952, 16.86021747600005], [-0.771165644999952, 16.90228322600005], [-1.096481020999952, 16.93015610100005], [-1.559447520999953, 16.96433022600005], [-1.604657770999953, 17.01197360100005], [-1.583018270999953, 17.04383472600005], [-1.609462895999953, 17.12240497600005], [-1.572047895999952, 17.18702510100005], [-1.488494770999953, 17.26173735100005], [-1.471254270999953, 17.33771547600005], [-1.497779020999952, 17.401029351000048], [-1.591943520999953, 17.59759260100005], [-1.523563645999952, 17.87863197700005], [-1.123738895999952, 17.89029810200005], [-0.944480020999952, 18.00048872700005], [-0.888484145999952, 19.03658397800005]]]}}, {"type": "Feature", "properties": {"name": "Boke", "country": "GIN"}, "geometry": {"type": "MultiPolygon", "coordinates": [[[[-13.771470068999975, 9.844448090000071], [-13.769942283999967, 9.848415375000059], [-13.783061980999946, 9.844584466000072], [-13.79042434799993, 9.837858201000074], [-13.787855148999938, 9.835578918000067], [-13.771470068999975, 9.844448090000071]]], [[[-13.732025146999945, 9.855197907000047], [-13.719228745999942, 9.862794877000056], [-13.72294807399993, 9.864145278000024], [-13.73263454499994, 9.858091354000067], [-13.732025146999945, 9.855197907000047]]], [[[-14.038882255999965, 10.108675958000049], [-14.05970001199995, 10.126425743000027], [-14.062944411999979, 10.12593746300007], [-14.07279682099994, 10.112509728000077], [-14.063852310999948, 10.099023819000024], [-14.05827999099995, 10.09861373900003], [-14.038882255999965, 10.108675958000049]]], [[[-14.578053474999933, 10.760408402000053], [-14.576331138999933, 10.772848129000067], [-14.58085823099998, 10.761758804000067], [-14.578053474999933, 10.760408402000053]]], [[[-14.873248100999945, 10.856413841000062], [-14.875234604999946, 10.866511345000049], [-14.87070941899998, 10.876915932000031], [-14.87339019899997, 10.886775971000077], [-14.87086200899995, 10.88933563300003], [-14.880745887999979, 10.898189546000026], [-14.885635376999971, 10.898361206000061], [-14.892550467999968, 10.894022943000039], [-14.896530151999968, 10.883238792000043], [-14.887304306999965, 10.877948762000074], [-14.88053703299994, 10.862537384000063], [-14.876270294999927, 10.856146813000066], [-14.873248100999945, 10.856413841000062]]], [[[-14.903405188999955, 10.811655998000049], [-14.89093494399998, 10.819167137000022], [-14.887634276999961, 10.834388733000026], [-14.881245613999965, 10.844586373000027], [-14.886671066999952, 10.850502015000075], [-14.885284424999952, 10.870071411000026], [-14.887613295999927, 10.874587060000067], [-14.89476871599993, 10.876537323000036], [-14.902012824999929, 10.886661530000026], [-14.886901855999952, 10.906626703000029], [-14.889368057999945, 10.917868615000032], [-14.896377563999977, 10.920084953000071], [-14.90646553099998, 10.908001900000045], [-14.914361953999958, 10.887893677000022], [-14.937087058999964, 10.86300563900005], [-14.930018425999947, 10.837557792000041], [-14.932980537999981, 10.832461358000046], [-14.923862457999974, 10.82889175400004], [-14.917646408999929, 10.815625192000027], [-14.911796570999968, 10.812934876000043], [-14.903405188999955, 10.811655998000049]]], [[[-14.85491752799993, 10.898496628000032], [-14.854658127999926, 10.915291786000068], [-14.86495399499995, 10.93863392000003], [-14.877345084999945, 10.943086624000046], [-14.885918617999948, 10.939993859000026], [-14.885489462999942, 10.924126625000042], [-14.876532554999926, 10.91503143400007], [-14.876861572999928, 10.903985977000048], [-14.87004756999994, 10.898777008000025], [-14.859831809999946, 10.900738717000024], [-14.85491752799993, 10.898496628000032]]], [[[-14.802824973999975, 10.940055847000053], [-14.802869796999971, 10.94373607600005], [-14.81536960699998, 10.938068389000023], [-14.810443877999944, 10.934906006000062], [-14.802824973999975, 10.940055847000053]]], [[[-14.897632599999952, 10.946063997000067], [-14.90059661999993, 10.959830285000066], [-14.912612915999944, 10.95278453800006], [-14.90905571099995, 10.947536469000056], [-14.897632599999952, 10.946063997000067]]], [[[-14.92306900099993, 10.895609857000068], [-14.904608726999982, 10.926888467000026], [-14.905353545999958, 10.930788994000068], [-14.924709320999966, 10.95217800100005], [-14.95432758499993, 10.975051880000024], [-14.96130943399993, 10.974966049000045], [-14.96941176699994, 10.967147695000051], [-14.985275938999962, 10.961581318000071], [-15.006149851999965, 10.948222014000066], [-15.017560923999952, 10.928739696000036], [-15.047418594999954, 10.919380189000037], [-15.062848090999978, 10.906764031000023], [-15.077990531999944, 10.890240670000026], [-15.082058906999976, 10.880987167000058], [-15.08625602799998, 10.863911629000029], [-15.084515572999976, 10.855422973000032], [-15.078563690999943, 10.845146181000075], [-15.021666525999933, 10.78145313300007], [-15.014638900999955, 10.777630806000047], [-14.982245445999979, 10.772971153000071], [-14.952934264999953, 10.772871017000057], [-14.941368102999945, 10.796474457000045], [-14.948698043999968, 10.805816651000043], [-14.956889152999963, 10.809627533000025], [-14.961291313999936, 10.808193207000045], [-14.96044158899997, 10.814643860000047], [-14.974436759999946, 10.817462921000072], [-14.978878021999947, 10.82448387100004], [-14.972022055999958, 10.835474968000028], [-14.964181899999971, 10.834380150000072], [-14.961899757999959, 10.837859155000046], [-14.96358966799994, 10.84266853400004], [-14.967788695999957, 10.843538284000033], [-14.965729712999973, 10.846323013000074], [-14.971823692999976, 10.860219002000065], [-14.971567153999956, 10.875153543000067], [-14.977767944999982, 10.883828163000032], [-14.976437567999938, 10.886863709000068], [-14.970434188999945, 10.886981012000035], [-14.962082863999967, 10.866879463000032], [-14.953166961999955, 10.861570358000051], [-14.92306900099993, 10.895609857000068]]], [[[-14.716769218999957, 11.004767418000029], [-14.705611228999942, 11.006273269000076], [-14.709663391999982, 11.01427936600004], [-14.714305877999948, 11.013076783000031], [-14.716769218999957, 11.004767418000029]]], [[[-14.901341438999964, 11.000997544000029], [-14.91444301599995, 11.024360657000045], [-14.930520335999972, 11.044838972000036], [-14.965976756999964, 10.97814450900006], [-14.957011222999938, 10.979819299000042], [-14.917758941999978, 10.954792978000057], [-14.900729179999928, 10.97041034800003], [-14.901341438999964, 11.000997544000029]]], [[[-12.561209, 12.365033], [-12.577050000999975, 12.38185], [-12.58437, 12.395380001000035], [-12.60595000099994, 12.40518], [-12.621740000999978, 12.426270001000034], [-12.63394, 12.431280001000061], [-12.67281000099996, 12.433400001000052], [-12.73763, 12.42941], [-12.75545, 12.435070001000042], [-12.7612, 12.45827], [-12.77183, 12.4709], [-12.78156, 12.47626], [-12.80015, 12.4728], [-12.83418, 12.486880001000031], [-12.841730000999974, 12.496270001000028], [-12.84181, 12.510540001000038], [-12.84559, 12.51558], [-12.868810000999929, 12.52304], [-12.88765, 12.54065], [-12.90523, 12.541940001000057], [-12.922530000999927, 12.53701], [-12.930910000999972, 12.53052], [-12.936470000999975, 12.5206], [-12.93955000099993, 12.487460001000045], [-12.94815000099993, 12.47706], [-12.96865, 12.461670001000073], [-13.01645, 12.477320001000066], [-13.05099, 12.47395], [-13.0606, 12.47781], [-13.07121000099994, 12.49132], [-13.072290000999942, 12.51524], [-13.07659, 12.529710001000069], [-13.065650000999938, 12.54196], [-13.050900000999945, 12.582060001000059], [-13.05673, 12.619290001000024], [-13.065430000999982, 12.625000001000046], [-13.073470000999976, 12.638990001000025], [-13.08003, 12.639180001000057], [-13.08794, 12.62994], [-13.09728, 12.625750001000029], [-13.110920000999954, 12.634410001000049], [-13.119120000999942, 12.63505], [-13.13415, 12.64233], [-13.13906, 12.64161000100006], [-13.145110000999978, 12.63491], [-13.15264, 12.63969], [-13.171840000999964, 12.63866], [-13.17956, 12.63655], [-13.184650000999966, 12.62778], [-13.18770000099994, 12.62776], [-13.197120000999973, 12.636900001000072], [-13.209100000999968, 12.6419], [-13.21335000099998, 12.64877], [-13.221550000999969, 12.64826], [-13.232970000999956, 12.63968], [-13.263010000999941, 12.64916], [-13.287860000999956, 12.65246], [-13.304660000999945, 12.64246], [-13.32409, 12.64172], [-13.33325, 12.64461], [-13.33854, 12.65480000100007], [-13.34631000099995, 12.64971], [-13.350900000999957, 12.659570001000077], [-13.461740000999953, 12.66506], [-13.57874, 12.67498], [-13.708273132999977, 12.676212773000032], [-13.711665742999969, 12.643772367000054], [-13.711111617999961, 12.59944236900003], [-13.67571165399994, 12.516168200000038], [-13.670423290999963, 12.513734143000022], [-13.66427088599994, 12.516187936000051], [-13.658416687999932, 12.512595073000057], [-13.631871744999955, 12.46035699500004], [-13.646027777999961, 12.42782488000006], [-13.655144993999954, 12.414364619000025], [-13.665391675999956, 12.406041174000052], [-13.670436073999952, 12.39550503700002], [-13.670274050999978, 12.382067948000042], [-13.655589748999944, 12.358188210000037], [-13.657431153999937, 12.352769125000066], [-13.665874021999969, 12.347562373000073], [-13.669861431999948, 12.340855267000052], [-13.665799294999943, 12.323126881000064], [-13.667129434999936, 12.31552625300003], [-13.698565686999927, 12.292914468000049], [-13.707658679999952, 12.26260054100004], [-13.71949, 12.24689], [-13.731728740999927, 12.248804285000062], [-13.74408434299994, 12.269895457000075], [-13.758566878999943, 12.277168347000043], [-13.764954373999956, 12.274828374000037], [-13.776274783999952, 12.251808097000037], [-13.800243698999964, 12.251934582000047], [-13.80694740599995, 12.260978263000027], [-13.805872282999928, 12.265215511000065], [-13.79391944699995, 12.274765132000027], [-13.79391944699995, 12.29019630700003], [-13.79891560599998, 12.297658924000075], [-13.823516946999973, 12.25781613600003], [-13.827943921999974, 12.261420960000066], [-13.831548745999953, 12.283619084000065], [-13.855960357999948, 12.28127911200005], [-13.864434854999956, 12.274891617000037], [-13.852418777999958, 12.262306355000021], [-13.85792087599998, 12.241436324000063], [-13.920657455999958, 12.233783980000055], [-13.92527415799998, 12.215380407000055], [-13.934760535999942, 12.202984872000059], [-13.956958659999941, 12.200644899000054], [-13.958223510999971, 12.18084999100006], [-13.948737133999941, 12.167505819000041], [-13.947282554999958, 12.154730830000062], [-13.934986325999944, 12.14288239700005], [-13.884581349999962, 12.132750744000077], [-13.880022104999966, 12.127431626000032], [-13.879515523999942, 12.112487436000038], [-13.872676655999953, 12.105141987000025], [-13.84557448399994, 12.092224128000055], [-13.81897889299995, 12.084118806000049], [-13.813406482999937, 12.075253609000072], [-13.807264338999971, 12.050116294000077], [-13.769567413999937, 12.028981324000029], [-13.714579674999982, 12.01616929000005], [-13.703043495999964, 12.006259686000021], [-13.707676042999935, 11.99832757200005], [-13.71388765599994, 11.970698453000068], [-13.716205186999957, 11.914264595000077], [-13.72171501799994, 11.888577892000058], [-13.714577978999955, 11.844703201000073], [-13.713400514999933, 11.790036894000025], [-13.719288996999978, 11.77932480000004], [-13.721476265999968, 11.760919158000036], [-13.713981234999949, 11.74440153200004], [-13.715551133999952, 11.706333480000069], [-13.741928109999947, 11.701603964000071], [-13.752607196999975, 11.693765903000042], [-13.759233696999956, 11.684203349000029], [-13.771845505999977, 11.683373361000065], [-13.777120666999963, 11.691386568000041], [-13.783568353999954, 11.686492817000044], [-13.799014731999932, 11.693621915000051], [-13.80020312399995, 11.706982503000063], [-13.792847030999951, 11.709832175000031], [-13.795604152999942, 11.716941365000025], [-13.801514814999962, 11.715089244000069], [-13.806886443999929, 11.707583063000072], [-13.82092806199995, 11.70430727300004], [-13.828029667999942, 11.717682164000053], [-13.832709630999943, 11.718220167000027], [-13.833583038999961, 11.72463982000005], [-13.823575074999951, 11.728909384000076], [-13.823972305999973, 11.734239605000027], [-13.841588785999932, 11.745163297000033], [-13.854681054999958, 11.745957267000051], [-13.863563376999934, 11.729052159000048], [-13.854698920999965, 11.719729262000044], [-13.849817497999936, 11.729378076000046], [-13.845436339999935, 11.722829067000077], [-13.847055589999968, 11.715553502000034], [-13.855881573999966, 11.703640375000077], [-13.85878626999994, 11.687161170000024], [-13.870905734999951, 11.667912608000051], [-13.86888582399996, 11.663991605000035], [-13.89851237299996, 11.664415057000042], [-13.92662771199997, 11.677586208000037], [-13.934986325999944, 11.671000632000073], [-13.945255568999926, 11.655998682000074], [-13.997308872999952, 11.643377327000053], [-14.01900453299993, 11.652306759000055], [-14.036660838999978, 11.654660394000075], [-14.04384852499993, 11.64893087200005], [-14.05974981099996, 11.646980067000072], [-14.083044103999953, 11.625540081000054], [-14.112007355999935, 11.635442693000073], [-14.12809097099995, 11.652490362000037], [-14.142532026999959, 11.659422583000037], [-14.179600511999979, 11.656980581000028], [-14.20676743599995, 11.672476349000021], [-14.223356598999942, 11.668125094000061], [-14.235322550999967, 11.67220439600004], [-14.243869833999952, 11.665261008000073], [-14.249358890999929, 11.66458037800004], [-14.265781339999933, 11.666493373000037], [-14.294788814999947, 11.64121416300003], [-14.323924992999935, 11.601523689000032], [-14.517338301999928, 11.493014254000059], [-14.624705530999961, 11.502260672000034], [-14.671427136999966, 11.491926440000043], [-14.701287628999978, 11.46212034000007], [-14.779773399999954, 11.35339334200006], [-14.841398057999982, 11.199386090000075], [-14.925612189999981, 11.053408749000027], [-14.903278350999926, 11.034573555000065], [-14.898909569999944, 11.037010193000071], [-14.894099235999931, 11.03390693700004], [-14.899318694999977, 11.025406838000038], [-14.890547751999975, 11.012859344000049], [-14.881169320999959, 10.969953537000038], [-14.873158454999952, 10.962229730000047], [-14.85919761699995, 10.962626457000056], [-14.823210716999938, 10.989504815000032], [-14.81214046599996, 10.991920471000071], [-14.798484802999951, 10.98542308900005], [-14.801192283999967, 10.978260994000038], [-14.794843673999935, 10.973044396000034], [-14.76904392299997, 10.976333619000059], [-14.756625174999954, 10.969575883000061], [-14.751042366999968, 10.969869613000071], [-14.723503112999936, 11.003310204000059], [-14.729946135999967, 11.013854982000055], [-14.727703093999935, 11.01915073500004], [-14.697134970999969, 11.03788471200005], [-14.685727118999978, 11.03801345900007], [-14.68339061699993, 11.042108536000057], [-14.671010017999947, 11.03900146500007], [-14.66982364699993, 11.031981470000062], [-14.65908813599998, 11.029800416000057], [-14.65758800499998, 11.020845413000075], [-14.664639472999966, 11.026517869000031], [-14.69161319899996, 11.023685457000056], [-14.693906785999957, 11.020668030000024], [-14.692161559999931, 11.01079654700004], [-14.698285103999979, 10.99692535500003], [-14.717517851999958, 10.989347458000054], [-14.74093341899993, 10.961474420000059], [-14.773491858999932, 10.959030152000025], [-14.785899162999954, 10.945544243000029], [-14.793562889999976, 10.944074632000024], [-14.805223465999973, 10.933257104000063], [-14.812791825999966, 10.933190345000071], [-14.81729698199996, 10.924688339000056], [-14.81555175799997, 10.885345460000053], [-14.804094315999976, 10.852629662000027], [-14.809088707999933, 10.823127748000047], [-14.807435036999948, 10.821076393000055], [-14.791913032999958, 10.826547624000057], [-14.777003288999936, 10.82488346100007], [-14.761412621999966, 10.847433090000038], [-14.754131317999963, 10.836192131000075], [-14.767842293999934, 10.776308060000076], [-14.778833388999942, 10.764133454000046], [-14.789066315999946, 10.764014246000045], [-14.789958000999945, 10.760784150000063], [-14.775099753999939, 10.724383355000043], [-14.762408257999937, 10.71325874300004], [-14.748177527999928, 10.689961434000054], [-14.741808890999948, 10.701994897000077], [-14.744128227999965, 10.721059799000045], [-14.736235617999967, 10.747120858000073], [-14.730832100999976, 10.748952867000071], [-14.713972091999949, 10.767178537000063], [-14.679739951999977, 10.783896446000028], [-14.672147750999954, 10.791112901000076], [-14.664504051999927, 10.80981636000007], [-14.656233787999952, 10.800231934000067], [-14.669404983999982, 10.775272370000039], [-14.693945884999948, 10.765335084000071], [-14.703863143999968, 10.758091926000077], [-14.712270736999926, 10.72142410300006], [-14.723169326999937, 10.698987962000047], [-14.703064918999928, 10.690015794000033], [-14.688346862999936, 10.69660854500006], [-14.68493175499998, 10.690450669000029], [-14.695646286999931, 10.67393398300004], [-14.700608252999928, 10.678772926000022], [-14.707112312999982, 10.67823886800005], [-14.71101665599997, 10.67405414600006], [-14.706498145999944, 10.634887696000021], [-14.70327472699995, 10.632538795000073], [-14.69532585099995, 10.63973522200007], [-14.690122603999953, 10.640175819000035], [-14.652683258999957, 10.67678070200003], [-14.636949538999943, 10.683626176000075], [-14.629098892999934, 10.708785058000046], [-14.609889029999977, 10.737681390000034], [-14.573373795999942, 10.804623605000074], [-14.560749054999974, 10.814650537000034], [-14.552947998999969, 10.82650280100006], [-14.541002272999947, 10.81716442000004], [-14.546528816999967, 10.812045097000066], [-14.574777602999973, 10.738132476000033], [-14.588770866999937, 10.720958710000048], [-14.600374220999981, 10.714764596000066], [-14.611522674999947, 10.698690415000044], [-14.617348670999945, 10.680809021000073], [-14.61473846499996, 10.673061372000063], [-14.616887092999946, 10.657626152000034], [-14.627397536999979, 10.62116909100007], [-14.623734474999935, 10.605798722000031], [-14.617374421999955, 10.598507881000046], [-14.595540046999929, 10.59989833800006], [-14.59384536899995, 10.593936920000033], [-14.62453460699993, 10.574048997000034], [-14.628394127999968, 10.565956116000052], [-14.63676357299994, 10.566091538000023], [-14.645966529999953, 10.557939530000056], [-14.650863646999937, 10.55926609200003], [-14.654650687999947, 10.565203667000048], [-14.65812301699998, 10.564015389000076], [-14.659815788999936, 10.549506188000066], [-14.652948379999941, 10.538542747000065], [-14.657941818999973, 10.528137208000032], [-14.662348748999932, 10.527397156000063], [-14.664360045999956, 10.520472526000049], [-14.668516158999978, 10.518128395000076], [-14.66257762999993, 10.486914636000051], [-14.667083739999953, 10.474674225000058], [-14.660693169999945, 10.464626314000043], [-14.653533935999974, 10.468385696000041], [-14.651533127999926, 10.476228715000047], [-14.623343467999973, 10.469641687000035], [-14.582470894999972, 10.471699715000057], [-14.574176787999932, 10.477999687000022], [-14.562789916999975, 10.498593330000062], [-14.545666694999966, 10.505857468000045], [-14.542149544999972, 10.494235038000056], [-14.548232077999955, 10.494186402000025], [-14.551980972999957, 10.48790073400005], [-14.554555892999929, 10.468782425000029], [-14.55190467999995, 10.439372063000064], [-14.55577945799996, 10.432660103000046], [-14.552132606999976, 10.418210031000058], [-14.535104752999928, 10.39102458900004], [-14.505584716999977, 10.368111612000064], [-14.485141755999962, 10.346479416000022], [-14.475086211999951, 10.340146064000066], [-14.46344757199995, 10.339283943000055], [-14.463552474999972, 10.32600784400006], [-14.456084251999982, 10.301018716000044], [-14.471147537999968, 10.255555153000046], [-14.463812828999949, 10.242753029000028], [-14.463626862999945, 10.225507736000054], [-14.456477164999967, 10.208334922000063], [-14.44905853299997, 10.209332466000035], [-14.429735182999934, 10.225630760000058], [-14.413475989999938, 10.224879265000027], [-14.40175056499993, 10.235578538000027], [-14.39177131699995, 10.235910416000024], [-14.368244171999947, 10.228330613000026], [-14.317090034999978, 10.197799682000039], [-14.28423023199997, 10.162019731000044], [-14.267653464999967, 10.152294159000064], [-14.26272869099995, 10.153208733000042], [-14.25337028499996, 10.141753197000071], [-14.249772071999928, 10.128092766000066], [-14.238041877999933, 10.115328789000046], [-14.218910216999973, 10.104935647000048], [-14.204284667999957, 10.104155542000058], [-14.18433284799994, 10.128261567000038], [-14.180010796999966, 10.11489391400005], [-14.18867778799995, 10.09809589400004], [-14.186223029999951, 10.084321977000059], [-14.17517471399998, 10.06970977900005], [-14.159514426999976, 10.057899475000056], [-14.137603759999934, 10.047067643000048], [-14.101939200999936, 10.053606033000051], [-14.078621863999956, 10.065776826000047], [-14.086965559999953, 10.076137542000026], [-14.084671019999973, 10.080267908000053], [-14.079434394999964, 10.078186035000044], [-14.077370643999927, 10.08073425300006], [-14.087111472999936, 10.104790688000037], [-14.086759566999945, 10.141356468000026], [-14.083845138999948, 10.152192115000048], [-14.07931900099993, 10.139815332000069], [-14.075616836999927, 10.140998840000066], [-14.073385237999958, 10.150856973000032], [-14.069630622999966, 10.146110535000048], [-14.061260224999955, 10.144348144000048], [-14.048113822999937, 10.153204919000075], [-14.041703224999935, 10.137625695000054], [-14.051795959999936, 10.124887468000054], [-14.049212454999974, 10.121460915000057], [-14.031004906999954, 10.116164209000033], [-14.03210925999997, 10.103908539000031], [-14.038002967999944, 10.088908196000034], [-14.064996719999954, 10.047734261000073], [-14.068098068999973, 10.032070160000046], [-14.03273868599996, 9.996287347000077], [-14.02744483899994, 10.00070381200004], [-14.01711273199993, 9.995645523000064], [-14.009927749999974, 9.987522126000044], [-13.98033046699993, 9.97191715300005], [-13.968750952999926, 9.973857880000025], [-13.960161209999967, 9.971457481000073], [-13.952116965999949, 9.955147744000044], [-13.878176689999975, 9.906112672000063], [-13.82665824999998, 9.846300125000027], [-13.821557045999953, 9.84611129800004], [-13.814317703999961, 9.839962959000047], [-13.801536559999931, 9.836158753000063], [-13.796682356999952, 9.837807656000052], [-13.787951469999939, 9.847074508000048], [-13.75323581799995, 9.85402012000003], [-13.734065056999953, 9.862679481000043], [-13.717707633999964, 9.875452042000063], [-13.70173, 9.906157], [-13.699305533999961, 9.922730447000049], [-13.692516325999975, 9.93955993700007], [-13.684244900999943, 9.938126703000023], [-13.67751, 9.956395], [-13.687215, 9.960356], [-13.692985, 9.957999], [-13.70075, 9.96428], [-13.72216, 9.97133], [-13.74038, 9.97332], [-13.80382, 10.00524], [-13.84239, 10.03197], [-13.9065, 10.10871], [-13.90637, 10.12414], [-13.87032, 10.1526], [-13.86328, 10.15048], [-13.83535, 10.1663], [-13.81486, 10.19955], [-13.80941, 10.22309], [-13.77097, 10.26286], [-13.76799, 10.278844], [-13.731188, 10.276664], [-13.719913, 10.270005], [-13.692853, 10.276664], [-13.672283, 10.289232], [-13.66524, 10.27895], [-13.65486, 10.2759], [-13.64236, 10.26299], [-13.62494, 10.25222], [-13.60898, 10.25049], [-13.58331, 10.25794], [-13.55738, 10.31008], [-13.55059, 10.33734], [-13.54142, 10.34705], [-13.522, 10.35835], [-13.50311, 10.38229], [-13.50324, 10.39307], [-13.49925, 10.39639], [-13.49899, 10.40304], [-13.519265, 10.427787], [-13.508549, 10.452537], [-13.497759, 10.452537], [-13.497191, 10.462584], [-13.485266, 10.478772], [-13.461984, 10.475981], [-13.441541, 10.495518], [-13.432455, 10.496635], [-13.416555, 10.491611], [-13.400655, 10.506124], [-13.38461, 10.56158], [-13.40323, 10.58406], [-13.40057, 10.59656], [-13.38607, 10.61491], [-13.37743, 10.61983], [-13.37211, 10.62755], [-13.37277, 10.6314], [-13.35708, 10.64484], [-13.35083, 10.66053], [-13.367012, 10.681807], [-13.383648, 10.685077], [-13.394295, 10.698155], [-13.401615, 10.697501], [-13.41559, 10.687692], [-13.42291, 10.687692], [-13.432226, 10.682461], [-13.443955, 10.683503], [-13.44619, 10.71852], [-13.43568, 10.73754], [-13.43648, 10.76148], [-13.44007, 10.77292], [-13.45191, 10.7785], [-13.46467, 10.7918], [-13.4688, 10.79978], [-13.466, 10.80164], [-13.47944, 10.8047], [-13.49207, 10.80337], [-13.51748, 10.79021], [-13.56802, 10.74086], [-13.59914, 10.71573], [-13.59967, 10.71147], [-13.65247, 10.66825], [-13.66817, 10.66612], [-13.67974, 10.68221], [-13.68426, 10.68314], [-13.68679, 10.68793], [-13.68373, 10.69471], [-13.69809, 10.7011], [-13.70806, 10.6975], [-13.71604, 10.7261], [-13.72243, 10.72996], [-13.75196, 10.7249], [-13.76366, 10.72956], [-13.78161, 10.75257], [-13.79491, 10.75563], [-13.80396, 10.74126], [-13.81566, 10.74113], [-13.82072, 10.73302], [-13.82803, 10.72943], [-13.84785, 10.73169], [-13.86168, 10.73927], [-13.867, 10.73607], [-13.87485, 10.72663], [-13.8787, 10.71586], [-13.88083, 10.68487], [-13.88602, 10.68154], [-13.89945, 10.68806], [-13.90358, 10.68593], [-13.90437, 10.68128], [-13.89892, 10.66997], [-13.9065, 10.66279], [-13.91887, 10.66559], [-13.95717, 10.70987], [-13.97101, 10.72078], [-13.97925, 10.72011], [-13.98072, 10.73568], [-13.97726, 10.73993], [-13.97167, 10.76427], [-13.93084, 10.82665], [-13.92765, 10.8462], [-13.9198, 10.86189], [-13.87498, 10.87825], [-13.85184, 10.8986], [-13.8118, 10.91124], [-13.77696, 10.93744], [-13.76898, 10.9534], [-13.77004, 10.96364], [-13.77377, 10.95792], [-13.76938, 10.97454], [-13.7727, 10.98186], [-13.81832, 11.03626], [-13.81646, 11.04942], [-13.80835, 11.05421], [-13.80063, 11.05315], [-13.79837, 11.08015], [-13.76273, 11.09358], [-13.74398, 11.11965], [-13.7457, 11.13534], [-13.74012, 11.1517], [-13.74677, 11.17684], [-13.75741, 11.19], [-13.78068, 11.19333], [-13.78853, 11.19812], [-13.77217, 11.21966], [-13.7735, 11.23389], [-13.78161, 11.23669], [-13.79318, 11.25198], [-13.79997, 11.24999], [-13.80821, 11.25743], [-13.81021, 11.26515], [-13.82856, 11.2706], [-13.83082, 11.28084], [-13.84186, 11.28802], [-13.84293, 11.29667], [-13.83242, 11.29122], [-13.81766, 11.29295], [-13.79611, 11.30851], [-13.75355, 11.32487], [-13.73865, 11.33444], [-13.70275, 11.33723], [-13.68572, 11.32753], [-13.63558, 11.33285], [-13.59754, 11.35679], [-13.57679, 11.38006], [-13.55605, 11.38299], [-13.52772, 11.38166], [-13.47997, 11.37394], [-13.46946, 11.3782], [-13.443, 11.37807], [-13.43621, 11.37314], [-13.42943, 11.35838], [-13.44991, 11.30625], [-13.44725, 11.29148], [-13.42996, 11.29135], [-13.41573, 11.2964], [-13.39379, 11.31409], [-13.36971, 11.32367], [-13.34817, 11.33737], [-13.32516, 11.33923], [-13.31399, 11.34694], [-13.28379, 11.34827], [-13.27568, 11.34521], [-13.2673, 11.32992], [-13.28286, 11.28922], [-13.28233, 11.27925], [-13.27209, 11.26382], [-13.26424, 11.22937], [-13.25906, 11.18229], [-13.233917, 11.143819], [-13.232541, 11.099563], [-13.215526, 11.05891], [-13.19735, 11.06472], [-13.220961, 11.132948], [-13.187464, 11.139395], [-13.135576, 11.164536], [-13.129008, 11.172916], [-13.118499, 11.178073], [-13.100765, 11.174205], [-13.064641, 11.187098], [-13.039682, 11.183875], [-13.022605, 11.189677], [-13.016694, 11.187098], [-13.01144, 11.190321], [-12.996361, 11.189523], [-12.975555, 11.215345], [-12.975988, 11.226476], [-12.989955, 11.253272], [-12.991064, 11.26676], [-12.956411, 11.292906], [-12.973397, 11.312549], [-12.984275, 11.332014], [-12.965491, 11.356972], [-12.930489, 11.384969], [-12.899522, 11.399242], [-12.90366, 11.401576], [-12.870933, 11.439337], [-12.852524, 11.444772], [-12.818959, 11.462377], [-12.796939, 11.466372], [-12.787843, 11.474362], [-12.78147, 11.488194], [-12.764246, 11.493804], [-12.75798, 11.509537], [-12.758344, 11.525743], [-12.753059, 11.531034], [-12.738711, 11.533988], [-12.703757, 11.566343], [-12.696966, 11.559263], [-12.694077, 11.563742], [-12.711164, 11.593946], [-12.707346, 11.595348], [-12.701189, 11.606551], [-12.701394, 11.616009], [-12.707889, 11.62372], [-12.721786, 11.611748], [-12.72534, 11.621135], [-12.732955, 11.621016], [-12.73367, 11.625467], [-12.741076, 11.624801], [-12.743967, 11.630791], [-12.750252, 11.62748], [-12.750203, 11.638603], [-12.763707, 11.641816], [-12.769942, 11.649773], [-12.770464, 11.663562], [-12.78226, 11.678295], [-12.783823, 11.686293], [-12.795907, 11.6818], [-12.809092, 11.686348], [-12.818563, 11.696146], [-12.819057, 11.706128], [-12.788834, 11.723267], [-12.787697, 11.739091], [-12.78153, 11.75444], [-12.7981, 11.77524], [-12.801385, 11.794471], [-12.7971, 11.813169], [-12.802463, 11.833427], [-12.783519, 11.840095], [-12.77111, 11.840436], [-12.760333, 11.863245], [-12.769294, 11.89699], [-12.809714, 11.938045], [-12.775425, 11.978204], [-12.78793, 11.989784], [-12.821689, 12.002922], [-12.829768, 12.056933], [-12.817775, 12.061724], [-12.819303, 12.077279], [-12.806763, 12.098125], [-12.80931, 12.112468], [-12.815884, 12.122643], [-12.812151, 12.132378], [-12.82676, 12.144254], [-12.7688, 12.22195], [-12.751214, 12.253917], [-12.694961, 12.28753], [-12.630777, 12.317556], [-12.607269, 12.33512], [-12.5647, 12.354554], [-12.561209, 12.365033]]]]}}, {"type": "Feature", "properties": {"name": "Faranah", "country": "GIN"}, "geometry": {"type": "Polygon", "coordinates": [[[-10.086779, 12.177659], [-10.09914, 12.17932], [-10.112950000999945, 12.17572], [-10.13141, 12.17811000100005], [-10.14897, 12.17268], [-10.167620000999932, 12.18427], [-10.18374, 12.187110001000065], [-10.19093000099997, 12.19888], [-10.195130000999939, 12.20074], [-10.22388, 12.202950001000033], [-10.24331000099994, 12.19936], [-10.24838, 12.21525], [-10.25375, 12.21528], [-10.26712, 12.20706], [-10.27645, 12.21285000100005], [-10.283000000999948, 12.212650001000043], [-10.28888, 12.2044], [-10.28565, 12.194730001000039], [-10.29362, 12.19085], [-10.29922, 12.19294], [-10.30939000099994, 12.21875], [-10.32014000099997, 12.22133], [-10.327400000999944, 12.21906], [-10.339323416999946, 12.225478732000056], [-10.34006, 12.21559], [-10.332150000999945, 12.20244], [-10.335010000999944, 12.187270001000059], [-10.351600000999952, 12.19309], [-10.358150000999956, 12.19219], [-10.360960000999967, 12.1899], [-10.36055, 12.175640001000033], [-10.37109000099997, 12.16763], [-10.396140000999935, 12.176370001000066], [-10.41072, 12.172580001000028], [-10.41445, 12.166850001000057], [-10.41403, 12.14108], [-10.4341, 12.13334], [-10.4564, 12.11653], [-10.49449, 12.122660001000042], [-10.503140000999963, 12.121770001000073], [-10.51650000099994, 12.11285], [-10.518630000999963, 12.10642000100006], [-10.50515, 12.08383], [-10.50704, 12.08038], [-10.52154, 12.076070001000062], [-10.52367, 12.06894], [-10.520310000999928, 12.04999], [-10.52294, 12.04124], [-10.53269, 12.031710001000022], [-10.55864, 12.02651], [-10.570950000999972, 12.02727], [-10.57828000099994, 12.021980001000031], [-10.579010000999972, 12.013930001000062], [-10.56364, 12.00053], [-10.56436, 11.99593], [-10.57278, 11.99366], [-10.57701, 11.986090001000036], [-10.588930000999937, 11.98544], [-10.59948000099996, 11.974200001000042], [-10.61278, 11.97678], [-10.62075, 11.96921], [-10.63019000099996, 11.93957], [-10.64027, 11.929480001000059], [-10.64009, 11.91315], [-10.642440000999954, 11.91016], [-10.65951, 11.90378], [-10.672220000999971, 11.89388], [-10.690210000999969, 11.893000001000075], [-10.69722, 11.89601], [-10.71703, 11.91560000100003], [-10.73549000099996, 11.91933], [-10.751330000999928, 11.94398], [-10.745450000999938, 11.96283], [-10.75637, 11.99378], [-10.777730000999952, 12.01095], [-10.79231, 12.02977], [-10.795090000999949, 12.0376], [-10.78898000099997, 12.04839000100003], [-10.78448, 12.07391], [-10.787430000999962, 12.10498], [-10.79023, 12.10936], [-10.796290000999932, 12.11352000100004], [-10.81522, 12.11586], [-10.829, 12.12142], [-10.8451, 12.13158], [-10.87683, 12.161110001000054], [-10.880290000999935, 12.179060001000039], [-10.89216000099998, 12.20393000100006], [-10.89918, 12.19912000100004], [-10.90292, 12.20097], [-10.9078, 12.212710001000062], [-10.918320000999927, 12.21434], [-10.9328, 12.223350001000028], [-10.94006, 12.21761], [-10.952920000999939, 12.22155], [-10.96718, 12.221120001000031], [-10.98568, 12.20874], [-11.015380000999926, 12.20557], [-11.023090000999957, 12.21111], [-11.03314, 12.21067], [-11.044820000999948, 12.22104], [-11.04833, 12.21713], [-11.055160000999933, 12.185170001000074], [-11.07278, 12.135290001000044], [-11.10437, 12.11855], [-11.10648, 12.11394], [-11.103920000999949, 12.10221000100006], [-11.10931, 12.09486], [-11.139460000999975, 12.093060001000026], [-11.144160000999932, 12.07881], [-11.138110000999973, 12.059480001000054], [-11.15215, 12.041320001000031], [-11.166594, 12.032625], [-11.154836, 12.010853], [-11.152783, 11.992103], [-11.155548, 11.955768], [-11.159923, 11.941589], [-11.152214, 11.932158], [-11.128498, 11.917316], [-11.123172, 11.920034], [-11.100883, 11.919845], [-11.082573, 11.896951], [-11.052836, 11.889461], [-11.047884, 11.883291], [-11.071722, 11.869091], [-11.076797, 11.855749], [-11.072569, 11.810992], [-11.074752, 11.785317], [-11.070336, 11.749882], [-11.089669, 11.706956], [-11.100833, 11.691768], [-11.121708, 11.694716], [-11.141488, 11.686568], [-11.164983, 11.654556], [-11.165243, 11.647159], [-11.149878, 11.638703], [-11.14416, 11.628473], [-11.166217, 11.603824], [-11.192336, 11.589475], [-11.208988, 11.585236], [-11.21332, 11.573958], [-11.213177, 11.562174], [-11.202912, 11.5518], [-11.196319, 11.537038], [-11.152024, 11.535892], [-11.13659, 11.530371], [-11.121052, 11.517595], [-11.119997, 11.505046], [-11.126966, 11.501425], [-11.123279, 11.478755], [-11.131426, 11.465994], [-11.143086, 11.46223], [-11.189919, 11.42407], [-11.212168, 11.423065], [-11.223752, 11.418863], [-11.239992, 11.406576], [-11.267742, 11.401403], [-11.289832, 11.367469], [-11.317879, 11.337118], [-11.336954, 11.30838], [-11.33679, 11.267492], [-11.320935, 11.227322], [-11.306745, 11.178142], [-11.279045, 11.141022], [-11.254607, 11.147399], [-11.231347, 11.118629], [-11.208031, 11.100461], [-11.137166, 11.074795], [-11.15547, 11.055242], [-11.278331, 10.989641], [-11.314717, 10.984164], [-11.350145, 10.971423], [-11.380541, 10.968629], [-11.417321, 10.983411], [-11.454077, 10.993466], [-11.508673, 10.94322], [-11.5258, 10.905738], [-11.524458, 10.876288], [-11.498424, 10.877968], [-11.457027, 10.850161], [-11.437417, 10.826632], [-11.448311, 10.794547], [-11.446132, 10.764601], [-11.461384, 10.732516], [-11.448311, 10.72396], [-11.458232, 10.702755], [-11.462111, 10.682072], [-11.479061, 10.665], [-11.478932, 10.637699], [-11.492074, 10.612541], [-11.507414, 10.607686], [-11.519142, 10.570681], [-11.515156, 10.559849], [-11.526832, 10.515712], [-11.527931, 10.492234], [-11.507014, 10.491986], [-11.488621, 10.485077], [-11.442444, 10.457434], [-11.398645, 10.451565], [-11.378827, 10.334705], [-11.376092, 10.285442], [-11.381208, 10.25911], [-11.391767, 10.239716], [-11.387933, 10.21066], [-11.395053, 10.181987], [-11.410196, 10.14299], [-11.430279, 10.111878], [-11.437963, 10.08338], [-11.470417, 10.054955], [-11.468743, 10.020226], [-11.477589, 9.999689], [-11.20675, 10.00043000100004], [-11.17497, 9.975811], [-11.167100000999937, 9.94477], [-11.16016, 9.89051], [-11.15437, 9.879233], [-11.14277, 9.86911], [-11.09734, 9.84792], [-11.06976, 9.828120001000059], [-11.03871000099997, 9.797740001000022], [-10.977360000999965, 9.71398], [-10.97089000099993, 9.69788], [-10.96791, 9.673740001000056], [-10.96282, 9.664074], [-10.954714026999966, 9.657859088000066], [-10.93293, 9.656444], [-10.92136, 9.649990001000049], [-10.9209, 9.641712], [-10.91489, 9.632967], [-10.91099, 9.60193], [-10.90405, 9.594332], [-10.89548, 9.593860001000053], [-10.87813, 9.57383], [-10.8594, 9.558166], [-10.85894000099995, 9.55265], [-10.87379, 9.537500001000069], [-10.85713, 9.5246], [-10.82749, 9.51788], [-10.82634, 9.5142], [-10.83052, 9.507310001000064], [-10.844430000999978, 9.5009], [-10.84837, 9.495400001000064], [-10.840770000999953, 9.47102], [-10.84889, 9.461610001000054], [-10.8489, 9.454710001000024], [-10.84336, 9.44275], [-10.82716, 9.43537], [-10.801970000999972, 9.414400001000047], [-10.80452, 9.40728], [-10.8124, 9.40132], [-10.81659, 9.39191], [-10.81474, 9.38661], [-10.80966000099994, 9.38086], [-10.80457, 9.38085], [-10.79923, 9.390720001000034], [-10.789730000999953, 9.39001], [-10.780020000999968, 9.38333], [-10.770070000999965, 9.3817], [-10.76011000099993, 9.38604], [-10.748310000999936, 9.38487], [-10.738380000999939, 9.37404], [-10.73098, 9.380190001000074], [-10.71111, 9.348470001000067], [-10.711600000999965, 9.33468], [-10.707440000999952, 9.33008], [-10.689410000999942, 9.32452], [-10.668840000999978, 9.309300001000054], [-10.663310000999957, 9.300550001000033], [-10.66148, 9.28997], [-10.67522, 9.25025000100004], [-10.674550000999943, 9.23945], [-10.66347, 9.22655], [-10.66374, 9.210006], [-10.66792, 9.20335], [-10.69523, 9.193997], [-10.70842, 9.19196], [-10.71304, 9.1984], [-10.71836, 9.197499], [-10.723479185999963, 9.18349223100006], [-10.714260000999957, 9.16348], [-10.71454, 9.143949], [-10.72613, 9.131107], [-10.726160000999926, 9.11663], [-10.733389726999974, 9.084249600000021], [-10.729930000999957, 9.07919], [-10.708200000999966, 9.075460001000067], [-10.66032, 9.08155000100004], [-10.633060000999933, 9.069530001000032], [-10.61296, 9.066714], [-10.599706, 9.058478], [-10.591662, 9.061749], [-10.574655, 9.050755], [-10.562766, 9.064424], [-10.499615, 9.070484], [-10.488657, 9.066228], [-10.4769, 9.070158], [-10.466852, 9.08093], [-10.454264, 9.109453], [-10.45334, 9.08925], [-10.438788, 9.072081], [-10.43469, 9.054637], [-10.436552, 9.044214], [-10.456391, 9.0276], [-10.468407, 9.008342], [-10.467601, 8.980597], [-10.454477, 8.980754], [-10.382423, 8.995781], [-10.343285, 9.013259], [-10.339339, 9.046346], [-10.334002, 9.061401], [-10.327131, 9.066914], [-10.311049, 9.066865], [-10.298806, 9.059925], [-10.285286, 9.038229], [-10.279524, 9.022056], [-10.282776, 9.01684], [-10.279751, 8.992801], [-10.283026, 8.975664], [-10.279289, 8.970743], [-10.278412, 8.959302], [-10.274585, 8.956093], [-10.263507, 8.956377], [-10.251437, 8.948282], [-10.23228, 8.950898], [-10.219757, 8.947964], [-10.210338, 8.920854], [-10.205468, 8.915922], [-10.187377, 8.915028], [-10.18581, 8.887217], [-10.179735, 8.88472], [-10.169534, 8.88704], [-10.155513, 8.898446], [-10.145929, 8.915629], [-10.135835, 8.918469], [-10.123987, 8.929155], [-10.117587, 8.928574], [-10.110012, 8.927062], [-10.106133, 8.919128], [-10.10935, 8.900926], [-10.108009, 8.882496], [-10.074833, 8.87082], [-10.059334, 8.882845], [-10.044687, 8.887321], [-10.028601, 8.896885], [-10.015895, 8.92891], [-10.016792, 8.945882], [-10.00952, 8.952074], [-10.000112, 8.951559], [-9.99486, 8.941949], [-10.001065, 8.899928], [-9.99545, 8.877007], [-9.995929, 8.850919], [-9.990076, 8.84203], [-9.9896, 8.817955], [-9.984677, 8.811808], [-9.972022, 8.808269], [-9.958191, 8.819499], [-9.952128, 8.809498], [-9.94135, 8.816599], [-9.937451, 8.814406], [-9.925501, 8.819553], [-9.904257, 8.830521], [-9.899878, 8.835722], [-9.898879, 8.844685], [-9.878879, 8.849269], [-9.873503, 8.84283], [-9.857437, 8.835372], [-9.831106, 8.843722], [-9.803546, 8.846477], [-9.796716, 8.867739], [-9.762154, 8.892923], [-9.740325, 8.880331], [-9.709401, 8.878532], [-9.693029, 8.889325], [-9.667562, 8.891124], [-9.613443, 8.874721], [-9.62014, 8.891243], [-9.654939, 8.936408], [-9.634011, 8.951747], [-9.62728, 8.97361], [-9.628814, 8.992269], [-9.640548, 9.010784], [-9.658547, 9.021904], [-9.697972, 9.030368], [-9.715658, 9.05515], [-9.719405, 9.065536], [-9.719063, 9.073735], [-9.706618, 9.081968], [-9.675747, 9.090891], [-9.665462, 9.097339], [-9.660585, 9.10397], [-9.66071, 9.115885], [-9.670935, 9.123067], [-9.71874, 9.134736], [-9.722595, 9.146616], [-9.720408, 9.164143], [-9.725069, 9.175986], [-9.746353, 9.197779], [-9.739653, 9.225399], [-9.709568, 9.237896], [-9.681066, 9.244161], [-9.660368, 9.241604], [-9.649629, 9.253117], [-9.648987, 9.283909], [-9.652036, 9.296627], [-9.646601, 9.307849], [-9.631456, 9.326393], [-9.604903, 9.341324], [-9.597887, 9.355607], [-9.606977, 9.379303], [-9.622718, 9.399673], [-9.626435, 9.426747], [-9.640428, 9.43936], [-9.651335, 9.458421], [-9.673453, 9.471763], [-9.735636, 9.495306], [-9.812027, 9.518689], [-9.829697, 9.526555], [-9.850937, 9.548338], [-9.871204, 9.558969], [-9.859305, 9.560577], [-9.869864, 9.578172], [-9.885334, 9.592559], [-9.871655, 9.612496], [-9.879618, 9.629509], [-9.894116, 9.629501], [-9.927814, 9.65482], [-9.975295, 9.668038], [-10.00478, 9.658432], [-10.025551, 9.644676], [-10.044165, 9.622799], [-10.066249, 9.610024], [-10.09392, 9.624313], [-10.099004, 9.634766], [-10.099509, 9.650505], [-10.107299, 9.671263], [-10.144857, 9.700256], [-10.160642, 9.699254], [-10.172107, 9.682624], [-10.179327, 9.653795], [-10.201153, 9.626147], [-10.216348, 9.615742], [-10.225797, 9.590115], [-10.241868, 9.57162], [-10.265478, 9.559889], [-10.281655, 9.546202], [-10.294868, 9.54363], [-10.325503, 9.547147], [-10.342741, 9.542492], [-10.369094, 9.547032], [-10.383373, 9.563364], [-10.404165, 9.569407], [-10.418876, 9.561766], [-10.421201, 9.583091], [-10.428198, 9.594909], [-10.425363, 9.612595], [-10.411667, 9.626779], [-10.403403, 9.654628], [-10.403166, 9.695696], [-10.409755, 9.698576], [-10.414239, 9.734135], [-10.404895, 9.757664], [-10.393401, 9.760512], [-10.387735, 9.774826], [-10.366805, 9.782994], [-10.368922, 9.805481], [-10.375118, 9.817268], [-10.372696, 9.852618], [-10.368863, 9.864414], [-10.350607, 9.864149], [-10.340385, 9.874089], [-10.341554, 9.881692], [-10.327657, 9.8949], [-10.334315, 9.91159], [-10.34604, 9.962825], [-10.359644, 9.986645], [-10.361583, 10.001992], [-10.349704, 10.020272], [-10.327377, 10.042767], [-10.320761, 10.058456], [-10.329524, 10.078449], [-10.323269, 10.100806], [-10.305139, 10.095111], [-10.285574, 10.110518], [-10.28037, 10.123638], [-10.265748, 10.125313], [-10.253231, 10.139305], [-10.259376, 10.147274], [-10.254984, 10.154582], [-10.228554, 10.158238], [-10.237341, 10.175491], [-10.220493, 10.179196], [-10.201884, 10.20617], [-10.236794, 10.255649], [-10.225697, 10.293213], [-10.235956, 10.288106], [-10.236491, 10.29286], [-10.22571, 10.303886], [-10.226878, 10.319384], [-10.241262, 10.327518], [-10.239447, 10.338562], [-10.221473, 10.337733], [-10.195795, 10.324578], [-10.179776, 10.327016], [-10.166919, 10.340936], [-10.169275, 10.352353], [-10.157058, 10.354117], [-10.153595, 10.36564], [-10.161434, 10.375256], [-10.151802, 10.390782], [-10.152938, 10.407434], [-10.145808, 10.401163], [-10.135085, 10.401839], [-10.125219, 10.414659], [-10.129367, 10.425451], [-10.145861, 10.421644], [-10.154123, 10.45203], [-10.150614, 10.461893], [-10.140076, 10.463432], [-10.123337, 10.453216], [-10.116941, 10.456064], [-10.118623, 10.48079], [-10.109886, 10.492738], [-10.139499, 10.498518], [-10.133125, 10.506488], [-10.132022, 10.513779], [-10.137974, 10.526723], [-10.138199, 10.536062], [-10.145419, 10.537064], [-10.153508, 10.495158], [-10.167257, 10.482565], [-10.175376, 10.488358], [-10.180024, 10.487934], [-10.180617, 10.473329], [-10.195246, 10.461526], [-10.18713, 10.448089], [-10.193559, 10.445022], [-10.214173, 10.48503], [-10.22591, 10.489142], [-10.237094, 10.484747], [-10.232228, 10.501363], [-10.2337, 10.510513], [-10.219405, 10.515465], [-10.212892, 10.524626], [-10.221037, 10.527606], [-10.237845, 10.519789], [-10.27751, 10.521096], [-10.292883, 10.527059], [-10.292522, 10.550606], [-10.295072, 10.555314], [-10.310446, 10.538883], [-10.332073, 10.528579], [-10.337253, 10.510051], [-10.354327, 10.512033], [-10.352082, 10.531481], [-10.37721, 10.539827], [-10.385791, 10.527908], [-10.401124, 10.547027], [-10.414233, 10.512075], [-10.4314, 10.515568], [-10.443691, 10.524135], [-10.467331, 10.531563], [-10.467524, 10.545494], [-10.447493, 10.556912], [-10.455165, 10.614541], [-10.461499, 10.641756], [-10.495061, 10.701253], [-10.511689, 10.760641], [-10.554046, 10.756337], [-10.586504, 10.740118], [-10.618356, 10.744605], [-10.668939, 10.735324], [-10.673228, 10.736987], [-10.694863, 10.765576], [-10.732803, 10.792615], [-10.747514, 10.799905], [-10.806734, 10.816934], [-10.832851, 10.830685], [-10.864787, 10.853049], [-10.897558, 10.864208], [-10.908789, 10.875836], [-10.906486, 10.883103], [-10.892172, 10.894022], [-10.877654, 10.895732], [-10.868727, 10.907297], [-10.856031, 10.909123], [-10.842765, 10.914768], [-10.83678, 10.921944], [-10.815442, 10.929912], [-10.817568, 10.933999], [-10.80984, 10.945749], [-10.798039, 10.955658], [-10.798968, 10.982488], [-10.794014, 10.987701], [-10.795371, 10.992257], [-10.791086, 10.999675], [-10.773311, 11.014308], [-10.746317, 11.030367], [-10.737254, 11.05058], [-10.71814, 11.058776], [-10.714482, 11.093105], [-10.725499, 11.129346], [-10.720635, 11.13326], [-10.720925, 11.144409], [-10.715937, 11.140283], [-10.703451, 11.154657], [-10.690035, 11.158725], [-10.68984, 11.163405], [-10.665143, 11.154693], [-10.666079, 11.173542], [-10.6593, 11.174793], [-10.663143, 11.183478], [-10.652792, 11.184317], [-10.633866, 11.179121], [-10.644987, 11.199209], [-10.626032, 11.191327], [-10.589711, 11.183721], [-10.568904, 11.183158], [-10.537279, 11.186371], [-10.512555, 11.197074], [-10.443231, 11.255601], [-10.468238, 11.274326], [-10.47628, 11.285492], [-10.475761, 11.29452], [-10.468367, 11.303205], [-10.445804, 11.310573], [-10.410721, 11.312785], [-10.380228, 11.322627], [-10.361006, 11.348068], [-10.352111, 11.35504], [-10.345026, 11.368221], [-10.3544, 11.381751], [-10.351618, 11.401659], [-10.345914, 11.407915], [-10.335841, 11.394531], [-10.329144, 11.401038], [-10.325213, 11.423773], [-10.321229, 11.430617], [-10.317323, 11.405024], [-10.322949, 11.390459], [-10.331524, 11.381564], [-10.333165, 11.373551], [-10.320381, 11.37035], [-10.300256, 11.379784], [-10.296724, 11.403029], [-10.294129, 11.410747], [-10.288983, 11.414102], [-10.266724, 11.395156], [-10.247214, 11.405715], [-10.243708, 11.411544], [-10.254809, 11.423738], [-10.248531, 11.42553], [-10.23314, 11.423041], [-10.22213, 11.416142], [-10.217568, 11.401067], [-10.203033, 11.404893], [-10.195039, 11.414224], [-10.189843, 11.384087], [-10.182188, 11.38199], [-10.155239, 11.391025], [-10.152486, 11.382922], [-10.16911, 11.361437], [-10.164782, 11.35304], [-10.152217, 11.350737], [-10.127067, 11.350563], [-10.124081, 11.35436], [-10.135643, 11.368777], [-10.12103, 11.390739], [-10.103262, 11.378547], [-10.085243, 11.382208], [-10.063362, 11.3967], [-10.068961, 11.374409], [-10.081973, 11.358789], [-10.077703, 11.354308], [-10.057274, 11.364271], [-10.050072, 11.375668], [-10.048582, 11.397034], [-10.030967, 11.407949], [-10.029092, 11.417158], [-10.023209, 11.420398], [-10.019793, 11.413595], [-10.004753, 11.406959], [-10.010794, 11.436605], [-10.009626, 11.462862], [-10.020935, 11.468138], [-10.031232, 11.478379], [-10.04856, 11.483029], [-10.055494, 11.491041], [-10.079288, 11.493574], [-10.109988, 11.502704], [-10.13039, 11.500936], [-10.139891, 11.509393], [-10.146734, 11.522302], [-10.17218, 11.53463], [-10.193201, 11.534242], [-10.2219, 11.540954], [-10.239319, 11.57146], [-10.265526, 11.588353], [-10.265643, 11.605987], [-10.260308, 11.619936], [-10.257658, 11.681533], [-10.253265, 11.688229], [-10.243769, 11.695088], [-10.238819, 11.693982], [-10.228137, 11.703812], [-10.226624, 11.715451], [-10.231825, 11.728496], [-10.22301, 11.739203], [-10.219256, 11.751379], [-10.224516, 11.758511], [-10.244966, 11.758185], [-10.246227, 11.774698], [-10.211035, 11.817564], [-10.211823, 11.842237], [-10.198198, 11.851731], [-10.182375, 11.869051], [-10.18401, 11.882915], [-10.193026, 11.907222], [-10.168027, 11.920922], [-10.159502, 11.932193], [-10.175815, 11.9559], [-10.193634, 12.017086], [-10.190793, 12.02981], [-10.209776, 12.054043], [-10.221271, 12.07618], [-10.210949, 12.096915], [-10.191436, 12.114068], [-10.112351, 12.152322], [-10.086779, 12.177659]]]}}, {"type": "Feature", "properties": {"name": "Kankan", "country": "GIN"}, "geometry": {"type": "Polygon", "coordinates": [[[-9.613443, 8.874721], [-9.565061, 8.867669], [-9.536865, 8.868568], [-9.482293, 8.877559], [-9.433179, 8.894641], [-9.402254, 8.896439], [-9.374059, 8.877626], [-9.346773, 8.867669], [-9.321306, 8.850644], [-9.304025, 8.829909], [-9.25491, 8.784957], [-9.223076, 8.780491], [-9.213071, 8.769673], [-9.17578, 8.764279], [-9.163047, 8.7661], [-9.13758, 8.780491], [-9.095741, 8.787654], [-9.064817, 8.798479], [-9.041169, 8.793082], [-9.010245, 8.793082], [-8.949018, 8.772633], [-8.937698, 8.776788], [-8.884337, 8.812312], [-8.841395, 8.846946], [-8.830797, 8.859161], [-8.815758, 8.888093], [-8.795011, 8.914223], [-8.718796, 8.942068], [-8.699784, 8.961019], [-8.702632, 8.986367], [-8.723121, 9.014424], [-8.7289, 9.041519], [-8.727099, 9.067683], [-8.715391, 9.113894], [-8.709053, 9.13793], [-8.693579, 9.162068], [-8.663333, 9.187278], [-8.662573, 9.219529], [-8.644527, 9.245836], [-8.638777, 9.288745], [-8.623387, 9.304491], [-8.620444, 9.337312], [-8.621932, 9.379779], [-8.631351, 9.421031], [-8.634515, 9.463335], [-8.621874, 9.477815], [-8.619746, 9.497952], [-8.616615, 9.502604], [-8.604907, 9.46108], [-8.590835, 9.456621], [-8.58395, 9.435055], [-8.577566, 9.441478], [-8.557861, 9.445757], [-8.554029, 9.477968], [-8.541859, 9.485106], [-8.534164, 9.47357], [-8.513122, 9.49743], [-8.49681, 9.491213], [-8.484848, 9.512581], [-8.49469, 9.53517], [-8.483555, 9.544328], [-8.461775, 9.541941], [-8.438908, 9.532558], [-8.392008, 9.567061], [-8.352451, 9.581116], [-8.237157, 9.587204], [-8.14727, 9.583955], [-8.152930000999959, 9.58911], [-8.143600643999946, 9.61290923000007], [-8.151790000999938, 9.62542], [-8.146223, 9.625584], [-8.133579766999958, 9.636692940000046], [-8.13276, 9.64703], [-8.1278, 9.654780001000063], [-8.129999, 9.663778], [-8.136683, 9.666619], [-8.129450000999952, 9.67113], [-8.13639, 9.690520001000039], [-8.131613, 9.701962], [-8.12512, 9.702342], [-8.123190411999929, 9.708528209000065], [-8.127101, 9.729496], [-8.12425000099995, 9.735440001000029], [-8.129502, 9.741481], [-8.123564244999955, 9.753133519000073], [-8.12976, 9.75827], [-8.127865, 9.761463], [-8.113455, 9.764734], [-8.120694, 9.779078], [-8.12055, 9.791030001000024], [-8.109599441999933, 9.795265442000073], [-8.10934, 9.79779], [-8.11873000099996, 9.806880001000025], [-8.116117, 9.811671], [-8.106199683999932, 9.807871028000022], [-8.101484299999981, 9.832640281000067], [-8.106849, 9.832987], [-8.112999, 9.838764], [-8.108741, 9.845609], [-8.10769000099998, 9.85571], [-8.113339, 9.867279], [-8.13793, 9.86597], [-8.14345, 9.869720001000076], [-8.140703, 9.885551], [-8.128689227999928, 9.882412922000071], [-8.12452000099995, 9.90099], [-8.135073, 9.909625], [-8.13335230599995, 9.917419848000065], [-8.14217, 9.91684], [-8.152940000999934, 9.90915], [-8.16078, 9.912239], [-8.165472, 9.926783], [-8.163097, 9.931353], [-8.152360000999977, 9.937200001000065], [-8.166844, 9.947264], [-8.164010000999951, 9.951140001000056], [-8.14826, 9.94876], [-8.130088, 9.956472], [-8.12061, 9.95429], [-8.117781, 9.9577], [-8.117384, 9.971032], [-8.121493334999968, 9.976140173000033], [-8.12729, 9.97644], [-8.13852, 9.968530001000033], [-8.15027, 9.974885], [-8.151834, 9.979733], [-8.14781, 9.986353], [-8.1373, 9.992203], [-8.13143, 10.013850001000037], [-8.106680000999972, 10.04690000100004], [-8.098949, 10.05302], [-8.045101, 10.0733], [-8.016502, 10.0971], [-7.978140000999929, 10.179650001000027], [-7.957450000999927, 10.20079], [-7.952461, 10.20992], [-7.950551, 10.23336], [-7.94721, 10.24113], [-7.960951, 10.29489], [-7.968623, 10.31361], [-7.995272, 10.33831], [-8.006831, 10.34305], [-8.051110000999927, 10.35117], [-8.080821, 10.35336], [-8.091685, 10.35809], [-8.114284, 10.39285], [-8.120452, 10.42213], [-8.127637309999955, 10.424049282000055], [-8.14068, 10.42122], [-8.16392, 10.40101], [-8.173230000999979, 10.399050001000035], [-8.202023, 10.40122], [-8.225393, 10.41], [-8.2316, 10.41628], [-8.240630000999943, 10.44029000100005], [-8.244763, 10.46541], [-8.261840000999939, 10.47687], [-8.26407, 10.485170001000029], [-8.26227, 10.50079], [-8.27376, 10.51288], [-8.2767, 10.52073000100006], [-8.27328, 10.57773], [-8.27805, 10.5879], [-8.28502, 10.58844], [-8.289154, 10.59309], [-8.290303, 10.61564], [-8.301474, 10.63623], [-8.296480000999964, 10.689080001000036], [-8.306882, 10.71634], [-8.29557, 10.75094], [-8.29784674299998, 10.75556947800004], [-8.325521, 10.75679], [-8.328957, 10.76189], [-8.3267, 10.77682], [-8.30752, 10.80743], [-8.30620000099998, 10.821900001000074], [-8.300063, 10.82966], [-8.28207, 10.836590001000047], [-8.275601, 10.85308], [-8.281644, 10.89639], [-8.278995, 10.92557], [-8.291300000999968, 10.971480001000032], [-8.287, 10.98155], [-8.28708, 10.99513], [-8.293230000999927, 11.00784], [-8.323532, 11.0482], [-8.347776, 11.06802], [-8.381930393999937, 11.07597964200005], [-8.38993, 11.068700001000025], [-8.405605, 11.0622], [-8.425534, 11.07207], [-8.446017882999968, 11.073669835000032], [-8.472857, 11.06865], [-8.482444, 11.06507], [-8.50305, 11.03147], [-8.513667, 10.99501], [-8.515060000999938, 10.972020001000033], [-8.535977854999942, 10.97636955400003], [-8.590489, 10.95024], [-8.61138, 10.95787000100006], [-8.622458758999926, 10.965319510000029], [-8.661032, 10.94916], [-8.671962, 10.95019], [-8.677261, 10.95531], [-8.680631, 10.96707], [-8.677723, 10.97808], [-8.681372, 11.0078], [-8.65037, 11.0337], [-8.645162, 11.06378], [-8.620676, 11.08906], [-8.625123, 11.10889], [-8.622450000999947, 11.119900001000076], [-8.611413, 11.12784], [-8.581160000999944, 11.12591], [-8.57099, 11.13983], [-8.564303, 11.15494], [-8.573290000999975, 11.185870001000069], [-8.56633, 11.20465], [-8.552502, 11.2121], [-8.529923568999948, 11.210010329000056], [-8.517710000999955, 11.219310001000053], [-8.497702836999963, 11.216110652000054], [-8.48646, 11.22196000100007], [-8.484736, 11.22999], [-8.491642, 11.23766], [-8.499286, 11.26282], [-8.4933, 11.27748], [-8.47919, 11.288830001000065], [-8.467066, 11.28915], [-8.422298, 11.27048], [-8.39385, 11.272230001000025], [-8.376987, 11.27917], [-8.37199, 11.28855], [-8.365088536999963, 11.320901311000057], [-8.369471810999926, 11.324639839000042], [-8.40167, 11.32178], [-8.418155, 11.32749], [-8.421792, 11.33558], [-8.415994, 11.35346], [-8.41079, 11.36007], [-8.39745, 11.36498], [-8.37589, 11.36748], [-8.381552, 11.37525], [-8.396867358999941, 11.382309244000055], [-8.411830000999942, 11.37856], [-8.423494, 11.37845], [-8.437429427999973, 11.383889877000058], [-8.456344, 11.38156], [-8.502104, 11.39928], [-8.508901, 11.41891], [-8.52674, 11.43128], [-8.52689000099997, 11.43934], [-8.517752, 11.44315], [-8.525520000999961, 11.45956], [-8.52565, 11.46969], [-8.53536, 11.47783000100003], [-8.54455, 11.46896], [-8.565670000999944, 11.45898], [-8.571878, 11.4458], [-8.576336, 11.44332], [-8.581700000999945, 11.44338], [-8.596014, 11.45664], [-8.61263, 11.452760001000058], [-8.654133, 11.49926], [-8.65774, 11.51241], [-8.66534, 11.52283], [-8.673101, 11.565], [-8.685652, 11.57042], [-8.688864, 11.5762], [-8.690624, 11.58749], [-8.682335, 11.62467], [-8.685074, 11.63114], [-8.691570000999945, 11.63557], [-8.702070000999981, 11.63613], [-8.71963, 11.62963], [-8.733699048999938, 11.630279957000027], [-8.760128, 11.6068], [-8.77343, 11.61794], [-8.785295, 11.62173], [-8.791590372999963, 11.622249701000044], [-8.797732, 11.61449], [-8.82214, 11.62621], [-8.854325, 11.62834], [-8.822245, 11.7693], [-8.794912, 11.92387], [-8.797850000999972, 11.93516], [-8.80135, 11.93589], [-8.80173, 11.945550001000072], [-8.814425, 11.96246], [-8.816203, 11.9726], [-8.80539, 12.00517], [-8.83101, 12.03094], [-8.832333, 12.039], [-8.842180000999974, 12.036110001000054], [-8.855900607999956, 12.041989510000064], [-8.871512, 12.02328], [-8.87525, 12.024], [-8.88309, 12.034430001000032], [-8.896120702999951, 12.040079872000035], [-8.906890000999965, 12.03811], [-8.90663, 12.041090001000043], [-8.912936, 12.04115], [-8.919301, 12.05985], [-8.9162, 12.066720001000022], [-8.914992, 12.09501], [-8.90704, 12.09585], [-8.903249, 12.10088], [-8.89668, 12.151890001000027], [-8.905035, 12.15818], [-8.90283, 12.16874], [-8.910035, 12.17317], [-8.914129826999954, 12.185409481000022], [-8.92209, 12.18433], [-8.924632, 12.18711], [-8.922444, 12.19584], [-8.924521503999927, 12.198619336000036], [-8.930627, 12.19591], [-8.936441270999978, 12.19895856900007], [-8.94101, 12.18566], [-8.95267086299998, 12.189219922000063], [-8.958549, 12.18582], [-8.964601160999962, 12.188409215000036], [-8.97331, 12.18251], [-8.978591, 12.19291], [-8.977971, 12.21181], [-8.992901, 12.22144], [-8.99382, 12.25136], [-8.987021, 12.28074], [-8.981333, 12.28943], [-8.967434, 12.30036], [-8.957666, 12.32075], [-8.9689, 12.34845], [-9.00867, 12.384100001000036], [-9.025, 12.41287], [-9.03428, 12.423070001000042], [-9.04571, 12.42845], [-9.085885, 12.43913], [-9.10383, 12.449400001000072], [-9.112330000999975, 12.458420001000036], [-9.13588, 12.46897], [-9.15446, 12.48408], [-9.201263, 12.48655], [-9.225522496999929, 12.496639732000062], [-9.235364, 12.49558], [-9.25332934599993, 12.502629886000022], [-9.274455, 12.49567], [-9.28416, 12.481940001000055], [-9.294211, 12.48432], [-9.31258, 12.49942], [-9.319590079999955, 12.500629497000034], [-9.325356, 12.48273], [-9.335703, 12.47683], [-9.338946, 12.481], [-9.339552521999963, 12.49296057600003], [-9.34893, 12.49166000100007], [-9.36200039399995, 12.495669201000055], [-9.36967, 12.47342], [-9.385128, 12.47216], [-9.39173, 12.46577], [-9.404638, 12.4615], [-9.4036, 12.44447000100007], [-9.399629621999964, 12.44375029400004], [-9.39233, 12.449440001000028], [-9.384387, 12.44731], [-9.376590000999954, 12.426090001000034], [-9.369878, 12.41752], [-9.357688, 12.42019], [-9.355876, 12.41258], [-9.358276, 12.40501], [-9.347988, 12.40401], [-9.34077, 12.39912], [-9.33416000099993, 12.376990001000024], [-9.324390000999927, 12.369780001000038], [-9.312466, 12.36945], [-9.29758, 12.35852], [-9.29691, 12.3546], [-9.307020000999955, 12.34825], [-9.30408, 12.335570001000065], [-9.30863, 12.32318], [-9.312878, 12.31862], [-9.3166, 12.32118], [-9.322485, 12.31662], [-9.319798, 12.27289], [-9.32993000099998, 12.26308], [-9.34186, 12.26294000100006], [-9.344518495999978, 12.25215610400005], [-9.34039, 12.24292], [-9.353922, 12.24648], [-9.36563, 12.244960001000038], [-9.387331, 12.25088], [-9.39127863699997, 12.254818640000053], [-9.40558, 12.250330001000066], [-9.414621145999945, 12.260289754000041], [-9.441588, 12.25106], [-9.47928, 12.245819993000055], [-9.490555, 12.23946], [-9.50522, 12.21679], [-9.529168, 12.20386], [-9.541409, 12.19268], [-9.546780361999936, 12.19339978100004], [-9.553123, 12.18954], [-9.569479200999979, 12.191039927000077], [-9.6304, 12.17282], [-9.66405, 12.14085], [-9.677720000999955, 12.12369], [-9.680815, 12.11635], [-9.68046, 12.09955], [-9.67569, 12.07882], [-9.67974, 12.06665], [-9.695935960999975, 12.057553922000068], [-9.699758, 12.02382], [-9.76963, 12.03188], [-9.790622, 12.04051], [-9.809940000999973, 12.05672], [-9.816010000999938, 12.05767], [-9.82539000099996, 12.05289], [-9.863691070999948, 12.058859700000028], [-9.876600000999929, 12.055240001000072], [-9.882901, 12.05712], [-9.90823, 12.08165], [-9.914441, 12.09848], [-9.919801943999971, 12.100819540000032], [-9.941794, 12.09749], [-9.952969202999952, 12.106069389000027], [-9.970773, 12.09835], [-9.983063, 12.1138], [-10.0017, 12.12819], [-10.02437, 12.12878], [-10.03926, 12.14174], [-10.05282, 12.14043], [-10.05932, 12.14967], [-10.06335, 12.13865], [-10.06709, 12.13913], [-10.07243, 12.14652], [-10.07663, 12.14723], [-10.08165, 12.17164], [-10.086779, 12.177659], [-10.112351, 12.152322], [-10.165961, 12.128603], [-10.191436, 12.114068], [-10.210949, 12.096915], [-10.221271, 12.07618], [-10.209776, 12.054043], [-10.190793, 12.02981], [-10.193634, 12.017086], [-10.175815, 11.9559], [-10.159502, 11.932193], [-10.168027, 11.920922], [-10.193026, 11.907222], [-10.18401, 11.882915], [-10.182375, 11.869051], [-10.198198, 11.851731], [-10.211823, 11.842237], [-10.211035, 11.817564], [-10.246227, 11.774698], [-10.244966, 11.758185], [-10.224516, 11.758511], [-10.219256, 11.751379], [-10.22301, 11.739203], [-10.231825, 11.728496], [-10.226624, 11.715451], [-10.228137, 11.703812], [-10.238819, 11.693982], [-10.243769, 11.695088], [-10.253265, 11.688229], [-10.257658, 11.681533], [-10.260308, 11.619936], [-10.265643, 11.605987], [-10.265526, 11.588353], [-10.239319, 11.57146], [-10.2219, 11.540954], [-10.193201, 11.534242], [-10.17218, 11.53463], [-10.146734, 11.522302], [-10.139891, 11.509393], [-10.13039, 11.500936], [-10.109988, 11.502704], [-10.079288, 11.493574], [-10.055494, 11.491041], [-10.04856, 11.483029], [-10.031232, 11.478379], [-10.020935, 11.468138], [-10.009626, 11.462862], [-10.010794, 11.436605], [-10.004753, 11.406959], [-10.019793, 11.413595], [-10.023209, 11.420398], [-10.029092, 11.417158], [-10.030967, 11.407949], [-10.048582, 11.397034], [-10.050072, 11.375668], [-10.057274, 11.364271], [-10.077703, 11.354308], [-10.081973, 11.358789], [-10.068961, 11.374409], [-10.063362, 11.3967], [-10.085243, 11.382208], [-10.103262, 11.378547], [-10.12103, 11.390739], [-10.135643, 11.368777], [-10.124081, 11.35436], [-10.127067, 11.350563], [-10.152217, 11.350737], [-10.164782, 11.35304], [-10.16911, 11.361437], [-10.152486, 11.382922], [-10.155239, 11.391025], [-10.182188, 11.38199], [-10.189843, 11.384087], [-10.195039, 11.414224], [-10.203033, 11.404893], [-10.217568, 11.401067], [-10.22213, 11.416142], [-10.23314, 11.423041], [-10.248531, 11.42553], [-10.254809, 11.423738], [-10.243708, 11.411544], [-10.247214, 11.405715], [-10.266724, 11.395156], [-10.288983, 11.414102], [-10.294129, 11.410747], [-10.296724, 11.403029], [-10.300256, 11.379784], [-10.320381, 11.37035], [-10.333165, 11.373551], [-10.331524, 11.381564], [-10.322949, 11.390459], [-10.317323, 11.405024], [-10.321229, 11.430617], [-10.325213, 11.423773], [-10.329144, 11.401038], [-10.335841, 11.394531], [-10.345914, 11.407915], [-10.351618, 11.401659], [-10.3544, 11.381751], [-10.345026, 11.368221], [-10.352111, 11.35504], [-10.361006, 11.348068], [-10.380228, 11.322627], [-10.410721, 11.312785], [-10.445804, 11.310573], [-10.468367, 11.303205], [-10.475761, 11.29452], [-10.47628, 11.285492], [-10.468238, 11.274326], [-10.443231, 11.255601], [-10.512555, 11.197074], [-10.537279, 11.186371], [-10.568904, 11.183158], [-10.589711, 11.183721], [-10.626032, 11.191327], [-10.644987, 11.199209], [-10.633866, 11.179121], [-10.652792, 11.184317], [-10.663143, 11.183478], [-10.6593, 11.174793], [-10.666079, 11.173542], [-10.665143, 11.154693], [-10.68984, 11.163405], [-10.690035, 11.158725], [-10.703451, 11.154657], [-10.715937, 11.140283], [-10.720925, 11.144409], [-10.720635, 11.13326], [-10.725499, 11.129346], [-10.714482, 11.093105], [-10.71814, 11.058776], [-10.737254, 11.05058], [-10.746317, 11.030367], [-10.773311, 11.014308], [-10.791086, 10.999675], [-10.795371, 10.992257], [-10.794014, 10.987701], [-10.798968, 10.982488], [-10.798039, 10.955658], [-10.80984, 10.945749], [-10.817568, 10.933999], [-10.815442, 10.929912], [-10.83678, 10.921944], [-10.842765, 10.914768], [-10.856031, 10.909123], [-10.868727, 10.907297], [-10.877654, 10.895732], [-10.892172, 10.894022], [-10.90851, 10.879839], [-10.908789, 10.875836], [-10.897558, 10.864208], [-10.864787, 10.853049], [-10.832851, 10.830685], [-10.806734, 10.816934], [-10.747514, 10.799905], [-10.732803, 10.792615], [-10.694863, 10.765576], [-10.673228, 10.736987], [-10.668939, 10.735324], [-10.618356, 10.744605], [-10.586504, 10.740118], [-10.554046, 10.756337], [-10.511689, 10.760641], [-10.495061, 10.701253], [-10.461499, 10.641756], [-10.455165, 10.614541], [-10.447493, 10.556912], [-10.467524, 10.545494], [-10.467331, 10.531563], [-10.443691, 10.524135], [-10.4314, 10.515568], [-10.414233, 10.512075], [-10.401124, 10.547027], [-10.385791, 10.527908], [-10.37721, 10.539827], [-10.352082, 10.531481], [-10.354327, 10.512033], [-10.337253, 10.510051], [-10.332073, 10.528579], [-10.310446, 10.538883], [-10.295072, 10.555314], [-10.292522, 10.550606], [-10.292883, 10.527059], [-10.27751, 10.521096], [-10.237845, 10.519789], [-10.221037, 10.527606], [-10.212892, 10.524626], [-10.219405, 10.515465], [-10.2337, 10.510513], [-10.232228, 10.501363], [-10.237094, 10.484747], [-10.22591, 10.489142], [-10.214173, 10.48503], [-10.193559, 10.445022], [-10.18713, 10.448089], [-10.195246, 10.461526], [-10.180617, 10.473329], [-10.180024, 10.487934], [-10.175376, 10.488358], [-10.167257, 10.482565], [-10.153508, 10.495158], [-10.145419, 10.537064], [-10.138199, 10.536062], [-10.137974, 10.526723], [-10.132022, 10.513779], [-10.133125, 10.506488], [-10.139499, 10.498518], [-10.109886, 10.492738], [-10.118623, 10.48079], [-10.116941, 10.456064], [-10.123337, 10.453216], [-10.140076, 10.463432], [-10.150614, 10.461893], [-10.154123, 10.45203], [-10.145861, 10.421644], [-10.129367, 10.425451], [-10.125219, 10.414659], [-10.135085, 10.401839], [-10.145808, 10.401163], [-10.152938, 10.407434], [-10.151802, 10.390782], [-10.161434, 10.375256], [-10.153595, 10.36564], [-10.157058, 10.354117], [-10.169275, 10.352353], [-10.166919, 10.340936], [-10.179776, 10.327016], [-10.195795, 10.324578], [-10.221473, 10.337733], [-10.239447, 10.338562], [-10.241262, 10.327518], [-10.226878, 10.319384], [-10.22571, 10.303886], [-10.236491, 10.29286], [-10.235956, 10.288106], [-10.225697, 10.293213], [-10.236794, 10.255649], [-10.201884, 10.20617], [-10.220493, 10.179196], [-10.237341, 10.175491], [-10.228554, 10.158238], [-10.254984, 10.154582], [-10.259376, 10.147274], [-10.253231, 10.139305], [-10.265748, 10.125313], [-10.28037, 10.123638], [-10.285574, 10.110518], [-10.305139, 10.095111], [-10.323269, 10.100806], [-10.329524, 10.078449], [-10.320761, 10.058456], [-10.327377, 10.042767], [-10.349704, 10.020272], [-10.361583, 10.001992], [-10.359644, 9.986645], [-10.34604, 9.962825], [-10.334315, 9.91159], [-10.327657, 9.8949], [-10.341554, 9.881692], [-10.340385, 9.874089], [-10.350607, 9.864149], [-10.368863, 9.864414], [-10.372696, 9.852618], [-10.375118, 9.817268], [-10.368922, 9.805481], [-10.366805, 9.782994], [-10.387735, 9.774826], [-10.393401, 9.760512], [-10.404895, 9.757664], [-10.414239, 9.734135], [-10.409755, 9.698576], [-10.403166, 9.695696], [-10.403403, 9.654628], [-10.411667, 9.626779], [-10.425363, 9.612595], [-10.428198, 9.594909], [-10.421201, 9.583091], [-10.418876, 9.561766], [-10.404165, 9.569407], [-10.383373, 9.563364], [-10.369094, 9.547032], [-10.342741, 9.542492], [-10.325503, 9.547147], [-10.294868, 9.54363], [-10.281655, 9.546202], [-10.265478, 9.559889], [-10.241868, 9.57162], [-10.225797, 9.590115], [-10.216348, 9.615742], [-10.201153, 9.626147], [-10.179327, 9.653795], [-10.172107, 9.682624], [-10.160642, 9.699254], [-10.144857, 9.700256], [-10.107299, 9.671263], [-10.099509, 9.650505], [-10.099004, 9.634766], [-10.09392, 9.624313], [-10.066249, 9.610024], [-10.044165, 9.622799], [-10.025551, 9.644676], [-10.00478, 9.658432], [-9.975295, 9.668038], [-9.927814, 9.65482], [-9.894116, 9.629501], [-9.879618, 9.629509], [-9.871655, 9.612496], [-9.885334, 9.592559], [-9.869864, 9.578172], [-9.859305, 9.560577], [-9.871204, 9.558969], [-9.850937, 9.548338], [-9.829697, 9.526555], [-9.673453, 9.471763], [-9.651335, 9.458421], [-9.640428, 9.43936], [-9.626435, 9.426747], [-9.622718, 9.399673], [-9.606977, 9.379303], [-9.597887, 9.355607], [-9.604903, 9.341324], [-9.631456, 9.326393], [-9.646601, 9.307849], [-9.652036, 9.296627], [-9.648987, 9.283909], [-9.649629, 9.253117], [-9.660368, 9.241604], [-9.681066, 9.244161], [-9.709568, 9.237896], [-9.739653, 9.225399], [-9.746353, 9.197779], [-9.725069, 9.175986], [-9.720408, 9.164143], [-9.722595, 9.146616], [-9.71874, 9.134736], [-9.670935, 9.123067], [-9.66071, 9.115885], [-9.660585, 9.10397], [-9.665462, 9.097339], [-9.675747, 9.090891], [-9.706618, 9.081968], [-9.719063, 9.073735], [-9.719405, 9.065536], [-9.715658, 9.05515], [-9.697972, 9.030368], [-9.658547, 9.021904], [-9.640548, 9.010784], [-9.628814, 8.992269], [-9.62728, 8.97361], [-9.634011, 8.951747], [-9.654939, 8.936408], [-9.62014, 8.891243], [-9.613443, 8.874721]]]}}, {"type": "Feature", "properties": {"name": "Kindia", "country": "GIN"}, "geometry": {"type": "MultiPolygon", "coordinates": [[[[-13.320146560999945, 9.147760391000077], [-13.324099541999942, 9.151412010000058], [-13.318594933999975, 9.157881736000036], [-13.319768904999933, 9.160632134000025], [-13.326887131999968, 9.153002739000044], [-13.325686454999982, 9.146346094000023], [-13.320146560999945, 9.147760391000077]]], [[[-13.42178630899997, 9.266136169000049], [-13.421375275999935, 9.273493766000058], [-13.43411922499996, 9.276394845000027], [-13.435683249999954, 9.26856994600007], [-13.428024291999975, 9.264945031000025], [-13.42178630899997, 9.266136169000049]]], [[[-13.765042304999952, 9.82403659800002], [-13.751941679999959, 9.837705612000036], [-13.731007576999957, 9.85091972400005], [-13.778575897999929, 9.834733963000076], [-13.784903526999926, 9.81514072400006], [-13.778790473999948, 9.804614067000045], [-13.770673751999936, 9.80421924600006], [-13.765042304999952, 9.82403659800002]]], [[[-13.69743919399997, 9.892164230000049], [-13.686642647999975, 9.907049179000069], [-13.688855171999933, 9.920511246000046], [-13.696384430999956, 9.905278206000048], [-13.698401450999938, 9.896525384000029], [-13.69743919399997, 9.892164230000049]]], [[[-13.684244900999943, 9.938126703000023], [-13.681314468999972, 9.934595109000043], [-13.685007095999936, 9.932268143000044], [-13.684067725999967, 9.901694298000052], [-13.70174312699993, 9.87948513200007], [-13.711317062999967, 9.859177589000069], [-13.72049427099995, 9.847380638000061], [-13.739615440999955, 9.832745553000052], [-13.74875545499998, 9.816578865000054], [-13.750568390999945, 9.811506273000077], [-13.747578619999956, 9.806096077000063], [-13.759395598999959, 9.78568649400006], [-13.755065917999957, 9.76640796700002], [-13.730796813999973, 9.745908738000026], [-13.698994636999942, 9.739029886000026], [-13.68927001999998, 9.740024566000045], [-13.650351524999962, 9.771129608000024], [-13.639847755999938, 9.79121017400007], [-13.64410591199993, 9.802213669000025], [-13.653897284999971, 9.80949687900005], [-13.663812638999957, 9.822834015000069], [-13.66343212199996, 9.829573631000073], [-13.65678119699993, 9.82684421600004], [-13.65211009899997, 9.818017960000077], [-13.638852119999967, 9.812140464000038], [-13.625102996999942, 9.821993828000075], [-13.632072448999963, 9.80483341200005], [-13.630185126999947, 9.80047988900003], [-13.611611365999977, 9.797761918000049], [-13.62245368999993, 9.789731026000027], [-13.619342804999974, 9.777110100000073], [-13.596080780999955, 9.765787124000042], [-13.56820487899995, 9.770332336000024], [-13.569869278999931, 9.765095710000026], [-13.55924, 9.77754], [-13.55977, 9.78286], [-13.55538, 9.78739], [-13.55285, 9.78326], [-13.56469, 9.7564], [-13.5627, 9.75028], [-13.54767, 9.74004], [-13.53703, 9.74257], [-13.50152, 9.73698], [-13.47744, 9.74323], [-13.47518, 9.72195], [-13.49886, 9.69548], [-13.49979, 9.6887], [-13.49487, 9.67806], [-13.46002, 9.64734], [-13.46029, 9.63656], [-13.46627, 9.62433], [-13.49048, 9.60026], [-13.50298, 9.57459], [-13.49952, 9.55158], [-13.4958, 9.55038], [-13.493, 9.54213], [-13.50019, 9.52258], [-13.507370925999965, 9.514476061000039], [-13.504186630999982, 9.510991097000044], [-13.521415709999928, 9.47654056700003], [-13.517338751999944, 9.457393646000071], [-13.511464118999982, 9.44548225400007], [-13.474379539999973, 9.40666675600005], [-13.466962813999942, 9.405109406000065], [-13.446651458999952, 9.412834168000074], [-13.424079895999967, 9.410198212000068], [-13.42013454399995, 9.399060250000048], [-13.424539565999964, 9.395056725000074], [-13.432566642999973, 9.351791382000044], [-13.427157401999978, 9.339416505000031], [-13.427566528999932, 9.331829072000062], [-13.411601066999935, 9.298380852000037], [-13.409696578999956, 9.290579795000042], [-13.412625313999968, 9.279298783000058], [-13.397079467999959, 9.27250766700007], [-13.384615897999936, 9.276727676000064], [-13.370705603999966, 9.272223474000043], [-13.357077598999979, 9.275299072000053], [-13.35581207399997, 9.293463707000058], [-13.352375030999951, 9.29831314200004], [-13.354527472999962, 9.308871271000044], [-13.344973564999975, 9.333065988000044], [-13.324626923999972, 9.338552476000075], [-13.319654465999974, 9.32552051500005], [-13.32845115699996, 9.318922996000026], [-13.32978153199997, 9.310409546000074], [-13.324157714999956, 9.299414636000051], [-13.32711124399998, 9.291351319000057], [-13.322078703999978, 9.264953614000035], [-13.323898314999951, 9.260345459000064], [-13.309889794999947, 9.240670204000025], [-13.32001495299994, 9.197859764000043], [-13.318820953999932, 9.192122459000075], [-13.312047005999943, 9.19092369200007], [-13.325907707999932, 9.179667474000041], [-13.310031890999937, 9.156786920000059], [-13.280406951999964, 9.152607918000058], [-13.27401733399995, 9.165746690000049], [-13.270494460999942, 9.19311523500005], [-13.260532379999972, 9.190420152000058], [-13.25804233499997, 9.162628175000066], [-13.251594543999943, 9.166804314000046], [-13.248967170999947, 9.144482612000047], [-13.265497207999942, 9.135235788000045], [-13.275790214999972, 9.117936135000036], [-13.293026924999936, 9.101972581000041], [-13.29365444299998, 9.091857911000034], [-13.304427146999956, 9.077772142000072], [-13.310674666999944, 9.078651428000057], [-13.323564528999952, 9.070297242000038], [-13.321417980999968, 9.057907758000056], [-13.307630539999934, 9.037538529000074], [-13.26787, 9.067410001000042], [-13.24758, 9.07513], [-13.20687000099997, 9.07265], [-13.174160000999962, 9.0924], [-13.163060000999963, 9.09155], [-13.151460000999975, 9.08588], [-13.12306, 9.0578], [-13.10751000099998, 9.049630001000025], [-13.087620000999948, 9.04837], [-13.06938, 9.052160001000061], [-13.05832, 9.058430001000033], [-13.05085, 9.08261], [-13.03608, 9.08821], [-13.01851, 9.08763], [-13.01182, 9.09088], [-13.00215, 9.09737], [-12.99161, 9.11283], [-12.98086, 9.132430001000046], [-12.97023, 9.171780001000059], [-12.95619, 9.1822], [-12.95415, 9.1898], [-12.961531, 9.238001], [-12.94381, 9.27558], [-12.93508, 9.28665], [-12.91654, 9.28263], [-12.900740000999974, 9.27099], [-12.893100000999937, 9.270340001000022], [-12.88111, 9.277990001000035], [-12.87636, 9.29664], [-12.8729, 9.298260001000074], [-12.868250000999979, 9.2953], [-12.85715000099998, 9.29582], [-12.8408, 9.28531], [-12.831340000999944, 9.2911], [-12.81212, 9.28682], [-12.8066, 9.29351], [-12.78951000099994, 9.300710001000027], [-12.789570000999959, 9.31266], [-12.781520000999933, 9.32396], [-12.77698, 9.34260000100005], [-12.756850000999975, 9.342230001000075], [-12.75087, 9.34961000100003], [-12.75817000099994, 9.37693], [-12.75776, 9.388420001000043], [-12.752240000999961, 9.396490001000075], [-12.724000000999979, 9.39523], [-12.712170000999947, 9.38953], [-12.70879, 9.41093], [-12.70349, 9.415540001000068], [-12.698400000999982, 9.41626], [-12.69119, 9.40801], [-12.6868, 9.40918], [-12.68338, 9.421140001000026], [-12.6855, 9.43079], [-12.67997, 9.43518], [-12.68393, 9.44298], [-12.67847, 9.463690001000032], [-12.67269, 9.466930001000037], [-12.67203000099994, 9.47544], [-12.65065, 9.508852], [-12.651180000999943, 9.524480001000029], [-12.66047, 9.53203], [-12.657490000999928, 9.539160001000027], [-12.64803, 9.54794], [-12.63437000099998, 9.54822], [-12.63277, 9.55260000100003], [-12.636290000999963, 9.56546], [-12.630760000999942, 9.57214], [-12.62115, 9.60115], [-12.614920000999973, 9.606230001000029], [-12.591740000999948, 9.59988], [-12.58536, 9.62887], [-12.59149, 9.65413], [-12.58712, 9.66311], [-12.583190000999934, 9.663590001000046], [-12.57853, 9.65809], [-12.575530000999947, 9.659940001000052], [-12.56797, 9.68387], [-12.56666, 9.702730001000077], [-12.5567, 9.70346], [-12.536140000999978, 9.720540001000074], [-12.525660000999949, 9.70587], [-12.51941, 9.70727], [-12.519200000999945, 9.71416], [-12.52809, 9.73643], [-12.523020000999963, 9.74335], [-12.50911, 9.74294], [-12.50727, 9.745930001000033], [-12.51866, 9.756470001000025], [-12.51243, 9.76339], [-12.511320000999945, 9.77512], [-12.501400000999979, 9.78917], [-12.50031, 9.808020001000045], [-12.49128000099995, 9.811280001000057], [-12.49017, 9.826000001000068], [-12.499470000999963, 9.83217], [-12.49901, 9.84365], [-12.4801, 9.85547], [-12.456900000999951, 9.854640001000064], [-12.43174, 9.881630001000076], [-12.28921, 9.90882], [-12.22711, 9.92465], [-12.21526, 9.91871], [-12.20502000099998, 9.907020001000035], [-12.17738, 9.897440001000064], [-12.14826785699995, 9.877636538000047], [-12.15875, 9.93462], [-12.16766, 9.95324], [-12.17271, 9.97518], [-12.1642, 9.99952], [-12.13827, 10.00777], [-12.12842, 10.02492], [-12.1251, 10.03862], [-12.13348, 10.07693], [-12.15675, 10.12574], [-12.16513, 10.13585], [-12.18601, 10.15101], [-12.19506, 10.18253], [-12.21767, 10.20487], [-12.22711, 10.22589], [-12.23004, 10.27071], [-12.25863, 10.27816], [-12.28443, 10.27536], [-12.33245, 10.28667], [-12.34295, 10.28427], [-12.3621, 10.26525], [-12.40147, 10.26885], [-12.4185, 10.2739], [-12.42289, 10.30183], [-12.4314, 10.31899], [-12.43938, 10.32218], [-12.44323, 10.35969], [-12.44204, 10.36673], [-12.42727, 10.38389], [-12.40959, 10.45358], [-12.39562, 10.47061], [-12.40134, 10.48524], [-12.40985, 10.49056], [-12.41956, 10.49189], [-12.42767, 10.50027], [-12.44417, 10.50013], [-12.45161, 10.50612], [-12.44457, 10.52726], [-12.45773, 10.54402], [-12.46664, 10.54934], [-12.49072, 10.54775], [-12.50654, 10.5649], [-12.50747, 10.60507], [-12.49245, 10.61864], [-12.50375, 10.63553], [-12.51732, 10.63021], [-12.52397, 10.62209], [-12.53394, 10.61983], [-12.55921, 10.60268], [-12.57251, 10.58339], [-12.58315, 10.58007], [-12.60669, 10.56198], [-12.61773, 10.55666], [-12.63742, 10.55892], [-12.64965, 10.55307], [-12.68636, 10.51982], [-12.69873, 10.5121], [-12.70059, 10.50559], [-12.71589, 10.49042], [-12.72586, 10.4847], [-12.74514, 10.48125], [-12.75352, 10.48776], [-12.75845, 10.49827], [-12.7651, 10.49574], [-12.78012, 10.51662], [-12.79741, 10.51676], [-12.8038, 10.52647], [-12.81577, 10.53338], [-12.85434, 10.53086], [-12.87269, 10.54456], [-12.8816, 10.54682], [-12.91671, 10.51569], [-12.9227, 10.51343], [-12.94704, 10.51796], [-12.95462, 10.55892], [-12.96167, 10.56956], [-12.97391, 10.57701], [-12.98175, 10.60281], [-12.97124, 10.61212], [-12.96872, 10.60613], [-12.96393, 10.60587], [-12.95808, 10.62901], [-12.94052, 10.65761], [-12.94278, 10.66319], [-12.95302, 10.66638], [-12.95302, 10.68806], [-12.93573, 10.71506], [-12.93081, 10.72903], [-12.95515, 10.75775], [-12.9622, 10.79606], [-12.95688, 10.80377], [-12.96353, 10.80949], [-12.96659, 10.81973], [-12.95888, 10.84527], [-12.96034, 10.86509], [-12.9477, 10.89714], [-12.94518, 10.93584], [-12.93294, 10.95473], [-12.90754, 10.96364], [-12.90089, 10.97508], [-12.89943, 10.98665], [-12.88972, 10.99702], [-12.86006, 11.00912], [-12.85394, 11.03054], [-12.84543, 11.02947], [-12.82707, 11.0175], [-12.81005, 11.07642], [-12.79582, 11.08347], [-12.7893, 11.09291], [-12.78877, 11.11114], [-12.79688, 11.11699], [-12.83718, 11.12736], [-12.84755, 11.13907], [-12.85899, 11.14412], [-12.87083, 11.14359], [-12.87974, 11.13946], [-12.89291, 11.12138], [-12.911, 11.10555], [-12.92563, 11.09863], [-12.95249, 11.10542], [-12.95888, 11.11114], [-12.9618, 11.12284], [-12.96127, 11.15542], [-12.9751, 11.18322], [-13.002244, 11.190966], [-13.016694, 11.187098], [-13.022605, 11.189677], [-13.039682, 11.183875], [-13.064641, 11.187098], [-13.100765, 11.174205], [-13.118499, 11.178073], [-13.129008, 11.172916], [-13.135576, 11.164536], [-13.187464, 11.139395], [-13.220961, 11.132948], [-13.19735, 11.06472], [-13.215526, 11.05891], [-13.232541, 11.099563], [-13.233917, 11.143819], [-13.25906, 11.18229], [-13.26424, 11.22937], [-13.27209, 11.26382], [-13.28233, 11.27925], [-13.28286, 11.28922], [-13.2673, 11.32992], [-13.27568, 11.34521], [-13.28379, 11.34827], [-13.31399, 11.34694], [-13.32516, 11.33923], [-13.34817, 11.33737], [-13.36971, 11.32367], [-13.39379, 11.31409], [-13.41573, 11.2964], [-13.42996, 11.29135], [-13.44725, 11.29148], [-13.44991, 11.30625], [-13.42943, 11.35838], [-13.43621, 11.37314], [-13.443, 11.37807], [-13.46946, 11.3782], [-13.47997, 11.37394], [-13.52772, 11.38166], [-13.55605, 11.38299], [-13.57679, 11.38006], [-13.59754, 11.35679], [-13.63558, 11.33285], [-13.68572, 11.32753], [-13.70275, 11.33723], [-13.73865, 11.33444], [-13.75355, 11.32487], [-13.79611, 11.30851], [-13.81766, 11.29295], [-13.83242, 11.29122], [-13.84293, 11.29667], [-13.84186, 11.28802], [-13.83082, 11.28084], [-13.82856, 11.2706], [-13.81021, 11.26515], [-13.80821, 11.25743], [-13.79997, 11.24999], [-13.79318, 11.25198], [-13.78161, 11.23669], [-13.7735, 11.23389], [-13.77217, 11.21966], [-13.78853, 11.19812], [-13.78068, 11.19333], [-13.75741, 11.19], [-13.74677, 11.17684], [-13.74012, 11.1517], [-13.7457, 11.13534], [-13.74398, 11.11965], [-13.76273, 11.09358], [-13.79837, 11.08015], [-13.80063, 11.05315], [-13.80835, 11.05421], [-13.81646, 11.04942], [-13.81832, 11.03626], [-13.7727, 10.98186], [-13.76938, 10.97454], [-13.77377, 10.95792], [-13.77004, 10.96364], [-13.76898, 10.9534], [-13.77696, 10.93744], [-13.8118, 10.91124], [-13.85184, 10.8986], [-13.87498, 10.87825], [-13.9198, 10.86189], [-13.92765, 10.8462], [-13.93084, 10.82665], [-13.97167, 10.76427], [-13.97726, 10.73993], [-13.98072, 10.73568], [-13.97925, 10.72011], [-13.97101, 10.72078], [-13.95717, 10.70987], [-13.91887, 10.66559], [-13.9065, 10.66279], [-13.89892, 10.66997], [-13.90437, 10.68128], [-13.90358, 10.68593], [-13.89945, 10.68806], [-13.88602, 10.68154], [-13.88083, 10.68487], [-13.8787, 10.71586], [-13.87485, 10.72663], [-13.867, 10.73607], [-13.86168, 10.73927], [-13.84785, 10.73169], [-13.82803, 10.72943], [-13.82072, 10.73302], [-13.81566, 10.74113], [-13.80396, 10.74126], [-13.79491, 10.75563], [-13.78161, 10.75257], [-13.76366, 10.72956], [-13.75196, 10.7249], [-13.72243, 10.72996], [-13.71604, 10.7261], [-13.70806, 10.6975], [-13.69809, 10.7011], [-13.68373, 10.69471], [-13.68679, 10.68793], [-13.68426, 10.68314], [-13.67974, 10.68221], [-13.66817, 10.66612], [-13.65247, 10.66825], [-13.59967, 10.71147], [-13.59914, 10.71573], [-13.56802, 10.74086], [-13.51748, 10.79021], [-13.49207, 10.80337], [-13.47944, 10.8047], [-13.466, 10.80164], [-13.4688, 10.79978], [-13.46467, 10.7918], [-13.45191, 10.7785], [-13.44007, 10.77292], [-13.43648, 10.76148], [-13.43568, 10.73754], [-13.44619, 10.71852], [-13.443955, 10.683503], [-13.432226, 10.682461], [-13.42291, 10.687692], [-13.41559, 10.687692], [-13.401615, 10.697501], [-13.394295, 10.698155], [-13.383648, 10.685077], [-13.367012, 10.681807], [-13.35083, 10.66053], [-13.35708, 10.64484], [-13.37277, 10.6314], [-13.37211, 10.62755], [-13.37743, 10.61983], [-13.38607, 10.61491], [-13.40057, 10.59656], [-13.40323, 10.58406], [-13.38461, 10.56158], [-13.400655, 10.506124], [-13.416555, 10.491611], [-13.432455, 10.496635], [-13.441541, 10.495518], [-13.461984, 10.475981], [-13.485266, 10.478772], [-13.497191, 10.462584], [-13.497759, 10.452537], [-13.508549, 10.452537], [-13.519265, 10.427787], [-13.49899, 10.40304], [-13.49925, 10.39639], [-13.50324, 10.39307], [-13.50311, 10.38229], [-13.522, 10.35835], [-13.54142, 10.34705], [-13.55059, 10.33734], [-13.55738, 10.31008], [-13.58331, 10.25794], [-13.60898, 10.25049], [-13.62494, 10.25222], [-13.64236, 10.26299], [-13.65486, 10.2759], [-13.66524, 10.27895], [-13.672283, 10.289232], [-13.692853, 10.276664], [-13.719913, 10.270005], [-13.731188, 10.276664], [-13.76799, 10.278844], [-13.77097, 10.26286], [-13.80941, 10.22309], [-13.81486, 10.19955], [-13.83535, 10.1663], [-13.86328, 10.15048], [-13.87032, 10.1526], [-13.90637, 10.12414], [-13.9065, 10.10871], [-13.84239, 10.03197], [-13.80382, 10.00524], [-13.74038, 9.97332], [-13.72216, 9.97133], [-13.70075, 9.96428], [-13.692985, 9.957999], [-13.687215, 9.960356], [-13.67751, 9.956395], [-13.684244900999943, 9.938126703000023]]]]}}, {"type": "Feature", "properties": {"name": "Labe", "country": "GIN"}, "geometry": {"type": "Polygon", "coordinates": [[[-12.996361, 11.189523], [-12.9751, 11.18322], [-12.96885, 11.17285], [-12.96127, 11.15542], [-12.9618, 11.12284], [-12.95888, 11.11114], [-12.95249, 11.10542], [-12.92563, 11.09863], [-12.911, 11.10555], [-12.89291, 11.12138], [-12.87974, 11.13946], [-12.87083, 11.14359], [-12.85899, 11.14412], [-12.84755, 11.13907], [-12.83718, 11.12736], [-12.79688, 11.11699], [-12.78877, 11.11114], [-12.77761, 11.12397], [-12.776063, 11.132951], [-12.763867, 11.149891], [-12.758984, 11.164609], [-12.755131, 11.196395], [-12.741048, 11.213193], [-12.7328, 11.213266], [-12.731237, 11.231785], [-12.728187, 11.235546], [-12.708071, 11.240936], [-12.701305, 11.258387], [-12.679348, 11.262724], [-12.66528, 11.271289], [-12.655863, 11.281602], [-12.647064, 11.299899], [-12.660139, 11.311428], [-12.656265, 11.315841], [-12.64641, 11.316378], [-12.63725, 11.328538], [-12.624381, 11.322968], [-12.5961, 11.329916], [-12.580868, 11.337872], [-12.568182, 11.337719], [-12.563394, 11.323236], [-12.553287, 11.316682], [-12.540603, 11.315651], [-12.528931, 11.305918], [-12.522952, 11.292936], [-12.507665, 11.295867], [-12.497011, 11.285766], [-12.49645, 11.273662], [-12.50342, 11.25726], [-12.502151, 11.232116], [-12.497381, 11.224402], [-12.496686, 11.20892], [-12.486772, 11.172099], [-12.474987, 11.151043], [-12.445072, 11.145472], [-12.435328, 11.135766], [-12.424725, 11.131298], [-12.416341, 11.141857], [-12.412519, 11.157843], [-12.404497, 11.163651], [-12.395286, 11.181231], [-12.367765, 11.173827], [-12.324925, 11.18155], [-12.292541, 11.193668], [-12.27695, 11.192901], [-12.264897, 11.18538], [-12.244725, 11.148947], [-12.237322, 11.143505], [-12.218216, 11.152644], [-12.208362, 11.163423], [-12.162137, 11.191936], [-12.149711, 11.21729], [-12.13413, 11.273539], [-12.120216, 11.286799], [-12.099031, 11.292821], [-12.050551, 11.29792], [-12.031711, 11.28821], [-12.011669, 11.290911], [-12.002724, 11.278854], [-11.996509, 11.260015], [-11.981293, 11.256465], [-11.971741, 11.23212], [-11.961561, 11.218371], [-11.913915, 11.204716], [-11.895959, 11.195443], [-11.878873, 11.17787], [-11.871811, 11.144921], [-11.878417, 11.145535], [-11.88957, 11.118633], [-11.895148, 11.099789], [-11.894885, 11.084886], [-11.882211, 11.052194], [-11.863128, 11.025533], [-11.832179, 11.007485], [-11.804864, 10.998608], [-11.75292, 10.993191], [-11.742933, 10.987454], [-11.708509, 11.019721], [-11.704262, 11.033676], [-11.6884, 11.041269], [-11.673587, 11.053463], [-11.649534, 11.081186], [-11.643289, 11.084188], [-11.623857, 11.075076], [-11.612066, 11.077683], [-11.595149, 11.084427], [-11.561153, 11.109854], [-11.505549, 11.185381], [-11.464152, 11.205182], [-11.446657, 11.21746], [-11.385701, 11.232192], [-11.392833, 11.269235], [-11.346205, 11.256327], [-11.351735, 11.269197], [-11.33679, 11.267492], [-11.336954, 11.30838], [-11.317879, 11.337118], [-11.289832, 11.367469], [-11.267742, 11.401403], [-11.239992, 11.406576], [-11.223752, 11.418863], [-11.212168, 11.423065], [-11.189919, 11.42407], [-11.143086, 11.46223], [-11.131426, 11.465994], [-11.123279, 11.478755], [-11.126966, 11.501425], [-11.119997, 11.505046], [-11.121052, 11.517595], [-11.13659, 11.530371], [-11.152024, 11.535892], [-11.196319, 11.537038], [-11.202912, 11.5518], [-11.213177, 11.562174], [-11.21332, 11.573958], [-11.208988, 11.585236], [-11.192336, 11.589475], [-11.166217, 11.603824], [-11.14416, 11.628473], [-11.149878, 11.638703], [-11.165243, 11.647159], [-11.164983, 11.654556], [-11.141488, 11.686568], [-11.121708, 11.694716], [-11.100833, 11.691768], [-11.089669, 11.706956], [-11.070336, 11.749882], [-11.074752, 11.785317], [-11.072569, 11.810992], [-11.076797, 11.855749], [-11.071722, 11.869091], [-11.047884, 11.883291], [-11.052836, 11.889461], [-11.082573, 11.896951], [-11.100883, 11.919845], [-11.123172, 11.920034], [-11.128498, 11.917316], [-11.152214, 11.932158], [-11.159923, 11.941589], [-11.155548, 11.955768], [-11.152783, 11.992103], [-11.154836, 12.010853], [-11.166594, 12.032625], [-11.1842, 12.017440001000068], [-11.19202, 12.014530001000026], [-11.212590000999967, 12.017760001000056], [-11.224040000999935, 12.012020001000053], [-11.2383, 11.99592], [-11.257470000999945, 11.99248], [-11.3124, 12.021250001000055], [-11.36176, 12.05994], [-11.36035, 12.07904], [-11.376000000999966, 12.10389], [-11.38511000099993, 12.10827], [-11.41105, 12.11173], [-11.46411, 12.133610001000022], [-11.4945, 12.17847000100005], [-11.49777, 12.20953], [-11.476490000999945, 12.238500001000034], [-11.46316, 12.241720001000033], [-11.4531, 12.252990001000057], [-11.44982, 12.271160001000055], [-11.43859, 12.27783000100004], [-11.434850000999973, 12.286800001000074], [-11.433670000999939, 12.29738], [-11.43788000099994, 12.30474], [-11.43974, 12.33465], [-11.45004, 12.35052], [-11.44863, 12.3549], [-11.44185, 12.35765], [-11.43966, 12.37861], [-11.42593, 12.38548], [-11.41633, 12.39537000100006], [-11.412820000999943, 12.39122], [-11.412830000999975, 12.37788], [-11.408620000999974, 12.37765], [-11.402530000999946, 12.3834], [-11.3803, 12.38338], [-11.37375, 12.38936], [-11.37468, 12.402240001000052], [-11.37946, 12.41356], [-11.408670000999962, 12.41758], [-11.43302, 12.43161], [-11.45971, 12.44149], [-11.531350000999964, 12.44284], [-11.60039, 12.42692], [-11.66383, 12.423400001000061], [-11.712470000999929, 12.393450001000076], [-11.76161, 12.387860001000035], [-11.78573, 12.39358], [-11.81382, 12.392840001000025], [-11.8494, 12.39738], [-11.86065, 12.40174], [-11.89395000099995, 12.42721], [-11.90332000099994, 12.430870001000073], [-11.93186, 12.42529], [-11.958740000999967, 12.40706], [-11.99874, 12.39686000100005], [-12.01676, 12.39659], [-12.02496, 12.399560001000054], [-12.03622, 12.40689], [-12.04961, 12.42319], [-12.075700000999973, 12.417500001000064], [-12.08209, 12.421340001000033], [-12.09684, 12.421310001000052], [-12.1132, 12.41231], [-12.159190000999956, 12.368050001000029], [-12.16598, 12.36849], [-12.17251, 12.36273], [-12.189140000999942, 12.358640001000026], [-12.23476, 12.355060001000027], [-12.34363, 12.30731], [-12.35322, 12.307280001000038], [-12.360030000999927, 12.31139], [-12.38993, 12.35614], [-12.40402, 12.36874], [-12.44953, 12.39157], [-12.47414, 12.39906], [-12.489360000999966, 12.40061], [-12.506200000999968, 12.39732], [-12.54376, 12.37141], [-12.562076008999952, 12.368378993000022], [-12.5647, 12.354554], [-12.607269, 12.33512], [-12.630777, 12.317556], [-12.694961, 12.28753], [-12.751214, 12.253917], [-12.7688, 12.22195], [-12.82676, 12.144254], [-12.812151, 12.132378], [-12.815884, 12.122643], [-12.80931, 12.112468], [-12.806763, 12.098125], [-12.819303, 12.077279], [-12.817775, 12.061724], [-12.829768, 12.056933], [-12.821689, 12.002922], [-12.78793, 11.989784], [-12.775425, 11.978204], [-12.809714, 11.938045], [-12.769294, 11.89699], [-12.760333, 11.863245], [-12.77111, 11.840436], [-12.783519, 11.840095], [-12.802463, 11.833427], [-12.7971, 11.813169], [-12.801385, 11.794471], [-12.7981, 11.77524], [-12.78153, 11.75444], [-12.787697, 11.739091], [-12.788834, 11.723267], [-12.819057, 11.706128], [-12.818563, 11.696146], [-12.809092, 11.686348], [-12.795907, 11.6818], [-12.783823, 11.686293], [-12.78226, 11.678295], [-12.770464, 11.663562], [-12.769942, 11.649773], [-12.763707, 11.641816], [-12.750203, 11.638603], [-12.750252, 11.62748], [-12.743967, 11.630791], [-12.741076, 11.624801], [-12.73367, 11.625467], [-12.732955, 11.621016], [-12.72534, 11.621135], [-12.721786, 11.611748], [-12.707889, 11.62372], [-12.701394, 11.616009], [-12.701189, 11.606551], [-12.707346, 11.595348], [-12.711164, 11.593946], [-12.694077, 11.563742], [-12.696966, 11.559263], [-12.703757, 11.566343], [-12.738711, 11.533988], [-12.753059, 11.531034], [-12.758344, 11.525743], [-12.75798, 11.509537], [-12.764246, 11.493804], [-12.78147, 11.488194], [-12.787843, 11.474362], [-12.796939, 11.466372], [-12.818959, 11.462377], [-12.852524, 11.444772], [-12.870933, 11.439337], [-12.90366, 11.401576], [-12.899522, 11.399242], [-12.930489, 11.384969], [-12.965491, 11.356972], [-12.984275, 11.332014], [-12.973397, 11.312549], [-12.956411, 11.292906], [-12.991064, 11.26676], [-12.989955, 11.253272], [-12.975988, 11.226476], [-12.975555, 11.215345], [-12.996361, 11.189523]]]}}, {"type": "Feature", "properties": {"name": "Mamou", "country": "GIN"}, "geometry": {"type": "Polygon", "coordinates": [[[-11.33679, 11.267492], [-11.351735, 11.269197], [-11.346205, 11.256327], [-11.392833, 11.269235], [-11.385701, 11.232192], [-11.446657, 11.21746], [-11.464152, 11.205182], [-11.505549, 11.185381], [-11.561153, 11.109854], [-11.595149, 11.084427], [-11.612066, 11.077683], [-11.623857, 11.075076], [-11.643289, 11.084188], [-11.649534, 11.081186], [-11.673587, 11.053463], [-11.6884, 11.041269], [-11.704262, 11.033676], [-11.708509, 11.019721], [-11.742933, 10.987454], [-11.75292, 10.993191], [-11.804864, 10.998608], [-11.832179, 11.007485], [-11.863128, 11.025533], [-11.882211, 11.052194], [-11.894885, 11.084886], [-11.895148, 11.099789], [-11.88957, 11.118633], [-11.878417, 11.145535], [-11.871811, 11.144921], [-11.878873, 11.17787], [-11.895959, 11.195443], [-11.913915, 11.204716], [-11.961561, 11.218371], [-11.971741, 11.23212], [-11.981293, 11.256465], [-11.996509, 11.260015], [-12.002724, 11.278854], [-12.011669, 11.290911], [-12.031711, 11.28821], [-12.050551, 11.29792], [-12.099031, 11.292821], [-12.120216, 11.286799], [-12.13413, 11.273539], [-12.149711, 11.21729], [-12.162137, 11.191936], [-12.208362, 11.163423], [-12.218216, 11.152644], [-12.237322, 11.143505], [-12.244725, 11.148947], [-12.264897, 11.18538], [-12.27695, 11.192901], [-12.292541, 11.193668], [-12.324925, 11.18155], [-12.367765, 11.173827], [-12.395286, 11.181231], [-12.404497, 11.163651], [-12.412519, 11.157843], [-12.416341, 11.141857], [-12.424725, 11.131298], [-12.435328, 11.135766], [-12.445072, 11.145472], [-12.46439, 11.147669], [-12.479699, 11.155647], [-12.496686, 11.20892], [-12.497381, 11.224402], [-12.502151, 11.232116], [-12.50342, 11.25726], [-12.49645, 11.273662], [-12.497011, 11.285766], [-12.507665, 11.295867], [-12.522952, 11.292936], [-12.528931, 11.305918], [-12.540603, 11.315651], [-12.553287, 11.316682], [-12.563394, 11.323236], [-12.568182, 11.337719], [-12.580868, 11.337872], [-12.5961, 11.329916], [-12.624381, 11.322968], [-12.63725, 11.328538], [-12.64641, 11.316378], [-12.656265, 11.315841], [-12.660139, 11.311428], [-12.647064, 11.299899], [-12.655863, 11.281602], [-12.66528, 11.271289], [-12.679348, 11.262724], [-12.701305, 11.258387], [-12.708071, 11.240936], [-12.728187, 11.235546], [-12.731237, 11.231785], [-12.7328, 11.213266], [-12.741048, 11.213193], [-12.755131, 11.196395], [-12.758984, 11.164609], [-12.763867, 11.149891], [-12.776063, 11.132951], [-12.77761, 11.12397], [-12.78877, 11.11114], [-12.7893, 11.09291], [-12.79582, 11.08347], [-12.81005, 11.07642], [-12.82707, 11.0175], [-12.84543, 11.02947], [-12.85394, 11.03054], [-12.86006, 11.00912], [-12.88972, 10.99702], [-12.89943, 10.98665], [-12.90089, 10.97508], [-12.90754, 10.96364], [-12.93294, 10.95473], [-12.94518, 10.93584], [-12.9477, 10.89714], [-12.96034, 10.86509], [-12.95888, 10.84527], [-12.96659, 10.81973], [-12.96353, 10.80949], [-12.95688, 10.80377], [-12.9622, 10.79606], [-12.95515, 10.75775], [-12.93081, 10.72903], [-12.93573, 10.71506], [-12.95302, 10.68806], [-12.95302, 10.66638], [-12.94278, 10.66319], [-12.94052, 10.65761], [-12.95808, 10.62901], [-12.96393, 10.60587], [-12.96872, 10.60613], [-12.97124, 10.61212], [-12.98175, 10.60281], [-12.97909, 10.58791], [-12.97391, 10.57701], [-12.96167, 10.56956], [-12.95462, 10.55892], [-12.94704, 10.51796], [-12.9227, 10.51343], [-12.91671, 10.51569], [-12.8816, 10.54682], [-12.87269, 10.54456], [-12.85434, 10.53086], [-12.81577, 10.53338], [-12.8038, 10.52647], [-12.79741, 10.51676], [-12.78012, 10.51662], [-12.7651, 10.49574], [-12.75845, 10.49827], [-12.75352, 10.48776], [-12.74514, 10.48125], [-12.72586, 10.4847], [-12.71589, 10.49042], [-12.70059, 10.50559], [-12.69873, 10.5121], [-12.68636, 10.51982], [-12.64965, 10.55307], [-12.63742, 10.55892], [-12.61773, 10.55666], [-12.60669, 10.56198], [-12.58315, 10.58007], [-12.57251, 10.58339], [-12.55921, 10.60268], [-12.53394, 10.61983], [-12.52397, 10.62209], [-12.51732, 10.63021], [-12.50375, 10.63553], [-12.49245, 10.61864], [-12.50747, 10.60507], [-12.50654, 10.5649], [-12.49072, 10.54775], [-12.46664, 10.54934], [-12.45773, 10.54402], [-12.44457, 10.52726], [-12.45161, 10.50612], [-12.44417, 10.50013], [-12.42767, 10.50027], [-12.41956, 10.49189], [-12.40985, 10.49056], [-12.40134, 10.48524], [-12.39562, 10.47061], [-12.40959, 10.45358], [-12.42727, 10.38389], [-12.44204, 10.36673], [-12.44323, 10.35969], [-12.43938, 10.32218], [-12.4314, 10.31899], [-12.42289, 10.30183], [-12.4185, 10.2739], [-12.40147, 10.26885], [-12.3621, 10.26525], [-12.34295, 10.28427], [-12.33245, 10.28667], [-12.28443, 10.27536], [-12.25863, 10.27816], [-12.23004, 10.27071], [-12.22711, 10.22589], [-12.21767, 10.20487], [-12.19506, 10.18253], [-12.18601, 10.15101], [-12.16513, 10.13585], [-12.15675, 10.12574], [-12.14651, 10.09967], [-12.1384, 10.0889], [-12.1251, 10.03862], [-12.12842, 10.02492], [-12.13827, 10.00777], [-12.1642, 9.99952], [-12.17271, 9.97518], [-12.16766, 9.95324], [-12.15875, 9.93462], [-12.14826785699995, 9.877636538000047], [-12.141820000999928, 9.874320001000058], [-12.120023341999968, 9.871849759000042], [-11.906580000999952, 9.93581], [-11.89825, 9.94571], [-11.89139, 9.98619], [-11.88585, 9.997462], [-11.477589, 9.999689], [-11.468743, 10.020226], [-11.470417, 10.054955], [-11.437963, 10.08338], [-11.430279, 10.111878], [-11.410196, 10.14299], [-11.395053, 10.181987], [-11.387933, 10.21066], [-11.391767, 10.239716], [-11.381208, 10.25911], [-11.376092, 10.285442], [-11.378827, 10.334705], [-11.398645, 10.451565], [-11.442444, 10.457434], [-11.488621, 10.485077], [-11.507014, 10.491986], [-11.527931, 10.492234], [-11.526832, 10.515712], [-11.515156, 10.559849], [-11.519142, 10.570681], [-11.507414, 10.607686], [-11.492074, 10.612541], [-11.478932, 10.637699], [-11.479061, 10.665], [-11.462111, 10.682072], [-11.458232, 10.702755], [-11.448311, 10.72396], [-11.461384, 10.732516], [-11.446132, 10.764601], [-11.448311, 10.794547], [-11.437417, 10.826632], [-11.457027, 10.850161], [-11.498424, 10.877968], [-11.524458, 10.876288], [-11.5258, 10.905738], [-11.508673, 10.94322], [-11.454077, 10.993466], [-11.417321, 10.983411], [-11.380541, 10.968629], [-11.350145, 10.971423], [-11.314717, 10.984164], [-11.278331, 10.989641], [-11.15547, 11.055242], [-11.137166, 11.074795], [-11.208031, 11.100461], [-11.231347, 11.118629], [-11.254607, 11.147399], [-11.279045, 11.141022], [-11.306745, 11.178142], [-11.320935, 11.227322], [-11.33679, 11.267492]]]}}, {"type": "Feature", "properties": {"name": "Banjul", "country": "GMB"}, "geometry": {"type": "Polygon", "coordinates": [[[-16.611196974999928, 13.469101997000053], [-16.616387138999983, 13.47361359000007], [-16.627126700999952, 13.467849096000066], [-16.618590653999945, 13.466655770000045], [-16.607465332999936, 13.459755451000035], [-16.61235359999995, 13.45346784700007], [-16.60973984499998, 13.450524761000054], [-16.612178176999976, 13.446525309000037], [-16.603915723999933, 13.443253549000076], [-16.58572036399994, 13.448474934000046], [-16.57356767999994, 13.443174566000039], [-16.570283290999953, 13.45173909500005], [-16.571917231999976, 13.456538129000023], [-16.583516492999934, 13.462642069000026], [-16.611196974999928, 13.469101997000053]]]}}, {"type": "Feature", "properties": {"name": "Basse", "country": "GMB"}, "geometry": {"type": "MultiPolygon", "coordinates": [[[[-14.522126527999944, 13.380528237000021], [-14.52781569299998, 13.384287989000029], [-14.526540077999982, 13.362616556000035], [-14.546138569999982, 13.321666033000042], [-14.531802090999975, 13.310704163000025], [-14.500303934999977, 13.295756776000076], [-14.486423008999964, 13.292972207000048], [-14.462775548999957, 13.294209931000069], [-14.422420239999951, 13.258373711000047], [-14.396755169999949, 13.242140519000031], [-14.321834081999953, 13.232662190000042], [-14.306661410999936, 13.233702894000032], [-14.274903360999929, 13.242641702000071], [-14.25803518899994, 13.23707958600005], [-14.248120874999927, 13.227677400000061], [-14.222260476999963, 13.21877822600004], [-14.207071694999968, 13.216893715000026], [-14.206739797999944, 13.219362587000035], [-14.184835029999931, 13.219121132000055], [-14.157784600999946, 13.23006054700005], [-14.132998544999964, 13.234417958000051], [-14.132511791999946, 13.254108169000062], [-14.119206898999948, 13.282839400000057], [-14.09431464499994, 13.282460059000073], [-14.080947521999974, 13.284470494000061], [-14.068813790999968, 13.290406862000054], [-14.031601507999937, 13.293476445000067], [-13.977823498999953, 13.30611321300006], [-13.94440670299997, 13.318719435000048], [-13.893176450999931, 13.316588248000073], [-13.888317938999933, 13.319812672000069], [-13.879271794999966, 13.318899080000051], [-13.851801605999981, 13.325190537000026], [-13.828406083999937, 13.340231877000065], [-13.797112759999948, 13.384281636000026], [-13.791117503999942, 13.430903737000051], [-13.793818323999972, 13.444911870000055], [-13.813329013999976, 13.444353660000047], [-13.817726367999967, 13.451751713000021], [-13.825279472999966, 13.448532365000062], [-13.829866293999942, 13.462657561000071], [-13.82671498999997, 13.472407043000032], [-13.813613141999951, 13.476685129000032], [-13.814477508999971, 13.481245800000067], [-13.823551721999934, 13.484543195000072], [-13.83127690899994, 13.491739668000037], [-13.830789109999955, 13.500850612000022], [-13.83454166599995, 13.50433978500007], [-13.853576582999949, 13.511587981000048], [-13.886896350999962, 13.499153078000063], [-13.890688852999972, 13.494179218000056], [-13.887109191999969, 13.477130016000046], [-13.868601661999946, 13.452311104000046], [-13.87330375099998, 13.442350893000025], [-13.881302321999954, 13.438480818000073], [-13.884188062999954, 13.41364870800004], [-13.887097522999966, 13.407585937000022], [-13.889095347999955, 13.406943779000073], [-13.898405558999968, 13.406767599000034], [-13.906845764999957, 13.40896125200004], [-13.921076773999971, 13.42038228000007], [-13.928023975999963, 13.43539185700007], [-13.93386665199995, 13.45520267300003], [-13.94603189399993, 13.473229919000062], [-13.95137868699993, 13.475624125000024], [-13.977252380999971, 13.46530714000005], [-14.001675632999934, 13.450549930000022], [-13.995626792999929, 13.417631777000054], [-13.997564488999956, 13.41164738200007], [-14.033629350999945, 13.387578118000022], [-14.038885815999947, 13.387451141000042], [-14.051144310999973, 13.401611561000038], [-14.052579869999931, 13.414687189000063], [-14.050949557999957, 13.432088412000041], [-14.057069388999935, 13.44957755300004], [-14.075074928999982, 13.454701936000049], [-14.08820542199993, 13.446281365000061], [-14.101373991999935, 13.42739212400005], [-14.109998335999933, 13.41842487200006], [-14.11162253699996, 13.401493440000024], [-14.104306562999966, 13.381766393000078], [-14.107335030999934, 13.374955182000065], [-14.11682107699994, 13.37616467600003], [-14.130353337999964, 13.388091178000025], [-14.141546282999968, 13.38245426900005], [-14.148152186999937, 13.382917689000067], [-14.15039133199997, 13.386747890000038], [-14.15014518099997, 13.392701595000062], [-14.140608390999944, 13.413987966000036], [-14.14463851499994, 13.421058864000031], [-14.157242469999971, 13.424629914000036], [-14.162683115999982, 13.393258050000043], [-14.170812302999934, 13.387550839000028], [-14.184780944999943, 13.386861148000037], [-14.188656389999949, 13.373126601000024], [-14.186766809999938, 13.35444810000007], [-14.18858191499993, 13.350484184000038], [-14.191742429999977, 13.348288874000048], [-14.205267978999927, 13.344655954000075], [-14.208524645999944, 13.335917977000065], [-14.20692242299998, 13.320769078000069], [-14.212759827999946, 13.314685565000048], [-14.217067800999928, 13.317271879000032], [-14.225455416999978, 13.335308613000052], [-14.243841724999982, 13.337385740000059], [-14.253546986999936, 13.35505801100004], [-14.280161692999968, 13.368000160000065], [-14.286736294999969, 13.366364687000043], [-14.288930170999947, 13.354332760000034], [-14.30157608099995, 13.32992407300003], [-14.347855971999934, 13.323706465000043], [-14.359296430999962, 13.326676246000034], [-14.373905700999956, 13.336462520000055], [-14.386016108999968, 13.37178001500007], [-14.404979733999937, 13.369987407000053], [-14.419045897999979, 13.37516626100006], [-14.42494701399994, 13.380234023000071], [-14.427913667999974, 13.395863060000067], [-14.442904465999959, 13.408026844000062], [-14.453228715999956, 13.408784590000039], [-14.478624962999959, 13.385312811000063], [-14.48218628199993, 13.38789323800006], [-14.488714498999968, 13.407940007000036], [-14.504459108999981, 13.420653165000033], [-14.498054391999972, 13.385199421000038], [-14.505196486999978, 13.381414647000042], [-14.522126527999944, 13.380528237000021]]], [[[-13.891845381999929, 13.553131336000035], [-13.909142089999932, 13.56309051900007], [-13.985431541999958, 13.579492162000065], [-14.003492714999936, 13.573132937000025], [-14.011335397999972, 13.561862096000027], [-14.032212258999948, 13.555511780000074], [-14.108883703999936, 13.547343236000074], [-14.138827479999975, 13.525946004000048], [-14.157136091999973, 13.527202887000044], [-14.185321836999947, 13.523804355000038], [-14.213363134999952, 13.506986014000063], [-14.225801401999945, 13.493792332000055], [-14.243523104999952, 13.462916836000034], [-14.288583931999938, 13.461917620000065], [-14.326811310999972, 13.451492681000047], [-14.346141971999941, 13.45903495400006], [-14.395388434999973, 13.487639442000045], [-14.42403640599997, 13.49696502300003], [-14.44102307399993, 13.521597814000074], [-14.448377612999934, 13.52712665100006], [-14.451429359999963, 13.519217925000078], [-14.460695717999954, 13.50976778100005], [-14.48181453899997, 13.496242940000059], [-14.47383380499997, 13.479900652000026], [-14.475870618999977, 13.473120206000033], [-14.488736039999935, 13.467775475000053], [-14.499424309999938, 13.467372943000044], [-14.505218405999926, 13.459044838000068], [-14.509116284999948, 13.459759220000024], [-14.504456206999976, 13.443424288000074], [-14.50406392399998, 13.423493299000029], [-14.486410196999941, 13.406990807000057], [-14.479955268999959, 13.387188733000073], [-14.456663247999927, 13.408342012000048], [-14.449871562999931, 13.410730219000072], [-14.437031486999956, 13.406178766000039], [-14.427522084999964, 13.397676509000064], [-14.424379305999935, 13.383534578000024], [-14.416458918999979, 13.375176899000053], [-14.403909431999978, 13.37090721100003], [-14.384633097999938, 13.372345212000027], [-14.371808098999963, 13.335351439000021], [-14.360350195999956, 13.328750169000045], [-14.349245641999971, 13.325188267000044], [-14.304197854999927, 13.330439918000025], [-14.289468952999982, 13.357325332000073], [-14.287706858999968, 13.367497207000042], [-14.281749483999931, 13.369256459000042], [-14.254767724999965, 13.357694922000064], [-14.242440433999946, 13.338177009000049], [-14.224055256999975, 13.33573221100005], [-14.212483370999962, 13.315847726000072], [-14.208153967999976, 13.319877543000075], [-14.209120729999938, 13.340005034000058], [-14.205912128999955, 13.34550855200007], [-14.18805373999993, 13.353906044000041], [-14.190061932999981, 13.370820596000044], [-14.185492974999931, 13.388025033000076], [-14.17151180299993, 13.388679377000074], [-14.163040372999944, 13.395635195000068], [-14.158810112999959, 13.42447491400003], [-14.150731269999937, 13.426101861000063], [-14.142676466999944, 13.420928723000031], [-14.139688304999936, 13.416507801000023], [-14.140086005999933, 13.410260598000036], [-14.14916053099995, 13.392280752000033], [-14.147501452999961, 13.383637415000067], [-14.131711217999964, 13.389832234000039], [-14.115240487999927, 13.376542909000023], [-14.10811038299994, 13.375782746000027], [-14.105653271999927, 13.380368573000055], [-14.112901204999957, 13.400242373000026], [-14.111708711999938, 13.418248615000039], [-14.086902750999968, 13.449494256000037], [-14.075236918999963, 13.45588387600003], [-14.063505540999927, 13.454829701000051], [-14.054707319999977, 13.447997056000077], [-14.04932244899993, 13.432723314000043], [-14.050747842999954, 13.404427031000068], [-14.038795560999972, 13.388760782000077], [-14.029588158999957, 13.391114687000027], [-13.996920803999956, 13.414969695000025], [-14.003736364999952, 13.44660592200006], [-14.000139314999956, 13.453758848000064], [-13.978713138999979, 13.466456342000072], [-13.951692048999973, 13.476441175000048], [-13.944754886999931, 13.474023106000061], [-13.933933297999943, 13.45835693500004], [-13.918896960999973, 13.419884824000064], [-13.901490900999931, 13.408232128000066], [-13.88759641699994, 13.408906340000044], [-13.883430119999957, 13.437096365000059], [-13.874201751999976, 13.443303379000042], [-13.870212640999966, 13.453208935000077], [-13.889065345999938, 13.477182726000024], [-13.891897450999977, 13.494193761000076], [-13.885855112999934, 13.50133392500004], [-13.870436522999967, 13.50549157100005], [-13.858947168999975, 13.51260639800006], [-13.891845381999929, 13.553131336000035]]]]}}, {"type": "Feature", "properties": {"name": "Brikama", "country": "GMB"}, "geometry": {"type": "Polygon", "coordinates": [[[-16.643089370999974, 13.400632416000064], [-16.644752488999927, 13.39459411300004], [-16.659484799999973, 13.384473644000025], [-16.665666145999978, 13.404223708000075], [-16.689557014999934, 13.418751158000077], [-16.690844294999977, 13.425339951000069], [-16.704755975999944, 13.428108661000067], [-16.707246638999948, 13.441277565000064], [-16.724282348999964, 13.443738231000054], [-16.737751328999934, 13.418382673000053], [-16.754092784999955, 13.398876604000066], [-16.766356239999936, 13.389722620000043], [-16.793539377999934, 13.379128257000048], [-16.800618648999944, 13.349976317000028], [-16.80553784999995, 13.345155329000022], [-16.81196579599998, 13.34491269800003], [-16.814264806999972, 13.338862549000055], [-16.807342494999943, 13.331140294000022], [-16.803702227999963, 13.318901972000049], [-16.802935265999963, 13.301232475000063], [-16.807099807999975, 13.275821826000026], [-16.79169369799996, 13.265896223000027], [-16.786253934999934, 13.249898881000036], [-16.783549989999926, 13.186464056000034], [-16.78795592299997, 13.16180606000006], [-16.791079415999945, 13.15876736100006], [-16.77746866299998, 13.150696525000058], [-16.773385536999967, 13.14128037100005], [-16.773862477999955, 13.133144423000033], [-16.767070543999978, 13.123845139000025], [-16.772263146999933, 13.077997498000059], [-16.752167442999962, 13.069837896000024], [-16.739467867999963, 13.043657135000046], [-16.736632219999933, 13.046878692000064], [-16.744228540999927, 13.070028776000072], [-16.74157839999998, 13.073735937000038], [-16.732213874999957, 13.07404486200005], [-16.728588515999945, 13.081857683000067], [-16.73328986699994, 13.090393523000046], [-16.727534040999956, 13.092563726000037], [-16.725640144999943, 13.096839601000056], [-16.73580538599998, 13.10324812600004], [-16.735741142999927, 13.111979868000049], [-16.730402500999958, 13.114065392000043], [-16.729858252999975, 13.108002208000073], [-16.72583214599996, 13.106389515000046], [-16.716323460999945, 13.110224323000068], [-16.72506375699993, 13.116150817000062], [-16.725356429999977, 13.122133721000068], [-16.720396334999975, 13.118559595000022], [-16.712298269999962, 13.120827169000052], [-16.708579603999965, 13.127410682000061], [-16.709998628999926, 13.133017228000028], [-16.702790732999972, 13.131015414000046], [-16.696831139999972, 13.140237164000041], [-16.697773290999976, 13.143428374000052], [-16.707172954999976, 13.14779330400006], [-16.70885558699996, 13.155201754000075], [-16.701392665999947, 13.152709763000075], [-16.69924134599995, 13.15616738500006], [-16.70137631999995, 13.162466106000068], [-16.69767275199996, 13.159211215000028], [-16.69115137199998, 13.159828152000046], [-16.690109907999954, 13.16655782600003], [-16.68544117299996, 13.16896612000005], [-16.681651219999935, 13.16530162500004], [-16.678959849999956, 13.168421329000068], [-16.663135471999965, 13.167937875000064], [-16.65588293099995, 13.163795211000036], [-16.637068409999927, 13.167637703000025], [-15.93059571799995, 13.165873083000065], [-15.927170329999967, 13.163831997000045], [-15.923058543999957, 13.165900299000043], [-15.801210310999977, 13.165829388000077], [-15.802167077999968, 13.241212499000028], [-15.810102850999954, 13.242494545000056], [-15.809983741999929, 13.251731047000021], [-15.805655706999971, 13.255409882000038], [-15.80746324599994, 13.258922688000041], [-15.825279025999976, 13.260624909000057], [-15.83153897699998, 13.252981145000035], [-15.83842727299998, 13.254131434000044], [-15.84413200199998, 13.259243757000036], [-15.850402506999956, 13.254824812000038], [-15.852703599999927, 13.27094352000006], [-15.859290040999952, 13.271214599000075], [-15.861220238999977, 13.266809987000045], [-15.868110058999946, 13.26825264200005], [-15.866037322999944, 13.274636924000049], [-15.875041155999952, 13.281203271000038], [-15.877732650999974, 13.280460993000077], [-15.87829762299998, 13.271076485000037], [-15.881728872999929, 13.267985983000074], [-15.888455295999961, 13.265616986000055], [-15.89534734199998, 13.267645297000058], [-15.900547826999968, 13.257364843000062], [-15.914014860999941, 13.256730529000038], [-15.916291015999946, 13.265078636000055], [-15.91361461899993, 13.269779486000061], [-15.918881011999929, 13.277237203000027], [-15.925019130999942, 13.277654786000028], [-15.92738686499996, 13.270536038000046], [-15.942655512999977, 13.271213009000064], [-15.952740792999975, 13.285982070000045], [-15.951420583999948, 13.292877192000049], [-15.961225843999955, 13.293188506000035], [-15.965697319999947, 13.288407101000075], [-15.975280802999976, 13.298815710000042], [-15.984064170999943, 13.296216402000027], [-15.991181336999944, 13.298021240000026], [-15.99955650399994, 13.287176877000036], [-16.00518656299994, 13.291369382000028], [-16.005767479999975, 13.296131504000073], [-16.01157051599995, 13.296841476000054], [-16.030941110999947, 13.276056934000053], [-16.051699818999964, 13.27432286100003], [-16.059699658999932, 13.264028019000023], [-16.06774841699996, 13.265093897000042], [-16.07061304399997, 13.27845867600007], [-16.083900937999942, 13.279593542000043], [-16.089865405999944, 13.274620532000029], [-16.090953510999952, 13.266919681000047], [-16.08905752299995, 13.261247261000051], [-16.07649349899998, 13.254337361000069], [-16.08171256999998, 13.250100683000028], [-16.091993334999927, 13.248407705000034], [-16.114701194999952, 13.264618022000036], [-16.12636090199993, 13.277943336000021], [-16.11253647199993, 13.282218658000033], [-16.110700683999937, 13.289922812000043], [-16.12082685799993, 13.29500914700003], [-16.139166647999957, 13.296027108000033], [-16.169722173999958, 13.269410519000076], [-16.192311519999976, 13.25996073500005], [-16.203670630999966, 13.249462890000075], [-16.208752603999926, 13.25585213000005], [-16.20956514599993, 13.268858028000068], [-16.202058815999976, 13.302059277000069], [-16.221261218999928, 13.325788244000023], [-16.282469891999938, 13.305680618000054], [-16.310611103999975, 13.290551476000076], [-16.333066324999947, 13.293265400000053], [-16.341685937999955, 13.284062323000057], [-16.35279781299994, 13.279924158000028], [-16.361809732999973, 13.265078101000029], [-16.366422736999937, 13.269278437000025], [-16.37433008299996, 13.269818668000028], [-16.377270413999952, 13.278793935000067], [-16.38297861199993, 13.28117727800003], [-16.414886833999958, 13.272510430000068], [-16.448704500999952, 13.27098836500005], [-16.459126665999975, 13.27991974300005], [-16.482199874999935, 13.28652954000006], [-16.515208488999974, 13.29149643900007], [-16.52871439699993, 13.290166942000042], [-16.556480845999943, 13.299322047000032], [-16.579109003999974, 13.333619132000024], [-16.571469718999936, 13.357659861000059], [-16.585648968999976, 13.38595663600006], [-16.613009077999948, 13.379629822000027], [-16.617747599999973, 13.38256960800004], [-16.615703748999977, 13.385300384000061], [-16.622456847999956, 13.387043036000023], [-16.622157209999955, 13.401506977000054], [-16.632770541999946, 13.39928382200003], [-16.636389147999978, 13.404576636000058], [-16.643089370999974, 13.400632416000064]]]}}, {"type": "Feature", "properties": {"name": "Janjanbureh", "country": "GMB"}, "geometry": {"type": "Polygon", "coordinates": [[[-14.522126527999944, 13.380528237000021], [-14.505196486999978, 13.381414647000042], [-14.498054391999972, 13.385199421000038], [-14.513326635999931, 13.46888228000006], [-14.537604242999976, 13.471081777000052], [-14.55533769799996, 13.48344165900005], [-14.571270726999956, 13.48510318700005], [-14.58142601399993, 13.492843830000027], [-14.580800891999957, 13.503165542000033], [-14.568448160999935, 13.535523775000058], [-14.571902989999955, 13.55602659300007], [-14.577361051999958, 13.560194672000023], [-14.588891185999955, 13.564966819000063], [-14.60726740399997, 13.561580242000048], [-14.625056812999958, 13.54482381400004], [-14.627049670999952, 13.532424614000035], [-14.617709701999956, 13.487331873000073], [-14.619415870999944, 13.46416382600006], [-14.632052181999939, 13.437818522000043], [-14.641163415999927, 13.433375750000039], [-14.651642815999935, 13.433727229000056], [-14.678438115999938, 13.480921382000076], [-14.704355953999936, 13.509471120000057], [-14.714342226999975, 13.536218185000052], [-14.735143224999945, 13.53312192900006], [-14.76640337699996, 13.545184058000075], [-14.792060202999949, 13.544761119000043], [-14.79737240399993, 13.546250791000034], [-14.809203600999979, 13.559182299000042], [-14.820131911999965, 13.563052213000049], [-14.84533573699997, 13.56173231400004], [-14.859998914999949, 13.548446581000064], [-14.906666778999977, 13.577284294000037], [-14.937337311999954, 13.57751668000003], [-14.956924783999966, 13.573213418000023], [-14.967855976999942, 13.578562199000032], [-14.97438399799995, 13.587029244000064], [-14.98375554699993, 13.613386715000047], [-14.977873883999962, 13.613468132000037], [-14.956153774999962, 13.637601518000054], [-14.929270329999952, 13.643982136000034], [-14.919547122999973, 13.65303953800003], [-14.896152250999933, 13.664244890000077], [-14.891890794999938, 13.682957860000045], [-14.893254832999958, 13.68979082900006], [-14.908593419999931, 13.700045531000058], [-14.947634016999928, 13.704884096000058], [-14.95857123299993, 13.709193537000033], [-15.004450543999951, 13.695829269000058], [-15.025567748999947, 13.711052309000024], [-15.051397066999982, 13.724267437000037], [-15.070690987999967, 13.720846487000074], [-15.125825507999934, 13.693123789000026], [-15.163025911999966, 13.668223358000034], [-15.194606481999926, 13.652382169000077], [-15.205988849999926, 13.642272959000024], [-15.214022236999938, 13.639917639000032], [-15.240614925999978, 13.64083080000006], [-15.252161752999939, 13.644978171000048], [-15.28194960999997, 13.661878441000056], [-15.307199482999977, 13.690143116000058], [-15.32800648899996, 13.687294394000048], [-15.342272220999973, 13.67821488900006], [-15.356220908999944, 13.661040266000043], [-15.367550595999944, 13.621143975000052], [-15.36673802799993, 13.586538048000023], [-15.371290493999936, 13.58482323100003], [-15.371883492999928, 13.575613572000066], [-15.359974310999974, 13.531517885000028], [-15.353283165999926, 13.523506825000027], [-15.338395134999928, 13.515135451000049], [-15.317294947999926, 13.51442041000007], [-15.299826543999927, 13.504638911000029], [-15.291647393999938, 13.51890749000006], [-15.283146039999963, 13.51824885600007], [-15.279811392999932, 13.522411459000068], [-15.275103434999949, 13.520485777000033], [-15.26903905499995, 13.527176244000032], [-15.270409288999929, 13.530739502000074], [-15.26540207599993, 13.532824289000075], [-15.257047703999945, 13.528080028000034], [-15.256740123999975, 13.524367075000043], [-15.262504767999928, 13.520944891000056], [-15.25597335599997, 13.517089850000048], [-15.256280119999929, 13.520060153000031], [-15.24262786099996, 13.529431198000054], [-15.245519575999936, 13.536706386000048], [-15.238237390999927, 13.541317881000055], [-15.237180456999965, 13.54711158400005], [-15.22943450899993, 13.543554073000053], [-15.222605447999968, 13.546233802000074], [-15.220174785999973, 13.544453583000063], [-15.221078256999931, 13.536432116000071], [-15.215308495999977, 13.535248900000056], [-15.204234055999962, 13.544021518000022], [-15.204087056999981, 13.549665816000072], [-15.211680889999968, 13.553075711000076], [-15.206371732999969, 13.558278732000076], [-15.19528874599996, 13.558287642000039], [-15.186783706999961, 13.554432339000073], [-15.182382187999963, 13.556069432000072], [-15.177216438999949, 13.550874560000068], [-15.170499635999931, 13.551399161000063], [-15.168621086999963, 13.545999852000023], [-15.14245521099997, 13.559214545000032], [-15.116961512999978, 13.584849425000073], [-15.076572149999947, 13.584568036000064], [-15.073982232999981, 13.556644906000031], [-15.066690494999932, 13.541199659000029], [-15.046799047999968, 13.520186896000041], [-15.013401857999952, 13.49300949600007], [-14.996250691999933, 13.48498907000004], [-14.962557458999981, 13.477931008000041], [-14.938885512999946, 13.460399507000034], [-14.917034868999963, 13.452001146000043], [-14.892907032999972, 13.449169912000059], [-14.854207780999957, 13.45271525100003], [-14.81036370399994, 13.43590187600006], [-14.768786473999967, 13.435124486000063], [-14.75561055199995, 13.409638795000035], [-14.734839995999948, 13.38648424400003], [-14.735521906999963, 13.375729041000056], [-14.71937970199997, 13.374415379000027], [-14.695933553999964, 13.351646501000062], [-14.663478834999978, 13.34281862000006], [-14.632235591999972, 13.343764156000077], [-14.590957382999932, 13.355657643000029], [-14.581084136999948, 13.363365092000038], [-14.546485304999976, 13.321350083000027], [-14.526915550999945, 13.362240777000068], [-14.52781569299998, 13.384287989000029], [-14.522126527999944, 13.380528237000021]]]}}, {"type": "Feature", "properties": {"name": "Kanifing", "country": "GMB"}, "geometry": {"type": "Polygon", "coordinates": [[[-16.635280248999948, 13.403870733000076], [-16.646162474999926, 13.413168649000056], [-16.65545680499997, 13.416660241000045], [-16.64997239099995, 13.422606753000025], [-16.65601866399993, 13.423807027000066], [-16.654344660999982, 13.429005920000066], [-16.65725000699996, 13.42884990400006], [-16.657846776999975, 13.432010439000067], [-16.65516474599997, 13.44093573400005], [-16.661091712999962, 13.446609717000058], [-16.654294077999964, 13.451604179000071], [-16.649516159999962, 13.451074801000061], [-16.648797806999937, 13.447579063000035], [-16.64062572199998, 13.45359241400007], [-16.633997436999948, 13.453847965000023], [-16.62904180299995, 13.469318165000061], [-16.64208949199997, 13.47420276300005], [-16.65914494499998, 13.474410851000073], [-16.667204357999935, 13.489229752000028], [-16.67118776999996, 13.484647085000063], [-16.69367383699995, 13.475771580000071], [-16.723153511999953, 13.449020243000064], [-16.724282348999964, 13.443738231000054], [-16.71898580499993, 13.441055751000022], [-16.707246638999948, 13.441277565000064], [-16.704755975999944, 13.428108661000067], [-16.690844294999977, 13.425339951000069], [-16.689557014999934, 13.418751158000077], [-16.665666145999978, 13.404223708000075], [-16.659484799999973, 13.384473644000025], [-16.644752488999927, 13.39459411300004], [-16.64241198999997, 13.402012359000025], [-16.635280248999948, 13.403870733000076]]]}}, {"type": "Feature", "properties": {"name": "Kerewan", "country": "GMB"}, "geometry": {"type": "MultiPolygon", "coordinates": [[[[-16.13327977399996, 13.602416480000045], [-16.148836719999963, 13.602046322000035], [-16.152995244999943, 13.59309234500006], [-16.54565345499998, 13.59337823900006], [-16.54853591099993, 13.587214120000056], [-16.528599459999953, 13.554390252000076], [-16.52713638499995, 13.531171912000048], [-16.53313012999996, 13.508980017000056], [-16.543232216999968, 13.489835967000033], [-16.54978811099994, 13.487222707000058], [-16.544633071999954, 13.480536462000032], [-16.53000985899996, 13.477767242000027], [-16.528801502999954, 13.471485339000026], [-16.50965243899998, 13.46888529100005], [-16.50100189699998, 13.463505410000039], [-16.480551755999954, 13.439183799000034], [-16.484644082999978, 13.439731467000058], [-16.48491942499993, 13.437013969000077], [-16.477360700999952, 13.423715750000042], [-16.482611429999963, 13.391076458000043], [-16.496451804999936, 13.378822569000022], [-16.49846201699995, 13.371886978000077], [-16.507525132999945, 13.362005994000071], [-16.475120491999974, 13.359740077000026], [-16.455017160999944, 13.354719379000073], [-16.44107029299994, 13.349215360000073], [-16.411295276999965, 13.328164412000035], [-16.354795319999937, 13.339751938000063], [-16.335448155999927, 13.347225438000066], [-16.320605960999956, 13.344399530000032], [-16.315553982999973, 13.338171694000039], [-16.31007617499995, 13.33752996800007], [-16.283039306999967, 13.357770917000039], [-16.264145431999964, 13.365460340000027], [-16.211429514999963, 13.407488020000073], [-16.20802800799993, 13.415567915000054], [-16.185443920999944, 13.43140028700003], [-16.181098949999978, 13.438836568000056], [-16.145936293999966, 13.454009628000051], [-16.130489332999957, 13.469358219000071], [-16.130716421999978, 13.478828196000052], [-16.13789415699995, 13.490768513000035], [-16.13463941499998, 13.497573759000034], [-16.120416964999947, 13.50210515200007], [-16.103969674999973, 13.499497618000078], [-16.089983794999966, 13.516088529000058], [-16.08912019899998, 13.52699296700007], [-16.10463885599995, 13.525852772000064], [-16.10740306799994, 13.531201518000046], [-16.099053597999955, 13.542496362000065], [-16.102940153999953, 13.553558562000035], [-16.102088279999975, 13.566875357000072], [-16.09516928299996, 13.571730672000058], [-16.089470809999966, 13.563892857000042], [-16.085298055999942, 13.570165503000055], [-16.084961954999926, 13.576600136000025], [-16.09028466099994, 13.582116595000059], [-16.09214411199997, 13.589256405000071], [-16.09105866899995, 13.591584240000032], [-16.088142305999952, 13.59302658100006], [-16.12358399599998, 13.593226694000066], [-16.13327977399996, 13.602416480000045]]], [[[-15.373032515999967, 13.62965457100006], [-15.39918225699995, 13.631040301000041], [-15.399203601999943, 13.643747811000026], [-15.405229878999933, 13.646527509000066], [-15.405645917999948, 13.642704240000057], [-15.41282244599995, 13.638663202000032], [-15.417371785999933, 13.642581501000052], [-15.421804443999974, 13.640197812000054], [-15.462575350999941, 13.640075400000057], [-15.470254308999927, 13.590301508000039], [-16.086039838999966, 13.592678356000022], [-16.091317152999977, 13.588187835000042], [-16.083039063999934, 13.575536296000053], [-16.083563554999955, 13.570351740000035], [-16.087914138999963, 13.563006148000056], [-16.091020965999974, 13.563349991000052], [-16.095437542999946, 13.570478604000073], [-16.099991793999948, 13.56777809600004], [-16.101495412999952, 13.557138906000034], [-16.09795364599995, 13.541607699000053], [-16.10611721099997, 13.529598917000044], [-16.101903523999965, 13.526758322000035], [-16.08913887999995, 13.531102977000046], [-16.085617833999947, 13.519860186000074], [-16.102589440999964, 13.497180599000046], [-16.126155770999958, 13.499220276000074], [-16.13580861099996, 13.493815820000066], [-16.12787702999998, 13.476875284000073], [-16.12874388499995, 13.46704298700007], [-16.131834354999967, 13.464169920000074], [-16.12832012299998, 13.454536002000054], [-16.116607242999976, 13.448512493000067], [-16.083345631999975, 13.441152427000077], [-15.994817356999931, 13.44580669000004], [-15.987363351999932, 13.449088485000061], [-15.966905397999938, 13.446880470000053], [-15.933332038999936, 13.452439936000076], [-15.905563963999953, 13.44846683000003], [-15.873189108999952, 13.462878112000055], [-15.847643190999975, 13.467897980000032], [-15.788934708999932, 13.455302927000048], [-15.735903422999968, 13.466912660000048], [-15.706260307999969, 13.490512170000045], [-15.67347571299996, 13.503226765000022], [-15.653550863999953, 13.501794253000071], [-15.640068269999972, 13.497187650000058], [-15.622190286999967, 13.480059466000057], [-15.608511302999943, 13.47210975400003], [-15.595863531999953, 13.497203721000062], [-15.578265190999957, 13.516181911000047], [-15.561585417999936, 13.523460488000069], [-15.544509069999947, 13.523683860000062], [-15.527423660999943, 13.519821611000054], [-15.508023796999964, 13.497953971000072], [-15.500425586999938, 13.493513423000024], [-15.490368535999949, 13.492604983000035], [-15.460032208999962, 13.502502420000042], [-15.444089885999972, 13.499746253000069], [-15.412721101999978, 13.462574713000038], [-15.391645915999959, 13.45109736300003], [-15.355585866999945, 13.438247314000023], [-15.347619576999932, 13.438444098000048], [-15.320129953999981, 13.449063370000033], [-15.310465012999941, 13.456223532000024], [-15.307436764999977, 13.461611498000025], [-15.304256726999938, 13.497077085000058], [-15.307110706999936, 13.503386153000065], [-15.31318661399996, 13.506813402000034], [-15.339376008999977, 13.511049552000031], [-15.351527095999927, 13.51641700500005], [-15.361788821999937, 13.526799461000053], [-15.372822757999927, 13.545070923000026], [-15.377407262999952, 13.564187136000044], [-15.373032515999967, 13.62965457100006]]]]}}, {"type": "Feature", "properties": {"name": "Kuntaur", "country": "GMB"}, "geometry": {"type": "Polygon", "coordinates": [[[-15.373032515999967, 13.62965457100006], [-15.356827080999949, 13.669382583000072], [-15.348494906999974, 13.679105767000067], [-15.326219312999967, 13.692256938000071], [-15.312908337999943, 13.69423708200003], [-15.302444671999979, 13.691977183000063], [-15.278590533999932, 13.669017777000022], [-15.244335201999945, 13.64611805800007], [-15.212851214999944, 13.643667483000058], [-15.201675651999949, 13.652791440000044], [-15.197626062999973, 13.64985460400004], [-15.163122982999937, 13.668594511000038], [-15.160584866999955, 13.677416446000052], [-15.103354658999933, 13.709674876000065], [-15.071320500999946, 13.72269043800003], [-15.051021570999978, 13.725918255000067], [-15.003018631999964, 13.702968164000026], [-14.985626458999945, 13.705130431000043], [-14.957432807999965, 13.715163081000071], [-14.934011615999964, 13.712613629000032], [-14.925916928999982, 13.707240013000046], [-14.90820748699997, 13.70476043900004], [-14.89274130299998, 13.697828039000058], [-14.888338388999955, 13.684185753000065], [-14.892249877999973, 13.665811873000052], [-14.898469430999967, 13.656626680000045], [-14.919505465999976, 13.642145891000041], [-14.942921061999982, 13.63833588700004], [-14.956508177999979, 13.632684578000067], [-14.973347505999982, 13.617915708000055], [-14.974794445999976, 13.601519048000057], [-14.967571420999946, 13.58314245300005], [-14.961647538999955, 13.579466457000024], [-14.910278553999945, 13.580230706000066], [-14.862898042999973, 13.554765815000053], [-14.842807464999964, 13.566344840000056], [-14.82481734299995, 13.568099762000031], [-14.810661402999926, 13.563000768000052], [-14.794348670999966, 13.546449727000038], [-14.764802826999926, 13.546918408000067], [-14.741409761999932, 13.53572855300007], [-14.712947836999945, 13.536969677000059], [-14.703216186999953, 13.520773628000029], [-14.702651487999958, 13.510171620000051], [-14.677047443999982, 13.483071202000076], [-14.65601885999996, 13.441627374000063], [-14.648519345999944, 13.43483215200007], [-14.63146504599996, 13.444136956000023], [-14.620812803999968, 13.46822144600003], [-14.628715833999934, 13.541099349000035], [-14.61192375099995, 13.561710896000022], [-14.589664898999956, 13.566622535000022], [-14.570465861999935, 13.556837175000055], [-14.565014185999928, 13.535625409000033], [-14.579590198999938, 13.50306928200007], [-14.57715699199997, 13.490343723000024], [-14.55427294599997, 13.485144872000035], [-14.537974791999943, 13.473100729000066], [-14.514002878999975, 13.471500668000033], [-14.507096433999948, 13.458765829000072], [-14.498844258999952, 13.468502575000059], [-14.477026956999964, 13.472698570000034], [-14.474627403999932, 13.480255682000063], [-14.482536438999944, 13.496385779000036], [-14.461560823999946, 13.510476378000021], [-14.446858022999947, 13.528324747000056], [-14.467340183999966, 13.542362540000056], [-14.491909926999938, 13.60559588700005], [-14.503581722999968, 13.621591645000024], [-14.519086613999946, 13.636816923000026], [-14.539584522999974, 13.649718359000076], [-14.554753034999976, 13.653845105000073], [-14.58994553399998, 13.655389897000077], [-14.63945980699998, 13.649318096000059], [-14.660860541999966, 13.642846189000068], [-14.71754855499995, 13.616908710000075], [-14.760088027999927, 13.63794391500005], [-14.796413039999948, 13.666741169000034], [-14.804403473999969, 13.705548236000027], [-14.800910251999937, 13.733391362000077], [-14.804514924999978, 13.745550310000056], [-14.81422086699996, 13.756164226000067], [-14.887317930999927, 13.792841122000027], [-14.92532500699997, 13.795852214000035], [-14.944648102999963, 13.793143411000074], [-14.962004449999938, 13.786701157000039], [-15.008754944999964, 13.807202664000044], [-15.068927692999978, 13.823236244000043], [-15.138937010999939, 13.794300941000074], [-15.200538811999934, 13.762334429000077], [-15.217491264999978, 13.749664088000031], [-15.237889699999982, 13.74995519600003], [-15.248580941999933, 13.765648339000052], [-15.264607644999955, 13.77777098200005], [-15.294537348999938, 13.79054781900004], [-15.340148036999949, 13.789094243000022], [-15.37284993999998, 13.780110318000027], [-15.394126276999941, 13.766594910000038], [-15.413487760999942, 13.747398755000063], [-15.449772559999928, 13.68209365100006], [-15.462575350999941, 13.640075400000057], [-15.421804443999974, 13.640197812000054], [-15.417371785999933, 13.642581501000052], [-15.41282244599995, 13.638663202000032], [-15.405645917999948, 13.642704240000057], [-15.405229878999933, 13.646527509000066], [-15.399203601999943, 13.643747811000026], [-15.39918225699995, 13.631040301000041], [-15.373032515999967, 13.62965457100006]]]}}, {"type": "Feature", "properties": {"name": "Mansakonko", "country": "GMB"}, "geometry": {"type": "Polygon", "coordinates": [[[-15.802167077999968, 13.241212499000028], [-15.803387179999959, 13.342723679000073], [-15.793682823999973, 13.34744209300004], [-15.770472783999935, 13.346340871000052], [-15.737695998999982, 13.350250149000033], [-15.687225030999969, 13.364875882000035], [-15.644257148999941, 13.346106676000034], [-15.592011081999942, 13.349166289000038], [-15.562094791999982, 13.361696324000036], [-15.530727733999981, 13.381406061000064], [-15.516647871999965, 13.395733691000032], [-15.48248797399998, 13.390455584000051], [-15.478931930999977, 13.383952720000025], [-15.464307018999932, 13.382469018000052], [-15.414298759999951, 13.357876107000038], [-15.36651399699997, 13.345194307000042], [-15.335373096999945, 13.347070105000057], [-15.280891363999956, 13.364363660000038], [-15.247819938999953, 13.38529092300007], [-15.229718867999964, 13.405540970000061], [-15.218354920999957, 13.425857294000025], [-15.210885154999971, 13.447855944000025], [-15.207803561999981, 13.472333399000036], [-15.210627238999962, 13.526878797000052], [-15.169430255999941, 13.54363898500003], [-15.170499635999931, 13.551399161000063], [-15.177216438999949, 13.550874560000068], [-15.182382187999963, 13.556069432000072], [-15.186783706999961, 13.554432339000073], [-15.19528874599996, 13.558287642000039], [-15.206371732999969, 13.558278732000076], [-15.211680889999968, 13.553075711000076], [-15.204087056999981, 13.549665816000072], [-15.204234055999962, 13.544021518000022], [-15.215308495999977, 13.535248900000056], [-15.221078256999931, 13.536432116000071], [-15.220174785999973, 13.544453583000063], [-15.222605447999968, 13.546233802000074], [-15.22943450899993, 13.543554073000053], [-15.237180456999965, 13.54711158400005], [-15.238237390999927, 13.541317881000055], [-15.245519575999936, 13.536706386000048], [-15.24262786099996, 13.529431198000054], [-15.256280119999929, 13.520060153000031], [-15.25597335599997, 13.517089850000048], [-15.262504767999928, 13.520944891000056], [-15.256740123999975, 13.524367075000043], [-15.257047703999945, 13.528080028000034], [-15.26540207599993, 13.532824289000075], [-15.270409288999929, 13.530739502000074], [-15.26903905499995, 13.527176244000032], [-15.275103434999949, 13.520485777000033], [-15.279811392999932, 13.522411459000068], [-15.283146039999963, 13.51824885600007], [-15.291647393999938, 13.51890749000006], [-15.297105232999968, 13.51340545000005], [-15.295278973999928, 13.50954581600007], [-15.30251532099993, 13.504912604000026], [-15.299712599999964, 13.487423642000067], [-15.306761940999934, 13.455161370000042], [-15.315290570999935, 13.447673512000051], [-15.350023306999958, 13.434578995000038], [-15.387034630999949, 13.44383478900005], [-15.40862164799995, 13.454136873000039], [-15.430073106999942, 13.471401353000033], [-15.45064124399994, 13.49533629900003], [-15.463827587999958, 13.496485156000062], [-15.48149056899996, 13.48860819600003], [-15.496319752999966, 13.487406426000064], [-15.51731598699996, 13.49777335500005], [-15.535326634999933, 13.512249917000076], [-15.569641288999946, 13.513933569000073], [-15.57904949999994, 13.501083750000078], [-15.586302548999981, 13.464927845000034], [-15.592273881999972, 13.456557144000044], [-15.607232716999931, 13.448458007000056], [-15.616368545999933, 13.447995974000037], [-15.629411941999933, 13.452581849000069], [-15.667405749999944, 13.48766958300007], [-15.677128040999946, 13.482219108000038], [-15.69190309399994, 13.462826819000043], [-15.701175080999974, 13.457596619000071], [-15.75730740199998, 13.445265706000043], [-15.814048967999952, 13.437831777000042], [-15.845240386999933, 13.448797467000077], [-15.862917357999947, 13.449617084000067], [-15.86768098899995, 13.441464352000025], [-15.876956250999967, 13.438500206000072], [-15.881724815999974, 13.431886530000043], [-15.894309531999966, 13.433014979000063], [-15.90970841099994, 13.425776466000059], [-15.925142248999975, 13.427919280000026], [-15.93756253999993, 13.425307906000057], [-15.940232908999974, 13.428413179000074], [-15.962862780999956, 13.422921947000077], [-16.026692023999942, 13.421662256000047], [-16.038473306999947, 13.418865357000072], [-16.04649388499996, 13.41223545300005], [-16.073243979999972, 13.408275005000064], [-16.126095031999967, 13.42242894900005], [-16.14618135099994, 13.434432101000027], [-16.171663455999976, 13.400599434000071], [-16.208012277999956, 13.370652569000072], [-16.223197226999957, 13.338696927000058], [-16.221261218999928, 13.325788244000023], [-16.202058815999976, 13.302059277000069], [-16.20956514599993, 13.268858028000068], [-16.208752603999926, 13.25585213000005], [-16.203670630999966, 13.249462890000075], [-16.192311519999976, 13.25996073500005], [-16.169722173999958, 13.269410519000076], [-16.139166647999957, 13.296027108000033], [-16.12082685799993, 13.29500914700003], [-16.110700683999937, 13.289922812000043], [-16.11253647199993, 13.282218658000033], [-16.12636090199993, 13.277943336000021], [-16.114701194999952, 13.264618022000036], [-16.091993334999927, 13.248407705000034], [-16.08171256999998, 13.250100683000028], [-16.07649349899998, 13.254337361000069], [-16.08905752299995, 13.261247261000051], [-16.090953510999952, 13.266919681000047], [-16.089865405999944, 13.274620532000029], [-16.083900937999942, 13.279593542000043], [-16.07061304399997, 13.27845867600007], [-16.06774841699996, 13.265093897000042], [-16.059699658999932, 13.264028019000023], [-16.051699818999964, 13.27432286100003], [-16.030941110999947, 13.276056934000053], [-16.01157051599995, 13.296841476000054], [-16.005767479999975, 13.296131504000073], [-16.00518656299994, 13.291369382000028], [-15.99955650399994, 13.287176877000036], [-15.993797738999945, 13.297278040000037], [-15.975280802999976, 13.298815710000042], [-15.965697319999947, 13.288407101000075], [-15.961225843999955, 13.293188506000035], [-15.951420583999948, 13.292877192000049], [-15.952740792999975, 13.285982070000045], [-15.942655512999977, 13.271213009000064], [-15.92738686499996, 13.270536038000046], [-15.925019130999942, 13.277654786000028], [-15.918881011999929, 13.277237203000027], [-15.91361461899993, 13.269779486000061], [-15.916291015999946, 13.265078636000055], [-15.914014860999941, 13.256730529000038], [-15.900547826999968, 13.257364843000062], [-15.89534734199998, 13.267645297000058], [-15.888455295999961, 13.265616986000055], [-15.881728872999929, 13.267985983000074], [-15.87829762299998, 13.271076485000037], [-15.877732650999974, 13.280460993000077], [-15.875041155999952, 13.281203271000038], [-15.866037322999944, 13.274636924000049], [-15.868110058999946, 13.26825264200005], [-15.861220238999977, 13.266809987000045], [-15.859290040999952, 13.271214599000075], [-15.852703599999927, 13.27094352000006], [-15.850402506999956, 13.254824812000038], [-15.84413200199998, 13.259243757000036], [-15.83842727299998, 13.254131434000044], [-15.83153897699998, 13.252981145000035], [-15.825279025999976, 13.260624909000057], [-15.80746324599994, 13.258922688000041], [-15.805655706999971, 13.255409882000038], [-15.809983741999929, 13.251731047000021], [-15.810102850999954, 13.242494545000056], [-15.802167077999968, 13.241212499000028]]]}}, {"type": "Feature", "properties": {"name": "Savanes Region", "country": "TGO"}, "geometry": {"type": "Polygon", "coordinates": [[[1.000278, 10.219444], [0.776667, 10.376667], [0.785278, 10.524444], [0.800556, 10.551111], [0.806944, 10.579722], [0.8075, 10.607222], [0.800278, 10.681111], [0.8025, 10.714167], [0.809722, 10.727778], [0.879444, 10.799722], [0.888611, 10.860833], [0.904444, 10.876944], [0.888611, 10.92], [0.911944, 10.978611], [0.9122091, 10.9961705], [0.65631, 10.99736], [0.59506, 10.96956], [0.589, 10.96975], [0.49468, 10.931], [0.50634, 10.97321], [0.50584, 10.98011], [0.49372, 10.98234], [0.48997, 10.98623], [0.50285, 11.00908], [0.0395609, 11.1009076], [0.0314499, 11.1085557], [0.0183608, 11.113509], [-0.0031489, 11.1113759], [-0.136228, 11.139497], [-0.133809, 11.1298039], [-0.143739, 11.1186226], [-0.1429994, 11.1058198], [-0.1264046, 11.1060112], [-0.1192316, 11.0993372], [-0.1025015, 11.0937308], [-0.1030759, 11.090223], [-0.0949986, 11.0861133], [-0.0547004, 11.0859518], [-0.0461886, 11.1003376], [-0.0194235, 11.1144797], [-0.0046512, 11.107812], [-0.0051837, 11.1008816], [0.001826, 11.0942872], [0.003217, 11.084025], [0.023905, 11.062604], [0.028572, 11.003962], [0.034392, 10.99268], [0.031245, 10.982687], [0.03325, 10.977966], [0.023508, 10.977401], [0.013125, 10.971281], [0.0097266, 10.9655898], [0.0054423, 10.9671131], [-0.0061046, 10.9632369], [-0.0070459, 10.9456402], [-0.0118671, 10.9437544], [-0.007661, 10.9146888], [-0.015077, 10.9063353], [-0.0121979, 10.9054201], [-0.0177198, 10.8895717], [-0.025371, 10.8813609], [-0.0251416, 10.8657582], [-0.0295014, 10.8544666], [-0.0279073, 10.8421743], [-0.0223489, 10.8316816], [-0.021767, 10.818676], [-0.029119, 10.814512], [-0.030527, 10.807279], [-0.038463, 10.804684], [-0.044244, 10.798024], [-0.04469, 10.792201], [-0.056219, 10.786293], [-0.064072, 10.772738], [-0.072847, 10.769827], [-0.069735, 10.76413], [-0.074294, 10.757355], [-0.070945, 10.741817], [-0.074411, 10.730086], [-0.072346, 10.720047], [-0.085675, 10.7164], [-0.09009, 10.7115612], [-0.070389, 10.669951], [-0.069839, 10.659269], [-0.060523, 10.634395], [-0.015695, 10.623597], [-0.011815, 10.615744], [0.041287, 10.601442], [0.042873, 10.594405], [0.056124, 10.583512], [0.060996, 10.560818], [0.117222, 10.541419], [0.127629, 10.529747], [0.1426695, 10.5262702], [0.144137, 10.515129], [0.147326, 10.513568], [0.146972, 10.501233], [0.151202, 10.497285], [0.150623, 10.487182], [0.154809, 10.4846], [0.154139, 10.477714], [0.158871, 10.47518], [0.15426, 10.46508], [0.16168, 10.46056], [0.164024, 10.453872], [0.172629, 10.450651], [0.172872, 10.446321], [0.166658, 10.441512], [0.17115, 10.433654], [0.169105, 10.430335], [0.174846, 10.424491], [0.182008, 10.423721], [0.185324, 10.417135], [0.190932, 10.416738], [0.190356, 10.404317], [0.1940635, 10.4029412], [0.204823, 10.407621], [0.206565, 10.40444], [0.209414, 10.405477], [0.205131, 10.418255], [0.21202, 10.416859], [0.210301, 10.421577], [0.217696, 10.426923], [0.221175, 10.424884], [0.217467, 10.422733], [0.226351, 10.422359], [0.236562, 10.41248], [0.237685, 10.416186], [0.243825, 10.416008], [0.249433, 10.41372], [0.25095, 10.409245], [0.258364, 10.409907], [0.259261, 10.407587], [0.263693, 10.410979], [0.264008, 10.408852], [0.268474, 10.410213], [0.266437, 10.416074], [0.270297, 10.415553], [0.272723, 10.421028], [0.28595, 10.421586], [0.290147, 10.408986], [0.298203, 10.409881], [0.30042, 10.402501], [0.30079, 10.39177], [0.290406, 10.381846], [0.293335, 10.380422], [0.290316, 10.376406], [0.300788, 10.373168], [0.302375, 10.369475], [0.307491, 10.371501], [0.314475, 10.35958], [0.315591, 10.337967], [0.320639, 10.334092], [0.325378, 10.340454], [0.33264, 10.337403], [0.33837, 10.325151], [0.323024, 10.319501], [0.322023, 10.312677], [0.316134, 10.311155], [0.318671, 10.30864], [0.321268, 10.310123], [0.325059, 10.30683], [0.328885, 10.311724], [0.330526, 10.308247], [0.332073, 10.311486], [0.33631, 10.308323], [0.347815, 10.307637], [0.353309, 10.314248], [0.365773, 10.310746], [0.387855, 10.31558], [0.395816, 10.314269], [0.397303, 10.304534], [0.38837, 10.304018], [0.382731, 10.299074], [0.384691, 10.296807], [0.37877, 10.294614], [0.378149, 10.28632], [0.373192, 10.288387], [0.373277, 10.282712], [0.369517, 10.284839], [0.373019, 10.279985], [0.381983, 10.276936], [0.3817512, 10.2732111], [0.3723297, 10.265674], [0.3644573, 10.2645572], [0.3615908, 10.2581078], [0.3605147, 10.2190168], [0.3553805, 10.2117321], [0.3568507, 10.1975879], [0.3512426, 10.1924296], [0.3547669, 10.1828869], [0.3506759, 10.1683193], [0.3623292, 10.1472054], [0.3636017, 10.1379672], [0.3523933, 10.1111619], [0.3530763, 10.0986805], [0.3563274, 10.0910178], [0.3646555, 10.0855955], [0.3958541, 10.0809759], [0.4160052, 10.0624788], [0.4177473, 10.0576044], [0.4127084, 10.0407017], [0.4146849, 10.0324436], [0.4102291, 10.0209507], [0.426345, 10.0266365], [0.4235336, 10.021577], [0.4317405, 10.0203785], [0.4273879, 10.0069898], [0.4359891, 9.9950824], [0.428834, 9.9899947], [0.4275344, 9.985059], [0.4313292, 9.9669672], [0.4511363, 9.9707241], [0.4534812, 9.9681879], [0.4481688, 9.959399], [0.449458, 9.9568646], [0.4684614, 9.9496646], [0.4851291, 9.957254], [0.4940063, 9.9526094], [0.4996861, 9.9532703], [0.5007502, 9.9503167], [0.51738, 9.9556739], [0.5246653, 9.9529272], [0.5356551, 9.9546621], [0.5376485, 9.9528912], [0.5355572, 9.9450786], [0.5244682, 9.9407966], [0.5200303, 9.926477], [0.5156757, 9.9233158], [0.5190345, 9.9193055], [0.5386787, 9.9169489], [0.5439775, 9.9107671], [0.5450477, 9.8986639], [0.5663329, 9.8856677], [0.6044278, 9.8939416], [0.6248381, 9.8841628], [0.6280098, 9.8942269], [0.6435451, 9.901953], [0.6479158, 9.899203], [0.6528297, 9.8880524], [0.662621, 9.8892382], [0.6746628, 9.9005241], [0.6819262, 9.8963388], [0.673729, 9.9120134], [0.6659314, 9.9169755], [0.6634834, 9.9267013], [0.66923, 9.9342626], [0.6716496, 9.9540731], [0.6837477, 9.9684396], [0.6824245, 10.0072858], [0.6871503, 10.0325689], [0.6963656, 10.0578519], [0.7374707, 10.1222647], [0.7423774, 10.1487088], [0.7475668, 10.1537299], [0.7385831, 10.1621894], [0.7414096, 10.1672423], [0.7518764, 10.1638409], [0.7537341, 10.1721379], [0.7619837, 10.1822238], [0.763322, 10.1780656], [0.7833685, 10.171491], [0.7814563, 10.1803579], [0.7923995, 10.1844328], [0.7957524, 10.1761586], [0.8031093, 10.1761681], [0.8073661, 10.1607096], [0.815277, 10.158538], [0.822702, 10.1636177], [0.8241203, 10.1696005], [0.8433947, 10.1713825], [0.8481611, 10.1848427], [0.8533169, 10.1826642], [0.8597565, 10.1858168], [0.8769319, 10.1771074], [0.8840342, 10.1541279], [0.8891154, 10.1495306], [0.8955274, 10.1498936], [0.9020603, 10.1544908], [0.9029072, 10.1636854], [0.9081094, 10.1719121], [0.9248047, 10.1731219], [0.960978, 10.1645322], [0.9707774, 10.166226], [0.9822966, 10.176859], [1.000278, 10.219444]]]}}, {"type": "Feature", "properties": {"name": "Savannah Region", "country": "GHA"}, "geometry": {"type": "Polygon", "coordinates": [[[-0.3847059, 8.1528227], [-0.3541618, 8.1662028], [-0.351583, 8.1725968], [-0.3586256, 8.1857244], [-0.3518715, 8.1927516], [-0.348646, 8.2017038], [-0.3685549, 8.2010957], [-0.3849401, 8.1950427], [-0.3896901, 8.1987398], [-0.3907812, 8.2109016], [-0.3875222, 8.2241052], [-0.3694908, 8.2309025], [-0.3193076, 8.2268146], [-0.2918762, 8.2427911], [-0.280701, 8.2455903], [-0.2747727, 8.2295557], [-0.2594575, 8.216323], [-0.2378605, 8.2179147], [-0.2326576, 8.2130087], [-0.224308, 8.2128948], [-0.2189522, 8.2179707], [-0.198615, 8.2193472], [-0.1975865, 8.2245445], [-0.1885218, 8.2317898], [-0.1820519, 8.2323333], [-0.1772048, 8.227864], [-0.1686487, 8.2314236], [-0.1655325, 8.2384296], [-0.1696242, 8.2532502], [-0.1427476, 8.2721302], [-0.1449708, 8.2862128], [-0.1587912, 8.295846], [-0.1642585, 8.3119], [-0.184323, 8.3369822], [-0.18695, 8.3570902], [-0.1960158, 8.3475792], [-0.209856, 8.3504744], [-0.2169156, 8.3387791], [-0.2325261, 8.3395646], [-0.2373111, 8.3428872], [-0.2476108, 8.3337792], [-0.2619338, 8.3367515], [-0.2666652, 8.3266986], [-0.2755916, 8.3196921], [-0.3082287, 8.3206157], [-0.3241879, 8.3342728], [-0.3267038, 8.3397716], [-0.3181475, 8.3448245], [-0.3068394, 8.3581836], [-0.2998281, 8.353375], [-0.2731562, 8.3532476], [-0.2585006, 8.3494899], [-0.2528894, 8.3522817], [-0.2491343, 8.3808881], [-0.226038, 8.4278623], [-0.2189222, 8.4555246], [-0.2281743, 8.4587917], [-0.233494, 8.4574739], [-0.2428598, 8.4727208], [-0.2193613, 8.4750284], [-0.217532, 8.4700536], [-0.2130302, 8.4681878], [-0.2107142, 8.4863523], [-0.1998997, 8.4817318], [-0.1950731, 8.4833421], [-0.2082436, 8.4946847], [-0.2045322, 8.4972069], [-0.1995643, 8.5220901], [-0.2063375, 8.5256658], [-0.2061764, 8.538683], [-0.1973418, 8.5472972], [-0.1966703, 8.5523978], [-0.2145911, 8.552595], [-0.2210891, 8.5616386], [-0.2223981, 8.5699986], [-0.2289963, 8.5671023], [-0.2342212, 8.5717173], [-0.2374077, 8.567898], [-0.2376398, 8.5596677], [-0.2573633, 8.55557], [-0.2606678, 8.5462654], [-0.2655923, 8.5469338], [-0.2698302, 8.5423292], [-0.2690578, 8.5509655], [-0.2779091, 8.5577237], [-0.2883051, 8.5447529], [-0.2954185, 8.5415865], [-0.2985728, 8.5436236], [-0.2934015, 8.5473688], [-0.2998332, 8.5458069], [-0.3046775, 8.535072], [-0.3057718, 8.5389447], [-0.3107178, 8.539125], [-0.3121448, 8.5276131], [-0.3177667, 8.5358996], [-0.3233028, 8.531836], [-0.3336883, 8.5338307], [-0.3354907, 8.5311781], [-0.3366065, 8.5393266], [-0.3496528, 8.5599835], [-0.3439665, 8.56863], [-0.3560563, 8.5712647], [-0.3636742, 8.5815134], [-0.3577997, 8.5902631], [-0.3576447, 8.5990012], [-0.3623548, 8.5988468], [-0.3714943, 8.5870071], [-0.373398, 8.5980849], [-0.378037, 8.5980429], [-0.3794109, 8.5928001], [-0.3829677, 8.5923176], [-0.3910191, 8.5953958], [-0.3962738, 8.5930779], [-0.3961691, 8.5979592], [-0.3984703, 8.5964132], [-0.4024069, 8.6044844], [-0.4074933, 8.5978274], [-0.411073, 8.5990407], [-0.4092019, 8.6072467], [-0.4123991, 8.6101506], [-0.4151251, 8.6078258], [-0.4172125, 8.6138324], [-0.4135911, 8.6166417], [-0.4125104, 8.6259591], [-0.4192401, 8.6390814], [-0.417792, 8.6460121], [-0.4233422, 8.650061], [-0.4304613, 8.6432933], [-0.4348486, 8.6442928], [-0.4363138, 8.6499542], [-0.4327439, 8.6588745], [-0.4394629, 8.6594815], [-0.440553, 8.6641417], [-0.447101, 8.6624538], [-0.4537051, 8.6756219], [-0.4596233, 8.6785694], [-0.4598279, 8.6749973], [-0.4699543, 8.6718161], [-0.4759026, 8.6831257], [-0.4851238, 8.6825363], [-0.484886, 8.7015928], [-0.4902337, 8.704391], [-0.4860903, 8.7265376], [-0.4756521, 8.7337696], [-0.471291, 8.7339594], [-0.4562186, 8.7209553], [-0.4481136, 8.7295166], [-0.4309618, 8.7165192], [-0.4316614, 8.7284009], [-0.4131707, 8.734048], [-0.4083674, 8.7318214], [-0.414242, 8.718619], [-0.4124049, 8.7081755], [-0.4075757, 8.7155408], [-0.4057301, 8.7071111], [-0.3965924, 8.7130424], [-0.3868406, 8.7114614], [-0.3874156, 8.7088247], [-0.381023, 8.7114137], [-0.3837947, 8.7240811], [-0.3688425, 8.7225926], [-0.3659267, 8.7348705], [-0.3734064, 8.7402024], [-0.3728582, 8.7432949], [-0.358637, 8.7481467], [-0.3537527, 8.7544423], [-0.345841, 8.758475], [-0.3438523, 8.7549575], [-0.3396697, 8.7559203], [-0.3294485, 8.742162], [-0.314555, 8.7507767], [-0.3144263, 8.7650871], [-0.3077454, 8.7699781], [-0.3094565, 8.785641], [-0.3058431, 8.7841603], [-0.3046518, 8.7871197], [-0.3065562, 8.7956352], [-0.3032354, 8.7948578], [-0.2971626, 8.8059346], [-0.2994789, 8.809117], [-0.2953581, 8.8107715], [-0.2993849, 8.8193243], [-0.3080007, 8.8205143], [-0.3166211, 8.8162766], [-0.3211075, 8.8193166], [-0.3226849, 8.8341763], [-0.3343438, 8.8370085], [-0.338375, 8.8453314], [-0.3428875, 8.8464208], [-0.3446592, 8.8555349], [-0.3411411, 8.8560099], [-0.338879, 8.8610555], [-0.3441038, 8.8622303], [-0.3387901, 8.8673916], [-0.3331547, 8.8664199], [-0.3304909, 8.858981], [-0.3260935, 8.8631027], [-0.3139405, 8.8588045], [-0.299675, 8.8608598], [-0.3000423, 8.8649996], [-0.2950929, 8.8657485], [-0.302027, 8.87749], [-0.3020336, 8.8857233], [-0.2952207, 8.8887872], [-0.2910558, 8.8854993], [-0.2879437, 8.8924861], [-0.2795386, 8.8960744], [-0.2809919, 8.9012982], [-0.2743734, 8.8997391], [-0.272789, 8.9034602], [-0.2559061, 8.9009177], [-0.2438807, 8.9086198], [-0.2486299, 8.9174824], [-0.237512, 8.9203126], [-0.2406352, 8.9219423], [-0.2420956, 8.9308736], [-0.2342594, 8.9408262], [-0.2336368, 8.9363434], [-0.2279228, 8.9381761], [-0.2220236, 8.9357989], [-0.2131841, 8.9460442], [-0.2012769, 8.9467708], [-0.1954846, 8.9752143], [-0.2028411, 8.9984661], [-0.2060457, 8.9986108], [-0.2040141, 9.0047325], [-0.2123903, 9.0120031], [-0.2093814, 9.0124743], [-0.2088333, 9.0272401], [-0.2173292, 9.0295515], [-0.2184201, 9.0328471], [-0.2118792, 9.0456862], [-0.2130641, 9.0515218], [-0.2039696, 9.0628846], [-0.2130296, 9.0789846], [-0.208086, 9.0824853], [-0.2102936, 9.0861174], [-0.2093582, 9.0941168], [-0.2060355, 9.09562], [-0.2077914, 9.1029648], [-0.2026422, 9.108917], [-0.2103687, 9.1109532], [-0.2182619, 9.1085589], [-0.2222713, 9.1127299], [-0.2236006, 9.121269], [-0.2310286, 9.1234112], [-0.2371943, 9.1179098], [-0.2415026, 9.1225328], [-0.2473255, 9.1230792], [-0.2501166, 9.1293077], [-0.2584676, 9.1264133], [-0.2610393, 9.130054], [-0.2700013, 9.1296196], [-0.2820575, 9.1378275], [-0.2819065, 9.1453602], [-0.2871468, 9.1483004], [-0.2847646, 9.1502279], [-0.2865664, 9.1549227], [-0.2902701, 9.1549242], [-0.2945754, 9.17668], [-0.308089, 9.1811102], [-0.309355, 9.1934585], [-0.3173228, 9.1972829], [-0.3240046, 9.209335], [-0.3403765, 9.2112396], [-0.3586552, 9.2234859], [-0.3780666, 9.2280596], [-0.3921581, 9.2356027], [-0.4196424, 9.2225199], [-0.4263307, 9.2227511], [-0.4359095, 9.2310009], [-0.4524301, 9.2357261], [-0.4631005, 9.2429541], [-0.46931, 9.2425473], [-0.483706, 9.2505644], [-0.4896439, 9.2495368], [-0.5070863, 9.2586447], [-0.511894, 9.2651796], [-0.5110232, 9.2740645], [-0.5195204, 9.2822464], [-0.5351148, 9.2746748], [-0.5411868, 9.2771244], [-0.5442045, 9.2753106], [-0.553103, 9.284508], [-0.5663043, 9.2882766], [-0.5801216, 9.3164951], [-0.5944311, 9.3287659], [-0.5986311, 9.3238988], [-0.6045679, 9.3230262], [-0.6101505, 9.3113944], [-0.6172504, 9.3125797], [-0.6270409, 9.3070527], [-0.6364368, 9.3104328], [-0.6326762, 9.3157103], [-0.6351206, 9.3188333], [-0.6541666, 9.3152526], [-0.6841029, 9.3255199], [-0.6890586, 9.3101843], [-0.7145233, 9.3262876], [-0.7177828, 9.313684], [-0.7115817, 9.306], [-0.7143454, 9.295933], [-0.7104958, 9.2901505], [-0.6973584, 9.2850479], [-0.6984011, 9.28256], [-0.6940318, 9.2782507], [-0.708456, 9.2871629], [-0.7644449, 9.2960375], [-0.7748663, 9.3029143], [-0.7954893, 9.3089743], [-0.8059132, 9.3189498], [-0.8145747, 9.3129327], [-0.8228568, 9.3116167], [-0.8328226, 9.2973482], [-0.8424367, 9.2996874], [-0.8484125, 9.2967437], [-0.8491585, 9.3043047], [-0.859697, 9.3064703], [-0.869872, 9.3063959], [-0.8797338, 9.2999745], [-0.8851263, 9.3104343], [-0.9263752, 9.2963555], [-0.9337416, 9.2985393], [-0.9357671, 9.2939933], [-0.9475722, 9.2932424], [-0.9640517, 9.3189915], [-1.0025038, 9.3040844], [-0.9997572, 9.3203467], [-1.0203566, 9.3325429], [-1.050569, 9.3284776], [-1.0876479, 9.3000187], [-1.1151137, 9.3122156], [-1.1618056, 9.3135708], [-1.1988844, 9.3000187], [-1.2208571, 9.2742682], [-1.2373366, 9.2878213], [-1.2565627, 9.323057], [-1.2318434, 9.3962275], [-1.2565627, 9.4422898], [-1.2757887, 9.493764], [-1.3252272, 9.5438761], [-1.3677992, 9.595335], [-1.3169875, 9.6278313], [-1.3114943, 9.6616783], [-1.3417067, 9.6968756], [-1.3389601, 9.7713192], [-1.3320937, 9.7848526], [-1.2991347, 9.8024452], [-1.2661757, 9.7848526], [-1.2428297, 9.8146242], [-1.1961378, 9.782146], [-1.1659254, 9.7848526], [-1.1549391, 9.8511583], [-1.1714186, 9.8849827], [-1.1755385, 9.92692], [-1.1412062, 9.9309782], [-1.1000075, 9.916098], [-1.1219801, 9.940447], [-1.1769118, 9.9742621], [-1.2222304, 9.9864347], [-1.2318434, 10.0175404], [-1.2744154, 10.016188], [-1.2963881, 10.0351205], [-1.3375868, 10.0608128], [-1.4501967, 10.0824469], [-1.5171558, 10.0761508], [-1.5534668, 10.0525179], [-1.6260888, 10.0585778], [-1.6131646, 10.0337316], [-1.6131646, 10.0107017], [-1.6667079, 10.0082775], [-1.6845557, 9.9694863], [-1.6722469, 9.926447], [-1.6753241, 9.8864335], [-1.6944028, 9.870063], [-1.6851712, 9.8251914], [-1.6722469, 9.7875916], [-1.6796322, 9.7402825], [-1.6925565, 9.7172321], [-1.7294829, 9.6887202], [-1.8297998, 9.662026], [-1.8827277, 9.6359364], [-1.9134997, 9.6359364], [-1.9295012, 9.6784068], [-1.9621195, 9.725118], [-1.9898144, 9.7348234], [-2.0778224, 9.6905402], [-2.1559834, 9.7457416], [-2.2095267, 9.8033597], [-2.2759944, 9.8088178], [-2.3904664, 9.7803137], [-2.4544722, 9.7809202], [-2.5123236, 9.7669705], [-2.5418648, 9.714199], [-2.5738677, 9.7129858], [-2.5954081, 9.6711265], [-2.7500647, 9.6484187], [-2.7456013, 9.6412854], [-2.7474146, 9.6340489], [-2.762862, 9.6168594], [-2.7633153, 9.6086424], [-2.7718236, 9.6000815], [-2.7709092, 9.5751711], [-2.7551044, 9.5494852], [-2.7452518, 9.5448374], [-2.7318477, 9.5297544], [-2.7124592, 9.522824], [-2.6935464, 9.5036172], [-2.6848736, 9.488177], [-2.6850092, 9.472109], [-2.6899361, 9.4538909], [-2.6887108, 9.4333283], [-2.6769379, 9.4068526], [-2.6734753, 9.3878881], [-2.6774706, 9.3675386], [-2.683437, 9.3588554], [-2.6918538, 9.3537413], [-2.7027211, 9.3402638], [-2.716252, 9.3371208], [-2.7205669, 9.3331787], [-2.7211529, 9.3135217], [-2.7167561, 9.2988039], [-2.7095818, 9.2899151], [-2.693248, 9.2842749], [-2.685803, 9.2875688], [-2.6685216, 9.2730849], [-2.6570609, 9.2572474], [-2.66419, 9.2400562], [-2.6934736, 9.2256175], [-2.6963614, 9.2192103], [-2.7141391, 9.206441], [-2.7256901, 9.1700734], [-2.735016, 9.1582932], [-2.7466844, 9.1523607], [-2.7605435, 9.1515978], [-2.7727846, 9.1433589], [-2.7729475, 9.134943], [-2.7651001, 9.1219557], [-2.7608298, 9.0905976], [-2.7686858, 9.0756458], [-2.7801807, 9.0631557], [-2.7726023, 9.0473892], [-2.7664859, 9.0457318], [-2.7618617, 9.0375495], [-2.7480354, 9.0321158], [-2.7288798, 9.0300453], [-2.7220788, 9.0326577], [-2.690837, 9.0237878], [-2.6701361, 9.0230112], [-2.6544678, 9.0079189], [-2.6583376, 8.9836786], [-2.6519028, 8.9447077], [-2.6434012, 8.9346958], [-2.6180561, 8.9217312], [-2.6171096, 8.9071698], [-2.6232291, 8.8783096], [-2.6079838, 8.8481012], [-2.5996592, 8.8382921], [-2.596807, 8.827969], [-2.5992318, 8.8219022], [-2.6228522, 8.8077343], [-2.6303194, 8.7942627], [-2.613953, 8.7823929], [-2.6034738, 8.7876585], [-2.5842542, 8.7865793], [-2.5692854, 8.7727443], [-2.5428639, 8.7620018], [-2.535257, 8.7402912], [-2.5240942, 8.7329094], [-2.5119862, 8.7305238], [-2.4978801, 8.7180005], [-2.488844, 8.6988611], [-2.4868518, 8.6847022], [-2.4642972, 8.6528269], [-2.44626, 8.6427355], [-2.4422265, 8.6451138], [-2.4314969, 8.6408736], [-2.430572, 8.6346836], [-2.41684, 8.6231572], [-2.41429, 8.6092744], [-2.4186614, 8.5952948], [-2.4142444, 8.5743482], [-2.4092675, 8.5667946], [-2.3802886, 8.5564789], [-2.3702638, 8.5469554], [-2.3583175, 8.5196377], [-2.3705344, 8.5063616], [-2.3666314, 8.4758327], [-2.3558848, 8.4689356], [-2.3531581, 8.4607553], [-2.3469026, 8.4562642], [-2.3420372, 8.4418285], [-2.3236985, 8.4123154], [-2.3195282, 8.4101768], [-2.3206849, 8.4051595], [-2.3165772, 8.3970599], [-2.3088247, 8.3938201], [-2.3052377, 8.3856626], [-2.3072626, 8.3707941], [-2.3006094, 8.3643722], [-2.3044278, 8.3548262], [-2.2969067, 8.344181], [-2.2933197, 8.3247998], [-2.2883443, 8.3243949], [-2.285683, 8.319188], [-2.2869558, 8.3086006], [-2.2839473, 8.2952362], [-2.2396309, 8.2819876], [-2.2254696, 8.2637635], [-2.2105157, 8.2598562], [-2.2067553, 8.2539846], [-2.2081286, 8.2446728], [-2.2120446, 8.2414184], [-2.1918222, 8.2226049], [-2.1760493, 8.2189297], [-2.1671164, 8.2115281], [-2.1616546, 8.1742653], [-2.1386333, 8.1611467], [-2.1361321, 8.1530305], [-2.1246469, 8.1483854], [-2.1182153, 8.1576246], [-2.1059645, 8.1579819], [-2.0809524, 8.1531837], [-2.0648222, 8.1463947], [-2.0425129, 8.1483138], [-2.0310882, 8.1546962], [-2.006829, 8.1546299], [-1.9775986, 8.1660967], [-1.9612269, 8.1686817], [-1.9433971, 8.1839928], [-1.9327257, 8.2010936], [-1.9321291, 8.2097765], [-1.9140341, 8.2275401], [-1.9068757, 8.2470933], [-1.8958729, 8.2610125], [-1.8682333, 8.2585601], [-1.8421844, 8.2515342], [-1.8136831, 8.2364219], [-1.8017524, 8.2260156], [-1.7919818, 8.2247262], [-1.7704168, 8.2327408], [-1.7484387, 8.2585196], [-1.7467035, 8.2768623], [-1.7665335, 8.3107384], [-1.7698384, 8.3230495], [-1.7947084, 8.3386655], [-1.8177607, 8.3395744], [-1.8485161, 8.3296272], [-1.8692344, 8.3330659], [-1.8829463, 8.3474226], [-1.9076622, 8.3970692], [-1.9092956, 8.4374742], [-1.9031059, 8.4471886], [-1.892059, 8.4553126], [-1.8827314, 8.4743975], [-1.8967012, 8.5328988], [-1.8888781, 8.5877465], [-1.8708678, 8.6363185], [-1.8549207, 8.6543288], [-1.8375981, 8.6621089], [-1.8165789, 8.6626247], [-1.7885599, 8.6526753], [-1.7552576, 8.6306127], [-1.737002, 8.6266183], [-1.6930546, 8.6430403], [-1.6824731, 8.6586449], [-1.6830955, 8.6732431], [-1.679311, 8.6831472], [-1.6567276, 8.6952975], [-1.6466457, 8.6924735], [-1.6285535, 8.6797928], [-1.6118545, 8.6761578], [-1.5545554, 8.6747916], [-1.5277508, 8.6814348], [-1.5096101, 8.6920454], [-1.4996069, 8.7391816], [-1.4847207, 8.760033], [-1.4745927, 8.7655044], [-1.4387906, 8.7676251], [-1.4104879, 8.7748354], [-1.3755548, 8.7678478], [-1.3540757, 8.7585697], [-1.3093901, 8.7227274], [-1.2872994, 8.7204897], [-1.2621617, 8.6908481], [-1.211586, 8.6691908], [-1.1976385, 8.6708241], [-1.1871243, 8.6791817], [-1.1753655, 8.6829999], [-1.1327202, 8.6809203], [-1.1515151, 8.6405394], [-1.1420234, 8.5822127], [-1.1456318, 8.5512655], [-1.1624975, 8.5366091], [-1.1721949, 8.5349404], [-1.172296, 8.5286053], [-1.1649969, 8.5232118], [-1.1636796, 8.5150982], [-1.1687121, 8.5083625], [-1.1735852, 8.5076245], [-1.1743869, 8.5169172], [-1.1793357, 8.5178851], [-1.1825222, 8.510634], [-1.195944, 8.5115533], [-1.19188, 8.5021938], [-1.1945674, 8.4940941], [-1.2037606, 8.495123], [-1.2182952, 8.4912667], [-1.2210626, 8.488815], [-1.221452, 8.4774378], [-1.2294259, 8.4770478], [-1.2318207, 8.47051], [-1.2447577, 8.4701934], [-1.242815, 8.4673441], [-1.2453713, 8.4640876], [-1.2585523, 8.454897], [-1.2574522, 8.4492136], [-1.2630181, 8.4345255], [-1.2609575, 8.4291492], [-1.2544588, 8.4272955], [-1.2537043, 8.4240866], [-1.2560134, 8.420998], [-1.253915, 8.4182097], [-1.2581042, 8.4138356], [-1.2562747, 8.4100461], [-1.2600157, 8.4074714], [-1.2558465, 8.4029647], [-1.2576165, 8.392092], [-1.2527364, 8.3792882], [-1.2554502, 8.3727332], [-1.2601805, 8.3723861], [-1.2620602, 8.3683267], [-1.2568642, 8.3592943], [-1.2585898, 8.3525916], [-1.2618579, 8.3514435], [-1.2656949, 8.3402598], [-1.2733219, 8.3348187], [-1.2777533, 8.3234443], [-1.2749236, 8.3114212], [-1.280329, 8.3088993], [-1.2758746, 8.3043211], [-1.2778504, 8.3001654], [-1.2739382, 8.2905132], [-1.2751889, 8.2852761], [-1.2686649, 8.2769017], [-1.2664729, 8.2573418], [-1.2512928, 8.2431839], [-1.2371273, 8.2237489], [-1.2294904, 8.2048765], [-1.1565534, 8.0886582], [-1.1566178, 8.083768], [-1.1654247, 8.069805], [-1.1660487, 8.0603787], [-1.1592652, 8.0344121], [-1.1589536, 8.0230438], [-1.1624962, 8.0148501], [-1.1577433, 7.9993866], [-1.1357331, 7.9983135], [-1.1316079, 7.9951368], [-1.1257929, 7.9976017], [-1.1203051, 7.9932297], [-1.1123496, 7.9956414], [-1.1067385, 7.9925656], [-1.1041689, 7.9960824], [-1.0950387, 7.9982073], [-1.081177, 8.0174955], [-1.0458653, 8.0302778], [-1.0348298, 8.0254024], [-1.029851, 8.0170308], [-1.0164711, 8.017616], [-1.0194421, 8.0321104], [-1.028059, 8.0430916], [-1.0346436, 8.0463309], [-1.0336956, 8.0547744], [-1.0481425, 8.0625385], [-1.0487543, 8.0669651], [-1.0410081, 8.0794732], [-1.0432972, 8.093942], [-1.0687431, 8.1292465], [-1.0405023, 8.1660266], [-1.0432077, 8.1741849], [-1.0431707, 8.204407], [-1.0397104, 8.2431076], [-1.0337557, 8.2453383], [-1.019193, 8.2611871], [-1.0102267, 8.247946], [-0.9899489, 8.2456566], [-0.9874837, 8.2354212], [-0.9789795, 8.2272929], [-0.9677308, 8.2331028], [-0.9657579, 8.246729], [-0.9590941, 8.25111], [-0.9486716, 8.246522], [-0.9394443, 8.2513708], [-0.9236578, 8.251998], [-0.9067468, 8.2575056], [-0.9048143, 8.2551493], [-0.8783113, 8.2638232], [-0.8619804, 8.2724287], [-0.8526071, 8.3156531], [-0.8595944, 8.3224304], [-0.8578484, 8.3285935], [-0.8271202, 8.3355949], [-0.8014485, 8.339679], [-0.779861, 8.3355949], [-0.7407701, 8.3355949], [-0.6394762, 8.2695102], [-0.5424699, 8.1876867], [-0.5030236, 8.180916], [-0.487461, 8.1721035], [-0.4443944, 8.157564], [-0.4189655, 8.1528733], [-0.3847059, 8.1528227]]]}}, {"type": "Feature", "properties": {"name": "North East Region", "country": "GHA"}, "geometry": {"type": "Polygon", "coordinates": [[[-1.2318434, 10.0175404], [-1.2098708, 10.062165], [-1.1727919, 10.0878552], [-1.1261, 10.1000235], [-1.1123671, 10.1148952], [-1.1151137, 10.1513957], [-1.0849013, 10.1689686], [-1.0652876, 10.154457], [-1.0812521, 10.1556821], [-1.0879398, 10.1502434], [-1.093626, 10.1348029], [-1.0878754, 10.1217276], [-1.0636712, 10.1218966], [-1.0614396, 10.114123], [-1.0700226, 10.1087151], [-1.0712243, 10.1060112], [-1.0684777, 10.1044902], [-1.0311199, 10.0969485], [-1.0198832, 10.0999588], [-1.0138894, 10.0932727], [-1.0115147, 10.0776287], [-1.0240031, 10.0756428], [-1.0272646, 10.061889], [-1.014626, 10.0399366], [-1.0133386, 10.0260757], [-1.0017908, 10.0166014], [-1.0033944, 10.010006], [-0.9888404, 10.0022077], [-0.9879117, 9.9974423], [-0.9920526, 9.9904486], [-0.9877078, 9.9844448], [-0.9999397, 9.9751263], [-1.0032455, 9.9663442], [-1.0005938, 9.9601688], [-0.9913451, 9.9531228], [-0.9925633, 9.9431859], [-0.9812018, 9.9440881], [-0.9849102, 9.9499533], [-0.9841948, 9.9610985], [-0.9808068, 9.9625749], [-0.9748591, 9.9571469], [-0.9700171, 9.9569617], [-0.9726596, 9.9643587], [-0.9629276, 9.9896042], [-0.9534674, 9.992648], [-0.9399681, 9.989828], [-0.9424945, 9.9984656], [-0.9386196, 10.0022103], [-0.9403517, 10.0081911], [-0.9379835, 10.0111177], [-0.9323468, 10.0106869], [-0.9214203, 10.0002949], [-0.9191061, 10.0130261], [-0.9125441, 10.008946], [-0.9063986, 10.0121013], [-0.9119941, 10.0119585], [-0.9096475, 10.0235502], [-0.9043488, 10.0242521], [-0.8949814, 10.0190501], [-0.8952913, 10.0329806], [-0.8930919, 10.0358225], [-0.8860517, 10.0356368], [-0.8906865, 10.0480924], [-0.8887124, 10.0519272], [-0.8812559, 10.0487368], [-0.8818567, 10.0598079], [-0.8712673, 10.0544942], [-0.8645511, 10.0560049], [-0.8635104, 10.0610228], [-0.8674371, 10.0630193], [-0.8695829, 10.0755372], [-0.8582747, 10.0862694], [-0.867995, 10.0957443], [-0.8580065, 10.1032543], [-0.8596373, 10.1075637], [-0.8560753, 10.1120316], [-0.8485115, 10.1156016], [-0.8558929, 10.1247271], [-0.8550882, 10.1275576], [-0.8372355, 10.1319195], [-0.8370102, 10.1214106], [-0.820477, 10.1180414], [-0.8218289, 10.1250017], [-0.8176875, 10.1256037], [-0.805006, 10.154362], [-0.8013797, 10.1564213], [-0.7949746, 10.1453957], [-0.7865867, 10.1515589], [-0.7843638, 10.1489337], [-0.7868958, 10.1462301], [-0.7832801, 10.1417838], [-0.7803083, 10.1451423], [-0.7806409, 10.1559461], [-0.7745705, 10.1537133], [-0.7673392, 10.1582755], [-0.7641614, 10.1650493], [-0.7590973, 10.1603182], [-0.7501838, 10.1592155], [-0.7450318, 10.1670241], [-0.7330799, 10.1598535], [-0.7315779, 10.1625148], [-0.7369959, 10.1677845], [-0.7316315, 10.1703084], [-0.7208061, 10.1685554], [-0.7119548, 10.1629161], [-0.7155812, 10.1718396], [-0.7124484, 10.1748704], [-0.7186818, 10.1781651], [-0.7122033, 10.1843527], [-0.7082585, 10.1774232], [-0.6992741, 10.1804997], [-0.6935187, 10.1887356], [-0.6884981, 10.1823478], [-0.6836407, 10.1900212], [-0.6806201, 10.1807407], [-0.6758036, 10.1827897], [-0.667086, 10.1800069], [-0.6595161, 10.1903029], [-0.6537595, 10.1923995], [-0.6535059, 10.1809554], [-0.6499097, 10.1816435], [-0.6445032, 10.190253], [-0.6414429, 10.1880989], [-0.6459994, 10.1826776], [-0.6442012, 10.1774125], [-0.6396722, 10.1772363], [-0.638418, 10.1833908], [-0.6339651, 10.1838291], [-0.632432, 10.1769243], [-0.6241687, 10.1726894], [-0.6253191, 10.1657863], [-0.6108843, 10.1641061], [-0.5918898, 10.1365257], [-0.5451979, 10.1797821], [-0.5355849, 10.2027597], [-0.5287184, 10.2378987], [-0.498506, 10.2162752], [-0.4902663, 10.2365473], [-0.4916396, 10.2662774], [-0.4998793, 10.2933024], [-0.4779066, 10.306814], [-0.4490675, 10.2811414], [-0.3735365, 10.2770877], [-0.3652968, 10.2554668], [-0.337831, 10.2527641], [-0.3062453, 10.26898], [-0.2870192, 10.2635748], [-0.2211012, 10.2622235], [-0.196382, 10.2514127], [-0.1606764, 10.2635748], [-0.1153578, 10.2716826], [-0.078279, 10.2541154], [-0.0521864, 10.2743851], [-0.0178542, 10.2595208], [-0.021974, 10.2946535], [-0.0054945, 10.3081651], [0.053557, 10.321676], [0.0672899, 10.2851951], [0.0892625, 10.2622235], [0.0988756, 10.2284386], [0.0947557, 10.1960018], [0.0769029, 10.1865404], [0.0714098, 10.1608581], [0.0947557, 10.1365257], [0.1194749, 10.1040795], [0.1332079, 10.0310636], [0.129088, 10.0026641], [0.1084886, 9.9864347], [0.0714098, 9.9756147], [0.0823961, 9.9553261], [0.1359544, 9.948563], [0.1634203, 9.9634417], [0.2032457, 9.9580313], [0.2416978, 9.940447], [0.2732835, 9.9417997], [0.2980028, 9.9580313], [0.3665212, 9.9314886], [0.3860606, 9.9362861], [0.3872639, 9.9494365], [0.3694435, 9.9640537], [0.3586711, 9.9888846], [0.3575824, 9.9971235], [0.3615997, 10.0011193], [0.3646734, 10.015588], [0.3610428, 10.0306108], [0.3653335, 10.0342219], [0.3737762, 10.0263817], [0.3935445, 10.0254281], [0.4014417, 10.0195712], [0.4102291, 10.0209507], [0.4146849, 10.0324436], [0.4127084, 10.0407017], [0.4177473, 10.0576044], [0.4128513, 10.0666548], [0.3958541, 10.0809759], [0.3646555, 10.0855955], [0.3563274, 10.0910178], [0.3530763, 10.0986805], [0.3523933, 10.1111619], [0.3636017, 10.1379672], [0.3623292, 10.1472054], [0.3506759, 10.1683193], [0.3547669, 10.1828869], [0.3512426, 10.1924296], [0.3568507, 10.1975879], [0.3553805, 10.2117321], [0.3605147, 10.2190168], [0.3615908, 10.2581078], [0.3644573, 10.2645572], [0.3723297, 10.265674], [0.3817512, 10.2732111], [0.381983, 10.276936], [0.373019, 10.279985], [0.369517, 10.284839], [0.373277, 10.282712], [0.373192, 10.288387], [0.378149, 10.28632], [0.37877, 10.294614], [0.384691, 10.296807], [0.382731, 10.299074], [0.38837, 10.304018], [0.397303, 10.304534], [0.396722, 10.312915], [0.389028, 10.315695], [0.365773, 10.310746], [0.353309, 10.314248], [0.348398, 10.307685], [0.33631, 10.308323], [0.332073, 10.311486], [0.330526, 10.308247], [0.328885, 10.311724], [0.324764, 10.306762], [0.31622, 10.310593], [0.322023, 10.312677], [0.323024, 10.319501], [0.33837, 10.325151], [0.33264, 10.337403], [0.325378, 10.340454], [0.320639, 10.334092], [0.315591, 10.337967], [0.314475, 10.35958], [0.307491, 10.371501], [0.302375, 10.369475], [0.300788, 10.373168], [0.290316, 10.376406], [0.293335, 10.380422], [0.290406, 10.381846], [0.30079, 10.39177], [0.30042, 10.402501], [0.298203, 10.409881], [0.290147, 10.408986], [0.284481, 10.422458], [0.276642, 10.419277], [0.272723, 10.421028], [0.270297, 10.415553], [0.266437, 10.416074], [0.268474, 10.410213], [0.264008, 10.408852], [0.263693, 10.410979], [0.259261, 10.407587], [0.258364, 10.409907], [0.25095, 10.409245], [0.249433, 10.41372], [0.243825, 10.416008], [0.237685, 10.416186], [0.236562, 10.41248], [0.226351, 10.422359], [0.217467, 10.422733], [0.221175, 10.424884], [0.217696, 10.426923], [0.210301, 10.421577], [0.21202, 10.416859], [0.205131, 10.418255], [0.209414, 10.405477], [0.206565, 10.40444], [0.204823, 10.407621], [0.1940635, 10.4029412], [0.190356, 10.404317], [0.190932, 10.416738], [0.185324, 10.417135], [0.182008, 10.423721], [0.174846, 10.424491], [0.169105, 10.430335], [0.17115, 10.433654], [0.166658, 10.441512], [0.172872, 10.446321], [0.172629, 10.450651], [0.164024, 10.453872], [0.16168, 10.46056], [0.15426, 10.46508], [0.158871, 10.47518], [0.154139, 10.477714], [0.154809, 10.4846], [0.150623, 10.487182], [0.151221, 10.497186], [0.146972, 10.501233], [0.147326, 10.513568], [0.144137, 10.515129], [0.1434387, 10.5255451], [0.127629, 10.529747], [0.117222, 10.541419], [0.060996, 10.560818], [0.056124, 10.583512], [0.042873, 10.594405], [0.041287, 10.601442], [-0.011815, 10.615744], [-0.015695, 10.623597], [-0.059247, 10.632333], [-0.078258, 10.690268], [-0.090165, 10.708313], [-0.0890524, 10.7135406], [-0.1090479, 10.7013248], [-0.1103568, 10.6958639], [-0.1224482, 10.6856376], [-0.1415348, 10.6817367], [-0.1540607, 10.6714572], [-0.1604122, 10.6715046], [-0.1613563, 10.6754794], [-0.1636845, 10.6706243], [-0.1746762, 10.6720292], [-0.1770057, 10.6675799], [-0.1815373, 10.6704714], [-0.1866871, 10.6687317], [-0.2035676, 10.6576649], [-0.2127099, 10.6579246], [-0.21411, 10.6548247], [-0.2192009, 10.6576874], [-0.2298761, 10.6557578], [-0.2361041, 10.6481187], [-0.2578461, 10.6383811], [-0.2605069, 10.631485], [-0.2695406, 10.6342899], [-0.2706349, 10.6380542], [-0.2822006, 10.6393301], [-0.2849954, 10.6340842], [-0.2902097, 10.6367256], [-0.2969205, 10.6320491], [-0.3000265, 10.633441], [-0.3105193, 10.6229384], [-0.3209853, 10.6215096], [-0.3237748, 10.6219735], [-0.3237614, 10.6254982], [-0.3301531, 10.6230122], [-0.3309221, 10.6254109], [-0.3380066, 10.619506], [-0.3468096, 10.61823], [-0.3555858, 10.6247047], [-0.3668404, 10.6241036], [-0.3942096, 10.608212], [-0.4435569, 10.5990742], [-0.4603636, 10.606588], [-0.4679489, 10.6175499], [-0.4988265, 10.6231968], [-0.5070287, 10.6067831], [-0.5045503, 10.6007352], [-0.5079138, 10.5896514], [-0.5076993, 10.5673034], [-0.5161536, 10.5599205], [-0.5282128, 10.5585072], [-0.5485761, 10.5707311], [-0.5561453, 10.5718227], [-0.5665952, 10.5659692], [-0.5766428, 10.550776], [-0.5816478, 10.5481075], [-0.5952519, 10.5462775], [-0.6082338, 10.5536291], [-0.6184691, 10.5556383], [-0.6294072, 10.5524531], [-0.6394601, 10.5556489], [-0.6540191, 10.5482446], [-0.6624949, 10.5375914], [-0.6642222, 10.5302236], [-0.6742108, 10.5245329], [-0.6869459, 10.5307352], [-0.6869942, 10.5400807], [-0.6900412, 10.5421481], [-0.7013279, 10.5339787], [-0.7021728, 10.5251526], [-0.7056946, 10.5228662], [-0.7107318, 10.5237892], [-0.7168955, 10.5328765], [-0.6861091, 10.5670503], [-0.695073, 10.5896883], [-0.7048953, 10.5971127], [-0.7134622, 10.5991902], [-0.7183975, 10.60537], [-0.7178611, 10.6157836], [-0.708822, 10.6168803], [-0.7063597, 10.6207187], [-0.7117403, 10.6404689], [-0.7268572, 10.6517195], [-0.7478374, 10.6454722], [-0.7548219, 10.6398046], [-0.7648909, 10.6425092], [-0.7775509, 10.6520358], [-0.7914287, 10.6516984], [-0.796718, 10.6452296], [-0.7965785, 10.6200833], [-0.8179236, 10.6030974], [-0.8274615, 10.5992799], [-0.8376592, 10.6011517], [-0.8467171, 10.562254], [-0.8563194, 10.550602], [-0.8625404, 10.5478774], [-0.8629993, 10.5404533], [-0.8684586, 10.5339866], [-0.8768655, 10.5347228], [-0.8794624, 10.521966], [-0.8985698, 10.5126474], [-0.9224351, 10.4819964], [-0.9314607, 10.4799736], [-0.9351468, 10.4862347], [-0.9209091, 10.5002811], [-0.9091092, 10.5185647], [-0.9134595, 10.5274079], [-0.9296477, 10.5239695], [-0.9477599, 10.5324491], [-0.9590102, 10.5282186], [-0.9659574, 10.5363814], [-0.9805723, 10.5317503], [-1.0099821, 10.537397], [-1.0413255, 10.5201489], [-1.0555707, 10.4974946], [-1.0650012, 10.4970287], [-1.0718252, 10.4884549], [-1.1054964, 10.477877], [-1.1326983, 10.457852], [-1.1826213, 10.4059876], [-1.2261351, 10.391181], [-1.2315749, 10.3861144], [-1.2340105, 10.3777473], [-1.2314092, 10.3672419], [-1.2131123, 10.3455425], [-1.2089115, 10.3283512], [-1.2161631, 10.3039909], [-1.2240242, 10.3026062], [-1.2219333, 10.2948652], [-1.2322472, 10.2919705], [-1.2275895, 10.2866755], [-1.2320864, 10.2835961], [-1.2397129, 10.2860095], [-1.2397866, 10.2786901], [-1.2414824, 10.2768058], [-1.2417249, 10.2806678], [-1.247183, 10.2808612], [-1.2429502, 10.2764126], [-1.247545, 10.2744732], [-1.2489341, 10.2782836], [-1.2539075, 10.2771811], [-1.252597, 10.280379], [-1.2556832, 10.2818296], [-1.2550869, 10.2883606], [-1.2581731, 10.2927446], [-1.2543072, 10.2947238], [-1.2558142, 10.3030274], [-1.2593656, 10.3021828], [-1.2644634, 10.3106732], [-1.271468, 10.3129939], [-1.2688143, 10.3255452], [-1.2733748, 10.3267764], [-1.2723657, 10.3210134], [-1.2855427, 10.3214775], [-1.2897887, 10.3261254], [-1.2970357, 10.3237853], [-1.3147928, 10.3305797], [-1.3266593, 10.3315596], [-1.3231209, 10.3343443], [-1.3265806, 10.3413254], [-1.3298962, 10.3410353], [-1.3365141, 10.3478938], [-1.3407012, 10.3428725], [-1.3489376, 10.3475006], [-1.3433287, 10.3513359], [-1.3458383, 10.3553194], [-1.3436629, 10.3610496], [-1.3488983, 10.3720198], [-1.3534981, 10.376654], [-1.3659608, 10.3772147], [-1.3750949, 10.3821453], [-1.381595, 10.3899181], [-1.3852774, 10.4051988], [-1.375416, 10.4052117], [-1.3679135, 10.4114501], [-1.3637723, 10.4219804], [-1.3705082, 10.4224959], [-1.3735617, 10.4260725], [-1.3660395, 10.4280895], [-1.3628091, 10.4350621], [-1.3643424, 10.440198], [-1.3804155, 10.4559724], [-1.3736141, 10.4586723], [-1.3746625, 10.464581], [-1.3920068, 10.4741236], [-1.4031591, 10.4853411], [-1.4173136, 10.4676148], [-1.4272699, 10.4635635], [-1.4382156, 10.4696166], [-1.4574581, 10.4358809], [-1.5220793, 10.3910884], [-1.592855, 10.2869514], [-1.6377822, 10.1767225], [-1.6125491, 10.1506738], [-1.5546977, 10.1015996], [-1.5171558, 10.0761508], [-1.4501967, 10.0824469], [-1.3375868, 10.0608128], [-1.2963881, 10.0351205], [-1.2744154, 10.016188], [-1.2318434, 10.0175404]]]}}, {"type": "Feature", "properties": {"name": "Northern Region", "country": "GHA"}, "geometry": {"type": "Polygon", "coordinates": [[[-0.1427476, 8.2721302], [-0.124217, 8.273038], [-0.1141322, 8.297343], [-0.110279, 8.3359615], [-0.0874168, 8.3324778], [-0.0843391, 8.3373707], [-0.067734, 8.3398872], [-0.0675836, 8.348459], [-0.0643265, 8.3512322], [-0.0482239, 8.3522552], [-0.0403483, 8.3496762], [-0.0386539, 8.3431839], [-0.040851, 8.3398569], [-0.0367493, 8.3332403], [-0.0306143, 8.329747], [-0.0223686, 8.3304544], [-0.0163358, 8.3248663], [-0.0026042, 8.3205766], [0.0105647, 8.2976834], [0.0274205, 8.2974037], [0.042764, 8.2911486], [0.0501285, 8.291675], [0.0600793, 8.2820711], [0.0788698, 8.281773], [0.0819395, 8.2730553], [0.0911793, 8.2665793], [0.1018594, 8.24721], [0.1032873, 8.2373366], [0.1106046, 8.2315646], [0.1686572, 8.2407124], [0.186553, 8.2494615], [0.1926899, 8.2592723], [0.1983976, 8.2942662], [0.1940202, 8.3069634], [0.1841497, 8.3191083], [0.1832914, 8.3300213], [0.1889133, 8.337622], [0.2296829, 8.3429934], [0.2395749, 8.3494474], [0.2481365, 8.3637776], [0.2498317, 8.3742223], [0.2504539, 8.387193], [0.2455616, 8.3985074], [0.2315497, 8.405746], [0.1617479, 8.3984438], [0.1293361, 8.3797736], [0.1185965, 8.3804211], [0.104692, 8.3906107], [0.0856161, 8.3932854], [0.0850153, 8.4012882], [0.0969028, 8.4396973], [0.0892103, 8.4500976], [0.0782883, 8.4572768], [0.0793075, 8.4611025], [0.0931806, 8.46871], [0.1208603, 8.4714341], [0.122975, 8.4743971], [0.1236669, 8.4869012], [0.1208774, 8.4906947], [0.0937644, 8.5012162], [0.0847057, 8.528775], [0.1065988, 8.5871612], [0.1149597, 8.5971958], [0.128982, 8.6042537], [0.1463667, 8.5887441], [0.1604717, 8.5900876], [0.1721334, 8.5954488], [0.1712537, 8.6144373], [0.152128, 8.6256562], [0.1421198, 8.6361432], [0.1366963, 8.6525241], [0.139668, 8.6687453], [0.1690039, 8.701199], [0.1800245, 8.7075994], [0.1824125, 8.7148348], [0.1816127, 8.7240844], [0.168348, 8.7499685], [0.1657982, 8.7730502], [0.1730465, 8.7736134], [0.1755859, 8.7701157], [0.170727, 8.7710543], [0.1700601, 8.765804], [0.1782452, 8.7651456], [0.1813695, 8.7618099], [0.1805566, 8.7460261], [0.1851375, 8.7410372], [0.1854062, 8.7454881], [0.2002307, 8.7439859], [0.2013264, 8.7488629], [0.2154652, 8.7556893], [0.2212126, 8.7495756], [0.2318167, 8.7535024], [0.2388861, 8.7511128], [0.2437004, 8.7409674], [0.251307, 8.746103], [0.2593449, 8.74662], [0.2629779, 8.7409779], [0.2698783, 8.7398354], [0.2680898, 8.733966], [0.2704227, 8.7305841], [0.2823629, 8.7239739], [0.2867076, 8.7331959], [0.2920521, 8.7329024], [0.2926742, 8.7411964], [0.2975097, 8.7425659], [0.3008287, 8.7260721], [0.314315, 8.734543], [0.3206845, 8.7329848], [0.3241839, 8.7282962], [0.3325965, 8.730679], [0.3421331, 8.7290089], [0.3436883, 8.7186813], [0.3587886, 8.7185205], [0.3595803, 8.7252566], [0.3459505, 8.7385328], [0.3475129, 8.7426763], [0.3753295, 8.7358119], [0.3826689, 8.7395378], [0.385235, 8.745134], [0.373978, 8.754942], [0.395829, 8.75386], [0.40091, 8.757152], [0.399087, 8.761381], [0.388241, 8.762275], [0.378167, 8.771988], [0.382035, 8.77767], [0.379488, 8.792365], [0.390195, 8.790491], [0.392456, 8.796626], [0.397973, 8.78956], [0.399781, 8.793965], [0.417983, 8.79234], [0.424008, 8.789592], [0.423551, 8.781079], [0.42777, 8.779136], [0.441122, 8.78801], [0.437487, 8.794367], [0.430636, 8.790748], [0.430336, 8.797565], [0.44256, 8.801622], [0.448214, 8.811355], [0.459668, 8.80973], [0.459036, 8.802173], [0.463757, 8.80054], [0.469049, 8.79178], [0.472023, 8.799465], [0.491319, 8.800359], [0.500394, 8.814492], [0.495357, 8.820469], [0.496823, 8.827157], [0.501398, 8.828874], [0.496002, 8.839736], [0.507559, 8.847675], [0.508729, 8.855237], [0.519538, 8.852986], [0.521486, 8.858505], [0.516911, 8.863978], [0.520267, 8.872472], [0.527585, 8.877826], [0.522033, 8.883722], [0.522042, 8.889869], [0.515093, 8.901627], [0.512422, 8.901594], [0.512606, 8.914172], [0.509067, 8.917655], [0.516568, 8.938686], [0.509629, 8.941039], [0.503846, 8.952138], [0.494202, 8.954029], [0.468337, 9.004704], [0.470697, 9.019383], [0.465408, 9.022826], [0.463269, 9.03433], [0.456948, 9.035334], [0.456238, 9.043858], [0.457492, 9.055254], [0.462502, 9.05425], [0.462477, 9.076142], [0.473068, 9.096322], [0.482827, 9.099434], [0.4866973, 9.1086645], [0.482849, 9.116669], [0.48491, 9.122979], [0.480923, 9.139498], [0.476761, 9.144977], [0.495432, 9.155974], [0.503093, 9.154122], [0.504843, 9.160455], [0.51157, 9.163661], [0.522006, 9.193719], [0.533602, 9.209416], [0.505835, 9.256413], [0.518657, 9.277156], [0.528435, 9.285572], [0.538395, 9.305841], [0.552626, 9.303926], [0.555794, 9.311206], [0.545134, 9.340876], [0.552505, 9.352288], [0.5670034, 9.4059263], [0.557033, 9.411167], [0.55502, 9.423136], [0.548823, 9.42224], [0.538159, 9.425858], [0.536018, 9.429773], [0.532789, 9.428491], [0.531605, 9.431874], [0.5245971, 9.43174], [0.519308, 9.440312], [0.510051, 9.436926], [0.503435, 9.440452], [0.499967, 9.437939], [0.500131, 9.443724], [0.495306, 9.44599], [0.494772, 9.452177], [0.503861, 9.458388], [0.505662, 9.467607], [0.500625, 9.472325], [0.502923, 9.474895], [0.488754, 9.4869], [0.482625, 9.48503], [0.474178, 9.490675], [0.463334, 9.490115], [0.457068, 9.497879], [0.448704, 9.499486], [0.439062, 9.495069], [0.428808, 9.499612], [0.414599, 9.500684], [0.414978, 9.496388], [0.41165, 9.498473], [0.407512, 9.493985], [0.401419, 9.495434], [0.389012, 9.491553], [0.385628, 9.494057], [0.38218, 9.494373], [0.382582, 9.491746], [0.37615, 9.493141], [0.370362, 9.498652], [0.36929, 9.495957], [0.359421, 9.499213], [0.355152, 9.494033], [0.35025, 9.493223], [0.350153, 9.490041], [0.343547, 9.488299], [0.35049, 9.475308], [0.347592, 9.470866], [0.344853, 9.472447], [0.337541, 9.451738], [0.333538, 9.452689], [0.331704, 9.448234], [0.326958, 9.447012], [0.321981, 9.449116], [0.320243, 9.446184], [0.31252, 9.446243], [0.299549, 9.435899], [0.289238, 9.434335], [0.285293, 9.429867], [0.276954, 9.430489], [0.275777, 9.427417], [0.26887, 9.428434], [0.27031, 9.431703], [0.26088, 9.428705], [0.259315, 9.434362], [0.2470335, 9.4380382], [0.247938, 9.4424684], [0.2292323, 9.4635077], [0.2270527, 9.4783821], [0.2290404, 9.4859498], [0.2371785, 9.4859744], [0.2544832, 9.47779], [0.2697037, 9.4788742], [0.2749678, 9.487396], [0.2867281, 9.4868473], [0.3100634, 9.5024185], [0.3111942, 9.5066307], [0.3091514, 9.5127037], [0.2970869, 9.5228496], [0.2804142, 9.5258031], [0.2555609, 9.5194122], [0.2432501, 9.5245324], [0.2375471, 9.5342995], [0.235455, 9.5482921], [0.240063, 9.574648], [0.2532379, 9.5744023], [0.2669094, 9.5665559], [0.2894165, 9.5766733], [0.3185078, 9.5754376], [0.334265, 9.5785942], [0.3513367, 9.5719628], [0.3721374, 9.5789689], [0.38369, 9.5914565], [0.3735083, 9.6066686], [0.3711641, 9.6185902], [0.35631, 9.6250745], [0.3032184, 9.596381], [0.2958524, 9.5956252], [0.2773622, 9.6204628], [0.2757578, 9.6315919], [0.2634956, 9.6572385], [0.2638394, 9.6636216], [0.2792531, 9.6862722], [0.294495, 9.6801155], [0.3054393, 9.6681971], [0.3090492, 9.6585378], [0.3229731, 9.6509118], [0.3407362, 9.6570126], [0.3508783, 9.6748059], [0.3515659, 9.6941233], [0.3448022, 9.7176855], [0.3388096, 9.7222244], [0.3243739, 9.7227317], [0.3189048, 9.7278978], [0.3299637, 9.7611041], [0.3250932, 9.7720593], [0.3338602, 9.7738098], [0.3360376, 9.778779], [0.3296772, 9.7928956], [0.3397048, 9.8041884], [0.338215, 9.8140129], [0.3503053, 9.8258132], [0.357399, 9.8466959], [0.3553477, 9.8738568], [0.3511648, 9.8814777], [0.3512794, 9.9041698], [0.3574678, 9.9269168], [0.3665212, 9.9314886], [0.2980028, 9.9580313], [0.2732835, 9.9417997], [0.2416978, 9.940447], [0.2032457, 9.9580313], [0.1634203, 9.9634417], [0.1359544, 9.948563], [0.0823961, 9.9553261], [0.0714098, 9.9756147], [0.1084886, 9.9864347], [0.129088, 10.0026641], [0.1332079, 10.0310636], [0.1194749, 10.1040795], [0.0947557, 10.1365257], [0.0714098, 10.1608581], [0.0769029, 10.1865404], [0.0947557, 10.1960018], [0.0988756, 10.2284386], [0.0892625, 10.2622235], [0.0672899, 10.2851951], [0.053557, 10.321676], [-0.0054945, 10.3081651], [-0.021974, 10.2946535], [-0.0178542, 10.2595208], [-0.0521864, 10.2743851], [-0.078279, 10.2541154], [-0.1153578, 10.2716826], [-0.1606764, 10.2635748], [-0.196382, 10.2514127], [-0.2211012, 10.2622235], [-0.2870192, 10.2635748], [-0.3062453, 10.26898], [-0.337831, 10.2527641], [-0.3652968, 10.2554668], [-0.3735365, 10.2770877], [-0.4490675, 10.2811414], [-0.4779066, 10.306814], [-0.4998793, 10.2933024], [-0.4916396, 10.2662774], [-0.4902663, 10.2365473], [-0.498506, 10.2162752], [-0.5287184, 10.2378987], [-0.5355849, 10.2027597], [-0.5451979, 10.1797821], [-0.5918898, 10.1365257], [-0.6108843, 10.1641061], [-0.6253191, 10.1657863], [-0.6241687, 10.1726894], [-0.632432, 10.1769243], [-0.6339651, 10.1838291], [-0.638418, 10.1833908], [-0.6396722, 10.1772363], [-0.6442012, 10.1774125], [-0.6459994, 10.1826776], [-0.6414429, 10.1880989], [-0.6445032, 10.190253], [-0.6499097, 10.1816435], [-0.6535059, 10.1809554], [-0.6537595, 10.1923995], [-0.6595161, 10.1903029], [-0.667086, 10.1800069], [-0.6758036, 10.1827897], [-0.6806201, 10.1807407], [-0.6836407, 10.1900212], [-0.6884981, 10.1823478], [-0.6935187, 10.1887356], [-0.6992741, 10.1804997], [-0.7082585, 10.1774232], [-0.7122033, 10.1843527], [-0.7186818, 10.1781651], [-0.7124484, 10.1748704], [-0.7155812, 10.1718396], [-0.7119548, 10.1629161], [-0.7208061, 10.1685554], [-0.7316315, 10.1703084], [-0.7369959, 10.1677845], [-0.7315779, 10.1625148], [-0.7330799, 10.1598535], [-0.7450318, 10.1670241], [-0.7501838, 10.1592155], [-0.7590973, 10.1603182], [-0.7641614, 10.1650493], [-0.7673392, 10.1582755], [-0.7745705, 10.1537133], [-0.7806409, 10.1559461], [-0.7803083, 10.1451423], [-0.7832801, 10.1417838], [-0.7868958, 10.1462301], [-0.7843638, 10.1489337], [-0.7865867, 10.1515589], [-0.7949746, 10.1453957], [-0.8013797, 10.1564213], [-0.805006, 10.154362], [-0.8176875, 10.1256037], [-0.8218289, 10.1250017], [-0.820477, 10.1180414], [-0.8370102, 10.1214106], [-0.8372355, 10.1319195], [-0.8550882, 10.1275576], [-0.8558929, 10.1247271], [-0.8485115, 10.1156016], [-0.8560753, 10.1120316], [-0.8596373, 10.1075637], [-0.8580065, 10.1032543], [-0.867995, 10.0957443], [-0.8582747, 10.0862694], [-0.8695829, 10.0755372], [-0.8674371, 10.0630193], [-0.8635104, 10.0610228], [-0.8645511, 10.0560049], [-0.8712673, 10.0544942], [-0.8818567, 10.0598079], [-0.8812559, 10.0487368], [-0.8887124, 10.0519272], [-0.8906865, 10.0480924], [-0.8860517, 10.0356368], [-0.8930919, 10.0358225], [-0.8952913, 10.0329806], [-0.8949814, 10.0190501], [-0.9043488, 10.0242521], [-0.9096475, 10.0235502], [-0.9119941, 10.0119585], [-0.9063986, 10.0121013], [-0.9125441, 10.008946], [-0.9191061, 10.0130261], [-0.9214203, 10.0002949], [-0.9323468, 10.0106869], [-0.9379835, 10.0111177], [-0.9403517, 10.0081911], [-0.9386196, 10.0022103], [-0.9424945, 9.9984656], [-0.9399681, 9.989828], [-0.9534674, 9.992648], [-0.9629276, 9.9896042], [-0.9726596, 9.9643587], [-0.9700171, 9.9569617], [-0.9748591, 9.9571469], [-0.9808068, 9.9625749], [-0.9841948, 9.9610985], [-0.9849102, 9.9499533], [-0.9812018, 9.9440881], [-0.9925633, 9.9431859], [-0.9913451, 9.9531228], [-1.0005938, 9.9601688], [-1.0032455, 9.9663442], [-0.9999397, 9.9751263], [-0.9877078, 9.9844448], [-0.9920526, 9.9904486], [-0.9879117, 9.9974423], [-0.9888404, 10.0022077], [-1.0033944, 10.010006], [-1.0017908, 10.0166014], [-1.0133386, 10.0260757], [-1.014626, 10.0399366], [-1.0272646, 10.061889], [-1.0240031, 10.0756428], [-1.0115147, 10.0776287], [-1.0138894, 10.0932727], [-1.0198832, 10.0999588], [-1.0311199, 10.0969485], [-1.0684777, 10.1044902], [-1.0712243, 10.1060112], [-1.0700226, 10.1087151], [-1.0614396, 10.114123], [-1.0636712, 10.1218966], [-1.0878754, 10.1217276], [-1.093626, 10.1348029], [-1.0879398, 10.1502434], [-1.0812521, 10.1556821], [-1.0652876, 10.154457], [-1.0849013, 10.1689686], [-1.1151137, 10.1513957], [-1.1123671, 10.1148952], [-1.1261, 10.1000235], [-1.1727919, 10.0878552], [-1.2098708, 10.062165], [-1.2318434, 10.0175404], [-1.2222304, 9.9864347], [-1.1769118, 9.9742621], [-1.1219801, 9.940447], [-1.1000075, 9.916098], [-1.1412062, 9.9309782], [-1.1755385, 9.92692], [-1.1714186, 9.8849827], [-1.1549391, 9.8511583], [-1.1659254, 9.7848526], [-1.1961378, 9.782146], [-1.2428297, 9.8146242], [-1.2661757, 9.7848526], [-1.2991347, 9.8024452], [-1.3320937, 9.7848526], [-1.3389601, 9.7713192], [-1.3417067, 9.6968756], [-1.3114943, 9.6616783], [-1.3169875, 9.6278313], [-1.3677992, 9.595335], [-1.3252272, 9.5438761], [-1.2757887, 9.493764], [-1.2565627, 9.4422898], [-1.2318434, 9.3962275], [-1.2565627, 9.323057], [-1.2373366, 9.2878213], [-1.2208571, 9.2742682], [-1.1988844, 9.3000187], [-1.1618056, 9.3135708], [-1.1151137, 9.3122156], [-1.0876479, 9.3000187], [-1.050569, 9.3284776], [-1.0203566, 9.3325429], [-0.9997572, 9.3203467], [-1.0025038, 9.3040844], [-0.9640517, 9.3189915], [-0.9475722, 9.2932424], [-0.9357671, 9.2939933], [-0.9337416, 9.2985393], [-0.9263752, 9.2963555], [-0.8851263, 9.3104343], [-0.8797338, 9.2999745], [-0.869872, 9.3063959], [-0.859697, 9.3064703], [-0.8491585, 9.3043047], [-0.8484125, 9.2967437], [-0.8424367, 9.2996874], [-0.8328226, 9.2973482], [-0.8228568, 9.3116167], [-0.8145747, 9.3129327], [-0.8059132, 9.3189498], [-0.7954893, 9.3089743], [-0.7748663, 9.3029143], [-0.7644449, 9.2960375], [-0.708456, 9.2871629], [-0.6940318, 9.2782507], [-0.6984011, 9.28256], [-0.6973584, 9.2850479], [-0.7104958, 9.2901505], [-0.7143454, 9.295933], [-0.7115817, 9.306], [-0.7177828, 9.313684], [-0.7145233, 9.3262876], [-0.6890586, 9.3101843], [-0.6841029, 9.3255199], [-0.6541666, 9.3152526], [-0.6351206, 9.3188333], [-0.6326762, 9.3157103], [-0.6364368, 9.3104328], [-0.6270409, 9.3070527], [-0.6172504, 9.3125797], [-0.6101505, 9.3113944], [-0.6045679, 9.3230262], [-0.5986311, 9.3238988], [-0.5944311, 9.3287659], [-0.5801216, 9.3164951], [-0.5663043, 9.2882766], [-0.553103, 9.284508], [-0.5442045, 9.2753106], [-0.5411868, 9.2771244], [-0.5351148, 9.2746748], [-0.5195204, 9.2822464], [-0.5110232, 9.2740645], [-0.511894, 9.2651796], [-0.5070863, 9.2586447], [-0.4896439, 9.2495368], [-0.483706, 9.2505644], [-0.46931, 9.2425473], [-0.4631005, 9.2429541], [-0.4524301, 9.2357261], [-0.4359095, 9.2310009], [-0.4263307, 9.2227511], [-0.4196424, 9.2225199], [-0.3921581, 9.2356027], [-0.3780666, 9.2280596], [-0.3586552, 9.2234859], [-0.3403765, 9.2112396], [-0.3240046, 9.209335], [-0.3173228, 9.1972829], [-0.309355, 9.1934585], [-0.308089, 9.1811102], [-0.2945754, 9.17668], [-0.2902701, 9.1549242], [-0.2865664, 9.1549227], [-0.2847646, 9.1502279], [-0.2871468, 9.1483004], [-0.2819065, 9.1453602], [-0.2820575, 9.1378275], [-0.2700013, 9.1296196], [-0.2610393, 9.130054], [-0.2584676, 9.1264133], [-0.2501166, 9.1293077], [-0.2473255, 9.1230792], [-0.2415026, 9.1225328], [-0.2371943, 9.1179098], [-0.2310286, 9.1234112], [-0.2236006, 9.121269], [-0.2222713, 9.1127299], [-0.2182619, 9.1085589], [-0.2103687, 9.1109532], [-0.2026422, 9.108917], [-0.2077914, 9.1029648], [-0.2060355, 9.09562], [-0.2093582, 9.0941168], [-0.2102936, 9.0861174], [-0.208086, 9.0824853], [-0.2130296, 9.0789846], [-0.2039696, 9.0628846], [-0.2130641, 9.0515218], [-0.2118792, 9.0456862], [-0.2184201, 9.0328471], [-0.2173292, 9.0295515], [-0.2088333, 9.0272401], [-0.2093814, 9.0124743], [-0.2123903, 9.0120031], [-0.2040141, 9.0047325], [-0.2060457, 8.9986108], [-0.2028411, 8.9984661], [-0.1954846, 8.9752143], [-0.2012769, 8.9467708], [-0.2131841, 8.9460442], [-0.2220236, 8.9357989], [-0.2279228, 8.9381761], [-0.2336368, 8.9363434], [-0.2342594, 8.9408262], [-0.2420956, 8.9308736], [-0.2406352, 8.9219423], [-0.237512, 8.9203126], [-0.2486299, 8.9174824], [-0.2438807, 8.9086198], [-0.2559061, 8.9009177], [-0.272789, 8.9034602], [-0.2743734, 8.8997391], [-0.2809919, 8.9012982], [-0.2795386, 8.8960744], [-0.2879437, 8.8924861], [-0.2910558, 8.8854993], [-0.2952207, 8.8887872], [-0.3020336, 8.8857233], [-0.302027, 8.87749], [-0.2950929, 8.8657485], [-0.3000423, 8.8649996], [-0.299675, 8.8608598], [-0.3139405, 8.8588045], [-0.3260935, 8.8631027], [-0.3304909, 8.858981], [-0.3331547, 8.8664199], [-0.3387901, 8.8673916], [-0.3441038, 8.8622303], [-0.338879, 8.8610555], [-0.3411411, 8.8560099], [-0.3446592, 8.8555349], [-0.3428875, 8.8464208], [-0.338375, 8.8453314], [-0.3343438, 8.8370085], [-0.3226849, 8.8341763], [-0.3211075, 8.8193166], [-0.3166211, 8.8162766], [-0.3080007, 8.8205143], [-0.2993849, 8.8193243], [-0.2953581, 8.8107715], [-0.2994789, 8.809117], [-0.2971626, 8.8059346], [-0.3032354, 8.7948578], [-0.3065562, 8.7956352], [-0.3046518, 8.7871197], [-0.3058431, 8.7841603], [-0.3094565, 8.785641], [-0.3077454, 8.7699781], [-0.3144263, 8.7650871], [-0.314555, 8.7507767], [-0.3294485, 8.742162], [-0.3396697, 8.7559203], [-0.3438523, 8.7549575], [-0.345841, 8.758475], [-0.3537527, 8.7544423], [-0.358637, 8.7481467], [-0.3728582, 8.7432949], [-0.3734064, 8.7402024], [-0.3659267, 8.7348705], [-0.3688425, 8.7225926], [-0.3837947, 8.7240811], [-0.381023, 8.7114137], [-0.3874156, 8.7088247], [-0.3868406, 8.7114614], [-0.3965924, 8.7130424], [-0.4057301, 8.7071111], [-0.4075757, 8.7155408], [-0.4124049, 8.7081755], [-0.414242, 8.718619], [-0.4083674, 8.7318214], [-0.4131707, 8.734048], [-0.4316614, 8.7284009], [-0.4309618, 8.7165192], [-0.4481136, 8.7295166], [-0.4562186, 8.7209553], [-0.471291, 8.7339594], [-0.4756521, 8.7337696], [-0.4860903, 8.7265376], [-0.4902337, 8.704391], [-0.484886, 8.7015928], [-0.4851238, 8.6825363], [-0.4759026, 8.6831257], [-0.4699543, 8.6718161], [-0.4598279, 8.6749973], [-0.4596233, 8.6785694], [-0.4537051, 8.6756219], [-0.447101, 8.6624538], [-0.440553, 8.6641417], [-0.4394629, 8.6594815], [-0.4327439, 8.6588745], [-0.4363138, 8.6499542], [-0.4348486, 8.6442928], [-0.4304613, 8.6432933], [-0.4233422, 8.650061], [-0.417792, 8.6460121], [-0.4192401, 8.6390814], [-0.4125104, 8.6259591], [-0.4135911, 8.6166417], [-0.4172125, 8.6138324], [-0.4151251, 8.6078258], [-0.4123991, 8.6101506], [-0.4092019, 8.6072467], [-0.411073, 8.5990407], [-0.4074933, 8.5978274], [-0.4024069, 8.6044844], [-0.3984703, 8.5964132], [-0.3961691, 8.5979592], [-0.3962738, 8.5930779], [-0.3910191, 8.5953958], [-0.3829677, 8.5923176], [-0.3794109, 8.5928001], [-0.378037, 8.5980429], [-0.373398, 8.5980849], [-0.3714943, 8.5870071], [-0.3623548, 8.5988468], [-0.3576447, 8.5990012], [-0.3577997, 8.5902631], [-0.3636742, 8.5815134], [-0.3560563, 8.5712647], [-0.3439665, 8.56863], [-0.3496528, 8.5599835], [-0.3366065, 8.5393266], [-0.3354907, 8.5311781], [-0.3336883, 8.5338307], [-0.3233028, 8.531836], [-0.3177667, 8.5358996], [-0.3121448, 8.5276131], [-0.3107178, 8.539125], [-0.3057718, 8.5389447], [-0.3046775, 8.535072], [-0.2998332, 8.5458069], [-0.2934015, 8.5473688], [-0.2985728, 8.5436236], [-0.2954185, 8.5415865], [-0.2883051, 8.5447529], [-0.2779091, 8.5577237], [-0.2690578, 8.5509655], [-0.2698302, 8.5423292], [-0.2655923, 8.5469338], [-0.2606678, 8.5462654], [-0.2573633, 8.55557], [-0.2376398, 8.5596677], [-0.2374077, 8.567898], [-0.2342212, 8.5717173], [-0.2289963, 8.5671023], [-0.2223981, 8.5699986], [-0.2210891, 8.5616386], [-0.2145911, 8.552595], [-0.1966703, 8.5523978], [-0.1973418, 8.5472972], [-0.2061764, 8.538683], [-0.2063375, 8.5256658], [-0.1995643, 8.5220901], [-0.2045322, 8.4972069], [-0.2082436, 8.4946847], [-0.1950731, 8.4833421], [-0.1998997, 8.4817318], [-0.2107142, 8.4863523], [-0.2130302, 8.4681878], [-0.217532, 8.4700536], [-0.2193613, 8.4750284], [-0.2428598, 8.4727208], [-0.233494, 8.4574739], [-0.2281743, 8.4587917], [-0.2189222, 8.4555246], [-0.226038, 8.4278623], [-0.2491343, 8.3808881], [-0.2528894, 8.3522817], [-0.2585006, 8.3494899], [-0.2731562, 8.3532476], [-0.2998281, 8.353375], [-0.3068394, 8.3581836], [-0.3181475, 8.3448245], [-0.3267038, 8.3397716], [-0.3241879, 8.3342728], [-0.3082287, 8.3206157], [-0.2755916, 8.3196921], [-0.2666652, 8.3266986], [-0.2619338, 8.3367515], [-0.2476108, 8.3337792], [-0.2373111, 8.3428872], [-0.2325261, 8.3395646], [-0.2169156, 8.3387791], [-0.209856, 8.3504744], [-0.1960158, 8.3475792], [-0.18695, 8.3570902], [-0.184323, 8.3369822], [-0.1642585, 8.3119], [-0.1587912, 8.295846], [-0.1449708, 8.2862128], [-0.1427476, 8.2721302]]]}}, {"type": "Feature", "properties": {"name": "Upper West Region", "country": "GHA"}, "geometry": {"type": "Polygon", "coordinates": [[[-1.5171558, 10.0761508], [-1.5546977, 10.1015996], [-1.6125491, 10.1506738], [-1.6377822, 10.1767225], [-1.592855, 10.2869514], [-1.5220793, 10.3910884], [-1.4574581, 10.4358809], [-1.4382156, 10.4696166], [-1.4463243, 10.4693029], [-1.4490172, 10.4789034], [-1.457566, 10.4789185], [-1.4666341, 10.4867841], [-1.4589286, 10.4976545], [-1.4629755, 10.5083889], [-1.4482105, 10.516073], [-1.4498949, 10.5240265], [-1.4568043, 10.5330874], [-1.4665461, 10.537929], [-1.4852679, 10.5382981], [-1.4910454, 10.5510344], [-1.5052021, 10.55991], [-1.5178192, 10.5612073], [-1.5200937, 10.5663964], [-1.5170471, 10.5781614], [-1.5276597, 10.5885396], [-1.5534517, 10.5863988], [-1.5579772, 10.5944604], [-1.5665388, 10.5990901], [-1.5649638, 10.6224436], [-1.5730534, 10.6665922], [-1.5671525, 10.7235109], [-1.5618825, 10.7286807], [-1.5578914, 10.7457888], [-1.5510893, 10.7505531], [-1.5334103, 10.7479978], [-1.5262306, 10.7609038], [-1.5289364, 10.7652207], [-1.5234733, 10.7772406], [-1.4996982, 10.782426], [-1.4958787, 10.786568], [-1.4910099, 10.806735], [-1.500417, 10.8136527], [-1.4940677, 10.8298662], [-1.4906752, 10.833032], [-1.478734, 10.8306083], [-1.4776611, 10.8388803], [-1.4725006, 10.8441806], [-1.4586818, 10.8490909], [-1.4533174, 10.8658128], [-1.4583492, 10.8794151], [-1.4519763, 10.8887709], [-1.4517188, 10.9079031], [-1.4562464, 10.9116325], [-1.4473736, 10.9322801], [-1.4441013, 10.9502402], [-1.4477706, 10.9561494], [-1.4476761, 10.964603], [-1.4383829, 10.990665], [-1.4282712, 10.9979686], [-1.4317203, 11.0097786], [-1.4241458, 11.0143684], [-1.4263145, 11.0210332], [-1.6155775, 11.0210279], [-1.6163083, 10.9850855], [-1.6910186, 10.9845563], [-1.6914096, 10.9727764], [-1.7499339, 10.9720044], [-1.7499339, 10.9842022], [-2.1313775, 10.9859006], [-2.2243153, 10.9938313], [-2.3302097, 10.9897728], [-2.4799236, 10.9895594], [-2.6320983, 10.9995776], [-2.6354265, 10.9967795], [-2.6895189, 11.0042835], [-2.7385756, 11.0020736], [-2.7588719, 11.0030636], [-2.7593782, 11.0073987], [-2.8337019, 11.0066883], [-2.8408035, 10.9671282], [-2.8377637, 10.960052], [-2.8195211, 10.9416885], [-2.8174961, 10.9249992], [-2.8379873, 10.8931193], [-2.8584269, 10.891473], [-2.8640387, 10.8877047], [-2.8668794, 10.8759203], [-2.8639712, 10.8571784], [-2.879473, 10.8312847], [-2.8808149, 10.8045044], [-2.892199, 10.7806461], [-2.8952835, 10.7644131], [-2.9187452, 10.7362429], [-2.9379871, 10.7218924], [-2.9396331, 10.7086177], [-2.9107696, 10.6993798], [-2.9056748, 10.6861223], [-2.9156351, 10.6643178], [-2.9313416, 10.6522337], [-2.9377791, 10.6430158], [-2.941137, 10.6363693], [-2.9413166, 10.6168422], [-2.932857, 10.6020155], [-2.9241107, 10.594554], [-2.9114407, 10.5637275], [-2.9002033, 10.546484], [-2.8994389, 10.5227877], [-2.8950857, 10.5136519], [-2.8808287, 10.5005028], [-2.8747411, 10.490262], [-2.8711942, 10.4803748], [-2.8727402, 10.4670928], [-2.86636, 10.4544959], [-2.8337771, 10.4372055], [-2.7769287, 10.4255703], [-2.7733426, 10.4225082], [-2.7800782, 10.4085103], [-2.7997425, 10.3976976], [-2.8187487, 10.397731], [-2.8315072, 10.3878415], [-2.8419531, 10.3660645], [-2.842338, 10.3435971], [-2.8504732, 10.31883], [-2.8426449, 10.3041381], [-2.832951, 10.2955439], [-2.7969945, 10.275782], [-2.7806866, 10.272066], [-2.7628271, 10.2631575], [-2.7563424, 10.2457974], [-2.7609162, 10.2266285], [-2.7964343, 10.1983584], [-2.7982713, 10.1873045], [-2.7899329, 10.1613156], [-2.7872305, 10.1410729], [-2.7930363, 10.1280634], [-2.7931596, 10.1184327], [-2.7880228, 10.0939049], [-2.79047, 10.0695907], [-2.7819574, 10.0444777], [-2.7817113, 10.0267803], [-2.7707247, 10.0036304], [-2.7498024, 9.9819622], [-2.7430564, 9.9607414], [-2.7448341, 9.9474655], [-2.7550173, 9.935893], [-2.7633267, 9.914969], [-2.7618966, 9.8839632], [-2.7464586, 9.8540905], [-2.7264489, 9.8310965], [-2.7326383, 9.8147245], [-2.7496374, 9.8080758], [-2.7587385, 9.800001], [-2.7781785, 9.7568749], [-2.7900518, 9.7465135], [-2.7830255, 9.7271645], [-2.7866345, 9.7096188], [-2.7858588, 9.693054], [-2.7767751, 9.6864716], [-2.7576141, 9.6807141], [-2.7538655, 9.653008], [-2.7500647, 9.6484187], [-2.5954081, 9.6711265], [-2.5738677, 9.7129858], [-2.5418648, 9.714199], [-2.5123236, 9.7669705], [-2.4544722, 9.7809202], [-2.3904664, 9.7803137], [-2.2759944, 9.8088178], [-2.2095267, 9.8033597], [-2.1559834, 9.7457416], [-2.0778224, 9.6905402], [-1.9898144, 9.7348234], [-1.9621195, 9.725118], [-1.9295012, 9.6784068], [-1.9134997, 9.6359364], [-1.8827277, 9.6359364], [-1.8297998, 9.662026], [-1.7294829, 9.6887202], [-1.6925565, 9.7172321], [-1.6796322, 9.7402825], [-1.6722469, 9.7875916], [-1.6851712, 9.8251914], [-1.6944028, 9.870063], [-1.6753241, 9.8864335], [-1.6722469, 9.926447], [-1.6845557, 9.9694863], [-1.6667079, 10.0082775], [-1.6131646, 10.0107017], [-1.6131646, 10.0337316], [-1.6260888, 10.0585778], [-1.5534668, 10.0525179], [-1.5171558, 10.0761508]]]}}, {"type": "Feature", "properties": {"name": "Upper East Region", "country": "GHA"}, "geometry": {"type": "Polygon", "coordinates": [[[-0.0890524, 10.7135406], [-0.0725591, 10.7194886], [-0.0741899, 10.7317693], [-0.0709176, 10.7415092], [-0.0742543, 10.7563714], [-0.0696623, 10.764909], [-0.0725859, 10.7699313], [-0.0644052, 10.7725083], [-0.0576353, 10.7846077], [-0.0445911, 10.7924022], [-0.043881, 10.7981293], [-0.0312746, 10.8071979], [-0.0289786, 10.8148224], [-0.0218976, 10.8187005], [-0.0223511, 10.8317074], [-0.0279125, 10.8422132], [-0.0295024, 10.8544661], [-0.0251241, 10.8657601], [-0.0253745, 10.8813374], [-0.0177209, 10.8895443], [-0.012199, 10.9053927], [-0.0150885, 10.9062898], [-0.007665, 10.9146688], [-0.011868, 10.9437612], [-0.0070359, 10.9456549], [-0.0060885, 10.9632623], [0.0053833, 10.9670297], [0.0096674, 10.9655148], [0.0131223, 10.9712942], [0.0235053, 10.9774142], [0.0335263, 10.9788062], [0.0312423, 10.9827002], [0.0343893, 10.9926932], [0.0285693, 11.0039752], [0.0239023, 11.0626172], [0.0032143, 11.0840382], [0.0018233, 11.0943004], [-0.0051864, 11.1008948], [-0.0043144, 11.1075143], [-0.0146992, 11.1131062], [-0.0194262, 11.1144929], [-0.0386314, 11.1060843], [-0.0461913, 11.1003508], [-0.0547031, 11.085965], [-0.0950013, 11.0861265], [-0.1030786, 11.0902362], [-0.1025042, 11.093744], [-0.1192343, 11.0993504], [-0.1264073, 11.1060244], [-0.1430021, 11.105833], [-0.1437417, 11.1186358], [-0.1338117, 11.1298171], [-0.1362307, 11.1395102], [-0.2752825, 11.1748562], [-0.2801946, 11.1721294], [-0.2842394, 11.1642872], [-0.2843896, 11.1542139], [-0.2893785, 11.1482981], [-0.2820615, 11.1409506], [-0.2717725, 11.1378663], [-0.2709468, 11.126267], [-0.302514, 11.1195059], [-0.3098811, 11.1153313], [-0.3212245, 11.1154099], [-0.332746, 11.1092964], [-0.3367808, 11.1062303], [-0.3353946, 11.1004934], [-0.3395549, 11.088134], [-0.3548057, 11.0837802], [-0.3548678, 11.0731075], [-0.3590756, 11.0698859], [-0.36157, 11.0691689], [-0.3599231, 11.0783271], [-0.368025, 11.0839221], [-0.3719796, 11.0917074], [-0.3696767, 11.097966], [-0.3751634, 11.105832], [-0.3724455, 11.1232573], [-0.3783097, 11.1223502], [-0.3848606, 11.1270187], [-0.3928845, 11.1248922], [-0.402096, 11.1271456], [-0.4071052, 11.1218711], [-0.4275663, 11.1143442], [-0.4316448, 11.1024796], [-0.4330849, 11.0788559], [-0.4397546, 11.064866], [-0.4349285, 11.0478543], [-0.4385999, 11.0443104], [-0.4335852, 11.0371533], [-0.4380132, 11.030337], [-0.4616482, 11.028073], [-0.4749901, 11.0360488], [-0.479451, 11.0317743], [-0.480077, 11.023547], [-0.5014829, 11.01772], [-0.5009927, 11.0034225], [-0.5106398, 10.992753], [-0.5108762, 10.9883897], [-0.5167499, 10.9920341], [-0.5233565, 10.9916831], [-0.5274622, 11.0000944], [-0.5434631, 10.9853383], [-0.5447916, 10.9747146], [-0.5511531, 10.9787006], [-0.5526816, 10.9899951], [-0.5682938, 10.9923173], [-0.5797811, 10.9722922], [-0.5816327, 10.9628584], [-0.5862295, 10.9607539], [-0.5883754, 10.9398099], [-0.5862816, 10.9382938], [-0.5936843, 10.9307375], [-0.5931863, 10.9235777], [-0.6182217, 10.9105024], [-0.6259578, 10.9388423], [-0.6484636, 10.9494685], [-0.6456612, 10.9558828], [-0.6527473, 10.963225], [-0.6561172, 10.963469], [-0.6625166, 10.9556436], [-0.6710797, 10.9582816], [-0.6636862, 10.9746653], [-0.6552799, 10.9760127], [-0.6523877, 10.9817294], [-0.6537546, 10.9873089], [-0.6724681, 10.9902881], [-0.67751, 10.9821446], [-0.6809164, 10.9825537], [-0.6861896, 10.9866199], [-0.6842015, 10.9973617], [-0.8075986, 10.9978369], [-0.8075632, 11.005831], [-0.8273269, 11.0064868], [-0.8284436, 10.9980496], [-0.8550743, 10.9980424], [-0.870012, 10.9666022], [-0.8934581, 10.9623926], [-0.8885676, 10.9651711], [-0.8888372, 10.9801434], [-0.9167728, 10.980263], [-0.916519, 11.0019778], [-1.0002249, 10.9976974], [-1.0002895, 11.0078347], [-1.0082648, 11.0080402], [-1.1150172, 11.0038417], [-1.1148024, 10.9857099], [-1.1183053, 10.9855725], [-1.3114072, 10.9926767], [-1.3827489, 10.996762], [-1.3951964, 11.0120091], [-1.4263145, 11.0210332], [-1.4241458, 11.0143684], [-1.4317203, 11.0097786], [-1.4282712, 10.9979686], [-1.4383829, 10.990665], [-1.4476761, 10.964603], [-1.4477706, 10.9561494], [-1.4441013, 10.9502402], [-1.4473736, 10.9322801], [-1.4562464, 10.9116325], [-1.4517188, 10.9079031], [-1.4519763, 10.8887709], [-1.4583492, 10.8794151], [-1.4533174, 10.8658128], [-1.4586818, 10.8490909], [-1.4725006, 10.8441806], [-1.4776611, 10.8388803], [-1.478734, 10.8306083], [-1.4906752, 10.833032], [-1.4940677, 10.8298662], [-1.500417, 10.8136527], [-1.4910099, 10.806735], [-1.4958787, 10.786568], [-1.4996982, 10.782426], [-1.5234733, 10.7772406], [-1.5289364, 10.7652207], [-1.5262306, 10.7609038], [-1.5334103, 10.7479978], [-1.5510893, 10.7505531], [-1.5578914, 10.7457888], [-1.5618825, 10.7286807], [-1.5671525, 10.7235109], [-1.5730534, 10.6665922], [-1.5649638, 10.6224436], [-1.5665388, 10.5990901], [-1.5579772, 10.5944604], [-1.5534517, 10.5863988], [-1.5276597, 10.5885396], [-1.5170471, 10.5781614], [-1.5200937, 10.5663964], [-1.5178192, 10.5612073], [-1.5052021, 10.55991], [-1.4910454, 10.5510344], [-1.4852679, 10.5382981], [-1.4665461, 10.537929], [-1.4568043, 10.5330874], [-1.4498949, 10.5240265], [-1.4482105, 10.516073], [-1.4629755, 10.5083889], [-1.4589286, 10.4976545], [-1.4666341, 10.4867841], [-1.457566, 10.4789185], [-1.4490172, 10.4789034], [-1.4463243, 10.4693029], [-1.4382156, 10.4696166], [-1.4272699, 10.4635635], [-1.4173136, 10.4676148], [-1.4031591, 10.4853411], [-1.3920068, 10.4741236], [-1.3746625, 10.464581], [-1.3736141, 10.4586723], [-1.3804155, 10.4559724], [-1.3643424, 10.440198], [-1.3628091, 10.4350621], [-1.3660395, 10.4280895], [-1.3735617, 10.4260725], [-1.3705082, 10.4224959], [-1.3637723, 10.4219804], [-1.3679135, 10.4114501], [-1.375416, 10.4052117], [-1.3852774, 10.4051988], [-1.381595, 10.3899181], [-1.3750949, 10.3821453], [-1.3659608, 10.3772147], [-1.3534981, 10.376654], [-1.3488983, 10.3720198], [-1.3436629, 10.3610496], [-1.3458383, 10.3553194], [-1.3433287, 10.3513359], [-1.3489376, 10.3475006], [-1.3407012, 10.3428725], [-1.3365141, 10.3478938], [-1.3298962, 10.3410353], [-1.3265806, 10.3413254], [-1.3231209, 10.3343443], [-1.3266593, 10.3315596], [-1.3147928, 10.3305797], [-1.2970357, 10.3237853], [-1.2897887, 10.3261254], [-1.2855427, 10.3214775], [-1.2723657, 10.3210134], [-1.2733748, 10.3267764], [-1.2688143, 10.3255452], [-1.271468, 10.3129939], [-1.2644634, 10.3106732], [-1.2593656, 10.3021828], [-1.2558142, 10.3030274], [-1.2543072, 10.2947238], [-1.2581731, 10.2927446], [-1.2550869, 10.2883606], [-1.2556832, 10.2818296], [-1.252597, 10.280379], [-1.2539075, 10.2771811], [-1.2489341, 10.2782836], [-1.247545, 10.2744732], [-1.2429502, 10.2764126], [-1.247183, 10.2808612], [-1.2417249, 10.2806678], [-1.2414824, 10.2768058], [-1.2397866, 10.2786901], [-1.2397129, 10.2860095], [-1.2320864, 10.2835961], [-1.2275895, 10.2866755], [-1.2322472, 10.2919705], [-1.2219333, 10.2948652], [-1.2240242, 10.3026062], [-1.2161631, 10.3039909], [-1.2089115, 10.3283512], [-1.2131123, 10.3455425], [-1.2314092, 10.3672419], [-1.2340105, 10.3777473], [-1.2315749, 10.3861144], [-1.2261351, 10.391181], [-1.1826213, 10.4059876], [-1.1326983, 10.457852], [-1.1054964, 10.477877], [-1.0718252, 10.4884549], [-1.0650012, 10.4970287], [-1.0555707, 10.4974946], [-1.0413255, 10.5201489], [-1.0099821, 10.537397], [-0.9805723, 10.5317503], [-0.9659574, 10.5363814], [-0.9590102, 10.5282186], [-0.9477599, 10.5324491], [-0.9296477, 10.5239695], [-0.9134595, 10.5274079], [-0.9091092, 10.5185647], [-0.9209091, 10.5002811], [-0.9351468, 10.4862347], [-0.9314607, 10.4799736], [-0.9224351, 10.4819964], [-0.8985698, 10.5126474], [-0.8794624, 10.521966], [-0.8768655, 10.5347228], [-0.8684586, 10.5339866], [-0.8629993, 10.5404533], [-0.8625404, 10.5478774], [-0.8563194, 10.550602], [-0.8467171, 10.562254], [-0.8376592, 10.6011517], [-0.8274615, 10.5992799], [-0.8179236, 10.6030974], [-0.7965785, 10.6200833], [-0.796718, 10.6452296], [-0.7914287, 10.6516984], [-0.7775509, 10.6520358], [-0.7648909, 10.6425092], [-0.7548219, 10.6398046], [-0.7478374, 10.6454722], [-0.7268572, 10.6517195], [-0.7117403, 10.6404689], [-0.7063597, 10.6207187], [-0.708822, 10.6168803], [-0.7178611, 10.6157836], [-0.7183975, 10.60537], [-0.7134622, 10.5991902], [-0.7048953, 10.5971127], [-0.695073, 10.5896883], [-0.6861091, 10.5670503], [-0.7168955, 10.5328765], [-0.7107318, 10.5237892], [-0.7056946, 10.5228662], [-0.7021728, 10.5251526], [-0.7013279, 10.5339787], [-0.6900412, 10.5421481], [-0.6869942, 10.5400807], [-0.6869459, 10.5307352], [-0.6742108, 10.5245329], [-0.6642222, 10.5302236], [-0.6624949, 10.5375914], [-0.6540191, 10.5482446], [-0.6394601, 10.5556489], [-0.6294072, 10.5524531], [-0.6184691, 10.5556383], [-0.6082338, 10.5536291], [-0.5952519, 10.5462775], [-0.5816478, 10.5481075], [-0.5766428, 10.550776], [-0.5665952, 10.5659692], [-0.5561453, 10.5718227], [-0.5485761, 10.5707311], [-0.5282128, 10.5585072], [-0.5161536, 10.5599205], [-0.5076993, 10.5673034], [-0.5079138, 10.5896514], [-0.5045503, 10.6007352], [-0.5070287, 10.6067831], [-0.4988265, 10.6231968], [-0.4679489, 10.6175499], [-0.4603636, 10.606588], [-0.4435569, 10.5990742], [-0.3942096, 10.608212], [-0.3668404, 10.6241036], [-0.3555858, 10.6247047], [-0.3468096, 10.61823], [-0.3380066, 10.619506], [-0.3309221, 10.6254109], [-0.3301531, 10.6230122], [-0.3237614, 10.6254982], [-0.3237748, 10.6219735], [-0.3209853, 10.6215096], [-0.3105193, 10.6229384], [-0.3000265, 10.633441], [-0.2969205, 10.6320491], [-0.2902097, 10.6367256], [-0.2849954, 10.6340842], [-0.2822006, 10.6393301], [-0.2706349, 10.6380542], [-0.2695406, 10.6342899], [-0.2605069, 10.631485], [-0.2578461, 10.6383811], [-0.2361041, 10.6481187], [-0.2298761, 10.6557578], [-0.2192009, 10.6576874], [-0.21411, 10.6548247], [-0.2127099, 10.6579246], [-0.2035676, 10.6576649], [-0.1866871, 10.6687317], [-0.1815373, 10.6704714], [-0.1770057, 10.6675799], [-0.1746762, 10.6720292], [-0.1636845, 10.6706243], [-0.1613563, 10.6754794], [-0.1604122, 10.6715046], [-0.1540607, 10.6714572], [-0.1415348, 10.6817367], [-0.1224482, 10.6856376], [-0.1103568, 10.6958639], [-0.1090479, 10.7013248], [-0.0890524, 10.7135406]]]}}, {"type": "Feature", "properties": {"name": "Bissau", "country": "GNB"}, "geometry": {"type": "Polygon", "coordinates": [[[-15.5243771, 11.834063299999963], [-15.5397456, 11.894621199999975], [-15.558130699999985, 11.901850200000013], [-15.574708800000025, 11.9299001], [-15.5962511, 11.945063199999968], [-15.600243399999988, 11.935923299999967], [-15.598284599999982, 11.930256499999983], [-15.610826399999981, 11.9235961], [-15.6060552, 11.915738599999981], [-15.6177843, 11.913214], [-15.621547300000017, 11.894721799999976], [-15.6316646, 11.8926431], [-15.635838499999982, 11.880808], [-15.64266, 11.8764], [-15.6514073, 11.86195090000002], [-15.660251900000018, 11.837587599999962], [-15.661572300000012, 11.795051199999989], [-15.648921700000024, 11.790448299999975], [-15.60114460000002, 11.753464300000015], [-15.5243771, 11.834063299999963]]]}}, {"type": "Feature", "properties": {"name": "Bafat\u00e1", "country": "GNB"}, "geometry": {"type": "Polygon", "coordinates": [[[-14.320056600000022, 12.675641899999984], [-14.425672, 12.679754], [-14.50801, 12.67712], [-14.9129, 12.678254], [-14.86868, 12.66217], [-14.8614, 12.6415], [-14.85066, 12.631], [-14.84726, 12.62266], [-14.84756, 12.59925], [-14.85185, 12.59136], [-14.87834, 12.56713], [-14.88331, 12.54965], [-14.90422, 12.52827], [-14.90769, 12.51856], [-14.88635, 12.50737], [-14.87712, 12.49743], [-14.84935, 12.45281], [-14.85825, 12.44956], [-14.86545, 12.44076], [-14.88885, 12.43457], [-14.90329, 12.4341], [-14.91189, 12.4285], [-14.92622, 12.43009], [-14.94298, 12.42494], [-14.95523, 12.43099], [-14.97221, 12.42297], [-14.97644, 12.39188], [-14.97075, 12.35095], [-14.96158, 12.31666], [-14.93623, 12.28545], [-14.94506, 12.27367], [-14.93717, 12.24153], [-14.9391, 12.22094], [-14.93574, 12.19937], [-14.95999, 12.19073], [-14.97141, 12.19175], [-14.99707, 12.20489], [-15.01103, 12.19905], [-15.02886, 12.20418], [-15.07257, 12.18486], [-15.021, 12.0861], [-15.00686, 12.06745], [-15.00449520000003, 12.0556558], [-14.99632, 12.04159], [-14.97776, 12.02489], [-14.95717259999998, 12.013776499999983], [-14.956899500000015, 12.0008542], [-14.9451313, 11.9952245], [-14.940546899999989, 11.983399], [-14.945769700000016, 11.9702306], [-14.96231, 11.9599709], [-15.034742299999984, 11.974993], [-15.020018, 11.957666700000015], [-15.015022699999983, 11.93066540000002], [-15.021517399999988, 11.9093407], [-15.046885199999977, 11.876004099999976], [-15.049837599999984, 11.84884120000003], [-15.0378728, 11.8057028], [-15.027019499999977, 11.798855499999979], [-14.992510600000019, 11.7927224], [-14.961229, 11.7535511], [-14.955110699999988, 11.749917799999976], [-14.934047700000017, 11.751096100000026], [-14.918802099999981, 11.75924650000002], [-14.918601499999983, 11.765727299999973], [-14.929885300000013, 11.784972399999967], [-14.927076900000019, 11.788752499999983], [-14.9071673, 11.791305300000017], [-14.885706, 11.786153199999973], [-14.8874816, 11.7564932], [-14.883313499999982, 11.746745600000015], [-14.8767356, 11.745609], [-14.867303900000023, 11.7574081], [-14.8563219, 11.7589742], [-14.852895100000032, 11.756220099999963], [-14.852989500000016, 11.7466815], [-14.849898300000017, 11.742859799999966], [-14.827315100000023, 11.745096600000023], [-14.82412059999997, 11.742305099999983], [-14.824607199999974, 11.736212], [-14.838612100000017, 11.7192656], [-14.8537523, 11.7203988], [-14.854075299999979, 11.711253599999985], [-14.8618674, 11.707603300000013], [-14.86434370000002, 11.7020026], [-14.862782599999974, 11.6942406], [-14.85826070000002, 11.69064279999997], [-14.853792699999984, 11.6925801], [-14.8505519, 11.7020563], [-14.847263500000015, 11.702683499999972], [-14.8174453, 11.7006923], [-14.799811100000015, 11.69356880000001], [-14.796937900000017, 11.6883421], [-14.8016053, 11.678814399999963], [-14.797861599999976, 11.66279720000001], [-14.802524400000028, 11.6524696], [-14.799750799999975, 11.64501550000002], [-14.755850299999981, 11.61563], [-14.742783, 11.598108899999975], [-14.728084499999989, 11.58999530000001], [-14.716658300000011, 11.597435800000024], [-14.69498880000001, 11.595922899999984], [-14.685984199999977, 11.60649409999998], [-14.684068899999975, 11.62050329999996], [-14.670916900000021, 11.6202009], [-14.672438100000022, 11.632398600000014], [-14.66955050000002, 11.644019699999976], [-14.6615065, 11.6499545], [-14.6469555, 11.6472119], [-14.632722, 11.6158698], [-14.6260577, 11.612849], [-14.602994599999988, 11.638008], [-14.554865799999975, 11.639848899999985], [-14.5367101, 11.6370385], [-14.521701800000013, 11.643097299999969], [-14.513861199999974, 11.649522300000012], [-14.51541, 11.6563], [-14.49587, 11.66698], [-14.49846, 11.68062], [-14.48557, 11.69507], [-14.4508, 11.71652], [-14.4486, 11.72454], [-14.44361, 11.72902], [-14.45191, 11.74231], [-14.46907, 11.75914], [-14.4682, 11.78309], [-14.47689, 11.81219], [-14.47672, 11.83762], [-14.48386, 11.85388], [-14.47582, 11.89776], [-14.46991, 11.91334], [-14.47215, 11.92227], [-14.47834, 11.92982], [-14.48118, 11.94757], [-14.49577, 11.96222], [-14.50865, 11.98981], [-14.50715, 11.99633], [-14.49438, 12.01134], [-14.49409, 12.03572], [-14.50647, 12.0514], [-14.50791, 12.06525], [-14.54339, 12.09533], [-14.54585, 12.10265], [-14.5289832, 12.121420399999975], [-14.518200200000027, 12.1210433], [-14.5151744, 12.123982299999973], [-14.502994, 12.123859099999965], [-14.511950899999981, 12.1112598], [-14.508228, 12.1075568], [-14.495301399999985, 12.1158659], [-14.489132299999985, 12.113023200000015], [-14.485624, 12.116338], [-14.4810197, 12.115445299999973], [-14.480215, 12.126165699999975], [-14.4732091, 12.124487400000014], [-14.468007200000025, 12.1314319], [-14.46164339999998, 12.128809099999968], [-14.45702630000001, 12.118372699999975], [-14.453330199999986, 12.12381690000001], [-14.455293599999985, 12.132533299999988], [-14.445551800000029, 12.1387323], [-14.440240899999983, 12.14706570000002], [-14.44688, 12.16142], [-14.48357, 12.21162], [-14.49154, 12.2314], [-14.49263, 12.24639], [-14.48165, 12.28311], [-14.48939, 12.30449], [-14.50271, 12.32198], [-14.53057, 12.34913], [-14.548551600000012, 12.35089279999997], [-14.551073300000011, 12.3662256], [-14.538399299999972, 12.366994699999987], [-14.536538800000013, 12.37130529999998], [-14.544241, 12.3781525], [-14.550793900000016, 12.375956900000016], [-14.5530608, 12.378797499999969], [-14.54377750000002, 12.380838], [-14.54643169999998, 12.3888757], [-14.543504499999973, 12.3951209], [-14.533491, 12.3955798], [-14.529350900000015, 12.405142699999969], [-14.5161753, 12.3919394], [-14.506212600000024, 12.390190499999978], [-14.506657100000018, 12.3943829], [-14.497234099999988, 12.397899299999988], [-14.4896589, 12.40594269999998], [-14.5022758, 12.42375260000003], [-14.4989295, 12.426580300000012], [-14.5038886, 12.4359994], [-14.500993099999972, 12.442286799999984], [-14.4953419, 12.441362899999985], [-14.487474599999988, 12.432948599999975], [-14.4803629, 12.432595100000011], [-14.480585099999981, 12.44626759999996], [-14.459167499999985, 12.44158620000002], [-14.451733300000019, 12.451729], [-14.460161900000017, 12.475160599999969], [-14.4722116, 12.4911341], [-14.4814204, 12.494290399999977], [-14.4890617, 12.480804100000025], [-14.500523599999989, 12.478604100000018], [-14.523251600000023, 12.4957251], [-14.530109100000011, 12.5156184], [-14.526190500000025, 12.52087839999997], [-14.511103900000027, 12.52958109999996], [-14.500033799999985, 12.527477199999977], [-14.5062056, 12.519730799999987], [-14.50503, 12.512844900000015], [-14.4959192, 12.520400200000012], [-14.4864166, 12.50825419999997], [-14.457302099999989, 12.5111574], [-14.457008200000013, 12.497385], [-14.4487791, 12.491646299999967], [-14.43075349999997, 12.4996805], [-14.422132600000017, 12.5137397], [-14.4137075, 12.51785209999997], [-14.401951699999984, 12.51507859999998], [-14.383206300000026, 12.497022299999987], [-14.36869020000001, 12.5047734], [-14.36258010000003, 12.527711199999983], [-14.368631199999989, 12.532047100000016], [-14.3891983, 12.535629], [-14.389847400000018, 12.545190699999983], [-14.399219099999986, 12.5443738], [-14.402035400000015, 12.559464599999988], [-14.408038200000027, 12.566135199999977], [-14.39894010000001, 12.5733188], [-14.401922700000025, 12.5809105], [-14.3960809, 12.593470499999984], [-14.407587600000014, 12.599150799999958], [-14.4074642, 12.612788199999985], [-14.412823199999984, 12.63384760000001], [-14.39498120000002, 12.642777600000015], [-14.37702650000001, 12.6124741], [-14.3696987, 12.606501], [-14.365366899999984, 12.6057785], [-14.357918399999987, 12.614521], [-14.3504726, 12.612039599999983], [-14.348718399999967, 12.6173164], [-14.336492900000021, 12.628848599999973], [-14.3449848, 12.644478699999986], [-14.3384724, 12.65177], [-14.340328499999972, 12.659950899999966], [-14.3219342, 12.6604638], [-14.329170499999979, 12.668885200000014], [-14.319890299999974, 12.670314], [-14.320056600000022, 12.675641899999984]]]}}, {"type": "Feature", "properties": {"name": "Biombo", "country": "GNB"}, "geometry": {"type": "Polygon", "coordinates": [[[-15.600243399999988, 11.935923299999967], [-15.603971, 11.9343463], [-15.6096855, 11.9382543], [-15.61534879999998, 11.953250200000019], [-15.623632500000022, 11.961138], [-15.626422, 11.966322900000012], [-15.61839579999998, 11.972368399999981], [-15.6185251, 11.97983], [-15.6247693, 11.9834823], [-15.6250219, 11.9891189], [-15.637010299999972, 11.99603569999997], [-15.6390517, 12.0177479], [-15.6517668, 12.025983399999971], [-15.66323789999998, 12.028964099999987], [-15.67693690000001, 12.0270681], [-15.6881196, 12.0166102], [-15.7052557, 12.0076673], [-15.706721200000025, 12.002225], [-15.702052199999972, 11.9864491], [-15.7038396, 11.980171], [-15.70865260000001, 11.976907], [-15.727936600000023, 11.980849], [-15.7443732, 11.974449], [-15.751952, 11.974740799999983], [-15.757376499999975, 11.981516499999989], [-15.75662980000002, 11.999632499999967], [-15.760563, 12.009822399999967], [-15.773220799999985, 12.016112400000013], [-15.7860847, 12.0167484], [-15.8264049, 12.001521599999977], [-15.9010918, 11.9422425], [-15.936477500000017, 11.905692499999974], [-15.9534673, 11.8763398], [-15.963458, 11.8278419], [-15.990632, 11.7759996], [-15.99764769999998, 11.7480362], [-15.950716100000024, 11.734331699999963], [-15.94704690000003, 11.743323499999981], [-15.9272461, 11.7545863], [-15.87833270000001, 11.758186799999972], [-15.871088599999975, 11.751649200000013], [-15.859392, 11.759800200000011], [-15.827767699999976, 11.75238240000001], [-15.8089409, 11.7432598], [-15.804586700000018, 11.74706119999997], [-15.80026030000002, 11.7444002], [-15.765191700000013, 11.769377800000026], [-15.712000900000023, 11.793671], [-15.661572300000012, 11.795051199999989], [-15.660251900000018, 11.837587599999962], [-15.6514073, 11.86195090000002], [-15.64266, 11.8764], [-15.635838499999982, 11.880808], [-15.6316646, 11.8926431], [-15.621547300000017, 11.894721799999976], [-15.6177843, 11.913214], [-15.6060552, 11.915738599999981], [-15.610826399999981, 11.9235961], [-15.598284599999982, 11.930256499999983], [-15.600243399999988, 11.935923299999967]]]}}, {"type": "Feature", "properties": {"name": "Bolama", "country": "GNB"}, "geometry": {"type": "MultiPolygon", "coordinates": [[[[-15.668306199999984, 11.006581900000032], [-15.672751699999976, 11.0061557], [-15.67513349999997, 11.0003963], [-15.671733599999975, 10.98387069999998], [-15.676338199999979, 10.970033700000013], [-15.668456, 10.967668399999948], [-15.664628100000042, 10.960611499999976], [-15.659607700000027, 10.960860699999975], [-15.657375700000024, 10.975514599999947], [-15.6639218, 10.975742700000017], [-15.6673675, 10.980416], [-15.668306199999984, 11.006581900000032]]], [[[-15.704170399999972, 11.024487399999941], [-15.712177599999984, 11.024659900000035], [-15.71438580000004, 11.018455300000015], [-15.708711099999979, 11.003434699999964], [-15.70316960000006, 11.002871199999968], [-15.699370799999944, 11.011784399999986], [-15.704170399999972, 11.024487399999941]]], [[[-15.953729, 11.045037], [-15.959195, 11.040896], [-15.959988, 11.044244], [-15.956859, 11.044769], [-15.965208, 11.045], [-15.96727, 11.037262], [-15.972745, 11.036214], [-15.979274, 11.038255], [-15.980048, 11.035675], [-15.990478, 11.034095], [-16.030909, 11.032671], [-16.024119, 11.030503], [-15.969092, 11.035839], [-15.955279, 11.040135], [-15.953729, 11.045037]]], [[[-15.6320541, 11.057025799999966], [-15.6439203, 11.05239549999998], [-15.645121599999946, 11.031789099999983], [-15.64000510000003, 11.029328599999971], [-15.6393375, 11.024960400000015], [-15.616738, 11.038218], [-15.609014700000014, 11.051839600000054], [-15.6165514, 11.056229299999929], [-15.6320541, 11.057025799999966]]], [[[-16.109036, 11.066413], [-16.125985, 11.064031], [-16.124143, 11.059914], [-16.119445, 11.059416], [-16.132464, 11.052668], [-16.124255, 11.05476], [-16.12829, 11.052683], [-16.128273, 11.048302], [-16.1361, 11.04853], [-16.135301, 11.044281], [-16.128777, 11.043661], [-16.134248, 11.041579], [-16.131893, 11.039913], [-16.124217, 11.044967], [-16.127485, 11.046887], [-16.114428, 11.043457], [-16.109739, 11.045149], [-16.096399, 11.035792], [-16.090143, 11.037103], [-16.092742, 11.034516], [-16.127193, 11.038642], [-16.133431, 11.03282], [-16.112561, 11.032511], [-16.102369, 11.027781], [-16.100527, 11.023277], [-16.085921, 11.024103], [-16.069505, 11.029187], [-16.050785, 11.046519], [-16.052621, 11.049348], [-16.054428, 11.04393], [-16.056015, 11.050109], [-16.062537, 11.050086], [-16.071891, 11.039487], [-16.086996, 11.032475], [-16.085178, 11.034801], [-16.091174, 11.033749], [-16.083127, 11.044601], [-16.078419, 11.041268], [-16.074506, 11.04141], [-16.073219, 11.046054], [-16.070079, 11.043617], [-16.071402, 11.048767], [-16.06697, 11.049555], [-16.066204, 11.054197], [-16.068036, 11.055737], [-16.070113, 11.053023], [-16.07013, 11.057533], [-16.071423, 11.054436], [-16.076649, 11.056737], [-16.082372, 11.052206], [-16.084482, 11.058513], [-16.103008, 11.059219], [-16.109036, 11.066413]]], [[[-15.92608, 11.129655], [-15.92997, 11.121912], [-15.935444, 11.119833], [-15.938858, 11.126523], [-15.94277, 11.125738], [-15.946744, 11.116535], [-15.948762, 11.122626], [-15.951086, 11.115145], [-15.955661, 11.117708], [-15.953427, 11.112946], [-15.949519, 11.114763], [-15.945858, 11.112327], [-15.945062, 11.108205], [-15.936207, 11.113645], [-15.926815, 11.114576], [-15.925, 11.118061], [-15.915341, 11.11706], [-15.911526, 11.106763], [-15.914524, 11.10598], [-15.913846, 11.097735], [-15.925422, 11.08636], [-15.920956, 11.07658], [-15.924856, 11.072445], [-15.931641, 11.072682], [-15.931893, 11.069846], [-15.938418, 11.07047], [-15.940509, 11.071881], [-15.937128, 11.074984], [-15.939743, 11.077038], [-15.934274, 11.080148], [-15.934552, 11.085559], [-15.948899, 11.084483], [-15.952364, 11.079148], [-15.955146, 11.079825], [-15.955915, 11.075441], [-15.95304, 11.073904], [-15.955108, 11.06797], [-15.949194, 11.067126], [-15.943867, 11.061046], [-15.954306, 11.062044], [-15.958738, 11.061], [-15.95586, 11.058431], [-15.974372, 11.054764], [-15.95384, 11.051391], [-15.942774, 11.045844], [-15.910697, 11.049679], [-15.887987, 11.04601], [-15.886447, 11.054262], [-15.880591, 11.058918], [-15.88426, 11.064319], [-15.881036, 11.077215], [-15.891187, 11.068938], [-15.893808, 11.072796], [-15.899026, 11.072523], [-15.891176, 11.065072], [-15.890099, 11.053993], [-15.91723, 11.053139], [-15.912416, 11.057019], [-15.918045, 11.063445], [-15.907358, 11.067086], [-15.911285, 11.071197], [-15.903886, 11.083333], [-15.906637, 11.086933], [-15.900114, 11.08708], [-15.898299, 11.090823], [-15.896585, 11.084901], [-15.900156, 11.100869], [-15.905384, 11.103946], [-15.904492, 11.11065], [-15.907492, 11.110383], [-15.907769, 11.115536], [-15.911947, 11.116555], [-15.908295, 11.116823], [-15.909345, 11.118882], [-15.913001, 11.119902], [-15.916158, 11.127882], [-15.92608, 11.129655]]], [[[-15.989031, 11.146722], [-16.008083, 11.147044], [-16.009248, 11.144077], [-16.000234, 11.141272], [-16.002564, 11.135853], [-15.99604, 11.135745], [-15.994986, 11.132785], [-15.999412, 11.129678], [-16.004119, 11.132755], [-16.003607, 11.135591], [-16.008561, 11.134415], [-16.014794, 11.125503], [-16.015028, 11.117771], [-16.022594, 11.11723], [-16.030395, 11.109472], [-16.028038, 11.10716], [-16.024652, 11.108847], [-16.02203, 11.105119], [-16.029815, 11.09298], [-16.023275, 11.088106], [-16.028233, 11.088347], [-16.027443, 11.086288], [-16.02249, 11.087335], [-16.021949, 11.081925], [-16.02718, 11.085515], [-16.024168, 11.082175], [-16.025195, 11.077275], [-16.020625, 11.076388], [-16.016425, 11.068929], [-16.011229, 11.075518], [-16.002366, 11.077867], [-15.994953, 11.084592], [-16.001246, 11.081567], [-15.996655, 11.086391], [-16.006595, 11.093574], [-16.008666, 11.089056], [-16.01545, 11.088905], [-16.008934, 11.091117], [-16.008685, 11.09434], [-16.016273, 11.1005], [-16.000889, 11.103901], [-16.006653, 11.110583], [-16.00303, 11.119357], [-15.998844, 11.116279], [-15.99641, 11.12943], [-15.990789, 11.126614], [-15.989983, 11.119787], [-15.985289, 11.120704], [-15.982653, 11.112595], [-15.978506, 11.121242], [-15.987386, 11.123275], [-15.984537, 11.129855], [-15.979972, 11.130257], [-15.979076, 11.135672], [-15.98717, 11.136677], [-15.992667, 11.141555], [-15.989031, 11.146722]]], [[[-15.940764, 11.19172], [-15.945326, 11.189902], [-15.944006, 11.185395], [-15.939927, 11.187768], [-15.939563, 11.183734], [-15.936953, 11.183485], [-15.939016, 11.175747], [-15.943191, 11.175476], [-15.943199, 11.178053], [-15.95179, 11.171068], [-15.959364, 11.17259], [-15.964302, 11.166259], [-15.967189, 11.171276], [-15.976057, 11.169185], [-15.977612, 11.166088], [-15.973299, 11.16404], [-15.973156, 11.160175], [-15.9682, 11.161222], [-15.964534, 11.157368], [-15.967262, 11.153493], [-15.965032, 11.15015], [-15.951731, 11.153027], [-15.950465, 11.165015], [-15.9395, 11.164148], [-15.938939, 11.151779], [-15.936063, 11.150242], [-15.932543, 11.151284], [-15.933228, 11.16159], [-15.924611, 11.160329], [-15.923293, 11.156209], [-15.91781, 11.155453], [-15.916776, 11.158677], [-15.913742, 11.147991], [-15.917241, 11.140249], [-15.912798, 11.138458], [-15.912038, 11.145548], [-15.908641, 11.144398], [-15.909413, 11.140788], [-15.902107, 11.141326], [-15.902118, 11.144934], [-15.908646, 11.146073], [-15.910881, 11.151092], [-15.912276, 11.166978], [-15.908985, 11.171201], [-15.916812, 11.170016], [-15.920744, 11.175546], [-15.920474, 11.172454], [-15.928305, 11.172945], [-15.925442, 11.175274], [-15.934583, 11.177049], [-15.934597, 11.181431], [-15.93276, 11.178601], [-15.931201, 11.180668], [-15.940764, 11.19172]]], [[[-16.000938, 11.194359], [-16.014277, 11.202304], [-16.017908, 11.195591], [-16.0116, 11.182984], [-16.0155, 11.17859], [-16.022308, 11.184752], [-16.025407, 11.175463], [-16.028282, 11.176484], [-16.028562, 11.181895], [-16.025469, 11.192988], [-16.04088, 11.196285], [-16.042404, 11.184425], [-16.039012, 11.184565], [-16.035378, 11.190376], [-16.034287, 11.177237], [-16.041805, 11.162779], [-16.049148, 11.172675], [-16.049646, 11.166102], [-16.054848, 11.161187], [-16.049083, 11.154507], [-16.043613, 11.157618], [-16.038648, 11.155832], [-16.034485, 11.159454], [-16.036033, 11.154294], [-16.032895, 11.152501], [-16.038099, 11.148102], [-16.046463, 11.151681], [-16.048923, 11.146261], [-16.047214, 11.142659], [-16.042789, 11.146153], [-16.035972, 11.137156], [-16.031543, 11.139105], [-16.020828, 11.134889], [-16.015657, 11.148694], [-16.020757, 11.15177], [-16.016718, 11.153587], [-16.015454, 11.165446], [-16.011782, 11.160175], [-16.00787, 11.161091], [-16.007291, 11.182226], [-15.999871, 11.187662], [-16.000938, 11.194359]]], [[[-16.11661, 11.205546], [-16.120774, 11.202181], [-16.118919, 11.194972], [-16.109261, 11.194878], [-16.107671, 11.188571], [-16.101397, 11.186017], [-16.112498, 11.188038], [-16.119908, 11.180537], [-16.116368, 11.176169], [-16.119609, 11.170745], [-16.116719, 11.165602], [-16.113329, 11.166387], [-16.105739, 11.160746], [-16.116703, 11.161478], [-16.116274, 11.151687], [-16.12109, 11.148577], [-16.121327, 11.142391], [-16.12395, 11.145731], [-16.124972, 11.140058], [-16.128895, 11.142363], [-16.137748, 11.137175], [-16.138805, 11.140521], [-16.129958, 11.147383], [-16.126037, 11.145594], [-16.123178, 11.148569], [-16.122816, 11.156301], [-16.126613, 11.159637], [-16.122447, 11.16223], [-16.130844, 11.174053], [-16.12786, 11.178445], [-16.129992, 11.179122], [-16.126433, 11.18077], [-16.135301, 11.179061], [-16.140009, 11.18162], [-16.148308, 11.168317], [-16.171787, 11.165907], [-16.171483, 11.155084], [-16.168882, 11.157414], [-16.171196, 11.148643], [-16.166759, 11.148403], [-16.163902, 11.151892], [-16.165322, 11.147893], [-16.158134, 11.145343], [-16.161266, 11.145331], [-16.161775, 11.141979], [-16.164393, 11.144288], [-16.170645, 11.141429], [-16.168537, 11.136284], [-16.172182, 11.134208], [-16.172461, 11.138845], [-16.181281, 11.125668], [-16.171909, 11.131117], [-16.173591, 11.127502], [-16.170578, 11.124679], [-16.175545, 11.126979], [-16.179704, 11.12284], [-16.179717, 11.12619], [-16.180467, 11.11794], [-16.192427, 11.107327], [-16.20129, 11.10523], [-16.206064, 11.092327], [-16.212706, 11.089723], [-16.21139, 11.086894], [-16.218415, 11.082227], [-16.22651, 11.08374], [-16.221313, 11.088915], [-16.22626, 11.086576], [-16.224726, 11.094055], [-16.229426, 11.094809], [-16.230986, 11.093514], [-16.227593, 11.09327], [-16.23044, 11.087847], [-16.232597, 11.104331], [-16.219857, 11.115334], [-16.194587, 11.125228], [-16.179766, 11.138301], [-16.206836, 11.121443], [-16.233923, 11.109479], [-16.245348, 11.09629], [-16.246223, 11.087267], [-16.226171, 11.064929], [-16.197389, 11.0443], [-16.209957, 11.05546], [-16.200541, 11.04957], [-16.206827, 11.05573], [-16.20448, 11.055997], [-16.196885, 11.048554], [-16.198468, 11.052929], [-16.197164, 11.053191], [-16.196104, 11.049073], [-16.191934, 11.05012], [-16.181993, 11.043201], [-16.187476, 11.044338], [-16.186941, 11.040862], [-16.189562, 11.043944], [-16.189945, 11.041881], [-16.182224, 11.035727], [-16.185098, 11.036746], [-16.182472, 11.032375], [-16.187567, 11.034417], [-16.179323, 11.02762], [-16.162622, 11.026138], [-16.150082, 11.021419], [-16.136407, 11.026367], [-16.142277, 11.026602], [-16.138929, 11.037954], [-16.142047, 11.034592], [-16.140234, 11.038207], [-16.146, 11.044885], [-16.143934, 11.050305], [-16.148628, 11.050029], [-16.147767, 11.052521], [-16.141073, 11.052635], [-16.14083, 11.057275], [-16.145544, 11.061896], [-16.148927, 11.059692], [-16.152599, 11.064704], [-16.146623, 11.071169], [-16.141147, 11.071705], [-16.147032, 11.075548], [-16.140666, 11.082273], [-16.155002, 11.078868], [-16.149804, 11.084042], [-16.139365, 11.083179], [-16.138433, 11.078416], [-16.141951, 11.077372], [-16.13658, 11.071465], [-16.142962, 11.068863], [-16.137469, 11.065147], [-16.13356, 11.066322], [-16.133479, 11.079207], [-16.139641, 11.087173], [-16.134838, 11.093118], [-16.138109, 11.095683], [-16.141485, 11.091805], [-16.147755, 11.093843], [-16.147264, 11.101576], [-16.131318, 11.093905], [-16.135219, 11.09054], [-16.129713, 11.083731], [-16.124374, 11.0862], [-16.126492, 11.094181], [-16.119356, 11.104515], [-16.121928, 11.094713], [-16.115914, 11.091385], [-16.111483, 11.09269], [-16.112812, 11.099128], [-16.101568, 11.092597], [-16.097151, 11.097639], [-16.093237, 11.097653], [-16.094255, 11.090691], [-16.082765, 11.088156], [-16.073641, 11.09025], [-16.075974, 11.086118], [-16.073619, 11.084323], [-16.069977, 11.087171], [-16.070222, 11.082917], [-16.066969, 11.08512], [-16.068562, 11.092845], [-16.058275, 11.098293], [-16.058548, 11.101643], [-16.063756, 11.098532], [-16.064291, 11.102396], [-16.068207, 11.102897], [-16.073663, 11.096435], [-16.088017, 11.097157], [-16.083474, 11.103358], [-16.083108, 11.110318], [-16.088823, 11.103596], [-16.097455, 11.109235], [-16.093799, 11.108475], [-16.089655, 11.116865], [-16.075457, 11.122973], [-16.090206, 11.124466], [-16.090496, 11.132454], [-16.103036, 11.136016], [-16.102004, 11.13937], [-16.099645, 11.136544], [-16.089739, 11.139415], [-16.09109, 11.15178], [-16.088222, 11.152563], [-16.08364, 11.148199], [-16.083718, 11.134282], [-16.077978, 11.134689], [-16.067259, 11.129187], [-16.066487, 11.132282], [-16.06061, 11.130499], [-16.062599, 11.139512], [-16.07329, 11.137154], [-16.070837, 11.144121], [-16.065106, 11.146977], [-16.071781, 11.152622], [-16.072062, 11.158033], [-16.083014, 11.155675], [-16.089294, 11.160033], [-16.088268, 11.164675], [-16.097426, 11.171085], [-16.088551, 11.170602], [-16.086482, 11.175892], [-16.080729, 11.172692], [-16.082078, 11.18467], [-16.076588, 11.182242], [-16.067917, 11.166423], [-16.072791, 11.178648], [-16.064024, 11.172494], [-16.0604, 11.180624], [-16.053877, 11.181292], [-16.05586, 11.188243], [-16.081866, 11.197943], [-16.083451, 11.202834], [-16.088916, 11.198561], [-16.102484, 11.197223], [-16.107729, 11.203775], [-16.112675, 11.200407], [-16.11661, 11.205546]]], [[[-16.395739, 11.301171], [-16.394247, 11.298174], [-16.401266, 11.291957], [-16.393904, 11.281169], [-16.382407, 11.279161], [-16.382421, 11.281996], [-16.363808, 11.293162], [-16.375418, 11.291691], [-16.389269, 11.29459], [-16.395739, 11.301171]]], [[[-15.655581, 11.30408], [-15.659766, 11.307164], [-15.668636, 11.303536], [-15.66809, 11.29297], [-15.669924, 11.295543], [-15.675401, 11.292695], [-15.677253, 11.302871], [-15.686635, 11.294989], [-15.684568, 11.30453], [-15.698134, 11.298828], [-15.706215, 11.293139], [-15.707768, 11.287723], [-15.71768, 11.283318], [-15.720536, 11.276868], [-15.728365, 11.275044], [-15.72888, 11.272208], [-15.724565, 11.269384], [-15.73174, 11.267304], [-15.733557, 11.263176], [-15.73582, 11.263774], [-15.734877, 11.268843], [-15.746367, 11.26933], [-15.745867, 11.277836], [-15.752127, 11.275501], [-15.756552, 11.270077], [-15.754558, 11.256165], [-15.752072, 11.254367], [-15.747644, 11.258502], [-15.748937, 11.253602], [-15.745654, 11.245878], [-15.751679, 11.253595], [-15.760937, 11.249705], [-15.769793, 11.241951], [-15.772904, 11.233695], [-15.777339, 11.232395], [-15.779409, 11.225431], [-15.76923, 11.226231], [-15.771589, 11.229833], [-15.766366, 11.229331], [-15.76533, 11.232426], [-15.764271, 11.226759], [-15.756787, 11.225658], [-15.769072, 11.215922], [-15.761087, 11.20718], [-15.769438, 11.206385], [-15.770496, 11.211537], [-15.767628, 11.213091], [-15.776231, 11.208558], [-15.783655, 11.202482], [-15.783643, 11.197843], [-15.76977, 11.183704], [-15.76922, 11.172881], [-15.773772, 11.167199], [-15.763326, 11.165164], [-15.753681, 11.169827], [-15.759428, 11.171617], [-15.759448, 11.179607], [-15.757092, 11.176778], [-15.751617, 11.179369], [-15.741434, 11.178105], [-15.754207, 11.171373], [-15.72014, 11.169395], [-15.725396, 11.184073], [-15.717906, 11.216307], [-15.719075, 11.214242], [-15.724303, 11.217065], [-15.721295, 11.214237], [-15.726906, 11.213966], [-15.724813, 11.212167], [-15.727416, 11.20881], [-15.744115, 11.205934], [-15.748176, 11.211336], [-15.739173, 11.212647], [-15.736442, 11.216778], [-15.745478, 11.228353], [-15.742345, 11.228103], [-15.740269, 11.233263], [-15.738945, 11.225663], [-15.72588, 11.221185], [-15.723946, 11.230726], [-15.730099, 11.237669], [-15.720437, 11.23692], [-15.721514, 11.250061], [-15.711589, 11.24841], [-15.714281, 11.228429], [-15.712315, 11.225341], [-15.70606, 11.22948], [-15.704218, 11.223814], [-15.709947, 11.217615], [-15.714526, 11.221728], [-15.707065, 11.213627], [-15.696887, 11.214939], [-15.687662, 11.232616], [-15.682318, 11.235978], [-15.680511, 11.245003], [-15.684171, 11.247185], [-15.693562, 11.243685], [-15.689667, 11.252456], [-15.693325, 11.253479], [-15.693333, 11.257087], [-15.703783, 11.25964], [-15.696755, 11.268419], [-15.699894, 11.270732], [-15.693649, 11.280024], [-15.694281, 11.27126], [-15.69036, 11.269207], [-15.691916, 11.264822], [-15.685775, 11.263032], [-15.683668, 11.255048], [-15.676746, 11.253775], [-15.676389, 11.268724], [-15.671414, 11.262678], [-15.667498, 11.262816], [-15.666702, 11.257406], [-15.670865, 11.250953], [-15.667458, 11.245548], [-15.669616, 11.23661], [-15.673705, 11.237287], [-15.673423, 11.228267], [-15.661159, 11.231129], [-15.664178, 11.238339], [-15.659525, 11.258453], [-15.663311, 11.258702], [-15.664764, 11.266173], [-15.654503, 11.289392], [-15.658163, 11.291446], [-15.655581, 11.30408]]], [[[-15.825696799999944, 11.299272899999986], [-15.837863, 11.307615], [-15.84647, 11.303854], [-15.844882, 11.296642], [-15.849059, 11.296372], [-15.848791, 11.294054], [-15.857422, 11.298796], [-15.862631, 11.294272], [-15.863389, 11.285764], [-15.856587, 11.281403], [-15.860753, 11.277525], [-15.857869, 11.27341], [-15.861524, 11.273399], [-15.865424, 11.267718], [-15.866111, 11.279056], [-15.871475, 11.282906], [-15.875614, 11.270265], [-15.879791, 11.269995], [-15.888618, 11.253733], [-15.886519, 11.250389], [-15.889518, 11.249091], [-15.884161, 11.247689], [-15.882187, 11.242154], [-15.887792, 11.239818], [-15.884373, 11.231581], [-15.890371, 11.229502], [-15.890647, 11.23414], [-15.895077, 11.231678], [-15.900303, 11.233338], [-15.902372, 11.226888], [-15.894531, 11.223819], [-15.899744, 11.221226], [-15.900513, 11.216585], [-15.903415, 11.226627], [-15.905239, 11.225591], [-15.905086, 11.218118], [-15.900506, 11.214523], [-15.897116, 11.215693], [-15.895275, 11.211189], [-15.89736, 11.210152], [-15.890431, 11.206307], [-15.896302, 11.205516], [-15.894203, 11.202172], [-15.877225, 11.198742], [-15.874857, 11.192178], [-15.860768, 11.194409], [-15.833912, 11.204923], [-15.831608, 11.220909], [-15.83496, 11.206209], [-15.834734, 11.21858], [-15.837312, 11.207233], [-15.842292, 11.214436], [-15.840999, 11.218563], [-15.844123, 11.215719], [-15.847279, 11.223442], [-15.856411, 11.221869], [-15.849213, 11.215189], [-15.848011, 11.205915], [-15.86314, 11.202263], [-15.874644, 11.208157], [-15.87206179999998, 11.217699900000014], [-15.866561800000047, 11.2117889], [-15.860825799999965, 11.2141249], [-15.863964799999982, 11.216177899999984], [-15.862671799999946, 11.220562900000013], [-15.8689408, 11.2215749], [-15.871302800000011, 11.225691899999948], [-15.868706799999982, 11.230724899999982], [-15.8636148, 11.2300959], [-15.86389979999997, 11.23834190000001], [-15.859850799999949, 11.23732289999996], [-15.86262980000003, 11.249942900000034], [-15.85282980000002, 11.24713689999997], [-15.848922800000055, 11.249982900000031], [-15.860429799999983, 11.2566499], [-15.8472518, 11.25874990000003], [-15.847912800000032, 11.2618409], [-15.853834800000035, 11.263715899999957], [-15.8528988, 11.2703309], [-15.847928800000037, 11.267380899999953], [-15.844931800000019, 11.269065899999966], [-15.8427498, 11.28195790000001], [-15.8393508, 11.280420899999964], [-15.83789080000005, 11.271920900000037], [-15.8314808, 11.267556899999965], [-15.8309818, 11.275805900000034], [-15.823929799999966, 11.275051900000014], [-15.824340800000037, 11.281751899999948], [-15.819906799999975, 11.28331089999996], [-15.81953180000007, 11.2892389], [-15.82997979999997, 11.290498900000024], [-15.83077080000002, 11.2930739], [-15.825552800000056, 11.294634899999975], [-15.825696799999944, 11.299272899999986]]], [[[-16.2252919, 11.3106972], [-16.22990280000003, 11.3100982], [-16.227428500000034, 11.301007200000033], [-16.2372857, 11.290705699999949], [-16.247529800000045, 11.289953099999947], [-16.250212799999957, 11.285052], [-16.2612765, 11.2888242], [-16.262087, 11.270809099999981], [-16.26600709999999, 11.266624299999986], [-16.264242, 11.2610274], [-16.27238010000002, 11.253783399999966], [-16.279146, 11.253277599999926], [-16.28344460000003, 11.245815], [-16.28527870000001, 11.2365955], [-16.277493, 11.2345483], [-16.272371199999952, 11.239640599999936], [-16.2752845, 11.2361298], [-16.26182630000006, 11.2315109], [-16.2482577, 11.212926200000027], [-16.21809040000002, 11.220141499999967], [-16.1979573, 11.2163815], [-16.191093100000028, 11.217857], [-16.178695099999977, 11.228091800000028], [-16.18413639999999, 11.231088700000017], [-16.1779847, 11.232203699999955], [-16.167196399999973, 11.24288740000004], [-16.160399599999977, 11.241924699999963], [-16.151314799999955, 11.254067799999971], [-16.15071620000002, 11.258204600000044], [-16.154113, 11.258649199999955], [-16.15123959999998, 11.258959299999928], [-16.1490201, 11.26854239999997], [-16.1590892, 11.274428199999981], [-16.16495760000001, 11.288014900000023], [-16.180465100000067, 11.298161], [-16.196056800000022, 11.291152800000027], [-16.201807200000047, 11.281596200000054], [-16.20387619999998, 11.283818], [-16.20075730000004, 11.28661770000001], [-16.205565100000022, 11.28927269999996], [-16.207968800000035, 11.295091799999975], [-16.2019457, 11.290756900000051], [-16.20124280000003, 11.2972443], [-16.2064983, 11.306242099999974], [-16.21652130000003, 11.305417299999936], [-16.2252919, 11.3106972]]], [[[-16.451247, 11.315293], [-16.459833, 11.309324], [-16.474977, 11.309636], [-16.47656, 11.287211], [-16.480056, 11.281782], [-16.47638, 11.277549], [-16.463071, 11.278517], [-16.455534, 11.285124], [-16.445368, 11.288266], [-16.417413, 11.283892], [-16.40999, 11.287535], [-16.421128, 11.296243], [-16.43471, 11.297466], [-16.451247, 11.315293]]], [[[-16.110857700000018, 11.336287599999967], [-16.124033799999957, 11.342845], [-16.122282800000047, 11.335484500000016], [-16.116595, 11.328215399999928], [-16.112057799999974, 11.3279656], [-16.112819200000036, 11.321204799999961], [-16.1175627, 11.320572399999964], [-16.115557, 11.31872269999993], [-16.11856239999997, 11.316759100000034], [-16.11938149999997, 11.3194815], [-16.1312916, 11.319496600000061], [-16.1225882, 11.3070529], [-16.113572099999985, 11.305712100000024], [-16.11630859999998, 11.297326], [-16.107727900000054, 11.292223699999955], [-16.096963699999957, 11.303832799999936], [-16.098305100000033, 11.300190500000049], [-16.09134270000005, 11.297273599999981], [-16.085893, 11.30596640000001], [-16.087734299999966, 11.309394100000013], [-16.087125100000044, 11.31296079999996], [-16.084904900000012, 11.307732600000024], [-16.0772639, 11.312550399999976], [-16.0763362, 11.3107371], [-16.0681151, 11.317402], [-16.070998600000056, 11.32139], [-16.0684478, 11.323280799999974], [-16.066513, 11.320925200000017], [-16.06404609999994, 11.324359], [-16.084358500000015, 11.31958450000001], [-16.083160900000067, 11.329222299999962], [-16.0861857, 11.3325834], [-16.08229750000003, 11.332522499999984], [-16.088350299999966, 11.333859899999982], [-16.092792900000056, 11.33092509999996], [-16.09179, 11.3348806], [-16.10185749999997, 11.3382479], [-16.110857700000018, 11.336287599999967]]], [[[-16.17314959999996, 11.347954899999943], [-16.183691600000017, 11.3404777], [-16.176016299999983, 11.33544709999997], [-16.16836029999999, 11.336742500000037], [-16.162658, 11.329526], [-16.156703299999943, 11.330109600000016], [-16.155058, 11.3353799], [-16.17314959999996, 11.347954899999943]]], [[[-16.032251899999988, 11.356410699999952], [-16.038390300000053, 11.354488099999939], [-16.038891899999967, 11.352037900000013], [-16.034425100000036, 11.350805599999982], [-16.0361079, 11.3476936], [-16.042086599999966, 11.3476042], [-16.04573949999997, 11.351869799999976], [-16.051248499999947, 11.347868], [-16.0562376, 11.350193], [-16.061026, 11.3415098], [-16.06279090000002, 11.336188799999983], [-16.061518499999988, 11.334668500000028], [-16.04936760000005, 11.339872800000055], [-16.038565499999986, 11.339450800000012], [-16.035612, 11.34268439999998], [-16.029104299999947, 11.3384232], [-16.0286711, 11.334779], [-16.024571299999963, 11.334595600000021], [-16.02782280000002, 11.3261042], [-16.0346316, 11.33143879999993], [-16.038403, 11.323483799999977], [-16.04898320000003, 11.32114960000005], [-16.0468626, 11.318014900000026], [-16.025871899999927, 11.323112199999967], [-16.019076900000062, 11.33619150000002], [-16.02627320000002, 11.352936600000055], [-16.032251899999988, 11.356410699999952]]], [[[-15.776529, 11.367962], [-15.77642, 11.375951], [-15.789736, 11.374112], [-15.807215, 11.366719], [-15.812414, 11.357814], [-15.817631, 11.35548], [-15.824473, 11.327884], [-15.832938, 11.320129], [-15.831334, 11.307247], [-15.824024, 11.307911], [-15.825084, 11.31345], [-15.822218, 11.31552], [-15.819068, 11.309859], [-15.822459, 11.30856], [-15.815403, 11.306776], [-15.814868, 11.302138], [-15.801948, 11.304236], [-15.803402, 11.310675], [-15.804178, 11.307838], [-15.810969, 11.308463], [-15.813597, 11.314513], [-15.801319, 11.312871], [-15.794157, 11.31972], [-15.802133, 11.323693], [-15.809965, 11.323028], [-15.807892, 11.328703], [-15.820945, 11.327121], [-15.818614, 11.334086], [-15.808694, 11.335144], [-15.807657, 11.337982], [-15.812751, 11.338483], [-15.808734, 11.349447], [-15.804543, 11.345077], [-15.802734, 11.351913], [-15.796988, 11.351928], [-15.798674, 11.347542], [-15.792534, 11.346914], [-15.789684, 11.355298], [-15.791926, 11.363024], [-15.782902, 11.358409], [-15.780834, 11.366146], [-15.776529, 11.367962]]], [[[-15.844606, 11.38066], [-15.857131, 11.376501], [-15.865453, 11.364621], [-15.881616, 11.354522], [-15.890964, 11.336969], [-15.899568, 11.332562], [-15.898773, 11.328956], [-15.895118, 11.329353], [-15.894061, 11.325362], [-15.885181, 11.324874], [-15.884148, 11.328743], [-15.872882100000028, 11.33519819999997], [-15.883395, 11.338538], [-15.870996, 11.340379], [-15.874147, 11.34604], [-15.869708, 11.346311], [-15.869594, 11.351981], [-15.863937, 11.351651], [-15.866435, 11.343743], [-15.851051, 11.352035], [-15.844691, 11.364939], [-15.845617, 11.36906], [-15.847966, 11.368538], [-15.84003, 11.378869], [-15.846417, 11.374728], [-15.844606, 11.38066]]], [[[-15.999470100000023, 11.386177799999983], [-16.0135726, 11.3838257], [-16.017128799999956, 11.3789179], [-16.013246399999964, 11.377263599999957], [-16.018203199999963, 11.3770698], [-16.008431300000034, 11.37578379999997], [-15.999005400000042, 11.3780972], [-15.999470100000023, 11.386177799999983]]], [[[-16.091461, 11.422627], [-16.093686, 11.423907], [-16.093935, 11.420814], [-16.101493, 11.416405], [-16.110114, 11.41663], [-16.109832, 11.411219], [-16.105913, 11.410976], [-16.1073, 11.40874], [-16.112971, 11.412238], [-16.116623, 11.410936], [-16.115324, 11.412873], [-16.122109, 11.411173], [-16.119225, 11.408607], [-16.126542, 11.409222], [-16.128355, 11.405479], [-16.132535, 11.405721], [-16.130438, 11.403667], [-16.135647, 11.400039], [-16.141406, 11.40311], [-16.146886, 11.4018], [-16.147774, 11.395354], [-16.143727, 11.395627], [-16.146588, 11.392781], [-16.14395, 11.386091], [-16.146828, 11.387369], [-16.147854, 11.382726], [-16.143795, 11.379907], [-16.140219, 11.367552], [-16.134613, 11.369635], [-16.131542, 11.385624], [-16.134575, 11.393086], [-16.137974, 11.394103], [-16.136165, 11.398749], [-16.119204, 11.403195], [-16.119936, 11.38992], [-16.116812, 11.392509], [-16.113147, 11.390333], [-16.112863, 11.384535], [-16.105017, 11.38173], [-16.097723, 11.386783], [-16.095906, 11.389882], [-16.10609, 11.389199], [-16.109765, 11.393954], [-16.106771, 11.396284], [-16.108222, 11.400273], [-16.097262, 11.402762], [-16.095449, 11.406892], [-16.097815, 11.410749], [-16.093894, 11.410119], [-16.094689, 11.41308], [-16.086611, 11.418264], [-16.086623, 11.421227], [-16.082184, 11.421631], [-16.088194, 11.422382], [-16.089489, 11.419284], [-16.093674, 11.420815], [-16.091461, 11.422627]]], [[[-16.072118, 11.419091], [-16.073836, 11.424754], [-16.074072, 11.418053], [-16.077744, 11.422033], [-16.083209, 11.416473], [-16.081886, 11.412097], [-16.08894, 11.412328], [-16.089446, 11.408203], [-16.083946, 11.404358], [-16.07873, 11.406439], [-16.076497, 11.402839], [-16.078171, 11.396777], [-16.067439, 11.390502], [-16.061955, 11.39078], [-16.063822, 11.401081], [-16.065109, 11.39618], [-16.06877, 11.397198], [-16.067739, 11.400809], [-16.075574, 11.400523], [-16.075606, 11.409027], [-16.066058, 11.405197], [-16.06646, 11.408288], [-16.069595, 11.408276], [-16.069605, 11.410982], [-16.065941, 11.409063], [-16.068461, 11.419362], [-16.072118, 11.419091]]], [[[-16.308985, 11.437198], [-16.311372, 11.416572], [-16.310286, 11.407558], [-16.309107, 11.406791], [-16.303248, 11.410682], [-16.30914, 11.414006], [-16.306287, 11.418399], [-16.308985, 11.437198]]], [[[-16.16806, 11.501445], [-16.176551, 11.501411], [-16.180966, 11.494951], [-16.179391, 11.493153], [-16.182005, 11.4934], [-16.184598, 11.488751], [-16.178331, 11.48955], [-16.18065, 11.481809], [-16.172049, 11.48674], [-16.16806, 11.501445]]], [[[-15.656568800000066, 11.4985661], [-15.662906500000052, 11.504207799999955], [-15.665387899999986, 11.5006793], [-15.670886400000013, 11.500574099999932], [-15.67444539999996, 11.4955973], [-15.679241200000027, 11.49760119999997], [-15.6894384, 11.490728399999938], [-15.69075, 11.48585], [-15.687660100000045, 11.4795415], [-15.700393099999983, 11.4649905], [-15.7053203, 11.4634964], [-15.703968499999954, 11.4657465], [-15.717033499999964, 11.468567099999945], [-15.734831, 11.454923], [-15.724093, 11.444898], [-15.715984200000037, 11.441793], [-15.714812699999966, 11.434348899999987], [-15.7120688, 11.433432899999982], [-15.688851600000033, 11.438364800000013], [-15.68618569999996, 11.444931600000029], [-15.680789100000052, 11.439526600000022], [-15.683128, 11.43497320000003], [-15.678965200000045, 11.4412301], [-15.66844559999994, 11.443901100000062], [-15.666401700000034, 11.4511935], [-15.646354599999981, 11.459174699999982], [-15.644976300000039, 11.464962899999986], [-15.659964399999986, 11.473416600000041], [-15.65549590000002, 11.478558200000025], [-15.657797199999987, 11.481649299999972], [-15.667501400000017, 11.483915100000035], [-15.662196, 11.4966526], [-15.656568800000066, 11.4985661]]], [[[-15.9134831, 11.516054399999955], [-15.93111470000001, 11.516835799999926], [-15.934703, 11.507329100000028], [-15.929785699999988, 11.500774199999967], [-15.9363988, 11.505201399999986], [-15.947053500000042, 11.503509], [-15.953217100000042, 11.5079579], [-15.956298699999977, 11.496112799999947], [-15.953160300000047, 11.493232299999976], [-15.957154, 11.49564], [-15.9563666, 11.509189699999983], [-15.963024799999955, 11.5149288], [-15.9675832, 11.5096499], [-15.97784670000007, 11.507498800000024], [-15.97788989999997, 11.503015], [-15.98047990000007, 11.505553], [-15.979098599999952, 11.508979299999927], [-15.969134, 11.516091], [-15.975929, 11.516068], [-15.993917, 11.504153], [-16.007787, 11.509903], [-16.020071, 11.510763], [-16.021126, 11.513336], [-16.027906, 11.509447], [-16.0327575, 11.49029140000005], [-16.035155, 11.491124], [-16.043997, 11.479753], [-16.046505500000023, 11.47215809999997], [-16.0784984, 11.45921629999998], [-16.081703200000046, 11.450226800000031], [-16.078139300000064, 11.445623599999983], [-16.07205050000002, 11.447479700000041], [-16.0685971, 11.441450699999978], [-16.0594241, 11.439440900000063], [-16.055075, 11.441799700000015], [-16.05710380000003, 11.437018700000023], [-16.0520532, 11.432406799999955], [-16.04402120000001, 11.4323275], [-16.046481700000022, 11.4350354], [-16.043632699999982, 11.4364317], [-16.04108580000005, 11.427377100000015], [-16.02856730000007, 11.423019], [-16.00292589999995, 11.433893], [-16.005688600000042, 11.4403242], [-16.011127700000035, 11.441762700000012], [-16.00637929999997, 11.4444705], [-15.9883237, 11.4310054], [-15.980708500000052, 11.430172300000013], [-15.9870351, 11.437429499999984], [-15.97941, 11.450778799999975], [-15.977227499999948, 11.448558499999987], [-15.981067599999983, 11.446229799999958], [-15.98119890000002, 11.43856], [-15.9622937, 11.435698599999979], [-15.957488, 11.4450365], [-15.9526789, 11.44731059999998], [-15.953812, 11.452334699999959], [-15.9508442, 11.445353799999955], [-15.9460958, 11.447152], [-15.9437756, 11.445406699999962], [-15.95483720000005, 11.4426566], [-15.958074800000032, 11.433401300000025], [-15.968381, 11.42784789999995], [-15.968165200000032, 11.4234581], [-15.959693599999959, 11.4217127], [-15.943407499999969, 11.427852599999987], [-15.900601, 11.453171], [-15.901988199999963, 11.45752149999998], [-15.907022, 11.459852], [-15.908722899999967, 11.466680399999984], [-15.908889, 11.479813499999953], [-15.90551109999995, 11.484751799999966], [-15.907836900000033, 11.486868200000032], [-15.905788, 11.494085499999956], [-15.909141699999974, 11.5116701], [-15.9134831, 11.516054399999955]]], [[[-15.940027, 11.524691], [-15.94252, 11.528162], [-15.947727, 11.522089], [-15.961317, 11.52256], [-15.961831, 11.519981], [-15.942468, 11.512313], [-15.938424, 11.51413], [-15.943928, 11.519266], [-15.940027, 11.524691]]], [[[-16.165152, 11.525164], [-16.165711, 11.533924], [-16.188126, 11.520046], [-16.213209, 11.519556], [-16.225197, 11.512291], [-16.234869, 11.513281], [-16.235631, 11.508381], [-16.259582, 11.488694], [-16.261098, 11.477092], [-16.268146, 11.475644], [-16.272806, 11.466218], [-16.283508, 11.464368], [-16.285307, 11.45766], [-16.286115, 11.463068], [-16.289486, 11.457642], [-16.286973, 11.459626], [-16.28896, 11.456871], [-16.286084, 11.456239], [-16.274354, 11.461831], [-16.264688, 11.461873], [-16.262867, 11.463685], [-16.26627, 11.465216], [-16.266024, 11.468567], [-16.260522, 11.464983], [-16.262625, 11.468066], [-16.258701, 11.466666], [-16.258452, 11.46963], [-16.257134, 11.46693], [-16.252958, 11.46785], [-16.254778, 11.465781], [-16.251635, 11.463991], [-16.255156, 11.462429], [-16.244279, 11.454488], [-16.242983, 11.456812], [-16.220507, 11.454588], [-16.235477, 11.473079], [-16.23235, 11.474766], [-16.225274, 11.469772], [-16.222801, 11.471586], [-16.220743, 11.479067], [-16.223775, 11.485497], [-16.219059, 11.482424], [-16.216978, 11.484752], [-16.217342, 11.478051], [-16.213553, 11.478067], [-16.215365, 11.473936], [-16.206193, 11.467532], [-16.201233, 11.468196], [-16.199913, 11.464981], [-16.200985, 11.471419], [-16.197335, 11.473237], [-16.194974, 11.470928], [-16.193425, 11.475315], [-16.199697, 11.475805], [-16.201292, 11.482241], [-16.197249, 11.483803], [-16.199747, 11.487658], [-16.196879, 11.488959], [-16.199243, 11.492041], [-16.206293, 11.490981], [-16.202388, 11.494347], [-16.203188, 11.49821], [-16.214456, 11.505894], [-16.19521, 11.505627], [-16.188041, 11.499818], [-16.180348, 11.503199], [-16.176595, 11.511976], [-16.16978, 11.50685], [-16.16275, 11.512805], [-16.165135, 11.521041], [-16.161361, 11.524407], [-16.165152, 11.525164]]], [[[-15.981111, 11.578674], [-15.985315, 11.584845], [-15.990793, 11.581734], [-15.990505, 11.574261], [-16.002213, 11.559274], [-15.991018, 11.571425], [-15.989725, 11.575552], [-15.990104, 11.571686], [-16.010538, 11.548421], [-16.008441, 11.546753], [-16.002054, 11.551286], [-16.009973, 11.536827], [-16.012346, 11.542488], [-16.012312, 11.53321], [-16.011279, 11.536564], [-16.007359, 11.536578], [-16.011257, 11.530379], [-16.009917, 11.521106], [-15.998909, 11.511738], [-15.989505, 11.512801], [-15.983382, 11.51759], [-15.983028, 11.528672], [-15.968136, 11.529881], [-15.967494, 11.532848], [-15.971815, 11.535668], [-15.959569, 11.546533], [-15.972104, 11.543656], [-15.976818, 11.546475], [-15.967829, 11.554494], [-15.974236, 11.555761], [-15.969939, 11.559899], [-15.975576, 11.565292], [-15.980536, 11.563471], [-15.983129, 11.557793], [-15.983807, 11.564749], [-15.979381, 11.56966], [-15.982532, 11.573773], [-15.980061, 11.577389], [-15.98451, 11.57892], [-15.981111, 11.578674]]], [[[-16.273772, 11.593511], [-16.285135, 11.59243], [-16.28876, 11.584941], [-16.301007, 11.576898], [-16.302805, 11.57019], [-16.311384, 11.560617], [-16.324931, 11.551537], [-16.319449, 11.55285], [-16.319686, 11.547696], [-16.316805, 11.546163], [-16.310812, 11.549797], [-16.304257, 11.545188], [-16.29721, 11.547024], [-16.299035, 11.545985], [-16.296151, 11.543936], [-16.299802, 11.542374], [-16.311058, 11.546704], [-16.323832, 11.540204], [-16.325954, 11.546894], [-16.335863, 11.542468], [-16.336403, 11.546073], [-16.347098, 11.542287], [-16.360758, 11.55704], [-16.368853, 11.555842], [-16.371995, 11.557245], [-16.371488, 11.560339], [-16.381404, 11.557458], [-16.386385, 11.560784], [-16.394444, 11.552242], [-16.4015, 11.552336], [-16.407191, 11.540843], [-16.418632, 11.529707], [-16.417157, 11.521984], [-16.407955, 11.510433], [-16.409619, 11.503726], [-16.394403, 11.491044], [-16.384011, 11.502818], [-16.387146, 11.502803], [-16.385069, 11.505647], [-16.387954, 11.507695], [-16.383247, 11.507073], [-16.382446, 11.503341], [-16.374613, 11.504409], [-16.37776, 11.506971], [-16.375436, 11.51265], [-16.363103, 11.501628], [-16.369124, 11.504048], [-16.369376, 11.501985], [-16.359436, 11.499712], [-16.356277, 11.494703], [-16.349265, 11.503496], [-16.351886, 11.505288], [-16.346406, 11.506602], [-16.347572, 11.504535], [-16.339604, 11.5047], [-16.3307, 11.500232], [-16.308677, 11.483711], [-16.303747, 11.491077], [-16.293317, 11.495762], [-16.270036, 11.489551], [-16.271523, 11.500496], [-16.26907, 11.507207], [-16.26399, 11.510321], [-16.260769, 11.520643], [-16.256072, 11.521951], [-16.249757, 11.541563], [-16.242059, 11.544044], [-16.24012, 11.54882], [-16.244975, 11.553437], [-16.245277, 11.562713], [-16.246564, 11.558326], [-16.246137, 11.579974], [-16.256629, 11.588432], [-16.272053, 11.589266], [-16.273772, 11.593511]]], [[[-15.948396, 11.604297], [-15.945925, 11.60817], [-15.959503, 11.603745], [-15.972255, 11.587466], [-15.979045, 11.585897], [-15.975546799999977, 11.58378590000005], [-15.976052800000057, 11.576421900000028], [-15.968066, 11.565304699999972], [-15.96398, 11.575124], [-15.965317, 11.584139], [-15.961731099999984, 11.582446399999974], [-15.961448799999973, 11.5704975], [-15.966192100000054, 11.562475899999946], [-15.961448799999973, 11.5568883], [-15.942097899999965, 11.546438899999986], [-15.946068299999938, 11.5386587], [-15.940245, 11.533904], [-15.937068699999973, 11.535978799999935], [-15.93945089999998, 11.532607299999947], [-15.934686499999966, 11.525691200000013], [-15.927716200000011, 11.532607299999947], [-15.932216, 11.527506700000018], [-15.931245399999966, 11.5232705], [-15.9209224, 11.520331099999979], [-15.907775900000056, 11.523357], [-15.903029100000051, 11.5287689], [-15.910864, 11.529737099999974], [-15.905217199999976, 11.5339559], [-15.896747, 11.534094199999961], [-15.8953353, 11.5410793], [-15.901546800000059, 11.545367], [-15.9097347, 11.5432231], [-15.9189107, 11.5528358], [-15.92244, 11.5495855], [-15.920887100000021, 11.5526284], [-15.9169343, 11.553527400000053], [-15.910369900000012, 11.54861740000001], [-15.905005499999945, 11.5490323], [-15.906417199999959, 11.5623099], [-15.910581700000014, 11.560442799999965], [-15.914393300000016, 11.562724799999968], [-15.91100519999999, 11.562171600000024], [-15.904926099999988, 11.57319259999998], [-15.900408600000022, 11.575682], [-15.905568, 11.576859], [-15.905585, 11.582013], [-15.913427, 11.582246], [-15.912413, 11.591913], [-15.916595, 11.592029], [-15.91488, 11.58688], [-15.919732700000031, 11.58004389999993], [-15.927015, 11.581301], [-15.934687, 11.57684380000003], [-15.938547, 11.590413], [-15.94456, 11.590908], [-15.948396, 11.604297]]], [[[-15.469354100000018, 11.638014099999973], [-15.473187400000038, 11.626144], [-15.484000600000012, 11.621264499999924], [-15.4872588, 11.623322699999957], [-15.490611299999985, 11.6189288], [-15.497316500000041, 11.618373799999963], [-15.50352030000007, 11.613556399999961], [-15.511533699999955, 11.612575200000013], [-15.517093, 11.616025599999967], [-15.52181749999998, 11.613670899999946], [-15.524572099999974, 11.603139499999982], [-15.528978, 11.603591900000032], [-15.532259700000024, 11.59968340000002], [-15.530170299999979, 11.5934736], [-15.534477799999948, 11.597468199999955], [-15.5504149, 11.584700699999944], [-15.550058399999989, 11.575199499999966], [-15.566152900000024, 11.573233], [-15.571219700000064, 11.576119699999962], [-15.579324900000016, 11.57024], [-15.587989399999943, 11.5716384], [-15.595174199999978, 11.551952499999988], [-15.6049341, 11.547625699999942], [-15.607328300000034, 11.538163499999959], [-15.612221399999987, 11.535167800000018], [-15.618916, 11.538421], [-15.622972800000015, 11.535206800000049], [-15.627601, 11.53642019999997], [-15.63300149999998, 11.52681609999995], [-15.621210900000017, 11.522319800000053], [-15.6219818, 11.519188899999978], [-15.61407510000005, 11.522445699999952], [-15.601979300000012, 11.520322], [-15.589660899999984, 11.510098199999986], [-15.586898799999979, 11.513937599999936], [-15.578243699999987, 11.509281700000017], [-15.5781225, 11.5044145], [-15.574156, 11.502306300000022], [-15.55930339999998, 11.5049536], [-15.546304299999981, 11.502009499999945], [-15.5478955, 11.509272699999967], [-15.5368763, 11.518849399999988], [-15.542037199999987, 11.519948399999969], [-15.546731, 11.5286872], [-15.557246600000031, 11.522489199999978], [-15.564806099999986, 11.524293499999976], [-15.561825900000064, 11.5291604], [-15.5521099, 11.533006299999972], [-15.558732599999956, 11.5494887], [-15.537265400000054, 11.53759529999994], [-15.5295535, 11.545039299999988], [-15.52194649999996, 11.541027399999948], [-15.520901400000012, 11.546919299999974], [-15.5118115, 11.550831700000012], [-15.5115571, 11.5583212], [-15.514660300000038, 11.562463700000043], [-15.506772700000012, 11.566060900000013], [-15.497589599999944, 11.559447500000058], [-15.4969899, 11.54472649999994], [-15.489897, 11.556040100000024], [-15.483523600000012, 11.554798], [-15.4818103, 11.549342599999964], [-15.479274599999957, 11.549225099999976], [-15.478366599999967, 11.554848299999971], [-15.469919700000025, 11.555033], [-15.466721100000026, 11.55161159999996], [-15.460273900000054, 11.556157599999977], [-15.462501200000023, 11.566094399999974], [-15.471667200000011, 11.566446899999974], [-15.472643799999966, 11.569971699999943], [-15.4751109, 11.569770299999984], [-15.475128, 11.56510410000001], [-15.478845800000048, 11.567454], [-15.47687559999997, 11.572355099999989], [-15.472257199999984, 11.573766899999983], [-15.471651, 11.578472799999952], [-15.4798492, 11.58262], [-15.476323800000012, 11.5884828], [-15.48396820000004, 11.5904172], [-15.4808682, 11.592449899999977], [-15.479754499999974, 11.600673599999935], [-15.468482800000013, 11.609424800000014], [-15.469459400000028, 11.617480200000031], [-15.4600339, 11.6287847], [-15.459605599999957, 11.633265200000029], [-15.4634262, 11.637342899999968], [-15.469354100000018, 11.638014099999973]]], [[[-15.420825799999983, 11.530142], [-15.352540500000023, 11.564964100000013], [-15.310981300000012, 11.607047], [-15.3194493, 11.642864], [-15.318591, 11.667157599999987], [-15.330435599999987, 11.68749869999997], [-15.337458700000026, 11.692741400000015], [-15.354981100000026, 11.697540599999972], [-15.368847, 11.697343], [-15.405822900000011, 11.687677299999974], [-15.421577099999988, 11.6784063], [-15.43579629999998, 11.6562689], [-15.451434800000031, 11.63952389999998], [-15.446868600000048, 11.63580389999998], [-15.456949400000044, 11.607051599999975], [-15.4570954, 11.589470500000033], [-15.445897599999942, 11.568247], [-15.438577, 11.562994], [-15.437116, 11.548821], [-15.433196, 11.549213], [-15.424822, 11.542008], [-15.420825799999983, 11.530142]]]]}}, {"type": "Feature", "properties": {"name": "Cacheu", "country": "GNB"}, "geometry": {"type": "Polygon", "coordinates": [[[-15.67693690000001, 12.0270681], [-15.667955399999979, 12.043420499999971], [-15.672311799999978, 12.063056899999971], [-15.658745100000022, 12.06718239999998], [-15.653812, 12.075712], [-15.662463699999972, 12.083083199999981], [-15.65885, 12.11225], [-15.62243, 12.12635], [-15.62513, 12.13756], [-15.621228199999987, 12.150343699999958], [-15.630390600000016, 12.155220300000014], [-15.631420600000022, 12.159772099999984], [-15.642439100000024, 12.16462809999997], [-15.6527602, 12.164502200000015], [-15.65532440000002, 12.169148399999978], [-15.66018460000001, 12.165173499999979], [-15.6622016, 12.169148399999978], [-15.666418, 12.1671662], [-15.672823200000021, 12.170543199999987], [-15.671997, 12.176636499999972], [-15.6786489, 12.17819909999997], [-15.6754517, 12.18208989999998], [-15.6810522, 12.183778399999973], [-15.682961900000025, 12.191360499999982], [-15.6887233, 12.187417400000014], [-15.6924355, 12.1884871], [-15.6923604, 12.192514099999961], [-15.69863669999999, 12.190458599999983], [-15.7001817, 12.194391200000014], [-15.70362559999998, 12.1895777], [-15.7162642, 12.1935418], [-15.717691099999982, 12.208841499999982], [-15.724074799999974, 12.2117777], [-15.7239437, 12.219452800000012], [-15.729716, 12.220476200000025], [-15.731272800000026, 12.2266045], [-15.7406138, 12.2252042], [-15.75711780000002, 12.243225299999972], [-15.728813599999976, 12.252126600000015], [-15.721789300000012, 12.26332159999998], [-15.723433599999979, 12.2773878], [-15.73922319999998, 12.2741935], [-15.7435555, 12.280724699999965], [-15.72416850000002, 12.3085597], [-15.710591200000026, 12.307410699999974], [-15.7118915, 12.296045599999958], [-15.7025811, 12.2894603], [-15.685749700000018, 12.2990908], [-15.685504, 12.3044673], [-15.693648200000013, 12.30875040000002], [-15.69568030000001, 12.313368799999978], [-15.684689599999983, 12.323119], [-15.67074, 12.32583789999998], [-15.661865099999973, 12.317425299999975], [-15.649714500000016, 12.315980200000027], [-15.637618800000016, 12.32703580000001], [-15.624996299999985, 12.323056399999981], [-15.619565699999987, 12.33017680000002], [-15.621478, 12.3437068], [-15.614458100000016, 12.354403699999983], [-15.594502099999975, 12.357214599999974], [-15.589785, 12.367349699999979], [-15.573523300000026, 12.383366399999979], [-15.55989950000003, 12.3789312], [-15.548881, 12.3812651], [-15.527367899999971, 12.410452099999988], [-15.518097600000011, 12.4131262], [-15.5063241, 12.4002523], [-15.495215499999974, 12.401131], [-15.483731399999986, 12.412308], [-15.481607, 12.419859399999963], [-15.4867, 12.44357], [-15.48048, 12.47111], [-15.480844, 12.5153384], [-15.6830653, 12.4248531], [-15.88400580000001, 12.449933500000032], [-15.95341710000002, 12.44279869999997], [-16.038821, 12.4724485], [-16.068896100000025, 12.471653], [-16.162610600000022, 12.449674800000022], [-16.202766499999974, 12.46125279999998], [-16.27033969999998, 12.432464199999963], [-16.375360799999974, 12.3758985], [-16.3810017, 12.362525700000027], [-16.418312400000012, 12.366293699999986], [-16.452988300000012, 12.363262600000024], [-16.5143478, 12.35051610000002], [-16.54749030000001, 12.360391499999986], [-16.606029, 12.3469446], [-16.638104299999988, 12.359409299999975], [-16.6897237, 12.359202299999975], [-16.7173456, 12.33948950000003], [-16.7115026, 12.334800299999976], [-16.694325900000027, 12.34518370000001], [-16.683036, 12.34434419999998], [-16.656158100000017, 12.323614399999975], [-16.636629599999985, 12.321555799999974], [-16.6196036, 12.313430400000014], [-16.602723700000013, 12.297603299999983], [-16.59649819999997, 12.286714799999979], [-16.589322, 12.283588199999976], [-16.5689279, 12.284383299999964], [-16.5617086, 12.281065199999967], [-16.51652890000002, 12.243496400000023], [-16.4798796, 12.194068399999988], [-16.474277, 12.190182], [-16.468979099999977, 12.1946976], [-16.457821099999986, 12.1885314], [-16.441092700000024, 12.1848231], [-16.4408755, 12.1805558], [-16.343278899999987, 12.098191799999977], [-16.32754819999997, 12.062331199999978], [-16.327343699999975, 12.043321799999973], [-16.330576599999983, 12.033253199999972], [-16.3364681, 12.028411699999971], [-16.34062770000002, 12.0289242], [-16.3401606, 12.024617199999982], [-16.311348, 12.002598], [-16.298272199999975, 11.969874], [-16.2927508, 11.942213199999987], [-16.29820529999998, 11.909949500000018], [-16.312415299999984, 11.87067010000001], [-16.31583809999998, 11.8648843], [-16.330058, 11.860399499999975], [-16.32955670000003, 11.853562599999975], [-16.322787600000044, 11.854124399999954], [-16.318742399999984, 11.850266899999975], [-16.311066899999943, 11.852500199999971], [-16.305154700000013, 11.846714], [-16.3002797, 11.84823670000001], [-16.29729170000002, 11.854315599999955], [-16.2928117, 11.854733400000017], [-16.269662299999986, 11.84986229999997], [-16.253487, 11.837964300000012], [-16.24749409999998, 11.8441108], [-16.232117799999987, 11.839844700000018], [-16.208848900000014, 11.8498831], [-16.204206500000016, 11.854934699999962], [-16.2042288, 11.862151800000017], [-16.195897, 11.8692072], [-16.176339700000028, 11.8711328], [-16.162818899999984, 11.8600179], [-16.1530106, 11.807774299999986], [-16.1150369, 11.786375], [-16.10609289999999, 11.7869518], [-16.09912849999999, 11.781620699999975], [-16.0869277, 11.766600900000011], [-16.0917812, 11.758470599999976], [-16.079917499999986, 11.757469399999986], [-16.074087900000013, 11.7625758], [-16.0600618, 11.7635363], [-15.99764769999998, 11.7480362], [-15.990632, 11.7759996], [-15.963458, 11.8278419], [-15.9513542, 11.881010899999973], [-15.936477500000017, 11.905692499999974], [-15.9010918, 11.9422425], [-15.8264049, 12.001521599999977], [-15.7860847, 12.0167484], [-15.773220799999985, 12.016112400000013], [-15.760563, 12.009822399999967], [-15.75662980000002, 11.999632499999967], [-15.757376499999975, 11.981516499999989], [-15.751952, 11.974740799999983], [-15.7443732, 11.974449], [-15.727936600000023, 11.980849], [-15.70865260000001, 11.976907], [-15.7038396, 11.980171], [-15.702052199999972, 11.9864491], [-15.706721200000025, 12.002225], [-15.7052557, 12.0076673], [-15.6881196, 12.0166102], [-15.67693690000001, 12.0270681]]]}}, {"type": "Feature", "properties": {"name": "Gabu", "country": "GNB"}, "geometry": {"type": "Polygon", "coordinates": [[[-14.513861199999974, 11.649522300000012], [-14.502704799999979, 11.6515253], [-14.48205830000002, 11.639742700000019], [-14.4711727, 11.620179599999968], [-14.4364576, 11.6191145], [-14.43527, 11.60614], [-14.42776, 11.5847], [-14.411297399999986, 11.5567467], [-14.319521, 11.602356], [-14.267145, 11.677024], [-14.2504578, 11.664137300000013], [-14.243984, 11.664805], [-14.235140300000019, 11.671803599999958], [-14.221604, 11.668563], [-14.204874, 11.672541], [-14.179187299999988, 11.6565245], [-14.135062, 11.664702], [-14.129034599999986, 11.6538824], [-14.1177264, 11.647215200000012], [-14.118965, 11.642784], [-14.111651, 11.643457], [-14.103788, 11.632401], [-14.082562, 11.62611], [-14.078424, 11.633829], [-14.069393, 11.63643], [-14.05693, 11.647976], [-14.0444, 11.64541], [-14.040481, 11.654625], [-14.022422, 11.653349], [-13.988392, 11.641663], [-13.936302, 11.654852], [-13.930238, 11.675962], [-13.922119, 11.685015], [-13.905481, 11.670375], [-13.873299, 11.659303], [-13.869065, 11.663795], [-13.870535, 11.668288], [-13.864389, 11.690221], [-13.858869, 11.686692], [-13.857838, 11.695941], [-13.855442, 11.69516], [-13.855827, 11.699519], [-13.852151, 11.701687], [-13.85626, 11.704402], [-13.85101, 11.709521], [-13.85397, 11.712923], [-13.845641, 11.716951], [-13.849959, 11.718198], [-13.849525, 11.720464], [-13.846062, 11.718955], [-13.845356, 11.722726], [-13.848969, 11.729272], [-13.854725, 11.720021], [-13.863718, 11.729758], [-13.859139, 11.735111], [-13.861878, 11.740791], [-13.857057, 11.73976], [-13.85839, 11.743494], [-13.854383, 11.747154], [-13.84876, 11.740406], [-13.838838099999979, 11.74535430000001], [-13.833819, 11.739935], [-13.831241, 11.741302], [-13.830508, 11.735681], [-13.82779, 11.738259], [-13.823871, 11.734663], [-13.823539, 11.72863], [-13.833473, 11.725187], [-13.832498, 11.718035], [-13.826892, 11.717826], [-13.829223, 11.712809], [-13.820634, 11.704219], [-13.817992, 11.705691], [-13.82026, 11.7076], [-13.814727, 11.705956], [-13.810009, 11.711239], [-13.804381, 11.708961], [-13.802693, 11.714539], [-13.795444, 11.717533], [-13.792508199999986, 11.709708699999974], [-13.799753, 11.707245], [-13.7941253, 11.7040584], [-13.794642, 11.700348], [-13.796706399999973, 11.70342930000001], [-13.7985094, 11.7004588], [-13.798857, 11.697397], [-13.795361, 11.697516], [-13.798187, 11.693774], [-13.788014, 11.692077], [-13.782686300000016, 11.686426899999988], [-13.776669500000011, 11.6914773], [-13.775726700000018, 11.682584599999982], [-13.772902399999987, 11.68540590000001], [-13.772327, 11.6817541], [-13.76692869999997, 11.683992200000013], [-13.7645711, 11.688384900000015], [-13.766049200000012, 11.6855051], [-13.75905, 11.684357], [-13.7550889, 11.689749699999982], [-13.7479926, 11.688242700000012], [-13.735720399999984, 11.694713199999976], [-13.7271, 11.704717], [-13.720202, 11.705844], [-13.71788, 11.703286], [-13.708166699999977, 11.7074122], [-13.70815650000001, 11.750413699999978], [-13.711044, 11.752988], [-13.701208, 11.770549], [-13.705692, 11.781225], [-13.705431, 11.832252], [-13.712656, 11.880333], [-13.706027, 11.955256], [-13.696348799999969, 12.008196899999973], [-13.708546, 12.018643], [-13.730709, 12.01909], [-13.750867, 12.028954], [-13.764695, 12.030838], [-13.774783, 12.041486], [-13.789222900000027, 12.048205200000028], [-13.797054, 12.060592], [-13.80531, 12.06284], [-13.802847, 12.066546], [-13.7970168, 12.0667118], [-13.800475, 12.075359], [-13.806461, 12.077029], [-13.80617, 12.088099], [-13.81374, 12.096374], [-13.829601, 12.102395], [-13.836212, 12.099918], [-13.868168, 12.107841], [-13.872561, 12.112601], [-13.871981, 12.124786], [-13.875451, 12.136924], [-13.896189, 12.144762], [-13.912708, 12.147058], [-13.929664100000029, 12.148929899999986], [-13.937796299999986, 12.144907], [-13.946814900000016, 12.1540041], [-13.948624, 12.1675778], [-13.954099400000024, 12.179031099999976], [-13.9578472, 12.1802086], [-13.954804500000016, 12.186768], [-13.957084299999973, 12.1998021], [-13.9335427, 12.2038487], [-13.9259055, 12.213717699999965], [-13.9191875, 12.234613499999972], [-13.857077, 12.242290499999987], [-13.8523512, 12.26287220000003], [-13.8644453, 12.275152899999984], [-13.855269, 12.281348399999972], [-13.831119700000016, 12.283243399999959], [-13.82716969999998, 12.2600965], [-13.822353699999987, 12.25818590000001], [-13.7985932, 12.2973542], [-13.793770899999979, 12.289690200000011], [-13.793889, 12.2732961], [-13.807005599999986, 12.261861099999962], [-13.7999381, 12.25163260000002], [-13.775392, 12.252254300000024], [-13.7698613, 12.2668702], [-13.759554799999984, 12.277138800000014], [-13.7442199, 12.270062], [-13.731055400000026, 12.248044], [-13.727171799999988, 12.2470931], [-13.71787680000002, 12.24901919999997], [-13.70659080000003, 12.26466], [-13.698015700000017, 12.293259499999953], [-13.689231, 12.297553], [-13.686146, 12.310637], [-13.681334, 12.312769], [-13.672824, 12.308287], [-13.662278, 12.314063], [-13.658163, 12.319961], [-13.656594500000027, 12.323972], [-13.666298, 12.34342], [-13.652871, 12.357039], [-13.651395, 12.367154], [-13.657431, 12.372461], [-13.66615, 12.390511], [-13.666319, 12.405487], [-13.655557, 12.416991], [-13.65448, 12.422933], [-13.6348777, 12.4301711], [-13.636548799999971, 12.464540499999988], [-13.6416372, 12.489885200000014], [-13.659383, 12.519751], [-13.671439, 12.520106], [-13.709542, 12.607889], [-13.708147699999977, 12.6756152], [-14.32338050000001, 12.6765056], [-14.320056600000022, 12.675641899999984], [-14.319890299999974, 12.670314], [-14.329170499999979, 12.668885200000014], [-14.3219342, 12.6604638], [-14.340328499999972, 12.659950899999966], [-14.3384724, 12.65177], [-14.3449848, 12.644478699999986], [-14.336492900000021, 12.628848599999973], [-14.348718399999967, 12.6173164], [-14.3504726, 12.612039599999983], [-14.357918399999987, 12.614521], [-14.365366899999984, 12.6057785], [-14.3696987, 12.606501], [-14.37702650000001, 12.6124741], [-14.39498120000002, 12.642777600000015], [-14.412823199999984, 12.63384760000001], [-14.4074642, 12.612788199999985], [-14.407587600000014, 12.599150799999958], [-14.3960809, 12.593470499999984], [-14.401922700000025, 12.5809105], [-14.39894010000001, 12.5733188], [-14.408038200000027, 12.566135199999977], [-14.402035400000015, 12.559464599999988], [-14.399219099999986, 12.5443738], [-14.389847400000018, 12.545190699999983], [-14.3891983, 12.535629], [-14.368631199999989, 12.532047100000016], [-14.36258010000003, 12.527711199999983], [-14.36869020000001, 12.5047734], [-14.383206300000026, 12.497022299999987], [-14.401951699999984, 12.51507859999998], [-14.4137075, 12.51785209999997], [-14.422132600000017, 12.5137397], [-14.43075349999997, 12.4996805], [-14.4487791, 12.491646299999967], [-14.457008200000013, 12.497385], [-14.457302099999989, 12.5111574], [-14.4864166, 12.50825419999997], [-14.4959192, 12.520400200000012], [-14.50503, 12.512844900000015], [-14.5062056, 12.519730799999987], [-14.500033799999985, 12.527477199999977], [-14.511103900000027, 12.52958109999996], [-14.526190500000025, 12.52087839999997], [-14.530109100000011, 12.5156184], [-14.523251600000023, 12.4957251], [-14.500523599999989, 12.478604100000018], [-14.4890617, 12.480804100000025], [-14.4814204, 12.494290399999977], [-14.4722116, 12.4911341], [-14.460161900000017, 12.475160599999969], [-14.451733300000019, 12.451729], [-14.459167499999985, 12.44158620000002], [-14.480585099999981, 12.44626759999996], [-14.4803629, 12.432595100000011], [-14.487474599999988, 12.432948599999975], [-14.4953419, 12.441362899999985], [-14.500993099999972, 12.442286799999984], [-14.5038886, 12.4359994], [-14.4989295, 12.426580300000012], [-14.5022758, 12.42375260000003], [-14.4896589, 12.40594269999998], [-14.497234099999988, 12.397899299999988], [-14.506657100000018, 12.3943829], [-14.506212600000024, 12.390190499999978], [-14.5161753, 12.3919394], [-14.529350900000015, 12.405142699999969], [-14.533491, 12.3955798], [-14.543504499999973, 12.3951209], [-14.54643169999998, 12.3888757], [-14.54377750000002, 12.380838], [-14.5530608, 12.378797499999969], [-14.550793900000016, 12.375956900000016], [-14.544241, 12.3781525], [-14.536538800000013, 12.37130529999998], [-14.538399299999972, 12.366994699999987], [-14.551073300000011, 12.3662256], [-14.550298600000012, 12.35530909999996], [-14.548551600000012, 12.35089279999997], [-14.53057, 12.34913], [-14.50271, 12.32198], [-14.48939, 12.30449], [-14.48165, 12.28311], [-14.49263, 12.24639], [-14.49154, 12.2314], [-14.48357, 12.21162], [-14.44688, 12.16142], [-14.440240899999983, 12.14706570000002], [-14.445551800000029, 12.1387323], [-14.455293599999985, 12.132533299999988], [-14.453330199999986, 12.12381690000001], [-14.45702630000001, 12.118372699999975], [-14.46164339999998, 12.128809099999968], [-14.468007200000025, 12.1314319], [-14.4732091, 12.124487400000014], [-14.480215, 12.126165699999975], [-14.4810197, 12.115445299999973], [-14.485624, 12.116338], [-14.489132299999985, 12.113023200000015], [-14.495301399999985, 12.1158659], [-14.508228, 12.1075568], [-14.511950899999981, 12.1112598], [-14.502994, 12.123859099999965], [-14.5151744, 12.123982299999973], [-14.518200200000027, 12.1210433], [-14.5289832, 12.121420399999975], [-14.54585, 12.10265], [-14.54339, 12.09533], [-14.50791, 12.06525], [-14.50647, 12.0514], [-14.49409, 12.03572], [-14.49438, 12.01134], [-14.50715, 11.99633], [-14.50865, 11.98981], [-14.49577, 11.96222], [-14.48118, 11.94757], [-14.47834, 11.92982], [-14.47215, 11.92227], [-14.46991, 11.91334], [-14.47582, 11.89776], [-14.48386, 11.85388], [-14.47672, 11.83762], [-14.47689, 11.81219], [-14.4682, 11.78309], [-14.46907, 11.75914], [-14.45191, 11.74231], [-14.44361, 11.72902], [-14.4486, 11.72454], [-14.4508, 11.71652], [-14.48557, 11.69507], [-14.49846, 11.68062], [-14.49587, 11.66698], [-14.51541, 11.6563], [-14.513861199999974, 11.649522300000012]]]}}, {"type": "Feature", "properties": {"name": "Oio", "country": "GNB"}, "geometry": {"type": "Polygon", "coordinates": [[[-15.5243771, 11.834063299999963], [-15.4676624, 11.892799700000019], [-15.4346004, 11.910084], [-15.347779700000025, 11.914982300000014], [-15.289117400000011, 11.901408399999983], [-15.172669599999985, 11.894487100000017], [-15.1502318, 11.9042996], [-15.101196700000028, 11.9472964], [-15.0734434, 11.967511799999963], [-15.05930270000002, 11.9738595], [-15.034742299999984, 11.974993], [-14.96231, 11.9599709], [-14.945769700000016, 11.9702306], [-14.940546899999989, 11.983399], [-14.9451313, 11.9952245], [-14.956899500000015, 12.0008542], [-14.95717259999998, 12.013776499999983], [-14.97776, 12.02489], [-14.99632, 12.04159], [-15.00449520000003, 12.0556558], [-15.00686, 12.06745], [-15.021, 12.0861], [-15.07257, 12.18486], [-15.02886, 12.20418], [-15.01103, 12.19905], [-14.99707, 12.20489], [-14.97141, 12.19175], [-14.95999, 12.19073], [-14.93574, 12.19937], [-14.9391, 12.22094], [-14.93717, 12.24153], [-14.94506, 12.27367], [-14.93623, 12.28545], [-14.96158, 12.31666], [-14.97075, 12.35095], [-14.97644, 12.39188], [-14.97221, 12.42297], [-14.95523, 12.43099], [-14.94298, 12.42494], [-14.92622, 12.43009], [-14.91189, 12.4285], [-14.90329, 12.4341], [-14.88885, 12.43457], [-14.86545, 12.44076], [-14.85825, 12.44956], [-14.84935, 12.45281], [-14.87712, 12.49743], [-14.88635, 12.50737], [-14.90769, 12.51856], [-14.90422, 12.52827], [-14.88331, 12.54965], [-14.87834, 12.56713], [-14.85185, 12.59136], [-14.84756, 12.59925], [-14.84726, 12.62266], [-14.85066, 12.631], [-14.8614, 12.6415], [-14.86868, 12.66217], [-14.9129, 12.678254], [-15.1636456, 12.6862384], [-15.179071500000012, 12.6847545], [-15.239714400000018, 12.659612700000025], [-15.2827397, 12.634811199999989], [-15.3376388, 12.613722799999968], [-15.369429, 12.579544], [-15.404766500000026, 12.552925200000015], [-15.429051, 12.537044499999979], [-15.480844, 12.5153384], [-15.48048, 12.47111], [-15.4867, 12.44357], [-15.481607, 12.419859399999963], [-15.483731399999986, 12.412308], [-15.495215499999974, 12.401131], [-15.5063241, 12.4002523], [-15.518097600000011, 12.4131262], [-15.527367899999971, 12.410452099999988], [-15.548881, 12.3812651], [-15.55989950000003, 12.3789312], [-15.573523300000026, 12.383366399999979], [-15.589785, 12.367349699999979], [-15.594502099999975, 12.357214599999974], [-15.614458100000016, 12.354403699999983], [-15.621478, 12.3437068], [-15.619565699999987, 12.33017680000002], [-15.624996299999985, 12.323056399999981], [-15.637618800000016, 12.32703580000001], [-15.649714500000016, 12.315980200000027], [-15.661865099999973, 12.317425299999975], [-15.67074, 12.32583789999998], [-15.684689599999983, 12.323119], [-15.6939572, 12.316894899999962], [-15.693648200000013, 12.30875040000002], [-15.684509399999978, 12.3015249], [-15.6983678, 12.290097599999957], [-15.707739499999972, 12.291340899999977], [-15.7118915, 12.296045599999958], [-15.710591200000026, 12.307410699999974], [-15.71577110000001, 12.309282899999978], [-15.72416850000002, 12.3085597], [-15.7336732, 12.298131699999976], [-15.7435555, 12.280724699999965], [-15.743065100000022, 12.2765173], [-15.736183799999969, 12.2742731], [-15.7277198, 12.27840889999996], [-15.723433599999979, 12.2773878], [-15.721789300000012, 12.26332159999998], [-15.728813599999976, 12.252126600000015], [-15.75711780000002, 12.243225299999972], [-15.755043600000013, 12.238440799999982], [-15.7406138, 12.2252042], [-15.731272800000026, 12.2266045], [-15.729716, 12.220476200000025], [-15.7239437, 12.219452800000012], [-15.724074799999974, 12.2117777], [-15.717691099999982, 12.208841499999982], [-15.7162642, 12.1935418], [-15.70362559999998, 12.1895777], [-15.7001817, 12.194391200000014], [-15.69863669999999, 12.190458599999983], [-15.6923604, 12.192514099999961], [-15.6924355, 12.1884871], [-15.6887233, 12.187417400000014], [-15.682961900000025, 12.191360499999982], [-15.6810522, 12.183778399999973], [-15.6754517, 12.18208989999998], [-15.6786489, 12.17819909999997], [-15.671997, 12.176636499999972], [-15.672823200000021, 12.170543199999987], [-15.666418, 12.1671662], [-15.6622016, 12.169148399999978], [-15.66018460000001, 12.165173499999979], [-15.65532440000002, 12.169148399999978], [-15.6527602, 12.164502200000015], [-15.642439100000024, 12.16462809999997], [-15.631420600000022, 12.159772099999984], [-15.630390600000016, 12.155220300000014], [-15.621228199999987, 12.150343699999958], [-15.62513, 12.13756], [-15.62243, 12.12635], [-15.65885, 12.11225], [-15.662463699999972, 12.083083199999981], [-15.653812, 12.075712], [-15.658745100000022, 12.06718239999998], [-15.672311799999978, 12.063056899999971], [-15.667955399999979, 12.043420499999971], [-15.67693690000001, 12.0270681], [-15.66323789999998, 12.028964099999987], [-15.6517668, 12.025983399999971], [-15.6390517, 12.0177479], [-15.637010299999972, 11.99603569999997], [-15.6250219, 11.9891189], [-15.6247693, 11.9834823], [-15.616808500000015, 11.9758733], [-15.626422, 11.966322900000012], [-15.61534879999998, 11.953250200000019], [-15.6096855, 11.9382543], [-15.603971, 11.9343463], [-15.600243399999988, 11.935923299999967], [-15.5962511, 11.945063199999968], [-15.581216, 11.936078], [-15.558130699999985, 11.901850200000013], [-15.5397456, 11.894621199999975], [-15.5243771, 11.834063299999963]]]}}, {"type": "Feature", "properties": {"name": "Quinara", "country": "GNB"}, "geometry": {"type": "Polygon", "coordinates": [[[-15.60114460000002, 11.753464300000015], [-15.5471742, 11.7175294], [-15.547055199999976, 11.7120911], [-15.53727930000001, 11.696163], [-15.536566200000015, 11.680730799999967], [-15.529733399999973, 11.682623199999977], [-15.52494820000001, 11.6723272], [-15.4819514, 11.647974099999967], [-15.466033, 11.64839], [-15.451434800000031, 11.63952389999998], [-15.43579629999998, 11.6562689], [-15.421577099999988, 11.6784063], [-15.405822900000011, 11.687677299999974], [-15.368847, 11.697343], [-15.354981100000026, 11.697540599999972], [-15.337458700000026, 11.692741400000015], [-15.330435599999987, 11.68749869999997], [-15.318591, 11.667157599999987], [-15.3194493, 11.642864], [-15.310981300000012, 11.607047], [-15.352540500000023, 11.564964100000013], [-15.420825799999983, 11.530142], [-15.4150404, 11.5129623], [-15.41571130000002, 11.507303399999966], [-15.419784400000026, 11.504693100000027], [-15.414869199999982, 11.497274699999972], [-15.416065499999972, 11.486475400000014], [-15.434814399999972, 11.4839393], [-15.453232, 11.469631], [-15.4624319, 11.4833981], [-15.4749428, 11.467268400000016], [-15.4575802, 11.437760499999964], [-15.459340299999987, 11.433634900000015], [-15.480817100000017, 11.419443799999987], [-15.479537, 11.409757], [-15.48442050000003, 11.3996682], [-15.4878475, 11.398548399999958], [-15.498434199999982, 11.3502329], [-15.5035602, 11.347811099999982], [-15.503754300000018, 11.3371168], [-15.4998585, 11.3325152], [-15.500302, 11.32681359999998], [-15.4730032, 11.3254234], [-15.446274399999975, 11.3068224], [-15.4060084, 11.356840599999982], [-15.3615481, 11.3852819], [-15.3490143, 11.383258100000017], [-15.321610700000026, 11.371352799999968], [-15.310358299999987, 11.3735731], [-15.298320400000023, 11.38108139999998], [-15.2852527, 11.4053703], [-15.2703353, 11.4173257], [-15.257894599999984, 11.434278], [-15.235421400000028, 11.445898500000016], [-15.2232145, 11.458915499999971], [-15.222072700000014, 11.4674935], [-15.21643920000002, 11.476267399999982], [-15.201075500000025, 11.479806], [-15.188454, 11.47045150000002], [-15.181740400000017, 11.470664899999974], [-15.15828, 11.45372], [-15.1456194, 11.450554599999988], [-15.138393200000012, 11.455062699999957], [-15.1345548, 11.4541111], [-15.125941600000022, 11.4402526], [-15.126015600000013, 11.4300869], [-15.118057, 11.427690300000021], [-15.1173789, 11.42290430000001], [-15.110085400000012, 11.417710299999966], [-15.1050322, 11.4184044], [-15.099955299999973, 11.410694600000014], [-15.09374539999998, 11.4113477], [-15.0820167, 11.4056781], [-15.077491199999972, 11.406941199999972], [-15.074721100000025, 11.4149749], [-15.064528699999986, 11.411946099999978], [-15.059560899999989, 11.4175175], [-15.049424600000014, 11.41653239999997], [-15.043931399999979, 11.423536399999957], [-15.0306041, 11.4198336], [-15.02286, 11.427637699999975], [-15.027344699999968, 11.433064], [-15.0238041, 11.43655519999998], [-15.018203699999972, 11.431002799999964], [-15.0117235, 11.432811599999988], [-15.005286200000015, 11.4281425], [-15.002990199999982, 11.430077399999988], [-15.0063591, 11.435777100000012], [-15.00221770000001, 11.437627899999955], [-14.9869399, 11.4384691], [-14.987240300000018, 11.428878600000012], [-14.978719400000024, 11.433588699999955], [-14.980479, 11.44065530000001], [-14.959214400000018, 11.434997799999971], [-14.93199, 11.50193], [-14.841360500000013, 11.701171699999954], [-14.8505519, 11.7020563], [-14.853792699999984, 11.6925801], [-14.85826070000002, 11.69064279999997], [-14.862782599999974, 11.6942406], [-14.86434370000002, 11.7020026], [-14.8618674, 11.707603300000013], [-14.854075299999979, 11.711253599999985], [-14.8537523, 11.7203988], [-14.838612100000017, 11.7192656], [-14.824607199999974, 11.736212], [-14.82412059999997, 11.742305099999983], [-14.832820100000028, 11.745589300000033], [-14.849898300000017, 11.742859799999966], [-14.852989500000016, 11.7466815], [-14.852895100000032, 11.756220099999963], [-14.8563219, 11.7589742], [-14.867303900000023, 11.7574081], [-14.8767356, 11.745609], [-14.883313499999982, 11.746745600000015], [-14.8874816, 11.7564932], [-14.885706, 11.786153199999973], [-14.9071673, 11.791305300000017], [-14.927076900000019, 11.788752499999983], [-14.929885300000013, 11.784972399999967], [-14.918601499999983, 11.765727299999973], [-14.918802099999981, 11.75924650000002], [-14.934047700000017, 11.751096100000026], [-14.955110699999988, 11.749917799999976], [-14.961229, 11.7535511], [-14.992510600000019, 11.7927224], [-15.027019499999977, 11.798855499999979], [-15.0378728, 11.8057028], [-15.049837599999984, 11.84884120000003], [-15.049793899999973, 11.8664831], [-15.046885199999977, 11.876004099999976], [-15.021517399999988, 11.9093407], [-15.015022699999983, 11.93066540000002], [-15.020018, 11.957666700000015], [-15.025682900000024, 11.96690719999996], [-15.034742299999984, 11.974993], [-15.045140699999981, 11.976088700000021], [-15.0734434, 11.967511799999963], [-15.101196700000028, 11.9472964], [-15.1502318, 11.9042996], [-15.172669599999985, 11.894487100000017], [-15.289117400000011, 11.901408399999983], [-15.347779700000025, 11.914982300000014], [-15.4346004, 11.910084], [-15.4521013, 11.9030965], [-15.4676624, 11.892799700000019], [-15.60114460000002, 11.753464300000015]]]}}, {"type": "Feature", "properties": {"name": "Tombali", "country": "GNB"}, "geometry": {"type": "Polygon", "coordinates": [[[-14.841360500000013, 11.701171699999954], [-14.93199, 11.50193], [-14.959214400000018, 11.434997799999971], [-14.980479, 11.44065530000001], [-14.978719400000024, 11.433588699999955], [-14.987240300000018, 11.428878600000012], [-14.9869399, 11.4384691], [-15.00221770000001, 11.437627899999955], [-15.0063591, 11.435777100000012], [-15.002990199999982, 11.430077399999988], [-15.005286200000015, 11.4281425], [-15.0117235, 11.432811599999988], [-15.018203699999972, 11.431002799999964], [-15.0238041, 11.43655519999998], [-15.027344699999968, 11.433064], [-15.02286, 11.427637699999975], [-15.0306041, 11.4198336], [-15.043931399999979, 11.423536399999957], [-15.049424600000014, 11.41653239999997], [-15.059560899999989, 11.4175175], [-15.064528699999986, 11.411946099999978], [-15.074721100000025, 11.4149749], [-15.077491199999972, 11.406941199999972], [-15.0820167, 11.4056781], [-15.09374539999998, 11.4113477], [-15.099955299999973, 11.410694600000014], [-15.1050322, 11.4184044], [-15.110085400000012, 11.417710299999966], [-15.1173789, 11.42290430000001], [-15.118057, 11.427690300000021], [-15.126015600000013, 11.4300869], [-15.125941600000022, 11.4402526], [-15.1345548, 11.4541111], [-15.138393200000012, 11.455062699999957], [-15.1456194, 11.450554599999988], [-15.15828, 11.45372], [-15.181740400000017, 11.470664899999974], [-15.188454, 11.47045150000002], [-15.201075500000025, 11.479806], [-15.21643920000002, 11.476267399999982], [-15.222072700000014, 11.4674935], [-15.2232145, 11.458915499999971], [-15.235421400000028, 11.445898500000016], [-15.257894599999984, 11.434278], [-15.2703353, 11.4173257], [-15.2852527, 11.4053703], [-15.298320400000023, 11.38108139999998], [-15.310358299999987, 11.3735731], [-15.321610700000026, 11.371352799999968], [-15.3490143, 11.383258100000017], [-15.3615481, 11.3852819], [-15.4060084, 11.356840599999982], [-15.446274399999975, 11.3068224], [-15.41745179999998, 11.286418799999987], [-15.4074598, 11.275608], [-15.4037645, 11.2771534], [-15.3978535, 11.269539699999967], [-15.4070501, 11.256019899999972], [-15.399799600000032, 11.24493219999998], [-15.4073604, 11.2229425], [-15.407285399999976, 11.209265], [-15.403484099999972, 11.1981509], [-15.3912557, 11.18037830000001], [-15.34027150000001, 11.147135899999986], [-15.322048699999982, 11.129288899999978], [-15.320066799999971, 11.133215], [-15.313515699999979, 11.1312319], [-15.2985277, 11.13779979999999], [-15.291277, 11.1320827], [-15.288578, 11.12050160000001], [-15.281085, 11.121019599999986], [-15.262747199999987, 11.114002], [-15.24361389999997, 11.1214701], [-15.238770500000014, 11.1169578], [-15.2298148, 11.114999399999954], [-15.203381399999985, 11.087719400000012], [-15.210940100000027, 11.0808645], [-15.212866799999981, 11.073832599999983], [-15.237947199999969, 11.053262], [-15.24327359999997, 11.053751600000014], [-15.244290099999972, 11.04919819999996], [-15.250962600000015, 11.0461029], [-15.249306699999966, 11.0432447], [-15.264024099999983, 11.0395667], [-15.2717956, 11.026947899999978], [-15.245543, 11.0032099], [-15.239385499999974, 11.0043086], [-15.2150479, 10.9957503], [-15.200698, 10.99865], [-15.10449619999999, 10.966506399999968], [-15.09830430000002, 10.94934409999997], [-15.0989696, 10.94293020000001], [-15.103079899999978, 10.9389862], [-15.09068719999998, 10.942145800000013], [-15.0865893, 10.930859099999985], [-15.0762071, 10.922728099999958], [-15.0740264, 10.8917638], [-15.045644299999973, 10.914046099999972], [-15.039739899999976, 10.923750099999973], [-15.02147790000002, 10.931520800000015], [-15.002236, 10.955649], [-14.957672699999986, 10.9770435], [-14.9541001, 11.0117494], [-14.935909799999983, 11.026351], [-14.9318247, 11.0435241], [-14.9118617, 11.07000039999998], [-14.837453, 11.202519799999957], [-14.832338, 11.222821699999972], [-14.772312899999989, 11.364614], [-14.752555, 11.398932], [-14.70163, 11.47186], [-14.663604, 11.504958], [-14.6194, 11.507817], [-14.511552, 11.49649], [-14.45034, 11.536803], [-14.411297399999986, 11.5567467], [-14.42776, 11.5847], [-14.43527, 11.60614], [-14.4364576, 11.6191145], [-14.4711727, 11.620179599999968], [-14.48205830000002, 11.639742700000019], [-14.502704799999979, 11.6515253], [-14.513861199999974, 11.649522300000012], [-14.5367101, 11.6370385], [-14.554865799999975, 11.639848899999985], [-14.602994599999988, 11.638008], [-14.6260577, 11.612849], [-14.632722, 11.6158698], [-14.6469555, 11.6472119], [-14.6615065, 11.6499545], [-14.66955050000002, 11.644019699999976], [-14.672438100000022, 11.632398600000014], [-14.670916900000021, 11.6202009], [-14.684068899999975, 11.62050329999996], [-14.685984199999977, 11.60649409999998], [-14.69498880000001, 11.595922899999984], [-14.716658300000011, 11.597435800000024], [-14.728084499999989, 11.58999530000001], [-14.742783, 11.598108899999975], [-14.755850299999981, 11.61563], [-14.799750799999975, 11.64501550000002], [-14.802524400000028, 11.6524696], [-14.797861599999976, 11.66279720000001], [-14.8016053, 11.678814399999963], [-14.796937900000017, 11.6883421], [-14.799811100000015, 11.69356880000001], [-14.8174453, 11.7006923], [-14.841360500000013, 11.701171699999954]]]}}]}