{"type": "FeatureCollection", "features": [{"type": "Feature", "properties": {"name": "Malawi"}, "geometry": {"type": "MultiPolygon", "coordinates": [[[[34.651249, -11.570042], [34.616729, -11.57831], [34.607117, -11.591126], [34.613938, -11.652724], [34.60443, -11.732616], [34.563812, -11.830905], [34.380051, -12.10386], [34.35876, -12.154399], [34.354006, -12.199461], [34.494463, -12.68739], [34.549343, -13.159092], [34.545312, -13.325749], [34.578178, -13.398406], [34.611458, -13.43582], [34.640603, -13.492354], [34.667475, -13.500932], [34.795426, -13.498761], [34.863122, -13.515815], [34.894438, -13.534728], [35.084091, -13.704227], [35.455748, -14.136965], [35.522824, -14.262746], [35.78689, -14.587894], [35.847248, -14.650422], [35.863268, -14.876662], [35.869882, -14.88555], [35.904299, -14.886894], [35.784203, -15.171838], [35.84053, -15.417197], [35.806734, -15.895824], [35.789681, -15.958663], [35.795675, -16.004965], [35.785133, -16.042275], [35.687051, -16.112659], [35.648604, -16.110592], [35.529025, -16.140771], [35.514555, -16.171363], [35.488717, -16.164645], [35.472904, -16.140151], [35.4358, -16.123924], [35.393426, -16.128575], [35.374616, -16.140977], [35.304956, -16.202059], [35.277154, -16.233995], [35.258757, -16.271512], [35.251936, -16.317814], [35.266198, -16.356468], [35.238707, -16.394089], [35.228165, -16.47026], [35.131943, -16.537646], [35.174318, -16.625496], [35.222997, -16.642136], [35.278187, -16.700737], [35.285112, -16.786726], [35.310227, -16.850598], [35.285215, -16.871062], [35.285112, -16.930077], [35.270953, -16.944236], [35.314361, -16.98227], [35.298651, -17.013586], [35.304956, -17.104226], [35.291933, -17.129341], [35.234779, -17.135335], [35.133907, -17.132028], [35.0813, -17.12407], [35.066004, -17.109807], [35.069104, -17.084072], [35.036548, -17.03591], [35.044403, -17.004697], [35.113443, -16.960256], [35.125122, -16.932867], [35.127499, -16.864448], [35.1183, -16.833442], [35.095769, -16.817319], [35.004509, -16.814631], [34.948078, -16.759338], [34.905497, -16.740838], [34.893508, -16.705698], [34.844622, -16.678412], [34.819507, -16.627769], [34.772998, -16.589736], [34.732071, -16.529171], [34.65497, -16.48938], [34.6374, -16.450519], [34.575078, -16.392332], [34.547069, -16.323085], [34.524745, -16.300761], [34.44599, -16.293216], [34.426456, -16.273889], [34.385219, -16.186453], [34.40899, -16.087854], [34.404546, -16.059742], [34.304293, -15.952152], [34.244039, -15.917632], [34.233186, -15.88983], [34.23639, -15.81924], [34.247139, -15.794125], [34.293338, -15.75113], [34.34181, -15.730873], [34.404029, -15.646847], [34.415914, -15.615118], [34.419118, -15.575327], [34.410127, -15.481276], [34.440616, -15.455541], [34.460253, -15.424845], [34.480407, -15.412857], [34.508002, -15.348054], [34.546759, -15.32325], [34.565156, -15.297308], [34.569083, -15.27116], [34.548309, -15.123675], [34.559885, -15.095667], [34.548723, -15.057633], [34.582312, -15.001305], [34.584173, -14.984459], [34.5511, -14.918313], [34.542832, -14.796253], [34.505831, -14.700342], [34.519371, -14.640811], [34.51813, -14.607428], [34.501801, -14.575698], [34.426456, -14.497564], [34.372093, -14.401962], [34.344084, -14.387389], [34.312872, -14.404236], [34.281349, -14.404959], [34.18244, -14.439479], [34.109576, -14.441443], [34.077537, -14.454672], [34.050769, -14.495186], [33.916307, -14.481337], [33.888918, -14.488158], [33.802412, -14.532807], [33.774196, -14.530016], [33.720401, -14.489709], [33.699214, -14.49622], [33.684073, -14.518751], [33.672239, -14.600193], [33.66242, -14.607014], [33.64485, -14.601743], [33.62449, -14.578075], [33.595758, -14.511413], [33.545942, -14.481647], [33.525788, -14.444337], [33.470287, -14.414468], [33.439178, -14.380671], [33.354325, -14.225332], [33.32394, -14.206315], [33.290557, -14.156913], [33.29128, -14.089216], [33.280221, -14.060794], [33.202707, -14.013872], [33.154544, -13.936564], [33.140282, -13.924989], [33.111601, -13.964573], [33.062974, -13.981729], [33.01817, -14.046222], [32.999825, -14.050459], [32.9713, -14.005914], [32.976261, -13.944522], [32.962515, -13.932017], [32.93616, -13.926229], [32.923912, -13.880444], [32.874148, -13.820602], [32.85942, -13.808097], [32.763044, -13.777194], [32.757359, -13.750219], [32.813377, -13.711152], [32.769865, -13.646866], [32.743407, -13.635394], [32.67509, -13.628056], [32.663308, -13.596327], [32.667649, -13.575553], [32.677261, -13.567801], [32.722839, -13.573382], [32.763199, -13.54248], [32.813066, -13.528217], [32.819061, -13.471683], [32.827432, -13.460831], [32.874251, -13.443158], [32.892131, -13.404814], [32.919623, -13.294846], [32.937865, -13.255882], [32.962721, -13.22498], [32.992797, -13.216401], [32.998171, -13.202449], [32.9713, -13.150927], [32.965925, -13.116821], [32.981532, -13.00613], [33.00892, -12.945049], [33.013571, -12.917247], [33.005044, -12.892959], [32.947012, -12.843246], [32.941121, -12.769865], [32.958071, -12.725217], [33.024836, -12.612666], [33.057703, -12.583417], [33.081267, -12.604811], [33.13036, -12.583727], [33.146896, -12.593235], [33.163019, -12.620417], [33.173251, -12.620004], [33.187307, -12.60233], [33.226995, -12.579076], [33.255107, -12.531947], [33.28973, -12.524196], [33.32828, -12.537632], [33.350398, -12.532671], [33.373239, -12.518511], [33.420781, -12.464974], [33.451115, -12.452986], [33.465326, -12.409061], [33.480519, -12.406373], [33.487754, -12.389837], [33.51814, -12.37175], [33.527131, -12.355627], [33.525581, -12.335267], [33.458298, -12.31811], [33.384608, -12.340021], [33.349468, -12.327929], [33.330141, -12.298266], [33.299962, -12.195947], [33.25273, -12.139516], [33.2549, -12.072647], [33.294226, -11.981283], [33.312674, -11.898704], [33.297378, -11.846511], [33.314018, -11.7722], [33.296758, -11.593606], [33.283219, -11.578414], [33.232679, -11.57769], [33.212629, -11.563841], [33.233816, -11.514025], [33.230302, -11.416563], [33.239707, -11.402404], [33.265184, -11.423074], [33.273607, -11.409432], [33.273503, -11.369641], [33.298928, -11.353104], [33.298308, -11.32923], [33.368485, -11.222673], [33.390912, -11.164795], [33.303682, -11.034571], [33.280325, -10.913338], [33.265855, -10.901142], [33.239604, -10.903106], [33.231697, -10.897628], [33.232576, -10.883262], [33.241412, -10.865692], [33.2734, -10.865589], [33.288128, -10.856701], [33.319082, -10.81815], [33.385538, -10.80089], [33.43401, -10.808125], [33.500983, -10.769161], [33.528268, -10.711593], [33.576947, -10.657643], [33.657769, -10.601316], [33.674203, -10.577028], [33.665418, -10.515119], [33.638184, -10.511605], [33.622733, -10.494035], [33.603199, -10.44918], [33.559171, -10.404325], [33.532919, -10.342623], [33.533281, -10.231209], [33.480519, -10.177052], [33.454578, -10.16806], [33.399181, -10.117934], [33.317532, -10.082071], [33.304096, -10.063777], [33.309987, -10.012721], [33.31619744368936, -10.0], [34.51892581284328, -10.0], [34.524745, -10.008794], [34.536424, -10.043003], [34.524745, -10.094783], [34.565569, -10.202684], [34.58562, -10.290017], [34.565053, -10.409803], [34.592958, -10.481736], [34.581072, -10.539717], [34.600399, -10.578061], [34.624377, -10.583436], [34.626341, -10.614338], [34.660034, -10.665498], [34.660861, -10.687305], [34.647631, -10.708389], [34.67502, -10.752418], [34.656727, -10.769884], [34.660551, -10.796032], [34.645461, -10.913235], [34.627064, -10.954059], [34.597919, -10.990956], [34.592958, -11.016174], [34.613525, -11.102164], [34.62107, -11.119734], [34.668715, -11.160145], [34.681841, -11.185053], [34.714087, -11.202726], [34.72866, -11.253989], [34.757496, -11.277553], [34.737032, -11.296777], [34.765557, -11.345146], [34.80049, -11.331917], [34.843692, -11.346283], [34.886583, -11.375429], [34.960687, -11.498522], [34.964615, -11.573556], [34.651249, -11.570042]]], [[[34.738272, -12.009498], [34.754188, -12.020144], [34.762353, -12.040298], [34.759253, -12.065619], [34.732484, -12.109027], [34.688973, -12.12453], [34.669026, -12.117812], [34.65621, -12.097245], [34.6559, -12.076264], [34.680911, -12.009395], [34.69414, -12.000403], [34.738272, -12.009498]]], [[[34.598436, -11.970534], [34.627478, -11.987278], [34.641224, -12.01787], [34.631715, -12.052493], [34.611148, -12.072544], [34.596058, -12.071924], [34.544072, -12.011359], [34.541798, -11.994616], [34.561642, -11.978596], [34.598436, -11.970534]]]]}}, {"type": "Feature", "properties": {"name": "Tanzania"}, "geometry": {"type": "MultiPolygon", "coordinates": [[[[39.724376, -10.007501], [39.690766, -10.04339], [39.716482, -10.038751], [39.748859060742646, -10.0], [39.8366597834132, -10.0], [39.848155, -10.011407], [39.889415, -10.014907], [39.914317, -10.033868], [39.974946, -10.133396], [39.985118, -10.220961], [40.0, -10.193559775112147], [40.0, -10.814671570901172], [39.885968, -10.864452], [39.760498, -10.943104], [39.592756, -10.97938], [39.498498, -10.990646], [39.263267, -11.166759], [39.211591, -11.17389], [39.126221, -11.139681], [39.060799, -11.160145], [38.930057, -11.160041], [38.896261, -11.167689], [38.851923, -11.202829], [38.817816, -11.216265], [38.759732, -11.263187], [38.715083, -11.256469], [38.654209, -11.275796], [38.615658, -11.317241], [38.517163, -11.383077], [38.492255, -11.413462], [38.462386, -11.396306], [38.383114, -11.376669], [38.347664, -11.358789], [38.292474, -11.301635], [38.25661, -11.27714], [38.210411, -11.270009], [38.1669, -11.283755], [38.109332, -11.249648], [38.101167, -11.256469], [38.013628, -11.265461], [37.995334, -11.277553], [37.938077, -11.283961], [37.868417, -11.327783], [37.841028, -11.39982], [37.842475, -11.417803], [37.818497, -11.459868], [37.813226, -11.482295], [37.825112, -11.520226], [37.816947, -11.533558], [37.783667, -11.55888], [37.710907, -11.590403], [37.647758, -11.635981], [37.572931, -11.644146], [37.503788, -11.672671], [37.484771, -11.708845], [37.469681, -11.71949], [37.427824, -11.722591], [37.378318, -11.708845], [37.3408, -11.68094], [37.27021, -11.698406], [37.141639, -11.674738], [37.106499, -11.658099], [37.071566, -11.62916], [37.044384, -11.595674], [37.032395, -11.564874], [36.998392, -11.584615], [36.905892, -11.59278], [36.866307, -11.574176], [36.837059, -11.567975], [36.820109, -11.573556], [36.738047, -11.674738], [36.689677, -11.694582], [36.66725, -11.713392], [36.625702, -11.721351], [36.545707, -11.729412], [36.508707, -11.709775], [36.494857, -11.68094], [36.378068, -11.68094], [36.361222, -11.692412], [36.278746, -11.708845], [36.240919, -11.694582], [36.199681, -11.701507], [36.179218, -11.675565], [36.182628, -11.640012], [36.168055, -11.578724], [36.022225, -11.505653], [35.988532, -11.512164], [35.969825, -11.502449], [35.960833, -11.483536], [35.970341, -11.461211], [35.939749, -11.434133], [35.902025, -11.434546], [35.826371, -11.413462], [35.764256, -11.474854], [35.714026, -11.483846], [35.69563, -11.494594], [35.703381, -11.516505], [35.68023, -11.537589], [35.66483, -11.572006], [35.576257, -11.605182], [35.532745, -11.59557], [35.531505, -11.612727], [35.520136, -11.609109], [35.498742, -11.582341], [35.470114, -11.59216], [35.441175, -11.591436], [35.423501, -11.576553], [34.964615, -11.573556], [34.960687, -11.498522], [34.886583, -11.375429], [34.843692, -11.346283], [34.80049, -11.331917], [34.765557, -11.345146], [34.737032, -11.296777], [34.757496, -11.277553], [34.72866, -11.253989], [34.714087, -11.202726], [34.681841, -11.185053], [34.668715, -11.160145], [34.62107, -11.119734], [34.613525, -11.102164], [34.592958, -11.016174], [34.597919, -10.990956], [34.627064, -10.954059], [34.645461, -10.913235], [34.660551, -10.796032], [34.656727, -10.769884], [34.67502, -10.752418], [34.647631, -10.708389], [34.660861, -10.687305], [34.660034, -10.665498], [34.626341, -10.614338], [34.624377, -10.583436], [34.600399, -10.578061], [34.581072, -10.539717], [34.592958, -10.481736], [34.565053, -10.409803], [34.58562, -10.290017], [34.565569, -10.202684], [34.524745, -10.094783], [34.536424, -10.043003], [34.524745, -10.008794], [34.51892581284328, -10.0], [39.72516208354797, -10.0], [39.724376, -10.007501]]], [[[39.98878, -10.13128], [40.0, -10.131869116945108], [40.0, -10.190028222544598], [39.98878, -10.13128]]]]}}, {"type": "Feature", "properties": {"name": "Dem. Rep. Congo"}, "geometry": {"type": "Polygon", "coordinates": [[[28.628516, -10.102741], [28.619627, -10.141912], [28.569915, -10.219633], [28.623865, -10.276374], [28.629239, -10.295908], [28.617767, -10.348308], [28.620868, -10.373319], [28.646086, -10.438431], [28.630479, -10.481013], [28.638748, -10.496206], [28.634924, -10.51946], [28.672337, -10.564315], [28.665516, -10.608964], [28.699622, -10.643174], [28.694351, -10.663327], [28.665878, -10.697434], [28.623245, -10.716864], [28.554412, -10.834996], [28.547177, -10.913751], [28.531364, -10.955092], [28.507851, -10.982068], [28.507851, -11.023615], [28.476794, -11.077979], [28.487336, -11.153427], [28.473693, -11.181229], [28.473693, -11.22567], [28.436176, -11.289129], [28.43199, -11.31104], [28.439587, -11.348247], [28.408581, -11.372431], [28.357008, -11.446949], [28.360315, -11.533558], [28.37742, -11.571076], [28.40548, -11.605182], [28.42274, -11.664713], [28.418399, -11.678873], [28.442687, -11.711635], [28.452506, -11.780779], [28.460671, -11.793388], [28.488886, -11.808684], [28.497154, -11.857363], [28.507851, -11.872763], [28.521132, -11.865735], [28.540562, -11.872039], [28.569191, -11.91369], [28.592652, -11.900461], [28.606191, -11.91028], [28.623865, -11.947797], [28.686032, -11.984074], [28.707064, -11.989448], [28.741997, -11.98428], [28.751092, -11.992238], [28.759877, -12.035233], [28.821475, -12.075748], [28.859509, -12.14179], [28.918731, -12.174346], [28.944672, -12.206076], [29.035106, -12.378882], [29.067249, -12.384773], [29.100218, -12.374024], [29.11107, -12.393454], [29.173392, -12.367616], [29.254989, -12.366169], [29.304857, -12.404823], [29.364388, -12.409267], [29.432601, -12.441307], [29.459886, -12.441307], [29.480453, -12.454949], [29.499677, -12.453089], [29.524688, -12.429214], [29.523448, -12.392524], [29.480453, -12.380535], [29.446554, -12.33506], [29.474252, -12.242662], [29.576727, -12.188092], [29.603185, -12.192846], [29.631865, -12.215997], [29.701267, -12.189022], [29.734908, -12.164838], [29.799297, -12.154089], [29.797643, -13.424244], [29.782244, -13.455663], [29.702869, -13.457627], [29.641477, -13.438507], [29.617396, -13.421247], [29.601686, -13.374428], [29.625147, -13.364196], [29.626594, -13.326369], [29.658892, -13.309522], [29.669176, -13.281204], [29.657497, -13.26012], [29.629075, -13.261463], [29.574401, -13.225393], [29.551043, -13.224153], [29.527996, -13.234075], [29.449551, -13.300324], [29.308267, -13.353654], [29.21401, -13.408328], [29.184141, -13.436853], [29.168948, -13.433856], [29.144453, -13.394478], [29.122129, -13.38435], [28.993971, -13.395925], [28.950356, -13.350967], [28.93413, -13.309626], [28.903434, -13.162296], [28.891859, -13.14731], [28.85367, -13.137078], [28.844213, -13.102352], [28.825816, -13.092843], [28.830881, -13.051812], [28.809435, -13.038376], [28.793363, -12.991557], [28.707994, -12.889755], [28.667893, -12.849344], [28.621178, -12.839422], [28.608155, -12.847897], [28.583971, -12.888721], [28.553378, -12.894922], [28.542836, -12.885621], [28.539425, -12.833841], [28.480928, -12.762114], [28.474003, -12.736482], [28.511624, -12.694418], [28.512295, -12.668373], [28.468267, -12.614629], [28.42274, -12.521302], [28.322488, -12.4411], [28.283834, -12.434072], [28.237532, -12.437069], [28.185752, -12.402446], [28.160741, -12.408751], [28.131285, -12.429214], [28.106997, -12.410197], [28.096869, -12.383016], [28.08767, -12.377538], [27.98101, -12.374541], [27.958686, -12.367823], [27.948454, -12.321417], [27.933881, -12.303331], [27.856676, -12.262403], [27.831407, -12.259922], [27.788309, -12.296509], [27.756734, -12.304261], [27.666197, -12.30271], [27.638189, -12.293615], [27.52047, -12.179617], [27.47179, -12.041641], [27.467553, -12.001644], [27.420734, -11.921959], [27.234182, -11.809097], [27.209998, -11.721971], [27.20762, -11.639392], [27.197182, -11.59371], [27.180129, -11.569629], [27.064373, -11.59712], [27.023756, -11.59557], [27.010268, -11.609833], [27.023239, -11.671121], [27.021482, -11.69789], [26.981071, -11.749049], [26.971356, -11.78853], [26.967325, -11.870385], [26.947688, -11.909143], [26.912755, -11.942526], [26.874204, -11.964333], [26.831726, -11.973325], [26.759379, -11.968674], [26.717418, -12.013012], [26.697057, -12.017457], [26.643521, -11.985521], [26.524871, -11.972291], [26.489111, -11.960819], [26.438365, -11.919065], [26.414594, -11.91183], [26.339146, -11.918961], [26.298012, -11.941182], [26.265559, -11.930847], [26.229592, -11.933121], [26.16665, -11.902425], [25.981132, -11.903045], [25.963562, -11.895087], [25.949816, -11.863978], [25.914159, -11.845581], [25.850701, -11.793801], [25.801608, -11.80424], [25.725644, -11.800519], [25.621464, -11.728895], [25.575679, -11.727345], [25.561003, -11.753287], [25.537645, -11.758351], [25.515217, -11.775818], [25.49558, -11.776541], [25.480439, -11.769823], [25.474135, -11.756181], [25.481163, -11.715253], [25.406335, -11.673085], [25.386388, -11.64983], [25.344943, -11.642182], [25.327373, -11.616654], [25.300398, -11.535005], [25.297711, -11.507927], [25.316728, -11.472994], [25.279004, -11.396306], [25.277971, -11.371811], [25.306496, -11.333054], [25.284689, -11.307319], [25.324893, -11.283651], [25.322516, -11.205413], [25.31032, -11.194768], [25.278798, -11.199935], [25.184023, -11.246651], [25.124285, -11.259157], [24.981245, -11.271869], [24.942901, -11.268562], [24.826732, -11.317551], [24.787975, -11.325819], [24.712527, -11.326026], [24.67408, -11.341632], [24.635219, -11.385867], [24.593258, -11.399613], [24.564733, -11.444675], [24.532693, -11.446122], [24.490939, -11.461522], [24.446497, -11.463589], [24.370223, -11.410155], [24.310071, -11.406641], [24.293948, -11.3992], [24.285473, -11.381216], [24.33994, -11.358065], [24.392237, -11.279104], [24.396578, -11.217402], [24.391307, -11.199832], [24.361748, -11.164692], [24.362471, -11.150533], [24.381798, -11.12056], [24.370533, -11.1002], [24.293845, -11.05028], [24.238034, -11.048007], [24.181294, -11.034467], [24.124243, -11.043252], [24.108016, -10.954989], [24.114218, -10.919229], [24.09148, -10.897835], [24.00146, -10.873444], [23.967457, -10.872307], [23.948646, -10.881505], [23.927976, -10.945377], [23.887771, -10.974419], [23.867411, -11.016381], [23.833718, -11.028473], [23.752276, -11.008216], [23.641585, -11.004495], [23.494824, -10.964291], [23.455963, -10.960984], [23.373281, -10.975143], [23.196754, -11.071881], [23.014336, -11.102474], [22.931137, -11.096789], [22.853106, -11.053071], [22.829231, -11.052141], [22.764222, -11.090485], [22.727739, -11.096789], [22.650948, -11.08232], [22.53757, -11.037155], [22.500983, -11.042426], [22.469357, -11.122421], [22.440315, -11.146915], [22.340269, -11.180195], [22.281771, -11.236729], [22.263064, -11.248201], [22.23764, -11.249545], [22.252006, -11.208617], [22.25552, -11.166552], [22.243841, -11.078289], [22.217176, -11.012763], [22.196092, -10.992299], [22.196092, -10.954162], [22.165499, -10.85236], [22.223997, -10.797066], [22.319495, -10.761306], [22.319495, -10.703842], [22.32642, -10.694643], [22.31009, -10.668805], [22.305956, -10.550673], [22.27402, -10.503027], [22.271849, -10.481736], [22.301098, -10.424892], [22.313397, -10.368565], [22.20281, -10.130647], [22.209734, -10.098194], [22.180391483120186, -10.0], [28.628178710856094, -10.0], [28.628516, -10.102741]]]}}, {"type": "Feature", "properties": {"name": "Namibia"}, "geometry": {"type": "Polygon", "coordinates": [[[20.03426, -17.895909], [20.147121, -17.882783], [20.154563, -17.890328], [20.193113, -17.872138], [20.243446, -17.882783], [20.278173, -17.854878], [20.288921, -17.861596], [20.336154, -17.854878], [20.386797, -17.890328], [20.412635, -17.884127], [20.437543, -17.894462], [20.489529, -17.942108], [20.565494, -17.985206], [20.590712, -17.978798], [20.666263, -17.980245], [20.68962, -17.996988], [20.722487, -18.006497], [20.737473, -17.993474], [20.784602, -18.012595], [20.806202, -18.031405], [20.894466, -18.012595], [20.908315, -17.986136], [21.09311, -17.938077], [21.10944, -17.945002], [21.161323, -17.930636], [21.23274, -17.93446], [21.364825, -17.992027], [21.386839, -18.014455], [23.47622, -17.626365], [24.220464, -17.4795], [24.310278, -17.482601], [24.321337, -17.488699], [24.388929, -17.471336], [24.523598, -17.507819], [24.546543, -17.526526], [24.571244, -17.533451], [24.591294, -17.528386], [24.629742, -17.49552], [24.684415, -17.49242], [24.769785, -17.505442], [24.79738, -17.519085], [24.829523, -17.517741], [24.898252, -17.531074], [24.924917, -17.542959], [24.93763, -17.560736], [24.95799, -17.551744], [24.998505, -17.588021], [25.036952, -17.5812], [25.033851, -17.608485], [25.045324, -17.619957], [25.064237, -17.621507], [25.088525, -17.642695], [25.098757, -17.676801], [25.115087, -17.684242], [25.122631, -17.697885], [25.138548, -17.686103], [25.156428, -17.70667], [25.161182, -17.729408], [25.190741, -17.755349], [25.242417, -17.770335], [25.259781, -17.794107], [25.153947, -17.781808], [25.120874, -17.813537], [25.087905, -17.826766], [25.057002, -17.827696], [25.047494, -17.807129], [25.019692, -17.823769], [25.007083, -17.825733], [24.998505, -17.81395], [24.983312, -17.820462], [24.958094, -17.800928], [24.964295, -17.786665], [24.953339, -17.788422], [24.931119, -17.81054], [24.820841, -17.839272], [24.79738, -17.858082], [24.770715, -17.865523], [24.764514, -17.879683], [24.730717, -17.891878], [24.698471, -17.928879], [24.649172, -17.962778], [24.574551, -18.050422], [24.564423, -18.052799], [24.505615, -18.060344], [24.471508, -18.029958], [24.469751, -18.014455], [24.421589, -17.956474], [24.365262, -17.950789], [24.350586, -17.95606], [24.296429, -18.026237], [24.259222, -18.012595], [24.218294, -18.012595], [24.183051, -18.029441], [24.135095, -18.085458], [24.101609, -18.108816], [24.05696, -18.119048], [23.971177, -18.18385], [23.950817, -18.177649], [23.915987, -18.201213], [23.912886, -18.235733], [23.855215, -18.280072], [23.825553, -18.317072], [23.809843, -18.321723], [23.715792, -18.419081], [23.680136, -18.431484], [23.645409, -18.466004], [23.609856, -18.477682], [23.592182, -18.478199], [23.57916, -18.467864], [23.571305, -18.426006], [23.546604, -18.369472], [23.560763, -18.348491], [23.551461, -18.327511], [23.518802, -18.293714], [23.527277, -18.277695], [23.501542, -18.23749], [23.464128, -18.225501], [23.429401, -18.188501], [23.418859, -18.198423], [23.395812, -18.191395], [23.395812, -18.163386], [23.3338, -18.073986], [23.3338, -18.04329], [23.31592, -18.037089], [23.311476, -18.009804], [23.292769, -17.998952], [22.981367, -18.020036], [21.475722, -18.299502], [20.975081, -18.319346], [20.984796, -21.963981], [20.97198, -22.000671], [20.0, -22.000671], [20.0, -17.88192082219305], [20.03426, -17.895909]]]}}, {"type": "Feature", "properties": {"name": "South Africa"}, "geometry": {"type": "Polygon", "coordinates": [[[20.029299, -24.815228], [20.107847, -24.880341], [20.159317, -24.893673], [20.235695, -24.936048], [20.364886, -25.0332], [20.444777, -25.168385], [20.434442, -25.199804], [20.443847, -25.213344], [20.481674, -25.2305], [20.485498, -25.26316], [20.516401, -25.283624], [20.51051, -25.312252], [20.529217, -25.340054], [20.542239, -25.382222], [20.588025, -25.40403], [20.596913, -25.432865], [20.612002, -25.431005], [20.606628, -25.462011], [20.61655, -25.466145], [20.643525, -25.45736], [20.656547, -25.467798], [20.626885, -25.484748], [20.620374, -25.500561], [20.618514, -25.528466], [20.663369, -25.564743], [20.67143, -25.591202], [20.637944, -25.620347], [20.641045, -25.631199], [20.67081, -25.642258], [20.662852, -25.685253], [20.70688, -25.714812], [20.716699, -25.732588], [20.737783, -25.798941], [20.726517, -25.827363], [20.755766, -25.818991], [20.79411, -25.893922], [20.803929, -26.071276], [20.841446, -26.131324], [20.837932, -26.146827], [20.79473, -26.201914], [20.753286, -26.276224], [20.695512, -26.341957], [20.665953, -26.391773], [20.622544, -26.427533], [20.605284, -26.493265], [20.605284, -26.547732], [20.632363, -26.595275], [20.608902, -26.686122], [20.61469, -26.753198], [20.638667, -26.816967], [20.675461, -26.85004], [20.690757, -26.891794], [20.851884, -26.806528], [20.907695, -26.800017], [20.990377, -26.838567], [21.122462, -26.865336], [21.153468, -26.864509], [21.240595, -26.841978], [21.296922, -26.844459], [21.380844, -26.823995], [21.42663, -26.822651], [21.498667, -26.846422], [21.583933, -26.848386], [21.664548, -26.863062], [21.76232, -26.804461], [21.777513, -26.768494], [21.768728, -26.688706], [21.780613, -26.678164], [21.838801, -26.664521], [21.935849, -26.663901], [21.998998, -26.650258], [22.057702, -26.617599], [22.108138, -26.571917], [22.146172, -26.519207], [22.197435, -26.404072], [22.237743, -26.366762], [22.248285, -26.346918], [22.342853, -26.317359], [22.450857, -26.210079], [22.482586, -26.204808], [22.527958, -26.213696], [22.545114, -26.207391], [22.580254, -26.146517], [22.623249, -26.10931], [22.665004, -26.051432], [22.661593, -26.020943], [22.70066, -26.00327], [22.719367, -25.984253], [22.726809, -25.921621], [22.708825, -25.891028], [22.765463, -25.826536], [22.757918, -25.805969], [22.741175, -25.790879], [22.740451, -25.77703], [22.759778, -25.734862], [22.810214, -25.677398], [22.810835, -25.625308], [22.833366, -25.606084], [22.814039, -25.566604], [22.844631, -25.481131], [22.887626, -25.450228], [22.920492, -25.39049], [22.956149, -25.372094], [22.968034, -25.346876], [23.006998, -25.310805], [23.030666, -25.299437], [23.054541, -25.302537], [23.071697, -25.325998], [23.168539, -25.280006], [23.216081, -25.26719], [23.265691, -25.263987], [23.381446, -25.292615], [23.444904, -25.278146], [23.45927, -25.282177], [23.496581, -25.324241], [23.561073, -25.357314], [23.68675, -25.454362], [23.742664, -25.469969], [23.769019, -25.507383], [23.807466, -25.523609], [23.845397, -25.569084], [23.924772, -25.629236], [23.988024, -25.61952], [24.008694, -25.633163], [24.005697, -25.65466], [24.130961, -25.626238], [24.183464, -25.625928], [24.227699, -25.648976], [24.296739, -25.723493], [24.338907, -25.751812], [24.38924, -25.75946], [24.456729, -25.743027], [24.576722, -25.783335], [24.629638, -25.816098], [24.664985, -25.823332], [24.737952, -25.815891], [24.79862, -25.829223], [24.828903, -25.826019], [24.908381, -25.804109], [24.967912, -25.762871], [25.013284, -25.743027], [25.051731, -25.737859], [25.177822, -25.763284], [25.386491, -25.743544], [25.458425, -25.711194], [25.587254, -25.61952], [25.663529, -25.439996], [25.695465, -25.309979], [25.782901, -25.131385], [25.804915, -25.064826], [25.835198, -25.016353], [25.837058, -24.979146], [25.876746, -24.886025], [25.868374, -24.748152], [25.914676, -24.731823], [25.966043, -24.73358], [26.013585, -24.704537], [26.278788, -24.62847], [26.32571, -24.622372], [26.404362, -24.632811], [26.469474, -24.571419], [26.506061, -24.48884], [26.531176, -24.458661], [26.62347, -24.39944], [26.692923, -24.326576], [26.802271, -24.289679], [26.839168, -24.265598], [26.84971, -24.248131], [26.868933, -24.160385], [26.870897, -24.11584], [26.941177, -23.850223], [26.945001, -23.823248], [26.938128, -23.802887], [26.966602, -23.75519], [26.96717, -23.718706], [27.013834, -23.638504], [27.024273, -23.642535], [27.037605, -23.665686], [27.054762, -23.66641], [27.070058, -23.656074], [27.061531, -23.604398], [27.075225, -23.611219], [27.113363, -23.564297], [27.13672, -23.570188], [27.141165, -23.558303], [27.127419, -23.54528], [27.127419, -23.525023], [27.149123, -23.527503], [27.157184, -23.536702], [27.171447, -23.515618], [27.18664, -23.527297], [27.205657, -23.523059], [27.191497, -23.503836], [27.202505, -23.492053], [27.239712, -23.481408], [27.295574, -23.451746], [27.349989, -23.391491], [27.361203, -23.422497], [27.383734, -23.399553], [27.410502, -23.389321], [27.41846, -23.391284], [27.411122, -23.405754], [27.425178, -23.412678], [27.45267, -23.38529], [27.50724, -23.379089], [27.548892, -23.360795], [27.563671, -23.342812], [27.569356, -23.320384], [27.563309, -23.299197], [27.573076, -23.290515], [27.580414, -23.26385], [27.599224, -23.244627], [27.608009, -23.216721], [27.647129, -23.227573], [27.698443, -23.193467], [27.725728, -23.221682], [27.739164, -23.227573], [27.753634, -23.220752], [27.774201, -23.173003], [27.78929, -23.163805], [27.774614, -23.140757], [27.774201, -23.125151], [27.82226, -23.12298], [27.815749, -23.104687], [27.895537, -23.079469], [27.930057, -23.057041], [27.946077, -23.029032], [27.937498, -22.963817], [28.008295, -22.934775], [28.037441, -22.911417], [28.053977, -22.869146], [28.047156, -22.8369], [28.10369, -22.816746], [28.117436, -22.789461], [28.154953, -22.771994], [28.162498, -22.758971], [28.159707, -22.718147], [28.196191, -22.671638], [28.250554, -22.655619], [28.301817, -22.603839], [28.376851, -22.575003], [28.459379, -22.569629], [28.522476, -22.584822], [28.559838, -22.563014], [28.623865, -22.562808], [28.731352, -22.513922], [28.816825, -22.492941], [28.831191, -22.482296], [28.84659, -22.449946], [28.912529, -22.453667], [28.930409, -22.440851], [28.967926, -22.38039], [28.960227, -22.310213], [29.018053, -22.255023], [29.038723, -22.223914], [29.168844, -22.213992], [29.222071, -22.182159], [29.248219, -22.179265], [29.302893, -22.190221], [29.350074, -22.186707], [29.378031, -22.192908], [29.456889, -22.158801], [29.53182, -22.172444], [29.551043, -22.145986], [29.60396, -22.145055], [29.661424, -22.126452], [29.679614, -22.138338], [29.758886, -22.130896], [29.779246, -22.136374], [29.837331, -22.172444], [29.946678, -22.198282], [30.005279, -22.22226], [30.038145, -22.253783], [30.082587, -22.262878], [30.13509, -22.293574], [30.2217, -22.290886], [30.300765, -22.336982], [30.334975, -22.344733], [30.412696, -22.336878], [30.488454, -22.310213], [30.601108, -22.316414], [30.632424, -22.330677], [30.693919, -22.302772], [30.805282, -22.294504], [30.83789, -22.282308], [30.927187, -22.295744], [31.087642, -22.336878], [31.152599, -22.316414], [31.213474, -22.36189], [31.255642, -22.357962], [31.288922, -22.39734], [31.279103, -22.415323], [31.536349, -23.156983], [31.542446, -23.187266], [31.521466, -23.415572], [31.527615, -23.45681], [31.54627, -23.492363], [31.642285, -23.587861], [31.662026, -23.624035], [31.700628, -23.749092], [31.755198, -23.857767], [31.850438, -23.930631], [31.869455, -24.163795], [31.961335, -24.346316], [31.986554, -24.423108], [31.991928, -24.500416], [31.983763, -24.569145], [31.988724, -25.37261], [31.971671, -25.421496], [31.9664, -25.479684], [31.986399, -25.552444], [31.995752, -25.636884], [31.991618, -25.650216], [31.954411, -25.684943], [31.905835, -25.812997], [31.949243, -25.958104], [31.891882, -25.983839], [31.863357, -25.989937], [31.834573, -25.982082], [31.426898, -25.743647], [31.401473, -25.735999], [31.372017, -25.736412], [31.309282, -25.757393], [31.119836, -25.910045], [31.037774, -26.100111], [30.969871, -26.209148], [30.804559, -26.397457], [30.782906, -26.472388], [30.785697, -26.716921], [30.80244, -26.808905], [30.836443, -26.805081], [30.880213, -26.772215], [30.902589, -26.831333], [30.955092, -26.891381], [30.960983, -26.911224], [30.949408, -26.975407], [30.953645, -27.000315], [30.976073, -27.035041], [31.078754, -27.11824], [31.141954, -27.196478], [31.459454, -27.298694], [31.52653, -27.31089], [31.96826, -27.316264], [31.947383, -27.255493], [31.942112, -27.10067], [31.992238, -26.838257], [31.990068, -26.808285], [32.073163, -26.811386], [32.097761, -26.833503], [32.143185, -26.845699], [32.223025, -26.841358], [32.352216, -26.860272], [32.893077, -26.846124], [32.880544, -26.886895], [32.865245, -27.017348], [32.839366, -27.12363], [32.803722, -27.168227], [32.781016, -27.255955], [32.676524, -27.520685], [32.591482, -27.880792], [32.598318, -27.922459], [32.550548, -28.171563], [32.459972, -28.306736], [32.43922, -28.366632], [32.422048, -28.381931], [32.399669, -28.387872], [32.406993, -28.400323], [32.420177, -28.394708], [32.428233, -28.429376], [32.3921, -28.535333], [32.293142, -28.630955], [32.235118, -28.661554], [32.193614, -28.716241], [32.083751, -28.799493], [32.056326, -28.779474], [32.016856, -28.784926], [31.993988, -28.806248], [32.016124, -28.833591], [32.037364, -28.814711], [32.070079, -28.805597], [32.051036, -28.837823], [32.012055, -28.866469], [31.888357, -28.924737], [31.852061, -28.931329], [31.769054, -28.922296], [31.782725, -28.94964], [31.752126, -28.966241], [31.557465, -29.161879], [31.488455, -29.209649], [31.482188, -29.233331], [31.427013, -29.292169], [31.365001, -29.332615], [31.354666, -29.363377], [31.326508, -29.38421], [31.18686, -29.560317], [31.055512, -29.789809], [31.045258, -29.829522], [31.055837, -29.868259], [31.015798, -29.868097], [31.006114, -29.876153], [31.001231, -29.902439], [31.063324, -29.874444], [31.058279, -29.895929], [31.023774, -29.935805], [30.948971413660313, -30.0], [28.979447725872642, -30.0], [29.09412, -29.936259], [29.144246, -29.919723], [29.150654, -29.911145], [29.132981, -29.852027], [29.105799, -29.825569], [29.113757, -29.750121], [29.1613, -29.666922], [29.190342, -29.646871], [29.26734, -29.626098], [29.278605, -29.613592], [29.279949, -29.581449], [29.296279, -29.571631], [29.282016, -29.556128], [29.275143, -29.532253], [29.282739, -29.485641], [29.303823, -29.466831], [29.399528, -29.430347], [29.41255, -29.410297], [29.413739, -29.380118], [29.435908, -29.342394], [29.415031, -29.318933], [29.413997, -29.290304], [29.375964, -29.235527], [29.357463, -29.183334], [29.316846, -29.147367], [29.311781, -29.089799], [29.208429, -29.068922], [29.125953, -28.992441], [29.055776, -28.965363], [29.049679, -28.933013], [29.040532, -28.922988], [28.980846, -28.909035], [28.925862, -28.859529], [28.872842, -28.783565], [28.843696, -28.764755], [28.787679, -28.748735], [28.758637, -28.700469], [28.743857, -28.689514], [28.699519, -28.68848], [28.688977, -28.674424], [28.66655, -28.59722], [28.634303, -28.570761], [28.619421, -28.572415], [28.562473, -28.606522], [28.403413, -28.618924], [28.382949, -28.626469], [28.33644, -28.684656], [28.297063, -28.706877], [28.250864, -28.707394], [28.23071, -28.699539], [28.154953, -28.70233], [28.018734, -28.856842], [28.013566, -28.878443], [27.977496, -28.880717], [27.945043, -28.855499], [27.926233, -28.853431], [27.91166, -28.86077], [27.887992, -28.904901], [27.861327, -28.915443], [27.747432, -28.908622], [27.754771, -28.925468], [27.720147, -28.945932], [27.711672, -28.990994], [27.699063, -28.990581], [27.667489, -29.026651], [27.63917, -29.035333], [27.664957, -29.065718], [27.64439, -29.07254], [27.637517, -29.065718], [27.630747, -29.07254], [27.635605, -29.096621], [27.61297, -29.133828], [27.555713, -29.195426], [27.521503, -29.21651], [27.528893, -29.260952], [27.45329, -29.291648], [27.445849, -29.331955], [27.406265, -29.363995], [27.41908, -29.383838], [27.417634, -29.396551], [27.365544, -29.446677], [27.350247, -29.480267], [27.316038, -29.487191], [27.302498, -29.518094], [27.263121, -29.541141], [27.128142, -29.578555], [27.085871, -29.614419], [27.072022, -29.599949], [27.062203, -29.600156], [27.042359, -29.628061], [27.032954, -29.616176], [27.022412, -29.616176], [27.002155, -29.666508], [27.050989, -29.696791], [27.080135, -29.735135], [27.198835, -29.978531], [27.2251244032897, -30.0], [20.0, -30.0], [20.0, -24.78352857366347], [20.029299, -24.815228]]]}}, {"type": "Feature", "properties": {"name": "Zambia"}, "geometry": {"type": "Polygon", "coordinates": [[[33.309987, -10.012721], [33.304096, -10.063777], [33.317532, -10.082071], [33.399181, -10.117934], [33.454578, -10.16806], [33.480519, -10.177052], [33.533281, -10.231209], [33.532919, -10.342623], [33.559171, -10.404325], [33.603199, -10.44918], [33.622733, -10.494035], [33.638184, -10.511605], [33.665418, -10.515119], [33.674203, -10.577028], [33.657769, -10.601316], [33.576947, -10.657643], [33.528268, -10.711593], [33.500983, -10.769161], [33.43401, -10.808125], [33.385538, -10.80089], [33.319082, -10.81815], [33.288128, -10.856701], [33.2734, -10.865589], [33.241412, -10.865692], [33.232576, -10.883262], [33.231697, -10.897628], [33.239604, -10.903106], [33.265855, -10.901142], [33.280325, -10.913338], [33.303682, -11.034571], [33.390912, -11.164795], [33.368485, -11.222673], [33.298308, -11.32923], [33.298928, -11.353104], [33.273503, -11.369641], [33.273607, -11.409432], [33.265184, -11.423074], [33.239707, -11.402404], [33.230302, -11.416563], [33.233816, -11.514025], [33.212629, -11.563841], [33.232679, -11.57769], [33.283219, -11.578414], [33.296758, -11.593606], [33.314018, -11.7722], [33.297378, -11.846511], [33.312674, -11.898704], [33.294226, -11.981283], [33.2549, -12.072647], [33.25273, -12.139516], [33.299962, -12.195947], [33.330141, -12.298266], [33.349468, -12.327929], [33.384608, -12.340021], [33.458298, -12.31811], [33.525581, -12.335267], [33.527131, -12.355627], [33.51814, -12.37175], [33.487754, -12.389837], [33.480519, -12.406373], [33.465326, -12.409061], [33.451115, -12.452986], [33.420781, -12.464974], [33.373239, -12.518511], [33.350398, -12.532671], [33.32828, -12.537632], [33.28973, -12.524196], [33.255107, -12.531947], [33.226995, -12.579076], [33.187307, -12.60233], [33.173251, -12.620004], [33.163019, -12.620417], [33.146896, -12.593235], [33.13036, -12.583727], [33.081267, -12.604811], [33.057703, -12.583417], [33.024836, -12.612666], [32.958071, -12.725217], [32.941121, -12.769865], [32.947012, -12.843246], [33.005044, -12.892959], [33.013571, -12.917247], [33.00892, -12.945049], [32.981532, -13.00613], [32.965925, -13.116821], [32.9713, -13.150927], [32.998171, -13.202449], [32.992797, -13.216401], [32.962721, -13.22498], [32.937865, -13.255882], [32.919623, -13.294846], [32.892131, -13.404814], [32.874251, -13.443158], [32.827432, -13.460831], [32.819061, -13.471683], [32.813066, -13.528217], [32.763199, -13.54248], [32.722839, -13.573382], [32.677261, -13.567801], [32.667649, -13.575553], [32.663308, -13.596327], [32.67509, -13.628056], [32.743407, -13.635394], [32.769865, -13.646866], [32.813377, -13.711152], [32.757359, -13.750219], [32.763044, -13.777194], [32.85942, -13.808097], [32.874148, -13.820602], [32.923912, -13.880444], [32.93616, -13.926229], [32.962515, -13.932017], [32.976261, -13.944522], [32.9713, -14.005914], [32.999825, -14.050459], [33.01817, -14.046222], [33.062974, -13.981729], [33.111601, -13.964573], [33.140282, -13.924989], [33.154544, -13.936564], [33.202707, -14.013872], [32.227366, -14.33902], [32.108768, -14.364858], [32.033269, -14.398758], [31.658408, -14.519578], [31.496661, -14.60257], [31.410878, -14.633576], [30.815772, -14.768245], [30.48556, -14.885964], [30.318438, -14.966992], [30.214465, -14.981462], [30.225834, -15.106312], [30.263145, -15.231266], [30.287949, -15.278911], [30.334871, -15.304749], [30.364947, -15.354152], [30.371768, -15.439832], [30.392852, -15.480759], [30.371768, -15.525408], [30.367428, -15.561271], [30.401224, -15.598478], [30.410371, -15.630414], [30.356679, -15.651498], [30.32805, -15.652428], [30.254876, -15.628864], [30.207231, -15.653152], [30.16992, -15.632171], [30.130129, -15.623696], [30.010654, -15.646227], [29.837331, -15.614808], [29.672793, -15.663281], [29.648505, -15.666588], [29.587217, -15.655736], [29.563446, -15.662144], [29.508462, -15.703588], [29.406969, -15.714233], [29.186311, -15.812832], [29.150964, -15.848799], [29.086162, -15.884559], [29.042341, -15.946261], [28.972784, -15.951428], [28.932373, -15.963727], [28.877183, -16.022018], [28.857236, -16.060466], [28.870981, -16.087234], [28.847107, -16.202679], [28.86416, -16.231205], [28.836772, -16.306342], [28.857029, -16.36546], [28.857236, -16.388198], [28.829124, -16.434603], [28.822509, -16.470776], [28.769282, -16.515218], [28.761117, -16.532271], [28.73285, -16.55811], [28.643295, -16.568755], [28.280113, -16.706524], [28.21252, -16.748589], [28.113922, -16.827551], [27.868562, -16.929663], [27.816886, -16.959636], [27.777301, -17.001183], [27.641186, -17.198484], [27.604495, -17.312792], [27.577314, -17.363125], [27.422078, -17.504822], [27.157081, -17.769302], [27.145299, -17.794107], [27.149019, -17.842476], [27.11543, -17.882163], [27.048457, -17.944278], [27.021275, -17.958541], [26.95916, -17.964742], [26.912031, -17.992027], [26.88826, -17.984586], [26.794002, -18.026237], [26.753591, -18.032955], [26.700003, -18.069232], [26.628844, -18.049181], [26.570243, -18.002879], [26.485494, -17.979315], [26.408599, -17.939007], [26.362711, -17.930636], [26.318269, -17.934356], [26.294291, -17.918543], [26.239204, -17.910172], [26.211919, -17.882783], [26.158589, -17.918337], [26.095234, -17.938077], [26.095234, -17.958541], [26.046554, -17.966292], [26.04056, -17.978488], [26.033739, -17.971563], [25.978548, -17.998952], [25.924495, -17.998952], [25.86362, -17.971563], [25.853491, -17.959988], [25.847497, -17.929395], [25.86362, -17.923814], [25.849667, -17.906658], [25.804399, -17.888158], [25.786002, -17.862216], [25.765951, -17.849814], [25.70642, -17.829867], [25.681409, -17.81147], [25.536818, -17.848677], [25.516458, -17.862319], [25.335538, -17.841235], [25.266705, -17.800928], [25.242417, -17.770335], [25.190741, -17.755349], [25.156841, -17.72517], [25.156428, -17.70667], [25.138548, -17.686103], [25.122631, -17.697885], [25.115087, -17.684242], [25.098757, -17.676801], [25.088525, -17.642695], [25.064237, -17.621507], [25.045324, -17.619957], [25.033851, -17.608485], [25.036952, -17.5812], [24.998505, -17.588021], [24.95799, -17.551744], [24.93763, -17.560736], [24.924917, -17.542959], [24.898252, -17.531074], [24.829523, -17.517741], [24.79738, -17.519085], [24.769785, -17.505442], [24.684415, -17.49242], [24.629742, -17.49552], [24.591294, -17.528386], [24.571244, -17.533451], [24.546543, -17.526526], [24.523598, -17.507819], [24.388929, -17.471336], [24.321337, -17.488699], [24.310278, -17.482601], [24.220464, -17.4795], [23.381652, -17.641144], [23.375141, -17.615409], [23.382273, -17.601043], [23.320158, -17.54637], [23.258352, -17.532831], [23.206986, -17.541202], [23.189726, -17.536551], [23.177531, -17.524046], [23.176187, -17.478157], [23.097639, -17.432165], [23.054127, -17.375321], [23.040381, -17.33708], [22.998627, -17.293775], [22.876154, -17.248093], [22.765153, -17.169649], [22.744792, -17.108257], [22.710479, -17.055444], [22.651671, -16.998703], [22.573433, -16.971004], [22.567232, -16.936898], [22.554519, -16.924185], [22.508527, -16.906202], [22.416647, -16.75448], [22.377993, -16.734843], [22.333654, -16.673658], [22.306989, -16.669214], [22.290763, -16.656398], [22.259034, -16.669214], [22.237743, -16.665493], [22.15165, -16.597694], [22.138111, -16.552632], [22.108138, -16.54395], [22.107312, -16.512324], [22.079923, -16.457754], [22.086021, -16.422304], [22.105555, -16.379413], [22.055842, -16.364633], [22.052018, -16.326806], [22.032174, -16.306342], [22.01171, -16.252289], [22.045197, -16.252289], [21.983805, -16.165886], [21.981531, -16.144285], [21.979878, -13.001479], [24.000633, -13.001479], [23.971797, -12.93337], [23.895109, -12.849757], [23.874749, -12.821749], [23.865654, -12.789709], [23.928699, -12.561609], [23.940791, -12.532774], [24.019856, -12.419189], [24.030812, -12.385083], [24.016859, -12.278939], [24.006627, -12.253721], [23.959602, -12.19667], [23.954331, -12.151919], [23.967043, -11.882891], [23.990194, -11.824083], [23.981306, -11.724761], [23.954641, -11.662233], [23.954641, -11.636911], [23.977688, -11.577277], [24.009728, -11.52343], [24.009935, -11.459454], [24.061714, -11.406951], [24.011175, -11.272903], [24.015309, -11.130482], [23.995775, -11.127382], [23.990091, -11.113532], [23.993708, -11.019585], [24.003733, -10.982481], [23.974278, -10.921399], [23.967457, -10.872307], [24.048382, -10.882332], [24.09148, -10.897835], [24.114218, -10.919229], [24.108016, -10.954989], [24.124243, -11.043252], [24.181294, -11.034467], [24.238034, -11.048007], [24.293845, -11.05028], [24.370533, -11.1002], [24.381798, -11.12056], [24.362471, -11.150533], [24.361748, -11.164692], [24.391307, -11.199832], [24.396578, -11.217402], [24.392237, -11.279104], [24.33994, -11.358065], [24.285473, -11.381216], [24.293948, -11.3992], [24.310071, -11.406641], [24.370223, -11.410155], [24.446497, -11.463589], [24.469648, -11.465552], [24.532693, -11.446122], [24.564733, -11.444675], [24.593258, -11.399613], [24.635219, -11.385867], [24.67408, -11.341632], [24.712527, -11.326026], [24.787975, -11.325819], [24.826732, -11.317551], [24.942901, -11.268562], [24.981245, -11.271869], [25.124285, -11.259157], [25.184023, -11.246651], [25.278798, -11.199935], [25.31032, -11.194768], [25.322516, -11.205413], [25.324893, -11.283651], [25.284689, -11.307319], [25.306496, -11.333054], [25.277971, -11.371811], [25.279004, -11.396306], [25.316728, -11.472994], [25.297711, -11.507927], [25.300398, -11.535005], [25.327373, -11.616654], [25.344943, -11.642182], [25.386388, -11.64983], [25.406335, -11.673085], [25.481163, -11.715253], [25.474135, -11.756181], [25.480439, -11.769823], [25.49558, -11.776541], [25.515217, -11.775818], [25.537645, -11.758351], [25.561003, -11.753287], [25.575679, -11.727345], [25.621464, -11.728895], [25.725644, -11.800519], [25.801608, -11.80424], [25.850701, -11.793801], [25.914159, -11.845581], [25.949816, -11.863978], [25.963562, -11.895087], [25.981132, -11.903045], [26.16665, -11.902425], [26.229592, -11.933121], [26.265559, -11.930847], [26.298012, -11.941182], [26.339146, -11.918961], [26.414594, -11.91183], [26.438365, -11.919065], [26.489111, -11.960819], [26.524871, -11.972291], [26.643521, -11.985521], [26.697057, -12.017457], [26.717418, -12.013012], [26.759379, -11.968674], [26.831726, -11.973325], [26.874204, -11.964333], [26.912755, -11.942526], [26.947688, -11.909143], [26.967325, -11.870385], [26.971356, -11.78853], [26.981071, -11.749049], [27.021482, -11.69789], [27.023239, -11.671121], [27.010268, -11.609833], [27.023756, -11.59557], [27.064373, -11.59712], [27.180129, -11.569629], [27.197182, -11.59371], [27.20762, -11.639392], [27.209998, -11.721971], [27.234182, -11.809097], [27.420734, -11.921959], [27.467553, -12.001644], [27.47179, -12.041641], [27.52047, -12.179617], [27.638189, -12.293615], [27.666197, -12.30271], [27.756734, -12.304261], [27.788309, -12.296509], [27.831407, -12.259922], [27.856676, -12.262403], [27.933881, -12.303331], [27.948454, -12.321417], [27.958686, -12.367823], [27.98101, -12.374541], [28.08767, -12.377538], [28.096869, -12.383016], [28.106997, -12.410197], [28.131285, -12.429214], [28.160741, -12.408751], [28.185752, -12.402446], [28.237532, -12.437069], [28.283834, -12.434072], [28.322488, -12.4411], [28.42274, -12.521302], [28.468267, -12.614629], [28.512295, -12.668373], [28.511624, -12.694418], [28.474003, -12.736482], [28.480928, -12.762114], [28.539425, -12.833841], [28.542836, -12.885621], [28.553378, -12.894922], [28.583971, -12.888721], [28.608155, -12.847897], [28.621178, -12.839422], [28.667893, -12.849344], [28.707994, -12.889755], [28.793363, -12.991557], [28.809435, -13.038376], [28.830881, -13.051812], [28.825816, -13.092843], [28.844213, -13.102352], [28.85367, -13.137078], [28.891859, -13.14731], [28.903434, -13.162296], [28.93413, -13.309626], [28.950356, -13.350967], [28.993971, -13.395925], [29.122129, -13.38435], [29.144453, -13.394478], [29.168948, -13.433856], [29.184141, -13.436853], [29.21401, -13.408328], [29.308267, -13.353654], [29.449551, -13.300324], [29.527996, -13.234075], [29.551043, -13.224153], [29.574401, -13.225393], [29.629075, -13.261463], [29.657497, -13.26012], [29.669176, -13.281204], [29.658892, -13.309522], [29.626594, -13.326369], [29.625147, -13.364196], [29.601686, -13.374428], [29.617396, -13.421247], [29.641477, -13.438507], [29.702869, -13.457627], [29.767154, -13.458351], [29.782244, -13.455663], [29.797643, -13.424244], [29.799297, -12.154089], [29.734908, -12.164838], [29.701267, -12.189022], [29.631865, -12.215997], [29.603185, -12.192846], [29.576727, -12.188092], [29.474252, -12.242662], [29.446554, -12.33506], [29.480453, -12.380535], [29.523448, -12.392524], [29.524688, -12.429214], [29.499677, -12.453089], [29.480453, -12.454949], [29.459886, -12.441307], [29.432601, -12.441307], [29.364388, -12.409267], [29.304857, -12.404823], [29.254989, -12.366169], [29.173392, -12.367616], [29.11107, -12.393454], [29.100218, -12.374024], [29.067249, -12.384773], [29.035106, -12.378882], [28.944672, -12.206076], [28.918731, -12.174346], [28.859509, -12.14179], [28.821475, -12.075748], [28.759877, -12.035233], [28.751092, -11.992238], [28.741997, -11.98428], [28.707064, -11.989448], [28.686032, -11.984074], [28.623865, -11.947797], [28.606191, -11.91028], [28.592652, -11.900461], [28.569191, -11.91369], [28.540562, -11.872039], [28.521132, -11.865735], [28.507851, -11.872763], [28.497154, -11.857363], [28.488886, -11.808684], [28.460671, -11.793388], [28.452506, -11.780779], [28.442687, -11.711635], [28.418399, -11.678873], [28.42274, -11.664713], [28.40548, -11.605182], [28.37742, -11.571076], [28.355664, -11.518159], [28.357008, -11.446949], [28.408581, -11.372431], [28.439587, -11.348247], [28.43199, -11.31104], [28.436176, -11.289129], [28.473693, -11.22567], [28.473693, -11.181229], [28.487336, -11.153427], [28.476794, -11.077979], [28.507851, -11.023615], [28.507851, -10.982068], [28.531364, -10.955092], [28.547177, -10.913751], [28.554412, -10.834996], [28.623245, -10.716864], [28.665878, -10.697434], [28.694351, -10.663327], [28.699622, -10.643174], [28.665516, -10.608964], [28.672337, -10.564315], [28.634924, -10.51946], [28.638748, -10.496206], [28.630479, -10.481013], [28.646086, -10.438431], [28.620868, -10.373319], [28.617767, -10.348308], [28.629239, -10.295908], [28.623865, -10.276374], [28.569915, -10.219633], [28.619627, -10.141912], [28.628516, -10.102741], [28.628178710856094, -10.0], [33.31619744368936, -10.0], [33.309987, -10.012721]]]}}, {"type": "Feature", "properties": {"name": "Angola"}, "geometry": {"type": "Polygon", "coordinates": [[[23.974278, -10.921399], [24.003733, -10.982481], [23.993708, -11.019585], [23.990091, -11.113532], [23.995775, -11.127382], [24.015309, -11.130482], [24.011175, -11.272903], [24.061714, -11.406951], [24.009935, -11.459454], [24.009728, -11.52343], [23.977688, -11.577277], [23.954641, -11.636911], [23.954641, -11.662233], [23.981306, -11.724761], [23.990194, -11.824083], [23.967043, -11.882891], [23.954331, -12.151919], [23.959602, -12.19667], [24.006627, -12.253721], [24.016859, -12.278939], [24.030812, -12.385083], [24.019856, -12.419189], [23.940791, -12.532774], [23.928699, -12.561609], [23.865654, -12.789709], [23.874749, -12.821749], [23.895109, -12.849757], [23.971797, -12.93337], [24.000633, -13.001479], [21.979878, -13.001479], [21.983805, -16.165886], [22.045197, -16.252289], [22.01171, -16.252289], [22.032174, -16.306342], [22.052018, -16.326806], [22.055842, -16.364633], [22.105555, -16.379413], [22.086021, -16.422304], [22.079923, -16.457754], [22.107312, -16.512324], [22.104004, -16.536716], [22.138111, -16.552632], [22.15165, -16.597694], [22.237743, -16.665493], [22.259034, -16.669214], [22.290763, -16.656398], [22.306989, -16.669214], [22.333654, -16.673658], [22.377993, -16.734843], [22.416647, -16.75448], [22.508527, -16.906202], [22.554519, -16.924185], [22.567232, -16.936898], [22.573433, -16.971004], [22.651671, -16.998703], [22.710479, -17.055444], [22.744792, -17.108257], [22.765153, -17.169649], [22.876154, -17.248093], [22.998627, -17.293775], [23.040381, -17.33708], [23.054127, -17.375321], [23.097639, -17.432165], [23.176187, -17.478157], [23.177531, -17.524046], [23.189726, -17.536551], [23.206986, -17.541202], [23.258352, -17.532831], [23.320158, -17.54637], [23.382273, -17.601043], [23.375141, -17.615409], [23.381652, -17.641144], [21.386839, -18.014455], [21.364825, -17.992027], [21.23274, -17.93446], [21.161323, -17.930636], [21.10944, -17.945002], [21.09311, -17.938077], [20.908315, -17.986136], [20.894466, -18.012595], [20.806202, -18.031405], [20.784602, -18.012595], [20.737473, -17.993474], [20.722487, -18.006497], [20.68962, -17.996988], [20.666263, -17.980245], [20.590712, -17.978798], [20.565494, -17.985206], [20.489529, -17.942108], [20.437543, -17.894462], [20.412635, -17.884127], [20.386797, -17.890328], [20.336154, -17.854878], [20.288921, -17.861596], [20.278173, -17.854878], [20.243446, -17.882783], [20.193113, -17.872138], [20.154563, -17.890328], [20.147121, -17.882783], [20.03426, -17.895909], [20.0, -17.88192082219305], [20.0, -10.0], [22.180391483120186, -10.0], [22.209734, -10.098194], [22.20281, -10.130647], [22.313397, -10.368565], [22.301098, -10.424892], [22.271849, -10.481736], [22.27402, -10.503027], [22.305956, -10.550673], [22.31009, -10.668805], [22.32642, -10.694643], [22.319495, -10.703842], [22.319495, -10.761306], [22.223997, -10.797066], [22.165499, -10.85236], [22.196092, -10.954162], [22.196092, -10.992299], [22.217176, -11.012763], [22.243841, -11.078289], [22.25552, -11.166552], [22.252006, -11.208617], [22.23764, -11.249545], [22.263064, -11.248201], [22.281771, -11.236729], [22.340269, -11.180195], [22.440315, -11.146915], [22.469357, -11.122421], [22.500983, -11.042426], [22.53757, -11.037155], [22.650948, -11.08232], [22.727739, -11.096789], [22.764222, -11.090485], [22.829231, -11.052141], [22.853106, -11.053071], [22.931137, -11.096789], [23.014336, -11.102474], [23.196754, -11.071881], [23.373281, -10.975143], [23.455963, -10.960984], [23.494824, -10.964291], [23.641585, -11.004495], [23.752276, -11.008216], [23.833718, -11.028473], [23.867411, -11.016381], [23.887771, -10.974419], [23.927976, -10.945377], [23.948646, -10.881505], [23.967457, -10.872307], [23.974278, -10.921399]]]}}, {"type": "Feature", "properties": {"name": "Botswana"}, "geometry": {"type": "Polygon", "coordinates": [[[25.21937, -17.879786], [25.226088, -17.931876], [25.255026, -18.001122], [25.296368, -18.068612], [25.323446, -18.09662], [25.387525, -18.138995], [25.440855, -18.2532], [25.473204, -18.303429], [25.490516, -18.365545], [25.508499, -18.399134], [25.574439, -18.465693], [25.622084, -18.501143], [25.669523, -18.566049], [25.761921, -18.630335], [25.773393, -18.665578], [25.779491, -18.738752], [25.815251, -18.813993], [25.940721, -18.921273], [25.9678, -19.000958], [25.948059, -19.058732], [25.948576, -19.103277], [26.034359, -19.243734], [26.13027, -19.501082], [26.155488, -19.537153], [26.194452, -19.5602], [26.30349, -19.577254], [26.333462, -19.613014], [26.312171, -19.651358], [26.385242, -19.679056], [26.431854, -19.73652], [26.508852, -19.759258], [26.549263, -19.784063], [26.566316, -19.800806], [26.581922, -19.842147], [26.595565, -19.855583], [26.673803, -19.883385], [26.713904, -19.927413], [26.730957, -19.935888], [26.811882, -19.94643], [26.925054, -20.000897], [27.02665, -20.010095], [27.060136, -20.027562], [27.097343, -20.068903], [27.16292, -20.076551], [27.201781, -20.092984], [27.266015, -20.234164], [27.283998, -20.35147], [27.268392, -20.49575], [27.306012, -20.477354], [27.340739, -20.473013], [27.45391, -20.473323], [27.534112, -20.483038], [27.590853, -20.473323], [27.625786, -20.488619], [27.66599, -20.489136], [27.698133, -20.509083], [27.705575, -20.526653], [27.702629, -20.566134], [27.682475, -20.637344], [27.707332, -20.716719], [27.709605, -20.756716], [27.694412, -20.837745], [27.676016, -20.866684], [27.672657, -20.923528], [27.680356, -20.979649], [27.666611, -21.071219], [27.709192, -21.134471], [27.793838, -21.197413], [27.884995, -21.310171], [27.8944, -21.32433], [27.897811, -21.35544], [27.920549, -21.381174], [27.950211, -21.438329], [27.953001, -21.448664], [27.939876, -21.478016], [27.954448, -21.487835], [27.953208, -21.510469], [27.970571, -21.514396], [27.990415, -21.551913], [28.032893, -21.577855], [28.165702, -21.595218], [28.321919, -21.603486], [28.464598, -21.660331], [28.553998, -21.636559], [28.6157, -21.647101], [28.66841, -21.679968], [28.860853, -21.757379], [28.980846, -21.774845], [29.038723, -21.797893], [29.05526, -21.809985], [29.057637, -21.829209], [29.017949, -21.898145], [29.013815, -21.940417], [29.021567, -21.982791], [29.040532, -22.020929], [29.070763, -22.051004], [29.10797, -22.069194], [29.144867, -22.075292], [29.239331, -22.072605], [29.273644, -22.125108], [29.350074, -22.186707], [29.331522, -22.192804], [29.248219, -22.179265], [29.222071, -22.182159], [29.168844, -22.213992], [29.038723, -22.223914], [29.018053, -22.255023], [28.960227, -22.310213], [28.967926, -22.38039], [28.930409, -22.440851], [28.912529, -22.453667], [28.84659, -22.449946], [28.831191, -22.482296], [28.816825, -22.492941], [28.731352, -22.513922], [28.623865, -22.562808], [28.559838, -22.563014], [28.522476, -22.584822], [28.459379, -22.569629], [28.376851, -22.575003], [28.301817, -22.603839], [28.250554, -22.655619], [28.196191, -22.671638], [28.159707, -22.718147], [28.162498, -22.758971], [28.154953, -22.771994], [28.117436, -22.789461], [28.10369, -22.816746], [28.047156, -22.8369], [28.053977, -22.869146], [28.037441, -22.911417], [28.008295, -22.934775], [27.937498, -22.963817], [27.946077, -23.029032], [27.930057, -23.057041], [27.895537, -23.079469], [27.815749, -23.104687], [27.82226, -23.12298], [27.774201, -23.125151], [27.774614, -23.140757], [27.78929, -23.163805], [27.774201, -23.173003], [27.753634, -23.220752], [27.739164, -23.227573], [27.725728, -23.221682], [27.698443, -23.193467], [27.647129, -23.227573], [27.608009, -23.216721], [27.599224, -23.244627], [27.580414, -23.26385], [27.573076, -23.290515], [27.563309, -23.299197], [27.569356, -23.320384], [27.563671, -23.342812], [27.548892, -23.360795], [27.50724, -23.379089], [27.45267, -23.38529], [27.425178, -23.412678], [27.411122, -23.405754], [27.41846, -23.391284], [27.410502, -23.389321], [27.383734, -23.399553], [27.361203, -23.422497], [27.349989, -23.391491], [27.295574, -23.451746], [27.239712, -23.481408], [27.202505, -23.492053], [27.191497, -23.503836], [27.205657, -23.523059], [27.18664, -23.527297], [27.171447, -23.515618], [27.157184, -23.536702], [27.149123, -23.527503], [27.127419, -23.525023], [27.127419, -23.54528], [27.141165, -23.558303], [27.13672, -23.570188], [27.113363, -23.564297], [27.075225, -23.611219], [27.061531, -23.604398], [27.070058, -23.656074], [27.054762, -23.66641], [27.037605, -23.665686], [27.024273, -23.642535], [27.013834, -23.638504], [26.96717, -23.718706], [26.966602, -23.75519], [26.938128, -23.802887], [26.945001, -23.823248], [26.941177, -23.850223], [26.870897, -24.11584], [26.868933, -24.160385], [26.84971, -24.248131], [26.839168, -24.265598], [26.802271, -24.289679], [26.692923, -24.326576], [26.62347, -24.39944], [26.531176, -24.458661], [26.506061, -24.48884], [26.469474, -24.571419], [26.404362, -24.632811], [26.32571, -24.622372], [26.278788, -24.62847], [26.013585, -24.704537], [25.966043, -24.73358], [25.914676, -24.731823], [25.868374, -24.748152], [25.876746, -24.886025], [25.837058, -24.979146], [25.835198, -25.016353], [25.804915, -25.064826], [25.782901, -25.131385], [25.695465, -25.309979], [25.663529, -25.439996], [25.587254, -25.61952], [25.458425, -25.711194], [25.386491, -25.743544], [25.177822, -25.763284], [25.051731, -25.737859], [25.013284, -25.743027], [24.967912, -25.762871], [24.908381, -25.804109], [24.828903, -25.826019], [24.79862, -25.829223], [24.737952, -25.815891], [24.664985, -25.823332], [24.629638, -25.816098], [24.576722, -25.783335], [24.456729, -25.743027], [24.38924, -25.75946], [24.338907, -25.751812], [24.296739, -25.723493], [24.227699, -25.648976], [24.183464, -25.625928], [24.130961, -25.626238], [24.005697, -25.65466], [24.008694, -25.633163], [23.988024, -25.61952], [23.924772, -25.629236], [23.845397, -25.569084], [23.807466, -25.523609], [23.769019, -25.507383], [23.742664, -25.469969], [23.68675, -25.454362], [23.561073, -25.357314], [23.496581, -25.324241], [23.45927, -25.282177], [23.444904, -25.278146], [23.381446, -25.292615], [23.265691, -25.263987], [23.216081, -25.26719], [23.168539, -25.280006], [23.071697, -25.325998], [23.054541, -25.302537], [23.030666, -25.299437], [23.006998, -25.310805], [22.968034, -25.346876], [22.956149, -25.372094], [22.920492, -25.39049], [22.887626, -25.450228], [22.844631, -25.481131], [22.814039, -25.566604], [22.833366, -25.606084], [22.810835, -25.625308], [22.810214, -25.677398], [22.759778, -25.734862], [22.740451, -25.77703], [22.741175, -25.790879], [22.757918, -25.805969], [22.765463, -25.826536], [22.708825, -25.891028], [22.726809, -25.921621], [22.727222, -25.943945], [22.710479, -25.996862], [22.661593, -26.020943], [22.665004, -26.051432], [22.623249, -26.10931], [22.580254, -26.146517], [22.545114, -26.207391], [22.527958, -26.213696], [22.482586, -26.204808], [22.450857, -26.210079], [22.342853, -26.317359], [22.248285, -26.346918], [22.237743, -26.366762], [22.197435, -26.404072], [22.146172, -26.519207], [22.108138, -26.571917], [22.057702, -26.617599], [21.998998, -26.650258], [21.935849, -26.663901], [21.838801, -26.664521], [21.780613, -26.678164], [21.768728, -26.688706], [21.777513, -26.768494], [21.76232, -26.804461], [21.664548, -26.863062], [21.583933, -26.848386], [21.498667, -26.846422], [21.42663, -26.822651], [21.380844, -26.823995], [21.296922, -26.844459], [21.240595, -26.841978], [21.153468, -26.864509], [21.122462, -26.865336], [20.990377, -26.838567], [20.907695, -26.800017], [20.851884, -26.806528], [20.690757, -26.891794], [20.675461, -26.85004], [20.638667, -26.816967], [20.61469, -26.753198], [20.608902, -26.686122], [20.632363, -26.595275], [20.605284, -26.547732], [20.605284, -26.493265], [20.622544, -26.427533], [20.665953, -26.391773], [20.695512, -26.341957], [20.753286, -26.276224], [20.79473, -26.201914], [20.837932, -26.146827], [20.841446, -26.131324], [20.803929, -26.071276], [20.79411, -25.893922], [20.755766, -25.818991], [20.726517, -25.827363], [20.737783, -25.798941], [20.716699, -25.732588], [20.70688, -25.714812], [20.662852, -25.685253], [20.67081, -25.642258], [20.641045, -25.631199], [20.637944, -25.620347], [20.67143, -25.591202], [20.663369, -25.564743], [20.618514, -25.528466], [20.620374, -25.500561], [20.626885, -25.484748], [20.656547, -25.467798], [20.643525, -25.45736], [20.61655, -25.466145], [20.606628, -25.462011], [20.612002, -25.431005], [20.596913, -25.432865], [20.588025, -25.40403], [20.542239, -25.382222], [20.529217, -25.340054], [20.51051, -25.312252], [20.516401, -25.283624], [20.485498, -25.26316], [20.481674, -25.2305], [20.443847, -25.213344], [20.434442, -25.199804], [20.444777, -25.168385], [20.364886, -25.0332], [20.235695, -24.936048], [20.159317, -24.893673], [20.107847, -24.880341], [20.029299, -24.815228], [20.0, -24.78352857366347], [20.0, -22.000671], [20.97198, -22.000671], [20.984796, -21.963981], [20.975081, -18.319346], [21.475722, -18.299502], [22.981367, -18.020036], [23.292769, -17.998952], [23.311476, -18.009804], [23.31592, -18.037089], [23.3338, -18.04329], [23.3338, -18.073986], [23.395812, -18.163386], [23.395812, -18.191395], [23.418859, -18.198423], [23.429401, -18.188501], [23.464128, -18.225501], [23.501542, -18.23749], [23.527277, -18.277695], [23.518802, -18.293714], [23.551461, -18.327511], [23.560763, -18.348491], [23.546604, -18.369472], [23.571305, -18.426006], [23.57916, -18.467864], [23.592182, -18.478199], [23.609856, -18.477682], [23.645409, -18.466004], [23.680136, -18.431484], [23.715792, -18.419081], [23.809843, -18.321723], [23.825553, -18.317072], [23.855215, -18.280072], [23.912886, -18.235733], [23.915987, -18.201213], [23.950817, -18.177649], [23.971177, -18.18385], [24.05696, -18.119048], [24.101609, -18.108816], [24.135095, -18.085458], [24.183051, -18.029441], [24.218294, -18.012595], [24.259222, -18.012595], [24.296429, -18.026237], [24.350586, -17.95606], [24.365262, -17.950789], [24.421589, -17.956474], [24.469751, -18.014455], [24.471508, -18.029958], [24.505615, -18.060344], [24.564423, -18.052799], [24.574551, -18.050422], [24.649172, -17.962778], [24.698471, -17.928879], [24.730717, -17.891878], [24.764514, -17.879683], [24.770715, -17.865523], [24.79738, -17.858082], [24.820841, -17.839272], [24.931119, -17.81054], [24.953339, -17.788422], [24.964295, -17.786665], [24.958094, -17.800928], [24.983312, -17.820462], [24.998505, -17.81395], [25.007083, -17.825733], [25.019692, -17.823769], [25.047494, -17.807129], [25.057002, -17.827696], [25.087905, -17.826766], [25.120874, -17.813537], [25.153947, -17.781808], [25.259781, -17.794107], [25.21937, -17.879786]]]}}, {"type": "Feature", "properties": {"name": "Zimbabwe"}, "geometry": {"type": "Polygon", "coordinates": [[[25.335538, -17.841235], [25.516458, -17.862319], [25.536818, -17.848677], [25.681409, -17.81147], [25.70642, -17.829867], [25.765951, -17.849814], [25.786002, -17.862216], [25.804399, -17.888158], [25.849667, -17.906658], [25.86362, -17.923814], [25.847497, -17.929395], [25.853491, -17.959988], [25.86362, -17.971563], [25.924495, -17.998952], [25.978548, -17.998952], [26.033739, -17.971563], [26.04056, -17.978488], [26.046554, -17.966292], [26.095234, -17.958541], [26.095234, -17.938077], [26.158589, -17.918337], [26.211919, -17.882783], [26.239204, -17.910172], [26.294291, -17.918543], [26.318269, -17.934356], [26.362711, -17.930636], [26.408599, -17.939007], [26.485494, -17.979315], [26.570243, -18.002879], [26.628844, -18.049181], [26.700003, -18.069232], [26.753591, -18.032955], [26.794002, -18.026237], [26.88826, -17.984586], [26.912031, -17.992027], [26.95916, -17.964742], [27.021275, -17.958541], [27.048457, -17.944278], [27.149019, -17.842476], [27.145299, -17.794107], [27.157081, -17.769302], [27.422078, -17.504822], [27.577314, -17.363125], [27.604495, -17.312792], [27.641186, -17.198484], [27.777301, -17.001183], [27.816886, -16.959636], [27.868562, -16.929663], [28.113922, -16.827551], [28.21252, -16.748589], [28.280113, -16.706524], [28.643295, -16.568755], [28.73285, -16.55811], [28.769282, -16.515218], [28.808866, -16.486279], [28.822509, -16.470776], [28.829124, -16.434603], [28.857236, -16.388198], [28.857029, -16.36546], [28.836772, -16.306342], [28.86416, -16.231205], [28.847107, -16.202679], [28.870981, -16.087234], [28.857236, -16.060466], [28.877183, -16.022018], [28.932373, -15.963727], [28.972784, -15.951428], [29.042341, -15.946261], [29.086162, -15.884559], [29.150964, -15.848799], [29.186311, -15.812832], [29.406969, -15.714233], [29.508462, -15.703588], [29.563446, -15.662144], [29.587217, -15.655736], [29.648505, -15.666588], [29.672793, -15.663281], [29.837331, -15.614808], [30.010654, -15.646227], [30.130129, -15.623696], [30.16992, -15.632171], [30.207231, -15.653152], [30.254876, -15.628864], [30.32805, -15.652428], [30.356679, -15.651498], [30.396263, -15.635995], [30.402568, -16.001244], [30.857424, -15.998144], [30.901865, -16.007136], [30.973075, -16.062016], [30.989767, -16.06429], [31.012039, -16.054885], [31.056895, -16.017574], [31.080872, -16.025946], [31.089037, -16.01189], [31.1141, -15.996904], [31.259983, -16.023465], [31.29533, -16.041655], [31.328351, -16.092815], [31.37026, -16.123718], [31.384006, -16.148832], [31.404315, -16.149866], [31.404574, -16.162268], [31.465655, -16.167746], [31.519192, -16.196478], [31.686107, -16.207227], [31.710705, -16.217872], [31.818088, -16.319571], [31.871935, -16.35037], [31.88563, -16.406284], [31.894363, -16.421477], [31.910279, -16.428919], [32.014149, -16.444938], [32.211759, -16.440184], [32.290463, -16.45176], [32.671783, -16.599761], [32.687906, -16.624255], [32.698655, -16.686784], [32.731314, -16.708798], [32.769348, -16.695466], [32.893372, -16.712415], [32.968509, -16.681616], [32.933369, -16.815768], [32.916213, -16.847911], [32.828776, -16.935141], [32.954143, -17.167168], [32.973212, -17.297909], [32.983599, -17.317753], [33.021633, -17.345555], [33.016258, -17.377181], [32.958174, -17.478467], [32.936573, -17.498311], [32.951663, -17.551434], [33.006646, -17.580993], [33.020392, -17.598563], [33.024526, -17.619233], [33.004063, -17.675561], [32.999102, -17.794313], [32.957037, -17.817981], [32.946082, -17.834724], [32.936883, -17.875032], [32.952128, -17.940247], [32.927375, -17.972907], [32.941224, -17.996265], [32.93709, -18.047114], [32.972282, -18.150261], [32.975537, -18.183333], [32.952283, -18.233046], [32.95497, -18.256301], [33.034965, -18.332885], [33.042768, -18.352005], [32.985356, -18.412467], [33.003029, -18.446883], [32.996414, -18.46714], [32.88314, -18.522124], [32.870737, -18.535767], [32.871668, -18.57318], [32.92231, -18.693173], [32.920243, -18.726246], [32.902518, -18.774512], [32.885207, -18.787844], [32.787642, -18.791255], [32.69142, -18.83425], [32.696794, -18.897192], [32.71576, -18.919826], [32.682532, -18.942667], [32.681085, -18.954966], [32.691058, -19.01429], [32.698965, -19.022249], [32.723873, -19.026589], [32.785988, -19.017701], [32.814203, -19.023799], [32.830223, -19.059146], [32.855906, -19.083744], [32.862262, -19.118057], [32.828673, -19.284558], [32.806142, -19.323419], [32.768831, -19.363623], [32.763354, -19.463979], [32.773947, -19.475864], [32.825365, -19.479172], [32.832187, -19.500876], [32.829603, -19.623659], [32.81627, -19.652081], [32.819629, -19.674302], [32.83105, -19.685154], [32.872184, -19.690218], [32.894715, -19.684327], [32.924584, -19.655285], [32.943188, -19.64929], [32.960964, -19.658799], [32.954143, -19.717813], [32.962411, -19.735383], [33.032795, -19.784166], [33.021322, -19.868088], [33.001995, -19.927], [32.998378, -20.000897], [33.007266, -20.032006], [32.95373, -20.030249], [32.940087, -20.041515], [32.926548, -20.086473], [32.88531, -20.10301], [32.877869, -20.151689], [32.857095, -20.200575], [32.86557, -20.228893], [32.852961, -20.273852], [32.735862, -20.414205], [32.671783, -20.531821], [32.646462, -20.557969], [32.513136, -20.564583], [32.481614, -20.603031], [32.469108, -20.68685], [32.49722, -20.898103], [32.491019, -20.936344], [32.467661, -20.980165], [32.339814, -21.134058], [32.368856, -21.162997], [32.380638, -21.165477], [32.37175, -21.187905], [32.447197, -21.313685], [32.408543, -21.290327], [31.433822, -22.302048], [31.288922, -22.39734], [31.255642, -22.357962], [31.213474, -22.36189], [31.152599, -22.316414], [31.087642, -22.336878], [30.927187, -22.295744], [30.83789, -22.282308], [30.805282, -22.294504], [30.693919, -22.302772], [30.632424, -22.330677], [30.601108, -22.316414], [30.488454, -22.310213], [30.412696, -22.336878], [30.334975, -22.344733], [30.300765, -22.336982], [30.2217, -22.290886], [30.13509, -22.293574], [30.082587, -22.262878], [30.038145, -22.253783], [30.005279, -22.22226], [29.946678, -22.198282], [29.837331, -22.172444], [29.758886, -22.130896], [29.679614, -22.138338], [29.661424, -22.126452], [29.641064, -22.129242], [29.60396, -22.145055], [29.551043, -22.145986], [29.53182, -22.172444], [29.456889, -22.158801], [29.378031, -22.192908], [29.356947, -22.190944], [29.273644, -22.125108], [29.239331, -22.072605], [29.144867, -22.075292], [29.10797, -22.069194], [29.070763, -22.051004], [29.040532, -22.020929], [29.021567, -21.982791], [29.013815, -21.940417], [29.017949, -21.898145], [29.057637, -21.829209], [29.05526, -21.809985], [29.038723, -21.797893], [28.980846, -21.774845], [28.860853, -21.757379], [28.66841, -21.679968], [28.6157, -21.647101], [28.553998, -21.636559], [28.464598, -21.660331], [28.321919, -21.603486], [28.165702, -21.595218], [28.032893, -21.577855], [27.990415, -21.551913], [27.970571, -21.514396], [27.953208, -21.510469], [27.954448, -21.487835], [27.939876, -21.478016], [27.953001, -21.448664], [27.950211, -21.438329], [27.920549, -21.381174], [27.897811, -21.35544], [27.8944, -21.32433], [27.884995, -21.310171], [27.793838, -21.197413], [27.709192, -21.134471], [27.666611, -21.071219], [27.680356, -20.979649], [27.672657, -20.923528], [27.676016, -20.866684], [27.694412, -20.837745], [27.709605, -20.756716], [27.707332, -20.716719], [27.682475, -20.637344], [27.702629, -20.566134], [27.705575, -20.526653], [27.698133, -20.509083], [27.66599, -20.489136], [27.625786, -20.488619], [27.590853, -20.473323], [27.534112, -20.483038], [27.45391, -20.473323], [27.340739, -20.473013], [27.306012, -20.477354], [27.268392, -20.49575], [27.283998, -20.35147], [27.266015, -20.234164], [27.201781, -20.092984], [27.16292, -20.076551], [27.097343, -20.068903], [27.060136, -20.027562], [27.02665, -20.010095], [26.925054, -20.000897], [26.811882, -19.94643], [26.730957, -19.935888], [26.713904, -19.927413], [26.673803, -19.883385], [26.595565, -19.855583], [26.581922, -19.842147], [26.566316, -19.800806], [26.549263, -19.784063], [26.508852, -19.759258], [26.431854, -19.73652], [26.385242, -19.679056], [26.312171, -19.651358], [26.333462, -19.613014], [26.30349, -19.577254], [26.194452, -19.5602], [26.155488, -19.537153], [26.13027, -19.501082], [26.034359, -19.243734], [25.948576, -19.103277], [25.948059, -19.058732], [25.9678, -19.000958], [25.940721, -18.921273], [25.815251, -18.813993], [25.779491, -18.738752], [25.773393, -18.665578], [25.761921, -18.630335], [25.669523, -18.566049], [25.622084, -18.501143], [25.574439, -18.465693], [25.508499, -18.399134], [25.490516, -18.365545], [25.473204, -18.303429], [25.440855, -18.2532], [25.387525, -18.138995], [25.323446, -18.09662], [25.296368, -18.068612], [25.255026, -18.001122], [25.226088, -17.931876], [25.21937, -17.879786], [25.259781, -17.794107], [25.335538, -17.841235]]]}}, {"type": "Feature", "properties": {"name": "Mozambique"}, "geometry": {"type": "MultiPolygon", "coordinates": [[[[32.117398, -26.582252], [32.107063, -26.500293], [32.059831, -26.414821], [32.039884, -26.283666], [32.081432, -26.14879], [32.057454, -26.0412], [32.070579, -26.009781], [32.00402, -25.994381], [31.949243, -25.958104], [31.905835, -25.812997], [31.954411, -25.684943], [31.991618, -25.650216], [31.995752, -25.636884], [31.986399, -25.552444], [31.9664, -25.479684], [31.971671, -25.421496], [31.988724, -25.37261], [31.983763, -24.569145], [31.991928, -24.500416], [31.986554, -24.423108], [31.961335, -24.346316], [31.869455, -24.163795], [31.850438, -23.930631], [31.755198, -23.857767], [31.700628, -23.749092], [31.662026, -23.624035], [31.642285, -23.587861], [31.54627, -23.492363], [31.527615, -23.45681], [31.521466, -23.415572], [31.542446, -23.187266], [31.536349, -23.156983], [31.279103, -22.415323], [31.288922, -22.39734], [31.433822, -22.302048], [32.408543, -21.290327], [32.447197, -21.313685], [32.37175, -21.187905], [32.380638, -21.165477], [32.368856, -21.162997], [32.339814, -21.134058], [32.467661, -20.980165], [32.491019, -20.936344], [32.49722, -20.898103], [32.469108, -20.68685], [32.481614, -20.603031], [32.513136, -20.564583], [32.646462, -20.557969], [32.671783, -20.531821], [32.735862, -20.414205], [32.852961, -20.273852], [32.86557, -20.228893], [32.857095, -20.200575], [32.877869, -20.151689], [32.88531, -20.10301], [32.926548, -20.086473], [32.940087, -20.041515], [32.95373, -20.030249], [33.007266, -20.032006], [32.998378, -20.000897], [33.001995, -19.927], [33.021322, -19.868088], [33.032795, -19.784166], [32.962411, -19.735383], [32.954143, -19.717813], [32.960964, -19.658799], [32.943188, -19.64929], [32.924584, -19.655285], [32.894715, -19.684327], [32.872184, -19.690218], [32.83105, -19.685154], [32.819629, -19.674302], [32.81627, -19.652081], [32.829603, -19.623659], [32.832187, -19.500876], [32.825365, -19.479172], [32.773947, -19.475864], [32.763354, -19.463979], [32.768831, -19.363623], [32.806142, -19.323419], [32.828673, -19.284558], [32.862262, -19.118057], [32.855906, -19.083744], [32.830223, -19.059146], [32.814203, -19.023799], [32.785988, -19.017701], [32.723873, -19.026589], [32.698965, -19.022249], [32.691058, -19.01429], [32.681085, -18.954966], [32.682532, -18.942667], [32.71576, -18.919826], [32.696794, -18.897192], [32.69142, -18.83425], [32.787642, -18.791255], [32.885207, -18.787844], [32.902518, -18.774512], [32.920243, -18.726246], [32.92231, -18.693173], [32.871668, -18.57318], [32.870737, -18.535767], [32.88314, -18.522124], [32.996414, -18.46714], [33.003029, -18.446883], [32.985356, -18.412467], [33.042768, -18.352005], [33.034965, -18.332885], [32.95497, -18.256301], [32.952283, -18.233046], [32.975537, -18.183333], [32.972282, -18.150261], [32.93709, -18.047114], [32.941224, -17.996265], [32.927375, -17.972907], [32.952128, -17.940247], [32.936883, -17.875032], [32.946082, -17.834724], [32.957037, -17.817981], [32.999102, -17.794313], [33.004063, -17.675561], [33.024526, -17.619233], [33.020392, -17.598563], [33.006646, -17.580993], [32.951663, -17.551434], [32.936573, -17.498311], [32.958174, -17.478467], [33.016258, -17.377181], [33.021633, -17.345555], [32.983599, -17.317753], [32.973212, -17.297909], [32.954143, -17.167168], [32.828776, -16.935141], [32.916213, -16.847911], [32.933369, -16.815768], [32.968509, -16.681616], [32.893372, -16.712415], [32.769348, -16.695466], [32.731314, -16.708798], [32.698655, -16.686784], [32.687906, -16.624255], [32.671783, -16.599761], [32.290463, -16.45176], [32.211759, -16.440184], [32.014149, -16.444938], [31.910279, -16.428919], [31.894363, -16.421477], [31.88563, -16.406284], [31.871935, -16.35037], [31.818088, -16.319571], [31.710705, -16.217872], [31.686107, -16.207227], [31.519192, -16.196478], [31.465655, -16.167746], [31.404574, -16.162268], [31.404315, -16.149866], [31.384006, -16.148832], [31.37026, -16.123718], [31.328351, -16.092815], [31.29533, -16.041655], [31.259983, -16.023465], [31.1141, -15.996904], [31.089037, -16.01189], [31.080872, -16.025946], [31.056895, -16.017574], [31.012039, -16.054885], [30.989767, -16.06429], [30.973075, -16.062016], [30.901865, -16.007136], [30.857424, -15.998144], [30.402568, -16.001244], [30.396263, -15.635995], [30.412696, -15.627934], [30.395953, -15.590623], [30.367428, -15.561271], [30.365257, -15.547422], [30.392852, -15.480759], [30.371768, -15.439832], [30.369185, -15.374719], [30.357919, -15.335652], [30.334871, -15.304749], [30.287949, -15.278911], [30.263145, -15.231266], [30.225834, -15.106312], [30.214465, -14.981462], [30.318438, -14.966992], [30.48556, -14.885964], [30.815772, -14.768245], [31.410878, -14.633576], [31.496661, -14.60257], [31.658408, -14.519578], [32.033269, -14.398758], [32.108768, -14.364858], [32.227366, -14.33902], [33.202707, -14.013872], [33.280221, -14.060794], [33.29128, -14.089216], [33.290557, -14.156913], [33.32394, -14.206315], [33.354325, -14.225332], [33.439178, -14.380671], [33.470287, -14.414468], [33.525788, -14.444337], [33.545942, -14.481647], [33.595758, -14.511413], [33.62449, -14.578075], [33.64485, -14.601743], [33.66242, -14.607014], [33.672239, -14.600193], [33.684073, -14.518751], [33.699214, -14.49622], [33.720401, -14.489709], [33.774196, -14.530016], [33.802412, -14.532807], [33.888918, -14.488158], [33.916307, -14.481337], [34.050769, -14.495186], [34.077537, -14.454672], [34.109576, -14.441443], [34.18244, -14.439479], [34.281349, -14.404959], [34.312872, -14.404236], [34.344084, -14.387389], [34.372093, -14.401962], [34.426456, -14.497564], [34.501801, -14.575698], [34.51813, -14.607428], [34.519371, -14.640811], [34.505831, -14.700342], [34.542832, -14.796253], [34.5511, -14.918313], [34.584173, -14.984459], [34.582312, -15.001305], [34.548723, -15.057633], [34.559885, -15.095667], [34.548309, -15.123675], [34.569083, -15.27116], [34.565156, -15.297308], [34.546759, -15.32325], [34.496633, -15.36273], [34.480407, -15.412857], [34.460253, -15.424845], [34.440616, -15.455541], [34.410127, -15.481276], [34.419118, -15.575327], [34.415914, -15.615118], [34.404029, -15.646847], [34.34181, -15.730873], [34.293338, -15.75113], [34.247139, -15.794125], [34.23639, -15.81924], [34.233186, -15.88983], [34.244039, -15.917632], [34.304293, -15.952152], [34.404546, -16.059742], [34.40899, -16.087854], [34.385219, -16.186453], [34.426456, -16.273889], [34.44599, -16.293216], [34.524745, -16.300761], [34.547069, -16.323085], [34.575078, -16.392332], [34.6374, -16.450519], [34.65497, -16.48938], [34.732071, -16.529171], [34.772998, -16.589736], [34.819507, -16.627769], [34.844622, -16.678412], [34.893508, -16.705698], [34.905497, -16.740838], [34.948078, -16.759338], [35.004509, -16.814631], [35.095769, -16.817319], [35.1183, -16.833442], [35.127499, -16.864448], [35.125122, -16.932867], [35.113443, -16.960256], [35.044403, -17.004697], [35.036548, -17.03591], [35.069104, -17.084072], [35.066004, -17.109807], [35.0813, -17.12407], [35.133907, -17.132028], [35.234779, -17.135335], [35.291933, -17.129341], [35.30754, -17.087586], [35.298651, -17.013586], [35.314361, -16.98227], [35.270953, -16.944236], [35.285112, -16.930077], [35.285215, -16.871062], [35.310227, -16.850598], [35.285112, -16.786726], [35.278187, -16.700737], [35.222997, -16.642136], [35.174318, -16.625496], [35.131943, -16.537646], [35.228165, -16.47026], [35.238707, -16.394089], [35.266198, -16.356468], [35.251936, -16.317814], [35.258757, -16.271512], [35.277154, -16.233995], [35.304956, -16.202059], [35.374616, -16.140977], [35.393426, -16.128575], [35.4358, -16.123924], [35.472904, -16.140151], [35.488717, -16.164645], [35.514555, -16.171363], [35.529025, -16.140771], [35.648604, -16.110592], [35.687051, -16.112659], [35.785133, -16.042275], [35.795675, -16.004965], [35.789681, -15.958663], [35.806734, -15.895824], [35.84053, -15.417197], [35.784203, -15.171838], [35.904299, -14.886894], [35.869882, -14.88555], [35.863268, -14.876662], [35.847248, -14.650422], [35.78689, -14.587894], [35.522824, -14.262746], [35.455748, -14.136965], [35.084091, -13.704227], [34.894438, -13.534728], [34.863122, -13.515815], [34.795426, -13.498761], [34.667475, -13.500932], [34.640603, -13.492354], [34.611458, -13.43582], [34.578178, -13.398406], [34.545312, -13.325749], [34.549343, -13.159092], [34.494463, -12.68739], [34.354006, -12.199461], [34.35876, -12.154399], [34.380051, -12.10386], [34.563812, -11.830905], [34.60443, -11.732616], [34.613938, -11.652724], [34.607117, -11.591126], [34.616729, -11.57831], [34.651249, -11.570042], [35.423501, -11.576553], [35.441175, -11.591436], [35.470114, -11.59216], [35.498742, -11.582341], [35.520136, -11.609109], [35.531505, -11.612727], [35.532745, -11.59557], [35.576257, -11.605182], [35.66483, -11.572006], [35.68023, -11.537589], [35.703381, -11.516505], [35.69563, -11.494594], [35.714026, -11.483846], [35.764256, -11.474854], [35.826371, -11.413462], [35.902025, -11.434546], [35.939749, -11.434133], [35.970341, -11.461211], [35.960833, -11.483536], [35.969825, -11.502449], [35.988532, -11.512164], [36.022225, -11.505653], [36.168055, -11.578724], [36.182628, -11.640012], [36.179218, -11.675565], [36.199681, -11.701507], [36.240919, -11.694582], [36.278746, -11.708845], [36.361222, -11.692412], [36.378068, -11.68094], [36.494857, -11.68094], [36.508707, -11.709775], [36.545707, -11.729412], [36.625702, -11.721351], [36.66725, -11.713392], [36.689677, -11.694582], [36.738047, -11.674738], [36.820109, -11.573556], [36.837059, -11.567975], [36.866307, -11.574176], [36.905892, -11.59278], [36.998392, -11.584615], [37.032395, -11.564874], [37.044384, -11.595674], [37.071566, -11.62916], [37.106499, -11.658099], [37.141639, -11.674738], [37.27021, -11.698406], [37.3408, -11.68094], [37.378318, -11.708845], [37.427824, -11.722591], [37.469681, -11.71949], [37.484771, -11.708845], [37.503788, -11.672671], [37.572931, -11.644146], [37.647758, -11.635981], [37.710907, -11.590403], [37.783667, -11.55888], [37.816947, -11.533558], [37.825112, -11.520226], [37.813226, -11.482295], [37.818497, -11.459868], [37.842475, -11.417803], [37.841028, -11.39982], [37.868417, -11.327783], [37.938077, -11.283961], [37.995334, -11.277553], [38.013628, -11.265461], [38.101167, -11.256469], [38.109332, -11.249648], [38.1669, -11.283755], [38.210411, -11.270009], [38.25661, -11.27714], [38.292474, -11.301635], [38.347664, -11.358789], [38.383114, -11.376669], [38.462386, -11.396306], [38.492255, -11.413462], [38.517163, -11.383077], [38.615658, -11.317241], [38.654209, -11.275796], [38.715083, -11.256469], [38.759732, -11.263187], [38.817816, -11.216265], [38.851923, -11.202829], [38.896261, -11.167689], [38.930057, -11.160041], [39.060799, -11.160145], [39.126221, -11.139681], [39.211591, -11.17389], [39.238152, -11.174201], [39.286625, -11.15415], [39.498498, -10.990646], [39.592756, -10.97938], [39.785819, -10.932562], [39.885968, -10.864452], [40.0, -10.814671570901172], [40.0, -16.209673163805324], [39.992361, -16.222426], [39.957774, -16.238539], [39.875255, -16.244806], [39.813324, -16.276951], [39.783376, -16.301935], [39.782563, -16.314874], [39.800629, -16.31992], [39.800629, -16.368259], [39.807953, -16.38893], [39.820649, -16.406671], [39.855968, -16.429783], [39.793793, -16.4638], [39.786388, -16.436456], [39.746104, -16.443292], [39.765961, -16.4638], [39.729015, -16.479181], [39.718272, -16.491143], [39.715099, -16.515069], [39.678396, -16.546075], [39.607677, -16.591892], [39.567393, -16.604425], [39.532563, -16.635837], [39.356212, -16.723891], [39.204356, -16.81699], [39.147472, -16.876642], [39.129161, -16.867852], [39.128917, -16.888116], [39.117931, -16.901788], [39.08074, -16.915704], [39.098318, -16.921808], [39.122325, -16.917413], [39.116222, -16.954767], [39.090505, -16.983819], [39.038585, -16.995294], [38.97047, -16.99627], [38.912608, -17.033868], [38.875499, -17.045587], [38.718272, -17.059666], [38.662934, -17.025567], [38.684906, -17.054132], [38.666759, -17.075372], [38.59547, -17.094415], [38.599783, -17.076104], [38.553071, -17.121759], [38.537446, -17.121515], [38.512218, -17.104669], [38.500336, -17.118585], [38.505382, -17.135431], [38.22283, -17.243585], [38.172862, -17.28753], [38.155935, -17.286798], [38.137706, -17.263849], [38.136241, -17.196466], [38.121755, -17.176935], [38.128591, -17.197442], [38.11671, -17.201918], [38.080821, -17.190688], [38.129649, -17.256606], [38.108084, -17.273207], [38.12794, -17.28631], [38.104747, -17.303643], [38.039887, -17.327813], [37.908865, -17.355157], [37.724457, -17.468357], [37.714366, -17.469985], [37.717052, -17.456964], [37.692068, -17.467055], [37.615245, -17.523858], [37.580577, -17.518976], [37.555919, -17.545668], [37.427419, -17.618748], [37.38559, -17.65488], [37.371104, -17.658461], [37.36085, -17.649998], [37.333995, -17.681085], [37.28297, -17.690606], [37.267833, -17.720392], [37.242198, -17.736505], [37.212413, -17.74505], [37.189464, -17.738702], [37.185069, -17.775649], [37.156586, -17.810235], [37.086436, -17.869073], [37.01352, -17.985528], [36.98406, -18.012384], [36.977224, -17.985121], [36.970388, -17.991957], [36.952647, -17.969496], [36.91505, -17.94492], [36.908376, -17.903253], [36.88795, -17.881036], [36.859141, -17.87127], [36.832774, -17.877618], [36.819591, -17.903253], [36.851736, -17.882908], [36.873546, -17.899021], [36.907481, -18.014418], [36.940929, -18.022231], [36.977224, -18.046563], [36.946625, -18.101821], [36.906993, -18.144708], [36.88738, -18.18906], [36.826427, -18.177504], [36.811209, -18.186944], [36.785411, -18.23211], [36.847504, -18.198012], [36.766287, -18.300226], [36.725597, -18.33294], [36.631684, -18.437677], [36.584972, -18.478936], [36.552013, -18.486017], [36.538341, -18.540704], [36.511078, -18.527032], [36.517914, -18.553643], [36.472911, -18.55641], [36.479503, -18.57643], [36.417491, -18.688735], [36.401866, -18.711358], [36.401622, -18.689386], [36.396251, -18.686456], [36.384288, -18.698663], [36.372406, -18.741795], [36.389903, -18.740411], [36.388194, -18.732517], [36.401866, -18.739353], [36.416189, -18.774998], [36.407481, -18.784845], [36.358897, -18.804132], [36.295421, -18.780206], [36.272227, -18.758477], [36.238129, -18.694106], [36.236827, -18.72503], [36.264171, -18.830255], [36.250336, -18.862888], [36.265473, -18.870212], [36.266938, -18.890883], [36.244314, -18.883233], [36.146739, -18.900486], [36.131847, -18.886326], [36.126964, -18.828709], [36.133067, -18.804132], [36.12379, -18.800714], [36.108572, -18.805922], [36.03061, -18.905694], [36.009532, -18.920831], [35.976736, -18.9249], [35.982758, -18.904555], [35.978852, -18.893731], [35.968923, -18.892999], [35.956798, -18.903741], [35.940766, -18.95322], [35.928966, -18.965102], [35.907481, -18.969822], [35.873546, -18.944106], [35.855317, -18.951349], [35.846934, -18.968927], [35.850271, -18.978692], [35.873546, -18.972589], [35.867442, -18.988458], [35.723399, -19.082452], [35.688731, -19.122817], [35.676117, -19.119806], [35.662283, -19.132989], [35.64088, -19.170668], [35.668224, -19.163832], [35.668224, -19.170668], [35.614024, -19.205743], [35.565196, -19.252618], [35.585704, -19.252618], [35.532725, -19.315199], [35.505219, -19.325372], [35.493175, -19.352472], [35.441661, -19.417657], [35.339854, -19.520685], [35.222504, -19.610121], [35.126801, -19.705011], [35.067068, -19.726007], [35.012543, -19.779474], [34.98227, -19.801365], [34.973155, -19.790948], [34.934581, -19.829278], [34.880056, -19.863377], [34.840017, -19.844415], [34.82309, -19.786716], [34.764985, -19.739841], [34.705821, -19.71559], [34.666352, -19.659275], [34.642914, -19.643813], [34.62672, -19.59588], [34.583507, -19.577895], [34.553233, -19.582289], [34.530447, -19.623712], [34.582042, -19.602716], [34.61378, -19.611586], [34.638845, -19.669529], [34.691905, -19.742934], [34.735037, -19.756768], [34.777599, -19.815037], [34.757579, -19.869073], [34.735118, -19.886895], [34.709239, -19.883884], [34.711762, -19.901056], [34.743337, -19.890069], [34.764822, -19.903253], [34.757009, -19.931736], [34.764985, -19.993097], [34.748871, -20.026788], [34.757009, -20.083103], [34.776866, -20.135024], [34.774913, -20.152114], [34.756521, -20.180352], [34.705821, -20.157485], [34.663829, -20.167087], [34.655284, -20.151462], [34.655284, -20.171808], [34.670746, -20.188572], [34.743337, -20.226495], [34.70574, -20.310968], [34.679942, -20.346938], [34.703461, -20.362481], [34.698741, -20.373224], [34.670177, -20.38836], [34.64031, -20.376072], [34.664561, -20.428481], [34.709239, -20.445571], [34.716319, -20.466974], [34.712657, -20.497166], [34.673106, -20.528904], [34.668305, -20.541111], [34.70338, -20.523858], [34.739919, -20.524347], [34.749685, -20.560154], [34.764985, -20.548598], [34.773123, -20.569513], [34.83253, -20.612074], [34.851817, -20.670831], [34.880382, -20.651137], [34.893565, -20.658461], [34.892589, -20.674249], [34.868012, -20.694431], [34.872406, -20.713067], [34.886078, -20.698826], [34.907888, -20.69256], [34.955577, -20.695977], [34.993337, -20.730157], [34.996593, -20.780694], [35.016124, -20.77516], [35.023936, -20.794366], [35.003429, -20.825453], [35.009613, -20.842869], [35.051931, -20.883884], [35.039806, -20.909112], [35.037608, -20.938409], [35.079763, -20.913751], [35.106456, -20.930434], [35.113292, -20.945896], [35.107758, -20.964125], [35.120128, -20.966404], [35.09962, -21.007908], [35.077647, -21.000177], [35.069021, -21.005548], [35.068533, -21.025079], [35.085948, -21.027765], [35.086925, -21.033868], [35.078787, -21.085056], [35.048106, -21.096612], [35.024913, -21.084893], [35.016449, -21.111098], [35.057953, -21.137628], [35.051931, -21.151951], [35.055431, -21.179376], [35.06544, -21.18613], [35.059418, -21.197931], [35.085948, -21.213311], [35.088552, -21.227309], [35.047537, -21.252862], [35.072276, -21.267999], [35.072276, -21.321954], [35.097179, -21.297133], [35.126964, -21.178643], [35.121349, -21.260675], [35.111827, -21.289646], [35.120128, -21.377211], [35.151622, -21.453871], [35.21225, -21.551446], [35.240001, -21.57586], [35.271007, -21.644138], [35.268565, -21.773614], [35.277843, -21.816664], [35.31186, -21.894627], [35.335785, -22.089125], [35.305675, -22.388604], [35.311534, -22.413018], [35.360362, -22.439874], [35.394054, -22.487726], [35.400645, -22.477146], [35.397797, -22.433364], [35.405121, -22.418552], [35.427989, -22.405694], [35.404633, -22.369399], [35.391124, -22.320571], [35.39088, -22.27158], [35.408051, -22.23447], [35.404552, -22.21795], [35.414887, -22.206476], [35.435883, -22.242771], [35.449067, -22.226821], [35.414887, -22.179132], [35.441661, -22.138279], [35.441417, -22.119561], [35.477387, -22.091485], [35.496837, -22.096612], [35.500824, -22.106052], [35.496837, -22.141534], [35.517345, -22.310154], [35.529063, -22.275811], [35.532888, -22.219985], [35.544688, -22.179132], [35.551443, -22.179132], [35.537852, -22.302667], [35.542247, -22.409926], [35.492686, -22.564874], [35.489431, -22.690037], [35.520763, -22.907647], [35.537852, -22.946954], [35.551443, -22.91961], [35.585134, -22.927179], [35.593272, -22.921808], [35.585704, -22.905938], [35.60613, -22.914727], [35.600922, -22.943617], [35.542491, -23.042169], [35.478526, -23.176853], [35.478038, -23.218032], [35.489431, -23.275323], [35.482188, -23.317315], [35.424083, -23.480645], [35.408051, -23.611017], [35.405772, -23.717218], [35.390391, -23.747979], [35.380138, -23.727716], [35.381602, -23.677667], [35.340343, -23.676202], [35.360362, -23.693617], [35.367198, -23.727716], [35.355724, -23.785903], [35.353526, -23.851821], [35.339854, -23.886], [35.346039, -23.923272], [35.332367, -23.964532], [35.341156, -23.963637], [35.387706, -23.912693], [35.371593, -23.878188], [35.369965, -23.859796], [35.380138, -23.844415], [35.394786, -23.841892], [35.435395, -23.871759], [35.466075, -23.880141], [35.479991, -23.801039], [35.475841, -23.782403], [35.516775, -23.791762], [35.527354, -23.802992], [35.531993, -23.847345], [35.543224, -23.863214], [35.485688, -24.036391], [35.485362, -24.069757], [35.496837, -24.101332], [35.458751, -24.166599], [35.304373, -24.375746], [35.191173, -24.489028], [35.180675, -24.530694], [35.106456, -24.597914], [34.648936, -24.812758], [34.482677, -24.851251], [34.212169, -24.952732], [34.156505, -24.96087], [33.729177, -25.105076], [33.585216, -25.174574], [33.464692, -25.213149], [33.317638, -25.287042], [33.277192, -25.296808], [33.277192, -25.289972], [33.310069, -25.273126], [33.33253, -25.248468], [33.319184, -25.252374], [33.257579, -25.288344], [33.21461, -25.297296], [33.221446, -25.318048], [33.241954, -25.309828], [33.227306, -25.331964], [33.153087, -25.365818], [32.872732, -25.543878], [32.792328, -25.640069], [32.769542, -25.681736], [32.751313, -25.745864], [32.737315, -25.767348], [32.74464, -25.81699], [32.739919, -25.82586], [32.734711, -25.803969], [32.728526, -25.803969], [32.704275, -25.824151], [32.687022, -25.885919], [32.591482, -25.969008], [32.516612, -25.949965], [32.485199, -25.965427], [32.476817, -25.984552], [32.491384, -26.014093], [32.501964, -26.009454], [32.501964, -25.972101], [32.54713, -25.978936], [32.564138, -26.009454], [32.605724, -26.03045], [32.628917, -26.075291], [32.650727, -26.093357], [32.680837, -26.188165], [32.69809, -26.173435], [32.748057, -26.191502], [32.784434, -26.225681], [32.811697, -26.268487], [32.842459, -26.28867], [32.879405, -26.27752], [32.868826, -26.219415], [32.894786, -26.114679], [32.915294, -26.094415], [32.954438, -26.078871], [32.929454, -26.266046], [32.918224, -26.544203], [32.893077, -26.654229], [32.899262, -26.695245], [32.893077, -26.774347], [32.879405, -26.811944], [32.893077, -26.846124], [32.352216, -26.860272], [32.223025, -26.841358], [32.143185, -26.845699], [32.113884, -26.840014], [32.117398, -26.582252]], [[34.680911, -12.009395], [34.6559, -12.076264], [34.65621, -12.097245], [34.669026, -12.117812], [34.688973, -12.12453], [34.732484, -12.109027], [34.759253, -12.065619], [34.762353, -12.040298], [34.754188, -12.020144], [34.738272, -12.009498], [34.69414, -12.000403], [34.680911, -12.009395]], [[34.541798, -11.994616], [34.544072, -12.011359], [34.596058, -12.071924], [34.611148, -12.072544], [34.631715, -12.052493], [34.641224, -12.01787], [34.627478, -11.987278], [34.598436, -11.970534], [34.561642, -11.978596], [34.541798, -11.994616]]], [[[32.895356, -26.028416], [32.918305, -26.001397], [32.982595, -25.969008], [32.961274, -26.044122], [32.949392, -26.053969], [32.926768, -26.028253], [32.913585, -26.03045], [32.906749, -26.057794], [32.895356, -26.028416]]], [[[35.480968, -21.529555], [35.490001, -21.530206], [35.496837, -21.569594], [35.490733, -21.64186], [35.455333, -21.781345], [35.434906, -21.782892], [35.426606, -21.748956], [35.437511, -21.672947], [35.469574, -21.549086], [35.480968, -21.529555]]], [[[39.943577, -16.279272], [39.946372, -16.302192], [39.941801, -16.322479], [39.915148, -16.348977], [39.903302, -16.409806], [39.878476, -16.41689], [39.832455, -16.390517], [39.817702, -16.35618], [39.821337, -16.317412], [39.832347, -16.299773], [39.909537, -16.275827], [39.943577, -16.279272]]]]}}, {"type": "Feature", "properties": {"name": "eSwatini"}, "geometry": {"type": "Polygon", "coordinates": [[[32.00402, -25.994381], [32.070579, -26.009781], [32.057454, -26.0412], [32.081432, -26.14879], [32.039884, -26.283666], [32.052338, -26.386812], [32.059831, -26.414821], [32.107063, -26.500293], [32.117398, -26.582252], [32.113884, -26.840014], [32.073163, -26.811386], [31.990068, -26.808285], [31.992238, -26.838257], [31.942112, -27.10067], [31.947383, -27.255493], [31.96826, -27.316264], [31.52653, -27.31089], [31.459454, -27.298694], [31.141954, -27.196478], [31.078754, -27.11824], [30.976073, -27.035041], [30.953645, -27.000315], [30.949408, -26.975407], [30.960983, -26.911224], [30.955092, -26.891381], [30.902589, -26.831333], [30.880213, -26.772215], [30.836443, -26.805081], [30.80244, -26.808905], [30.785697, -26.716921], [30.782906, -26.472388], [30.804559, -26.397457], [30.969871, -26.209148], [31.037774, -26.100111], [31.119836, -25.910045], [31.309282, -25.757393], [31.372017, -25.736412], [31.401473, -25.735999], [31.426898, -25.743647], [31.834573, -25.982082], [31.863357, -25.989937], [31.949243, -25.958104], [32.00402, -25.994381]]]}}, {"type": "Feature", "properties": {"name": "Lesotho"}, "geometry": {"type": "Polygon", "coordinates": [[[29.040532, -28.922988], [29.049679, -28.933013], [29.055776, -28.965363], [29.125953, -28.992441], [29.208429, -29.068922], [29.311781, -29.089799], [29.316846, -29.147367], [29.357463, -29.183334], [29.375964, -29.235527], [29.413997, -29.290304], [29.415031, -29.318933], [29.435908, -29.342394], [29.413739, -29.380118], [29.41255, -29.410297], [29.399528, -29.430347], [29.303823, -29.466831], [29.282739, -29.485641], [29.275143, -29.532253], [29.282016, -29.556128], [29.296279, -29.571631], [29.279949, -29.581449], [29.278605, -29.613592], [29.26734, -29.626098], [29.190342, -29.646871], [29.1613, -29.666922], [29.113757, -29.750121], [29.105799, -29.825569], [29.132981, -29.852027], [29.150654, -29.911145], [29.144246, -29.919723], [29.09412, -29.936259], [28.979447725872642, -30.0], [27.2251244032897, -30.0], [27.198835, -29.978531], [27.080135, -29.735135], [27.050989, -29.696791], [27.002155, -29.666508], [27.022412, -29.616176], [27.032954, -29.616176], [27.042359, -29.628061], [27.062203, -29.600156], [27.072022, -29.599949], [27.085871, -29.614419], [27.128142, -29.578555], [27.263121, -29.541141], [27.302498, -29.518094], [27.316038, -29.487191], [27.350247, -29.480267], [27.365544, -29.446677], [27.417634, -29.396551], [27.41908, -29.383838], [27.406265, -29.363995], [27.445849, -29.331955], [27.45329, -29.291648], [27.528893, -29.260952], [27.521503, -29.21651], [27.555713, -29.195426], [27.61297, -29.133828], [27.635605, -29.096621], [27.630747, -29.07254], [27.637517, -29.065718], [27.64439, -29.07254], [27.664957, -29.065718], [27.63917, -29.035333], [27.667489, -29.026651], [27.699063, -28.990581], [27.711672, -28.990994], [27.720147, -28.945932], [27.754771, -28.925468], [27.747432, -28.908622], [27.861327, -28.915443], [27.887992, -28.904901], [27.91166, -28.86077], [27.926233, -28.853431], [27.945043, -28.855499], [27.977496, -28.880717], [28.013566, -28.878443], [28.018734, -28.856842], [28.154953, -28.70233], [28.23071, -28.699539], [28.250864, -28.707394], [28.297063, -28.706877], [28.33644, -28.684656], [28.382949, -28.626469], [28.403413, -28.618924], [28.562473, -28.606522], [28.619421, -28.572415], [28.634303, -28.570761], [28.66655, -28.59722], [28.688977, -28.674424], [28.699519, -28.68848], [28.743857, -28.689514], [28.758637, -28.700469], [28.787679, -28.748735], [28.843696, -28.764755], [28.872842, -28.783565], [28.925862, -28.859529], [28.980846, -28.909035], [29.040532, -28.922988]]]}}, {"type": "Feature", "properties": {"name": "Fr. S. Antarctic Lands"}, "geometry": {"type": "Polygon", "coordinates": [[[39.729096, -21.441908], [39.73113, -21.444187], [39.728282, -21.444594], [39.729096, -21.441908]]]}}]}