{"type": "FeatureCollection", "features": [{"type": "Feature", "properties": {"name": "Salto", "country": "URY"}, "geometry": {"type": "Polygon", "coordinates": [[[-57.8013352, -30.7784042], [-57.8057614, -30.8835195], [-57.8095954, -30.9133178], [-57.8155223, -30.9220619], [-57.8226804, -30.9254593], [-57.8742069, -30.9208217], [-57.8885852, -30.9234952], [-57.9011014, -30.9320885], [-57.9070864, -30.9452273], [-57.9031274, -30.9623475], [-57.8812693, -30.9842967], [-57.8712426, -31.0026774], [-57.8649696, -31.0257496], [-57.8660069, -31.048072], [-57.8792059, -31.0881696], [-57.902973, -31.1087913], [-57.9082766, -31.1184635], [-57.9130774, -31.1461276], [-57.9071474, -31.2045108], [-57.9103963, -31.2189972], [-57.9290765, -31.2515971], [-57.9391943, -31.27611], [-57.9811224, -31.3191478], [-57.981951, -31.3358796], [-57.9963688, -31.3596117], [-57.9959229, -31.3636226], [-57.9913912, -31.3648012], [-57.979488, -31.3788692], [-57.9792415, -31.3858039], [-58.0093974, -31.4096584], [-58.0585221, -31.4344901], [-58.0814121, -31.4545674], [-58.0833574, -31.4673983], [-58.0805695, -31.4848396], [-58.0648655, -31.4982215], [-58.0340225, -31.5097186], [-58.0300451, -31.4961272], [-58.0198632, -31.4867144], [-57.9920341, -31.4872019], [-57.9776345, -31.4843722], [-57.9623452, -31.5044006], [-57.933783, -31.5015039], [-57.9317323, -31.4957453], [-57.9421493, -31.4941403], [-57.9532586, -31.4852505], [-57.9523374, -31.4703075], [-57.9574273, -31.4597245], [-57.9266119, -31.4707742], [-57.9203691, -31.4585752], [-57.8983527, -31.4588997], [-57.8900777, -31.453236], [-57.8804538, -31.4524653], [-57.8765081, -31.4574612], [-57.8798374, -31.4652839], [-57.8771924, -31.4680135], [-57.8585304, -31.4669965], [-57.8515884, -31.4623381], [-57.8464344, -31.4658353], [-57.8428035, -31.4742006], [-57.8294417, -31.4741744], [-57.8254724, -31.4806168], [-57.8118983, -31.478123], [-57.7997011, -31.4811827], [-57.7897931, -31.479456], [-57.7845746, -31.4752153], [-57.7799948, -31.481486], [-57.785118, -31.4923163], [-57.77329, -31.5082993], [-57.7759285, -31.5147984], [-57.7742747, -31.5186937], [-57.7533545, -31.526875], [-57.7557834, -31.5344914], [-57.746661, -31.5412936], [-57.7449307, -31.5576551], [-57.7385986, -31.5710066], [-57.7249161, -31.5725349], [-57.7206245, -31.5691711], [-57.7163073, -31.5713722], [-57.7089516, -31.5681473], [-57.7019693, -31.5713929], [-57.6936366, -31.5678973], [-57.679805, -31.580068], [-57.6668918, -31.5716336], [-57.6560608, -31.5781992], [-57.6459247, -31.569103], [-57.6329865, -31.5849894], [-57.6011879, -31.5837185], [-57.5909993, -31.5907494], [-57.5673259, -31.5930852], [-57.5420117, -31.6044964], [-57.5028239, -31.6345388], [-57.4639526, -31.651174], [-57.4280285, -31.6619359], [-57.4124073, -31.6629587], [-57.4033951, -31.6602483], [-57.3724102, -31.6655886], [-57.3603081, -31.6809942], [-57.3613381, -31.6855226], [-57.3475193, -31.687794], [-57.3383355, -31.7030498], [-57.3300957, -31.7087455], [-57.3139596, -31.7291885], [-57.2826313, -31.7337948], [-57.2497582, -31.7474374], [-57.234137, -31.7474374], [-57.2217774, -31.7595526], [-57.1986031, -31.7621798], [-57.1876168, -31.7602824], [-57.168734, -31.7776496], [-57.1515679, -31.7837784], [-57.1342301, -31.7840702], [-57.1129441, -31.7792548], [-57.0966362, -31.7858213], [-57.0490002, -31.7899871], [-57.0177578, -31.7818158], [-56.9866013, -31.7837784], [-56.9737267, -31.7939922], [-56.9514966, -31.7997625], [-56.9448876, -31.7979315], [-56.9362187, -31.8047228], [-56.9008564, -31.8047228], [-56.8797421, -31.7910084], [-56.833136, -31.7773577], [-56.8086743, -31.7840046], [-56.779406, -31.7847998], [-56.7536568, -31.8106237], [-56.7395806, -31.7989528], [-56.7331433, -31.7987412], [-56.7226719, -31.810558], [-56.7055916, -31.8147081], [-56.6984677, -31.823686], [-56.6779725, -31.8316242], [-56.6645479, -31.8252105], [-56.6539216, -31.8336694], [-56.6108346, -31.8408153], [-56.5935826, -31.8315546], [-56.5869736, -31.8316276], [-56.5766739, -31.8437318], [-56.5579628, -31.8535015], [-56.5405392, -31.8483325], [-56.5368261, -31.8614079], [-56.477797, -31.8625413], [-56.4724755, -31.8712885], [-56.4532494, -31.8712885], [-56.4387272, -31.8352429], [-56.4147541, -31.8299091], [-56.4039826, -31.8077061], [-56.389563, -31.7980774], [-56.3918722, -31.7702858], [-56.360634, -31.7590776], [-56.342579, -31.7486992], [-56.3017255, -31.7398546], [-56.3064789, -31.7341525], [-56.3162636, -31.6974999], [-56.3330006, -31.6860411], [-56.3364338, -31.6777146], [-56.3499951, -31.6700739], [-56.3384079, -31.6580566], [-56.3384355, -31.648869], [-56.3340711, -31.6387584], [-56.3395482, -31.6327821], [-56.3373847, -31.620536], [-56.3511509, -31.6187585], [-56.3655982, -31.6032018], [-56.3662171, -31.5949124], [-56.3626122, -31.5942837], [-56.3580632, -31.587031], [-56.3627839, -31.5814595], [-56.3593506, -31.5750248], [-56.3519692, -31.5668346], [-56.3387513, -31.5643481], [-56.3361763, -31.5513297], [-56.3250605, -31.5469888], [-56.3291382, -31.5321644], [-56.3234734, -31.5196609], [-56.321576, -31.502746], [-56.3150529, -31.4989844], [-56.3122296, -31.4868177], [-56.3011483, -31.4829851], [-56.258813, -31.4527441], [-56.2676743, -31.4393941], [-56.2659577, -31.4346633], [-56.2288789, -31.4251424], [-56.2046746, -31.4027719], [-56.2013272, -31.3890349], [-56.1957225, -31.3859648], [-56.1963147, -31.3731707], [-56.178982, -31.3498252], [-56.1865914, -31.3260944], [-56.1763131, -31.3213377], [-56.1711806, -31.3139611], [-56.1632508, -31.3073642], [-56.156041, -31.3059204], [-56.1538309, -31.3013874], [-56.1578864, -31.2983026], [-56.1540455, -31.2804389], [-56.1803913, -31.2590638], [-56.1849767, -31.2455884], [-56.178078, -31.2405259], [-56.1543297, -31.2352273], [-56.1450332, -31.2201905], [-56.136359, -31.220874], [-56.132766, -31.2157468], [-56.1049118, -31.206946], [-56.08186, -31.2072589], [-56.0701616, -31.1975441], [-56.07098, -31.1746407], [-56.0602197, -31.166612], [-56.051906, -31.1445076], [-56.0367998, -31.1243776], [-56.0260939, -31.1192115], [-56.0152291, -31.0990742], [-56.0151511, -31.0867611], [-56.0098875, -31.0826669], [-56.040615, -31.0564919], [-56.0682347, -31.0420922], [-56.0826255, -31.0132695], [-56.116181, -30.9993012], [-56.1414459, -30.9942263], [-56.1424272, -30.9553267], [-56.1659782, -30.9452078], [-56.1801454, -30.9314392], [-56.2203058, -30.9387453], [-56.2426456, -30.9261935], [-56.2552576, -30.9262579], [-56.2623062, -30.9154201], [-56.270664, -30.9153143], [-56.2837532, -30.9232069], [-56.2961728, -30.9233594], [-56.30673, -30.921445], [-56.3109357, -30.9154806], [-56.3364852, -30.9115129], [-56.3420645, -30.9144766], [-56.350948, -30.9090181], [-56.3529436, -30.9008712], [-56.362846, -30.8987448], [-56.3659547, -30.9009211], [-56.392479, -30.8872919], [-56.4039857, -30.8769884], [-56.4534682, -30.9020696], [-56.4567606, -30.9101782], [-56.4523942, -30.9201099], [-56.4528247, -30.928232], [-56.4597784, -30.9341883], [-56.4621817, -30.9409612], [-56.5044178, -30.9539637], [-56.5466962, -30.9887343], [-56.5699727, -30.9890866], [-56.5759809, -30.9862905], [-56.5965802, -31.0015943], [-56.6072232, -31.0058613], [-56.661307, -31.0089026], [-56.6834409, -31.0289585], [-56.701637, -31.0401372], [-56.734596, -31.0491087], [-56.7757947, -31.0538147], [-56.7950208, -31.0501382], [-56.8076007, -31.0515087], [-56.8126408, -31.0478564], [-56.8369062, -31.0427847], [-56.8607671, -31.0469027], [-56.9028621, -31.0344458], [-56.9474561, -31.0363131], [-56.9670255, -31.0426376], [-56.9863244, -31.0387831], [-57.0003047, -31.0473321], [-57.0485529, -31.0520147], [-57.070163, -31.0690641], [-57.0847852, -31.0589617], [-57.1259839, -31.0463144], [-57.1419484, -31.0364602], [-57.1637494, -31.0314591], [-57.1743924, -31.0257223], [-57.1812589, -31.0092453], [-57.1939618, -30.9989458], [-57.2104413, -30.9939427], [-57.2219426, -30.9742224], [-57.2392681, -30.9631893], [-57.2784629, -30.9614059], [-57.2864324, -30.9537376], [-57.2956298, -30.9514883], [-57.3105199, -30.9368307], [-57.3254655, -30.9314405], [-57.3566415, -30.9304955], [-57.4809797, -30.8499197], [-57.5173719, -30.8574355], [-57.5288732, -30.853604], [-57.5609739, -30.8642139], [-57.5815732, -30.8574355], [-57.6052625, -30.8289904], [-57.6236303, -30.8158704], [-57.6365924, -30.7942788], [-57.6772401, -30.7802485], [-57.6786397, -30.7747233], [-57.6929815, -30.7695675], [-57.6981937, -30.759428], [-57.7073605, -30.7540396], [-57.7188833, -30.7567409], [-57.7396733, -30.7449324], [-57.7546079, -30.7489157], [-57.771259, -30.741539], [-57.7753789, -30.7459651], [-57.7695424, -30.7592422], [-57.7698858, -30.7698625], [-57.8013352, -30.7784042]]]}}, {"type": "Feature", "properties": {"name": "Artigas", "country": "URY"}, "geometry": {"type": "Polygon", "coordinates": [[[-56.0098875, -31.0826669], [-56.0077632, -31.0714086], [-56.0183578, -31.0480752], [-56.0143637, -31.0211049], [-56.0181537, -31.0099223], [-56.0130451, -30.9897904], [-56.0070946, -30.9837254], [-56.0109387, -30.9788482], [-56.0057051, -30.973195], [-56.0112419, -30.9685262], [-56.0102414, -30.9566916], [-56.0128568, -30.9533729], [-56.0094709, -30.9473326], [-56.0151891, -30.9428033], [-56.0105103, -30.9378912], [-56.0103158, -30.9273389], [-56.0054742, -30.9224383], [-56.0112438, -30.9120427], [-56.0082007, -30.8942586], [-55.989596, -30.8585048], [-55.9919296, -30.8480822], [-56.0046839, -30.8394343], [-56.0043189, -30.8297757], [-56.0088121, -30.8200529], [-56.0167602, -30.8178341], [-56.0127068, -30.8067056], [-56.024406, -30.7987747], [-56.0210119, -30.7911315], [-56.0224069, -30.7856505], [-56.0352957, -30.7836138], [-56.0388208, -30.7748889], [-56.061837, -30.7745645], [-56.0665487, -30.7636669], [-56.0639876, -30.7607005], [-56.0662492, -30.7583212], [-56.0647223, -30.7508348], [-56.0682705, -30.7467955], [-56.0740368, -30.7450415], [-56.0885862, -30.7572475], [-56.0961925, -30.7529366], [-56.0968576, -30.7478757], [-56.1024178, -30.7441844], [-56.1067041, -30.731674], [-56.1179851, -30.7333728], [-56.1185256, -30.7368744], [-56.1238226, -30.7390363], [-56.1321851, -30.7319724], [-56.1280154, -30.7205535], [-56.1300969, -30.7162173], [-56.1363936, -30.7094631], [-56.1504896, -30.7047648], [-56.1500203, -30.6938988], [-56.1382582, -30.6877904], [-56.1374031, -30.6839346], [-56.143624, -30.6793101], [-56.1517124, -30.6802585], [-56.164541, -30.6664879], [-56.169632, -30.6531193], [-56.1645766, -30.6428208], [-56.1804834, -30.6322124], [-56.1824348, -30.6278126], [-56.1794788, -30.622266], [-56.1721442, -30.6197443], [-56.1707387, -30.6151738], [-56.1883212, -30.6045771], [-56.2192005, -30.6075087], [-56.2242277, -30.5969917], [-56.2340539, -30.5937742], [-56.2348255, -30.5878873], [-56.2238696, -30.5841695], [-56.2258152, -30.5783151], [-56.2356739, -30.5740713], [-56.2461009, -30.5747124], [-56.2551713, -30.587585], [-56.2609527, -30.585086], [-56.2616981, -30.5723399], [-56.2560509, -30.567119], [-56.2576583, -30.5619539], [-56.2653375, -30.5544158], [-56.2754163, -30.5605297], [-56.2815593, -30.5602067], [-56.2783325, -30.5532682], [-56.287931, -30.5410272], [-56.2893895, -30.5294337], [-56.2864021, -30.5279433], [-56.2919262, -30.5196737], [-56.2959667, -30.5255282], [-56.3065088, -30.5301115], [-56.3222416, -30.5313417], [-56.3359948, -30.5235855], [-56.3347879, -30.5116669], [-56.3489889, -30.5036692], [-56.3494, -30.4969561], [-56.3559121, -30.4912117], [-56.364474, -30.492085], [-56.3649479, -30.4964025], [-56.3598735, -30.4961587], [-56.3597041, -30.4997795], [-56.366631, -30.5027983], [-56.3817646, -30.4995564], [-56.3890374, -30.4933188], [-56.3838611, -30.4929397], [-56.3874959, -30.4902452], [-56.3858618, -30.4871003], [-56.395321, -30.4848788], [-56.3957186, -30.471996], [-56.4015237, -30.4743172], [-56.4060119, -30.4693421], [-56.4064741, -30.4596754], [-56.4013009, -30.4604023], [-56.3971262, -30.4494946], [-56.4085687, -30.4457151], [-56.4160542, -30.4309335], [-56.428573, -30.4347267], [-56.4394281, -30.4321079], [-56.4534482, -30.4225559], [-56.4443529, -30.4126544], [-56.4541803, -30.401286], [-56.4561176, -30.390729], [-56.4612643, -30.3848644], [-56.4768414, -30.389334], [-56.4837187, -30.3986636], [-56.4898716, -30.3984177], [-56.4962376, -30.3869333], [-56.50697, -30.3815737], [-56.5046213, -30.3711709], [-56.5186734, -30.3601715], [-56.5462777, -30.3602603], [-56.5441647, -30.352578], [-56.551104, -30.3423575], [-56.5368878, -30.334419], [-56.5411473, -30.3129069], [-56.5460512, -30.3111668], [-56.5564068, -30.3195277], [-56.5630224, -30.3112246], [-56.575869, -30.3030066], [-56.5742238, -30.2918434], [-56.5764377, -30.2888161], [-56.5975363, -30.2951503], [-56.6056663, -30.2924818], [-56.6123668, -30.2997101], [-56.6186953, -30.3005447], [-56.6209089, -30.2938494], [-56.6068176, -30.282621], [-56.6105655, -30.2656564], [-56.6148712, -30.2612111], [-56.6292476, -30.2660354], [-56.6396126, -30.2585256], [-56.6401408, -30.2550698], [-56.630909, -30.2548932], [-56.6244158, -30.2461545], [-56.6417414, -30.2337957], [-56.6495591, -30.2205123], [-56.6643526, -30.2218145], [-56.6679912, -30.2184467], [-56.6489433, -30.2116402], [-56.6451617, -30.207706], [-56.6462801, -30.2034565], [-56.6519452, -30.207167], [-56.6619223, -30.1976695], [-56.6787102, -30.2001871], [-56.6817103, -30.1944409], [-56.697355, -30.2049464], [-56.708048, -30.1885951], [-56.7053473, -30.1764182], [-56.7195314, -30.1798276], [-56.7294288, -30.1718808], [-56.76001, -30.1606801], [-56.775511, -30.1641306], [-56.7821128, -30.1586696], [-56.7846609, -30.1516702], [-56.7779182, -30.1338456], [-56.7802746, -30.1265353], [-56.800073, -30.1218115], [-56.8070476, -30.1038591], [-56.8175395, -30.1068529], [-56.8239525, -30.0960268], [-56.8410218, -30.0905603], [-56.8572047, -30.0891135], [-56.8711567, -30.094014], [-56.874429, -30.0863045], [-56.8863595, -30.0877341], [-56.8942378, -30.1040061], [-56.9049725, -30.1135498], [-56.9058154, -30.1075456], [-56.9155021, -30.1103462], [-56.91114, -30.1017412], [-56.9160272, -30.0971254], [-56.9314238, -30.0940095], [-56.9548445, -30.1011132], [-56.9763219, -30.0975907], [-56.9858765, -30.0872562], [-57.0222781, -30.0873118], [-57.0290505, -30.0932842], [-57.0316421, -30.1023878], [-57.0453687, -30.1055329], [-57.0571884, -30.0986256], [-57.067735, -30.101118], [-57.0672302, -30.0914995], [-57.0611113, -30.0886994], [-57.0704506, -30.0863111], [-57.0867888, -30.1005533], [-57.0921165, -30.112122], [-57.0856028, -30.1106998], [-57.0845817, -30.1138766], [-57.0906994, -30.1210879], [-57.0954021, -30.120841], [-57.0958269, -30.1145495], [-57.1081376, -30.1165229], [-57.1161214, -30.1140279], [-57.1141979, -30.1268859], [-57.1102468, -30.1286527], [-57.1046463, -30.1257349], [-57.1058672, -30.1352585], [-57.1166271, -30.1455296], [-57.1229088, -30.1409324], [-57.1295661, -30.1413638], [-57.1351182, -30.1579425], [-57.144239, -30.1662182], [-57.1451936, -30.1730316], [-57.1586466, -30.1852909], [-57.1593493, -30.1932384], [-57.1679753, -30.1980882], [-57.1681899, -30.2085335], [-57.1642127, -30.213105], [-57.1677418, -30.2175079], [-57.1624124, -30.2188665], [-57.1654708, -30.2235926], [-57.1553174, -30.2344952], [-57.1610353, -30.2419018], [-57.1679492, -30.2422855], [-57.168319, -30.2494115], [-57.1773292, -30.2515738], [-57.1961167, -30.2648994], [-57.2029964, -30.2849059], [-57.2208128, -30.2892782], [-57.2495359, -30.2893057], [-57.255131, -30.2815836], [-57.252674, -30.2738451], [-57.2597789, -30.267152], [-57.2683516, -30.2717461], [-57.269962, -30.2851642], [-57.2789517, -30.2933981], [-57.284, -30.294], [-57.295, -30.284], [-57.3057122, -30.2639644], [-57.3135012, -30.2578208], [-57.321, -30.271], [-57.341702, -30.2772614], [-57.353, -30.285], [-57.3578972, -30.2821581], [-57.3588803, -30.2727962], [-57.3652357, -30.2713129], [-57.3726515, -30.2748545], [-57.3798135, -30.2806833], [-57.392294, -30.3047374], [-57.4092113, -30.3002652], [-57.4202535, -30.3021456], [-57.4216632, -30.2909034], [-57.4148471, -30.2814684], [-57.4163159, -30.2783442], [-57.430302, -30.2747862], [-57.4515867, -30.276145], [-57.4648503, -30.2660521], [-57.4883303, -30.2679239], [-57.5007364, -30.2891936], [-57.5123467, -30.2851756], [-57.5243102, -30.2856931], [-57.5497483, -30.2737207], [-57.5550398, -30.2650865], [-57.5664853, -30.2589908], [-57.5675624, -30.2517418], [-57.5556062, -30.2298934], [-57.5608741, -30.2113426], [-57.6072227, -30.1901028], [-57.6320706, -30.1873893], [-57.6474386, -30.1948341], [-57.6492313, -30.201844], [-57.645115, -30.2115351], [-57.6200192, -30.2416614], [-57.61556, -30.2524814], [-57.6283825, -30.2888333], [-57.6368682, -30.3319668], [-57.647765, -30.3490148], [-57.7067124, -30.3928617], [-57.7726344, -30.4236354], [-57.7988368, -30.4505437], [-57.8592381, -30.4770096], [-57.8856198, -30.5009881], [-57.8922404, -30.5129977], [-57.8857122, -30.5548614], [-57.8870471, -30.5819433], [-57.878089, -30.5924206], [-57.8471041, -30.6125961], [-57.8335791, -30.6666589], [-57.8163765, -30.6821345], [-57.8037581, -30.7091987], [-57.8104089, -30.7356753], [-57.8013352, -30.7784042], [-57.7698858, -30.7698625], [-57.7695424, -30.7592422], [-57.7753789, -30.7459651], [-57.771259, -30.741539], [-57.7546079, -30.7489157], [-57.7396733, -30.7449324], [-57.7188833, -30.7567409], [-57.7073605, -30.7540396], [-57.6981937, -30.759428], [-57.6929815, -30.7695675], [-57.6786397, -30.7747233], [-57.6772401, -30.7802485], [-57.6365924, -30.7942788], [-57.6236303, -30.8158704], [-57.6052625, -30.8289904], [-57.5815732, -30.8574355], [-57.5609739, -30.8642139], [-57.5288732, -30.853604], [-57.5173719, -30.8574355], [-57.4809797, -30.8499197], [-57.3566415, -30.9304955], [-57.3254655, -30.9314405], [-57.3105199, -30.9368307], [-57.2956298, -30.9514883], [-57.2864324, -30.9537376], [-57.2784629, -30.9614059], [-57.2392681, -30.9631893], [-57.2219426, -30.9742224], [-57.2104413, -30.9939427], [-57.1939618, -30.9989458], [-57.1812589, -31.0092453], [-57.1743924, -31.0257223], [-57.1637494, -31.0314591], [-57.1419484, -31.0364602], [-57.1259839, -31.0463144], [-57.0847852, -31.0589617], [-57.070163, -31.0690641], [-57.0485529, -31.0520147], [-57.0003047, -31.0473321], [-56.9863244, -31.0387831], [-56.9670255, -31.0426376], [-56.9474561, -31.0363131], [-56.9028621, -31.0344458], [-56.8607671, -31.0469027], [-56.8369062, -31.0427847], [-56.8126408, -31.0478564], [-56.8076007, -31.0515087], [-56.7950208, -31.0501382], [-56.7757947, -31.0538147], [-56.734596, -31.0491087], [-56.701637, -31.0401372], [-56.6834409, -31.0289585], [-56.661307, -31.0089026], [-56.6072232, -31.0058613], [-56.5965802, -31.0015943], [-56.5759809, -30.9862905], [-56.5699727, -30.9890866], [-56.5466962, -30.9887343], [-56.5044178, -30.9539637], [-56.4621817, -30.9409612], [-56.4597784, -30.9341883], [-56.4528247, -30.928232], [-56.4523942, -30.9201099], [-56.4567606, -30.9101782], [-56.4534682, -30.9020696], [-56.4039857, -30.8769884], [-56.392479, -30.8872919], [-56.3659547, -30.9009211], [-56.362846, -30.8987448], [-56.3529436, -30.9008712], [-56.350948, -30.9090181], [-56.3420645, -30.9144766], [-56.3364852, -30.9115129], [-56.3109357, -30.9154806], [-56.30673, -30.921445], [-56.2961728, -30.9233594], [-56.2837532, -30.9232069], [-56.270664, -30.9153143], [-56.2623062, -30.9154201], [-56.2552576, -30.9262579], [-56.2426456, -30.9261935], [-56.2203058, -30.9387453], [-56.1801454, -30.9314392], [-56.1659782, -30.9452078], [-56.1424272, -30.9553267], [-56.1414459, -30.9942263], [-56.116181, -30.9993012], [-56.0826255, -31.0132695], [-56.0682347, -31.0420922], [-56.040615, -31.0564919], [-56.0098875, -31.0826669]]]}}, {"type": "Feature", "properties": {"name": "Canelones", "country": "URY"}, "geometry": {"type": "Polygon", "coordinates": [[[-56.391652, -34.4264334], [-56.4018057, -34.4422988], [-56.4010332, -34.4479879], [-56.4085649, -34.4556317], [-56.4168475, -34.4568791], [-56.4195297, -34.4659374], [-56.4176629, -34.4811768], [-56.405829, -34.4860585], [-56.4101313, -34.4956796], [-56.3991771, -34.5059626], [-56.3927935, -34.5058654], [-56.391624, -34.5103831], [-56.4015375, -34.5145382], [-56.4042197, -34.5303787], [-56.4086507, -34.5316514], [-56.4110003, -34.5264895], [-56.4160429, -34.5271701], [-56.4128779, -34.5375377], [-56.4205061, -34.5381917], [-56.4241002, -34.541877], [-56.4286492, -34.5392611], [-56.4294003, -34.5311211], [-56.4448927, -34.5333926], [-56.4493666, -34.5416737], [-56.4502786, -34.5543369], [-56.4576493, -34.5580833], [-56.4698694, -34.5575974], [-56.4764569, -34.5718218], [-56.4921425, -34.5788978], [-56.4927648, -34.5953354], [-56.4784954, -34.603734], [-56.4769827, -34.6115754], [-56.4812956, -34.6308492], [-56.4880441, -34.6438607], [-56.4856408, -34.6482915], [-56.4782379, -34.6528987], [-56.4659091, -34.6696194], [-56.454794, -34.6739783], [-56.454558, -34.6834718], [-56.451039, -34.6879534], [-56.4287659, -34.6912704], [-56.4194318, -34.7016263], [-56.4021369, -34.6998622], [-56.3784047, -34.7050486], [-56.3632127, -34.7141151], [-56.3543714, -34.7266166], [-56.3420273, -34.7131608], [-56.3365599, -34.7157007], [-56.3305603, -34.7111006], [-56.3245693, -34.7022524], [-56.3090093, -34.7031863], [-56.2972965, -34.7123686], [-56.2949877, -34.718034], [-56.2897754, -34.7183418], [-56.281876, -34.7250592], [-56.2778076, -34.7384474], [-56.2725739, -34.7401046], [-56.2744316, -34.7445973], [-56.2703975, -34.7510327], [-56.2555632, -34.7541448], [-56.231007, -34.7701017], [-56.2211537, -34.7652367], [-56.2120953, -34.7433915], [-56.2033736, -34.7307535], [-56.1915988, -34.7214155], [-56.1749089, -34.7195871], [-56.1724412, -34.7273206], [-56.167083, -34.7309555], [-56.1422217, -34.7141419], [-56.1260598, -34.717606], [-56.1227038, -34.7272849], [-56.1269021, -34.7364019], [-56.1205531, -34.7407062], [-56.1190144, -34.7487071], [-56.1018118, -34.7509367], [-56.099812, -34.7557885], [-56.0932195, -34.7595606], [-56.0998821, -34.7691408], [-56.0973823, -34.7761382], [-56.0901087, -34.7802183], [-56.0825341, -34.7782972], [-56.0754275, -34.7718705], [-56.0697775, -34.772146], [-56.0670331, -34.7660199], [-56.0593926, -34.7695545], [-56.0546923, -34.7606621], [-56.0467205, -34.7604153], [-56.0385129, -34.7641877], [-56.0292488, -34.777165], [-56.0293454, -34.7811746], [-56.0370015, -34.7841415], [-56.0394356, -34.7910257], [-56.0429654, -34.7922284], [-56.0384593, -34.7964749], [-56.0418792, -34.7987218], [-56.0402145, -34.8051086], [-56.0467205, -34.8071242], [-56.0529689, -34.8162571], [-56.0542171, -34.8521877], [-56.0607703, -34.8658409], [-56.053097, -34.8694958], [-56.0418103, -34.8687563], [-56.0305734, -34.879602], [-56.022500626560074, -34.87777528084234], [-55.9669332, -34.8444609], [-55.8914292, -34.8046051], [-55.7881488, -34.771528], [-55.7720056, -34.7724367], [-55.7640985, -34.7763006], [-55.7622034, -34.7816578], [-55.75211840954484, -34.78130209566311], [-55.7168981, -34.7683436], [-55.6847751, -34.7617714], [-55.6632038, -34.7672542], [-55.6505802, -34.7795773], [-55.6255327, -34.7732801], [-55.6012518, -34.7720163], [-55.5777351, -34.7829034], [-55.5625712, -34.7847429], [-55.5549749, -34.7898969], [-55.5458643, -34.7897805], [-55.5282235, -34.7977804], [-55.5036009, -34.7942915], [-55.4930437, -34.7988817], [-55.4361087, -34.7916499], [-55.3948684, -34.7902285], [-55.3936668, -34.7831089], [-55.4065414, -34.7674049], [-55.4131074, -34.7658184], [-55.4152103, -34.7573922], [-55.4223268, -34.7500881], [-55.4545272, -34.7472034], [-55.4509942, -34.7427887], [-55.4507204, -34.7162311], [-55.4439132, -34.7146077], [-55.4413383, -34.7106214], [-55.4457585, -34.70069], [-55.4415046, -34.6838939], [-55.4461797, -34.6783098], [-55.4554915, -34.6786058], [-55.4731195, -34.6688822], [-55.4835104, -34.658584], [-55.4799318, -34.6239563], [-55.4823409, -34.6196431], [-55.4799538, -34.6082703], [-55.4738866, -34.6057668], [-55.4787951, -34.6031882], [-55.4805492, -34.597757], [-55.4864394, -34.597576], [-55.4896946, -34.5909392], [-55.4864277, -34.586099], [-55.4951299, -34.5807546], [-55.4892387, -34.5782065], [-55.4881175, -34.570331], [-55.4920131, -34.5685504], [-55.4903974, -34.5622736], [-55.497811, -34.5598792], [-55.4930689, -34.5529872], [-55.4970439, -34.5486175], [-55.4948348, -34.5449453], [-55.4992659, -34.5417195], [-55.4965462, -34.5379369], [-55.5007089, -34.536324], [-55.5031819, -34.5289616], [-55.5079885, -34.5289572], [-55.5081816, -34.5257132], [-55.5190499, -34.5249928], [-55.5204278, -34.5162602], [-55.5273648, -34.5204272], [-55.5265057, -34.5111858], [-55.532579, -34.5112952], [-55.5345209, -34.5069986], [-55.5412613, -34.5071482], [-55.5502467, -34.5016311], [-55.5505739, -34.4973163], [-55.5460007, -34.4994744], [-55.5503432, -34.4916173], [-55.5455582, -34.4836937], [-55.5560966, -34.4796842], [-55.5524058, -34.4785742], [-55.5564074, -34.4703043], [-55.5486561, -34.471021], [-55.5379921, -34.4532423], [-55.541854, -34.4502769], [-55.5434526, -34.440699], [-55.5376, -34.4353769], [-55.5379542, -34.4279742], [-55.5346605, -34.4268901], [-55.53745, -34.4128932], [-55.5321283, -34.4053515], [-55.5362444, -34.3964481], [-55.5341013, -34.3886332], [-55.5436209, -34.3883141], [-55.5508309, -34.376179], [-55.5559686, -34.3736253], [-55.562415, -34.3569813], [-55.5717103, -34.3557906], [-55.6263556, -34.206839], [-55.6335654, -34.2076908], [-55.6421484, -34.2163502], [-55.6562247, -34.2190473], [-55.6624045, -34.2163502], [-55.6701292, -34.2183375], [-55.6797423, -34.2120916], [-55.687982, -34.2166341], [-55.7012, -34.214221], [-55.7159988, -34.2227765], [-55.7180963, -34.2196228], [-55.7237077, -34.2224756], [-55.7357291, -34.2123524], [-55.7424239, -34.2162737], [-55.7598314, -34.2173206], [-55.7752649, -34.2318779], [-55.7913724, -34.2338181], [-55.7969482, -34.2435859], [-55.8096995, -34.2442245], [-55.8140554, -34.2483263], [-55.8129718, -34.2531595], [-55.8205751, -34.2581729], [-55.8291831, -34.256782], [-55.8335605, -34.2657467], [-55.8420041, -34.2630867], [-55.8467838, -34.2805838], [-55.8501526, -34.2813905], [-55.8593633, -34.277871], [-55.8769551, -34.281008], [-55.8806547, -34.284657], [-55.8865124, -34.28077], [-55.8871272, -34.2846818], [-55.8900207, -34.278775], [-55.8999288, -34.271381], [-55.9081557, -34.2729441], [-55.9126457, -34.2678239], [-55.9179586, -34.2669967], [-55.9214026, -34.2701753], [-55.9191066, -34.2734513], [-55.9263864, -34.2779332], [-55.9328076, -34.2802337], [-55.9467068, -34.2748258], [-55.9529563, -34.2822104], [-55.9606114, -34.2763366], [-55.97272, -34.2730292], [-55.9773908, -34.2675947], [-55.9923951, -34.2701535], [-56.0322668, -34.2585249], [-56.0489233, -34.2592653], [-56.0706909, -34.2758056], [-56.0870274, -34.2802259], [-56.1029712, -34.2792492], [-56.1097305, -34.2869729], [-56.1182192, -34.2868785], [-56.1231435, -34.2928712], [-56.1226286, -34.2979321], [-56.1282074, -34.2963116], [-56.1286178, -34.3017026], [-56.1247067, -34.3040468], [-56.1332707, -34.3183845], [-56.1333897, -34.3259741], [-56.1389065, -34.3259134], [-56.1437105, -34.3387809], [-56.1464948, -34.3374846], [-56.1558835, -34.3454974], [-56.1618723, -34.34603], [-56.1653173, -34.3561701], [-56.1717355, -34.3578802], [-56.1718472, -34.3734775], [-56.1770951, -34.375779], [-56.1768521, -34.3794612], [-56.1837134, -34.3872212], [-56.1945547, -34.3839683], [-56.1948981, -34.3804265], [-56.2012495, -34.3767429], [-56.20847, -34.3768846], [-56.2134911, -34.381126], [-56.2221528, -34.3786939], [-56.2375001, -34.3802223], [-56.2403912, -34.3781125], [-56.2383245, -34.3712931], [-56.2408218, -34.3655521], [-56.2566548, -34.3646933], [-56.2617551, -34.3604974], [-56.2737153, -34.3714485], [-56.2780443, -34.3713954], [-56.297028, -34.3620069], [-56.3020014, -34.3527755], [-56.3074918, -34.3506754], [-56.3132169, -34.3541551], [-56.3167633, -34.34851], [-56.3244854, -34.3498354], [-56.3308543, -34.3472647], [-56.3347126, -34.3526138], [-56.3501819, -34.3594686], [-56.3649265, -34.3649242], [-56.3716642, -34.3622319], [-56.3851611, -34.3698836], [-56.3871138, -34.3785086], [-56.3848217, -34.3825465], [-56.3908408, -34.3893974], [-56.3913987, -34.399844], [-56.3845898, -34.410037], [-56.3925467, -34.4180959], [-56.391652, -34.4264334]]]}}, {"type": "Feature", "properties": {"name": "Rivera", "country": "URY"}, "geometry": {"type": "Polygon", "coordinates": [[[-56.1849767, -31.2455884], [-56.1806476, -31.248762], [-56.1705196, -31.2458415], [-56.1567781, -31.2506625], [-56.1437404, -31.2464139], [-56.1425388, -31.2421577], [-56.1313808, -31.2345255], [-56.1176565, -31.2307092], [-56.1003187, -31.2393691], [-56.0953405, -31.2399562], [-56.088989, -31.235553], [-56.0696313, -31.2434724], [-56.0620353, -31.2534666], [-56.0498474, -31.257282], [-56.0357711, -31.2687273], [-56.0291193, -31.269593], [-55.9804962, -31.3001142], [-55.9748313, -31.3095011], [-55.9621284, -31.3086211], [-55.9516571, -31.312581], [-55.9477088, -31.3203535], [-55.9502838, -31.3251927], [-55.9379241, -31.3345771], [-55.9208517, -31.3344995], [-55.9198997, -31.3414681], [-55.9135911, -31.3435134], [-55.9063394, -31.3520836], [-55.901737, -31.3521463], [-55.8950517, -31.3452727], [-55.8935362, -31.3505276], [-55.8789905, -31.3552813], [-55.8738184, -31.3601031], [-55.8639982, -31.3579226], [-55.8568099, -31.3653997], [-55.8359101, -31.3641538], [-55.8253345, -31.3595401], [-55.817825, -31.3714651], [-55.8216754, -31.3733121], [-55.8144199, -31.3804732], [-55.8143201, -31.3842572], [-55.8087546, -31.3848719], [-55.8086194, -31.3889284], [-55.7994541, -31.3972716], [-55.8032424, -31.397989], [-55.8017597, -31.4129667], [-55.8051958, -31.4146618], [-55.8035776, -31.4188215], [-55.8072131, -31.4204096], [-55.809848, -31.4276606], [-55.8028282, -31.4322515], [-55.8088843, -31.4338408], [-55.8090861, -31.4414163], [-55.8058503, -31.4448189], [-55.8099597, -31.4516744], [-55.8131291, -31.4510119], [-55.8112746, -31.4558356], [-55.8157113, -31.4590805], [-55.8129983, -31.4593677], [-55.8108043, -31.4701378], [-55.8077388, -31.4718107], [-55.8080444, -31.4774671], [-55.7994363, -31.4765408], [-55.7900463, -31.482546], [-55.788857, -31.4880587], [-55.7914679, -31.4899339], [-55.7840081, -31.4929486], [-55.7762481, -31.5068717], [-55.7528732, -31.5084583], [-55.7497815, -31.5213621], [-55.7401571, -31.5308574], [-55.7331796, -31.5329961], [-55.728339, -31.5305287], [-55.7251655, -31.5368485], [-55.7144639, -31.5373065], [-55.6898301, -31.5283096], [-55.6729845, -31.53974], [-55.6766375, -31.5500309], [-55.6725688, -31.553937], [-55.6837378, -31.5689105], [-55.6716773, -31.5703448], [-55.6537023, -31.5858264], [-55.6515372, -31.5917477], [-55.6607125, -31.5973624], [-55.6577127, -31.5985129], [-55.6633303, -31.60662], [-55.6627939, -31.6121571], [-55.6689737, -31.6139113], [-55.6697891, -31.6180118], [-55.6582084, -31.6250469], [-55.6530907, -31.6248733], [-55.6528553, -31.6203978], [-55.6461706, -31.6216941], [-55.6469109, -31.6256498], [-55.6414499, -31.627011], [-55.6430056, -31.6355431], [-55.6393578, -31.6371599], [-55.6478765, -31.6455814], [-55.6453016, -31.6513993], [-55.6471727, -31.6565789], [-55.657275, -31.6661936], [-55.6508913, -31.6726494], [-55.6533418, -31.6761934], [-55.6511488, -31.6805199], [-55.6562021, -31.6814968], [-55.6547108, -31.6787943], [-55.6574724, -31.6772891], [-55.6599357, -31.6809216], [-55.6602898, -31.6862717], [-55.6551721, -31.6881249], [-55.6545069, -31.6935203], [-55.6568243, -31.6997642], [-55.6603262, -31.7006875], [-55.6616094, -31.7076415], [-55.6569531, -31.7113472], [-55.6613197, -31.716878], [-55.6398084, -31.7287053], [-55.6426301, -31.7302749], [-55.6341329, -31.7359597], [-55.6359675, -31.7398923], [-55.6305172, -31.7416259], [-55.6320193, -31.7485053], [-55.6354203, -31.7499468], [-55.6377056, -31.7632476], [-55.6419649, -31.7632111], [-55.6354568, -31.7652558], [-55.636976, -31.7692953], [-55.6340513, -31.7699078], [-55.6381025, -31.779611], [-55.6289723, -31.7974852], [-55.6184202, -31.7999749], [-55.6045746, -31.78859], [-55.5997547, -31.791015], [-55.5873361, -31.7880284], [-55.5890178, -31.7850424], [-55.5792117, -31.7784987], [-55.5804187, -31.776369], [-55.5732035, -31.7736738], [-55.5731338, -31.7777326], [-55.5656451, -31.7744902], [-55.55994, -31.777741], [-55.5565899, -31.7733227], [-55.5521562, -31.7738601], [-55.5486613, -31.7792785], [-55.5356097, -31.7788498], [-55.5331421, -31.7830132], [-55.5245509, -31.7815624], [-55.5083583, -31.7907928], [-55.4993203, -31.7855323], [-55.5003031, -31.7882062], [-55.4498904, -31.7883047], [-55.4160731, -31.7779443], [-55.3833697, -31.7797269], [-55.365712, -31.7738535], [-55.3556372, -31.7763914], [-55.3415789, -31.7750566], [-55.3339639, -31.7853293], [-55.3278051, -31.7884884], [-55.2989319, -31.7946294], [-55.2681346, -31.8086959], [-55.1905864, -31.8109251], [-55.1851845, -31.8127212], [-55.1837465, -31.8205085], [-55.1751208, -31.8224167], [-55.1606798, -31.8178859], [-55.1564635, -31.8133184], [-55.1287462, -31.8066661], [-55.0717431, -31.8098251], [-55.0593608, -31.8236014], [-55.041508, -31.8307481], [-55.010094, -31.8291438], [-54.9709552, -31.8133909], [-54.953789, -31.8147037], [-54.9336281, -31.8254519], [-54.8955869, -31.8295115], [-54.890915, -31.8323872], [-54.8886661, -31.8490807], [-54.8672788, -31.8755437], [-54.8591248, -31.874168], [-54.8461092, -31.877339], [-54.8255527, -31.9113831], [-54.8085645, -31.9323503], [-54.7750913, -31.9916313], [-54.7594405, -32.0014262], [-54.7094735, -32.064221], [-54.6899714, -32.0813364], [-54.6673619, -32.1099533], [-54.6594558, -32.1042422], [-54.6411847, -32.1010569], [-54.6234193, -32.1036825], [-54.6230278, -32.1076761], [-54.613101, -32.1046775], [-54.6139103, -32.1103727], [-54.6020836, -32.1066804], [-54.5971907, -32.0993827], [-54.5896688, -32.0987504], [-54.5897027, -32.0903541], [-54.5747911, -32.0863948], [-54.5744255, -32.0808057], [-54.5669289, -32.0818773], [-54.5515377, -32.0716552], [-54.5521698, -32.0678678], [-54.5442065, -32.0643511], [-54.5479831, -32.0639146], [-54.551073, -32.0585319], [-54.5488414, -32.0531488], [-54.5545062, -32.0519849], [-54.5526179, -32.0486384], [-54.5536479, -32.0436913], [-54.5575961, -32.0431093], [-54.5563945, -32.0394715], [-54.54043, -32.0279751], [-54.5371684, -32.0220081], [-54.5292701, -32.0220585], [-54.5264995, -32.0156577], [-54.5375099, -32.0092499], [-54.5359649, -32.0059019], [-54.5313301, -32.0060475], [-54.5388832, -31.9997879], [-54.5402564, -31.9939646], [-54.533905, -31.9884321], [-54.5469512, -31.9823169], [-54.5387115, -31.9792591], [-54.5479812, -31.9747451], [-54.5316734, -31.9649882], [-54.5260086, -31.9565412], [-54.5282401, -31.9517347], [-54.5244636, -31.9498412], [-54.5258369, -31.9456171], [-54.5215454, -31.9460541], [-54.5208587, -31.9435778], [-54.5249786, -31.9425581], [-54.522747, -31.9387706], [-54.5165672, -31.9383336], [-54.5109023, -31.9259504], [-54.5157089, -31.9113798], [-54.5085159, -31.9124816], [-54.5068836, -31.901542], [-54.5126795, -31.8979945], [-54.5094897, -31.894934], [-54.5054092, -31.8975356], [-54.5088472, -31.8874077], [-54.5057525, -31.8889365], [-54.5033819, -31.8853976], [-54.497067, -31.8860616], [-54.4894335, -31.8820405], [-54.4934154, -31.8790433], [-54.4905718, -31.8763972], [-54.4915766, -31.8689694], [-54.4822406, -31.8665823], [-54.484782, -31.8595895], [-54.4802617, -31.8591382], [-54.4825782, -31.8567195], [-54.4797467, -31.8531315], [-54.473018, -31.8521273], [-54.4749261, -31.8481884], [-54.4798977, -31.8507297], [-54.4838132, -31.8469653], [-54.4770266, -31.8457114], [-54.4724537, -31.8401553], [-54.4653559, -31.8406647], [-54.4608698, -31.8357709], [-54.4639482, -31.8359707], [-54.4654661, -31.831298], [-54.4597822, -31.8291896], [-54.4633521, -31.8250745], [-54.4596805, -31.8197126], [-54.4649113, -31.8135632], [-54.4602454, -31.8126509], [-54.4550482, -31.8040516], [-54.4599355, -31.7975696], [-54.4553194, -31.7953992], [-54.4574875, -31.7912302], [-54.4551166, -31.7881212], [-54.4583955, -31.7873334], [-54.4563858, -31.7809584], [-54.4588337, -31.779507], [-54.4659506, -31.7834417], [-54.4640808, -31.7696466], [-54.4744408, -31.7675689], [-54.4766728, -31.7637451], [-54.4702434, -31.7502489], [-54.481062, -31.7435722], [-54.4864682, -31.7435822], [-54.484418, -31.7364693], [-54.4798052, -31.7365134], [-54.4798566, -31.7277444], [-54.4702174, -31.7259439], [-54.4793167, -31.7220441], [-54.4773286, -31.7181427], [-54.4799307, -31.7170406], [-54.4829227, -31.7023849], [-54.4705976, -31.6925392], [-54.476072, -31.6904537], [-54.4693767, -31.6832038], [-54.4721328, -31.6787181], [-54.4695232, -31.6745519], [-54.4742525, -31.6732856], [-54.4644113, -31.6626849], [-54.4674136, -31.6585676], [-54.465876, -31.6547297], [-54.4600496, -31.6536754], [-54.4597264, -31.6579759], [-54.4577249, -31.6569824], [-54.4578829, -31.6512606], [-54.4516217, -31.6402215], [-54.4550195, -31.63555], [-54.4541063, -31.629266], [-54.4613005, -31.6266632], [-54.4604205, -31.6220288], [-54.4649513, -31.6187425], [-54.4635163, -31.613903], [-54.4668909, -31.6130697], [-54.4608172, -31.6059776], [-54.4569854, -31.606651], [-54.4573776, -31.6012681], [-54.4531641, -31.6032355], [-54.4527984, -31.5995853], [-54.4588926, -31.5975213], [-54.4580845, -31.5942776], [-54.4629366, -31.5923632], [-54.4644073, -31.5880961], [-54.4690294, -31.5930244], [-54.4731932, -31.5704563], [-54.4810369, -31.5695905], [-54.4936965, -31.5586934], [-54.4903825, -31.5504518], [-54.5014261, -31.5377547], [-54.5035846, -31.525674], [-54.5098417, -31.52135], [-54.5157036, -31.5101944], [-54.5207797, -31.5083979], [-54.5239107, -31.510529], [-54.5244451, -31.5049229], [-54.547, -31.499], [-54.553, -31.492], [-54.557, -31.495], [-54.5606022, -31.4872186], [-54.5757746, -31.4814433], [-54.5782312, -31.4684802], [-54.5878908, -31.4602812], [-54.5867653, -31.4565633], [-54.6705945, -31.4537656], [-54.683, -31.445], [-54.6936782, -31.445335], [-54.6991469, -31.4359901], [-54.7036737, -31.4393166], [-54.7193259, -31.4385024], [-54.7248113, -31.4296068], [-54.7357678, -31.4296864], [-54.7390675, -31.4255718], [-54.7508127, -31.4274226], [-54.7522399, -31.4244583], [-54.7688351, -31.4259734], [-54.7895482, -31.4348299], [-54.8051011, -31.4290322], [-54.8119649, -31.4318514], [-54.8119984, -31.4348508], [-54.8296887, -31.4374096], [-54.8367023, -31.4420026], [-54.8574376, -31.4181987], [-54.8617467, -31.4179188], [-54.858123, -31.4080718], [-54.8783349, -31.3980807], [-54.8876101, -31.3832613], [-54.8844699, -31.381125], [-54.8862247, -31.3773021], [-54.8920435, -31.3748256], [-54.899848, -31.3763472], [-54.8981992, -31.381407], [-54.9049633, -31.3840559], [-54.9183973, -31.3789152], [-54.9327333, -31.3850721], [-54.9408709, -31.3806846], [-54.9372942, -31.3701548], [-54.9340285, -31.3693706], [-54.9369777, -31.3642545], [-54.9352182, -31.3565032], [-54.9602147, -31.3514894], [-54.9604098, -31.3419667], [-54.9529752, -31.339348], [-54.9532763, -31.3319341], [-54.9596325, -31.3232617], [-54.9788059, -31.3170612], [-54.9828835, -31.3114742], [-54.9800552, -31.3030642], [-54.9823683, -31.296124], [-54.9956879, -31.2884534], [-54.9947865, -31.2831231], [-55.0005696, -31.2830345], [-55.0024318, -31.2692578], [-55.007233, -31.2669191], [-55.0085437, -31.2699625], [-55.0202838, -31.2671252], [-55.0319214, -31.2698056], [-55.0365534, -31.2757414], [-55.0318405, -31.2787331], [-55.035875, -31.2841231], [-55.0328323, -31.2895562], [-55.0365348, -31.2915257], [-55.0423803, -31.3071326], [-55.0477663, -31.3073368], [-55.053124, -31.3139585], [-55.0601036, -31.3155129], [-55.0576463, -31.3221899], [-55.0618072, -31.3247403], [-55.0573624, -31.3318341], [-55.0744594, -31.3321553], [-55.087918, -31.3197941], [-55.1027876, -31.3150833], [-55.1086795, -31.3076988], [-55.1220719, -31.31286], [-55.1223814, -31.304881], [-55.1257478, -31.3025031], [-55.1365313, -31.3014365], [-55.1523028, -31.2932707], [-55.1565692, -31.2854562], [-55.1634777, -31.2857281], [-55.1661914, -31.2810861], [-55.1629249, -31.2792094], [-55.1640356, -31.2760768], [-55.1693292, -31.2694593], [-55.1800024, -31.2705149], [-55.1836999, -31.2653547], [-55.2022639, -31.2619661], [-55.2136442, -31.263225], [-55.2352402, -31.2584391], [-55.2400344, -31.2606156], [-55.2403113, -31.2536877], [-55.2466824, -31.25229], [-55.248457, -31.2482189], [-55.2476352, -31.2160453], [-55.2540186, -31.2111653], [-55.2500805, -31.206064], [-55.2628398, -31.1946907], [-55.2827159, -31.1939754], [-55.2857069, -31.1855251], [-55.2709134, -31.1769789], [-55.2746517, -31.1702066], [-55.290901, -31.1637113], [-55.2903616, -31.1592646], [-55.2852626, -31.1564441], [-55.2907533, -31.1502009], [-55.2911841, -31.1422643], [-55.297811, -31.1444398], [-55.3055042, -31.1410385], [-55.3132237, -31.1470878], [-55.3188559, -31.1451369], [-55.3210979, -31.1358584], [-55.3264851, -31.1380366], [-55.3403734, -31.1314363], [-55.3372832, -31.1199424], [-55.3300406, -31.1165736], [-55.3289467, -31.1104302], [-55.3341104, -31.1050379], [-55.3337487, -31.0987202], [-55.3277314, -31.0881921], [-55.3392036, -31.0851056], [-55.3496725, -31.0724139], [-55.3499847, -31.0678976], [-55.3524837, -31.0705096], [-55.3599215, -31.0675411], [-55.3530855, -31.0571605], [-55.3498108, -31.0392157], [-55.3598408, -31.0402347], [-55.3695972, -31.0344348], [-55.3737474, -31.0280168], [-55.3716266, -31.023418], [-55.3740045, -31.0191841], [-55.3802409, -31.0235528], [-55.3867562, -31.0203022], [-55.4002526, -31.0285994], [-55.4050126, -31.0272057], [-55.407142, -31.0187455], [-55.4152576, -31.0144821], [-55.4230565, -31.0182293], [-55.4251526, -31.0118273], [-55.4372693, -31.0046969], [-55.4346817, -31.0009606], [-55.4376778, -30.9943313], [-55.4252112, -30.9849788], [-55.4331446, -30.9726011], [-55.4383005, -30.9725301], [-55.4413811, -30.9597313], [-55.4524262, -30.9603463], [-55.4573772, -30.95138], [-55.4636092, -30.9500887], [-55.4690391, -30.9546418], [-55.4783144, -30.9535877], [-55.4868251, -30.9475982], [-55.4900416, -30.9394836], [-55.4864518, -30.9282618], [-55.4883716, -30.9256673], [-55.4989921, -30.9269263], [-55.5043136, -30.9244381], [-55.5099734, -30.9113238], [-55.5079992, -30.9043169], [-55.5100563, -30.9017666], [-55.5248416, -30.8979907], [-55.5323908, -30.9023841], [-55.5335909, -30.8972962], [-55.5457562, -30.8905632], [-55.5546448, -30.8726261], [-55.5631263, -30.8682695], [-55.564173, -30.8531723], [-55.5675437, -30.8460773], [-55.5788881, -30.8395339], [-55.5774149, -30.8330886], [-55.5866991, -30.8410604], [-55.6048196, -30.8496012], [-55.6188037, -30.8416861], [-55.6288866, -30.8480056], [-55.6366836, -30.8459808], [-55.6463019, -30.8539289], [-55.6490472, -30.8651283], [-55.658342, -30.8639969], [-55.6604766, -30.8744114], [-55.6528921, -30.8833025], [-55.6553627, -30.8853615], [-55.6540145, -30.8965368], [-55.6422657, -30.9115972], [-55.6485572, -30.9229523], [-55.6634624, -30.9331656], [-55.6585879, -30.9438131], [-55.6620851, -30.9482132], [-55.6650503, -30.947463], [-55.66621, -30.9539539], [-55.6764826, -30.9560125], [-55.6883178, -30.9521614], [-55.6886673, -30.9445389], [-55.693334, -30.9437166], [-55.7038307, -30.9553311], [-55.7092793, -30.954408], [-55.7170684, -30.9425014], [-55.7231936, -30.9427022], [-55.7209506, -30.9455562], [-55.724408, -30.9531532], [-55.7222569, -30.9576474], [-55.7248203, -30.9670318], [-55.7310934, -30.9741752], [-55.7284806, -30.9797438], [-55.7462368, -30.9793111], [-55.7458076, -30.985621], [-55.7522664, -30.9980924], [-55.7627377, -30.9996007], [-55.773, -30.997], [-55.774, -31.0], [-55.7674799, -31.0037757], [-55.7664713, -31.0102495], [-55.7758269, -31.0152517], [-55.8134525, -31.0160459], [-55.8150422, -31.0254938], [-55.8291856, -31.0428007], [-55.8474675, -31.0428558], [-55.8565012, -31.0459076], [-55.8705008, -31.0702654], [-55.8833716, -31.0765386], [-55.8947689, -31.073253], [-55.8981807, -31.0670688], [-55.9106959, -31.0747035], [-55.9253257, -31.0762758], [-55.9300561, -31.085949], [-55.9335295, -31.0872405], [-55.9786716, -31.0732778], [-55.9928949, -31.0850629], [-56.0098875, -31.0826669], [-56.0151511, -31.0867611], [-56.0152291, -31.0990742], [-56.0260939, -31.1192115], [-56.0367998, -31.1243776], [-56.051906, -31.1445076], [-56.0602197, -31.166612], [-56.07098, -31.1746407], [-56.0701616, -31.1975441], [-56.08186, -31.2072589], [-56.1049118, -31.206946], [-56.132766, -31.2157468], [-56.136359, -31.220874], [-56.1450332, -31.2201905], [-56.1543297, -31.2352273], [-56.178078, -31.2405259], [-56.1849767, -31.2455884]]]}}, {"type": "Feature", "properties": {"name": "Montevideo", "country": "URY"}, "geometry": {"type": "Polygon", "coordinates": [[[-56.3543714, -34.7266166], [-56.3497871, -34.7306673], [-56.3415473, -34.7515442], [-56.3475297, -34.7587582], [-56.3439077, -34.77709], [-56.3491348, -34.7826946], [-56.35593268249752, -34.78408207888537], [-56.3566468, -34.7943443], [-56.3630747, -34.798882], [-56.3888295, -34.7980134], [-56.4056875836111, -34.80807442250837], [-56.4090276, -34.8168197], [-56.4311715, -34.829837], [-56.4247743, -34.8377422], [-56.3906015, -34.8452148], [-56.3882789, -34.8501228], [-56.3811106, -34.8521399], [-56.3769747, -34.8604752], [-56.3670994, -34.8629647], [-56.3674537, -34.8652492], [-56.3556156, -34.8660785], [-56.3556566, -34.8691277], [-56.3522789, -34.870803], [-56.3514635, -34.8664017], [-56.3465111, -34.8706762], [-56.3400566, -34.8707326], [-56.3317699, -34.88104], [-56.3316899, -34.8902898], [-56.3164116, -34.8975171], [-56.3138607, -34.9017619], [-56.3157267, -34.9048311], [-56.309177777764255, -34.903569533095556], [-56.3114653, -34.9007826], [-56.3095008, -34.8971063], [-56.2966593, -34.8931492], [-56.2929271, -34.8960049], [-56.2898931, -34.8943507], [-56.2874985, -34.8967344], [-56.2891731, -34.8996767], [-56.2845133003111, -34.90008170009836], [-56.2860643, -34.896647], [-56.2814976, -34.894601], [-56.2758211, -34.9021645], [-56.2706129, -34.8980645], [-56.2602943, -34.9036849], [-56.2606634, -34.9060219], [-56.25637194684583, -34.90614858551988], [-56.2582311, -34.8995177], [-56.244722823779846, -34.8960774429905], [-56.2437248, -34.8833092], [-56.2472966, -34.8810796], [-56.2467815, -34.8773477], [-56.240087, -34.8763007], [-56.23370083730816, -34.88033998686611], [-56.22987253696532, -34.879773485955845], [-56.2258816, -34.8727564], [-56.2189578, -34.87399], [-56.218705956388334, -34.87751818411643], [-56.2154779, -34.8739081], [-56.1987603, -34.8840034], [-56.1983775, -34.8876046], [-56.20392699309243, -34.88856023665894], [-56.2016699, -34.8930222], [-56.197696, -34.8916283], [-56.1971707, -34.896782], [-56.2003654, -34.900055], [-56.21469897001879, -34.90140296236647], [-56.2131515, -34.9046311], [-56.2171182, -34.9029631], [-56.22300347285963, -34.90596103641437], [-56.2167367, -34.9085835], [-56.2229716, -34.9134514], [-56.2028118, -34.9104119], [-56.1851963, -34.9160853], [-56.1715277, -34.9148244], [-56.1721278, -34.9243676], [-56.1606641, -34.9301624], [-56.1602911, -34.9325917], [-56.1639418, -34.932319], [-56.1604748, -34.9380559], [-56.157777, -34.9277], [-56.1455513, -34.9198258], [-56.1483972, -34.9177776], [-56.1459119, -34.9130149], [-56.1410672, -34.9104183], [-56.13013658195606, -34.91124152426863], [-56.127681, -34.9090526], [-56.1322644, -34.9097833], [-56.1317517, -34.9054769], [-56.1252064, -34.9056375], [-56.1192068, -34.8986616], [-56.1047529, -34.8972748], [-56.1011807, -34.8997705], [-56.0905136, -34.8955641], [-56.0853251, -34.8958852], [-56.0821689, -34.9004838], [-56.0758623, -34.8977957], [-56.06463063009164, -34.89965530298557], [-56.022500626560074, -34.87777528084234], [-56.0305734, -34.879602], [-56.0418103, -34.8687563], [-56.053097, -34.8694958], [-56.0607703, -34.8658409], [-56.0542171, -34.8521877], [-56.0529689, -34.8162571], [-56.0467205, -34.8071242], [-56.0402145, -34.8051086], [-56.0418792, -34.7987218], [-56.0384593, -34.7964749], [-56.0429654, -34.7922284], [-56.0394356, -34.7910257], [-56.0370015, -34.7841415], [-56.0293454, -34.7811746], [-56.0292488, -34.777165], [-56.0385129, -34.7641877], [-56.0467205, -34.7604153], [-56.0546923, -34.7606621], [-56.0593926, -34.7695545], [-56.0670331, -34.7660199], [-56.0697775, -34.772146], [-56.0754275, -34.7718705], [-56.0825341, -34.7782972], [-56.0901087, -34.7802183], [-56.0973823, -34.7761382], [-56.0998821, -34.7691408], [-56.0932195, -34.7595606], [-56.099812, -34.7557885], [-56.1018118, -34.7509367], [-56.1190144, -34.7487071], [-56.1205531, -34.7407062], [-56.1269021, -34.7364019], [-56.1227038, -34.7272849], [-56.1260598, -34.717606], [-56.1422217, -34.7141419], [-56.167083, -34.7309555], [-56.1724412, -34.7273206], [-56.1749089, -34.7195871], [-56.1915988, -34.7214155], [-56.2033736, -34.7307535], [-56.2120953, -34.7433915], [-56.2211537, -34.7652367], [-56.231007, -34.7701017], [-56.2555632, -34.7541448], [-56.2703975, -34.7510327], [-56.2744316, -34.7445973], [-56.2725739, -34.7401046], [-56.2778076, -34.7384474], [-56.281876, -34.7250592], [-56.2897754, -34.7183418], [-56.2949877, -34.718034], [-56.2972965, -34.7123686], [-56.3090093, -34.7031863], [-56.3245693, -34.7022524], [-56.3305603, -34.7111006], [-56.3365599, -34.7157007], [-56.3420273, -34.7131608], [-56.3543714, -34.7266166]]]}}, {"type": "Feature", "properties": {"name": "Maldonado", "country": "URY"}, "geometry": {"type": "Polygon", "coordinates": [[[-55.40247976825243, -34.7912423141106], [-55.3879345, -34.7945913], [-55.385236816906875, -34.8023155753994], [-55.3465716, -34.8081554], [-55.3198483, -34.8229754], [-55.3111418, -34.8378074], [-55.3023063, -34.8436525], [-55.30263169657156, -34.85559120316451], [-55.2889889, -34.8581725], [-55.2782396, -34.865743], [-55.2758209, -34.8711822], [-55.281479204226706, -34.87470614943733], [-55.2802378, -34.8770779], [-55.2831031, -34.8752939], [-55.2790671, -34.8822916], [-55.2823692, -34.8888821], [-55.2610912, -34.8941001], [-55.259012, -34.8970349], [-55.2611755, -34.9044961], [-55.244843, -34.9006492], [-55.2370195, -34.9043686], [-55.2074903, -34.8909971], [-55.1633787, -34.8821189], [-55.0922248, -34.8777849], [-55.0640202, -34.8801834], [-55.0407073, -34.8929573], [-55.046466, -34.9045518], [-55.0473593, -34.916533], [-55.0386878, -34.9105512], [-55.0151845, -34.9126797], [-55.0124161, -34.9099035], [-55.0020058, -34.9104085], [-54.9809231, -34.9163571], [-54.964962, -34.9260603], [-54.9415812, -34.9500239], [-54.9412846, -34.9560058], [-54.9463234, -34.9594352], [-54.9466167, -34.9632433], [-54.9517211, -34.9637575], [-54.9511103, -34.9596513], [-54.9548692, -34.965862], [-54.952450400018805, -34.97393429808477], [-54.9476823, -34.9679779], [-54.9391855, -34.9654812], [-54.9378884, -34.9596841], [-54.9215897, -34.9478266], [-54.8839819, -34.926539], [-54.8757027, -34.9252302], [-54.8615692, -34.9170052], [-54.8515131, -34.9188296], [-54.8341866, -34.9087535], [-54.8077345, -34.9050374], [-54.742378, -34.8694917], [-54.7052657, -34.8531556], [-54.6615618, -34.8394517], [-54.6494003, -34.8390901], [-54.6349145, -34.8485381], [-54.6315108, -34.8468068], [-54.632697, -34.8410831], [-54.62955, -34.83561], [-54.6170699, -34.8252201], [-54.566133, -34.8018035], [-54.5697437, -34.7973329], [-54.5621656, -34.7934396], [-54.5637793, -34.7979928], [-54.5473143, -34.7872074], [-54.5525526, -34.76703], [-54.54423, -34.7524229], [-54.5442164, -34.7589872], [-54.5409565, -34.755329], [-54.5316353, -34.7595282], [-54.5245159, -34.752689], [-54.5277775, -34.734916], [-54.5359314, -34.727192], [-54.536175, -34.7150896], [-54.5407057, -34.7106835], [-54.536647, -34.7086515], [-54.5336354, -34.6860558], [-54.5368401, -34.6822939], [-54.5326055, -34.6750097], [-54.5358102, -34.6660765], [-54.5431702, -34.6584343], [-54.5393721, -34.6556632], [-54.5346085, -34.6407823], [-54.5363793, -34.6358033], [-54.5319489, -34.627302], [-54.5376668, -34.6231967], [-54.5392976, -34.6084248], [-54.534652, -34.601157], [-54.5300177, -34.5997264], [-54.5301357, -34.5950633], [-54.5344374, -34.5916276], [-54.5301786, -34.5815937], [-54.5187545, -34.5787975], [-54.517819, -34.5697298], [-54.5100856, -34.5596706], [-54.5036462, -34.5589333], [-54.5024682, -34.5475208], [-54.5063842, -34.5398236], [-54.5046762, -34.5350648], [-54.5119932, -34.5306455], [-54.5152441, -34.5179699], [-54.5233765, -34.5127188], [-54.5306614, -34.5160605], [-54.5358644, -34.5134968], [-54.5379791, -34.4986693], [-54.5418629, -34.4952739], [-54.5349321, -34.4907288], [-54.539052, -34.4885357], [-54.5347175, -34.4860242], [-54.5396742, -34.4817793], [-54.5364652, -34.4759802], [-54.543086, -34.4767567], [-54.5413265, -34.4686549], [-54.538258, -34.4690795], [-54.5401248, -34.4640552], [-54.5506058, -34.4551646], [-54.5476983, -34.4515904], [-54.5552406, -34.4523955], [-54.5578156, -34.4481046], [-54.5560668, -34.4425129], [-54.5626221, -34.4415661], [-54.5626248, -34.4305181], [-54.5791203, -34.4205576], [-54.5673964, -34.422483], [-54.5628849, -34.4202395], [-54.5619515, -34.4126455], [-54.5515376, -34.4100724], [-54.5483779, -34.3984753], [-54.5561848, -34.3832766], [-54.5523063, -34.3825727], [-54.5458958, -34.3872786], [-54.5231834, -34.3849279], [-54.5191494, -34.3938258], [-54.5126477, -34.3958354], [-54.5089462, -34.4050863], [-54.5051375, -34.40498], [-54.5040753, -34.3980398], [-54.4945074, -34.3901556], [-54.4970745, -34.3808239], [-54.4920376, -34.3767729], [-54.4935076, -34.3704852], [-54.4870199, -34.3582267], [-54.4875746, -34.3393434], [-54.4848924, -34.337359], [-54.4837154, -34.3255649], [-54.4867839, -34.3204434], [-54.4843377, -34.3129645], [-54.4874673, -34.308172], [-54.4842701, -34.2993447], [-54.4870382, -34.287946], [-54.4820171, -34.2752158], [-54.4852368, -34.2622177], [-54.4834343, -34.2479583], [-54.4893996, -34.2388054], [-54.4832627, -34.2301483], [-54.487728, -34.2175762], [-54.4865242, -34.2027164], [-54.4894452, -34.1951875], [-54.485497, -34.1899339], [-54.4880129, -34.1846878], [-54.4851467, -34.1798622], [-54.490856, -34.1680317], [-54.4851061, -34.1645459], [-54.4829221, -34.1561323], [-54.470262, -34.1569136], [-54.4678158, -34.1528651], [-54.4703908, -34.1447674], [-54.4784846, -34.1405905], [-54.4801517, -34.1362357], [-54.4710585, -34.1281777], [-54.483437, -34.1157872], [-54.4767442, -34.1121485], [-54.475187, -34.1003334], [-54.4701121, -34.1014599], [-54.4639062, -34.0802038], [-54.4760813, -34.0710859], [-54.4774546, -34.0655401], [-54.4700597, -34.0587348], [-54.4750189, -34.053291], [-54.4732475, -34.045635], [-54.4676319, -34.0403944], [-54.468717, -34.0352333], [-54.4729657, -34.0274849], [-54.4877286, -34.0210827], [-54.4932217, -34.0143953], [-54.4859274, -34.0014698], [-54.488918, -33.9952645], [-54.4888757, -33.9901395], [-54.4843219, -33.985722], [-54.4869397, -33.9795171], [-54.4810421, -33.9763679], [-54.4841346, -33.9744906], [-54.4805712, -33.9686108], [-54.4874358, -33.9615874], [-54.4819668, -33.9508731], [-54.4861836, -33.9389483], [-54.4839548, -33.9289775], [-54.4891466, -33.9302998], [-54.4884164, -33.9349216], [-54.5004171, -33.9340057], [-54.50355, -33.9393208], [-54.5091201, -33.9317711], [-54.5136494, -33.9314], [-54.5193578, -33.9364853], [-54.5239775, -33.9350773], [-54.524834, -33.9384549], [-54.5293151, -33.9373517], [-54.5393986, -33.9436479], [-54.5411173, -33.9520843], [-54.5387326, -33.9592245], [-54.5508845, -33.9657668], [-54.5446818, -33.9765951], [-54.5520354, -33.9837973], [-54.5458581, -33.9908288], [-54.5468058, -33.9949777], [-54.5603335, -33.9987377], [-54.5596903, -34.0016161], [-54.5730236, -34.0115142], [-54.5787119, -34.0110953], [-54.5773543, -34.0193024], [-54.5810273, -34.0237061], [-54.5788708, -34.0276488], [-54.5854265, -34.037072], [-54.6006452, -34.0361241], [-54.6135399, -34.0488884], [-54.6181171, -34.0450322], [-54.6300208, -34.0450189], [-54.6438019, -34.0513438], [-54.6494493, -34.0507507], [-54.6506295, -34.0457325], [-54.6700769, -34.0412628], [-54.6790247, -34.0521083], [-54.6834829, -34.0466636], [-54.6888258, -34.0456501], [-54.7019526, -34.0518372], [-54.6971383, -34.0550608], [-54.6989163, -34.0575172], [-54.7089639, -34.0587038], [-54.7111365, -34.0648855], [-54.7162702, -34.0675918], [-54.7117671, -34.0753916], [-54.7175523, -34.0906962], [-54.714578, -34.0941183], [-54.7162195, -34.1082927], [-54.720275, -34.1139556], [-54.7162648, -34.116428], [-54.7296972, -34.1285296], [-54.7243062, -34.1378012], [-54.7512925, -34.1463651], [-54.7503666, -34.1538642], [-54.7533921, -34.1574155], [-54.7479419, -34.1623161], [-54.7493417, -34.1676552], [-54.7538961, -34.1699854], [-54.7602637, -34.1674422], [-54.7632141, -34.1755152], [-54.7791035, -34.1872398], [-54.779023, -34.1961765], [-54.7746113, -34.1995625], [-54.7735574, -34.208815], [-54.7822606, -34.227689], [-54.781371, -34.2333881], [-54.7779176, -34.2342935], [-54.7794982, -34.2478438], [-54.7867054, -34.2560981], [-54.7810979, -34.2651061], [-54.7937727, -34.2898026], [-54.7998459, -34.2900309], [-54.8023889, -34.2846738], [-54.8107737, -34.27989], [-54.8156577, -34.2840633], [-54.8200988, -34.3040618], [-54.8181422, -34.3064018], [-54.8251462, -34.3155657], [-54.8222973, -34.3218609], [-54.8264158, -34.323338], [-54.8280219, -34.3340277], [-54.8356426, -34.3443882], [-54.8337758, -34.3481795], [-54.8427236, -34.3619968], [-54.8402957, -34.3709104], [-54.850279, -34.4073138], [-54.8674741, -34.4009156], [-54.8799485, -34.4113457], [-54.8886288, -34.4106007], [-54.8929096, -34.4203588], [-54.9031825, -34.4174603], [-54.9073614, -34.4229077], [-54.9173821, -34.4231732], [-54.9242219, -34.4146766], [-54.9300798, -34.4130613], [-54.9633711, -34.4423932], [-54.9933529, -34.432089], [-55.000578, -34.4489638], [-55.0210862, -34.4574834], [-55.0346965, -34.4732318], [-55.0521523, -34.4827173], [-55.0612504, -34.4833983], [-55.0674723, -34.4890459], [-55.0691407, -34.4966506], [-55.0949014, -34.5013443], [-55.1064134, -34.5131605], [-55.1201571, -34.5120908], [-55.1294322, -34.499289], [-55.1474137, -34.4924892], [-55.1774142, -34.5047768], [-55.1906429, -34.5043215], [-55.2020397, -34.5157467], [-55.2144047, -34.5190971], [-55.221832, -34.5320023], [-55.2207777, -34.5456567], [-55.2392312, -34.5403055], [-55.2468487, -34.5413837], [-55.2692397, -34.5579347], [-55.273204, -34.5559334], [-55.2864862, -34.5649854], [-55.2877517, -34.5732121], [-55.2927771, -34.5757298], [-55.314392, -34.5715981], [-55.3247029, -34.5750805], [-55.3207241, -34.5791563], [-55.3286372, -34.5886757], [-55.3240023, -34.5940387], [-55.3284741, -34.5983768], [-55.3229552, -34.6095249], [-55.3259335, -34.6180863], [-55.3152991, -34.6247328], [-55.3145958, -34.6304359], [-55.3205178, -34.6311421], [-55.3242705, -34.627052], [-55.3560927, -34.6209895], [-55.3665772, -34.6256112], [-55.3836843, -34.6246621], [-55.3901055, -34.6290366], [-55.4018481, -34.6229408], [-55.4155381, -34.6274432], [-55.4168672, -34.625014], [-55.4248883, -34.6293367], [-55.4259336, -34.6340941], [-55.4349734, -34.6355074], [-55.4382932, -34.6329642], [-55.4521334, -34.6349725], [-55.4540699, -34.6282765], [-55.4632761, -34.6188573], [-55.4671063, -34.6188837], [-55.4671492, -34.6232188], [-55.4718591, -34.6275799], [-55.4803487, -34.6269792], [-55.4835104, -34.658584], [-55.4731195, -34.6688822], [-55.4554915, -34.6786058], [-55.4461797, -34.6783098], [-55.4415046, -34.6838939], [-55.4457585, -34.70069], [-55.4413383, -34.7106214], [-55.4439132, -34.7146077], [-55.4507204, -34.7162311], [-55.4509942, -34.7427887], [-55.4545272, -34.7472034], [-55.4223268, -34.7500881], [-55.4152103, -34.7573922], [-55.4131074, -34.7658184], [-55.4065414, -34.7674049], [-55.3936668, -34.7831089], [-55.3948684, -34.7902285], [-55.40247976825243, -34.7912423141106]]]}}, {"type": "Feature", "properties": {"name": "Lavalleja", "country": "URY"}, "geometry": {"type": "Polygon", "coordinates": [[[-55.4803487, -34.6269792], [-55.4718591, -34.6275799], [-55.4671492, -34.6232188], [-55.4671063, -34.6188837], [-55.4632761, -34.6188573], [-55.4540699, -34.6282765], [-55.4521334, -34.6349725], [-55.4382932, -34.6329642], [-55.4349734, -34.6355074], [-55.4259336, -34.6340941], [-55.4248883, -34.6293367], [-55.4168672, -34.625014], [-55.4155381, -34.6274432], [-55.4018481, -34.6229408], [-55.3901055, -34.6290366], [-55.3836843, -34.6246621], [-55.3665772, -34.6256112], [-55.3560927, -34.6209895], [-55.3242705, -34.627052], [-55.3205178, -34.6311421], [-55.3145958, -34.6304359], [-55.3152991, -34.6247328], [-55.3259335, -34.6180863], [-55.3229552, -34.6095249], [-55.3284741, -34.5983768], [-55.3240023, -34.5940387], [-55.3286372, -34.5886757], [-55.3207241, -34.5791563], [-55.3247029, -34.5750805], [-55.314392, -34.5715981], [-55.2927771, -34.5757298], [-55.2877517, -34.5732121], [-55.2864862, -34.5649854], [-55.273204, -34.5559334], [-55.2692397, -34.5579347], [-55.2468487, -34.5413837], [-55.2392312, -34.5403055], [-55.2207777, -34.5456567], [-55.221832, -34.5320023], [-55.2144047, -34.5190971], [-55.2020397, -34.5157467], [-55.1906429, -34.5043215], [-55.1774142, -34.5047768], [-55.1474137, -34.4924892], [-55.1294322, -34.499289], [-55.1201571, -34.5120908], [-55.1064134, -34.5131605], [-55.0949014, -34.5013443], [-55.0691407, -34.4966506], [-55.0674723, -34.4890459], [-55.0612504, -34.4833983], [-55.0521523, -34.4827173], [-55.0346965, -34.4732318], [-55.0210862, -34.4574834], [-55.000578, -34.4489638], [-54.9933529, -34.432089], [-54.9633711, -34.4423932], [-54.9300798, -34.4130613], [-54.9242219, -34.4146766], [-54.9173821, -34.4231732], [-54.9073614, -34.4229077], [-54.9031825, -34.4174603], [-54.8929096, -34.4203588], [-54.8886288, -34.4106007], [-54.8799485, -34.4113457], [-54.8674741, -34.4009156], [-54.850279, -34.4073138], [-54.8402957, -34.3709104], [-54.8427236, -34.3619968], [-54.8337758, -34.3481795], [-54.8356426, -34.3443882], [-54.8280219, -34.3340277], [-54.8264158, -34.323338], [-54.8222973, -34.3218609], [-54.8251462, -34.3155657], [-54.8181422, -34.3064018], [-54.8200988, -34.3040618], [-54.8156577, -34.2840633], [-54.8107737, -34.27989], [-54.8023889, -34.2846738], [-54.7998459, -34.2900309], [-54.7937727, -34.2898026], [-54.7810979, -34.2651061], [-54.7867054, -34.2560981], [-54.7794982, -34.2478438], [-54.7779176, -34.2342935], [-54.781371, -34.2333881], [-54.7822606, -34.227689], [-54.7735574, -34.208815], [-54.7746113, -34.1995625], [-54.779023, -34.1961765], [-54.7791035, -34.1872398], [-54.7632141, -34.1755152], [-54.7602637, -34.1674422], [-54.7538961, -34.1699854], [-54.7493417, -34.1676552], [-54.7479419, -34.1623161], [-54.7533921, -34.1574155], [-54.7503666, -34.1538642], [-54.7512925, -34.1463651], [-54.7243062, -34.1378012], [-54.7296972, -34.1285296], [-54.7162648, -34.116428], [-54.720275, -34.1139556], [-54.7162195, -34.1082927], [-54.714578, -34.0941183], [-54.7175523, -34.0906962], [-54.7117671, -34.0753916], [-54.7162702, -34.0675918], [-54.7111365, -34.0648855], [-54.7089639, -34.0587038], [-54.6989163, -34.0575172], [-54.6971383, -34.0550608], [-54.7019526, -34.0518372], [-54.6888258, -34.0456501], [-54.6834829, -34.0466636], [-54.6790247, -34.0521083], [-54.6700769, -34.0412628], [-54.6506295, -34.0457325], [-54.6494493, -34.0507507], [-54.6438019, -34.0513438], [-54.6300208, -34.0450189], [-54.6181171, -34.0450322], [-54.6135399, -34.0488884], [-54.6006452, -34.0361241], [-54.5854265, -34.037072], [-54.5788708, -34.0276488], [-54.5810273, -34.0237061], [-54.5773543, -34.0193024], [-54.5787119, -34.0110953], [-54.5730236, -34.0115142], [-54.5596903, -34.0016161], [-54.5603335, -33.9987377], [-54.5468058, -33.9949777], [-54.5458581, -33.9908288], [-54.5520354, -33.9837973], [-54.5446818, -33.9765951], [-54.5508845, -33.9657668], [-54.5387326, -33.9592245], [-54.5411173, -33.9520843], [-54.5393986, -33.9436479], [-54.5293151, -33.9373517], [-54.524834, -33.9384549], [-54.5239775, -33.9350773], [-54.5193578, -33.9364853], [-54.5136494, -33.9314], [-54.5091201, -33.9317711], [-54.50355, -33.9393208], [-54.5004171, -33.9340057], [-54.4884164, -33.9349216], [-54.4891466, -33.9302998], [-54.4839548, -33.9289775], [-54.4863475, -33.9186595], [-54.4830147, -33.9188832], [-54.4850821, -33.9090243], [-54.481384, -33.900991], [-54.4762273, -33.8979227], [-54.4669411, -33.9009185], [-54.4468653, -33.8952191], [-54.4494402, -33.8905169], [-54.4456637, -33.8878094], [-54.447037, -33.8839618], [-54.4387972, -33.8775487], [-54.4331324, -33.8550278], [-54.4372523, -33.8478997], [-54.4321024, -33.8450483], [-54.4298708, -33.8337843], [-54.4240928, -33.8280642], [-54.4339524, -33.822814], [-54.4403596, -33.813613], [-54.4316416, -33.8101713], [-54.4319086, -33.7932877], [-54.4192541, -33.7844477], [-54.4194994, -33.7817245], [-54.4158353, -33.7827178], [-54.4182815, -33.7851071], [-54.4148744, -33.7885912], [-54.4111479, -33.783443], [-54.4143847, -33.7783665], [-54.3999932, -33.7700221], [-54.3943436, -33.7706527], [-54.3902085, -33.7645994], [-54.3912003, -33.7515536], [-54.3751717, -33.7379216], [-54.3813004, -33.7380168], [-54.3793159, -33.7299194], [-54.3894045, -33.7228441], [-54.385115, -33.7117471], [-54.392823, -33.6992747], [-54.3892969, -33.6955166], [-54.3919588, -33.6898502], [-54.3892544, -33.6841883], [-54.3924536, -33.6805753], [-54.3868559, -33.6716297], [-54.3915433, -33.664921], [-54.3855424, -33.6587499], [-54.3873791, -33.6383188], [-54.3820726, -33.6356613], [-54.381337, -33.6273456], [-54.3760756, -33.6235407], [-54.3727261, -33.6249607], [-54.3671012, -33.6184233], [-54.3700515, -33.6161105], [-54.3658917, -33.6137884], [-54.3572293, -33.6158112], [-54.3553716, -33.6117587], [-54.3483335, -33.6154756], [-54.3352873, -33.6154756], [-54.3246083, -33.6069323], [-54.3213827, -33.6130453], [-54.3173183, -33.6076688], [-54.3032724, -33.6043244], [-54.3007338, -33.6000494], [-54.3035299, -33.5963175], [-54.2894537, -33.5920278], [-54.2825872, -33.5798367], [-54.2681247, -33.5672148], [-54.2655423, -33.5553941], [-54.2705709, -33.5553779], [-54.2667085, -33.5486541], [-54.2600996, -33.5474738], [-54.2607862, -33.5441116], [-54.2544347, -33.5413932], [-54.2361313, -33.5430207], [-54.2320329, -33.5348114], [-54.2376345, -33.5355814], [-54.2392867, -33.5299293], [-54.234522, -33.5301788], [-54.23405, -33.5249735], [-54.2245657, -33.5228627], [-54.2182142, -33.5148483], [-54.2268402, -33.5081213], [-54.222377, -33.5036483], [-54.2273552, -33.5044713], [-54.2290718, -33.5016443], [-54.2282993, -33.4981372], [-54.225896, -33.4994971], [-54.2184288, -33.4928763], [-54.218542, -33.4876105], [-54.2085153, -33.4862192], [-54.2073566, -33.4817451], [-54.2039454, -33.4845384], [-54.1875726, -33.4829263], [-54.1864957, -33.4805434], [-54.1780454, -33.4865056], [-54.1756851, -33.480027], [-54.1723662, -33.4832191], [-54.1665165, -33.4791094], [-54.1585533, -33.4796332], [-54.1602426, -33.4770826], [-54.1579117, -33.4759803], [-54.1528005, -33.4826006], [-54.140122, -33.4808948], [-54.1346412, -33.4627231], [-54.1290591, -33.4585342], [-54.1347406, -33.4590478], [-54.1370409, -33.4556661], [-54.1530495, -33.4601776], [-54.1657749, -33.4527482], [-54.1843777, -33.4475203], [-54.1916089, -33.449266], [-54.1975312, -33.4459985], [-54.2008786, -33.448523], [-54.213088, -33.4353805], [-54.2317991, -33.4259074], [-54.234889, -33.4179736], [-54.2441802, -33.4158512], [-54.2461865, -33.4084986], [-54.258594, -33.4043251], [-54.2588573, -33.3971236], [-54.2683845, -33.3848155], [-54.2821742, -33.3838139], [-54.2835336, -33.3810349], [-54.2792635, -33.3777738], [-54.2907788, -33.3744248], [-54.2944695, -33.3673643], [-54.3235307, -33.3510362], [-54.3213635, -33.3565746], [-54.3259479, -33.3572207], [-54.3231369, -33.3593355], [-54.3237667, -33.3640651], [-54.3417697, -33.3592092], [-54.369743, -33.3682962], [-54.3619324, -33.3732242], [-54.3742706, -33.3744785], [-54.3742352, -33.3832388], [-54.3794419, -33.3846023], [-54.3797637, -33.3933454], [-54.383462, -33.396416], [-54.4316684, -33.382103], [-54.4296406, -33.3874064], [-54.4345008, -33.3865195], [-54.4335116, -33.3931466], [-54.4371293, -33.3983849], [-54.4351617, -33.3992049], [-54.4418925, -33.4065126], [-54.4388026, -33.4088054], [-54.4429225, -33.4098084], [-54.4417209, -33.4139639], [-54.4460124, -33.4131042], [-54.4465875, -33.4167723], [-54.4545955, -33.4214145], [-54.452939, -33.4296668], [-54.461275, -33.4313813], [-54.4608265, -33.4418193], [-54.4950771, -33.4438023], [-54.5006264, -33.4485697], [-54.5077792, -33.4461308], [-54.518459, -33.452562], [-54.5249489, -33.4506862], [-54.5323411, -33.4400027], [-54.5384263, -33.4379757], [-54.5527455, -33.4406454], [-54.5581098, -33.4356844], [-54.5787067, -33.4384555], [-54.5860881, -33.4278617], [-54.5934695, -33.42428], [-54.6065158, -33.4238502], [-54.6190471, -33.4278617], [-54.6217937, -33.4235637], [-54.6266002, -33.4245666], [-54.6307201, -33.4198385], [-54.6403331, -33.4181191], [-54.6566409, -33.4195519], [-54.6635074, -33.42428], [-54.6746654, -33.425856], [-54.6950931, -33.4202683], [-54.707281, -33.4221309], [-54.7191858, -33.4000065], [-54.7877853, -33.3426178], [-54.7932378, -33.342296], [-54.8012399, -33.3360662], [-54.817037, -33.3340261], [-54.8204508, -33.3224881], [-54.8283624, -33.3194283], [-54.8324222, -33.3209201], [-54.8339671, -33.3295262], [-54.8443008, -33.3304503], [-54.8472387, -33.3357964], [-54.8583412, -33.3271442], [-54.8638451, -33.3327872], [-54.8750567, -33.3334012], [-54.8709852, -33.3365564], [-54.874692, -33.3420508], [-54.8728734, -33.3454477], [-54.8808235, -33.3481185], [-54.8808951, -33.3562981], [-54.8889291, -33.3495838], [-54.9038558, -33.3540587], [-54.9113631, -33.3494942], [-54.9221188, -33.3491447], [-54.9269414, -33.3640296], [-54.9306726, -33.3648882], [-54.9380916, -33.3590277], [-54.9489033, -33.3729674], [-54.9547291, -33.3720849], [-54.9615043, -33.3649929], [-54.9601847, -33.3625197], [-54.951151, -33.3628468], [-54.957599, -33.3547324], [-54.9857812, -33.355963], [-54.9891579, -33.3523576], [-54.999581, -33.3573581], [-55.0015497, -33.339344], [-55.0127402, -33.3453353], [-55.0083409, -33.3477735], [-55.0097898, -33.3522003], [-55.0213335, -33.3478273], [-55.0216452, -33.3437668], [-55.0317732, -33.3384428], [-55.034471, -33.3499199], [-55.0502799, -33.3505692], [-55.0552903, -33.345739], [-55.0623767, -33.3482169], [-55.0681863, -33.3436998], [-55.0703053, -33.345636], [-55.0682346, -33.349624], [-55.0732986, -33.3512416], [-55.0729124, -33.353796], [-55.0802777, -33.3514256], [-55.0854866, -33.3569278], [-55.0914035, -33.3500544], [-55.094987, -33.3538226], [-55.0954322, -33.3709288], [-55.1047287, -33.3706603], [-55.1062415, -33.3734602], [-55.1004587, -33.3829299], [-55.106043, -33.3920404], [-55.1017783, -33.3933303], [-55.0996594, -33.4000751], [-55.104992, -33.4098962], [-55.0932627, -33.4184021], [-55.0962158, -33.4281957], [-55.1015802, -33.4319203], [-55.1172122, -33.4264183], [-55.1209029, -33.4318934], [-55.1247823, -33.4318367], [-55.1319794, -33.457945], [-55.1495793, -33.4681524], [-55.1521142, -33.4761351], [-55.1502745, -33.4816108], [-55.1549321, -33.4860827], [-55.1468777, -33.4827211], [-55.1432939, -33.4902057], [-55.1428711, -33.5097308], [-55.1505991, -33.5156976], [-55.1558524, -33.5158311], [-55.1681036, -33.5062474], [-55.1777585, -33.5038393], [-55.1936296, -33.5095609], [-55.2114567, -33.5090599], [-55.222958, -33.5256615], [-55.2226146, -33.5461229], [-55.2300218, -33.5577823], [-55.232571, -33.574017], [-55.2428964, -33.5889617], [-55.2504238, -33.5924651], [-55.2612887, -33.5892858], [-55.2701578, -33.5941199], [-55.2979147, -33.5968746], [-55.3323775, -33.6089852], [-55.3369514, -33.6150947], [-55.3390068, -33.6302641], [-55.3512689, -33.6334917], [-55.3588579, -33.6415293], [-55.3563389, -33.6495004], [-55.3496698, -33.6530013], [-55.3525623, -33.6617887], [-55.3474125, -33.6725039], [-55.3377994, -33.6800752], [-55.3427776, -33.6863602], [-55.339516, -33.7007856], [-55.3305897, -33.7003571], [-55.3268131, -33.7040702], [-55.3144535, -33.704927], [-55.3044968, -33.7106225], [-55.317715, -33.7244179], [-55.3199467, -33.7320559], [-55.3093036, -33.7496137], [-55.3105053, -33.7550374], [-55.3017129, -33.7633863], [-55.3115352, -33.7807236], [-55.3093036, -33.786716], [-55.3151401, -33.7932786], [-55.3153375, -33.8116083], [-55.3434643, -33.8296489], [-55.3484424, -33.8483273], [-55.3571972, -33.8648635], [-55.3562852, -33.8763549], [-55.3596004, -33.8789738], [-55.3602871, -33.8917993], [-55.3662952, -33.8974989], [-55.3671535, -33.903483], [-55.373505, -33.9010609], [-55.3826031, -33.9106065], [-55.3910145, -33.9113188], [-55.3962073, -33.9296855], [-55.4119096, -33.9444775], [-55.4093822, -33.9493477], [-55.4141887, -33.9504869], [-55.4149182, -33.9548029], [-55.4112525, -33.9585327], [-55.4140205, -33.9593502], [-55.4145321, -33.9662914], [-55.426968, -33.9841121], [-55.431914, -33.9838168], [-55.4299816, -33.987929], [-55.432289, -33.9929417], [-55.4361038, -33.9970598], [-55.440452, -33.9964326], [-55.4436144, -34.0061574], [-55.449831, -34.0074575], [-55.4427103, -34.0134741], [-55.4466327, -34.0172447], [-55.4454797, -34.0235626], [-55.4396204, -34.0264216], [-55.4442295, -34.0269195], [-55.4516436, -34.0404252], [-55.4654467, -34.0423964], [-55.4838833, -34.0577862], [-55.4971012, -34.0513862], [-55.5201038, -34.0582128], [-55.5310901, -34.0725754], [-55.534695, -34.0966025], [-55.5518612, -34.1098216], [-55.5544361, -34.1182068], [-55.5491146, -34.1287227], [-55.5491146, -34.137106], [-55.5724605, -34.1454885], [-55.5772671, -34.1497505], [-55.5791553, -34.1575636], [-55.5904656, -34.1596554], [-55.5915042, -34.1683553], [-55.6031772, -34.1768767], [-55.6061678, -34.1909875], [-55.6174165, -34.1978571], [-55.6241841, -34.207989], [-55.5717103, -34.3557906], [-55.562415, -34.3569813], [-55.5559686, -34.3736253], [-55.5508309, -34.376179], [-55.5436209, -34.3883141], [-55.5341013, -34.3886332], [-55.5362444, -34.3964481], [-55.5321283, -34.4053515], [-55.53745, -34.4128932], [-55.5346605, -34.4268901], [-55.5379542, -34.4279742], [-55.5376, -34.4353769], [-55.5434526, -34.440699], [-55.541854, -34.4502769], [-55.5379921, -34.4532423], [-55.5486561, -34.471021], [-55.5564074, -34.4703043], [-55.5524058, -34.4785742], [-55.5560966, -34.4796842], [-55.5455582, -34.4836937], [-55.5503432, -34.4916173], [-55.5460007, -34.4994744], [-55.5505739, -34.4973163], [-55.5502467, -34.5016311], [-55.5412613, -34.5071482], [-55.5345209, -34.5069986], [-55.532579, -34.5112952], [-55.5265057, -34.5111858], [-55.5273648, -34.5204272], [-55.5204278, -34.5162602], [-55.5190499, -34.5249928], [-55.5081816, -34.5257132], [-55.5079885, -34.5289572], [-55.5031819, -34.5289616], [-55.5007089, -34.536324], [-55.4965462, -34.5379369], [-55.4992659, -34.5417195], [-55.4948348, -34.5449453], [-55.4970439, -34.5486175], [-55.4930689, -34.5529872], [-55.497811, -34.5598792], [-55.4903974, -34.5622736], [-55.4920131, -34.5685504], [-55.4881175, -34.570331], [-55.4892387, -34.5782065], [-55.4951299, -34.5807546], [-55.4864277, -34.586099], [-55.4896946, -34.5909392], [-55.4864394, -34.597576], [-55.4805492, -34.597757], [-55.4787951, -34.6031882], [-55.4738866, -34.6057668], [-55.4799538, -34.6082703], [-55.4823409, -34.6196431], [-55.4803487, -34.6269792]]]}}, {"type": "Feature", "properties": {"name": "Florida", "country": "URY"}, "geometry": {"type": "Polygon", "coordinates": [[[-55.6241841, -34.207989], [-55.6174165, -34.1978571], [-55.6061678, -34.1909875], [-55.6031772, -34.1768767], [-55.5915042, -34.1683553], [-55.5904656, -34.1596554], [-55.5791553, -34.1575636], [-55.5772671, -34.1497505], [-55.5724605, -34.1454885], [-55.5491146, -34.137106], [-55.5491146, -34.1287227], [-55.5544361, -34.1182068], [-55.5518612, -34.1098216], [-55.534695, -34.0966025], [-55.5310901, -34.0725754], [-55.5201038, -34.0582128], [-55.4971012, -34.0513862], [-55.4838833, -34.0577862], [-55.4654467, -34.0423964], [-55.4516436, -34.0404252], [-55.4442295, -34.0269195], [-55.4396204, -34.0264216], [-55.4454797, -34.0235626], [-55.4466327, -34.0172447], [-55.4427103, -34.0134741], [-55.449831, -34.0074575], [-55.4436144, -34.0061574], [-55.440452, -33.9964326], [-55.4361038, -33.9970598], [-55.432289, -33.9929417], [-55.4299816, -33.987929], [-55.431914, -33.9838168], [-55.426968, -33.9841121], [-55.4145321, -33.9662914], [-55.4140205, -33.9593502], [-55.4112525, -33.9585327], [-55.4149182, -33.9548029], [-55.4141887, -33.9504869], [-55.4093822, -33.9493477], [-55.4119096, -33.9444775], [-55.3962073, -33.9296855], [-55.3910145, -33.9113188], [-55.3826031, -33.9106065], [-55.373505, -33.9010609], [-55.3671535, -33.903483], [-55.3662952, -33.8974989], [-55.3602871, -33.8917993], [-55.3596004, -33.8789738], [-55.3562852, -33.8763549], [-55.3571972, -33.8648635], [-55.3484424, -33.8483273], [-55.3434643, -33.8296489], [-55.3153375, -33.8116083], [-55.3151401, -33.7932786], [-55.3093036, -33.786716], [-55.3115352, -33.7807236], [-55.3017129, -33.7633863], [-55.3105053, -33.7550374], [-55.3093036, -33.7496137], [-55.3199467, -33.7320559], [-55.317715, -33.7244179], [-55.3044968, -33.7106225], [-55.3144535, -33.704927], [-55.3268131, -33.7040702], [-55.3305897, -33.7003571], [-55.339516, -33.7007856], [-55.3427776, -33.6863602], [-55.3377994, -33.6800752], [-55.3474125, -33.6725039], [-55.3525623, -33.6617887], [-55.3496698, -33.6530013], [-55.3563389, -33.6495004], [-55.3588579, -33.6415293], [-55.3512689, -33.6334917], [-55.3390068, -33.6302641], [-55.3369514, -33.6150947], [-55.3323775, -33.6089852], [-55.2979147, -33.5968746], [-55.2701578, -33.5941199], [-55.2612887, -33.5892858], [-55.2504238, -33.5924651], [-55.2428964, -33.5889617], [-55.232571, -33.574017], [-55.2300218, -33.5577823], [-55.2226146, -33.5461229], [-55.222958, -33.5256615], [-55.2114567, -33.5090599], [-55.1936296, -33.5095609], [-55.1777585, -33.5038393], [-55.1681036, -33.5062474], [-55.1558524, -33.5158311], [-55.1505991, -33.5156976], [-55.1428711, -33.5097308], [-55.1432939, -33.4902057], [-55.1468777, -33.4827211], [-55.1549321, -33.4860827], [-55.1502745, -33.4816108], [-55.1521142, -33.4761351], [-55.1495793, -33.4681524], [-55.1319794, -33.457945], [-55.1285822, -33.4454902], [-55.1330692, -33.4356961], [-55.1534376, -33.4246945], [-55.1485831, -33.414074], [-55.1571536, -33.4014198], [-55.1586915, -33.3775057], [-55.1419212, -33.3447604], [-55.1300327, -33.3391333], [-55.1321302, -33.3283274], [-55.1395223, -33.3241988], [-55.1420726, -33.3159428], [-55.1310749, -33.3089734], [-55.1175926, -33.2918215], [-55.1053193, -33.2880549], [-55.098206, -33.2737222], [-55.1018781, -33.26827], [-55.0987522, -33.2660729], [-55.109407, -33.2541924], [-55.1398229, -33.2312836], [-55.1318997, -33.2125076], [-55.1235476, -33.2059906], [-55.1173517, -33.1946341], [-55.1309127, -33.1808068], [-55.126101, -33.1729988], [-55.127367, -33.1579825], [-55.1198996, -33.1421462], [-55.13676, -33.1270887], [-55.1319019, -33.1082257], [-55.13821, -33.1019607], [-55.1476329, -33.1018595], [-55.1629966, -33.1086898], [-55.1695505, -33.1053184], [-55.1786607, -33.1079349], [-55.1774557, -33.1178347], [-55.1846689, -33.1250444], [-55.1913637, -33.1266257], [-55.1914445, -33.1308896], [-55.1961788, -33.1332744], [-55.1948375, -33.1392521], [-55.1983631, -33.1428596], [-55.1973028, -33.146924], [-55.2026933, -33.1499118], [-55.2023275, -33.1543723], [-55.2071041, -33.1599436], [-55.2219078, -33.1646819], [-55.2305111, -33.1719345], [-55.2325624, -33.1777895], [-55.2303308, -33.1843984], [-55.2402796, -33.1862594], [-55.2433695, -33.1927239], [-55.2498927, -33.1954533], [-55.250236, -33.2016299], [-55.2676854, -33.1988289], [-55.2708354, -33.1932985], [-55.2806201, -33.1989008], [-55.2900614, -33.1935858], [-55.3041377, -33.1990444], [-55.313579, -33.1930112], [-55.315124, -33.2014863], [-55.3287968, -33.2025635], [-55.3351483, -33.2144845], [-55.3496279, -33.2256141], [-55.3606143, -33.2294911], [-55.3686823, -33.2257577], [-55.3785786, -33.227409], [-55.3975504, -33.2451823], [-55.4090296, -33.2396297], [-55.4187474, -33.2541136], [-55.4341795, -33.2543814], [-55.4375313, -33.2584557], [-55.4382732, -33.2759332], [-55.4451311, -33.2750208], [-55.4552251, -33.2811277], [-55.4577729, -33.2797803], [-55.4669509, -33.2892753], [-55.4840392, -33.2813771], [-55.4927737, -33.2892128], [-55.5013784, -33.2836727], [-55.5200648, -33.2889855], [-55.5289216, -33.2868832], [-55.5370512, -33.2890367], [-55.5356784, -33.2995654], [-55.5401278, -33.304546], [-55.5586157, -33.3111063], [-55.5553562, -33.316442], [-55.5663762, -33.3158189], [-55.5717272, -33.3207848], [-55.5757183, -33.3199614], [-55.5832591, -33.3293738], [-55.6055994, -33.328909], [-55.6095945, -33.3338122], [-55.6148562, -33.3342299], [-55.6136005, -33.3386973], [-55.618664, -33.3449258], [-55.6175689, -33.3556556], [-55.621274, -33.3566421], [-55.6366458, -33.3776955], [-55.6647982, -33.3778388], [-55.6803593, -33.3703128], [-55.694839, -33.3692376], [-55.7075419, -33.3574811], [-55.7152667, -33.3452928], [-55.7350077, -33.3530362], [-55.7378659, -33.3705995], [-55.7427325, -33.3755453], [-55.7543454, -33.3741834], [-55.7616152, -33.3766921], [-55.7636752, -33.3878726], [-55.7727732, -33.4004848], [-55.8038439, -33.4135251], [-55.8138003, -33.4099428], [-55.8254733, -33.4130952], [-55.8366313, -33.4118056], [-55.854424, -33.4233398], [-55.8824648, -33.4315776], [-55.8931079, -33.4298585], [-55.9034075, -33.4183968], [-55.9327616, -33.4067903], [-55.9533009, -33.42291], [-55.9895815, -33.4179669], [-56.0168757, -33.4341562], [-56.0347285, -33.4321506], [-56.0482897, -33.4477644], [-56.0492596, -33.4726116], [-56.059149, -33.4808459], [-56.0668605, -33.4792827], [-56.0734248, -33.4845808], [-56.0811488, -33.4837592], [-56.0934941, -33.494944], [-56.1021113, -33.4880386], [-56.1066208, -33.4876089], [-56.1066953, -33.4900753], [-56.1118687, -33.4873768], [-56.1335806, -33.4879667], [-56.1392784, -33.4822055], [-56.1550265, -33.4814701], [-56.16726, -33.4728595], [-56.1728441, -33.4730944], [-56.1732727, -33.4680482], [-56.1804704, -33.4664156], [-56.1822164, -33.4617067], [-56.1891764, -33.4602102], [-56.1969736, -33.461188], [-56.2032729, -33.4742914], [-56.212378, -33.4795114], [-56.2148778, -33.4872678], [-56.2370512, -33.4893989], [-56.2413034, -33.4874249], [-56.2418158, -33.4821265], [-56.249988, -33.4735889], [-56.2606561, -33.4712873], [-56.2614235, -33.4659119], [-56.2506938, -33.4552914], [-56.2509957, -33.4510707], [-56.2611806, -33.4484632], [-56.2664063, -33.442239], [-56.2745419, -33.4410505], [-56.277946, -33.4349542], [-56.2875957, -33.4346805], [-56.291662, -33.4380059], [-56.2961515, -33.4351764], [-56.3179762, -33.4347061], [-56.3344114, -33.4393747], [-56.3345651, -33.4344154], [-56.3381513, -33.4330387], [-56.3525679, -33.4391951], [-56.366339, -33.4373483], [-56.3668206, -33.4337912], [-56.3723127, -33.4336373], [-56.3721795, -33.4289], [-56.375258, -33.4270753], [-56.3893524, -33.4260181], [-56.3918115, -33.4214002], [-56.3961969, -33.4212804], [-56.3969064, -33.416092], [-56.3926845, -33.4151861], [-56.3954387, -33.4077757], [-56.4035538, -33.4021217], [-56.4040149, -33.3956376], [-56.4078266, -33.3926862], [-56.4040003, -33.3831453], [-56.4068751, -33.3807529], [-56.4291439, -33.3909522], [-56.4322295, -33.394136], [-56.4309767, -33.3977258], [-56.4355921, -33.3976412], [-56.437057, -33.4035367], [-56.4227136, -33.4365811], [-56.4230355, -33.4626846], [-56.4180358, -33.4720105], [-56.4235281, -33.4926628], [-56.4300607, -33.5015737], [-56.4408968, -33.5047407], [-56.4523252, -33.5001423], [-56.4566811, -33.5047765], [-56.4687703, -33.4963489], [-56.4830182, -33.5072993], [-56.4908918, -33.4956573], [-56.4981874, -33.4964089], [-56.5111844, -33.4847519], [-56.5304963, -33.487329], [-56.5363608, -33.4926916], [-56.5251751, -33.498178], [-56.5162487, -33.5090567], [-56.5135021, -33.5259445], [-56.5168237, -33.5322551], [-56.5248317, -33.5363904], [-56.5240335, -33.5545746], [-56.5118456, -33.568593], [-56.5157337, -33.5820227], [-56.5098972, -33.5883149], [-56.5086956, -33.5967515], [-56.5000009, -33.6056304], [-56.4977693, -33.6119209], [-56.5000009, -33.6142083], [-56.4939928, -33.6214988], [-56.4904861, -33.6482917], [-56.4801731, -33.6703831], [-56.4818626, -33.6795397], [-56.4755522, -33.6964725], [-56.4659276, -33.710275], [-56.4676606, -33.719332], [-56.4629332, -33.7243064], [-56.4577838, -33.7449381], [-56.449507, -33.7501493], [-56.4322766, -33.7435808], [-56.4235285, -33.752402], [-56.4303064, -33.7771676], [-56.4280748, -33.7978545], [-56.430418, -33.8140939], [-56.4141102, -33.8259309], [-56.4153118, -33.8284977], [-56.4103336, -33.8336312], [-56.3962574, -33.836483], [-56.4101619, -33.8744027], [-56.4273281, -33.8819561], [-56.427523, -33.8901793], [-56.4326049, -33.8954156], [-56.4457358, -33.8975142], [-56.4541752, -33.9024973], [-56.4486139, -33.9095661], [-56.449179, -33.9203957], [-56.4459917, -33.9284589], [-56.4503545, -33.9357958], [-56.4584561, -33.941186], [-56.4546856, -33.9554784], [-56.446145, -33.957284], [-56.4440893, -33.9646816], [-56.4210172, -33.9647635], [-56.4192373, -33.9724287], [-56.422863, -33.979277], [-56.4191613, -33.9881246], [-56.4225943, -33.9954413], [-56.4224586, -34.0066342], [-56.4183115, -34.0113874], [-56.4210165, -34.0186448], [-56.4127254, -34.0410003], [-56.4163956, -34.054456], [-56.4149373, -34.0624458], [-56.4116838, -34.0668016], [-56.4073637, -34.0647638], [-56.3979714, -34.070503], [-56.3974191, -34.0752117], [-56.3988261, -34.0823842], [-56.4043746, -34.0822131], [-56.4013635, -34.0850909], [-56.4001421, -34.096754], [-56.4054328, -34.0998], [-56.4050059, -34.1052714], [-56.4115033, -34.1146164], [-56.4070692, -34.1176521], [-56.4084687, -34.1225877], [-56.4157221, -34.1253501], [-56.4306847, -34.1410208], [-56.4296819, -34.1499875], [-56.4402773, -34.1583434], [-56.4475522, -34.1586625], [-56.4498095, -34.1676465], [-56.4464491, -34.1740209], [-56.450466, -34.1779346], [-56.4493223, -34.185856], [-56.4554838, -34.1897524], [-56.446848, -34.1982946], [-56.4411174, -34.1987611], [-56.4423801, -34.2022325], [-56.4353374, -34.2068814], [-56.4351123, -34.2140004], [-56.4184955, -34.2203617], [-56.4152855, -34.2244974], [-56.4180629, -34.2305046], [-56.4100618, -34.235133], [-56.4147053, -34.2400776], [-56.4122843, -34.2445477], [-56.4157716, -34.2470922], [-56.4085137, -34.2489868], [-56.4172115, -34.2570644], [-56.4250209, -34.254861], [-56.4239992, -34.2647976], [-56.4297428, -34.2733428], [-56.42521, -34.2774878], [-56.4283689, -34.2831037], [-56.4214434, -34.2950881], [-56.4293102, -34.2995289], [-56.4202894, -34.3112629], [-56.4227795, -34.3135173], [-56.4211477, -34.3175014], [-56.4279369, -34.3222155], [-56.424753, -34.3352154], [-56.4326576, -34.3371002], [-56.4391143, -34.3335134], [-56.4471544, -34.3357855], [-56.4450945, -34.340463], [-56.4514008, -34.3399189], [-56.4602093, -34.3546749], [-56.4708394, -34.3591707], [-56.4705819, -34.3631385], [-56.4582223, -34.3646264], [-56.4557332, -34.3680979], [-56.4582223, -34.3692315], [-56.4567445, -34.3757103], [-56.4446424, -34.3734301], [-56.4437412, -34.3800447], [-56.4330713, -34.3816076], [-56.4301101, -34.3888545], [-56.4326206, -34.3930511], [-56.4284849, -34.3953086], [-56.4300243, -34.3980751], [-56.4228362, -34.4120876], [-56.4162004, -34.4135923], [-56.4051282, -34.4235052], [-56.3988867, -34.4224777], [-56.391652, -34.4264334], [-56.3925467, -34.4180959], [-56.3845898, -34.410037], [-56.3913987, -34.399844], [-56.3908408, -34.3893974], [-56.3848217, -34.3825465], [-56.3871138, -34.3785086], [-56.3851611, -34.3698836], [-56.3716642, -34.3622319], [-56.3649265, -34.3649242], [-56.3501819, -34.3594686], [-56.3347126, -34.3526138], [-56.3308543, -34.3472647], [-56.3244854, -34.3498354], [-56.3167633, -34.34851], [-56.3132169, -34.3541551], [-56.3074918, -34.3506754], [-56.3020014, -34.3527755], [-56.297028, -34.3620069], [-56.2780443, -34.3713954], [-56.2737153, -34.3714485], [-56.2617551, -34.3604974], [-56.2566548, -34.3646933], [-56.2408218, -34.3655521], [-56.2383245, -34.3712931], [-56.2403912, -34.3781125], [-56.2375001, -34.3802223], [-56.2221528, -34.3786939], [-56.2134911, -34.381126], [-56.20847, -34.3768846], [-56.2012495, -34.3767429], [-56.1948981, -34.3804265], [-56.1945547, -34.3839683], [-56.1837134, -34.3872212], [-56.1768521, -34.3794612], [-56.1770951, -34.375779], [-56.1718472, -34.3734775], [-56.1717355, -34.3578802], [-56.1653173, -34.3561701], [-56.1618723, -34.34603], [-56.1558835, -34.3454974], [-56.1464948, -34.3374846], [-56.1437105, -34.3387809], [-56.1389065, -34.3259134], [-56.1333897, -34.3259741], [-56.1332707, -34.3183845], [-56.1247067, -34.3040468], [-56.1286178, -34.3017026], [-56.1282074, -34.2963116], [-56.1226286, -34.2979321], [-56.1231435, -34.2928712], [-56.1182192, -34.2868785], [-56.1097305, -34.2869729], [-56.1029712, -34.2792492], [-56.0870274, -34.2802259], [-56.0706909, -34.2758056], [-56.0489233, -34.2592653], [-56.0322668, -34.2585249], [-55.9923951, -34.2701535], [-55.9773908, -34.2675947], [-55.97272, -34.2730292], [-55.9606114, -34.2763366], [-55.9529563, -34.2822104], [-55.9467068, -34.2748258], [-55.9328076, -34.2802337], [-55.9263864, -34.2779332], [-55.9191066, -34.2734513], [-55.9214026, -34.2701753], [-55.9179586, -34.2669967], [-55.9126457, -34.2678239], [-55.9081557, -34.2729441], [-55.8999288, -34.271381], [-55.8900207, -34.278775], [-55.8871272, -34.2846818], [-55.8865124, -34.28077], [-55.8806547, -34.284657], [-55.8769551, -34.281008], [-55.8593633, -34.277871], [-55.8501526, -34.2813905], [-55.8467838, -34.2805838], [-55.8420041, -34.2630867], [-55.8335605, -34.2657467], [-55.8291831, -34.256782], [-55.8205751, -34.2581729], [-55.8129718, -34.2531595], [-55.8140554, -34.2483263], [-55.8096995, -34.2442245], [-55.7969482, -34.2435859], [-55.7913724, -34.2338181], [-55.7752649, -34.2318779], [-55.7598314, -34.2173206], [-55.7424239, -34.2162737], [-55.7357291, -34.2123524], [-55.7237077, -34.2224756], [-55.7180963, -34.2196228], [-55.7159988, -34.2227765], [-55.7012, -34.214221], [-55.687982, -34.2166341], [-55.6797423, -34.2120916], [-55.6701292, -34.2183375], [-55.6624045, -34.2163502], [-55.6562247, -34.2190473], [-55.6421484, -34.2163502], [-55.6335654, -34.2076908], [-55.6241841, -34.207989]]]}}, {"type": "Feature", "properties": {"name": "San Jos\u00e9", "country": "URY"}, "geometry": {"type": "Polygon", "coordinates": [[[-56.391652, -34.4264334], [-56.3988867, -34.4224777], [-56.4051282, -34.4235052], [-56.4263606, -34.4088701], [-56.4284849, -34.3953086], [-56.4326206, -34.3930511], [-56.4301101, -34.3888545], [-56.4330713, -34.3816076], [-56.4437412, -34.3800447], [-56.4446424, -34.3734301], [-56.4567445, -34.3757103], [-56.4582223, -34.3692315], [-56.4557332, -34.3680979], [-56.4582223, -34.3646264], [-56.4705819, -34.3631385], [-56.4708394, -34.3591707], [-56.4602093, -34.3546749], [-56.4514008, -34.3399189], [-56.4450945, -34.340463], [-56.4471544, -34.3357855], [-56.4391143, -34.3335134], [-56.4326576, -34.3371002], [-56.424753, -34.3352154], [-56.4279369, -34.3222155], [-56.4211477, -34.3175014], [-56.4227795, -34.3135173], [-56.4202894, -34.3112629], [-56.4293102, -34.2995289], [-56.4214434, -34.2950881], [-56.4283689, -34.2831037], [-56.42521, -34.2774878], [-56.4297428, -34.2733428], [-56.4239992, -34.2647976], [-56.4250209, -34.254861], [-56.4172115, -34.2570644], [-56.4085137, -34.2489868], [-56.4157716, -34.2470922], [-56.4122843, -34.2445477], [-56.4147053, -34.2400776], [-56.4100618, -34.235133], [-56.4180629, -34.2305046], [-56.4152855, -34.2244974], [-56.4184955, -34.2203617], [-56.4351123, -34.2140004], [-56.4353374, -34.2068814], [-56.4423801, -34.2022325], [-56.4411174, -34.1987611], [-56.446848, -34.1982946], [-56.4554838, -34.1897524], [-56.4493223, -34.185856], [-56.450466, -34.1779346], [-56.4464491, -34.1740209], [-56.4498095, -34.1676465], [-56.4475522, -34.1586625], [-56.4402773, -34.1583434], [-56.4296819, -34.1499875], [-56.4306847, -34.1410208], [-56.4157221, -34.1253501], [-56.4084687, -34.1225877], [-56.4070692, -34.1176521], [-56.4115033, -34.1146164], [-56.4050059, -34.1052714], [-56.4054328, -34.0998], [-56.4001421, -34.096754], [-56.4013635, -34.0850909], [-56.4043746, -34.0822131], [-56.3988261, -34.0823842], [-56.3974191, -34.0752117], [-56.3979714, -34.070503], [-56.4073637, -34.0647638], [-56.4116838, -34.0668016], [-56.4149373, -34.0624458], [-56.4163956, -34.054456], [-56.4127254, -34.0410003], [-56.4210165, -34.0186448], [-56.4183115, -34.0113874], [-56.4224586, -34.0066342], [-56.4225943, -33.9954413], [-56.4191613, -33.9881246], [-56.422863, -33.979277], [-56.4192373, -33.9724287], [-56.4210172, -33.9647635], [-56.4440893, -33.9646816], [-56.446145, -33.957284], [-56.4546856, -33.9554784], [-56.4584561, -33.941186], [-56.4503545, -33.9357958], [-56.4459917, -33.9284589], [-56.449179, -33.9203957], [-56.4486139, -33.9095661], [-56.4541752, -33.9024973], [-56.4907547, -33.8772255], [-56.5005209, -33.8758821], [-56.5140234, -33.8637176], [-56.5304966, -33.868559], [-56.5488643, -33.8610044], [-56.5541858, -33.8622873], [-56.592073, -33.8421249], [-56.5950664, -33.8380587], [-56.5939663, -33.8321476], [-56.6126705, -33.8418478], [-56.6297128, -33.8608587], [-56.6287499, -33.8643774], [-56.6335522, -33.8661378], [-56.6379248, -33.8751915], [-56.6489415, -33.8774561], [-56.6569037, -33.8910366], [-56.6627957, -33.8911054], [-56.6841936, -33.9040639], [-56.7200481, -33.9110792], [-56.7258785, -33.9155109], [-56.7352467, -33.9126082], [-56.7507879, -33.9209064], [-56.7516565, -33.9251475], [-56.7605759, -33.9316516], [-56.771537, -33.9279828], [-56.7834031, -33.9390964], [-56.7956007, -33.9408019], [-56.7965556, -33.9522609], [-56.8054981, -33.9523276], [-56.8140768, -33.9577019], [-56.8104167, -33.9674125], [-56.8146712, -33.9705031], [-56.8250723, -33.9709071], [-56.8297071, -33.9842125], [-57.084362, -33.967783], [-57.0880613, -33.9772357], [-57.094181, -33.9828869], [-57.1025021, -33.9799169], [-57.1072682, -34.0015319], [-57.0875286, -34.0162489], [-57.086154, -34.0333118], [-57.0525496, -34.0440631], [-57.037698, -34.0623499], [-57.0286848, -34.0673694], [-57.0144604, -34.0824728], [-57.0067607, -34.1067056], [-56.9896803, -34.1129352], [-56.9878408, -34.1165233], [-56.9906147, -34.1215059], [-56.9823201, -34.127488], [-56.9897798, -34.1337431], [-56.9902996, -34.1441036], [-56.9947616, -34.1502543], [-57.011128, -34.1536683], [-57.0211186, -34.1697206], [-57.0415394, -34.1742075], [-57.0502013, -34.1928998], [-57.0644744, -34.1938392], [-57.0717084, -34.2000719], [-57.076093, -34.1977311], [-57.0948023, -34.2025695], [-57.10363, -34.2119413], [-57.1016972, -34.2161604], [-57.1082903, -34.2215649], [-57.1047969, -34.2236935], [-57.1039515, -34.2321927], [-57.1177136, -34.2468445], [-57.1145513, -34.2554524], [-57.1181451, -34.2767497], [-57.1105312, -34.2952391], [-57.1052707, -34.2970051], [-57.1038061, -34.3016845], [-57.0909618, -34.3034641], [-57.0888928, -34.3125473], [-57.1023303, -34.3168442], [-57.1032839, -34.3210904], [-57.10218, -34.32686], [-57.0914668, -34.3395307], [-57.0949201, -34.3445687], [-57.1022228, -34.3441872], [-57.1044434, -34.348457], [-57.1108427, -34.3484044], [-57.1105312, -34.3621501], [-57.106583, -34.3671096], [-57.107098, -34.3807042], [-57.1139763, -34.3982586], [-57.1126742, -34.409148], [-57.1254703, -34.4104127], [-57.1249835, -34.4167118], [-57.1206177, -34.4217477], [-57.12728, -34.4242882], [-57.1279435, -34.4286945], [-57.1337949, -34.4286945], [-57.1368043, -34.4338303], [-57.1441367, -34.433709], [-57.141972, -34.4373157], [-57.1495441, -34.4389363], [-57.1526125, -34.4488469], [-57.1339586, -34.4498812], [-57.1103571, -34.4631157], [-57.1077958, -34.4617534], [-57.1098736, -34.4641952], [-57.0963266, -34.4733397], [-57.0835152, -34.4873697], [-57.0595668, -34.5268465], [-57.0041499, -34.5564699], [-57.0010399, -34.5545398], [-56.9991799, -34.5546799], [-57.0033638, -34.5578892], [-56.9837614, -34.5702216], [-56.9548466, -34.5975676], [-56.9091635, -34.6287747], [-56.8949799, -34.6556299], [-56.8402833, -34.673754], [-56.8274649, -34.6800519], [-56.8208431, -34.6883397], [-56.7318598, -34.7008799], [-56.6438658, -34.7201271], [-56.5822657, -34.7464291], [-56.5593385, -34.7594318], [-56.5032134, -34.7502523], [-56.4558809, -34.7515361], [-56.4114598, -34.7709399], [-56.38308, -34.7762], [-56.3755499, -34.783349859667794], [-56.3491348, -34.7826946], [-56.3439077, -34.77709], [-56.3434957, -34.7710974], [-56.3475297, -34.7587582], [-56.3415473, -34.7515442], [-56.3497871, -34.7306673], [-56.3632127, -34.7141151], [-56.3784047, -34.7050486], [-56.4021369, -34.6998622], [-56.4194318, -34.7016263], [-56.4287659, -34.6912704], [-56.451039, -34.6879534], [-56.454558, -34.6834718], [-56.454794, -34.6739783], [-56.4659091, -34.6696194], [-56.4880441, -34.6438607], [-56.4812956, -34.6308492], [-56.4769827, -34.6115754], [-56.4784954, -34.603734], [-56.4927648, -34.5953354], [-56.4921425, -34.5788978], [-56.4764569, -34.5718218], [-56.4698694, -34.5575974], [-56.4576493, -34.5580833], [-56.4502786, -34.5543369], [-56.4493666, -34.5416737], [-56.4448927, -34.5333926], [-56.4294003, -34.5311211], [-56.4286492, -34.5392611], [-56.4241002, -34.541877], [-56.4205061, -34.5381917], [-56.4128779, -34.5375377], [-56.4160429, -34.5271701], [-56.4110003, -34.5264895], [-56.4086507, -34.5316514], [-56.4042197, -34.5303787], [-56.4015375, -34.5145382], [-56.391624, -34.5103831], [-56.3927935, -34.5058654], [-56.3991771, -34.5059626], [-56.4101313, -34.4956796], [-56.405829, -34.4860585], [-56.4176629, -34.4811768], [-56.4195297, -34.4659374], [-56.4168475, -34.4568791], [-56.4085649, -34.4556317], [-56.4010332, -34.4479879], [-56.4018057, -34.4422988], [-56.391652, -34.4264334]]]}}, {"type": "Feature", "properties": {"name": "Treinta y Tres", "country": "URY"}, "geometry": {"type": "Polygon", "coordinates": [[[-54.1347406, -33.4590478], [-54.1244013, -33.4579388], [-54.1251963, -33.4549644], [-54.1213972, -33.4545016], [-54.1224271, -33.4502048], [-54.1182178, -33.4513539], [-54.1122828, -33.4441347], [-54.1012138, -33.4486618], [-54.101439, -33.4518028], [-54.0874489, -33.4437838], [-54.0762914, -33.44985], [-54.0748774, -33.4456377], [-54.0643512, -33.4488033], [-54.0511687, -33.4453715], [-54.0482992, -33.4406478], [-54.0528453, -33.4386108], [-54.0507903, -33.4330741], [-54.0457039, -33.4351608], [-54.0454371, -33.4264036], [-54.0409495, -33.4174025], [-54.0343453, -33.4184434], [-54.0317179, -33.4134534], [-54.0204851, -33.4088545], [-54.0178329, -33.4144404], [-54.0116219, -33.4107719], [-54.0045052, -33.4119578], [-53.9936905, -33.3951911], [-53.9895706, -33.3997772], [-53.9861374, -33.3974842], [-53.9869957, -33.3721137], [-53.9906006, -33.3668093], [-53.9840775, -33.3607877], [-53.9794426, -33.3607877], [-53.9790993, -33.3636552], [-53.9759321, -33.3617412], [-53.9726706, -33.3565795], [-53.9739495, -33.3490301], [-53.9646797, -33.346449], [-53.9708596, -33.3428639], [-53.9694863, -33.3399958], [-53.9535618, -33.3398478], [-53.9540339, -33.3347432], [-53.950032, -33.3331118], [-53.9259647, -33.3408069], [-53.9244867, -33.3362939], [-53.9148637, -33.3355983], [-53.8989817, -33.3212698], [-53.8964529, -33.3244559], [-53.8900747, -33.3216006], [-53.8928105, -33.3133792], [-53.8877626, -33.3028841], [-53.8653822, -33.2910649], [-53.8666697, -33.2806791], [-53.8585836, -33.2777661], [-53.8522576, -33.2589372], [-53.8458351, -33.2582777], [-53.8452369, -33.2669302], [-53.8393575, -33.2755775], [-53.8352688, -33.2723785], [-53.8352968, -33.2635943], [-53.830694, -33.2600005], [-53.8177192, -33.2624017], [-53.8163549, -33.2568825], [-53.8101751, -33.2538321], [-53.8023216, -33.2592151], [-53.8055385, -33.2479534], [-53.8012916, -33.240732], [-53.8092739, -33.2388655], [-53.8109905, -33.2334454], [-53.8068277, -33.2291377], [-53.7946827, -33.225835], [-53.7942535, -33.2175419], [-53.8006908, -33.2107919], [-53.7988672, -33.2042652], [-53.7801705, -33.1987159], [-53.7709008, -33.2007987], [-53.7618886, -33.1917849], [-53.7483906, -33.1920108], [-53.7458812, -33.1800045], [-53.7411176, -33.1815131], [-53.7388423, -33.1899876], [-53.7282422, -33.1909214], [-53.7249806, -33.1880841], [-53.7256243, -33.1835228], [-53.7344394, -33.1779141], [-53.7338641, -33.1753334], [-53.7194875, -33.1774168], [-53.7094817, -33.1826186], [-53.7084302, -33.1781068], [-53.7048533, -33.1771653], [-53.705696, -33.1719129], [-53.6784497, -33.1683916], [-53.6700919, -33.1631556], [-53.6343863, -33.1553955], [-53.6260291, -33.1508263], [-53.6278901, -33.14841], [-53.62564998949911, -33.144859897065125], [-53.6251599, -33.1386999], [-53.6339997, -33.1499691], [-53.64364, -33.1335501], [-53.64457, -33.1238998], [-53.6260398, -33.1065598], [-53.60163, -33.0916501], [-53.61164, -33.0841199], [-53.6171499, -33.0640899], [-53.6215116, -33.0603156], [-53.619211813723076, -33.060913596116734], [-53.6153172, -33.0516876], [-53.6100229, -33.0480319], [-53.59711, -33.0467799], [-53.5909599, -33.0556398], [-53.5854498, -33.0549898], [-53.5773799, -33.0608099], [-53.5730399, -33.0742599], [-53.58061, -33.0879801], [-53.5920198, -33.0918499], [-53.57045989283573, -33.08535997327388], [-53.5690901, -33.08025], [-53.57291, -33.08557], [-53.56877011383513, -33.07948988121933], [-53.57204, -33.07145], [-53.57229, -33.0431801], [-53.5599499, -33.0280199], [-53.53797989507904, -33.01715997073767], [-53.525189889458346, -33.007139998519044], [-53.52347, -32.9897001], [-53.5069769, -32.9798796], [-53.5046599, -32.96078], [-53.4989899, -32.94711], [-53.4930698, -32.94945], [-53.48014, -32.9449499], [-53.43701, -32.9395099], [-53.34953, -32.9390098], [-53.33264983442163, -32.9345599920956], [-53.3384101, -32.93342], [-53.33483, -32.9302398], [-53.330489995859985, -32.93332993853953], [-53.33345, -32.93005], [-53.3419601, -32.92937], [-53.34549, -32.9361199], [-53.3507, -32.93718], [-53.34713, -32.9288901], [-53.3706699, -32.93153], [-53.37216, -32.92482], [-53.3694599, -32.9204999], [-53.34752007651492, -32.908839911578674], [-53.344390113656296, -32.905809929655916], [-53.3463299, -32.9025201], [-53.3411499, -32.8985498], [-53.3354399, -32.9013599], [-53.3269899, -32.8930299], [-53.3228199, -32.8967099], [-53.3205001, -32.8952099], [-53.3208599, -32.8916], [-53.3367401, -32.8931099], [-53.34265980472408, -32.88657002223846], [-53.35472, -32.88737], [-53.3504799, -32.8825699], [-53.3318698, -32.88164], [-53.3074499, -32.8676899], [-53.3055098, -32.87518], [-53.3116514, -32.8803879], [-53.30265000005285, -32.87652009747456], [-53.3048, -32.85926], [-53.296099986515785, -32.85273983965924], [-53.29301, -32.83301], [-53.30176, -32.82411], [-53.30925, -32.80778], [-53.31166, -32.7892301], [-53.3090095, -32.7702615], [-53.3210843, -32.76493], [-53.3321564, -32.7648579], [-53.3379071, -32.7593724], [-53.3431427, -32.7588671], [-53.3530991, -32.7631256], [-53.3535283, -32.7690439], [-53.3639138, -32.7771989], [-53.3657162, -32.7849202], [-53.3792775, -32.7887445], [-53.3839981, -32.7839822], [-53.3855431, -32.7757556], [-53.3937828, -32.7756113], [-53.4148114, -32.7601664], [-53.4416764, -32.7515767], [-53.4696143, -32.7527677], [-53.4701818, -32.7556315], [-53.4648681, -32.7588289], [-53.4729617, -32.7651105], [-53.4777027, -32.762862], [-53.484463, -32.7488336], [-53.4975092, -32.7461626], [-53.5003075, -32.7487937], [-53.4986133, -32.7523979], [-53.5067777, -32.756738], [-53.5042695, -32.7605669], [-53.5094316, -32.7614485], [-53.5192458, -32.752288], [-53.5271636, -32.7512327], [-53.5276841, -32.7552052], [-53.5432983, -32.7636916], [-53.5465767, -32.762259], [-53.5442398, -32.7592038], [-53.546245, -32.755848], [-53.5562506, -32.7574032], [-53.5653614, -32.7516272], [-53.5712292, -32.7612996], [-53.5887043, -32.762043], [-53.5968068, -32.764764], [-53.5952442, -32.7678435], [-53.6019621, -32.7709837], [-53.6077049, -32.7665476], [-53.6053144, -32.762883], [-53.6096785, -32.7630254], [-53.6131445, -32.758973], [-53.6214784, -32.7587388], [-53.6207518, -32.7616799], [-53.6282193, -32.7658469], [-53.6370132, -32.7615386], [-53.6386593, -32.7576738], [-53.6456781, -32.7588342], [-53.6511341, -32.7530997], [-53.6527225, -32.7556336], [-53.6584208, -32.754148], [-53.6557642, -32.7511204], [-53.6661202, -32.7538927], [-53.6734857, -32.7525665], [-53.6744353, -32.748225], [-53.6833824, -32.7493846], [-53.6853057, -32.7538997], [-53.7031351, -32.761701], [-53.712197, -32.7540318], [-53.711275, -32.759273], [-53.7139216, -32.7619789], [-53.7298615, -32.7694036], [-53.7445504, -32.7698607], [-53.7464487, -32.7730595], [-53.7656014, -32.7669689], [-53.7810159, -32.7725172], [-53.7882011, -32.7704246], [-53.7925396, -32.7765396], [-53.8002169, -32.7760226], [-53.8034929, -32.7685467], [-53.8130684, -32.7711229], [-53.8206192, -32.7669131], [-53.8278392, -32.7701034], [-53.8267734, -32.7724732], [-53.8320057, -32.7764801], [-53.8386834, -32.7782004], [-53.845122, -32.7683083], [-53.8493487, -32.7677678], [-53.8470234, -32.7708555], [-53.8512313, -32.7717591], [-53.8576433, -32.7649054], [-53.875114, -32.7605839], [-53.8813018, -32.7515057], [-53.8889118, -32.7483908], [-53.8858479, -32.7400065], [-53.8930431, -32.7353377], [-53.9029358, -32.7350054], [-53.9047232, -32.7280158], [-53.9103425, -32.7238903], [-53.9183294, -32.7246792], [-53.9419838, -32.712893], [-53.93933, -32.7060412], [-53.9665602, -32.7043003], [-53.968287, -32.7005923], [-53.9777148, -32.6983383], [-53.9900401, -32.7141044], [-53.9974558, -32.7159604], [-54.0091288, -32.7122051], [-54.0268248, -32.7195296], [-54.0365011, -32.7298927], [-54.0439362, -32.7557751], [-54.0524282, -32.7576872], [-54.0532252, -32.7765309], [-54.0444974, -32.7798721], [-54.0479756, -32.7822487], [-54.0479071, -32.7937845], [-54.0410578, -32.7952167], [-54.0427487, -32.8015152], [-54.030329, -32.8080549], [-54.0338269, -32.8147589], [-54.0598489, -32.8036721], [-54.0689745, -32.8058015], [-54.0736523, -32.7944146], [-54.0827598, -32.7965498], [-54.085497, -32.7900855], [-54.1011182, -32.7900855], [-54.1048058, -32.7856525], [-54.1276093, -32.7824726], [-54.1307106, -32.7768356], [-54.1219929, -32.7723614], [-54.1234662, -32.7698562], [-54.1325322, -32.771612], [-54.1296139, -32.7615077], [-54.1418242, -32.7755677], [-54.1446295, -32.7744134], [-54.1434365, -32.7694466], [-54.1508275, -32.7689409], [-54.1544268, -32.7739488], [-54.1593774, -32.7715852], [-54.1551112, -32.7612883], [-54.1584575, -32.7531253], [-54.1665581, -32.7595142], [-54.1713277, -32.7580431], [-54.170966, -32.7518696], [-54.1819973, -32.7511858], [-54.1984146, -32.7567213], [-54.202482, -32.7551701], [-54.2008534, -32.7489479], [-54.204115, -32.7454828], [-54.2106069, -32.744072], [-54.2180196, -32.7475041], [-54.2235571, -32.7391818], [-54.2274609, -32.7404293], [-54.2366316, -32.7308624], [-54.247354, -32.7366438], [-54.253448, -32.7319147], [-54.2864499, -32.7366799], [-54.2868941, -32.7308209], [-54.2952272, -32.7250544], [-54.2956488, -32.7213257], [-54.3035527, -32.725596], [-54.3054335, -32.7219034], [-54.3105404, -32.7227699], [-54.3146603, -32.7135267], [-54.3225825, -32.7109052], [-54.3303072, -32.7191377], [-54.3349421, -32.7165381], [-54.3335431, -32.7135267], [-54.3405812, -32.7116491], [-54.3416111, -32.716993], [-54.3654978, -32.7168269], [-54.379205, -32.723492], [-54.3845522, -32.7347342], [-54.3842089, -32.7592786], [-54.3898737, -32.7666406], [-54.392015, -32.7676383], [-54.4047825, -32.749772], [-54.4245493, -32.7526378], [-54.4365656, -32.7614439], [-54.4379389, -32.7787649], [-54.453706, -32.7812401], [-54.4823134, -32.7941344], [-54.4873774, -32.787857], [-54.5085803, -32.7813307], [-54.5088121, -32.7891564], [-54.5151865, -32.796804], [-54.5282071, -32.8002887], [-54.5310365, -32.8105607], [-54.5522412, -32.794746], [-54.5770852, -32.8008669], [-54.5824778, -32.8155607], [-54.5912831, -32.8184553], [-54.5994583, -32.826706], [-54.6178471, -32.8326182], [-54.6241737, -32.8469054], [-54.641652, -32.8318112], [-54.6414205, -32.8234768], [-54.6521273, -32.8222885], [-54.666828, -32.8115071], [-54.6779215, -32.7979583], [-54.6893414, -32.7942917], [-54.7237595, -32.8145824], [-54.7448265, -32.83967], [-54.7566023, -32.837559], [-54.7837841, -32.849156], [-54.8036131, -32.8468924], [-54.8550761, -32.8514761], [-54.8595393, -32.8569054], [-54.8553797, -32.8648005], [-54.8756894, -32.8803713], [-54.9032196, -32.9104601], [-54.9615281, -32.9108568], [-54.9747637, -32.9154611], [-54.9827099, -32.9245005], [-55.0076237, -32.9336046], [-55.0065211, -32.9384118], [-55.0191819, -32.9499185], [-55.0243325, -32.9646016], [-55.0323714, -32.9746429], [-55.0231652, -32.9876341], [-55.014863, -32.994199], [-55.010538, -32.9937166], [-55.0058418, -33.0017731], [-55.0104397, -33.0229154], [-55.0184764, -33.0387151], [-55.0396959, -33.0454178], [-55.043348, -33.0499864], [-55.0384357, -33.0558577], [-55.0395028, -33.0607223], [-55.0786093, -33.0760658], [-55.1024685, -33.0796189], [-55.134567, -33.1044501], [-55.1319019, -33.1082257], [-55.13676, -33.1270887], [-55.1198996, -33.1421462], [-55.127367, -33.1579825], [-55.126101, -33.1729988], [-55.1309127, -33.1808068], [-55.1173517, -33.1946341], [-55.1235476, -33.2059906], [-55.1318997, -33.2125076], [-55.1398229, -33.2312836], [-55.109407, -33.2541924], [-55.0987522, -33.2660729], [-55.1018781, -33.26827], [-55.098206, -33.2737222], [-55.1053193, -33.2880549], [-55.1175926, -33.2918215], [-55.1310749, -33.3089734], [-55.1420726, -33.3159428], [-55.1395223, -33.3241988], [-55.1321302, -33.3283274], [-55.1300327, -33.3391333], [-55.1419212, -33.3447604], [-55.1586915, -33.3775057], [-55.1571536, -33.4014198], [-55.1485831, -33.414074], [-55.1534376, -33.4246945], [-55.1330692, -33.4356961], [-55.1285822, -33.4454902], [-55.1263347, -33.4339627], [-55.1172122, -33.4264183], [-55.1015802, -33.4319203], [-55.0962158, -33.4281957], [-55.0932627, -33.4184021], [-55.104992, -33.4098962], [-55.0996594, -33.4000751], [-55.1017783, -33.3933303], [-55.106043, -33.3920404], [-55.1004587, -33.3829299], [-55.1062415, -33.3734602], [-55.1047287, -33.3706603], [-55.0954322, -33.3709288], [-55.094987, -33.3538226], [-55.0914035, -33.3500544], [-55.0854866, -33.3569278], [-55.0802777, -33.3514256], [-55.0729124, -33.353796], [-55.0732986, -33.3512416], [-55.0682346, -33.349624], [-55.0703053, -33.345636], [-55.0681863, -33.3436998], [-55.0623767, -33.3482169], [-55.0552903, -33.345739], [-55.0502799, -33.3505692], [-55.034471, -33.3499199], [-55.0317732, -33.3384428], [-55.0216452, -33.3437668], [-55.0213335, -33.3478273], [-55.0097898, -33.3522003], [-55.0083409, -33.3477735], [-55.0127402, -33.3453353], [-55.0015497, -33.339344], [-54.999581, -33.3573581], [-54.9891579, -33.3523576], [-54.9857812, -33.355963], [-54.957599, -33.3547324], [-54.951151, -33.3628468], [-54.9601847, -33.3625197], [-54.9615043, -33.3649929], [-54.9547291, -33.3720849], [-54.9489033, -33.3729674], [-54.9380916, -33.3590277], [-54.9306726, -33.3648882], [-54.9269414, -33.3640296], [-54.9221188, -33.3491447], [-54.9113631, -33.3494942], [-54.9038558, -33.3540587], [-54.8889291, -33.3495838], [-54.8808951, -33.3562981], [-54.8808235, -33.3481185], [-54.8728734, -33.3454477], [-54.874692, -33.3420508], [-54.8709852, -33.3365564], [-54.8750567, -33.3334012], [-54.8638451, -33.3327872], [-54.8583412, -33.3271442], [-54.8472387, -33.3357964], [-54.8443008, -33.3304503], [-54.8339671, -33.3295262], [-54.8324222, -33.3209201], [-54.8283624, -33.3194283], [-54.8204508, -33.3224881], [-54.817037, -33.3340261], [-54.8012399, -33.3360662], [-54.7932378, -33.342296], [-54.7877853, -33.3426178], [-54.7191858, -33.4000065], [-54.707281, -33.4221309], [-54.6950931, -33.4202683], [-54.6746654, -33.425856], [-54.6635074, -33.42428], [-54.6566409, -33.4195519], [-54.6403331, -33.4181191], [-54.6307201, -33.4198385], [-54.6266002, -33.4245666], [-54.6217937, -33.4235637], [-54.6190471, -33.4278617], [-54.6065158, -33.4238502], [-54.5934695, -33.42428], [-54.5860881, -33.4278617], [-54.5787067, -33.4384555], [-54.5581098, -33.4356844], [-54.5527455, -33.4406454], [-54.5384263, -33.4379757], [-54.5323411, -33.4400027], [-54.5249489, -33.4506862], [-54.518459, -33.452562], [-54.5077792, -33.4461308], [-54.5006264, -33.4485697], [-54.4950771, -33.4438023], [-54.4635076, -33.4434312], [-54.4608265, -33.4418193], [-54.461275, -33.4313813], [-54.452939, -33.4296668], [-54.4545955, -33.4214145], [-54.4465875, -33.4167723], [-54.4460124, -33.4131042], [-54.4417209, -33.4139639], [-54.4429225, -33.4098084], [-54.4388026, -33.4088054], [-54.4418925, -33.4065126], [-54.4351617, -33.3992049], [-54.4371293, -33.3983849], [-54.4335116, -33.3931466], [-54.4345008, -33.3865195], [-54.4296406, -33.3874064], [-54.4316684, -33.382103], [-54.383462, -33.396416], [-54.3797637, -33.3933454], [-54.3794419, -33.3846023], [-54.3742352, -33.3832388], [-54.3742706, -33.3744785], [-54.3619324, -33.3732242], [-54.369743, -33.3682962], [-54.3417697, -33.3592092], [-54.3237667, -33.3640651], [-54.3231369, -33.3593355], [-54.3259479, -33.3572207], [-54.3213635, -33.3565746], [-54.3235307, -33.3510362], [-54.2944695, -33.3673643], [-54.2907788, -33.3744248], [-54.2792635, -33.3777738], [-54.2835336, -33.3810349], [-54.2821742, -33.3838139], [-54.2683845, -33.3848155], [-54.2588573, -33.3971236], [-54.258594, -33.4043251], [-54.2461865, -33.4084986], [-54.2441802, -33.4158512], [-54.234889, -33.4179736], [-54.2317991, -33.4259074], [-54.213088, -33.4353805], [-54.2008786, -33.448523], [-54.1975312, -33.4459985], [-54.1916089, -33.449266], [-54.1843777, -33.4475203], [-54.1657749, -33.4527482], [-54.1530495, -33.4601776], [-54.1370409, -33.4556661], [-54.1347406, -33.4590478]]]}}, {"type": "Feature", "properties": {"name": "Flores", "country": "URY"}, "geometry": {"type": "Polygon", "coordinates": [[[-56.5363608, -33.4926916], [-56.5540142, -33.4897318], [-56.5648139, -33.4765631], [-56.563056, -33.4665256], [-56.5664915, -33.4564274], [-56.5715011, -33.4544769], [-56.5738181, -33.4440881], [-56.5769909, -33.4425118], [-56.5701235, -33.4278884], [-56.5747603, -33.4236127], [-56.5740402, -33.4172536], [-56.5808692, -33.4024894], [-56.6119699, -33.3980988], [-56.6235718, -33.3930468], [-56.6308489, -33.3787025], [-56.6321538, -33.3573118], [-56.6260556, -33.3549976], [-56.6442371, -33.3508349], [-56.652634, -33.3425712], [-56.6523895, -33.3200964], [-56.669617, -33.320957], [-56.677613, -33.3156765], [-56.6764757, -33.3044956], [-56.6713014, -33.3005135], [-56.6742407, -33.2943832], [-56.6838679, -33.2892149], [-56.6995952, -33.2882232], [-56.7267006, -33.2706563], [-56.7384991, -33.2708817], [-56.7440695, -33.2860868], [-56.7563662, -33.2800079], [-56.7612228, -33.2703434], [-56.7687008, -33.2663964], [-56.7880556, -33.2647638], [-56.7927093, -33.2685781], [-56.7907683, -33.2764524], [-56.7978408, -33.2813745], [-56.8028838, -33.2787858], [-56.8042109, -33.2712411], [-56.8125274, -33.2635477], [-56.8266832, -33.2690959], [-56.8601262, -33.2614763], [-56.8575604, -33.2518584], [-56.8482583, -33.2462717], [-56.8477399, -33.2396496], [-56.851994, -33.2315838], [-56.8642785, -33.2297706], [-56.8632228, -33.2203449], [-56.8705838, -33.214542], [-56.87115, -33.2003291], [-56.8799973, -33.1913265], [-56.909068, -33.1979192], [-56.9095121, -33.1823229], [-56.9119894, -33.1794794], [-56.9240926, -33.186114], [-56.937399, -33.1789463], [-56.9478655, -33.1782388], [-56.9895792, -33.1844167], [-56.9943857, -33.1808249], [-56.9983339, -33.1660255], [-57.0067453, -33.1592716], [-57.0136118, -33.1611397], [-57.0132684, -33.1743595], [-57.0184183, -33.1778078], [-57.0381593, -33.1779515], [-57.048459, -33.1723479], [-57.0637369, -33.1739284], [-57.0817613, -33.1691868], [-57.0865679, -33.1545291], [-57.1013307, -33.1486366], [-57.1030473, -33.1279379], [-57.1145487, -33.1195995], [-57.1422996, -33.1200222], [-57.1578073, -33.1259252], [-57.1653604, -33.1401565], [-57.1660471, -33.1588404], [-57.17875, -33.1657381], [-57.1748018, -33.1783825], [-57.1761751, -33.1875772], [-57.1924829, -33.1865716], [-57.2060442, -33.1917433], [-57.2110224, -33.2035221], [-57.2196913, -33.2128219], [-57.2124986, -33.2237578], [-57.2188501, -33.2250502], [-57.2246866, -33.2181572], [-57.2347116, -33.2196077], [-57.2404794, -33.2244758], [-57.2406511, -33.2375425], [-57.2570276, -33.2484681], [-57.2678539, -33.2498245], [-57.2783136, -33.2595216], [-57.2804765, -33.2686934], [-57.3068094, -33.2941084], [-57.3036508, -33.3094457], [-57.3079424, -33.327233], [-57.3211603, -33.3338305], [-57.3325586, -33.3334146], [-57.3391847, -33.3379896], [-57.341073, -33.3442996], [-57.3371935, -33.3523441], [-57.3608672, -33.3760708], [-57.3467378, -33.3906064], [-57.2935228, -33.4238518], [-57.2885446, -33.4320179], [-57.2921495, -33.4404697], [-57.2851336, -33.4475624], [-57.2918062, -33.4633858], [-57.2906046, -33.4701163], [-57.2847681, -33.4734097], [-57.2806482, -33.4808552], [-57.2722368, -33.4835756], [-57.2614221, -33.481428], [-57.2545557, -33.487298], [-57.256444, -33.505192], [-57.2495775, -33.5150679], [-57.2519808, -33.525372], [-57.2468309, -33.5299513], [-57.2478609, -33.5346733], [-57.2425394, -33.5446889], [-57.2258882, -33.5506978], [-57.2222833, -33.5637154], [-57.2092371, -33.5671483], [-57.202199, -33.5906029], [-57.1932404, -33.5947049], [-57.1721582, -33.5913178], [-57.1659784, -33.6041864], [-57.1593441, -33.6096116], [-57.1716432, -33.6293461], [-57.1640901, -33.6384932], [-57.1643205, -33.6538993], [-57.1737032, -33.6599209], [-57.1765184, -33.6769435], [-57.1912126, -33.6869211], [-57.2021453, -33.7143413], [-57.2022526, -33.7255764], [-57.1976067, -33.7493688], [-57.1889059, -33.7582248], [-57.1879588, -33.766738], [-57.1788208, -33.7737974], [-57.1778442, -33.7854212], [-57.1654205, -33.7887074], [-57.1469251, -33.8016698], [-57.1290712, -33.8249326], [-57.1302622, -33.8321474], [-57.1211426, -33.8405689], [-57.1215181, -33.8561577], [-57.1176386, -33.8584599], [-57.1153383, -33.8679889], [-57.1177416, -33.8745452], [-57.1120767, -33.8811011], [-57.1161966, -33.8869439], [-57.1184282, -33.9003381], [-57.1067552, -33.9188586], [-57.102807, -33.9188586], [-57.0892458, -33.9534668], [-57.0941217, -33.9543081], [-57.0928333, -33.9647699], [-57.1025021, -33.9799169], [-57.0974254, -33.9830506], [-57.0880613, -33.9772357], [-57.084362, -33.967783], [-56.8297071, -33.9842125], [-56.8250723, -33.9709071], [-56.8146712, -33.9705031], [-56.8104167, -33.9674125], [-56.8140768, -33.9577019], [-56.8054981, -33.9523276], [-56.7965556, -33.9522609], [-56.7956007, -33.9408019], [-56.7834031, -33.9390964], [-56.771537, -33.9279828], [-56.7605759, -33.9316516], [-56.7516565, -33.9251475], [-56.7507879, -33.9209064], [-56.7352467, -33.9126082], [-56.7258785, -33.9155109], [-56.7200481, -33.9110792], [-56.6841936, -33.9040639], [-56.6627957, -33.8911054], [-56.6569037, -33.8910366], [-56.6489415, -33.8774561], [-56.6379248, -33.8751915], [-56.6335522, -33.8661378], [-56.6287499, -33.8643774], [-56.6297128, -33.8608587], [-56.6126705, -33.8418478], [-56.5939663, -33.8321476], [-56.5950664, -33.8380587], [-56.5827738, -33.8491243], [-56.5541858, -33.8622873], [-56.5488643, -33.8610044], [-56.5304966, -33.868559], [-56.5140234, -33.8637176], [-56.5005209, -33.8758821], [-56.4907547, -33.8772255], [-56.4594154, -33.9007098], [-56.4541752, -33.9024973], [-56.4457358, -33.8975142], [-56.4326049, -33.8954156], [-56.427523, -33.8901793], [-56.4273281, -33.8819561], [-56.4101619, -33.8744027], [-56.3962574, -33.836483], [-56.4103336, -33.8336312], [-56.4153118, -33.8284977], [-56.4141102, -33.8259309], [-56.430418, -33.8140939], [-56.4280748, -33.7978545], [-56.4303064, -33.7771676], [-56.4235285, -33.752402], [-56.4322766, -33.7435808], [-56.449507, -33.7501493], [-56.4577838, -33.7449381], [-56.4629332, -33.7243064], [-56.4676606, -33.719332], [-56.4659276, -33.710275], [-56.4755522, -33.6964725], [-56.4818626, -33.6795397], [-56.4801731, -33.6703831], [-56.4904861, -33.6482917], [-56.4939928, -33.6214988], [-56.5000009, -33.6142083], [-56.4977693, -33.6119209], [-56.5000009, -33.6056304], [-56.5086956, -33.5967515], [-56.5098972, -33.5883149], [-56.5157337, -33.5820227], [-56.5118456, -33.568593], [-56.5240335, -33.5545746], [-56.5248317, -33.5363904], [-56.5168237, -33.5322551], [-56.5135021, -33.5259445], [-56.5162487, -33.5090567], [-56.5251751, -33.498178], [-56.5363608, -33.4926916]]]}}, {"type": "Feature", "properties": {"name": "Durazno", "country": "URY"}, "geometry": {"type": "Polygon", "coordinates": [[[-55.134567, -33.1044501], [-55.1024685, -33.0796189], [-55.0786093, -33.0760658], [-55.0395028, -33.0607223], [-55.0384357, -33.0558577], [-55.043348, -33.0499864], [-55.0396959, -33.0454178], [-55.0184764, -33.0387151], [-55.0104397, -33.0229154], [-55.0058418, -33.0017731], [-55.0393327, -33.0064094], [-55.0444763, -33.0036438], [-55.050921, -33.00683], [-55.0746312, -32.9984458], [-55.0846734, -33.0102506], [-55.0918831, -33.0096748], [-55.1013245, -33.0146409], [-55.1057019, -33.0232052], [-55.1214089, -33.0268753], [-55.1481136, -33.0137374], [-55.1559244, -33.0160175], [-55.1558384, -33.0110024], [-55.1649278, -33.0095341], [-55.1663011, -33.0184586], [-55.1594906, -33.0186588], [-55.1587911, -33.0276436], [-55.1855231, -33.0257978], [-55.1882439, -33.0175361], [-55.1954794, -33.0131314], [-55.1927329, -33.0036305], [-55.2126456, -32.9935526], [-55.2145339, -32.9732494], [-55.2325613, -32.9538315], [-55.2442313, -32.9481879], [-55.2541641, -32.9504101], [-55.2615128, -32.941175], [-55.2697831, -32.9451052], [-55.274787, -32.9438663], [-55.2794219, -32.932773], [-55.2957297, -32.9247044], [-55.2931548, -32.9144734], [-55.2998496, -32.9053942], [-55.3113413, -32.9029721], [-55.3209639, -32.8915574], [-55.3211449, -32.8589715], [-55.3173683, -32.84282], [-55.3203123, -32.8308054], [-55.3300627, -32.8221936], [-55.3235739, -32.8067135], [-55.3353842, -32.7937705], [-55.3412207, -32.795935], [-55.352207, -32.7875653], [-55.3518637, -32.7783288], [-55.3479155, -32.7738545], [-55.3535085, -32.75833], [-55.3505216, -32.7582025], [-55.3466675, -32.7487332], [-55.3230354, -32.7547838], [-55.3165624, -32.7475925], [-55.3223465, -32.7374746], [-55.3192419, -32.7241573], [-55.316903, -32.724577], [-55.318904, -32.7183038], [-55.3357489, -32.7021587], [-55.3355344, -32.6922678], [-55.3285285, -32.6784972], [-55.3306032, -32.6713389], [-55.3261969, -32.6704072], [-55.3275031, -32.6637215], [-55.3342355, -32.6622944], [-55.3362364, -32.6554567], [-55.3332028, -32.6548831], [-55.3354156, -32.6536591], [-55.3298769, -32.6290021], [-55.3228173, -32.622189], [-55.3260608, -32.6180066], [-55.3209988, -32.6124948], [-55.3222809, -32.6073614], [-55.3153105, -32.6042471], [-55.3138406, -32.5893601], [-55.3091672, -32.5836324], [-55.3033307, -32.5829908], [-55.3023329, -32.5742123], [-55.292044, -32.5645468], [-55.2913359, -32.557557], [-55.3026548, -32.5525107], [-55.3061953, -32.5328881], [-55.3091779, -32.53107], [-55.3055837, -32.526312], [-55.308502, -32.5183964], [-55.3013566, -32.5133753], [-55.3155318, -32.5075575], [-55.3057524, -32.4925594], [-55.3158349, -32.4875886], [-55.322924, -32.4881461], [-55.325949, -32.481757], [-55.3391747, -32.4779391], [-55.3493269, -32.4843517], [-55.3553059, -32.4807788], [-55.3569366, -32.4700898], [-55.3621359, -32.4673797], [-55.3765176, -32.4755566], [-55.3781356, -32.4727044], [-55.3747656, -32.4678776], [-55.3820133, -32.4595662], [-55.3923146, -32.4691473], [-55.3981944, -32.4660303], [-55.4056354, -32.4734587], [-55.4140007, -32.476099], [-55.4305089, -32.4506238], [-55.430148, -32.44691], [-55.434491, -32.4442505], [-55.4280738, -32.4322949], [-55.4328099, -32.4171266], [-55.4315034, -32.4113574], [-55.4352482, -32.4089577], [-55.4485108, -32.4145579], [-55.454836, -32.4097286], [-55.4640327, -32.4144456], [-55.4746851, -32.4119564], [-55.4842224, -32.4254802], [-55.4857946, -32.4355958], [-55.4931825, -32.444548], [-55.4872482, -32.4590161], [-55.4940071, -32.4742974], [-55.4851447, -32.4836458], [-55.473257, -32.4888592], [-55.4723777, -32.4965968], [-55.4775276, -32.5013745], [-55.4987661, -32.5052863], [-55.5150253, -32.5011883], [-55.5303661, -32.4930332], [-55.5590667, -32.4981894], [-55.6021537, -32.48009], [-55.6066169, -32.4847238], [-55.6431808, -32.4790763], [-55.6515271, -32.4828396], [-55.6522788, -32.4963072], [-55.678543, -32.5157062], [-55.6768772, -32.5328431], [-55.6837635, -32.5358947], [-55.7099571, -32.523233], [-55.713047, -32.5155614], [-55.7085838, -32.4993477], [-55.711502, -32.4952938], [-55.7157936, -32.4939907], [-55.733818, -32.5054282], [-55.77719, -32.4989193], [-55.7820548, -32.5058625], [-55.7808532, -32.5102054], [-55.7765617, -32.5129558], [-55.7547902, -32.5143014], [-55.7524017, -32.520498], [-55.7564773, -32.5267067], [-55.7679786, -32.5339431], [-55.765747, -32.5591214], [-55.7695236, -32.5643298], [-55.788964, -32.5592954], [-55.7985689, -32.563744], [-55.7944145, -32.5718526], [-55.7774503, -32.5790457], [-55.7757034, -32.5922476], [-55.7868614, -32.6004911], [-55.7968177, -32.5999126], [-55.808834, -32.5925368], [-55.8150138, -32.5936939], [-55.8169021, -32.5975987], [-55.8064308, -32.6122042], [-55.8055725, -32.6171203], [-55.809349, -32.6216025], [-55.8268585, -32.6281084], [-55.8445396, -32.6279638], [-55.8639373, -32.6226145], [-55.8919181, -32.6046848], [-55.9248771, -32.6022264], [-55.93861, -32.6109028], [-55.9444465, -32.6353367], [-55.9816558, -32.6621658], [-56.0047614, -32.68608], [-56.0721728, -32.6920612], [-56.1018788, -32.6822657], [-56.1329839, -32.6798384], [-56.1798151, -32.6923426], [-56.1913402, -32.7057629], [-56.2053718, -32.706865], [-56.2066126, -32.7124165], [-56.189579, -32.7302618], [-56.1971321, -32.750332], [-56.2206497, -32.7669334], [-56.2424507, -32.7692429], [-56.3003005, -32.8099382], [-56.3275947, -32.8177288], [-56.3909727, -32.8176319], [-56.4213552, -32.8222014], [-56.4213272, -32.8302587], [-56.414627, -32.8405196], [-56.4144554, -32.8571042], [-56.4266433, -32.8660441], [-56.4311065, -32.8664767], [-56.4424362, -32.8539317], [-56.4429511, -32.8408081], [-56.4387696, -32.8286923], [-56.4460411, -32.8168632], [-56.4575424, -32.8109481], [-56.4656104, -32.8204698], [-56.4779701, -32.8181616], [-56.4846649, -32.8030127], [-56.4888502, -32.8019464], [-56.4930763, -32.8045998], [-56.4959945, -32.8175845], [-56.5004577, -32.8224894], [-56.5270652, -32.8191714], [-56.5356307, -32.8080685], [-56.5390988, -32.8082651], [-56.5409698, -32.8177288], [-56.5534237, -32.8260128], [-56.555561, -32.8367696], [-56.5627708, -32.842683], [-56.5732421, -32.8369139], [-56.5741004, -32.8301347], [-56.5711718, -32.8240891], [-56.557106, -32.8135451], [-56.5576449, -32.8103045], [-56.5904083, -32.8057541], [-56.6027679, -32.8247975], [-56.6172143, -32.8296781], [-56.6401901, -32.8627278], [-56.6475715, -32.8641697], [-56.6654243, -32.851336], [-56.6647376, -32.832154], [-56.6504898, -32.8180173], [-56.652378, -32.8131122], [-56.6832771, -32.7953651], [-56.6889419, -32.7956537], [-56.7043914, -32.825086], [-56.6932334, -32.8390773], [-56.6951217, -32.8461443], [-56.7116012, -32.8419619], [-56.729969, -32.8295577], [-56.7364921, -32.8301347], [-56.74151, -32.8357448], [-56.7352905, -32.8496054], [-56.7617263, -32.8530665], [-56.7713394, -32.8485959], [-56.7776908, -32.8353273], [-56.7883338, -32.8363369], [-56.7924537, -32.8410965], [-56.794342, -32.8526338], [-56.8103065, -32.8591229], [-56.794857, -32.867486], [-56.792797, -32.8709463], [-56.794857, -32.8742623], [-56.8012084, -32.8759924], [-56.816658, -32.869072], [-56.8250694, -32.8706579], [-56.835884, -32.8892549], [-56.8326225, -32.8981917], [-56.8135681, -32.9104421], [-56.8168296, -32.9190885], [-56.8240394, -32.9225468], [-56.8518485, -32.905398], [-56.8627848, -32.9091323], [-56.8733062, -32.9261491], [-56.8890991, -32.931192], [-56.8947639, -32.9385398], [-56.8944206, -32.9440142], [-56.8839492, -32.9568345], [-56.8678161, -32.9598132], [-56.8652381, -32.9620197], [-56.8674697, -32.9661964], [-56.9079818, -32.9732532], [-56.912445, -32.9513609], [-56.9363059, -32.9339295], [-56.9448565, -32.9376275], [-56.9569053, -32.9618756], [-56.9545021, -32.9679247], [-56.9383659, -32.970661], [-56.934761, -32.9744053], [-56.9378509, -32.9798775], [-56.9721832, -32.9690768], [-56.9871177, -32.9676366], [-56.998619, -32.970661], [-57.0011939, -32.9761334], [-56.9941558, -32.9866452], [-56.9864311, -32.9912528], [-56.9696083, -32.9925486], [-56.9658317, -32.9957161], [-56.9648017, -33.0217716], [-56.966175, -33.0282483], [-56.9708099, -33.0315584], [-56.9785346, -33.0314145], [-56.9994773, -33.018605], [-57.0078887, -33.0214837], [-57.0229949, -33.0184611], [-57.0339813, -33.0119837], [-57.042736, -33.0121276], [-57.0631637, -32.9958601], [-57.0777549, -32.9909648], [-57.1188181, -32.9975399], [-57.1291088, -33.0047508], [-57.1282638, -33.008078], [-57.117919, -33.0138823], [-57.1185713, -33.0180637], [-57.139038, -33.0243623], [-57.1622123, -33.0388978], [-57.2003211, -33.0465244], [-57.1994628, -33.0519921], [-57.1919097, -33.0591859], [-57.1843566, -33.0801885], [-57.1780052, -33.0809077], [-57.169697, -33.074039], [-57.1578524, -33.0710254], [-57.1483077, -33.0714141], [-57.1314852, -33.0781961], [-57.1199836, -33.1092387], [-57.1203269, -33.1144149], [-57.12788, -33.1190158], [-57.1145487, -33.1195995], [-57.1030473, -33.1279379], [-57.1013307, -33.1486366], [-57.0865679, -33.1545291], [-57.0817613, -33.1691868], [-57.0637369, -33.1739284], [-57.048459, -33.1723479], [-57.0381593, -33.1779515], [-57.0184183, -33.1778078], [-57.0132684, -33.1743595], [-57.0136118, -33.1611397], [-57.0067453, -33.1592716], [-56.9983339, -33.1660255], [-56.9943857, -33.1808249], [-56.9895792, -33.1844167], [-56.9478655, -33.1782388], [-56.937399, -33.1789463], [-56.9240926, -33.186114], [-56.9119894, -33.1794794], [-56.9095121, -33.1823229], [-56.909068, -33.1979192], [-56.8799973, -33.1913265], [-56.87115, -33.2003291], [-56.8705838, -33.214542], [-56.8632228, -33.2203449], [-56.8642785, -33.2297706], [-56.851994, -33.2315838], [-56.8477399, -33.2396496], [-56.8482583, -33.2462717], [-56.8575604, -33.2518584], [-56.8601262, -33.2614763], [-56.8266832, -33.2690959], [-56.8125274, -33.2635477], [-56.8042109, -33.2712411], [-56.8028838, -33.2787858], [-56.7978408, -33.2813745], [-56.7907683, -33.2764524], [-56.7927093, -33.2685781], [-56.7880556, -33.2647638], [-56.7687008, -33.2663964], [-56.7612228, -33.2703434], [-56.7563662, -33.2800079], [-56.7440695, -33.2860868], [-56.7384991, -33.2708817], [-56.7267006, -33.2706563], [-56.6995952, -33.2882232], [-56.6838679, -33.2892149], [-56.6742407, -33.2943832], [-56.6713014, -33.3005135], [-56.6764757, -33.3044956], [-56.677613, -33.3156765], [-56.669617, -33.320957], [-56.6523895, -33.3200964], [-56.652634, -33.3425712], [-56.6442371, -33.3508349], [-56.6260556, -33.3549976], [-56.6321538, -33.3573118], [-56.6308489, -33.3787025], [-56.6235718, -33.3930468], [-56.6119699, -33.3980988], [-56.5808692, -33.4024894], [-56.5740402, -33.4172536], [-56.5747603, -33.4236127], [-56.5701235, -33.4278884], [-56.5769909, -33.4425118], [-56.5738181, -33.4440881], [-56.5715011, -33.4544769], [-56.5664915, -33.4564274], [-56.563056, -33.4665256], [-56.5648139, -33.4765631], [-56.5540142, -33.4897318], [-56.5363608, -33.4926916], [-56.5304963, -33.487329], [-56.5111844, -33.4847519], [-56.4981874, -33.4964089], [-56.4908918, -33.4956573], [-56.4830182, -33.5072993], [-56.4687703, -33.4963489], [-56.4607151, -33.5041145], [-56.4566811, -33.5047765], [-56.4523252, -33.5001423], [-56.4408968, -33.5047407], [-56.4300607, -33.5015737], [-56.4235281, -33.4926628], [-56.41811, -33.4780415], [-56.4230355, -33.4626846], [-56.4227136, -33.4365811], [-56.437057, -33.4035367], [-56.4355921, -33.3976412], [-56.4309767, -33.3977258], [-56.4322295, -33.394136], [-56.4291439, -33.3909522], [-56.4068751, -33.3807529], [-56.4040003, -33.3831453], [-56.4078266, -33.3926862], [-56.4040149, -33.3956376], [-56.4035538, -33.4021217], [-56.3954387, -33.4077757], [-56.3926845, -33.4151861], [-56.3969064, -33.416092], [-56.3961969, -33.4212804], [-56.3918115, -33.4214002], [-56.3893524, -33.4260181], [-56.375258, -33.4270753], [-56.3721795, -33.4289], [-56.3723127, -33.4336373], [-56.3668206, -33.4337912], [-56.366339, -33.4373483], [-56.3525679, -33.4391951], [-56.3381513, -33.4330387], [-56.3345651, -33.4344154], [-56.3344114, -33.4393747], [-56.3179762, -33.4347061], [-56.2961515, -33.4351764], [-56.291662, -33.4380059], [-56.2875957, -33.4346805], [-56.277946, -33.4349542], [-56.2745419, -33.4410505], [-56.2664063, -33.442239], [-56.2611806, -33.4484632], [-56.2509957, -33.4510707], [-56.2506938, -33.4552914], [-56.2614235, -33.4659119], [-56.2606561, -33.4712873], [-56.249988, -33.4735889], [-56.2418158, -33.4821265], [-56.2413034, -33.4874249], [-56.2370512, -33.4893989], [-56.2148778, -33.4872678], [-56.212378, -33.4795114], [-56.2032729, -33.4742914], [-56.1969736, -33.461188], [-56.1891764, -33.4602102], [-56.1822164, -33.4617067], [-56.1804704, -33.4664156], [-56.1732727, -33.4680482], [-56.1728441, -33.4730944], [-56.16726, -33.4728595], [-56.1550265, -33.4814701], [-56.1392784, -33.4822055], [-56.1335806, -33.4879667], [-56.1118687, -33.4873768], [-56.1066953, -33.4900753], [-56.1066208, -33.4876089], [-56.1021113, -33.4880386], [-56.0934941, -33.494944], [-56.0811488, -33.4837592], [-56.0734248, -33.4845808], [-56.0668605, -33.4792827], [-56.059149, -33.4808459], [-56.0492596, -33.4726116], [-56.0482897, -33.4477644], [-56.0347285, -33.4321506], [-56.0168757, -33.4341562], [-55.9895815, -33.4179669], [-55.9533009, -33.42291], [-55.9327616, -33.4067903], [-55.9034075, -33.4183968], [-55.8931079, -33.4298585], [-55.8824648, -33.4315776], [-55.854424, -33.4233398], [-55.8366313, -33.4118056], [-55.8254733, -33.4130952], [-55.8138003, -33.4099428], [-55.8038439, -33.4135251], [-55.7727732, -33.4004848], [-55.7636752, -33.3878726], [-55.7616152, -33.3766921], [-55.7543454, -33.3741834], [-55.7427325, -33.3755453], [-55.7378659, -33.3705995], [-55.7350077, -33.3530362], [-55.7152667, -33.3452928], [-55.7075419, -33.3574811], [-55.694839, -33.3692376], [-55.6803593, -33.3703128], [-55.6647982, -33.3778388], [-55.6366458, -33.3776955], [-55.621274, -33.3566421], [-55.6175689, -33.3556556], [-55.618664, -33.3449258], [-55.6136005, -33.3386973], [-55.6148562, -33.3342299], [-55.6095945, -33.3338122], [-55.6055994, -33.328909], [-55.5832591, -33.3293738], [-55.5757183, -33.3199614], [-55.5717272, -33.3207848], [-55.5663762, -33.3158189], [-55.5553562, -33.316442], [-55.5586157, -33.3111063], [-55.5401278, -33.304546], [-55.5356784, -33.2995654], [-55.5370512, -33.2890367], [-55.5289216, -33.2868832], [-55.5200648, -33.2889855], [-55.5013784, -33.2836727], [-55.4927737, -33.2892128], [-55.4840392, -33.2813771], [-55.4669509, -33.2892753], [-55.4577729, -33.2797803], [-55.4552251, -33.2811277], [-55.4451311, -33.2750208], [-55.4382732, -33.2759332], [-55.4375313, -33.2584557], [-55.4341795, -33.2543814], [-55.4187474, -33.2541136], [-55.4090296, -33.2396297], [-55.3975504, -33.2451823], [-55.3785786, -33.227409], [-55.3686823, -33.2257577], [-55.3606143, -33.2294911], [-55.3496279, -33.2256141], [-55.3351483, -33.2144845], [-55.3287968, -33.2025635], [-55.315124, -33.2014863], [-55.313579, -33.1930112], [-55.3041377, -33.1990444], [-55.2900614, -33.1935858], [-55.2806201, -33.1989008], [-55.2708354, -33.1932985], [-55.2676854, -33.1988289], [-55.250236, -33.2016299], [-55.2498927, -33.1954533], [-55.2433695, -33.1927239], [-55.2402796, -33.1862594], [-55.2303308, -33.1843984], [-55.2325624, -33.1777895], [-55.2305111, -33.1719345], [-55.2219078, -33.1646819], [-55.2071041, -33.1599436], [-55.2023275, -33.1543723], [-55.2026933, -33.1499118], [-55.1973028, -33.146924], [-55.1983631, -33.1428596], [-55.1948375, -33.1392521], [-55.1961788, -33.1332744], [-55.1914445, -33.1308896], [-55.1913637, -33.1266257], [-55.1846689, -33.1250444], [-55.1774557, -33.1178347], [-55.1786607, -33.1079349], [-55.1695505, -33.1053184], [-55.1629966, -33.1086898], [-55.1476329, -33.1018595], [-55.134567, -33.1044501]]]}}, {"type": "Feature", "properties": {"name": "Soriano", "country": "URY"}, "geometry": {"type": "Polygon", "coordinates": [[[-57.1422996, -33.1200222], [-57.1673622, -33.1139836], [-57.1781768, -33.1200222], [-57.1840133, -33.127498], [-57.1977462, -33.1305168], [-57.2205772, -33.1412977], [-57.2264137, -33.1397166], [-57.2411766, -33.1178656], [-57.2535362, -33.1197346], [-57.260231, -33.1283605], [-57.270874, -33.1320981], [-57.2779121, -33.1165716], [-57.3060646, -33.0916947], [-57.3452033, -33.0732841], [-57.3810806, -33.0662353], [-57.3987617, -33.0662353], [-57.4035682, -33.0714141], [-57.4110029, -33.0909414], [-57.4315164, -33.0920417], [-57.4386489, -33.0866484], [-57.4422281, -33.0718618], [-57.4519148, -33.0545729], [-57.4542083, -33.0363075], [-57.4595298, -33.0242184], [-57.4820175, -33.0168778], [-57.5063934, -33.0197565], [-57.5300654, -33.0001176], [-57.5393524, -33.0044981], [-57.5515403, -33.0178854], [-57.5891342, -33.0281044], [-57.6224078, -33.0419037], [-57.6197706, -33.0713607], [-57.6283097, -33.081221], [-57.6545371, -33.0800447], [-57.6682701, -33.0656599], [-57.6763381, -33.0624949], [-57.7056922, -33.0607685], [-57.7257766, -33.0555891], [-57.7359046, -33.0422075], [-57.7458528, -33.0388472], [-57.7631988, -33.0407685], [-57.7800993, -33.0558396], [-57.7906646, -33.0563085], [-57.7975311, -33.0540064], [-57.810749, -33.0406246], [-57.8270568, -33.0299753], [-57.868739, -33.0188519], [-57.8751452, -33.0227752], [-57.8728904, -33.0357319], [-57.8768691, -33.0409621], [-57.9008712, -33.0542942], [-57.9317703, -33.0560207], [-57.954455, -33.071604], [-57.9575195, -33.0819146], [-57.9545456, -33.0859559], [-57.9451599, -33.0889621], [-57.9429283, -33.1119706], [-57.9451599, -33.1243352], [-57.9559745, -33.1355481], [-57.9692593, -33.1381726], [-57.9781188, -33.1356918], [-57.9873886, -33.128073], [-58.015026, -33.1257728], [-58.0345954, -33.1158527], [-58.0444912, -33.115992], [-58.0546798, -33.1366981], [-58.0524556, -33.144009], [-58.0423202, -33.1561013], [-58.0402603, -33.168316], [-58.0313339, -33.180529], [-58.0308328, -33.1977771], [-58.0244337, -33.215651], [-58.0151977, -33.2218968], [-58.0103912, -33.2369739], [-58.0129661, -33.2411376], [-58.0491867, -33.2417119], [-58.0690994, -33.2319485], [-58.1044616, -33.2266356], [-58.1200828, -33.2277843], [-58.1324424, -33.2339587], [-58.1363906, -33.2438654], [-58.1288375, -33.2659721], [-58.1127014, -33.2830507], [-58.1113281, -33.2882167], [-58.1130447, -33.2936694], [-58.1291809, -33.3051475], [-58.1511535, -33.3120337], [-58.2026519, -33.2949607], [-58.2144966, -33.2929519], [-58.2259979, -33.2978304], [-58.2344093, -33.3075864], [-58.2623901, -33.3203537], [-58.2742347, -33.3365612], [-58.2749214, -33.3549165], [-58.2898559, -33.3678202], [-58.3082237, -33.3790019], [-58.3418693, -33.3814388], [-58.3583247, -33.386916], [-58.3839263, -33.3897522], [-58.4146537, -33.4267229], [-58.4427409, -33.4414032], [-58.4337244, -33.495362], [-58.444048, -33.5366595], [-58.4796232, -33.5629453], [-58.4948438, -33.5818311], [-58.4760171, -33.6462308], [-58.4479238, -33.6841868], [-58.4350889, -33.7166445], [-58.437813, -33.7591697], [-58.4320038, -33.8414245], [-58.4112425, -33.8400518], [-58.4116431, -33.8442702], [-58.4074481, -33.8470003], [-58.3979128, -33.8465945], [-58.3892024, -33.8548311], [-58.3829049, -33.8562596], [-58.3558999, -33.8518869], [-58.3494349, -33.8549137], [-58.3415549, -33.8480495], [-58.3429604, -33.8377082], [-58.3399104, -33.8361115], [-58.3275859, -33.8393168], [-58.3218689, -33.8348723], [-58.3163073, -33.8368962], [-58.309933, -33.8340627], [-58.3018596, -33.8394453], [-58.2916361, -33.8397319], [-58.2814115, -33.8318026], [-58.2786907, -33.8226547], [-58.2805148, -33.8164736], [-58.2636493, -33.8074825], [-58.261887, -33.8097509], [-58.2568216, -33.8062182], [-58.2593789, -33.8045218], [-58.2428216, -33.7962739], [-58.2361268, -33.7961313], [-58.2315158, -33.8015783], [-58.2153901, -33.7971156], [-58.1993795, -33.799036], [-58.1814815, -33.7954437], [-58.1649217, -33.796545], [-58.1545877, -33.7881422], [-58.1485076, -33.7758871], [-58.1254353, -33.7646345], [-58.0936654, -33.7754127], [-58.0811063, -33.7884945], [-58.0656949, -33.7933214], [-58.0577334, -33.813753], [-58.046177, -33.8072235], [-58.0267811, -33.8159794], [-58.0251039, -33.8301895], [-58.011289, -33.8307286], [-57.9894238, -33.8654587], [-57.9813899, -33.8716156], [-57.9786562, -33.8778047], [-57.9684478, -33.8841251], [-57.9504061, -33.8792692], [-57.9358975, -33.869834], [-57.9309944, -33.8574435], [-57.9147295, -33.8592967], [-57.9132232, -33.8631562], [-57.8719429, -33.8663526], [-57.8646683, -33.870847], [-57.828534, -33.876963], [-57.8281178, -33.8835028], [-57.7798067, -33.9113887], [-57.7736367, -33.925656], [-57.7492909, -33.915585], [-57.7193746, -33.9229852], [-57.7096371, -33.9270518], [-57.7008034, -33.9356274], [-57.681553, -33.9355151], [-57.649398, -33.9436651], [-57.6372897, -33.9378318], [-57.6252359, -33.9488374], [-57.6136982, -33.9534847], [-57.6102501, -33.9449752], [-57.6040918, -33.9413082], [-57.5864911, -33.9388382], [-57.5743729, -33.928824], [-57.5670317, -33.9298072], [-57.5639284, -33.9262334], [-57.5527248, -33.9253605], [-57.5391823, -33.917108], [-57.5092006, -33.9114098], [-57.4914239, -33.9130885], [-57.4858369, -33.9167482], [-57.4770124, -33.9151234], [-57.4592187, -33.9054269], [-57.4477066, -33.9040467], [-57.4408723, -33.8963441], [-57.4386944, -33.8875406], [-57.430122, -33.8842585], [-57.4215044, -33.8863004], [-57.3819137, -33.8744867], [-57.3626125, -33.8736316], [-57.337602, -33.8895484], [-57.3039992, -33.9269799], [-57.2859748, -33.9231696], [-57.2456259, -33.9237989], [-57.2278171, -33.9138162], [-57.1938711, -33.931294], [-57.1774985, -33.9320095], [-57.1682057, -33.9411239], [-57.1517914, -33.9417322], [-57.1442258, -33.9515579], [-57.1344559, -33.9512904], [-57.1239277, -33.9556031], [-57.1004694, -33.9505746], [-57.0941217, -33.9543081], [-57.0892458, -33.9534668], [-57.102807, -33.9188586], [-57.1067552, -33.9188586], [-57.1184282, -33.9003381], [-57.1161966, -33.8869439], [-57.1120767, -33.8811011], [-57.1177416, -33.8745452], [-57.1153383, -33.8679889], [-57.1176386, -33.8584599], [-57.1215181, -33.8561577], [-57.1211426, -33.8405689], [-57.1302622, -33.8321474], [-57.1290712, -33.8249326], [-57.1469251, -33.8016698], [-57.1654205, -33.7887074], [-57.1778442, -33.7854212], [-57.1788208, -33.7737974], [-57.1879588, -33.766738], [-57.1889059, -33.7582248], [-57.1976067, -33.7493688], [-57.2021453, -33.7143413], [-57.1912126, -33.6869211], [-57.1765184, -33.6769435], [-57.1737032, -33.6599209], [-57.1643205, -33.6538993], [-57.1640901, -33.6384932], [-57.1716432, -33.6293461], [-57.1593441, -33.6096116], [-57.1659784, -33.6041864], [-57.1721582, -33.5913178], [-57.1932404, -33.5947049], [-57.202199, -33.5906029], [-57.2092371, -33.5671483], [-57.2222833, -33.5637154], [-57.2258882, -33.5506978], [-57.2425394, -33.5446889], [-57.2478609, -33.5346733], [-57.2468309, -33.5299513], [-57.2519808, -33.525372], [-57.2495775, -33.5150679], [-57.256444, -33.505192], [-57.2545557, -33.487298], [-57.2614221, -33.481428], [-57.2722368, -33.4835756], [-57.2806482, -33.4808552], [-57.2847681, -33.4734097], [-57.2906046, -33.4701163], [-57.2918062, -33.4633858], [-57.2851336, -33.4475624], [-57.2921495, -33.4404697], [-57.2885446, -33.4320179], [-57.2935228, -33.4238518], [-57.3467378, -33.3906064], [-57.3608672, -33.3760708], [-57.3371935, -33.3523441], [-57.341073, -33.3442996], [-57.3391847, -33.3379896], [-57.3325586, -33.3334146], [-57.3211603, -33.3338305], [-57.3079424, -33.327233], [-57.3036508, -33.3094457], [-57.3068094, -33.2941084], [-57.2804765, -33.2686934], [-57.2783136, -33.2595216], [-57.2678539, -33.2498245], [-57.2570276, -33.2484681], [-57.2406511, -33.2375425], [-57.2404794, -33.2244758], [-57.2347116, -33.2196077], [-57.2246866, -33.2181572], [-57.2188501, -33.2250502], [-57.2124986, -33.2237578], [-57.2196913, -33.2128219], [-57.2110224, -33.2035221], [-57.2060442, -33.1917433], [-57.1924829, -33.1865716], [-57.1761751, -33.1875772], [-57.1748018, -33.1783825], [-57.17875, -33.1657381], [-57.1660471, -33.1588404], [-57.1653604, -33.1401565], [-57.1578073, -33.1259252], [-57.1422996, -33.1200222]]]}}, {"type": "Feature", "properties": {"name": "Colonia", "country": "URY"}, "geometry": {"type": "Polygon", "coordinates": [[[-57.1025021, -33.9799169], [-57.0928333, -33.9647699], [-57.0964397, -33.9516264], [-57.1171516, -33.9524994], [-57.1239277, -33.9556031], [-57.1344559, -33.9512904], [-57.1442258, -33.9515579], [-57.1517914, -33.9417322], [-57.1682057, -33.9411239], [-57.1774985, -33.9320095], [-57.1938711, -33.931294], [-57.2278171, -33.9138162], [-57.2456259, -33.9237989], [-57.2859748, -33.9231696], [-57.3039992, -33.9269799], [-57.337602, -33.8895484], [-57.3626125, -33.8736316], [-57.3819137, -33.8744867], [-57.4215044, -33.8863004], [-57.430122, -33.8842585], [-57.4386944, -33.8875406], [-57.4408723, -33.8963441], [-57.4477066, -33.9040467], [-57.4592187, -33.9054269], [-57.4770124, -33.9151234], [-57.4858369, -33.9167482], [-57.4914239, -33.9130885], [-57.5092006, -33.9114098], [-57.5391823, -33.917108], [-57.5527248, -33.9253605], [-57.5639284, -33.9262334], [-57.5670317, -33.9298072], [-57.5743729, -33.928824], [-57.5864911, -33.9388382], [-57.6040918, -33.9413082], [-57.6102501, -33.9449752], [-57.6136982, -33.9534847], [-57.6252359, -33.9488374], [-57.6372897, -33.9378318], [-57.649398, -33.9436651], [-57.681553, -33.9355151], [-57.7008034, -33.9356274], [-57.7096371, -33.9270518], [-57.7193746, -33.9229852], [-57.7492909, -33.915585], [-57.7736367, -33.925656], [-57.7798067, -33.9113887], [-57.8281178, -33.8835028], [-57.828534, -33.876963], [-57.8646683, -33.870847], [-57.8719429, -33.8663526], [-57.9132232, -33.8631562], [-57.9147295, -33.8592967], [-57.9309944, -33.8574435], [-57.9358975, -33.869834], [-57.9504061, -33.8792692], [-57.9684478, -33.8841251], [-57.9786562, -33.8778047], [-57.9813899, -33.8716156], [-57.9894238, -33.8654587], [-58.011289, -33.8307286], [-58.0251039, -33.8301895], [-58.0267811, -33.8159794], [-58.046177, -33.8072235], [-58.0577334, -33.813753], [-58.0656949, -33.7933214], [-58.0811063, -33.7884945], [-58.0936654, -33.7754127], [-58.1254353, -33.7646345], [-58.1485076, -33.7758871], [-58.1545877, -33.7881422], [-58.1649217, -33.796545], [-58.1814815, -33.7954437], [-58.1993795, -33.799036], [-58.2153901, -33.7971156], [-58.2315158, -33.8015783], [-58.2361268, -33.7961313], [-58.2428216, -33.7962739], [-58.2593789, -33.8045218], [-58.2568216, -33.8062182], [-58.261887, -33.8097509], [-58.2636493, -33.8074825], [-58.2805148, -33.8164736], [-58.2786907, -33.8226547], [-58.2814115, -33.8318026], [-58.2916361, -33.8397319], [-58.3018596, -33.8394453], [-58.309933, -33.8340627], [-58.3163073, -33.8368962], [-58.3218689, -33.8348723], [-58.3275859, -33.8393168], [-58.3399104, -33.8361115], [-58.3429604, -33.8377082], [-58.3415549, -33.8480495], [-58.3494349, -33.8549137], [-58.3558999, -33.8518869], [-58.3829049, -33.8562596], [-58.3892024, -33.8548311], [-58.3979128, -33.8465945], [-58.4074481, -33.8470003], [-58.4116431, -33.8442702], [-58.4112425, -33.8400518], [-58.4320038, -33.8414245], [-58.42284833194502, -33.91627600074782], [-58.4090629, -33.9192039], [-58.3839814, -33.9431982], [-58.3689597, -33.946856], [-58.368796, -33.9517182], [-58.3611054, -33.9511104], [-58.3577013, -33.9579468], [-58.328993, -33.967706], [-58.2924472, -34.0142111], [-58.292075, -34.026603], [-58.2804508, -34.030654], [-58.2644699, -34.0418299], [-58.2322299, -34.0750499], [-58.2203499, -34.0972698], [-58.2197536, -34.1148021], [-58.2140798, -34.1232999], [-58.2148684, -34.1332667], [-58.2236447, -34.1503381], [-58.2177741, -34.1523633], [-58.2099681, -34.1652686], [-58.1514438, -34.1652361], [-58.1170499, -34.17138], [-58.0954759, -34.1786609], [-58.0754529, -34.1898405], [-58.0700392, -34.2037], [-58.0751919, -34.2063309], [-58.0674464, -34.2084291], [-58.0627099, -34.2143999], [-58.0616629, -34.2216927], [-58.065877397825275, -34.22585703085511], [-58.0615599, -34.2336798], [-58.0455503, -34.233514], [-58.034692, -34.239533], [-58.0330852, -34.2462049], [-58.019202, -34.248978], [-57.9962798, -34.2614698], [-57.9954299, -34.2679098], [-57.9871067, -34.2694747], [-57.9846699, -34.2741599], [-57.9871799, -34.2769699], [-57.9567023, -34.3030362], [-57.9333398, -34.33625], [-57.9203182, -34.3456235], [-57.8967496, -34.378883], [-57.8928047, -34.4159454], [-57.8949642, -34.4260454], [-57.8829145, -34.4381605], [-57.8517737, -34.4492441], [-57.8439997, -34.4612324], [-57.8479227, -34.4685848], [-57.85395379906881, -34.467705898379116], [-57.854107821036884, -34.473296282321954], [-57.842877046777865, -34.47623338827544], [-57.8390661, -34.4726517], [-57.8234327, -34.4748476], [-57.7847046, -34.4665174], [-57.7789596, -34.4724791], [-57.771778923221774, -34.47156447715732], [-57.75990479311849, -34.46878800877993], [-57.755148, -34.4630256], [-57.7364766, -34.4561205], [-57.7271669, -34.4570619], [-57.7249982, -34.4626758], [-57.72069063915047, -34.46223759068674], [-57.6813228, -34.4470195], [-57.6689127, -34.4488396], [-57.653212, -34.4396975], [-57.5953168, -34.4252566], [-57.5828756, -34.4249026], [-57.5679389, -34.4304141], [-57.5572599, -34.438], [-57.55544, -34.4449499], [-57.54677, -34.44756], [-57.5372001, -34.45530984462068], [-57.5023499, -34.4376099], [-57.4668949, -34.4272059], [-57.4457034, -34.4328312], [-57.4427395, -34.4395129], [-57.4456095, -34.4413256], [-57.441157, -34.442536], [-57.4076194, -34.4302369], [-57.3893399, -34.4270226], [-57.3552699, -34.4300244], [-57.3506398, -34.4324042], [-57.3515899, -34.4382498], [-57.3419194, -34.441346], [-57.3233525, -34.4426212], [-57.2703317, -34.435456], [-57.2163902, -34.4375988], [-57.15213021331201, -34.446744596166845], [-57.1495441, -34.4389363], [-57.141972, -34.4373157], [-57.1441367, -34.433709], [-57.1368043, -34.4338303], [-57.1337949, -34.4286945], [-57.1279435, -34.4286945], [-57.12728, -34.4242882], [-57.1206177, -34.4217477], [-57.1249835, -34.4167118], [-57.1254703, -34.4104127], [-57.1126742, -34.409148], [-57.1139763, -34.3982586], [-57.107098, -34.3807042], [-57.106583, -34.3671096], [-57.1105312, -34.3621501], [-57.1108427, -34.3484044], [-57.1044434, -34.348457], [-57.1022228, -34.3441872], [-57.0949201, -34.3445687], [-57.0914668, -34.3395307], [-57.10218, -34.32686], [-57.1032839, -34.3210904], [-57.1023303, -34.3168442], [-57.0888928, -34.3125473], [-57.0909618, -34.3034641], [-57.1038061, -34.3016845], [-57.1052707, -34.2970051], [-57.1105312, -34.2952391], [-57.1181451, -34.2767497], [-57.1145513, -34.2554524], [-57.1177136, -34.2468445], [-57.1039515, -34.2321927], [-57.1047969, -34.2236935], [-57.1082903, -34.2215649], [-57.1016972, -34.2161604], [-57.10363, -34.2119413], [-57.0948023, -34.2025695], [-57.076093, -34.1977311], [-57.0717084, -34.2000719], [-57.0644744, -34.1938392], [-57.0502013, -34.1928998], [-57.0415394, -34.1742075], [-57.0211186, -34.1697206], [-57.011128, -34.1536683], [-56.9947616, -34.1502543], [-56.9902996, -34.1441036], [-56.9897798, -34.1337431], [-56.9823201, -34.127488], [-56.9906147, -34.1215059], [-56.9878408, -34.1165233], [-56.9896803, -34.1129352], [-57.0067607, -34.1067056], [-57.0144604, -34.0824728], [-57.0286848, -34.0673694], [-57.037698, -34.0623499], [-57.0525496, -34.0440631], [-57.086154, -34.0333118], [-57.0875286, -34.0162489], [-57.1072682, -34.0015319], [-57.1025021, -33.9799169]]]}}, {"type": "Feature", "properties": {"name": "Rocha", "country": "URY"}, "geometry": {"type": "Polygon", "coordinates": [[[-54.566133, -34.8018035], [-54.4462336, -34.7468629], [-54.2898789, -34.6879634], [-54.2227585, -34.6661028], [-54.1882876, -34.6605387], [-54.1520537, -34.6690767], [-54.1511889, -34.657231], [-54.146295, -34.6552979], [-54.1441506, -34.6583823], [-54.1396308, -34.6533611], [-54.1504047, -34.6501816], [-54.1541222, -34.6437049], [-54.1537918, -34.6340374], [-54.1468084, -34.619338], [-54.1354783, -34.6053925], [-54.1208418, -34.5943423], [-54.120804, -34.5880787], [-54.1132638, -34.5788472], [-54.0814099, -34.55421], [-53.9971318, -34.5015487], [-53.8624075, -34.4300272], [-53.80421, -34.4053101], [-53.7918809, -34.402825], [-53.7861346, -34.4042651], [-53.785726, -34.4077991], [-53.7767198, -34.4061168], [-53.7765994, -34.401656], [-53.7798076, -34.401279], [-53.78217, -34.3947699], [-53.7811342, -34.3833179], [-53.776326, -34.3731625], [-53.761877, -34.3585811], [-53.7639104, -34.3538465], [-53.7668744, -34.3546026], [-53.7700593, -34.3507339], [-53.7701234, -34.3440232], [-53.780378, -34.3469494], [-53.7858186, -34.3437882], [-53.7918069, -34.3252968], [-53.7894864, -34.3038499], [-53.77664, -34.2741499], [-53.7390424, -34.2269397], [-53.6942519, -34.1793485], [-53.5990058, -34.0990113], [-53.5596174, -34.0706725], [-53.5515903, -34.0688613], [-53.5508279, -34.0587989], [-53.5338689, -34.0444541], [-53.5385678, -34.0424865], [-53.53568, -34.0318508], [-53.5408727, -34.0311572], [-53.5426097, -34.0247428], [-53.5383772, -34.0135256], [-53.5288189, -34.0028238], [-53.5347348, -33.997198], [-53.5331222, -33.9901912], [-53.528356, -33.9857854], [-53.5323487, -33.9835272], [-53.5297606, -33.9707582], [-53.5060668, -33.9458988], [-53.5111262, -33.9414073], [-53.5070822, -33.9315329], [-53.5116408, -33.9149003], [-53.5032759, -33.8876639], [-53.4765723, -33.8488168], [-53.4511432, -33.8198005], [-53.4191745, -33.7867127], [-53.3694181, -33.7443703], [-53.3808716, -33.7477396], [-53.3867652, -33.7461143], [-53.395017, -33.751064], [-53.3985154, -33.7480512], [-53.4167217, -33.7482361], [-53.4259683, -33.7392144], [-53.430525, -33.7394713], [-53.4316756, -33.7281025], [-53.4359351, -33.7244497], [-53.4333789, -33.7196131], [-53.4386334, -33.7123822], [-53.4364424, -33.7010564], [-53.4431275, -33.6971234], [-53.4395109, -33.6934687], [-53.5322824, -33.6888011], [-53.5289113, -33.6878658], [-53.5308212, -33.6787789], [-53.524349, -33.6743514], [-53.5321504, -33.6675348], [-53.5331746, -33.6617684], [-53.5307171, -33.6595231], [-53.5337121, -33.6588705], [-53.5310986, -33.6565219], [-53.5325067, -33.6496497], [-53.5355055, -33.6495157], [-53.5293766, -33.6439073], [-53.5316646, -33.6407856], [-53.5281213, -33.6398298], [-53.5297146, -33.6333292], [-53.5260029, -33.6255729], [-53.5364887, -33.6134629], [-53.5324, -33.6099935], [-53.5324837, -33.6026288], [-53.5337975, -33.6098304], [-53.5380734, -33.6125207], [-53.54032, -33.6047535], [-53.5341856, -33.5950924], [-53.5365054, -33.5908493], [-53.5346952, -33.585593], [-53.5381098, -33.5813299], [-53.5373782, -33.5717443], [-53.5291800512304, -33.559279776951016], [-53.5355157, -33.5608818], [-53.5399695, -33.550679], [-53.53239014716478, -33.54328994557655], [-53.543262, -33.537345], [-53.541314820125066, -33.53549004470649], [-53.5473, -33.5283299], [-53.5431766, -33.521419], [-53.5568798, -33.5204299], [-53.5687199, -33.5109299], [-53.5874564, -33.4724317], [-53.59962, -33.42601], [-53.5951001, -33.4029699], [-53.5783101, -33.37377], [-53.57010006901927, -33.365459998857034], [-53.56543991720388, -33.35270979747784], [-53.570310023692585, -33.35184003433262], [-53.57894, -33.3642501], [-53.5983599, -33.35819], [-53.6052399, -33.34751], [-53.6055799, -33.34364], [-53.60123991094473, -33.34168999818153], [-53.6025399, -33.32367], [-53.5871899, -33.2911], [-53.5794549, -33.2861579], [-53.570264953006244, -33.27329318856168], [-53.56981, -33.26191], [-53.573924093823315, -33.263903289197316], [-53.5748099, -33.2705598], [-53.5835299, -33.2811599], [-53.5957299, -33.2798798], [-53.6095798, -33.2723899], [-53.64912, -33.2342901], [-53.6600201, -33.21556], [-53.6640799, -33.19826], [-53.6616299, -33.18315], [-53.6496799, -33.1718399], [-53.6395599, -33.1706399], [-53.6133932, -33.1800039], [-53.60591988994131, -33.17944993558715], [-53.61345, -33.1710699], [-53.6194459, -33.1516267], [-53.6238711, -33.1535602], [-53.6260291, -33.1508263], [-53.6343863, -33.1553955], [-53.6700919, -33.1631556], [-53.6784497, -33.1683916], [-53.705696, -33.1719129], [-53.7048533, -33.1771653], [-53.7084302, -33.1781068], [-53.7094817, -33.1826186], [-53.7194875, -33.1774168], [-53.7338641, -33.1753334], [-53.7344394, -33.1779141], [-53.7256243, -33.1835228], [-53.7249806, -33.1880841], [-53.7282422, -33.1909214], [-53.7388423, -33.1899876], [-53.7411176, -33.1815131], [-53.7458812, -33.1800045], [-53.7483906, -33.1920108], [-53.7618886, -33.1917849], [-53.7709008, -33.2007987], [-53.7801705, -33.1987159], [-53.7988672, -33.2042652], [-53.8006908, -33.2107919], [-53.7942535, -33.2175419], [-53.7946827, -33.225835], [-53.8068277, -33.2291377], [-53.8109905, -33.2334454], [-53.8092739, -33.2388655], [-53.8012916, -33.240732], [-53.8055385, -33.2479534], [-53.8023216, -33.2592151], [-53.8101751, -33.2538321], [-53.8163549, -33.2568825], [-53.8177192, -33.2624017], [-53.830694, -33.2600005], [-53.8352968, -33.2635943], [-53.8352688, -33.2723785], [-53.8393575, -33.2755775], [-53.8452369, -33.2669302], [-53.8458351, -33.2582777], [-53.8522576, -33.2589372], [-53.8585836, -33.2777661], [-53.8666697, -33.2806791], [-53.8653822, -33.2910649], [-53.8877626, -33.3028841], [-53.8928105, -33.3133792], [-53.8900747, -33.3216006], [-53.8964529, -33.3244559], [-53.8989817, -33.3212698], [-53.9148637, -33.3355983], [-53.9244867, -33.3362939], [-53.9259647, -33.3408069], [-53.950032, -33.3331118], [-53.9540339, -33.3347432], [-53.9535618, -33.3398478], [-53.9694863, -33.3399958], [-53.9708596, -33.3428639], [-53.9646797, -33.346449], [-53.9739495, -33.3490301], [-53.9726706, -33.3565795], [-53.9759321, -33.3617412], [-53.9790993, -33.3636552], [-53.9794426, -33.3607877], [-53.9840775, -33.3607877], [-53.9906006, -33.3668093], [-53.9869957, -33.3721137], [-53.9861374, -33.3974842], [-53.9895706, -33.3997772], [-53.9936905, -33.3951911], [-54.0045052, -33.4119578], [-54.0116219, -33.4107719], [-54.0178329, -33.4144404], [-54.0204851, -33.4088545], [-54.0317179, -33.4134534], [-54.0343453, -33.4184434], [-54.0409495, -33.4174025], [-54.0454371, -33.4264036], [-54.0457039, -33.4351608], [-54.0507903, -33.4330741], [-54.0528453, -33.4386108], [-54.0482992, -33.4406478], [-54.0511687, -33.4453715], [-54.0643512, -33.4488033], [-54.0748774, -33.4456377], [-54.0762914, -33.44985], [-54.0874489, -33.4437838], [-54.101439, -33.4518028], [-54.1012138, -33.4486618], [-54.1122828, -33.4441347], [-54.1182178, -33.4513539], [-54.1224271, -33.4502048], [-54.1213972, -33.4545016], [-54.1251963, -33.4549644], [-54.1244013, -33.4579388], [-54.1346412, -33.4627231], [-54.140122, -33.4808948], [-54.1528005, -33.4826006], [-54.1579117, -33.4759803], [-54.1602426, -33.4770826], [-54.1585533, -33.4796332], [-54.1665165, -33.4791094], [-54.1723662, -33.4832191], [-54.1756851, -33.480027], [-54.1780454, -33.4865056], [-54.1864957, -33.4805434], [-54.1875726, -33.4829263], [-54.2039454, -33.4845384], [-54.2073566, -33.4817451], [-54.2085153, -33.4862192], [-54.218542, -33.4876105], [-54.2184288, -33.4928763], [-54.225896, -33.4994971], [-54.2282993, -33.4981372], [-54.2290718, -33.5016443], [-54.2273552, -33.5044713], [-54.222377, -33.5036483], [-54.2268402, -33.5081213], [-54.2182142, -33.5148483], [-54.2245657, -33.5228627], [-54.23405, -33.5249735], [-54.234522, -33.5301788], [-54.2392867, -33.5299293], [-54.2376345, -33.5355814], [-54.2320329, -33.5348114], [-54.2361313, -33.5430207], [-54.2544347, -33.5413932], [-54.2607862, -33.5441116], [-54.2600996, -33.5474738], [-54.2667085, -33.5486541], [-54.2705709, -33.5553779], [-54.2655423, -33.5553941], [-54.2681247, -33.5672148], [-54.2825872, -33.5798367], [-54.2894537, -33.5920278], [-54.3035299, -33.5963175], [-54.3007338, -33.6000494], [-54.3032724, -33.6043244], [-54.3173183, -33.6076688], [-54.3213827, -33.6130453], [-54.3246083, -33.6069323], [-54.3352873, -33.6154756], [-54.3483335, -33.6154756], [-54.3553716, -33.6117587], [-54.3572293, -33.6158112], [-54.3658917, -33.6137884], [-54.3700515, -33.6161105], [-54.3671012, -33.6184233], [-54.3727261, -33.6249607], [-54.3760756, -33.6235407], [-54.381337, -33.6273456], [-54.3820726, -33.6356613], [-54.3873791, -33.6383188], [-54.3855424, -33.6587499], [-54.3915433, -33.664921], [-54.3868559, -33.6716297], [-54.3924536, -33.6805753], [-54.3892544, -33.6841883], [-54.3919588, -33.6898502], [-54.3892969, -33.6955166], [-54.392823, -33.6992747], [-54.385115, -33.7117471], [-54.3894045, -33.7228441], [-54.3793159, -33.7299194], [-54.3813004, -33.7380168], [-54.3751717, -33.7379216], [-54.3912003, -33.7515536], [-54.3902085, -33.7645994], [-54.3943436, -33.7706527], [-54.3999932, -33.7700221], [-54.4143847, -33.7783665], [-54.4111479, -33.783443], [-54.4148744, -33.7885912], [-54.4182815, -33.7851071], [-54.4158353, -33.7827178], [-54.4194994, -33.7817245], [-54.4192541, -33.7844477], [-54.4319086, -33.7932877], [-54.4316416, -33.8101713], [-54.4403596, -33.813613], [-54.4339524, -33.822814], [-54.4240928, -33.8280642], [-54.4298708, -33.8337843], [-54.4321024, -33.8450483], [-54.4372523, -33.8478997], [-54.4331324, -33.8550278], [-54.4387972, -33.8775487], [-54.447037, -33.8839618], [-54.4456637, -33.8878094], [-54.4494402, -33.8905169], [-54.4468653, -33.8952191], [-54.4669411, -33.9009185], [-54.4762273, -33.8979227], [-54.481384, -33.900991], [-54.4850821, -33.9090243], [-54.4830147, -33.9188832], [-54.4863475, -33.9186595], [-54.4833387, -33.9243008], [-54.4861836, -33.9389483], [-54.4819668, -33.9508731], [-54.4874358, -33.9615874], [-54.4805712, -33.9686108], [-54.4841346, -33.9744906], [-54.4810421, -33.9763679], [-54.4869397, -33.9795171], [-54.4843219, -33.985722], [-54.4888757, -33.9901395], [-54.488918, -33.9952645], [-54.4859274, -34.0014698], [-54.4932217, -34.0143953], [-54.4877286, -34.0210827], [-54.4729657, -34.0274849], [-54.468717, -34.0352333], [-54.4676319, -34.0403944], [-54.4732475, -34.045635], [-54.4750189, -34.053291], [-54.4700597, -34.0587348], [-54.4774546, -34.0655401], [-54.4760813, -34.0710859], [-54.4639062, -34.0802038], [-54.4701121, -34.1014599], [-54.475187, -34.1003334], [-54.4767442, -34.1121485], [-54.483437, -34.1157872], [-54.4710585, -34.1281777], [-54.4801517, -34.1362357], [-54.4784846, -34.1405905], [-54.4703908, -34.1447674], [-54.4678158, -34.1528651], [-54.470262, -34.1569136], [-54.4829221, -34.1561323], [-54.4851061, -34.1645459], [-54.490856, -34.1680317], [-54.4851467, -34.1798622], [-54.4880129, -34.1846878], [-54.485497, -34.1899339], [-54.4894452, -34.1951875], [-54.4865242, -34.2027164], [-54.487728, -34.2175762], [-54.4832627, -34.2301483], [-54.4893996, -34.2388054], [-54.4834343, -34.2479583], [-54.4852368, -34.2622177], [-54.4820171, -34.2752158], [-54.4870382, -34.287946], [-54.4842701, -34.2993447], [-54.4874673, -34.308172], [-54.4843377, -34.3129645], [-54.4867839, -34.3204434], [-54.4837154, -34.3255649], [-54.4848924, -34.337359], [-54.4875746, -34.3393434], [-54.4870199, -34.3582267], [-54.4935076, -34.3704852], [-54.4920376, -34.3767729], [-54.4970745, -34.3808239], [-54.4945074, -34.3901556], [-54.5040753, -34.3980398], [-54.5051375, -34.40498], [-54.5089462, -34.4050863], [-54.5126477, -34.3958354], [-54.5159093, -34.3966056], [-54.5227113, -34.3896736], [-54.5231834, -34.3849279], [-54.5458958, -34.3872786], [-54.5523063, -34.3825727], [-54.5561848, -34.3832766], [-54.5483779, -34.3984753], [-54.5515376, -34.4100724], [-54.5619515, -34.4126455], [-54.5628849, -34.4202395], [-54.5673964, -34.422483], [-54.5791203, -34.4205576], [-54.5626248, -34.4305181], [-54.5626221, -34.4415661], [-54.5560668, -34.4425129], [-54.5578156, -34.4481046], [-54.5552406, -34.4523955], [-54.5476983, -34.4515904], [-54.5506058, -34.4551646], [-54.5401248, -34.4640552], [-54.538258, -34.4690795], [-54.5413265, -34.4686549], [-54.543086, -34.4767567], [-54.5364652, -34.4759802], [-54.5396742, -34.4817793], [-54.5347175, -34.4860242], [-54.539052, -34.4885357], [-54.5349321, -34.4907288], [-54.5418629, -34.4952739], [-54.5379791, -34.4986693], [-54.5358644, -34.5134968], [-54.5306614, -34.5160605], [-54.5233765, -34.5127188], [-54.5152441, -34.5179699], [-54.5119932, -34.5306455], [-54.5046762, -34.5350648], [-54.5063842, -34.5398236], [-54.5019081, -34.5549307], [-54.5036462, -34.5589333], [-54.5100856, -34.5596706], [-54.517819, -34.5697298], [-54.5187545, -34.5787975], [-54.5301786, -34.5815937], [-54.5344374, -34.5916276], [-54.5301357, -34.5950633], [-54.5300177, -34.5997264], [-54.534652, -34.601157], [-54.5392976, -34.6084248], [-54.5376668, -34.6231967], [-54.5319489, -34.627302], [-54.5363793, -34.6358033], [-54.5346085, -34.6407823], [-54.5393721, -34.6556632], [-54.5431702, -34.6584343], [-54.5358102, -34.6660765], [-54.5326055, -34.6750097], [-54.5368401, -34.6822939], [-54.5336354, -34.6860558], [-54.536647, -34.7086515], [-54.5407057, -34.7106835], [-54.536175, -34.7150896], [-54.5359314, -34.727192], [-54.5277775, -34.734916], [-54.5245159, -34.752689], [-54.5316353, -34.7595282], [-54.5409565, -34.755329], [-54.5442164, -34.7589872], [-54.54423, -34.7524229], [-54.5525526, -34.76703], [-54.5473143, -34.7872074], [-54.5637793, -34.7979928], [-54.5621656, -34.7934396], [-54.5697437, -34.7973329], [-54.566133, -34.8018035]]]}}, {"type": "Feature", "properties": {"name": "Cerro Largo", "country": "URY"}, "geometry": {"type": "Polygon", "coordinates": [[[-54.6594558, -32.1042422], [-54.6785716, -32.1170743], [-54.6878557, -32.1115442], [-54.6906962, -32.1130995], [-54.6896641, -32.116407], [-54.6984815, -32.1170902], [-54.7083789, -32.1038477], [-54.7084265, -32.0995705], [-54.724996, -32.0946756], [-54.7272022, -32.0907391], [-54.7576761, -32.0970998], [-54.7630763, -32.1032267], [-54.7640292, -32.1097417], [-54.7571489, -32.1095369], [-54.754395, -32.113631], [-54.7599974, -32.1197456], [-54.76682, -32.1202447], [-54.7767102, -32.1350764], [-54.7725426, -32.138506], [-54.7733745, -32.1501409], [-54.7859271, -32.1517411], [-54.7927923, -32.1487494], [-54.8053811, -32.1579295], [-54.809237, -32.1662414], [-54.8074125, -32.1683689], [-54.8148867, -32.1715219], [-54.8145732, -32.1760075], [-54.8101254, -32.176098], [-54.8128087, -32.1809608], [-54.8047183, -32.1854169], [-54.8115115, -32.198998], [-54.8067625, -32.2073893], [-54.8082507, -32.2115024], [-54.7962064, -32.210643], [-54.7971343, -32.2165398], [-54.7928453, -32.2137651], [-54.7890779, -32.2190435], [-54.7960338, -32.2198766], [-54.7929922, -32.2231712], [-54.7948452, -32.227122], [-54.7997407, -32.226909], [-54.7994716, -32.2321339], [-54.8103825, -32.2350328], [-54.8111952, -32.2398987], [-54.8170173, -32.2410926], [-54.8175056, -32.2487185], [-54.8116319, -32.2505557], [-54.8173378, -32.2582304], [-54.8143019, -32.2662648], [-54.8286505, -32.2693634], [-54.8332371, -32.295722], [-54.845535, -32.2953661], [-54.8410608, -32.3103492], [-54.8484047, -32.3247111], [-54.8582702, -32.3287775], [-54.8632859, -32.3256021], [-54.8683633, -32.3323935], [-54.8737116, -32.3273688], [-54.8780085, -32.3282414], [-54.8776971, -32.3251939], [-54.8813318, -32.3336332], [-54.8897135, -32.333344], [-54.8968242, -32.3393441], [-54.8915695, -32.3426015], [-54.9050653, -32.3476306], [-54.9019235, -32.3523476], [-54.908697, -32.3634073], [-54.9057056, -32.3656561], [-54.9213447, -32.3785211], [-54.9147964, -32.3826898], [-54.9110495, -32.3806343], [-54.9109536, -32.384551], [-54.9217031, -32.3886276], [-54.9246792, -32.3875542], [-54.9231273, -32.3841621], [-54.932036, -32.3880114], [-54.9397597, -32.3849135], [-54.9377591, -32.388726], [-54.9399425, -32.3893587], [-54.9462664, -32.3819946], [-54.9481395, -32.3866128], [-54.9526742, -32.3856549], [-54.9586397, -32.3899005], [-54.9684754, -32.4117894], [-54.96731, -32.4155588], [-54.9792457, -32.4203447], [-54.9778059, -32.426467], [-54.985496, -32.424238], [-54.9871905, -32.4330534], [-54.9933287, -32.4295618], [-54.9939635, -32.4372204], [-55.006172, -32.4529746], [-55.0140252, -32.4518851], [-55.0132, -32.4580927], [-55.0173081, -32.4614302], [-55.0183546, -32.4677263], [-55.0225079, -32.4677949], [-55.0223955, -32.4641233], [-55.0269594, -32.4605669], [-55.0310363, -32.4614076], [-55.0378164, -32.4666839], [-55.0461643, -32.4817346], [-55.0592212, -32.4852238], [-55.0731684, -32.4808866], [-55.080054, -32.4873367], [-55.0927795, -32.4781467], [-55.0888252, -32.473367], [-55.113886, -32.4809371], [-55.1234052, -32.4753437], [-55.1267941, -32.4796764], [-55.1428497, -32.4748082], [-55.1472798, -32.4782255], [-55.1477905, -32.471438], [-55.1566517, -32.4664807], [-55.16158, -32.4548024], [-55.1692378, -32.4576528], [-55.1735584, -32.4644735], [-55.182284, -32.466827], [-55.1907369, -32.4536101], [-55.213062, -32.4536829], [-55.2209441, -32.4468076], [-55.2332732, -32.4449756], [-55.2442042, -32.4478813], [-55.244279, -32.4529788], [-55.2371349, -32.4540361], [-55.2394292, -32.4625787], [-55.2490292, -32.4685219], [-55.253686, -32.475401], [-55.2615033, -32.4656502], [-55.2704332, -32.4653052], [-55.2786618, -32.475182], [-55.2944401, -32.470139], [-55.2960794, -32.4771356], [-55.3014739, -32.4817035], [-55.2989237, -32.4845227], [-55.3094776, -32.4835289], [-55.3111877, -32.486027], [-55.3057524, -32.4925594], [-55.3155318, -32.5075575], [-55.3013566, -32.5133753], [-55.308502, -32.5183964], [-55.3055837, -32.526312], [-55.3091779, -32.53107], [-55.3061953, -32.5328881], [-55.3026548, -32.5525107], [-55.2913359, -32.557557], [-55.292044, -32.5645468], [-55.3023329, -32.5742123], [-55.3033307, -32.5829908], [-55.3091672, -32.5836324], [-55.3138406, -32.5893601], [-55.3153105, -32.6042471], [-55.3222809, -32.6073614], [-55.3209988, -32.6124948], [-55.3260608, -32.6180066], [-55.3228173, -32.622189], [-55.3298769, -32.6290021], [-55.3354156, -32.6536591], [-55.3332028, -32.6548831], [-55.3362364, -32.6554567], [-55.3342355, -32.6622944], [-55.3275031, -32.6637215], [-55.3261969, -32.6704072], [-55.3306032, -32.6713389], [-55.3285285, -32.6784972], [-55.3355344, -32.6922678], [-55.3357489, -32.7021587], [-55.318904, -32.7183038], [-55.316903, -32.724577], [-55.3192419, -32.7241573], [-55.3223465, -32.7374746], [-55.3165624, -32.7475925], [-55.3230354, -32.7547838], [-55.3494298, -32.7502643], [-55.3505216, -32.7582025], [-55.3535085, -32.75833], [-55.3479155, -32.7738545], [-55.3518637, -32.7783288], [-55.352207, -32.7875653], [-55.3412207, -32.795935], [-55.3353842, -32.7937705], [-55.3235739, -32.8067135], [-55.3300627, -32.8221936], [-55.3203123, -32.8308054], [-55.3173683, -32.84282], [-55.3211449, -32.8589715], [-55.3209639, -32.8915574], [-55.3113413, -32.9029721], [-55.2998496, -32.9053942], [-55.2931548, -32.9144734], [-55.2957297, -32.9247044], [-55.2794219, -32.932773], [-55.274787, -32.9438663], [-55.2697831, -32.9451052], [-55.2615128, -32.941175], [-55.2541641, -32.9504101], [-55.2442313, -32.9481879], [-55.2325613, -32.9538315], [-55.2145339, -32.9732494], [-55.2126456, -32.9935526], [-55.1927329, -33.0036305], [-55.1954794, -33.0131314], [-55.1882439, -33.0175361], [-55.1855231, -33.0257978], [-55.1587911, -33.0276436], [-55.1594906, -33.0186588], [-55.1663011, -33.0184586], [-55.1649278, -33.0095341], [-55.1558384, -33.0110024], [-55.1559244, -33.0160175], [-55.1481136, -33.0137374], [-55.1214089, -33.0268753], [-55.1057019, -33.0232052], [-55.1013245, -33.0146409], [-55.0918831, -33.0096748], [-55.0846734, -33.0102506], [-55.0746312, -32.9984458], [-55.050921, -33.00683], [-55.0444763, -33.0036438], [-55.0393327, -33.0064094], [-55.0058418, -33.0017731], [-55.010538, -32.9937166], [-55.014863, -32.994199], [-55.0231652, -32.9876341], [-55.0323714, -32.9746429], [-55.0243325, -32.9646016], [-55.0191819, -32.9499185], [-55.0065211, -32.9384118], [-55.0076237, -32.9336046], [-54.9827099, -32.9245005], [-54.9747637, -32.9154611], [-54.9615281, -32.9108568], [-54.9032196, -32.9104601], [-54.8756894, -32.8803713], [-54.8553797, -32.8648005], [-54.8595393, -32.8569054], [-54.8550761, -32.8514761], [-54.8036131, -32.8468924], [-54.7837841, -32.849156], [-54.7566023, -32.837559], [-54.7448265, -32.83967], [-54.7237595, -32.8145824], [-54.6893414, -32.7942917], [-54.6779215, -32.7979583], [-54.666828, -32.8115071], [-54.6521273, -32.8222885], [-54.6414205, -32.8234768], [-54.641652, -32.8318112], [-54.6241737, -32.8469054], [-54.6178471, -32.8326182], [-54.5994583, -32.826706], [-54.5912831, -32.8184553], [-54.5824778, -32.8155607], [-54.5770852, -32.8008669], [-54.5522412, -32.794746], [-54.5310365, -32.8105607], [-54.5282071, -32.8002887], [-54.5151865, -32.796804], [-54.5088121, -32.7891564], [-54.5085803, -32.7813307], [-54.4873774, -32.787857], [-54.4823134, -32.7941344], [-54.453706, -32.7812401], [-54.4379389, -32.7787649], [-54.4365656, -32.7614439], [-54.4245493, -32.7526378], [-54.4047825, -32.749772], [-54.392015, -32.7676383], [-54.3898737, -32.7666406], [-54.3842089, -32.7592786], [-54.3845522, -32.7347342], [-54.379205, -32.723492], [-54.3654978, -32.7168269], [-54.3416111, -32.716993], [-54.3405812, -32.7116491], [-54.3335431, -32.7135267], [-54.3349421, -32.7165381], [-54.3303072, -32.7191377], [-54.3225825, -32.7109052], [-54.3146603, -32.7135267], [-54.3105404, -32.7227699], [-54.3054335, -32.7219034], [-54.3035527, -32.725596], [-54.2956488, -32.7213257], [-54.2952272, -32.7250544], [-54.2868941, -32.7308209], [-54.2864499, -32.7366799], [-54.253448, -32.7319147], [-54.247354, -32.7366438], [-54.2366316, -32.7308624], [-54.2274609, -32.7404293], [-54.2235571, -32.7391818], [-54.2180196, -32.7475041], [-54.2106069, -32.744072], [-54.204115, -32.7454828], [-54.2008534, -32.7489479], [-54.202482, -32.7551701], [-54.1984146, -32.7567213], [-54.1819973, -32.7511858], [-54.170966, -32.7518696], [-54.1713277, -32.7580431], [-54.1665581, -32.7595142], [-54.1584575, -32.7531253], [-54.1551112, -32.7612883], [-54.1593774, -32.7715852], [-54.1544268, -32.7739488], [-54.1508275, -32.7689409], [-54.1434365, -32.7694466], [-54.1446295, -32.7744134], [-54.1418242, -32.7755677], [-54.1296139, -32.7615077], [-54.1325322, -32.771612], [-54.1234662, -32.7698562], [-54.1219929, -32.7723614], [-54.1307106, -32.7768356], [-54.1276093, -32.7824726], [-54.1048058, -32.7856525], [-54.1011182, -32.7900855], [-54.085497, -32.7900855], [-54.0827598, -32.7965498], [-54.0736523, -32.7944146], [-54.0689745, -32.8058015], [-54.0598489, -32.8036721], [-54.0338269, -32.8147589], [-54.030329, -32.8080549], [-54.0427487, -32.8015152], [-54.0410578, -32.7952167], [-54.0479071, -32.7937845], [-54.0479756, -32.7822487], [-54.0444974, -32.7798721], [-54.0532252, -32.7765309], [-54.0524282, -32.7576872], [-54.0439362, -32.7557751], [-54.0365011, -32.7298927], [-54.0268248, -32.7195296], [-54.0091288, -32.7122051], [-53.9974558, -32.7159604], [-53.9900401, -32.7141044], [-53.9777148, -32.6983383], [-53.968287, -32.7005923], [-53.9665602, -32.7043003], [-53.93933, -32.7060412], [-53.9419838, -32.712893], [-53.9183294, -32.7246792], [-53.9103425, -32.7238903], [-53.9047232, -32.7280158], [-53.9029358, -32.7350054], [-53.8930431, -32.7353377], [-53.8858479, -32.7400065], [-53.8889118, -32.7483908], [-53.8813018, -32.7515057], [-53.875114, -32.7605839], [-53.8576433, -32.7649054], [-53.8512313, -32.7717591], [-53.8470234, -32.7708555], [-53.8493487, -32.7677678], [-53.845122, -32.7683083], [-53.8386834, -32.7782004], [-53.8320057, -32.7764801], [-53.8267734, -32.7724732], [-53.8278392, -32.7701034], [-53.8206192, -32.7669131], [-53.8130684, -32.7711229], [-53.8034929, -32.7685467], [-53.8002169, -32.7760226], [-53.7925396, -32.7765396], [-53.7882011, -32.7704246], [-53.7810159, -32.7725172], [-53.7656014, -32.7669689], [-53.7464487, -32.7730595], [-53.7445504, -32.7698607], [-53.7298615, -32.7694036], [-53.7139216, -32.7619789], [-53.711275, -32.759273], [-53.712197, -32.7540318], [-53.7031351, -32.761701], [-53.6853057, -32.7538997], [-53.6833824, -32.7493846], [-53.6744353, -32.748225], [-53.6734857, -32.7525665], [-53.6661202, -32.7538927], [-53.6557642, -32.7511204], [-53.6584208, -32.754148], [-53.6527225, -32.7556336], [-53.6511341, -32.7530997], [-53.6456781, -32.7588342], [-53.6386593, -32.7576738], [-53.6370132, -32.7615386], [-53.6282193, -32.7658469], [-53.6207518, -32.7616799], [-53.6214784, -32.7587388], [-53.6131445, -32.758973], [-53.6096785, -32.7630254], [-53.6053144, -32.762883], [-53.6077049, -32.7665476], [-53.6019621, -32.7709837], [-53.5952442, -32.7678435], [-53.5968068, -32.764764], [-53.5887043, -32.762043], [-53.5712292, -32.7612996], [-53.5653614, -32.7516272], [-53.5562506, -32.7574032], [-53.546245, -32.755848], [-53.5442398, -32.7592038], [-53.5465767, -32.762259], [-53.5432983, -32.7636916], [-53.5276841, -32.7552052], [-53.5271636, -32.7512327], [-53.5192458, -32.752288], [-53.5094316, -32.7614485], [-53.5042695, -32.7605669], [-53.5067777, -32.756738], [-53.4986133, -32.7523979], [-53.5003075, -32.7487937], [-53.4975092, -32.7461626], [-53.484463, -32.7488336], [-53.4777027, -32.762862], [-53.4729617, -32.7651105], [-53.4648681, -32.7588289], [-53.4701818, -32.7556315], [-53.4696143, -32.7527677], [-53.4547226, -32.7503495], [-53.4148114, -32.7601664], [-53.3937828, -32.7756113], [-53.3855431, -32.7757556], [-53.3839981, -32.7839822], [-53.3792775, -32.7887445], [-53.3657162, -32.7849202], [-53.3639138, -32.7771989], [-53.3535283, -32.7690439], [-53.3530991, -32.7631256], [-53.3431427, -32.7588671], [-53.3379071, -32.7593724], [-53.3321564, -32.7648579], [-53.3210843, -32.76493], [-53.3090095, -32.7702615], [-53.3016399, -32.7606399], [-53.2945599, -32.7572899], [-53.258828288697984, -32.75163981398905], [-53.25357, -32.7360599], [-53.2270804, -32.7218656], [-53.2088167, -32.7167399], [-53.19290861750748, -32.71840139791904], [-53.1836353, -32.7151997], [-53.1911524, -32.7159616], [-53.189027, -32.7121232], [-53.1848818, -32.7121809], [-53.1923101, -32.6867699], [-53.1896035, -32.6638097], [-53.18226490902445, -32.65309595611865], [-53.1840414, -32.6472185], [-53.1907016, -32.6424091], [-53.208726, -32.6403854], [-53.2355052, -32.6309891], [-53.2434016, -32.6224592], [-53.2471782, -32.6066986], [-53.2524997, -32.603228], [-53.2708674, -32.6048187], [-53.2806405, -32.6207338], [-53.2907802, -32.6210134], [-53.3034831, -32.6048187], [-53.3213359, -32.5957079], [-53.3344939, -32.5843457], [-53.3462741, -32.591921], [-53.355, -32.591], [-53.370158, -32.569735], [-53.3786426, -32.5720765], [-53.3822757, -32.5816783], [-53.3898439, -32.5864972], [-53.4057933, -32.5787853], [-53.4164363, -32.5688039], [-53.4202008, -32.559059], [-53.4250687, -32.5585217], [-53.4270623, -32.5657754], [-53.4306993, -32.566544], [-53.4426741, -32.5385911], [-53.4583958, -32.5210155], [-53.4565666, -32.5162478], [-53.4633186, -32.5027845], [-53.4617766, -32.4981318], [-53.466126, -32.4931696], [-53.462613, -32.4876436], [-53.4642318, -32.4844607], [-53.4709373, -32.4806894], [-53.4800283, -32.4841134], [-53.4995539, -32.4810385], [-53.5149643, -32.4890244], [-53.5175617, -32.4871572], [-53.5152258, -32.4831713], [-53.5203184, -32.4810609], [-53.5234715, -32.4880092], [-53.5276621, -32.4885397], [-53.5300255, -32.4829707], [-53.5435373, -32.479068], [-53.5409486, -32.4729313], [-53.5551652, -32.4733766], [-53.5670614, -32.4585327], [-53.5832104, -32.451918], [-53.5888356, -32.435173], [-53.600183, -32.4306319], [-53.6150311, -32.416573], [-53.6143752, -32.398404], [-53.6278697, -32.3891067], [-53.6452054, -32.3838542], [-53.6433403, -32.3670638], [-53.6338248, -32.3559345], [-53.6333399, -32.3502762], [-53.6444565, -32.3341792], [-53.6437764, -32.3243082], [-53.6553565, -32.3193702], [-53.6571292, -32.315709], [-53.6553777, -32.3115484], [-53.6474383, -32.3121543], [-53.6427999, -32.2969892], [-53.6556372, -32.2906223], [-53.6571867, -32.2776066], [-53.6650509, -32.2746812], [-53.677794, -32.2585979], [-53.6780401, -32.2325127], [-53.6851896, -32.2196225], [-53.6941125, -32.2116928], [-53.6936801, -32.2051632], [-53.6988274, -32.203884], [-53.7040176, -32.2070325], [-53.7114997, -32.1984681], [-53.7027255, -32.1891781], [-53.714118, -32.1876752], [-53.7133702, -32.1766955], [-53.7235696, -32.173466], [-53.7177493, -32.1531004], [-53.7350015, -32.1518768], [-53.7259821, -32.1455752], [-53.7257422, -32.1405512], [-53.7442234, -32.1154139], [-53.7375718, -32.106344], [-53.7399581, -32.1004634], [-53.7318391, -32.1057928], [-53.7252159, -32.0961476], [-53.7449802, -32.0916461], [-53.7468155, -32.0778347], [-53.7540033, -32.0792044], [-53.7570266, -32.0761646], [-53.7650048, -32.0793018], [-53.7697498, -32.0730567], [-53.7811677, -32.0697261], [-53.7901729, -32.0717947], [-53.7914704, -32.0677039], [-53.8068932, -32.0702078], [-53.8148731, -32.0625853], [-53.8148714, -32.0591078], [-53.8276402, -32.0594903], [-53.8337515, -32.0552396], [-53.8367473, -32.0505972], [-53.8345218, -32.0425088], [-53.8435376, -32.0385024], [-53.8384577, -32.0332133], [-53.8526994, -32.0299839], [-53.8515726, -32.0136905], [-53.8542724, -32.0104765], [-53.8497759, -32.0006422], [-53.8606562, -31.9973283], [-53.8601831, -31.994953], [-53.8634303, -31.9961066], [-53.8640698, -31.9929062], [-53.8707954, -31.9954583], [-53.871982, -31.9991302], [-53.8793209, -31.9949628], [-53.8912485, -31.9956025], [-53.8916276, -31.9890808], [-53.8967885, -31.9849754], [-53.8984497, -31.9784735], [-53.9067275, -31.9761098], [-53.9132435, -31.9656762], [-53.9320421, -31.9631753], [-53.9481455, -31.9543075], [-53.9540517, -31.956985], [-53.9607332, -31.9553177], [-53.9725846, -31.939514], [-53.9710851, -31.9350665], [-53.9672016, -31.9367737], [-53.9646191, -31.9300983], [-53.9618227, -31.9306342], [-53.963, -31.923], [-53.9689955, -31.9225117], [-53.9672758, -31.9202615], [-53.9697222, -31.917655], [-54.0043203, -31.9145898], [-54.0068148, -31.9080917], [-54.0155585, -31.9083652], [-54.0165351, -31.906343], [-54.0121631, -31.9051135], [-54.0183644, -31.9039977], [-54.0157948, -31.9013791], [-54.023364, -31.9015886], [-54.0264164, -31.8968567], [-54.0321616, -31.8986921], [-54.0327786, -31.8954266], [-54.0405248, -31.8969114], [-54.0489415, -31.9056144], [-54.0537588, -31.9052729], [-54.0572188, -31.9140753], [-54.0625296, -31.9157327], [-54.0670357, -31.9230271], [-54.0741382, -31.9189201], [-54.0807365, -31.9243247], [-54.0797387, -31.9284588], [-54.0876834, -31.9308718], [-54.0866749, -31.9350192], [-54.0896521, -31.9350966], [-54.0915887, -31.9302708], [-54.1012822, -31.9271111], [-54.1001825, -31.9243156], [-54.1073652, -31.9178822], [-54.1054181, -31.9122948], [-54.1101066, -31.9080644], [-54.1404426, -31.894871], [-54.1446269, -31.8818091], [-54.1541057, -31.8783914], [-54.4564064, -31.6517073], [-54.4597264, -31.6579759], [-54.4600496, -31.6536754], [-54.465876, -31.6547297], [-54.4674136, -31.6585676], [-54.4644113, -31.6626849], [-54.4742525, -31.6732856], [-54.4695232, -31.6745519], [-54.4721328, -31.6787181], [-54.4693767, -31.6832038], [-54.476072, -31.6904537], [-54.4705976, -31.6925392], [-54.4829227, -31.7023849], [-54.4799307, -31.7170406], [-54.4773286, -31.7181427], [-54.4793167, -31.7220441], [-54.4702174, -31.7259439], [-54.4798566, -31.7277444], [-54.4798052, -31.7365134], [-54.484418, -31.7364693], [-54.4864682, -31.7435822], [-54.481062, -31.7435722], [-54.4702434, -31.7502489], [-54.4766728, -31.7637451], [-54.4744408, -31.7675689], [-54.4640808, -31.7696466], [-54.4659506, -31.7834417], [-54.4588337, -31.779507], [-54.4563858, -31.7809584], [-54.4583955, -31.7873334], [-54.4551166, -31.7881212], [-54.4574875, -31.7912302], [-54.4553194, -31.7953992], [-54.4599355, -31.7975696], [-54.4550482, -31.8040516], [-54.4602454, -31.8126509], [-54.4649113, -31.8135632], [-54.4596805, -31.8197126], [-54.4633521, -31.8250745], [-54.4597822, -31.8291896], [-54.4654661, -31.831298], [-54.4639482, -31.8359707], [-54.4608698, -31.8357709], [-54.4653559, -31.8406647], [-54.4724537, -31.8401553], [-54.4770266, -31.8457114], [-54.4838132, -31.8469653], [-54.4798977, -31.8507297], [-54.4749261, -31.8481884], [-54.473018, -31.8521273], [-54.4797467, -31.8531315], [-54.4825782, -31.8567195], [-54.4802617, -31.8591382], [-54.484782, -31.8595895], [-54.4822406, -31.8665823], [-54.4915766, -31.8689694], [-54.4905718, -31.8763972], [-54.4934154, -31.8790433], [-54.4903883, -31.8794438], [-54.4911867, -31.8845874], [-54.5088472, -31.8874077], [-54.5054092, -31.8975356], [-54.5094897, -31.894934], [-54.5126795, -31.8979945], [-54.5068836, -31.901542], [-54.5085159, -31.9124816], [-54.5157089, -31.9113798], [-54.5109023, -31.9259504], [-54.5143356, -31.9341089], [-54.5165672, -31.9383336], [-54.5242919, -31.9412471], [-54.5215454, -31.9460541], [-54.5258369, -31.9456171], [-54.5244636, -31.9498412], [-54.5282401, -31.9517347], [-54.5260086, -31.9565412], [-54.5316734, -31.9649882], [-54.5479812, -31.9747451], [-54.5387115, -31.9792591], [-54.5469512, -31.9823169], [-54.533905, -31.9884321], [-54.5402564, -31.9939646], [-54.5388832, -31.9997879], [-54.5313301, -32.0060475], [-54.5359649, -32.0059019], [-54.5375099, -32.0092499], [-54.5264995, -32.0156577], [-54.5292701, -32.0220585], [-54.5371684, -32.0220081], [-54.54043, -32.0279751], [-54.5563945, -32.0394715], [-54.5575961, -32.0431093], [-54.5536479, -32.0436913], [-54.5526179, -32.0486384], [-54.5545062, -32.0519849], [-54.5488414, -32.0531488], [-54.551073, -32.0585319], [-54.5479831, -32.0639146], [-54.5442065, -32.0643511], [-54.5521698, -32.0678678], [-54.5515377, -32.0716552], [-54.5669289, -32.0818773], [-54.5744255, -32.0808057], [-54.5747911, -32.0863948], [-54.5897027, -32.0903541], [-54.5896688, -32.0987504], [-54.5971907, -32.0993827], [-54.6020836, -32.1066804], [-54.6139103, -32.1103727], [-54.613101, -32.1046775], [-54.6230278, -32.1076761], [-54.6234193, -32.1036825], [-54.6411847, -32.1010569], [-54.6594558, -32.1042422]]]}}, {"type": "Feature", "properties": {"name": "Tacuaremb\u00f3", "country": "URY"}, "geometry": {"type": "Polygon", "coordinates": [[[-56.3017255, -31.7398546], [-56.2838605, -31.7395452], [-56.2734341, -31.7431382], [-56.2688849, -31.7500597], [-56.2661383, -31.7617368], [-56.2690565, -31.7750176], [-56.2620184, -31.7826059], [-56.265795, -31.7826059], [-56.2688849, -31.7890262], [-56.2687132, -31.7992394], [-56.2749097, -31.8132991], [-56.2702854, -31.8163209], [-56.2747518, -31.826082], [-56.2721548, -31.8333442], [-56.267299, -31.8365071], [-56.2668607, -31.8496335], [-56.2549956, -31.8540006], [-56.2464568, -31.8655645], [-56.2490357, -31.8710726], [-56.2385345, -31.8794174], [-56.2441553, -31.8967854], [-56.2414891, -31.9009405], [-56.2622183, -31.9131832], [-56.2643454, -31.9205385], [-56.2705611, -31.9213867], [-56.2837019, -31.937014], [-56.280985, -31.9464061], [-56.2822825, -31.9594892], [-56.2929289, -31.97121], [-56.2981415, -31.9874804], [-56.2892447, -32.0170251], [-56.2993448, -32.0518432], [-56.3091204, -32.0593936], [-56.3132991, -32.0696309], [-56.30858, -32.0799989], [-56.2871199, -32.0916254], [-56.286566, -32.0950762], [-56.2958271, -32.1115078], [-56.3062985, -32.1203768], [-56.3050968, -32.1341874], [-56.3109333, -32.1402924], [-56.30956, -32.1584599], [-56.3157542, -32.1625311], [-56.3217623, -32.1604967], [-56.3289721, -32.1631124], [-56.3337786, -32.1725576], [-56.3418467, -32.1796771], [-56.3471682, -32.1924618], [-56.3430484, -32.2019039], [-56.3466532, -32.2162831], [-56.3648494, -32.2260132], [-56.363991, -32.233419], [-56.3717158, -32.2424212], [-56.3813288, -32.245325], [-56.3983147, -32.2626005], [-56.4171975, -32.2721805], [-56.4470666, -32.3003339], [-56.4620011, -32.3012045], [-56.4704125, -32.3093296], [-56.4731076, -32.3299872], [-56.4916985, -32.3344256], [-56.4956467, -32.344288], [-56.5045731, -32.3493639], [-56.520366, -32.3818425], [-56.5308373, -32.3911199], [-56.5339272, -32.4070633], [-56.5325539, -32.4206854], [-56.5370171, -32.4290895], [-56.5377038, -32.4414045], [-56.553673, -32.4783447], [-56.5463946, -32.5031188], [-56.5517161, -32.5222267], [-56.5505144, -32.5274373], [-56.563801, -32.5458021], [-56.5700838, -32.5757653], [-56.5859784, -32.588187], [-56.5971518, -32.6311497], [-56.5982578, -32.6454305], [-56.5943066, -32.660196], [-56.6088373, -32.6611238], [-56.6176933, -32.6649797], [-56.6228525, -32.6756521], [-56.6395037, -32.6861996], [-56.6481898, -32.6996494], [-56.6461985, -32.7145127], [-56.6389201, -32.7188599], [-56.6355555, -32.7298211], [-56.6405337, -32.7532119], [-56.6365168, -32.7696828], [-56.6648409, -32.7800748], [-56.6832771, -32.7953651], [-56.652378, -32.8131122], [-56.6504898, -32.8180173], [-56.6647376, -32.832154], [-56.6654243, -32.851336], [-56.6475715, -32.8641697], [-56.6401901, -32.8627278], [-56.6172143, -32.8296781], [-56.6027679, -32.8247975], [-56.5904083, -32.8057541], [-56.5576449, -32.8103045], [-56.557106, -32.8135451], [-56.5711718, -32.8240891], [-56.5741004, -32.8301347], [-56.5732421, -32.8369139], [-56.5627708, -32.842683], [-56.555561, -32.8367696], [-56.5534237, -32.8260128], [-56.5409698, -32.8177288], [-56.5390988, -32.8082651], [-56.5356307, -32.8080685], [-56.5270652, -32.8191714], [-56.5004577, -32.8224894], [-56.4959945, -32.8175845], [-56.4930763, -32.8045998], [-56.4888502, -32.8019464], [-56.4846649, -32.8030127], [-56.4779701, -32.8181616], [-56.4656104, -32.8204698], [-56.4575424, -32.8109481], [-56.4460411, -32.8168632], [-56.4387696, -32.8286923], [-56.4429511, -32.8408081], [-56.4424362, -32.8539317], [-56.4311065, -32.8664767], [-56.4266433, -32.8660441], [-56.4144554, -32.8571042], [-56.414627, -32.8405196], [-56.4213272, -32.8302587], [-56.4213552, -32.8222014], [-56.3909727, -32.8176319], [-56.3275947, -32.8177288], [-56.3003005, -32.8099382], [-56.2424507, -32.7692429], [-56.2206497, -32.7669334], [-56.1971321, -32.750332], [-56.189579, -32.7302618], [-56.2066126, -32.7124165], [-56.2053718, -32.706865], [-56.1913402, -32.7057629], [-56.1798151, -32.6923426], [-56.1329839, -32.6798384], [-56.1018788, -32.6822657], [-56.0721728, -32.6920612], [-56.0047614, -32.68608], [-55.9816558, -32.6621658], [-55.9444465, -32.6353367], [-55.93861, -32.6109028], [-55.9248771, -32.6022264], [-55.8919181, -32.6046848], [-55.8639373, -32.6226145], [-55.8445396, -32.6279638], [-55.8268585, -32.6281084], [-55.809349, -32.6216025], [-55.8055725, -32.6171203], [-55.8064308, -32.6122042], [-55.8169021, -32.5975987], [-55.8150138, -32.5936939], [-55.808834, -32.5925368], [-55.7968177, -32.5999126], [-55.7868614, -32.6004911], [-55.7757034, -32.5922476], [-55.7774503, -32.5790457], [-55.7944145, -32.5718526], [-55.7985689, -32.563744], [-55.788964, -32.5592954], [-55.7695236, -32.5643298], [-55.765747, -32.5591214], [-55.7679786, -32.5339431], [-55.7564773, -32.5267067], [-55.7524017, -32.520498], [-55.7547902, -32.5143014], [-55.7765617, -32.5129558], [-55.7808532, -32.5102054], [-55.7820548, -32.5058625], [-55.77719, -32.4989193], [-55.733818, -32.5054282], [-55.7157936, -32.4939907], [-55.711502, -32.4952938], [-55.7085838, -32.4993477], [-55.713047, -32.5155614], [-55.7099571, -32.523233], [-55.6837635, -32.5358947], [-55.6768772, -32.5328431], [-55.678543, -32.5157062], [-55.6522788, -32.4963072], [-55.6515271, -32.4828396], [-55.6431808, -32.4790763], [-55.6066169, -32.4847238], [-55.6021537, -32.48009], [-55.5590667, -32.4981894], [-55.5303661, -32.4930332], [-55.5150253, -32.5011883], [-55.4987661, -32.5052863], [-55.4775276, -32.5013745], [-55.4723777, -32.4965968], [-55.473257, -32.4888592], [-55.4851447, -32.4836458], [-55.4940071, -32.4742974], [-55.4872482, -32.4590161], [-55.4931825, -32.444548], [-55.4857946, -32.4355958], [-55.4842224, -32.4254802], [-55.4746851, -32.4119564], [-55.4640327, -32.4144456], [-55.454836, -32.4097286], [-55.4485108, -32.4145579], [-55.4352482, -32.4089577], [-55.4315034, -32.4113574], [-55.4328099, -32.4171266], [-55.4280738, -32.4322949], [-55.434491, -32.4442505], [-55.430148, -32.44691], [-55.4305089, -32.4506238], [-55.4140007, -32.476099], [-55.4056354, -32.4734587], [-55.3981944, -32.4660303], [-55.3923146, -32.4691473], [-55.3820133, -32.4595662], [-55.3747656, -32.4678776], [-55.3781356, -32.4727044], [-55.3765176, -32.4755566], [-55.3621359, -32.4673797], [-55.3569366, -32.4700898], [-55.3553059, -32.4807788], [-55.3493269, -32.4843517], [-55.3391747, -32.4779391], [-55.325949, -32.481757], [-55.322924, -32.4881461], [-55.3108045, -32.4889126], [-55.3094776, -32.4835289], [-55.2989237, -32.4845227], [-55.3014739, -32.4817035], [-55.2960794, -32.4771356], [-55.2944401, -32.470139], [-55.2786618, -32.475182], [-55.2704332, -32.4653052], [-55.2615033, -32.4656502], [-55.253686, -32.475401], [-55.2490292, -32.4685219], [-55.2394292, -32.4625787], [-55.2371349, -32.4540361], [-55.244279, -32.4529788], [-55.2442042, -32.4478813], [-55.2332732, -32.4449756], [-55.2209441, -32.4468076], [-55.213062, -32.4536829], [-55.1907369, -32.4536101], [-55.182284, -32.466827], [-55.1735584, -32.4644735], [-55.1692378, -32.4576528], [-55.16158, -32.4548024], [-55.1566517, -32.4664807], [-55.1477905, -32.471438], [-55.1472798, -32.4782255], [-55.1428497, -32.4748082], [-55.1267941, -32.4796764], [-55.1234052, -32.4753437], [-55.113886, -32.4809371], [-55.0888252, -32.473367], [-55.0927795, -32.4781467], [-55.080054, -32.4873367], [-55.0731684, -32.4808866], [-55.0538246, -32.4851964], [-55.0461643, -32.4817346], [-55.0378164, -32.4666839], [-55.0310363, -32.4614076], [-55.0269594, -32.4605669], [-55.0223955, -32.4641233], [-55.0225079, -32.4677949], [-55.0183546, -32.4677263], [-55.0173081, -32.4614302], [-55.0132, -32.4580927], [-55.0140252, -32.4518851], [-55.006172, -32.4529746], [-54.9939635, -32.4372204], [-54.9933287, -32.4295618], [-54.9871905, -32.4330534], [-54.985496, -32.424238], [-54.9778059, -32.426467], [-54.9792457, -32.4203447], [-54.96731, -32.4155588], [-54.9639362, -32.3999807], [-54.9586397, -32.3899005], [-54.9526742, -32.3856549], [-54.9481395, -32.3866128], [-54.9462664, -32.3819946], [-54.9399425, -32.3893587], [-54.9377591, -32.388726], [-54.9397597, -32.3849135], [-54.932036, -32.3880114], [-54.9231273, -32.3841621], [-54.9246792, -32.3875542], [-54.9217031, -32.3886276], [-54.9109536, -32.384551], [-54.9110495, -32.3806343], [-54.9147964, -32.3826898], [-54.9213447, -32.3785211], [-54.9057056, -32.3656561], [-54.908697, -32.3634073], [-54.9019235, -32.3523476], [-54.9050653, -32.3476306], [-54.8915695, -32.3426015], [-54.8968242, -32.3393441], [-54.8897135, -32.333344], [-54.8813318, -32.3336332], [-54.8776971, -32.3251939], [-54.8780085, -32.3282414], [-54.8737116, -32.3273688], [-54.8683633, -32.3323935], [-54.8632859, -32.3256021], [-54.8582702, -32.3287775], [-54.8484047, -32.3247111], [-54.8410608, -32.3103492], [-54.845535, -32.2953661], [-54.8332371, -32.295722], [-54.8286505, -32.2693634], [-54.8143019, -32.2662648], [-54.8173378, -32.2582304], [-54.8116319, -32.2505557], [-54.8175056, -32.2487185], [-54.8170173, -32.2410926], [-54.8111952, -32.2398987], [-54.8103825, -32.2350328], [-54.7994716, -32.2321339], [-54.7997407, -32.226909], [-54.7948452, -32.227122], [-54.7929922, -32.2231712], [-54.7960338, -32.2198766], [-54.7890779, -32.2190435], [-54.7928453, -32.2137651], [-54.7971343, -32.2165398], [-54.7962064, -32.210643], [-54.8082507, -32.2115024], [-54.8067625, -32.2073893], [-54.8115115, -32.198998], [-54.8047183, -32.1854169], [-54.8128087, -32.1809608], [-54.8101254, -32.176098], [-54.8145732, -32.1760075], [-54.8148867, -32.1715219], [-54.8074125, -32.1683689], [-54.809237, -32.1662414], [-54.8053811, -32.1579295], [-54.7927923, -32.1487494], [-54.7859271, -32.1517411], [-54.7733745, -32.1501409], [-54.7725426, -32.138506], [-54.7767102, -32.1350764], [-54.76682, -32.1202447], [-54.7599974, -32.1197456], [-54.754395, -32.113631], [-54.7571489, -32.1095369], [-54.7640292, -32.1097417], [-54.7630763, -32.1032267], [-54.7576761, -32.0970998], [-54.7272022, -32.0907391], [-54.724996, -32.0946756], [-54.7084265, -32.0995705], [-54.7083789, -32.1038477], [-54.6984815, -32.1170902], [-54.6896641, -32.116407], [-54.6906962, -32.1130995], [-54.6878557, -32.1115442], [-54.6785716, -32.1170743], [-54.6673619, -32.1099533], [-54.6899714, -32.0813364], [-54.7094735, -32.064221], [-54.7594405, -32.0014262], [-54.7750913, -31.9916313], [-54.8085645, -31.9323503], [-54.8255527, -31.9113831], [-54.8461092, -31.877339], [-54.8591248, -31.874168], [-54.8672788, -31.8755437], [-54.8886661, -31.8490807], [-54.890915, -31.8323872], [-54.8955869, -31.8295115], [-54.9336281, -31.8254519], [-54.953789, -31.8147037], [-54.9709552, -31.8133909], [-55.010094, -31.8291438], [-55.041508, -31.8307481], [-55.0593608, -31.8236014], [-55.0717431, -31.8098251], [-55.1230713, -31.8067487], [-55.1524026, -31.8119918], [-55.1678199, -31.8213501], [-55.1751208, -31.8224167], [-55.1837465, -31.8205085], [-55.1851845, -31.8127212], [-55.1905864, -31.8109251], [-55.2681346, -31.8086959], [-55.2989319, -31.7946294], [-55.3278051, -31.7884884], [-55.3339639, -31.7853293], [-55.3415789, -31.7750566], [-55.3556372, -31.7763914], [-55.365712, -31.7738535], [-55.3833697, -31.7797269], [-55.4160731, -31.7779443], [-55.4498904, -31.7883047], [-55.5003031, -31.7882062], [-55.4993203, -31.7855323], [-55.5083583, -31.7907928], [-55.5245509, -31.7815624], [-55.5331421, -31.7830132], [-55.5356097, -31.7788498], [-55.5486613, -31.7792785], [-55.5521562, -31.7738601], [-55.5565899, -31.7733227], [-55.55994, -31.777741], [-55.5656451, -31.7744902], [-55.5731338, -31.7777326], [-55.5732035, -31.7736738], [-55.5804187, -31.776369], [-55.5792117, -31.7784987], [-55.5890178, -31.7850424], [-55.5873361, -31.7880284], [-55.5997547, -31.791015], [-55.6045746, -31.78859], [-55.6184202, -31.7999749], [-55.6289723, -31.7974852], [-55.6381025, -31.779611], [-55.6340513, -31.7699078], [-55.636976, -31.7692953], [-55.6354568, -31.7652558], [-55.6419649, -31.7632111], [-55.6377056, -31.7632476], [-55.6354203, -31.7499468], [-55.6320193, -31.7485053], [-55.6305172, -31.7416259], [-55.6359675, -31.7398923], [-55.6341329, -31.7359597], [-55.6426301, -31.7302749], [-55.6398084, -31.7287053], [-55.6613197, -31.716878], [-55.6569531, -31.7113472], [-55.6616094, -31.7076415], [-55.6603262, -31.7006875], [-55.6568243, -31.6997642], [-55.6545069, -31.6935203], [-55.6551721, -31.6881249], [-55.6602898, -31.6862717], [-55.6599357, -31.6809216], [-55.6574724, -31.6772891], [-55.6547108, -31.6787943], [-55.6562021, -31.6814968], [-55.6511488, -31.6805199], [-55.6533418, -31.6761934], [-55.6508913, -31.6726494], [-55.657275, -31.6661936], [-55.6471727, -31.6565789], [-55.6453016, -31.6513993], [-55.6478765, -31.6455814], [-55.6393578, -31.6371599], [-55.6430056, -31.6355431], [-55.6414499, -31.627011], [-55.6469109, -31.6256498], [-55.6461706, -31.6216941], [-55.6528553, -31.6203978], [-55.6530907, -31.6248733], [-55.6582084, -31.6250469], [-55.6697891, -31.6180118], [-55.6689737, -31.6139113], [-55.6627939, -31.6121571], [-55.6633303, -31.60662], [-55.6577127, -31.5985129], [-55.6607125, -31.5973624], [-55.6515372, -31.5917477], [-55.6537023, -31.5858264], [-55.6716773, -31.5703448], [-55.6837378, -31.5689105], [-55.6725688, -31.553937], [-55.6766375, -31.5500309], [-55.6741578, -31.5372296], [-55.6898301, -31.5283096], [-55.7144639, -31.5373065], [-55.7251655, -31.5368485], [-55.728339, -31.5305287], [-55.7331796, -31.5329961], [-55.7401571, -31.5308574], [-55.7497815, -31.5213621], [-55.7528732, -31.5084583], [-55.7762481, -31.5068717], [-55.7840081, -31.4929486], [-55.7914679, -31.4899339], [-55.788857, -31.4880587], [-55.7900463, -31.482546], [-55.7994363, -31.4765408], [-55.8080444, -31.4774671], [-55.8077388, -31.4718107], [-55.8108043, -31.4701378], [-55.8129983, -31.4593677], [-55.8157113, -31.4590805], [-55.8112746, -31.4558356], [-55.8131291, -31.4510119], [-55.8099597, -31.4516744], [-55.8058503, -31.4448189], [-55.8090861, -31.4414163], [-55.8088843, -31.4338408], [-55.8028282, -31.4322515], [-55.809848, -31.4276606], [-55.8072131, -31.4204096], [-55.8035776, -31.4188215], [-55.8051958, -31.4146618], [-55.8017597, -31.4129667], [-55.8032424, -31.397989], [-55.7994541, -31.3972716], [-55.8086194, -31.3889284], [-55.8087546, -31.3848719], [-55.8143201, -31.3842572], [-55.8144199, -31.3804732], [-55.8216754, -31.3733121], [-55.817825, -31.3714651], [-55.8253345, -31.3595401], [-55.8359101, -31.3641538], [-55.8568099, -31.3653997], [-55.8639982, -31.3579226], [-55.8738184, -31.3601031], [-55.8789905, -31.3552813], [-55.8935362, -31.3505276], [-55.8950517, -31.3452727], [-55.901737, -31.3521463], [-55.9063394, -31.3520836], [-55.9135911, -31.3435134], [-55.9198997, -31.3414681], [-55.9208517, -31.3344995], [-55.9379241, -31.3345771], [-55.9502838, -31.3251927], [-55.9477088, -31.3203535], [-55.9516571, -31.312581], [-55.9621284, -31.3086211], [-55.9748313, -31.3095011], [-55.9804962, -31.3001142], [-56.0291193, -31.269593], [-56.0357711, -31.2687273], [-56.0498474, -31.257282], [-56.0620353, -31.2534666], [-56.0696313, -31.2434724], [-56.088989, -31.235553], [-56.0953405, -31.2399562], [-56.1003187, -31.2393691], [-56.1176565, -31.2307092], [-56.1313808, -31.2345255], [-56.1425388, -31.2421577], [-56.1437404, -31.2464139], [-56.1567781, -31.2506625], [-56.1705196, -31.2458415], [-56.1806476, -31.248762], [-56.1849767, -31.2455884], [-56.1803913, -31.2590638], [-56.1540455, -31.2804389], [-56.1578864, -31.2983026], [-56.1538309, -31.3013874], [-56.156041, -31.3059204], [-56.1632508, -31.3073642], [-56.1711806, -31.3139611], [-56.1763131, -31.3213377], [-56.1865914, -31.3260944], [-56.178982, -31.3498252], [-56.1963147, -31.3731707], [-56.1957225, -31.3859648], [-56.2013272, -31.3890349], [-56.2046746, -31.4027719], [-56.2288789, -31.4251424], [-56.2659577, -31.4346633], [-56.2676743, -31.4393941], [-56.258813, -31.4527441], [-56.3011483, -31.4829851], [-56.3122296, -31.4868177], [-56.3150529, -31.4989844], [-56.321576, -31.502746], [-56.3234734, -31.5196609], [-56.3291382, -31.5321644], [-56.3250605, -31.5469888], [-56.3361763, -31.5513297], [-56.336863, -31.5625929], [-56.3519692, -31.5668346], [-56.3627839, -31.5814595], [-56.3580632, -31.587031], [-56.3626122, -31.5942837], [-56.3662171, -31.5949124], [-56.3655982, -31.6032018], [-56.3511509, -31.6187585], [-56.3373847, -31.620536], [-56.3395482, -31.6327821], [-56.3340711, -31.6387584], [-56.3384355, -31.648869], [-56.3384079, -31.6580566], [-56.3499951, -31.6700739], [-56.3364338, -31.6777146], [-56.3330006, -31.6860411], [-56.3162636, -31.6974999], [-56.3064789, -31.7341525], [-56.3017255, -31.7398546]]]}}, {"type": "Feature", "properties": {"name": "Paysand\u00fa", "country": "URY"}, "geometry": {"type": "Polygon", "coordinates": [[[-58.0340225, -31.5097186], [-58.0033095, -31.5297884], [-58.0046055, -31.5423289], [-57.9861524, -31.5644381], [-57.9805485, -31.5836254], [-58.0080471, -31.6595925], [-58.0128621, -31.6841768], [-58.0344198, -31.7143645], [-58.0393729, -31.7362212], [-58.0388047, -31.757602], [-58.0509078, -31.7715097], [-58.0675681, -31.799498], [-58.0856532, -31.8192923], [-58.1444856, -31.8337652], [-58.1878407, -31.849488], [-58.196913, -31.8549837], [-58.2068347, -31.8687924], [-58.1940967, -31.91053], [-58.1665371, -31.9332329], [-58.1568211, -31.953869], [-58.151177, -31.981826], [-58.1385169, -32.0010414], [-58.1377802, -32.0244001], [-58.1427501, -32.0565204], [-58.1498967, -32.0724232], [-58.1673193, -32.0883301], [-58.1836738, -32.1550226], [-58.1740244, -32.1696555], [-58.1041254, -32.2430931], [-58.1000825, -32.2551821], [-58.0984747, -32.2859028], [-58.1039684, -32.3083604], [-58.1233513, -32.3382674], [-58.1431989, -32.3494752], [-58.1680298, -32.3576374], [-58.1838145, -32.3746495], [-58.185159, -32.3933127], [-58.1947582, -32.4110517], [-58.1966646, -32.4318024], [-58.2046613, -32.4567982], [-58.1961504, -32.4861143], [-58.1834276, -32.4867451], [-58.1739662, -32.4731878], [-58.1580131, -32.4662175], [-58.1556185, -32.4715399], [-58.1483907, -32.4734272], [-58.1475739, -32.4664643], [-58.14132, -32.4643852], [-58.1395196, -32.4588628], [-58.1357928, -32.4578184], [-58.130068, -32.4600751], [-58.1309844, -32.4648712], [-58.1387642, -32.4639898], [-58.1357661, -32.4688253], [-58.1195762, -32.4785096], [-58.1137001, -32.4741382], [-58.1125501, -32.4587645], [-58.1114568, -32.4632955], [-58.1090332, -32.4581402], [-58.1048778, -32.4581637], [-58.0954114, -32.4741348], [-58.0876388, -32.4664935], [-58.0757501, -32.4637221], [-58.0715204, -32.4657812], [-58.0596201, -32.4721014], [-58.0636947, -32.4775845], [-58.0504443, -32.4932047], [-58.0492956, -32.5064383], [-58.0410879, -32.5117594], [-58.0316534, -32.5130698], [-58.0355844, -32.5188793], [-58.0297721, -32.5222177], [-58.0239456, -32.5328156], [-58.0102038, -32.5317581], [-58.0057928, -32.5364404], [-57.9971263, -32.5385731], [-57.9930551, -32.5447908], [-57.9921507, -32.5543996], [-57.9992887, -32.5630503], [-57.9831309, -32.5708114], [-57.965289, -32.5703064], [-57.9631582, -32.5788354], [-57.9585426, -32.5808514], [-57.9381793, -32.5769774], [-57.9348406, -32.5807126], [-57.9263379, -32.5802864], [-57.9211023, -32.5836688], [-57.9069884, -32.5767876], [-57.88942, -32.5838948], [-57.8795784, -32.573682], [-57.8769746, -32.5785836], [-57.8692787, -32.5778138], [-57.858757, -32.5638099], [-57.8518047, -32.5693164], [-57.8445413, -32.5638641], [-57.8358073, -32.5628956], [-57.8261953, -32.576146], [-57.8077428, -32.570979], [-57.8057462, -32.5746633], [-57.8115194, -32.5768738], [-57.8122478, -32.5811907], [-57.7958542, -32.5865606], [-57.7876573, -32.5861267], [-57.7854472, -32.5938284], [-57.7808124, -32.5956181], [-57.773947, -32.5914646], [-57.7795678, -32.588459], [-57.7770787, -32.5830169], [-57.7730672, -32.5809964], [-57.764247, -32.58506], [-57.757446, -32.5779406], [-57.7633887, -32.5678822], [-57.7552992, -32.5649165], [-57.7568656, -32.560956], [-57.7525097, -32.553813], [-57.7527897, -32.5470159], [-57.7471667, -32.5414411], [-57.7292936, -32.5401242], [-57.7251308, -32.5443027], [-57.7165048, -32.5407393], [-57.7118474, -32.543865], [-57.7028137, -32.5378594], [-57.6945311, -32.5445523], [-57.6874929, -32.5441906], [-57.6818936, -32.5414628], [-57.6794045, -32.5361083], [-57.6749198, -32.5388399], [-57.6483763, -32.5276394], [-57.633294, -32.5315786], [-57.6258676, -32.5382791], [-57.6105771, -32.5330421], [-57.6121094, -32.5287694], [-57.6033962, -32.5275178], [-57.5978178, -32.5197966], [-57.5886171, -32.5274248], [-57.5836389, -32.5220694], [-57.5850652, -32.5116988], [-57.572682, -32.5071255], [-57.564692, -32.4991143], [-57.5434701, -32.5068702], [-57.537977, -32.4989077], [-57.5385961, -32.4893127], [-57.5299089, -32.4851526], [-57.532478, -32.4794962], [-57.5270863, -32.4706179], [-57.530844, -32.4672435], [-57.5275544, -32.460522], [-57.5198312, -32.4607653], [-57.5188191, -32.4551419], [-57.5111338, -32.4599903], [-57.5070964, -32.4569271], [-57.5009839, -32.4585414], [-57.5013792, -32.4549997], [-57.4908234, -32.4494554], [-57.4889989, -32.4426815], [-57.4791273, -32.4348738], [-57.4830327, -32.4245092], [-57.4799629, -32.4207041], [-57.4652009, -32.4212601], [-57.4592187, -32.4185348], [-57.4588082, -32.4140196], [-57.4503539, -32.4121175], [-57.4413631, -32.4147623], [-57.4323605, -32.423949], [-57.4221692, -32.4251865], [-57.4142288, -32.4341453], [-57.40856, -32.4335074], [-57.406386, -32.4257151], [-57.3994606, -32.4213545], [-57.3683657, -32.4133815], [-57.3501186, -32.4205129], [-57.3208522, -32.4119024], [-57.3113863, -32.4196765], [-57.3058583, -32.4164424], [-57.2929499, -32.4191114], [-57.2851737, -32.440915], [-57.2809828, -32.4451645], [-57.2694094, -32.4421149], [-57.2617347, -32.4442076], [-57.2450064, -32.4258087], [-57.2295611, -32.4226445], [-57.2129944, -32.4073014], [-57.2047419, -32.4084309], [-57.1991483, -32.4012982], [-57.2016584, -32.3982904], [-57.1994054, -32.3914934], [-57.1922025, -32.3843883], [-57.1919433, -32.3742428], [-57.1749373, -32.3726557], [-57.162247, -32.3758847], [-57.1477365, -32.3650995], [-57.142795, -32.3646861], [-57.1303534, -32.3714029], [-57.100797, -32.3682513], [-57.0854824, -32.3766055], [-57.0732418, -32.3668708], [-57.0718825, -32.3616192], [-57.0360946, -32.3425642], [-57.0198444, -32.3532995], [-57.010977, -32.3535759], [-56.98194, -32.3452057], [-56.9605105, -32.3542999], [-56.9456069, -32.3714459], [-56.9198353, -32.3865564], [-56.8786062, -32.3930653], [-56.8542083, -32.3844003], [-56.8383712, -32.3826012], [-56.8002127, -32.4016211], [-56.7871511, -32.3932658], [-56.7798982, -32.3922051], [-56.7168511, -32.3955921], [-56.6994135, -32.3869216], [-56.683964, -32.3946042], [-56.6777842, -32.3930097], [-56.6688578, -32.4012715], [-56.6703341, -32.4063586], [-56.6655962, -32.4217052], [-56.6497347, -32.4273708], [-56.6444132, -32.4383821], [-56.617634, -32.4595316], [-56.6124842, -32.4721321], [-56.5838167, -32.4735803], [-56.5501711, -32.4915362], [-56.553673, -32.4783447], [-56.5377038, -32.4414045], [-56.5370171, -32.4290895], [-56.5325539, -32.4206854], [-56.5322106, -32.3943088], [-56.520366, -32.3818425], [-56.5045731, -32.3493639], [-56.4956467, -32.344288], [-56.4916985, -32.3344256], [-56.4731076, -32.3299872], [-56.4704125, -32.3093296], [-56.4620011, -32.3012045], [-56.4470666, -32.3003339], [-56.4171975, -32.2721805], [-56.3983147, -32.2626005], [-56.3813288, -32.245325], [-56.3717158, -32.2424212], [-56.363991, -32.233419], [-56.3648494, -32.2260132], [-56.3466532, -32.2162831], [-56.3430484, -32.2019039], [-56.3471682, -32.1924618], [-56.3418467, -32.1796771], [-56.3337786, -32.1725576], [-56.3289721, -32.1631124], [-56.3217623, -32.1604967], [-56.3157542, -32.1625311], [-56.30956, -32.1584599], [-56.3109333, -32.1402924], [-56.3050968, -32.1341874], [-56.3062985, -32.1203768], [-56.2958271, -32.1115078], [-56.286566, -32.0950762], [-56.2871199, -32.0916254], [-56.30858, -32.0799989], [-56.3132991, -32.0696309], [-56.3091204, -32.0593936], [-56.2993448, -32.0518432], [-56.2892447, -32.0170251], [-56.2981415, -31.9874804], [-56.2929289, -31.97121], [-56.2822825, -31.9594892], [-56.280985, -31.9464061], [-56.2837019, -31.937014], [-56.2705611, -31.9213867], [-56.2643454, -31.9205385], [-56.2622183, -31.9131832], [-56.2414891, -31.9009405], [-56.2441553, -31.8967854], [-56.2385345, -31.8794174], [-56.2490357, -31.8710726], [-56.2464568, -31.8655645], [-56.2549956, -31.8540006], [-56.2668607, -31.8496335], [-56.267299, -31.8365071], [-56.2721548, -31.8333442], [-56.2747518, -31.826082], [-56.2702854, -31.8163209], [-56.2749097, -31.8132991], [-56.2687132, -31.7992394], [-56.2688849, -31.7890262], [-56.265795, -31.7826059], [-56.2620184, -31.7826059], [-56.2690565, -31.7750176], [-56.2661383, -31.7617368], [-56.2688849, -31.7500597], [-56.2734341, -31.7431382], [-56.2838605, -31.7395452], [-56.3017255, -31.7398546], [-56.342579, -31.7486992], [-56.360634, -31.7590776], [-56.3918722, -31.7702858], [-56.389563, -31.7980774], [-56.4039826, -31.8077061], [-56.4147541, -31.8299091], [-56.4387272, -31.8352429], [-56.4532494, -31.8712885], [-56.4724755, -31.8712885], [-56.477797, -31.8625413], [-56.5368261, -31.8614079], [-56.5405392, -31.8483325], [-56.5579628, -31.8535015], [-56.5766739, -31.8437318], [-56.5869736, -31.8316276], [-56.5935826, -31.8315546], [-56.6108346, -31.8408153], [-56.6539216, -31.8336694], [-56.6645479, -31.8252105], [-56.6779725, -31.8316242], [-56.6984677, -31.823686], [-56.7055916, -31.8147081], [-56.7226719, -31.810558], [-56.7331433, -31.7987412], [-56.7395806, -31.7989528], [-56.7536568, -31.8106237], [-56.779406, -31.7847998], [-56.8086743, -31.7840046], [-56.833136, -31.7773577], [-56.8797421, -31.7910084], [-56.9008564, -31.8047228], [-56.9362187, -31.8047228], [-56.9448876, -31.7979315], [-56.9514966, -31.7997625], [-56.9737267, -31.7939922], [-56.9866013, -31.7837784], [-57.0177578, -31.7818158], [-57.0490002, -31.7899871], [-57.0966362, -31.7858213], [-57.1129441, -31.7792548], [-57.1342301, -31.7840702], [-57.1515679, -31.7837784], [-57.168734, -31.7776496], [-57.1876168, -31.7602824], [-57.1986031, -31.7621798], [-57.2217774, -31.7595526], [-57.234137, -31.7474374], [-57.2497582, -31.7474374], [-57.2826313, -31.7337948], [-57.3139596, -31.7291885], [-57.3300957, -31.7087455], [-57.3383355, -31.7030498], [-57.3475193, -31.687794], [-57.3613381, -31.6855226], [-57.3603081, -31.6809942], [-57.3724102, -31.6655886], [-57.4033951, -31.6602483], [-57.4124073, -31.6629587], [-57.4280285, -31.6619359], [-57.4639526, -31.651174], [-57.5028239, -31.6345388], [-57.5420117, -31.6044964], [-57.5673259, -31.5930852], [-57.5909993, -31.5907494], [-57.6011879, -31.5837185], [-57.6329865, -31.5849894], [-57.6459247, -31.569103], [-57.6560608, -31.5781992], [-57.6668918, -31.5716336], [-57.679805, -31.580068], [-57.6936366, -31.5678973], [-57.7019693, -31.5713929], [-57.7089516, -31.5681473], [-57.7163073, -31.5713722], [-57.7206245, -31.5691711], [-57.7249161, -31.5725349], [-57.7385986, -31.5710066], [-57.7449307, -31.5576551], [-57.746661, -31.5412936], [-57.7557834, -31.5344914], [-57.7533545, -31.526875], [-57.7742747, -31.5186937], [-57.7759285, -31.5147984], [-57.77329, -31.5082993], [-57.785118, -31.4923163], [-57.7799948, -31.481486], [-57.7845746, -31.4752153], [-57.7897931, -31.479456], [-57.7997011, -31.4811827], [-57.8118983, -31.478123], [-57.8254724, -31.4806168], [-57.8294417, -31.4741744], [-57.8428035, -31.4742006], [-57.8464344, -31.4658353], [-57.8515884, -31.4623381], [-57.8585304, -31.4669965], [-57.8771924, -31.4680135], [-57.8798374, -31.4652839], [-57.8765081, -31.4574612], [-57.8804538, -31.4524653], [-57.8900777, -31.453236], [-57.8983527, -31.4588997], [-57.9203691, -31.4585752], [-57.9266119, -31.4707742], [-57.9574273, -31.4597245], [-57.9523374, -31.4703075], [-57.9532586, -31.4852505], [-57.9421493, -31.4941403], [-57.9317323, -31.4957453], [-57.933783, -31.5015039], [-57.9623452, -31.5044006], [-57.9776345, -31.4843722], [-57.9920341, -31.4872019], [-58.0198632, -31.4867144], [-58.0300451, -31.4961272], [-58.0340225, -31.5097186]]]}}, {"type": "Feature", "properties": {"name": "R\u00edo Negro", "country": "URY"}, "geometry": {"type": "Polygon", "coordinates": [[[-57.12788, -33.1190158], [-57.1203269, -33.1144149], [-57.1199836, -33.1092387], [-57.1314852, -33.0781961], [-57.1483077, -33.0714141], [-57.1578524, -33.0710254], [-57.169697, -33.074039], [-57.1780052, -33.0809077], [-57.1843566, -33.0801885], [-57.1919097, -33.0591859], [-57.1994628, -33.0519921], [-57.2003211, -33.0465244], [-57.1622123, -33.0388978], [-57.139038, -33.0243623], [-57.1185713, -33.0180637], [-57.117919, -33.0138823], [-57.1282638, -33.008078], [-57.1291088, -33.0047508], [-57.1188181, -32.9975399], [-57.0777549, -32.9909648], [-57.0631637, -32.9958601], [-57.042736, -33.0121276], [-57.0339813, -33.0119837], [-57.0229949, -33.0184611], [-57.0078887, -33.0214837], [-56.9994773, -33.018605], [-56.9785346, -33.0314145], [-56.9708099, -33.0315584], [-56.966175, -33.0282483], [-56.9648017, -33.0217716], [-56.9658317, -32.9957161], [-56.9696083, -32.9925486], [-56.9864311, -32.9912528], [-56.9941558, -32.9866452], [-57.0011939, -32.9761334], [-56.998619, -32.970661], [-56.9871177, -32.9676366], [-56.9721832, -32.9690768], [-56.9378509, -32.9798775], [-56.934761, -32.9744053], [-56.9383659, -32.970661], [-56.9545021, -32.9679247], [-56.9569053, -32.9618756], [-56.9448565, -32.9376275], [-56.9363059, -32.9339295], [-56.912445, -32.9513609], [-56.9079818, -32.9732532], [-56.8674697, -32.9661964], [-56.8652381, -32.9620197], [-56.8678161, -32.9598132], [-56.8839492, -32.9568345], [-56.8944206, -32.9440142], [-56.8947639, -32.9385398], [-56.8890991, -32.931192], [-56.8733062, -32.9261491], [-56.8627848, -32.9091323], [-56.8518485, -32.905398], [-56.8240394, -32.9225468], [-56.8168296, -32.9190885], [-56.8135681, -32.9104421], [-56.8326225, -32.8981917], [-56.835884, -32.8892549], [-56.8250694, -32.8706579], [-56.816658, -32.869072], [-56.8012084, -32.8759924], [-56.794857, -32.8742623], [-56.792797, -32.8709463], [-56.794857, -32.867486], [-56.8103065, -32.8591229], [-56.794342, -32.8526338], [-56.7924537, -32.8410965], [-56.7883338, -32.8363369], [-56.7776908, -32.8353273], [-56.7713394, -32.8485959], [-56.7617263, -32.8530665], [-56.7352905, -32.8496054], [-56.74151, -32.8357448], [-56.7364921, -32.8301347], [-56.729969, -32.8295577], [-56.7116012, -32.8419619], [-56.6951217, -32.8461443], [-56.6932334, -32.8390773], [-56.7043914, -32.825086], [-56.6889419, -32.7956537], [-56.6832771, -32.7953651], [-56.6648409, -32.7800748], [-56.6365168, -32.7696828], [-56.6405337, -32.7532119], [-56.6355555, -32.7298211], [-56.6389201, -32.7188599], [-56.6461985, -32.7145127], [-56.6481898, -32.6996494], [-56.6395037, -32.6861996], [-56.6228525, -32.6756521], [-56.6176933, -32.6649797], [-56.6088373, -32.6611238], [-56.5943066, -32.660196], [-56.5982578, -32.6454305], [-56.5971518, -32.6311497], [-56.5859784, -32.588187], [-56.5700838, -32.5757653], [-56.563801, -32.5458021], [-56.5505144, -32.5274373], [-56.5517161, -32.5222267], [-56.5463946, -32.5031188], [-56.5501711, -32.4915362], [-56.5599558, -32.4841515], [-56.5675776, -32.4842819], [-56.5681956, -32.4800969], [-56.5751307, -32.4764622], [-56.6124842, -32.4721321], [-56.617634, -32.4595316], [-56.6444132, -32.4383821], [-56.6497347, -32.4273708], [-56.6655962, -32.4217052], [-56.6703341, -32.4063586], [-56.6688578, -32.4012715], [-56.6777842, -32.3930097], [-56.683964, -32.3946042], [-56.6994135, -32.3869216], [-56.7168511, -32.3955921], [-56.7798982, -32.3922051], [-56.7871511, -32.3932658], [-56.8002127, -32.4016211], [-56.8383712, -32.3826012], [-56.8542083, -32.3844003], [-56.8786062, -32.3930653], [-56.9198353, -32.3865564], [-56.9456069, -32.3714459], [-56.9605105, -32.3542999], [-56.98194, -32.3452057], [-57.010977, -32.3535759], [-57.0198444, -32.3532995], [-57.0360946, -32.3425642], [-57.0718825, -32.3616192], [-57.0732418, -32.3668708], [-57.0854824, -32.3766055], [-57.100797, -32.3682513], [-57.1303534, -32.3714029], [-57.142795, -32.3646861], [-57.1477365, -32.3650995], [-57.162247, -32.3758847], [-57.1749373, -32.3726557], [-57.1919433, -32.3742428], [-57.1922025, -32.3843883], [-57.1994054, -32.3914934], [-57.2016584, -32.3982904], [-57.1991483, -32.4012982], [-57.2047419, -32.4084309], [-57.2129944, -32.4073014], [-57.2295611, -32.4226445], [-57.2450064, -32.4258087], [-57.2617347, -32.4442076], [-57.2694094, -32.4421149], [-57.2809828, -32.4451645], [-57.2851737, -32.440915], [-57.2929499, -32.4191114], [-57.3058583, -32.4164424], [-57.3113863, -32.4196765], [-57.3208522, -32.4119024], [-57.3501186, -32.4205129], [-57.3683657, -32.4133815], [-57.3994606, -32.4213545], [-57.406386, -32.4257151], [-57.40856, -32.4335074], [-57.4142288, -32.4341453], [-57.4221692, -32.4251865], [-57.4323605, -32.423949], [-57.4413631, -32.4147623], [-57.4503539, -32.4121175], [-57.4588082, -32.4140196], [-57.4592187, -32.4185348], [-57.4652009, -32.4212601], [-57.4799629, -32.4207041], [-57.4830327, -32.4245092], [-57.4791273, -32.4348738], [-57.4889989, -32.4426815], [-57.4908234, -32.4494554], [-57.5013792, -32.4549997], [-57.5009839, -32.4585414], [-57.5070964, -32.4569271], [-57.5111338, -32.4599903], [-57.5188191, -32.4551419], [-57.5198312, -32.4607653], [-57.5275544, -32.460522], [-57.530844, -32.4672435], [-57.5270863, -32.4706179], [-57.532478, -32.4794962], [-57.5299089, -32.4851526], [-57.5385961, -32.4893127], [-57.537977, -32.4989077], [-57.5434701, -32.5068702], [-57.564692, -32.4991143], [-57.572682, -32.5071255], [-57.5850652, -32.5116988], [-57.5836389, -32.5220694], [-57.5886171, -32.5274248], [-57.5978178, -32.5197966], [-57.6033962, -32.5275178], [-57.6121094, -32.5287694], [-57.6105771, -32.5330421], [-57.6258676, -32.5382791], [-57.633294, -32.5315786], [-57.6483763, -32.5276394], [-57.6749198, -32.5388399], [-57.6794045, -32.5361083], [-57.6818936, -32.5414628], [-57.6874929, -32.5441906], [-57.6945311, -32.5445523], [-57.7028137, -32.5378594], [-57.7118474, -32.543865], [-57.7165048, -32.5407393], [-57.7251308, -32.5443027], [-57.7292936, -32.5401242], [-57.7471667, -32.5414411], [-57.7527897, -32.5470159], [-57.7525097, -32.553813], [-57.7568656, -32.560956], [-57.7552992, -32.5649165], [-57.7633887, -32.5678822], [-57.757446, -32.5779406], [-57.764247, -32.58506], [-57.7730672, -32.5809964], [-57.7770787, -32.5830169], [-57.7795678, -32.588459], [-57.773947, -32.5914646], [-57.7808124, -32.5956181], [-57.7854472, -32.5938284], [-57.7876573, -32.5861267], [-57.7958542, -32.5865606], [-57.8122478, -32.5811907], [-57.8115194, -32.5768738], [-57.8057462, -32.5746633], [-57.8077428, -32.570979], [-57.8261953, -32.576146], [-57.8358073, -32.5628956], [-57.8445413, -32.5638641], [-57.8518047, -32.5693164], [-57.858757, -32.5638099], [-57.8692787, -32.5778138], [-57.8769746, -32.5785836], [-57.8795784, -32.573682], [-57.88942, -32.5838948], [-57.9069884, -32.5767876], [-57.9211023, -32.5836688], [-57.9263379, -32.5802864], [-57.9348406, -32.5807126], [-57.9381793, -32.5769774], [-57.9585426, -32.5808514], [-57.9631582, -32.5788354], [-57.965289, -32.5703064], [-57.9831309, -32.5708114], [-57.9992887, -32.5630503], [-57.9921507, -32.5543996], [-57.9930551, -32.5447908], [-57.9971263, -32.5385731], [-58.0057928, -32.5364404], [-58.0102038, -32.5317581], [-58.0239456, -32.5328156], [-58.0297721, -32.5222177], [-58.0355844, -32.5188793], [-58.0316534, -32.5130698], [-58.0410879, -32.5117594], [-58.0492956, -32.5064383], [-58.0504443, -32.4932047], [-58.0636947, -32.4775845], [-58.0596201, -32.4721014], [-58.0757501, -32.4637221], [-58.0876388, -32.4664935], [-58.0954114, -32.4741348], [-58.100197, -32.4636245], [-58.1054443, -32.461063], [-58.1048778, -32.4581637], [-58.1090332, -32.4581402], [-58.1114568, -32.4632955], [-58.1125501, -32.4587645], [-58.1137001, -32.4741382], [-58.1195762, -32.4785096], [-58.1357661, -32.4688253], [-58.1387642, -32.4639898], [-58.1309844, -32.4648712], [-58.130068, -32.4600751], [-58.1357928, -32.4578184], [-58.1395196, -32.4588628], [-58.14132, -32.4643852], [-58.1475739, -32.4664643], [-58.1483907, -32.4734272], [-58.1556185, -32.4715399], [-58.1580131, -32.4662175], [-58.1739662, -32.4731878], [-58.1834276, -32.4867451], [-58.1961504, -32.4861143], [-58.1868787, -32.5158744], [-58.1876816, -32.5297599], [-58.1713372, -32.5471478], [-58.1605367, -32.5685386], [-58.1609592, -32.5915312], [-58.1506128, -32.6245614], [-58.1517003, -32.6396761], [-58.1450645, -32.6684051], [-58.1493807, -32.7337951], [-58.1456777, -32.746204], [-58.1394548, -32.7542446], [-58.1337062, -32.7837402], [-58.1193227, -32.8152332], [-58.124439, -32.8326662], [-58.122277, -32.8605694], [-58.1156178, -32.8782777], [-58.1163409, -32.9143878], [-58.1051171, -32.9375938], [-58.0870884, -32.9572484], [-58.088543, -32.9689038], [-58.0846752, -33.0007545], [-58.1037788, -33.0214211], [-58.1422154, -33.0400865], [-58.1695292, -33.0699521], [-58.1780608, -33.0751109], [-58.2569075, -33.0998552], [-58.3134271, -33.1029963], [-58.3569834, -33.1158778], [-58.369401, -33.1244102], [-58.3856262, -33.1534745], [-58.4044409, -33.1773844], [-58.4100383, -33.2322066], [-58.3963603, -33.2558593], [-58.3904483, -33.2761665], [-58.3952044, -33.2890845], [-58.3971031, -33.3104848], [-58.4314052, -33.3589409], [-58.4313559, -33.4108119], [-58.4427409, -33.4414032], [-58.4146537, -33.4267229], [-58.3839263, -33.3897522], [-58.3583247, -33.386916], [-58.3418693, -33.3814388], [-58.3082237, -33.3790019], [-58.2898559, -33.3678202], [-58.2749214, -33.3549165], [-58.2742347, -33.3365612], [-58.2623901, -33.3203537], [-58.2344093, -33.3075864], [-58.2259979, -33.2978304], [-58.2144966, -33.2929519], [-58.2026519, -33.2949607], [-58.1511535, -33.3120337], [-58.1291809, -33.3051475], [-58.1130447, -33.2936694], [-58.1113281, -33.2882167], [-58.1127014, -33.2830507], [-58.1288375, -33.2659721], [-58.1363906, -33.2438654], [-58.1324424, -33.2339587], [-58.1200828, -33.2277843], [-58.1044616, -33.2266356], [-58.0690994, -33.2319485], [-58.0491867, -33.2417119], [-58.0129661, -33.2411376], [-58.0103912, -33.2369739], [-58.0151977, -33.2218968], [-58.0244337, -33.215651], [-58.0308328, -33.1977771], [-58.0313339, -33.180529], [-58.0402603, -33.168316], [-58.0423202, -33.1561013], [-58.0524556, -33.144009], [-58.0546798, -33.1366981], [-58.0479081, -33.1187921], [-58.0345954, -33.1158527], [-58.015026, -33.1257728], [-57.9873886, -33.128073], [-57.9781188, -33.1356918], [-57.9692593, -33.1381726], [-57.9559745, -33.1355481], [-57.9451599, -33.1243352], [-57.9429283, -33.1119706], [-57.9451599, -33.0889621], [-57.9545456, -33.0859559], [-57.9575195, -33.0819146], [-57.954455, -33.071604], [-57.9317703, -33.0560207], [-57.9008712, -33.0542942], [-57.8768691, -33.0409621], [-57.8728904, -33.0357319], [-57.8751452, -33.0227752], [-57.868739, -33.0188519], [-57.8270568, -33.0299753], [-57.810749, -33.0406246], [-57.7975311, -33.0540064], [-57.7906646, -33.0563085], [-57.7800993, -33.0558396], [-57.7631988, -33.0407685], [-57.7458528, -33.0388472], [-57.7359046, -33.0422075], [-57.7257766, -33.0555891], [-57.7056922, -33.0607685], [-57.6763381, -33.0624949], [-57.6682701, -33.0656599], [-57.6545371, -33.0800447], [-57.6352032, -33.0826358], [-57.6235093, -33.0779128], [-57.6197706, -33.0713607], [-57.6224078, -33.0419037], [-57.5891342, -33.0281044], [-57.5515403, -33.0178854], [-57.5393524, -33.0044981], [-57.5300654, -33.0001176], [-57.5063934, -33.0197565], [-57.4820175, -33.0168778], [-57.4595298, -33.0242184], [-57.4542083, -33.0363075], [-57.4519148, -33.0545729], [-57.4422281, -33.0718618], [-57.4386489, -33.0866484], [-57.4315164, -33.0920417], [-57.4110029, -33.0909414], [-57.4035682, -33.0714141], [-57.3987617, -33.0662353], [-57.3618545, -33.0689686], [-57.3452033, -33.0732841], [-57.3060646, -33.0916947], [-57.2779121, -33.1165716], [-57.270874, -33.1320981], [-57.260231, -33.1283605], [-57.2535362, -33.1197346], [-57.2411766, -33.1178656], [-57.2264137, -33.1397166], [-57.2205772, -33.1412977], [-57.1977462, -33.1305168], [-57.1840133, -33.127498], [-57.1781768, -33.1200222], [-57.1673622, -33.1139836], [-57.1422996, -33.1200222], [-57.12788, -33.1190158]]]}}]}