{"type": "FeatureCollection", "features": [{"type": "Feature", "properties": {"name": "Boke", "country": "GIN"}, "geometry": {"type": "MultiPolygon", "coordinates": [[[[-13.771470068999975, 9.844448090000071], [-13.769942283999967, 9.848415375000059], [-13.783061980999946, 9.844584466000072], [-13.79042434799993, 9.837858201000074], [-13.787855148999938, 9.835578918000067], [-13.771470068999975, 9.844448090000071]]], [[[-13.732025146999945, 9.855197907000047], [-13.719228745999942, 9.862794877000056], [-13.72294807399993, 9.864145278000024], [-13.73263454499994, 9.858091354000067], [-13.732025146999945, 9.855197907000047]]], [[[-14.038882255999965, 10.108675958000049], [-14.05970001199995, 10.126425743000027], [-14.062944411999979, 10.12593746300007], [-14.07279682099994, 10.112509728000077], [-14.063852310999948, 10.099023819000024], [-14.05827999099995, 10.09861373900003], [-14.038882255999965, 10.108675958000049]]], [[[-14.578053474999933, 10.760408402000053], [-14.576331138999933, 10.772848129000067], [-14.58085823099998, 10.761758804000067], [-14.578053474999933, 10.760408402000053]]], [[[-14.873248100999945, 10.856413841000062], [-14.875234604999946, 10.866511345000049], [-14.87070941899998, 10.876915932000031], [-14.87339019899997, 10.886775971000077], [-14.87086200899995, 10.88933563300003], [-14.880745887999979, 10.898189546000026], [-14.885635376999971, 10.898361206000061], [-14.892550467999968, 10.894022943000039], [-14.896530151999968, 10.883238792000043], [-14.887304306999965, 10.877948762000074], [-14.88053703299994, 10.862537384000063], [-14.876270294999927, 10.856146813000066], [-14.873248100999945, 10.856413841000062]]], [[[-14.903405188999955, 10.811655998000049], [-14.89093494399998, 10.819167137000022], [-14.887634276999961, 10.834388733000026], [-14.881245613999965, 10.844586373000027], [-14.886671066999952, 10.850502015000075], [-14.885284424999952, 10.870071411000026], [-14.887613295999927, 10.874587060000067], [-14.89476871599993, 10.876537323000036], [-14.902012824999929, 10.886661530000026], [-14.886901855999952, 10.906626703000029], [-14.889368057999945, 10.917868615000032], [-14.896377563999977, 10.920084953000071], [-14.90646553099998, 10.908001900000045], [-14.914361953999958, 10.887893677000022], [-14.937087058999964, 10.86300563900005], [-14.930018425999947, 10.837557792000041], [-14.932980537999981, 10.832461358000046], [-14.923862457999974, 10.82889175400004], [-14.917646408999929, 10.815625192000027], [-14.911796570999968, 10.812934876000043], [-14.903405188999955, 10.811655998000049]]], [[[-14.85491752799993, 10.898496628000032], [-14.854658127999926, 10.915291786000068], [-14.86495399499995, 10.93863392000003], [-14.877345084999945, 10.943086624000046], [-14.885918617999948, 10.939993859000026], [-14.885489462999942, 10.924126625000042], [-14.876532554999926, 10.91503143400007], [-14.876861572999928, 10.903985977000048], [-14.87004756999994, 10.898777008000025], [-14.859831809999946, 10.900738717000024], [-14.85491752799993, 10.898496628000032]]], [[[-14.802824973999975, 10.940055847000053], [-14.802869796999971, 10.94373607600005], [-14.81536960699998, 10.938068389000023], [-14.810443877999944, 10.934906006000062], [-14.802824973999975, 10.940055847000053]]], [[[-14.897632599999952, 10.946063997000067], [-14.90059661999993, 10.959830285000066], [-14.912612915999944, 10.95278453800006], [-14.90905571099995, 10.947536469000056], [-14.897632599999952, 10.946063997000067]]], [[[-14.92306900099993, 10.895609857000068], [-14.904608726999982, 10.926888467000026], [-14.905353545999958, 10.930788994000068], [-14.924709320999966, 10.95217800100005], [-14.95432758499993, 10.975051880000024], [-14.96130943399993, 10.974966049000045], [-14.96941176699994, 10.967147695000051], [-14.985275938999962, 10.961581318000071], [-15.006149851999965, 10.948222014000066], [-15.017560923999952, 10.928739696000036], [-15.047418594999954, 10.919380189000037], [-15.062848090999978, 10.906764031000023], [-15.077990531999944, 10.890240670000026], [-15.082058906999976, 10.880987167000058], [-15.08625602799998, 10.863911629000029], [-15.084515572999976, 10.855422973000032], [-15.078563690999943, 10.845146181000075], [-15.021666525999933, 10.78145313300007], [-15.014638900999955, 10.777630806000047], [-14.982245445999979, 10.772971153000071], [-14.952934264999953, 10.772871017000057], [-14.941368102999945, 10.796474457000045], [-14.948698043999968, 10.805816651000043], [-14.956889152999963, 10.809627533000025], [-14.961291313999936, 10.808193207000045], [-14.96044158899997, 10.814643860000047], [-14.974436759999946, 10.817462921000072], [-14.978878021999947, 10.82448387100004], [-14.972022055999958, 10.835474968000028], [-14.964181899999971, 10.834380150000072], [-14.961899757999959, 10.837859155000046], [-14.96358966799994, 10.84266853400004], [-14.967788695999957, 10.843538284000033], [-14.965729712999973, 10.846323013000074], [-14.971823692999976, 10.860219002000065], [-14.971567153999956, 10.875153543000067], [-14.977767944999982, 10.883828163000032], [-14.976437567999938, 10.886863709000068], [-14.970434188999945, 10.886981012000035], [-14.962082863999967, 10.866879463000032], [-14.953166961999955, 10.861570358000051], [-14.92306900099993, 10.895609857000068]]], [[[-14.716769218999957, 11.004767418000029], [-14.705611228999942, 11.006273269000076], [-14.709663391999982, 11.01427936600004], [-14.714305877999948, 11.013076783000031], [-14.716769218999957, 11.004767418000029]]], [[[-14.901341438999964, 11.000997544000029], [-14.91444301599995, 11.024360657000045], [-14.930520335999972, 11.044838972000036], [-14.965976756999964, 10.97814450900006], [-14.957011222999938, 10.979819299000042], [-14.917758941999978, 10.954792978000057], [-14.900729179999928, 10.97041034800003], [-14.901341438999964, 11.000997544000029]]], [[[-12.561209, 12.365033], [-12.577050000999975, 12.38185], [-12.58437, 12.395380001000035], [-12.60595000099994, 12.40518], [-12.621740000999978, 12.426270001000034], [-12.63394, 12.431280001000061], [-12.67281000099996, 12.433400001000052], [-12.73763, 12.42941], [-12.75545, 12.435070001000042], [-12.7612, 12.45827], [-12.77183, 12.4709], [-12.78156, 12.47626], [-12.80015, 12.4728], [-12.83418, 12.486880001000031], [-12.841730000999974, 12.496270001000028], [-12.84181, 12.510540001000038], [-12.84559, 12.51558], [-12.868810000999929, 12.52304], [-12.88765, 12.54065], [-12.90523, 12.541940001000057], [-12.922530000999927, 12.53701], [-12.930910000999972, 12.53052], [-12.936470000999975, 12.5206], [-12.93955000099993, 12.487460001000045], [-12.94815000099993, 12.47706], [-12.96865, 12.461670001000073], [-13.01645, 12.477320001000066], [-13.05099, 12.47395], [-13.0606, 12.47781], [-13.07121000099994, 12.49132], [-13.072290000999942, 12.51524], [-13.07659, 12.529710001000069], [-13.065650000999938, 12.54196], [-13.050900000999945, 12.582060001000059], [-13.05673, 12.619290001000024], [-13.065430000999982, 12.625000001000046], [-13.073470000999976, 12.638990001000025], [-13.08003, 12.639180001000057], [-13.08794, 12.62994], [-13.09728, 12.625750001000029], [-13.110920000999954, 12.634410001000049], [-13.119120000999942, 12.63505], [-13.13415, 12.64233], [-13.13906, 12.64161000100006], [-13.145110000999978, 12.63491], [-13.15264, 12.63969], [-13.171840000999964, 12.63866], [-13.17956, 12.63655], [-13.184650000999966, 12.62778], [-13.18770000099994, 12.62776], [-13.197120000999973, 12.636900001000072], [-13.209100000999968, 12.6419], [-13.21335000099998, 12.64877], [-13.221550000999969, 12.64826], [-13.232970000999956, 12.63968], [-13.263010000999941, 12.64916], [-13.287860000999956, 12.65246], [-13.304660000999945, 12.64246], [-13.32409, 12.64172], [-13.33325, 12.64461], [-13.33854, 12.65480000100007], [-13.34631000099995, 12.64971], [-13.350900000999957, 12.659570001000077], [-13.461740000999953, 12.66506], [-13.57874, 12.67498], [-13.708273132999977, 12.676212773000032], [-13.711665742999969, 12.643772367000054], [-13.711111617999961, 12.59944236900003], [-13.67571165399994, 12.516168200000038], [-13.670423290999963, 12.513734143000022], [-13.66427088599994, 12.516187936000051], [-13.658416687999932, 12.512595073000057], [-13.631871744999955, 12.46035699500004], [-13.646027777999961, 12.42782488000006], [-13.655144993999954, 12.414364619000025], [-13.665391675999956, 12.406041174000052], [-13.670436073999952, 12.39550503700002], [-13.670274050999978, 12.382067948000042], [-13.655589748999944, 12.358188210000037], [-13.657431153999937, 12.352769125000066], [-13.665874021999969, 12.347562373000073], [-13.669861431999948, 12.340855267000052], [-13.665799294999943, 12.323126881000064], [-13.667129434999936, 12.31552625300003], [-13.698565686999927, 12.292914468000049], [-13.707658679999952, 12.26260054100004], [-13.71949, 12.24689], [-13.731728740999927, 12.248804285000062], [-13.74408434299994, 12.269895457000075], [-13.758566878999943, 12.277168347000043], [-13.764954373999956, 12.274828374000037], [-13.776274783999952, 12.251808097000037], [-13.800243698999964, 12.251934582000047], [-13.80694740599995, 12.260978263000027], [-13.805872282999928, 12.265215511000065], [-13.79391944699995, 12.274765132000027], [-13.79391944699995, 12.29019630700003], [-13.79891560599998, 12.297658924000075], [-13.823516946999973, 12.25781613600003], [-13.827943921999974, 12.261420960000066], [-13.831548745999953, 12.283619084000065], [-13.855960357999948, 12.28127911200005], [-13.864434854999956, 12.274891617000037], [-13.852418777999958, 12.262306355000021], [-13.85792087599998, 12.241436324000063], [-13.920657455999958, 12.233783980000055], [-13.92527415799998, 12.215380407000055], [-13.934760535999942, 12.202984872000059], [-13.956958659999941, 12.200644899000054], [-13.958223510999971, 12.18084999100006], [-13.948737133999941, 12.167505819000041], [-13.947282554999958, 12.154730830000062], [-13.934986325999944, 12.14288239700005], [-13.884581349999962, 12.132750744000077], [-13.880022104999966, 12.127431626000032], [-13.879515523999942, 12.112487436000038], [-13.872676655999953, 12.105141987000025], [-13.84557448399994, 12.092224128000055], [-13.81897889299995, 12.084118806000049], [-13.813406482999937, 12.075253609000072], [-13.807264338999971, 12.050116294000077], [-13.769567413999937, 12.028981324000029], [-13.714579674999982, 12.01616929000005], [-13.703043495999964, 12.006259686000021], [-13.707676042999935, 11.99832757200005], [-13.71388765599994, 11.970698453000068], [-13.716205186999957, 11.914264595000077], [-13.72171501799994, 11.888577892000058], [-13.714577978999955, 11.844703201000073], [-13.713400514999933, 11.790036894000025], [-13.719288996999978, 11.77932480000004], [-13.721476265999968, 11.760919158000036], [-13.713981234999949, 11.74440153200004], [-13.715551133999952, 11.706333480000069], [-13.741928109999947, 11.701603964000071], [-13.752607196999975, 11.693765903000042], [-13.759233696999956, 11.684203349000029], [-13.771845505999977, 11.683373361000065], [-13.777120666999963, 11.691386568000041], [-13.783568353999954, 11.686492817000044], [-13.799014731999932, 11.693621915000051], [-13.80020312399995, 11.706982503000063], [-13.792847030999951, 11.709832175000031], [-13.795604152999942, 11.716941365000025], [-13.801514814999962, 11.715089244000069], [-13.806886443999929, 11.707583063000072], [-13.82092806199995, 11.70430727300004], [-13.828029667999942, 11.717682164000053], [-13.832709630999943, 11.718220167000027], [-13.833583038999961, 11.72463982000005], [-13.823575074999951, 11.728909384000076], [-13.823972305999973, 11.734239605000027], [-13.841588785999932, 11.745163297000033], [-13.854681054999958, 11.745957267000051], [-13.863563376999934, 11.729052159000048], [-13.854698920999965, 11.719729262000044], [-13.849817497999936, 11.729378076000046], [-13.845436339999935, 11.722829067000077], [-13.847055589999968, 11.715553502000034], [-13.855881573999966, 11.703640375000077], [-13.85878626999994, 11.687161170000024], [-13.870905734999951, 11.667912608000051], [-13.86888582399996, 11.663991605000035], [-13.89851237299996, 11.664415057000042], [-13.92662771199997, 11.677586208000037], [-13.934986325999944, 11.671000632000073], [-13.945255568999926, 11.655998682000074], [-13.997308872999952, 11.643377327000053], [-14.01900453299993, 11.652306759000055], [-14.036660838999978, 11.654660394000075], [-14.04384852499993, 11.64893087200005], [-14.05974981099996, 11.646980067000072], [-14.083044103999953, 11.625540081000054], [-14.112007355999935, 11.635442693000073], [-14.12809097099995, 11.652490362000037], [-14.142532026999959, 11.659422583000037], [-14.179600511999979, 11.656980581000028], [-14.20676743599995, 11.672476349000021], [-14.223356598999942, 11.668125094000061], [-14.235322550999967, 11.67220439600004], [-14.243869833999952, 11.665261008000073], [-14.249358890999929, 11.66458037800004], [-14.265781339999933, 11.666493373000037], [-14.294788814999947, 11.64121416300003], [-14.323924992999935, 11.601523689000032], [-14.517338301999928, 11.493014254000059], [-14.624705530999961, 11.502260672000034], [-14.671427136999966, 11.491926440000043], [-14.701287628999978, 11.46212034000007], [-14.779773399999954, 11.35339334200006], [-14.841398057999982, 11.199386090000075], [-14.925612189999981, 11.053408749000027], [-14.903278350999926, 11.034573555000065], [-14.898909569999944, 11.037010193000071], [-14.894099235999931, 11.03390693700004], [-14.899318694999977, 11.025406838000038], [-14.890547751999975, 11.012859344000049], [-14.881169320999959, 10.969953537000038], [-14.873158454999952, 10.962229730000047], [-14.85919761699995, 10.962626457000056], [-14.823210716999938, 10.989504815000032], [-14.81214046599996, 10.991920471000071], [-14.798484802999951, 10.98542308900005], [-14.801192283999967, 10.978260994000038], [-14.794843673999935, 10.973044396000034], [-14.76904392299997, 10.976333619000059], [-14.756625174999954, 10.969575883000061], [-14.751042366999968, 10.969869613000071], [-14.723503112999936, 11.003310204000059], [-14.729946135999967, 11.013854982000055], [-14.727703093999935, 11.01915073500004], [-14.697134970999969, 11.03788471200005], [-14.685727118999978, 11.03801345900007], [-14.68339061699993, 11.042108536000057], [-14.671010017999947, 11.03900146500007], [-14.66982364699993, 11.031981470000062], [-14.65908813599998, 11.029800416000057], [-14.65758800499998, 11.020845413000075], [-14.664639472999966, 11.026517869000031], [-14.69161319899996, 11.023685457000056], [-14.693906785999957, 11.020668030000024], [-14.692161559999931, 11.01079654700004], [-14.698285103999979, 10.99692535500003], [-14.717517851999958, 10.989347458000054], [-14.74093341899993, 10.961474420000059], [-14.773491858999932, 10.959030152000025], [-14.785899162999954, 10.945544243000029], [-14.793562889999976, 10.944074632000024], [-14.805223465999973, 10.933257104000063], [-14.812791825999966, 10.933190345000071], [-14.81729698199996, 10.924688339000056], [-14.81555175799997, 10.885345460000053], [-14.804094315999976, 10.852629662000027], [-14.809088707999933, 10.823127748000047], [-14.807435036999948, 10.821076393000055], [-14.791913032999958, 10.826547624000057], [-14.777003288999936, 10.82488346100007], [-14.761412621999966, 10.847433090000038], [-14.754131317999963, 10.836192131000075], [-14.767842293999934, 10.776308060000076], [-14.778833388999942, 10.764133454000046], [-14.789066315999946, 10.764014246000045], [-14.789958000999945, 10.760784150000063], [-14.775099753999939, 10.724383355000043], [-14.762408257999937, 10.71325874300004], [-14.748177527999928, 10.689961434000054], [-14.741808890999948, 10.701994897000077], [-14.744128227999965, 10.721059799000045], [-14.736235617999967, 10.747120858000073], [-14.730832100999976, 10.748952867000071], [-14.713972091999949, 10.767178537000063], [-14.679739951999977, 10.783896446000028], [-14.672147750999954, 10.791112901000076], [-14.664504051999927, 10.80981636000007], [-14.656233787999952, 10.800231934000067], [-14.669404983999982, 10.775272370000039], [-14.693945884999948, 10.765335084000071], [-14.703863143999968, 10.758091926000077], [-14.712270736999926, 10.72142410300006], [-14.723169326999937, 10.698987962000047], [-14.703064918999928, 10.690015794000033], [-14.688346862999936, 10.69660854500006], [-14.68493175499998, 10.690450669000029], [-14.695646286999931, 10.67393398300004], [-14.700608252999928, 10.678772926000022], [-14.707112312999982, 10.67823886800005], [-14.71101665599997, 10.67405414600006], [-14.706498145999944, 10.634887696000021], [-14.70327472699995, 10.632538795000073], [-14.69532585099995, 10.63973522200007], [-14.690122603999953, 10.640175819000035], [-14.652683258999957, 10.67678070200003], [-14.636949538999943, 10.683626176000075], [-14.629098892999934, 10.708785058000046], [-14.609889029999977, 10.737681390000034], [-14.573373795999942, 10.804623605000074], [-14.560749054999974, 10.814650537000034], [-14.552947998999969, 10.82650280100006], [-14.541002272999947, 10.81716442000004], [-14.546528816999967, 10.812045097000066], [-14.574777602999973, 10.738132476000033], [-14.588770866999937, 10.720958710000048], [-14.600374220999981, 10.714764596000066], [-14.611522674999947, 10.698690415000044], [-14.617348670999945, 10.680809021000073], [-14.61473846499996, 10.673061372000063], [-14.616887092999946, 10.657626152000034], [-14.627397536999979, 10.62116909100007], [-14.623734474999935, 10.605798722000031], [-14.617374421999955, 10.598507881000046], [-14.595540046999929, 10.59989833800006], [-14.59384536899995, 10.593936920000033], [-14.62453460699993, 10.574048997000034], [-14.628394127999968, 10.565956116000052], [-14.63676357299994, 10.566091538000023], [-14.645966529999953, 10.557939530000056], [-14.650863646999937, 10.55926609200003], [-14.654650687999947, 10.565203667000048], [-14.65812301699998, 10.564015389000076], [-14.659815788999936, 10.549506188000066], [-14.652948379999941, 10.538542747000065], [-14.657941818999973, 10.528137208000032], [-14.662348748999932, 10.527397156000063], [-14.664360045999956, 10.520472526000049], [-14.668516158999978, 10.518128395000076], [-14.66257762999993, 10.486914636000051], [-14.667083739999953, 10.474674225000058], [-14.660693169999945, 10.464626314000043], [-14.653533935999974, 10.468385696000041], [-14.651533127999926, 10.476228715000047], [-14.623343467999973, 10.469641687000035], [-14.582470894999972, 10.471699715000057], [-14.574176787999932, 10.477999687000022], [-14.562789916999975, 10.498593330000062], [-14.545666694999966, 10.505857468000045], [-14.542149544999972, 10.494235038000056], [-14.548232077999955, 10.494186402000025], [-14.551980972999957, 10.48790073400005], [-14.554555892999929, 10.468782425000029], [-14.55190467999995, 10.439372063000064], [-14.55577945799996, 10.432660103000046], [-14.552132606999976, 10.418210031000058], [-14.535104752999928, 10.39102458900004], [-14.505584716999977, 10.368111612000064], [-14.485141755999962, 10.346479416000022], [-14.475086211999951, 10.340146064000066], [-14.46344757199995, 10.339283943000055], [-14.463552474999972, 10.32600784400006], [-14.456084251999982, 10.301018716000044], [-14.471147537999968, 10.255555153000046], [-14.463812828999949, 10.242753029000028], [-14.463626862999945, 10.225507736000054], [-14.456477164999967, 10.208334922000063], [-14.44905853299997, 10.209332466000035], [-14.429735182999934, 10.225630760000058], [-14.413475989999938, 10.224879265000027], [-14.40175056499993, 10.235578538000027], [-14.39177131699995, 10.235910416000024], [-14.368244171999947, 10.228330613000026], [-14.317090034999978, 10.197799682000039], [-14.28423023199997, 10.162019731000044], [-14.267653464999967, 10.152294159000064], [-14.26272869099995, 10.153208733000042], [-14.25337028499996, 10.141753197000071], [-14.249772071999928, 10.128092766000066], [-14.238041877999933, 10.115328789000046], [-14.218910216999973, 10.104935647000048], [-14.204284667999957, 10.104155542000058], [-14.18433284799994, 10.128261567000038], [-14.180010796999966, 10.11489391400005], [-14.18867778799995, 10.09809589400004], [-14.186223029999951, 10.084321977000059], [-14.17517471399998, 10.06970977900005], [-14.159514426999976, 10.057899475000056], [-14.137603759999934, 10.047067643000048], [-14.101939200999936, 10.053606033000051], [-14.078621863999956, 10.065776826000047], [-14.086965559999953, 10.076137542000026], [-14.084671019999973, 10.080267908000053], [-14.079434394999964, 10.078186035000044], [-14.077370643999927, 10.08073425300006], [-14.087111472999936, 10.104790688000037], [-14.086759566999945, 10.141356468000026], [-14.083845138999948, 10.152192115000048], [-14.07931900099993, 10.139815332000069], [-14.075616836999927, 10.140998840000066], [-14.073385237999958, 10.150856973000032], [-14.069630622999966, 10.146110535000048], [-14.061260224999955, 10.144348144000048], [-14.048113822999937, 10.153204919000075], [-14.041703224999935, 10.137625695000054], [-14.051795959999936, 10.124887468000054], [-14.049212454999974, 10.121460915000057], [-14.031004906999954, 10.116164209000033], [-14.03210925999997, 10.103908539000031], [-14.038002967999944, 10.088908196000034], [-14.064996719999954, 10.047734261000073], [-14.068098068999973, 10.032070160000046], [-14.03273868599996, 9.996287347000077], [-14.02744483899994, 10.00070381200004], [-14.01711273199993, 9.995645523000064], [-14.009927749999974, 9.987522126000044], [-13.98033046699993, 9.97191715300005], [-13.968750952999926, 9.973857880000025], [-13.960161209999967, 9.971457481000073], [-13.952116965999949, 9.955147744000044], [-13.878176689999975, 9.906112672000063], [-13.82665824999998, 9.846300125000027], [-13.821557045999953, 9.84611129800004], [-13.814317703999961, 9.839962959000047], [-13.801536559999931, 9.836158753000063], [-13.796682356999952, 9.837807656000052], [-13.787951469999939, 9.847074508000048], [-13.75323581799995, 9.85402012000003], [-13.734065056999953, 9.862679481000043], [-13.717707633999964, 9.875452042000063], [-13.70173, 9.906157], [-13.699305533999961, 9.922730447000049], [-13.692516325999975, 9.93955993700007], [-13.684244900999943, 9.938126703000023], [-13.67751, 9.956395], [-13.687215, 9.960356], [-13.692985, 9.957999], [-13.70075, 9.96428], [-13.72216, 9.97133], [-13.74038, 9.97332], [-13.80382, 10.00524], [-13.84239, 10.03197], [-13.9065, 10.10871], [-13.90637, 10.12414], [-13.87032, 10.1526], [-13.86328, 10.15048], [-13.83535, 10.1663], [-13.81486, 10.19955], [-13.80941, 10.22309], [-13.77097, 10.26286], [-13.76799, 10.278844], [-13.731188, 10.276664], [-13.719913, 10.270005], [-13.692853, 10.276664], [-13.672283, 10.289232], [-13.66524, 10.27895], [-13.65486, 10.2759], [-13.64236, 10.26299], [-13.62494, 10.25222], [-13.60898, 10.25049], [-13.58331, 10.25794], [-13.55738, 10.31008], [-13.55059, 10.33734], [-13.54142, 10.34705], [-13.522, 10.35835], [-13.50311, 10.38229], [-13.50324, 10.39307], [-13.49925, 10.39639], [-13.49899, 10.40304], [-13.519265, 10.427787], [-13.508549, 10.452537], [-13.497759, 10.452537], [-13.497191, 10.462584], [-13.485266, 10.478772], [-13.461984, 10.475981], [-13.441541, 10.495518], [-13.432455, 10.496635], [-13.416555, 10.491611], [-13.400655, 10.506124], [-13.38461, 10.56158], [-13.40323, 10.58406], [-13.40057, 10.59656], [-13.38607, 10.61491], [-13.37743, 10.61983], [-13.37211, 10.62755], [-13.37277, 10.6314], [-13.35708, 10.64484], [-13.35083, 10.66053], [-13.367012, 10.681807], [-13.383648, 10.685077], [-13.394295, 10.698155], [-13.401615, 10.697501], [-13.41559, 10.687692], [-13.42291, 10.687692], [-13.432226, 10.682461], [-13.443955, 10.683503], [-13.44619, 10.71852], [-13.43568, 10.73754], [-13.43648, 10.76148], [-13.44007, 10.77292], [-13.45191, 10.7785], [-13.46467, 10.7918], [-13.4688, 10.79978], [-13.466, 10.80164], [-13.47944, 10.8047], [-13.49207, 10.80337], [-13.51748, 10.79021], [-13.56802, 10.74086], [-13.59914, 10.71573], [-13.59967, 10.71147], [-13.65247, 10.66825], [-13.66817, 10.66612], [-13.67974, 10.68221], [-13.68426, 10.68314], [-13.68679, 10.68793], [-13.68373, 10.69471], [-13.69809, 10.7011], [-13.70806, 10.6975], [-13.71604, 10.7261], [-13.72243, 10.72996], [-13.75196, 10.7249], [-13.76366, 10.72956], [-13.78161, 10.75257], [-13.79491, 10.75563], [-13.80396, 10.74126], [-13.81566, 10.74113], [-13.82072, 10.73302], [-13.82803, 10.72943], [-13.84785, 10.73169], [-13.86168, 10.73927], [-13.867, 10.73607], [-13.87485, 10.72663], [-13.8787, 10.71586], [-13.88083, 10.68487], [-13.88602, 10.68154], [-13.89945, 10.68806], [-13.90358, 10.68593], [-13.90437, 10.68128], [-13.89892, 10.66997], [-13.9065, 10.66279], [-13.91887, 10.66559], [-13.95717, 10.70987], [-13.97101, 10.72078], [-13.97925, 10.72011], [-13.98072, 10.73568], [-13.97726, 10.73993], [-13.97167, 10.76427], [-13.93084, 10.82665], [-13.92765, 10.8462], [-13.9198, 10.86189], [-13.87498, 10.87825], [-13.85184, 10.8986], [-13.8118, 10.91124], [-13.77696, 10.93744], [-13.76898, 10.9534], [-13.77004, 10.96364], [-13.77377, 10.95792], [-13.76938, 10.97454], [-13.7727, 10.98186], [-13.81832, 11.03626], [-13.81646, 11.04942], [-13.80835, 11.05421], [-13.80063, 11.05315], [-13.79837, 11.08015], [-13.76273, 11.09358], [-13.74398, 11.11965], [-13.7457, 11.13534], [-13.74012, 11.1517], [-13.74677, 11.17684], [-13.75741, 11.19], [-13.78068, 11.19333], [-13.78853, 11.19812], [-13.77217, 11.21966], [-13.7735, 11.23389], [-13.78161, 11.23669], [-13.79318, 11.25198], [-13.79997, 11.24999], [-13.80821, 11.25743], [-13.81021, 11.26515], [-13.82856, 11.2706], [-13.83082, 11.28084], [-13.84186, 11.28802], [-13.84293, 11.29667], [-13.83242, 11.29122], [-13.81766, 11.29295], [-13.79611, 11.30851], [-13.75355, 11.32487], [-13.73865, 11.33444], [-13.70275, 11.33723], [-13.68572, 11.32753], [-13.63558, 11.33285], [-13.59754, 11.35679], [-13.57679, 11.38006], [-13.55605, 11.38299], [-13.52772, 11.38166], [-13.47997, 11.37394], [-13.46946, 11.3782], [-13.443, 11.37807], [-13.43621, 11.37314], [-13.42943, 11.35838], [-13.44991, 11.30625], [-13.44725, 11.29148], [-13.42996, 11.29135], [-13.41573, 11.2964], [-13.39379, 11.31409], [-13.36971, 11.32367], [-13.34817, 11.33737], [-13.32516, 11.33923], [-13.31399, 11.34694], [-13.28379, 11.34827], [-13.27568, 11.34521], [-13.2673, 11.32992], [-13.28286, 11.28922], [-13.28233, 11.27925], [-13.27209, 11.26382], [-13.26424, 11.22937], [-13.25906, 11.18229], [-13.233917, 11.143819], [-13.232541, 11.099563], [-13.215526, 11.05891], [-13.19735, 11.06472], [-13.220961, 11.132948], [-13.187464, 11.139395], [-13.135576, 11.164536], [-13.129008, 11.172916], [-13.118499, 11.178073], [-13.100765, 11.174205], [-13.064641, 11.187098], [-13.039682, 11.183875], [-13.022605, 11.189677], [-13.016694, 11.187098], [-13.01144, 11.190321], [-12.996361, 11.189523], [-12.975555, 11.215345], [-12.975988, 11.226476], [-12.989955, 11.253272], [-12.991064, 11.26676], [-12.956411, 11.292906], [-12.973397, 11.312549], [-12.984275, 11.332014], [-12.965491, 11.356972], [-12.930489, 11.384969], [-12.899522, 11.399242], [-12.90366, 11.401576], [-12.870933, 11.439337], [-12.852524, 11.444772], [-12.818959, 11.462377], [-12.796939, 11.466372], [-12.787843, 11.474362], [-12.78147, 11.488194], [-12.764246, 11.493804], [-12.75798, 11.509537], [-12.758344, 11.525743], [-12.753059, 11.531034], [-12.738711, 11.533988], [-12.703757, 11.566343], [-12.696966, 11.559263], [-12.694077, 11.563742], [-12.711164, 11.593946], [-12.707346, 11.595348], [-12.701189, 11.606551], [-12.701394, 11.616009], [-12.707889, 11.62372], [-12.721786, 11.611748], [-12.72534, 11.621135], [-12.732955, 11.621016], [-12.73367, 11.625467], [-12.741076, 11.624801], [-12.743967, 11.630791], [-12.750252, 11.62748], [-12.750203, 11.638603], [-12.763707, 11.641816], [-12.769942, 11.649773], [-12.770464, 11.663562], [-12.78226, 11.678295], [-12.783823, 11.686293], [-12.795907, 11.6818], [-12.809092, 11.686348], [-12.818563, 11.696146], [-12.819057, 11.706128], [-12.788834, 11.723267], [-12.787697, 11.739091], [-12.78153, 11.75444], [-12.7981, 11.77524], [-12.801385, 11.794471], [-12.7971, 11.813169], [-12.802463, 11.833427], [-12.783519, 11.840095], [-12.77111, 11.840436], [-12.760333, 11.863245], [-12.769294, 11.89699], [-12.809714, 11.938045], [-12.775425, 11.978204], [-12.78793, 11.989784], [-12.821689, 12.002922], [-12.829768, 12.056933], [-12.817775, 12.061724], [-12.819303, 12.077279], [-12.806763, 12.098125], [-12.80931, 12.112468], [-12.815884, 12.122643], [-12.812151, 12.132378], [-12.82676, 12.144254], [-12.7688, 12.22195], [-12.751214, 12.253917], [-12.694961, 12.28753], [-12.630777, 12.317556], [-12.607269, 12.33512], [-12.5647, 12.354554], [-12.561209, 12.365033]]]]}}, {"type": "Feature", "properties": {"name": "Conakry", "country": "GIN"}, "geometry": {"type": "MultiPolygon", "coordinates": [[[[-13.78686046599995, 9.465923309000061], [-13.790131568999982, 9.469574929000032], [-13.798910141999954, 9.467434884000056], [-13.803509711999936, 9.463719368000056], [-13.80484581099995, 9.457502366000028], [-13.796043396999949, 9.456884384000034], [-13.78686046599995, 9.465923309000061]]], [[[-13.756562232999954, 9.441112518000068], [-13.74560546899994, 9.46004676900003], [-13.747606276999932, 9.478190422000068], [-13.755760192999958, 9.484332084000073], [-13.760077476999982, 9.502687454000068], [-13.769588469999974, 9.504910469000038], [-13.771832465999978, 9.496156693000046], [-13.764820098999962, 9.488166810000052], [-13.755625725999948, 9.468012810000062], [-13.756635664999976, 9.450075149000043], [-13.759828567999932, 9.444304466000062], [-13.756562232999954, 9.441112518000068]]], [[[-13.83279323599993, 9.450149537000073], [-13.831345558999942, 9.470388413000023], [-13.824709892999977, 9.479637146000073], [-13.815496444999951, 9.48522949200003], [-13.805436133999933, 9.500252724000063], [-13.79461097799998, 9.507006646000036], [-13.79534816699993, 9.512057306000031], [-13.807876587999942, 9.51517391300007], [-13.815022468999928, 9.511209488000077], [-13.824814795999941, 9.492049217000044], [-13.838619232999974, 9.481821060000073], [-13.843815803999973, 9.466836931000046], [-13.840953827999954, 9.456976891000068], [-13.83279323599993, 9.450149537000073]]], [[[-13.54767, 9.74004], [-13.55378, 9.73259], [-13.56017, 9.73033], [-13.56669, 9.73685], [-13.57028, 9.75055], [-13.585627285999976, 9.753296108000029], [-13.600790977999964, 9.74529075700002], [-13.608137129999932, 9.736269952000043], [-13.598665238999956, 9.72905445200007], [-13.597841262999964, 9.724665642000048], [-13.617795944999955, 9.726772308000022], [-13.624260903999982, 9.723734856000021], [-13.632756233999942, 9.68389892600004], [-13.626907348999964, 9.676586152000027], [-13.624506951999933, 9.665799142000026], [-13.629797936999978, 9.660932542000069], [-13.63417530099997, 9.62802505600007], [-13.64592266099993, 9.619660378000049], [-13.657385825999938, 9.604630470000075], [-13.661426544999927, 9.588278771000034], [-13.669213294999963, 9.577185631000077], [-13.671839714999976, 9.557855606000032], [-13.693448067999952, 9.537919998000064], [-13.699121476999949, 9.523624421000022], [-13.709263801999953, 9.517797470000062], [-13.721758843999964, 9.516781808000076], [-13.727001189999953, 9.50662612900004], [-13.723717688999955, 9.50136470800004], [-13.71630859399994, 9.501422883000032], [-13.70316410099997, 9.50796127500007], [-13.700658799999928, 9.513038636000033], [-13.661517143999959, 9.540924072000053], [-13.642131804999963, 9.549345970000047], [-13.639177322999956, 9.556494712000074], [-13.62712574099993, 9.555205345000047], [-13.625318526999934, 9.561196327000062], [-13.616785049999976, 9.56562709800005], [-13.603510857999936, 9.562349320000067], [-13.586458205999975, 9.53642749900007], [-13.559365272999969, 9.505363464000027], [-13.543315887999938, 9.495365143000072], [-13.53336143499996, 9.495667457000025], [-13.526446343999964, 9.499623300000053], [-13.511539460999927, 9.519038200000068], [-13.507370925999965, 9.514476061000039], [-13.50019, 9.52258], [-13.493, 9.54213], [-13.4958, 9.55038], [-13.49952, 9.55158], [-13.50298, 9.57459], [-13.49048, 9.60026], [-13.46627, 9.62433], [-13.46029, 9.63656], [-13.46002, 9.64734], [-13.49487, 9.67806], [-13.49979, 9.6887], [-13.49886, 9.69548], [-13.47518, 9.72195], [-13.47505, 9.73286], [-13.47744, 9.74323], [-13.50152, 9.73698], [-13.53703, 9.74257], [-13.54767, 9.74004]]]]}}, {"type": "Feature", "properties": {"name": "Faranah", "country": "GIN"}, "geometry": {"type": "Polygon", "coordinates": [[[-10.086779, 12.177659], [-10.09914, 12.17932], [-10.112950000999945, 12.17572], [-10.13141, 12.17811000100005], [-10.14897, 12.17268], [-10.167620000999932, 12.18427], [-10.18374, 12.187110001000065], [-10.19093000099997, 12.19888], [-10.195130000999939, 12.20074], [-10.22388, 12.202950001000033], [-10.24331000099994, 12.19936], [-10.24838, 12.21525], [-10.25375, 12.21528], [-10.26712, 12.20706], [-10.27645, 12.21285000100005], [-10.283000000999948, 12.212650001000043], [-10.28888, 12.2044], [-10.28565, 12.194730001000039], [-10.29362, 12.19085], [-10.29922, 12.19294], [-10.30939000099994, 12.21875], [-10.32014000099997, 12.22133], [-10.327400000999944, 12.21906], [-10.339323416999946, 12.225478732000056], [-10.34006, 12.21559], [-10.332150000999945, 12.20244], [-10.335010000999944, 12.187270001000059], [-10.351600000999952, 12.19309], [-10.358150000999956, 12.19219], [-10.360960000999967, 12.1899], [-10.36055, 12.175640001000033], [-10.37109000099997, 12.16763], [-10.396140000999935, 12.176370001000066], [-10.41072, 12.172580001000028], [-10.41445, 12.166850001000057], [-10.41403, 12.14108], [-10.4341, 12.13334], [-10.4564, 12.11653], [-10.49449, 12.122660001000042], [-10.503140000999963, 12.121770001000073], [-10.51650000099994, 12.11285], [-10.518630000999963, 12.10642000100006], [-10.50515, 12.08383], [-10.50704, 12.08038], [-10.52154, 12.076070001000062], [-10.52367, 12.06894], [-10.520310000999928, 12.04999], [-10.52294, 12.04124], [-10.53269, 12.031710001000022], [-10.55864, 12.02651], [-10.570950000999972, 12.02727], [-10.57828000099994, 12.021980001000031], [-10.579010000999972, 12.013930001000062], [-10.56364, 12.00053], [-10.56436, 11.99593], [-10.57278, 11.99366], [-10.57701, 11.986090001000036], [-10.588930000999937, 11.98544], [-10.59948000099996, 11.974200001000042], [-10.61278, 11.97678], [-10.62075, 11.96921], [-10.63019000099996, 11.93957], [-10.64027, 11.929480001000059], [-10.64009, 11.91315], [-10.642440000999954, 11.91016], [-10.65951, 11.90378], [-10.672220000999971, 11.89388], [-10.690210000999969, 11.893000001000075], [-10.69722, 11.89601], [-10.71703, 11.91560000100003], [-10.73549000099996, 11.91933], [-10.751330000999928, 11.94398], [-10.745450000999938, 11.96283], [-10.75637, 11.99378], [-10.777730000999952, 12.01095], [-10.79231, 12.02977], [-10.795090000999949, 12.0376], [-10.78898000099997, 12.04839000100003], [-10.78448, 12.07391], [-10.787430000999962, 12.10498], [-10.79023, 12.10936], [-10.796290000999932, 12.11352000100004], [-10.81522, 12.11586], [-10.829, 12.12142], [-10.8451, 12.13158], [-10.87683, 12.161110001000054], [-10.880290000999935, 12.179060001000039], [-10.89216000099998, 12.20393000100006], [-10.89918, 12.19912000100004], [-10.90292, 12.20097], [-10.9078, 12.212710001000062], [-10.918320000999927, 12.21434], [-10.9328, 12.223350001000028], [-10.94006, 12.21761], [-10.952920000999939, 12.22155], [-10.96718, 12.221120001000031], [-10.98568, 12.20874], [-11.015380000999926, 12.20557], [-11.023090000999957, 12.21111], [-11.03314, 12.21067], [-11.044820000999948, 12.22104], [-11.04833, 12.21713], [-11.055160000999933, 12.185170001000074], [-11.07278, 12.135290001000044], [-11.10437, 12.11855], [-11.10648, 12.11394], [-11.103920000999949, 12.10221000100006], [-11.10931, 12.09486], [-11.139460000999975, 12.093060001000026], [-11.144160000999932, 12.07881], [-11.138110000999973, 12.059480001000054], [-11.15215, 12.041320001000031], [-11.166594, 12.032625], [-11.154836, 12.010853], [-11.152783, 11.992103], [-11.155548, 11.955768], [-11.159923, 11.941589], [-11.152214, 11.932158], [-11.128498, 11.917316], [-11.123172, 11.920034], [-11.100883, 11.919845], [-11.082573, 11.896951], [-11.052836, 11.889461], [-11.047884, 11.883291], [-11.071722, 11.869091], [-11.076797, 11.855749], [-11.072569, 11.810992], [-11.074752, 11.785317], [-11.070336, 11.749882], [-11.089669, 11.706956], [-11.100833, 11.691768], [-11.121708, 11.694716], [-11.141488, 11.686568], [-11.164983, 11.654556], [-11.165243, 11.647159], [-11.149878, 11.638703], [-11.14416, 11.628473], [-11.166217, 11.603824], [-11.192336, 11.589475], [-11.208988, 11.585236], [-11.21332, 11.573958], [-11.213177, 11.562174], [-11.202912, 11.5518], [-11.196319, 11.537038], [-11.152024, 11.535892], [-11.13659, 11.530371], [-11.121052, 11.517595], [-11.119997, 11.505046], [-11.126966, 11.501425], [-11.123279, 11.478755], [-11.131426, 11.465994], [-11.143086, 11.46223], [-11.189919, 11.42407], [-11.212168, 11.423065], [-11.223752, 11.418863], [-11.239992, 11.406576], [-11.267742, 11.401403], [-11.289832, 11.367469], [-11.317879, 11.337118], [-11.336954, 11.30838], [-11.33679, 11.267492], [-11.320935, 11.227322], [-11.306745, 11.178142], [-11.279045, 11.141022], [-11.254607, 11.147399], [-11.231347, 11.118629], [-11.208031, 11.100461], [-11.137166, 11.074795], [-11.15547, 11.055242], [-11.278331, 10.989641], [-11.314717, 10.984164], [-11.350145, 10.971423], [-11.380541, 10.968629], [-11.417321, 10.983411], [-11.454077, 10.993466], [-11.508673, 10.94322], [-11.5258, 10.905738], [-11.524458, 10.876288], [-11.498424, 10.877968], [-11.457027, 10.850161], [-11.437417, 10.826632], [-11.448311, 10.794547], [-11.446132, 10.764601], [-11.461384, 10.732516], [-11.448311, 10.72396], [-11.458232, 10.702755], [-11.462111, 10.682072], [-11.479061, 10.665], [-11.478932, 10.637699], [-11.492074, 10.612541], [-11.507414, 10.607686], [-11.519142, 10.570681], [-11.515156, 10.559849], [-11.526832, 10.515712], [-11.527931, 10.492234], [-11.507014, 10.491986], [-11.488621, 10.485077], [-11.442444, 10.457434], [-11.398645, 10.451565], [-11.378827, 10.334705], [-11.376092, 10.285442], [-11.381208, 10.25911], [-11.391767, 10.239716], [-11.387933, 10.21066], [-11.395053, 10.181987], [-11.410196, 10.14299], [-11.430279, 10.111878], [-11.437963, 10.08338], [-11.470417, 10.054955], [-11.468743, 10.020226], [-11.477589, 9.999689], [-11.20675, 10.00043000100004], [-11.17497, 9.975811], [-11.167100000999937, 9.94477], [-11.16016, 9.89051], [-11.15437, 9.879233], [-11.14277, 9.86911], [-11.09734, 9.84792], [-11.06976, 9.828120001000059], [-11.03871000099997, 9.797740001000022], [-10.977360000999965, 9.71398], [-10.97089000099993, 9.69788], [-10.96791, 9.673740001000056], [-10.96282, 9.664074], [-10.954714026999966, 9.657859088000066], [-10.93293, 9.656444], [-10.92136, 9.649990001000049], [-10.9209, 9.641712], [-10.91489, 9.632967], [-10.91099, 9.60193], [-10.90405, 9.594332], [-10.89548, 9.593860001000053], [-10.87813, 9.57383], [-10.8594, 9.558166], [-10.85894000099995, 9.55265], [-10.87379, 9.537500001000069], [-10.85713, 9.5246], [-10.82749, 9.51788], [-10.82634, 9.5142], [-10.83052, 9.507310001000064], [-10.844430000999978, 9.5009], [-10.84837, 9.495400001000064], [-10.840770000999953, 9.47102], [-10.84889, 9.461610001000054], [-10.8489, 9.454710001000024], [-10.84336, 9.44275], [-10.82716, 9.43537], [-10.801970000999972, 9.414400001000047], [-10.80452, 9.40728], [-10.8124, 9.40132], [-10.81659, 9.39191], [-10.81474, 9.38661], [-10.80966000099994, 9.38086], [-10.80457, 9.38085], [-10.79923, 9.390720001000034], [-10.789730000999953, 9.39001], [-10.780020000999968, 9.38333], [-10.770070000999965, 9.3817], [-10.76011000099993, 9.38604], [-10.748310000999936, 9.38487], [-10.738380000999939, 9.37404], [-10.73098, 9.380190001000074], [-10.71111, 9.348470001000067], [-10.711600000999965, 9.33468], [-10.707440000999952, 9.33008], [-10.689410000999942, 9.32452], [-10.668840000999978, 9.309300001000054], [-10.663310000999957, 9.300550001000033], [-10.66148, 9.28997], [-10.67522, 9.25025000100004], [-10.674550000999943, 9.23945], [-10.66347, 9.22655], [-10.66374, 9.210006], [-10.66792, 9.20335], [-10.69523, 9.193997], [-10.70842, 9.19196], [-10.71304, 9.1984], [-10.71836, 9.197499], [-10.723479185999963, 9.18349223100006], [-10.714260000999957, 9.16348], [-10.71454, 9.143949], [-10.72613, 9.131107], [-10.726160000999926, 9.11663], [-10.733389726999974, 9.084249600000021], [-10.729930000999957, 9.07919], [-10.708200000999966, 9.075460001000067], [-10.66032, 9.08155000100004], [-10.633060000999933, 9.069530001000032], [-10.61296, 9.066714], [-10.599706, 9.058478], [-10.591662, 9.061749], [-10.574655, 9.050755], [-10.562766, 9.064424], [-10.499615, 9.070484], [-10.488657, 9.066228], [-10.4769, 9.070158], [-10.466852, 9.08093], [-10.454264, 9.109453], [-10.45334, 9.08925], [-10.438788, 9.072081], [-10.43469, 9.054637], [-10.436552, 9.044214], [-10.456391, 9.0276], [-10.468407, 9.008342], [-10.467601, 8.980597], [-10.454477, 8.980754], [-10.382423, 8.995781], [-10.343285, 9.013259], [-10.339339, 9.046346], [-10.334002, 9.061401], [-10.327131, 9.066914], [-10.311049, 9.066865], [-10.298806, 9.059925], [-10.285286, 9.038229], [-10.279524, 9.022056], [-10.282776, 9.01684], [-10.279751, 8.992801], [-10.283026, 8.975664], [-10.279289, 8.970743], [-10.278412, 8.959302], [-10.274585, 8.956093], [-10.263507, 8.956377], [-10.251437, 8.948282], [-10.23228, 8.950898], [-10.219757, 8.947964], [-10.210338, 8.920854], [-10.205468, 8.915922], [-10.187377, 8.915028], [-10.18581, 8.887217], [-10.179735, 8.88472], [-10.169534, 8.88704], [-10.155513, 8.898446], [-10.145929, 8.915629], [-10.135835, 8.918469], [-10.123987, 8.929155], [-10.117587, 8.928574], [-10.110012, 8.927062], [-10.106133, 8.919128], [-10.10935, 8.900926], [-10.108009, 8.882496], [-10.074833, 8.87082], [-10.059334, 8.882845], [-10.044687, 8.887321], [-10.028601, 8.896885], [-10.015895, 8.92891], [-10.016792, 8.945882], [-10.00952, 8.952074], [-10.000112, 8.951559], [-9.99486, 8.941949], [-10.001065, 8.899928], [-9.99545, 8.877007], [-9.995929, 8.850919], [-9.990076, 8.84203], [-9.9896, 8.817955], [-9.984677, 8.811808], [-9.972022, 8.808269], [-9.958191, 8.819499], [-9.952128, 8.809498], [-9.94135, 8.816599], [-9.937451, 8.814406], [-9.925501, 8.819553], [-9.904257, 8.830521], [-9.899878, 8.835722], [-9.898879, 8.844685], [-9.878879, 8.849269], [-9.873503, 8.84283], [-9.857437, 8.835372], [-9.831106, 8.843722], [-9.803546, 8.846477], [-9.796716, 8.867739], [-9.762154, 8.892923], [-9.740325, 8.880331], [-9.709401, 8.878532], [-9.693029, 8.889325], [-9.667562, 8.891124], [-9.613443, 8.874721], [-9.62014, 8.891243], [-9.654939, 8.936408], [-9.634011, 8.951747], [-9.62728, 8.97361], [-9.628814, 8.992269], [-9.640548, 9.010784], [-9.658547, 9.021904], [-9.697972, 9.030368], [-9.715658, 9.05515], [-9.719405, 9.065536], [-9.719063, 9.073735], [-9.706618, 9.081968], [-9.675747, 9.090891], [-9.665462, 9.097339], [-9.660585, 9.10397], [-9.66071, 9.115885], [-9.670935, 9.123067], [-9.71874, 9.134736], [-9.722595, 9.146616], [-9.720408, 9.164143], [-9.725069, 9.175986], [-9.746353, 9.197779], [-9.739653, 9.225399], [-9.709568, 9.237896], [-9.681066, 9.244161], [-9.660368, 9.241604], [-9.649629, 9.253117], [-9.648987, 9.283909], [-9.652036, 9.296627], [-9.646601, 9.307849], [-9.631456, 9.326393], [-9.604903, 9.341324], [-9.597887, 9.355607], [-9.606977, 9.379303], [-9.622718, 9.399673], [-9.626435, 9.426747], [-9.640428, 9.43936], [-9.651335, 9.458421], [-9.673453, 9.471763], [-9.735636, 9.495306], [-9.812027, 9.518689], [-9.829697, 9.526555], [-9.850937, 9.548338], [-9.871204, 9.558969], [-9.859305, 9.560577], [-9.869864, 9.578172], [-9.885334, 9.592559], [-9.871655, 9.612496], [-9.879618, 9.629509], [-9.894116, 9.629501], [-9.927814, 9.65482], [-9.975295, 9.668038], [-10.00478, 9.658432], [-10.025551, 9.644676], [-10.044165, 9.622799], [-10.066249, 9.610024], [-10.09392, 9.624313], [-10.099004, 9.634766], [-10.099509, 9.650505], [-10.107299, 9.671263], [-10.144857, 9.700256], [-10.160642, 9.699254], [-10.172107, 9.682624], [-10.179327, 9.653795], [-10.201153, 9.626147], [-10.216348, 9.615742], [-10.225797, 9.590115], [-10.241868, 9.57162], [-10.265478, 9.559889], [-10.281655, 9.546202], [-10.294868, 9.54363], [-10.325503, 9.547147], [-10.342741, 9.542492], [-10.369094, 9.547032], [-10.383373, 9.563364], [-10.404165, 9.569407], [-10.418876, 9.561766], [-10.421201, 9.583091], [-10.428198, 9.594909], [-10.425363, 9.612595], [-10.411667, 9.626779], [-10.403403, 9.654628], [-10.403166, 9.695696], [-10.409755, 9.698576], [-10.414239, 9.734135], [-10.404895, 9.757664], [-10.393401, 9.760512], [-10.387735, 9.774826], [-10.366805, 9.782994], [-10.368922, 9.805481], [-10.375118, 9.817268], [-10.372696, 9.852618], [-10.368863, 9.864414], [-10.350607, 9.864149], [-10.340385, 9.874089], [-10.341554, 9.881692], [-10.327657, 9.8949], [-10.334315, 9.91159], [-10.34604, 9.962825], [-10.359644, 9.986645], [-10.361583, 10.001992], [-10.349704, 10.020272], [-10.327377, 10.042767], [-10.320761, 10.058456], [-10.329524, 10.078449], [-10.323269, 10.100806], [-10.305139, 10.095111], [-10.285574, 10.110518], [-10.28037, 10.123638], [-10.265748, 10.125313], [-10.253231, 10.139305], [-10.259376, 10.147274], [-10.254984, 10.154582], [-10.228554, 10.158238], [-10.237341, 10.175491], [-10.220493, 10.179196], [-10.201884, 10.20617], [-10.236794, 10.255649], [-10.225697, 10.293213], [-10.235956, 10.288106], [-10.236491, 10.29286], [-10.22571, 10.303886], [-10.226878, 10.319384], [-10.241262, 10.327518], [-10.239447, 10.338562], [-10.221473, 10.337733], [-10.195795, 10.324578], [-10.179776, 10.327016], [-10.166919, 10.340936], [-10.169275, 10.352353], [-10.157058, 10.354117], [-10.153595, 10.36564], [-10.161434, 10.375256], [-10.151802, 10.390782], [-10.152938, 10.407434], [-10.145808, 10.401163], [-10.135085, 10.401839], [-10.125219, 10.414659], [-10.129367, 10.425451], [-10.145861, 10.421644], [-10.154123, 10.45203], [-10.150614, 10.461893], [-10.140076, 10.463432], [-10.123337, 10.453216], [-10.116941, 10.456064], [-10.118623, 10.48079], [-10.109886, 10.492738], [-10.139499, 10.498518], [-10.133125, 10.506488], [-10.132022, 10.513779], [-10.137974, 10.526723], [-10.138199, 10.536062], [-10.145419, 10.537064], [-10.153508, 10.495158], [-10.167257, 10.482565], [-10.175376, 10.488358], [-10.180024, 10.487934], [-10.180617, 10.473329], [-10.195246, 10.461526], [-10.18713, 10.448089], [-10.193559, 10.445022], [-10.214173, 10.48503], [-10.22591, 10.489142], [-10.237094, 10.484747], [-10.232228, 10.501363], [-10.2337, 10.510513], [-10.219405, 10.515465], [-10.212892, 10.524626], [-10.221037, 10.527606], [-10.237845, 10.519789], [-10.27751, 10.521096], [-10.292883, 10.527059], [-10.292522, 10.550606], [-10.295072, 10.555314], [-10.310446, 10.538883], [-10.332073, 10.528579], [-10.337253, 10.510051], [-10.354327, 10.512033], [-10.352082, 10.531481], [-10.37721, 10.539827], [-10.385791, 10.527908], [-10.401124, 10.547027], [-10.414233, 10.512075], [-10.4314, 10.515568], [-10.443691, 10.524135], [-10.467331, 10.531563], [-10.467524, 10.545494], [-10.447493, 10.556912], [-10.455165, 10.614541], [-10.461499, 10.641756], [-10.495061, 10.701253], [-10.511689, 10.760641], [-10.554046, 10.756337], [-10.586504, 10.740118], [-10.618356, 10.744605], [-10.668939, 10.735324], [-10.673228, 10.736987], [-10.694863, 10.765576], [-10.732803, 10.792615], [-10.747514, 10.799905], [-10.806734, 10.816934], [-10.832851, 10.830685], [-10.864787, 10.853049], [-10.897558, 10.864208], [-10.908789, 10.875836], [-10.906486, 10.883103], [-10.892172, 10.894022], [-10.877654, 10.895732], [-10.868727, 10.907297], [-10.856031, 10.909123], [-10.842765, 10.914768], [-10.83678, 10.921944], [-10.815442, 10.929912], [-10.817568, 10.933999], [-10.80984, 10.945749], [-10.798039, 10.955658], [-10.798968, 10.982488], [-10.794014, 10.987701], [-10.795371, 10.992257], [-10.791086, 10.999675], [-10.773311, 11.014308], [-10.746317, 11.030367], [-10.737254, 11.05058], [-10.71814, 11.058776], [-10.714482, 11.093105], [-10.725499, 11.129346], [-10.720635, 11.13326], [-10.720925, 11.144409], [-10.715937, 11.140283], [-10.703451, 11.154657], [-10.690035, 11.158725], [-10.68984, 11.163405], [-10.665143, 11.154693], [-10.666079, 11.173542], [-10.6593, 11.174793], [-10.663143, 11.183478], [-10.652792, 11.184317], [-10.633866, 11.179121], [-10.644987, 11.199209], [-10.626032, 11.191327], [-10.589711, 11.183721], [-10.568904, 11.183158], [-10.537279, 11.186371], [-10.512555, 11.197074], [-10.443231, 11.255601], [-10.468238, 11.274326], [-10.47628, 11.285492], [-10.475761, 11.29452], [-10.468367, 11.303205], [-10.445804, 11.310573], [-10.410721, 11.312785], [-10.380228, 11.322627], [-10.361006, 11.348068], [-10.352111, 11.35504], [-10.345026, 11.368221], [-10.3544, 11.381751], [-10.351618, 11.401659], [-10.345914, 11.407915], [-10.335841, 11.394531], [-10.329144, 11.401038], [-10.325213, 11.423773], [-10.321229, 11.430617], [-10.317323, 11.405024], [-10.322949, 11.390459], [-10.331524, 11.381564], [-10.333165, 11.373551], [-10.320381, 11.37035], [-10.300256, 11.379784], [-10.296724, 11.403029], [-10.294129, 11.410747], [-10.288983, 11.414102], [-10.266724, 11.395156], [-10.247214, 11.405715], [-10.243708, 11.411544], [-10.254809, 11.423738], [-10.248531, 11.42553], [-10.23314, 11.423041], [-10.22213, 11.416142], [-10.217568, 11.401067], [-10.203033, 11.404893], [-10.195039, 11.414224], [-10.189843, 11.384087], [-10.182188, 11.38199], [-10.155239, 11.391025], [-10.152486, 11.382922], [-10.16911, 11.361437], [-10.164782, 11.35304], [-10.152217, 11.350737], [-10.127067, 11.350563], [-10.124081, 11.35436], [-10.135643, 11.368777], [-10.12103, 11.390739], [-10.103262, 11.378547], [-10.085243, 11.382208], [-10.063362, 11.3967], [-10.068961, 11.374409], [-10.081973, 11.358789], [-10.077703, 11.354308], [-10.057274, 11.364271], [-10.050072, 11.375668], [-10.048582, 11.397034], [-10.030967, 11.407949], [-10.029092, 11.417158], [-10.023209, 11.420398], [-10.019793, 11.413595], [-10.004753, 11.406959], [-10.010794, 11.436605], [-10.009626, 11.462862], [-10.020935, 11.468138], [-10.031232, 11.478379], [-10.04856, 11.483029], [-10.055494, 11.491041], [-10.079288, 11.493574], [-10.109988, 11.502704], [-10.13039, 11.500936], [-10.139891, 11.509393], [-10.146734, 11.522302], [-10.17218, 11.53463], [-10.193201, 11.534242], [-10.2219, 11.540954], [-10.239319, 11.57146], [-10.265526, 11.588353], [-10.265643, 11.605987], [-10.260308, 11.619936], [-10.257658, 11.681533], [-10.253265, 11.688229], [-10.243769, 11.695088], [-10.238819, 11.693982], [-10.228137, 11.703812], [-10.226624, 11.715451], [-10.231825, 11.728496], [-10.22301, 11.739203], [-10.219256, 11.751379], [-10.224516, 11.758511], [-10.244966, 11.758185], [-10.246227, 11.774698], [-10.211035, 11.817564], [-10.211823, 11.842237], [-10.198198, 11.851731], [-10.182375, 11.869051], [-10.18401, 11.882915], [-10.193026, 11.907222], [-10.168027, 11.920922], [-10.159502, 11.932193], [-10.175815, 11.9559], [-10.193634, 12.017086], [-10.190793, 12.02981], [-10.209776, 12.054043], [-10.221271, 12.07618], [-10.210949, 12.096915], [-10.191436, 12.114068], [-10.112351, 12.152322], [-10.086779, 12.177659]]]}}, {"type": "Feature", "properties": {"name": "Kankan", "country": "GIN"}, "geometry": {"type": "Polygon", "coordinates": [[[-9.613443, 8.874721], [-9.565061, 8.867669], [-9.536865, 8.868568], [-9.482293, 8.877559], [-9.433179, 8.894641], [-9.402254, 8.896439], [-9.374059, 8.877626], [-9.346773, 8.867669], [-9.321306, 8.850644], [-9.304025, 8.829909], [-9.25491, 8.784957], [-9.223076, 8.780491], [-9.213071, 8.769673], [-9.17578, 8.764279], [-9.163047, 8.7661], [-9.13758, 8.780491], [-9.095741, 8.787654], [-9.064817, 8.798479], [-9.041169, 8.793082], [-9.010245, 8.793082], [-8.949018, 8.772633], [-8.937698, 8.776788], [-8.884337, 8.812312], [-8.841395, 8.846946], [-8.830797, 8.859161], [-8.815758, 8.888093], [-8.795011, 8.914223], [-8.718796, 8.942068], [-8.699784, 8.961019], [-8.702632, 8.986367], [-8.723121, 9.014424], [-8.7289, 9.041519], [-8.727099, 9.067683], [-8.715391, 9.113894], [-8.709053, 9.13793], [-8.693579, 9.162068], [-8.663333, 9.187278], [-8.662573, 9.219529], [-8.644527, 9.245836], [-8.638777, 9.288745], [-8.623387, 9.304491], [-8.620444, 9.337312], [-8.621932, 9.379779], [-8.631351, 9.421031], [-8.634515, 9.463335], [-8.621874, 9.477815], [-8.619746, 9.497952], [-8.616615, 9.502604], [-8.604907, 9.46108], [-8.590835, 9.456621], [-8.58395, 9.435055], [-8.577566, 9.441478], [-8.557861, 9.445757], [-8.554029, 9.477968], [-8.541859, 9.485106], [-8.534164, 9.47357], [-8.513122, 9.49743], [-8.49681, 9.491213], [-8.484848, 9.512581], [-8.49469, 9.53517], [-8.483555, 9.544328], [-8.461775, 9.541941], [-8.438908, 9.532558], [-8.392008, 9.567061], [-8.352451, 9.581116], [-8.237157, 9.587204], [-8.14727, 9.583955], [-8.152930000999959, 9.58911], [-8.143600643999946, 9.61290923000007], [-8.151790000999938, 9.62542], [-8.146223, 9.625584], [-8.133579766999958, 9.636692940000046], [-8.13276, 9.64703], [-8.1278, 9.654780001000063], [-8.129999, 9.663778], [-8.136683, 9.666619], [-8.129450000999952, 9.67113], [-8.13639, 9.690520001000039], [-8.131613, 9.701962], [-8.12512, 9.702342], [-8.123190411999929, 9.708528209000065], [-8.127101, 9.729496], [-8.12425000099995, 9.735440001000029], [-8.129502, 9.741481], [-8.123564244999955, 9.753133519000073], [-8.12976, 9.75827], [-8.127865, 9.761463], [-8.113455, 9.764734], [-8.120694, 9.779078], [-8.12055, 9.791030001000024], [-8.109599441999933, 9.795265442000073], [-8.10934, 9.79779], [-8.11873000099996, 9.806880001000025], [-8.116117, 9.811671], [-8.106199683999932, 9.807871028000022], [-8.101484299999981, 9.832640281000067], [-8.106849, 9.832987], [-8.112999, 9.838764], [-8.108741, 9.845609], [-8.10769000099998, 9.85571], [-8.113339, 9.867279], [-8.13793, 9.86597], [-8.14345, 9.869720001000076], [-8.140703, 9.885551], [-8.128689227999928, 9.882412922000071], [-8.12452000099995, 9.90099], [-8.135073, 9.909625], [-8.13335230599995, 9.917419848000065], [-8.14217, 9.91684], [-8.152940000999934, 9.90915], [-8.16078, 9.912239], [-8.165472, 9.926783], [-8.163097, 9.931353], [-8.152360000999977, 9.937200001000065], [-8.166844, 9.947264], [-8.164010000999951, 9.951140001000056], [-8.14826, 9.94876], [-8.130088, 9.956472], [-8.12061, 9.95429], [-8.117781, 9.9577], [-8.117384, 9.971032], [-8.121493334999968, 9.976140173000033], [-8.12729, 9.97644], [-8.13852, 9.968530001000033], [-8.15027, 9.974885], [-8.151834, 9.979733], [-8.14781, 9.986353], [-8.1373, 9.992203], [-8.13143, 10.013850001000037], [-8.106680000999972, 10.04690000100004], [-8.098949, 10.05302], [-8.045101, 10.0733], [-8.016502, 10.0971], [-7.978140000999929, 10.179650001000027], [-7.957450000999927, 10.20079], [-7.952461, 10.20992], [-7.950551, 10.23336], [-7.94721, 10.24113], [-7.960951, 10.29489], [-7.968623, 10.31361], [-7.995272, 10.33831], [-8.006831, 10.34305], [-8.051110000999927, 10.35117], [-8.080821, 10.35336], [-8.091685, 10.35809], [-8.114284, 10.39285], [-8.120452, 10.42213], [-8.127637309999955, 10.424049282000055], [-8.14068, 10.42122], [-8.16392, 10.40101], [-8.173230000999979, 10.399050001000035], [-8.202023, 10.40122], [-8.225393, 10.41], [-8.2316, 10.41628], [-8.240630000999943, 10.44029000100005], [-8.244763, 10.46541], [-8.261840000999939, 10.47687], [-8.26407, 10.485170001000029], [-8.26227, 10.50079], [-8.27376, 10.51288], [-8.2767, 10.52073000100006], [-8.27328, 10.57773], [-8.27805, 10.5879], [-8.28502, 10.58844], [-8.289154, 10.59309], [-8.290303, 10.61564], [-8.301474, 10.63623], [-8.296480000999964, 10.689080001000036], [-8.306882, 10.71634], [-8.29557, 10.75094], [-8.29784674299998, 10.75556947800004], [-8.325521, 10.75679], [-8.328957, 10.76189], [-8.3267, 10.77682], [-8.30752, 10.80743], [-8.30620000099998, 10.821900001000074], [-8.300063, 10.82966], [-8.28207, 10.836590001000047], [-8.275601, 10.85308], [-8.281644, 10.89639], [-8.278995, 10.92557], [-8.291300000999968, 10.971480001000032], [-8.287, 10.98155], [-8.28708, 10.99513], [-8.293230000999927, 11.00784], [-8.323532, 11.0482], [-8.347776, 11.06802], [-8.381930393999937, 11.07597964200005], [-8.38993, 11.068700001000025], [-8.405605, 11.0622], [-8.425534, 11.07207], [-8.446017882999968, 11.073669835000032], [-8.472857, 11.06865], [-8.482444, 11.06507], [-8.50305, 11.03147], [-8.513667, 10.99501], [-8.515060000999938, 10.972020001000033], [-8.535977854999942, 10.97636955400003], [-8.590489, 10.95024], [-8.61138, 10.95787000100006], [-8.622458758999926, 10.965319510000029], [-8.661032, 10.94916], [-8.671962, 10.95019], [-8.677261, 10.95531], [-8.680631, 10.96707], [-8.677723, 10.97808], [-8.681372, 11.0078], [-8.65037, 11.0337], [-8.645162, 11.06378], [-8.620676, 11.08906], [-8.625123, 11.10889], [-8.622450000999947, 11.119900001000076], [-8.611413, 11.12784], [-8.581160000999944, 11.12591], [-8.57099, 11.13983], [-8.564303, 11.15494], [-8.573290000999975, 11.185870001000069], [-8.56633, 11.20465], [-8.552502, 11.2121], [-8.529923568999948, 11.210010329000056], [-8.517710000999955, 11.219310001000053], [-8.497702836999963, 11.216110652000054], [-8.48646, 11.22196000100007], [-8.484736, 11.22999], [-8.491642, 11.23766], [-8.499286, 11.26282], [-8.4933, 11.27748], [-8.47919, 11.288830001000065], [-8.467066, 11.28915], [-8.422298, 11.27048], [-8.39385, 11.272230001000025], [-8.376987, 11.27917], [-8.37199, 11.28855], [-8.365088536999963, 11.320901311000057], [-8.369471810999926, 11.324639839000042], [-8.40167, 11.32178], [-8.418155, 11.32749], [-8.421792, 11.33558], [-8.415994, 11.35346], [-8.41079, 11.36007], [-8.39745, 11.36498], [-8.37589, 11.36748], [-8.381552, 11.37525], [-8.396867358999941, 11.382309244000055], [-8.411830000999942, 11.37856], [-8.423494, 11.37845], [-8.437429427999973, 11.383889877000058], [-8.456344, 11.38156], [-8.502104, 11.39928], [-8.508901, 11.41891], [-8.52674, 11.43128], [-8.52689000099997, 11.43934], [-8.517752, 11.44315], [-8.525520000999961, 11.45956], [-8.52565, 11.46969], [-8.53536, 11.47783000100003], [-8.54455, 11.46896], [-8.565670000999944, 11.45898], [-8.571878, 11.4458], [-8.576336, 11.44332], [-8.581700000999945, 11.44338], [-8.596014, 11.45664], [-8.61263, 11.452760001000058], [-8.654133, 11.49926], [-8.65774, 11.51241], [-8.66534, 11.52283], [-8.673101, 11.565], [-8.685652, 11.57042], [-8.688864, 11.5762], [-8.690624, 11.58749], [-8.682335, 11.62467], [-8.685074, 11.63114], [-8.691570000999945, 11.63557], [-8.702070000999981, 11.63613], [-8.71963, 11.62963], [-8.733699048999938, 11.630279957000027], [-8.760128, 11.6068], [-8.77343, 11.61794], [-8.785295, 11.62173], [-8.791590372999963, 11.622249701000044], [-8.797732, 11.61449], [-8.82214, 11.62621], [-8.854325, 11.62834], [-8.822245, 11.7693], [-8.794912, 11.92387], [-8.797850000999972, 11.93516], [-8.80135, 11.93589], [-8.80173, 11.945550001000072], [-8.814425, 11.96246], [-8.816203, 11.9726], [-8.80539, 12.00517], [-8.83101, 12.03094], [-8.832333, 12.039], [-8.842180000999974, 12.036110001000054], [-8.855900607999956, 12.041989510000064], [-8.871512, 12.02328], [-8.87525, 12.024], [-8.88309, 12.034430001000032], [-8.896120702999951, 12.040079872000035], [-8.906890000999965, 12.03811], [-8.90663, 12.041090001000043], [-8.912936, 12.04115], [-8.919301, 12.05985], [-8.9162, 12.066720001000022], [-8.914992, 12.09501], [-8.90704, 12.09585], [-8.903249, 12.10088], [-8.89668, 12.151890001000027], [-8.905035, 12.15818], [-8.90283, 12.16874], [-8.910035, 12.17317], [-8.914129826999954, 12.185409481000022], [-8.92209, 12.18433], [-8.924632, 12.18711], [-8.922444, 12.19584], [-8.924521503999927, 12.198619336000036], [-8.930627, 12.19591], [-8.936441270999978, 12.19895856900007], [-8.94101, 12.18566], [-8.95267086299998, 12.189219922000063], [-8.958549, 12.18582], [-8.964601160999962, 12.188409215000036], [-8.97331, 12.18251], [-8.978591, 12.19291], [-8.977971, 12.21181], [-8.992901, 12.22144], [-8.99382, 12.25136], [-8.987021, 12.28074], [-8.981333, 12.28943], [-8.967434, 12.30036], [-8.957666, 12.32075], [-8.9689, 12.34845], [-9.00867, 12.384100001000036], [-9.025, 12.41287], [-9.03428, 12.423070001000042], [-9.04571, 12.42845], [-9.085885, 12.43913], [-9.10383, 12.449400001000072], [-9.112330000999975, 12.458420001000036], [-9.13588, 12.46897], [-9.15446, 12.48408], [-9.201263, 12.48655], [-9.225522496999929, 12.496639732000062], [-9.235364, 12.49558], [-9.25332934599993, 12.502629886000022], [-9.274455, 12.49567], [-9.28416, 12.481940001000055], [-9.294211, 12.48432], [-9.31258, 12.49942], [-9.319590079999955, 12.500629497000034], [-9.325356, 12.48273], [-9.335703, 12.47683], [-9.338946, 12.481], [-9.339552521999963, 12.49296057600003], [-9.34893, 12.49166000100007], [-9.36200039399995, 12.495669201000055], [-9.36967, 12.47342], [-9.385128, 12.47216], [-9.39173, 12.46577], [-9.404638, 12.4615], [-9.4036, 12.44447000100007], [-9.399629621999964, 12.44375029400004], [-9.39233, 12.449440001000028], [-9.384387, 12.44731], [-9.376590000999954, 12.426090001000034], [-9.369878, 12.41752], [-9.357688, 12.42019], [-9.355876, 12.41258], [-9.358276, 12.40501], [-9.347988, 12.40401], [-9.34077, 12.39912], [-9.33416000099993, 12.376990001000024], [-9.324390000999927, 12.369780001000038], [-9.312466, 12.36945], [-9.29758, 12.35852], [-9.29691, 12.3546], [-9.307020000999955, 12.34825], [-9.30408, 12.335570001000065], [-9.30863, 12.32318], [-9.312878, 12.31862], [-9.3166, 12.32118], [-9.322485, 12.31662], [-9.319798, 12.27289], [-9.32993000099998, 12.26308], [-9.34186, 12.26294000100006], [-9.344518495999978, 12.25215610400005], [-9.34039, 12.24292], [-9.353922, 12.24648], [-9.36563, 12.244960001000038], [-9.387331, 12.25088], [-9.39127863699997, 12.254818640000053], [-9.40558, 12.250330001000066], [-9.414621145999945, 12.260289754000041], [-9.441588, 12.25106], [-9.47928, 12.245819993000055], [-9.490555, 12.23946], [-9.50522, 12.21679], [-9.529168, 12.20386], [-9.541409, 12.19268], [-9.546780361999936, 12.19339978100004], [-9.553123, 12.18954], [-9.569479200999979, 12.191039927000077], [-9.6304, 12.17282], [-9.66405, 12.14085], [-9.677720000999955, 12.12369], [-9.680815, 12.11635], [-9.68046, 12.09955], [-9.67569, 12.07882], [-9.67974, 12.06665], [-9.695935960999975, 12.057553922000068], [-9.699758, 12.02382], [-9.76963, 12.03188], [-9.790622, 12.04051], [-9.809940000999973, 12.05672], [-9.816010000999938, 12.05767], [-9.82539000099996, 12.05289], [-9.863691070999948, 12.058859700000028], [-9.876600000999929, 12.055240001000072], [-9.882901, 12.05712], [-9.90823, 12.08165], [-9.914441, 12.09848], [-9.919801943999971, 12.100819540000032], [-9.941794, 12.09749], [-9.952969202999952, 12.106069389000027], [-9.970773, 12.09835], [-9.983063, 12.1138], [-10.0017, 12.12819], [-10.02437, 12.12878], [-10.03926, 12.14174], [-10.05282, 12.14043], [-10.05932, 12.14967], [-10.06335, 12.13865], [-10.06709, 12.13913], [-10.07243, 12.14652], [-10.07663, 12.14723], [-10.08165, 12.17164], [-10.086779, 12.177659], [-10.112351, 12.152322], [-10.165961, 12.128603], [-10.191436, 12.114068], [-10.210949, 12.096915], [-10.221271, 12.07618], [-10.209776, 12.054043], [-10.190793, 12.02981], [-10.193634, 12.017086], [-10.175815, 11.9559], [-10.159502, 11.932193], [-10.168027, 11.920922], [-10.193026, 11.907222], [-10.18401, 11.882915], [-10.182375, 11.869051], [-10.198198, 11.851731], [-10.211823, 11.842237], [-10.211035, 11.817564], [-10.246227, 11.774698], [-10.244966, 11.758185], [-10.224516, 11.758511], [-10.219256, 11.751379], [-10.22301, 11.739203], [-10.231825, 11.728496], [-10.226624, 11.715451], [-10.228137, 11.703812], [-10.238819, 11.693982], [-10.243769, 11.695088], [-10.253265, 11.688229], [-10.257658, 11.681533], [-10.260308, 11.619936], [-10.265643, 11.605987], [-10.265526, 11.588353], [-10.239319, 11.57146], [-10.2219, 11.540954], [-10.193201, 11.534242], [-10.17218, 11.53463], [-10.146734, 11.522302], [-10.139891, 11.509393], [-10.13039, 11.500936], [-10.109988, 11.502704], [-10.079288, 11.493574], [-10.055494, 11.491041], [-10.04856, 11.483029], [-10.031232, 11.478379], [-10.020935, 11.468138], [-10.009626, 11.462862], [-10.010794, 11.436605], [-10.004753, 11.406959], [-10.019793, 11.413595], [-10.023209, 11.420398], [-10.029092, 11.417158], [-10.030967, 11.407949], [-10.048582, 11.397034], [-10.050072, 11.375668], [-10.057274, 11.364271], [-10.077703, 11.354308], [-10.081973, 11.358789], [-10.068961, 11.374409], [-10.063362, 11.3967], [-10.085243, 11.382208], [-10.103262, 11.378547], [-10.12103, 11.390739], [-10.135643, 11.368777], [-10.124081, 11.35436], [-10.127067, 11.350563], [-10.152217, 11.350737], [-10.164782, 11.35304], [-10.16911, 11.361437], [-10.152486, 11.382922], [-10.155239, 11.391025], [-10.182188, 11.38199], [-10.189843, 11.384087], [-10.195039, 11.414224], [-10.203033, 11.404893], [-10.217568, 11.401067], [-10.22213, 11.416142], [-10.23314, 11.423041], [-10.248531, 11.42553], [-10.254809, 11.423738], [-10.243708, 11.411544], [-10.247214, 11.405715], [-10.266724, 11.395156], [-10.288983, 11.414102], [-10.294129, 11.410747], [-10.296724, 11.403029], [-10.300256, 11.379784], [-10.320381, 11.37035], [-10.333165, 11.373551], [-10.331524, 11.381564], [-10.322949, 11.390459], [-10.317323, 11.405024], [-10.321229, 11.430617], [-10.325213, 11.423773], [-10.329144, 11.401038], [-10.335841, 11.394531], [-10.345914, 11.407915], [-10.351618, 11.401659], [-10.3544, 11.381751], [-10.345026, 11.368221], [-10.352111, 11.35504], [-10.361006, 11.348068], [-10.380228, 11.322627], [-10.410721, 11.312785], [-10.445804, 11.310573], [-10.468367, 11.303205], [-10.475761, 11.29452], [-10.47628, 11.285492], [-10.468238, 11.274326], [-10.443231, 11.255601], [-10.512555, 11.197074], [-10.537279, 11.186371], [-10.568904, 11.183158], [-10.589711, 11.183721], [-10.626032, 11.191327], [-10.644987, 11.199209], [-10.633866, 11.179121], [-10.652792, 11.184317], [-10.663143, 11.183478], [-10.6593, 11.174793], [-10.666079, 11.173542], [-10.665143, 11.154693], [-10.68984, 11.163405], [-10.690035, 11.158725], [-10.703451, 11.154657], [-10.715937, 11.140283], [-10.720925, 11.144409], [-10.720635, 11.13326], [-10.725499, 11.129346], [-10.714482, 11.093105], [-10.71814, 11.058776], [-10.737254, 11.05058], [-10.746317, 11.030367], [-10.773311, 11.014308], [-10.791086, 10.999675], [-10.795371, 10.992257], [-10.794014, 10.987701], [-10.798968, 10.982488], [-10.798039, 10.955658], [-10.80984, 10.945749], [-10.817568, 10.933999], [-10.815442, 10.929912], [-10.83678, 10.921944], [-10.842765, 10.914768], [-10.856031, 10.909123], [-10.868727, 10.907297], [-10.877654, 10.895732], [-10.892172, 10.894022], [-10.90851, 10.879839], [-10.908789, 10.875836], [-10.897558, 10.864208], [-10.864787, 10.853049], [-10.832851, 10.830685], [-10.806734, 10.816934], [-10.747514, 10.799905], [-10.732803, 10.792615], [-10.694863, 10.765576], [-10.673228, 10.736987], [-10.668939, 10.735324], [-10.618356, 10.744605], [-10.586504, 10.740118], [-10.554046, 10.756337], [-10.511689, 10.760641], [-10.495061, 10.701253], [-10.461499, 10.641756], [-10.455165, 10.614541], [-10.447493, 10.556912], [-10.467524, 10.545494], [-10.467331, 10.531563], [-10.443691, 10.524135], [-10.4314, 10.515568], [-10.414233, 10.512075], [-10.401124, 10.547027], [-10.385791, 10.527908], [-10.37721, 10.539827], [-10.352082, 10.531481], [-10.354327, 10.512033], [-10.337253, 10.510051], [-10.332073, 10.528579], [-10.310446, 10.538883], [-10.295072, 10.555314], [-10.292522, 10.550606], [-10.292883, 10.527059], [-10.27751, 10.521096], [-10.237845, 10.519789], [-10.221037, 10.527606], [-10.212892, 10.524626], [-10.219405, 10.515465], [-10.2337, 10.510513], [-10.232228, 10.501363], [-10.237094, 10.484747], [-10.22591, 10.489142], [-10.214173, 10.48503], [-10.193559, 10.445022], [-10.18713, 10.448089], [-10.195246, 10.461526], [-10.180617, 10.473329], [-10.180024, 10.487934], [-10.175376, 10.488358], [-10.167257, 10.482565], [-10.153508, 10.495158], [-10.145419, 10.537064], [-10.138199, 10.536062], [-10.137974, 10.526723], [-10.132022, 10.513779], [-10.133125, 10.506488], [-10.139499, 10.498518], [-10.109886, 10.492738], [-10.118623, 10.48079], [-10.116941, 10.456064], [-10.123337, 10.453216], [-10.140076, 10.463432], [-10.150614, 10.461893], [-10.154123, 10.45203], [-10.145861, 10.421644], [-10.129367, 10.425451], [-10.125219, 10.414659], [-10.135085, 10.401839], [-10.145808, 10.401163], [-10.152938, 10.407434], [-10.151802, 10.390782], [-10.161434, 10.375256], [-10.153595, 10.36564], [-10.157058, 10.354117], [-10.169275, 10.352353], [-10.166919, 10.340936], [-10.179776, 10.327016], [-10.195795, 10.324578], [-10.221473, 10.337733], [-10.239447, 10.338562], [-10.241262, 10.327518], [-10.226878, 10.319384], [-10.22571, 10.303886], [-10.236491, 10.29286], [-10.235956, 10.288106], [-10.225697, 10.293213], [-10.236794, 10.255649], [-10.201884, 10.20617], [-10.220493, 10.179196], [-10.237341, 10.175491], [-10.228554, 10.158238], [-10.254984, 10.154582], [-10.259376, 10.147274], [-10.253231, 10.139305], [-10.265748, 10.125313], [-10.28037, 10.123638], [-10.285574, 10.110518], [-10.305139, 10.095111], [-10.323269, 10.100806], [-10.329524, 10.078449], [-10.320761, 10.058456], [-10.327377, 10.042767], [-10.349704, 10.020272], [-10.361583, 10.001992], [-10.359644, 9.986645], [-10.34604, 9.962825], [-10.334315, 9.91159], [-10.327657, 9.8949], [-10.341554, 9.881692], [-10.340385, 9.874089], [-10.350607, 9.864149], [-10.368863, 9.864414], [-10.372696, 9.852618], [-10.375118, 9.817268], [-10.368922, 9.805481], [-10.366805, 9.782994], [-10.387735, 9.774826], [-10.393401, 9.760512], [-10.404895, 9.757664], [-10.414239, 9.734135], [-10.409755, 9.698576], [-10.403166, 9.695696], [-10.403403, 9.654628], [-10.411667, 9.626779], [-10.425363, 9.612595], [-10.428198, 9.594909], [-10.421201, 9.583091], [-10.418876, 9.561766], [-10.404165, 9.569407], [-10.383373, 9.563364], [-10.369094, 9.547032], [-10.342741, 9.542492], [-10.325503, 9.547147], [-10.294868, 9.54363], [-10.281655, 9.546202], [-10.265478, 9.559889], [-10.241868, 9.57162], [-10.225797, 9.590115], [-10.216348, 9.615742], [-10.201153, 9.626147], [-10.179327, 9.653795], [-10.172107, 9.682624], [-10.160642, 9.699254], [-10.144857, 9.700256], [-10.107299, 9.671263], [-10.099509, 9.650505], [-10.099004, 9.634766], [-10.09392, 9.624313], [-10.066249, 9.610024], [-10.044165, 9.622799], [-10.025551, 9.644676], [-10.00478, 9.658432], [-9.975295, 9.668038], [-9.927814, 9.65482], [-9.894116, 9.629501], [-9.879618, 9.629509], [-9.871655, 9.612496], [-9.885334, 9.592559], [-9.869864, 9.578172], [-9.859305, 9.560577], [-9.871204, 9.558969], [-9.850937, 9.548338], [-9.829697, 9.526555], [-9.673453, 9.471763], [-9.651335, 9.458421], [-9.640428, 9.43936], [-9.626435, 9.426747], [-9.622718, 9.399673], [-9.606977, 9.379303], [-9.597887, 9.355607], [-9.604903, 9.341324], [-9.631456, 9.326393], [-9.646601, 9.307849], [-9.652036, 9.296627], [-9.648987, 9.283909], [-9.649629, 9.253117], [-9.660368, 9.241604], [-9.681066, 9.244161], [-9.709568, 9.237896], [-9.739653, 9.225399], [-9.746353, 9.197779], [-9.725069, 9.175986], [-9.720408, 9.164143], [-9.722595, 9.146616], [-9.71874, 9.134736], [-9.670935, 9.123067], [-9.66071, 9.115885], [-9.660585, 9.10397], [-9.665462, 9.097339], [-9.675747, 9.090891], [-9.706618, 9.081968], [-9.719063, 9.073735], [-9.719405, 9.065536], [-9.715658, 9.05515], [-9.697972, 9.030368], [-9.658547, 9.021904], [-9.640548, 9.010784], [-9.628814, 8.992269], [-9.62728, 8.97361], [-9.634011, 8.951747], [-9.654939, 8.936408], [-9.62014, 8.891243], [-9.613443, 8.874721]]]}}, {"type": "Feature", "properties": {"name": "Kindia", "country": "GIN"}, "geometry": {"type": "MultiPolygon", "coordinates": [[[[-13.320146560999945, 9.147760391000077], [-13.324099541999942, 9.151412010000058], [-13.318594933999975, 9.157881736000036], [-13.319768904999933, 9.160632134000025], [-13.326887131999968, 9.153002739000044], [-13.325686454999982, 9.146346094000023], [-13.320146560999945, 9.147760391000077]]], [[[-13.42178630899997, 9.266136169000049], [-13.421375275999935, 9.273493766000058], [-13.43411922499996, 9.276394845000027], [-13.435683249999954, 9.26856994600007], [-13.428024291999975, 9.264945031000025], [-13.42178630899997, 9.266136169000049]]], [[[-13.765042304999952, 9.82403659800002], [-13.751941679999959, 9.837705612000036], [-13.731007576999957, 9.85091972400005], [-13.778575897999929, 9.834733963000076], [-13.784903526999926, 9.81514072400006], [-13.778790473999948, 9.804614067000045], [-13.770673751999936, 9.80421924600006], [-13.765042304999952, 9.82403659800002]]], [[[-13.69743919399997, 9.892164230000049], [-13.686642647999975, 9.907049179000069], [-13.688855171999933, 9.920511246000046], [-13.696384430999956, 9.905278206000048], [-13.698401450999938, 9.896525384000029], [-13.69743919399997, 9.892164230000049]]], [[[-13.684244900999943, 9.938126703000023], [-13.681314468999972, 9.934595109000043], [-13.685007095999936, 9.932268143000044], [-13.684067725999967, 9.901694298000052], [-13.70174312699993, 9.87948513200007], [-13.711317062999967, 9.859177589000069], [-13.72049427099995, 9.847380638000061], [-13.739615440999955, 9.832745553000052], [-13.74875545499998, 9.816578865000054], [-13.750568390999945, 9.811506273000077], [-13.747578619999956, 9.806096077000063], [-13.759395598999959, 9.78568649400006], [-13.755065917999957, 9.76640796700002], [-13.730796813999973, 9.745908738000026], [-13.698994636999942, 9.739029886000026], [-13.68927001999998, 9.740024566000045], [-13.650351524999962, 9.771129608000024], [-13.639847755999938, 9.79121017400007], [-13.64410591199993, 9.802213669000025], [-13.653897284999971, 9.80949687900005], [-13.663812638999957, 9.822834015000069], [-13.66343212199996, 9.829573631000073], [-13.65678119699993, 9.82684421600004], [-13.65211009899997, 9.818017960000077], [-13.638852119999967, 9.812140464000038], [-13.625102996999942, 9.821993828000075], [-13.632072448999963, 9.80483341200005], [-13.630185126999947, 9.80047988900003], [-13.611611365999977, 9.797761918000049], [-13.62245368999993, 9.789731026000027], [-13.619342804999974, 9.777110100000073], [-13.596080780999955, 9.765787124000042], [-13.56820487899995, 9.770332336000024], [-13.569869278999931, 9.765095710000026], [-13.55924, 9.77754], [-13.55977, 9.78286], [-13.55538, 9.78739], [-13.55285, 9.78326], [-13.56469, 9.7564], [-13.5627, 9.75028], [-13.54767, 9.74004], [-13.53703, 9.74257], [-13.50152, 9.73698], [-13.47744, 9.74323], [-13.47518, 9.72195], [-13.49886, 9.69548], [-13.49979, 9.6887], [-13.49487, 9.67806], [-13.46002, 9.64734], [-13.46029, 9.63656], [-13.46627, 9.62433], [-13.49048, 9.60026], [-13.50298, 9.57459], [-13.49952, 9.55158], [-13.4958, 9.55038], [-13.493, 9.54213], [-13.50019, 9.52258], [-13.507370925999965, 9.514476061000039], [-13.504186630999982, 9.510991097000044], [-13.521415709999928, 9.47654056700003], [-13.517338751999944, 9.457393646000071], [-13.511464118999982, 9.44548225400007], [-13.474379539999973, 9.40666675600005], [-13.466962813999942, 9.405109406000065], [-13.446651458999952, 9.412834168000074], [-13.424079895999967, 9.410198212000068], [-13.42013454399995, 9.399060250000048], [-13.424539565999964, 9.395056725000074], [-13.432566642999973, 9.351791382000044], [-13.427157401999978, 9.339416505000031], [-13.427566528999932, 9.331829072000062], [-13.411601066999935, 9.298380852000037], [-13.409696578999956, 9.290579795000042], [-13.412625313999968, 9.279298783000058], [-13.397079467999959, 9.27250766700007], [-13.384615897999936, 9.276727676000064], [-13.370705603999966, 9.272223474000043], [-13.357077598999979, 9.275299072000053], [-13.35581207399997, 9.293463707000058], [-13.352375030999951, 9.29831314200004], [-13.354527472999962, 9.308871271000044], [-13.344973564999975, 9.333065988000044], [-13.324626923999972, 9.338552476000075], [-13.319654465999974, 9.32552051500005], [-13.32845115699996, 9.318922996000026], [-13.32978153199997, 9.310409546000074], [-13.324157714999956, 9.299414636000051], [-13.32711124399998, 9.291351319000057], [-13.322078703999978, 9.264953614000035], [-13.323898314999951, 9.260345459000064], [-13.309889794999947, 9.240670204000025], [-13.32001495299994, 9.197859764000043], [-13.318820953999932, 9.192122459000075], [-13.312047005999943, 9.19092369200007], [-13.325907707999932, 9.179667474000041], [-13.310031890999937, 9.156786920000059], [-13.280406951999964, 9.152607918000058], [-13.27401733399995, 9.165746690000049], [-13.270494460999942, 9.19311523500005], [-13.260532379999972, 9.190420152000058], [-13.25804233499997, 9.162628175000066], [-13.251594543999943, 9.166804314000046], [-13.248967170999947, 9.144482612000047], [-13.265497207999942, 9.135235788000045], [-13.275790214999972, 9.117936135000036], [-13.293026924999936, 9.101972581000041], [-13.29365444299998, 9.091857911000034], [-13.304427146999956, 9.077772142000072], [-13.310674666999944, 9.078651428000057], [-13.323564528999952, 9.070297242000038], [-13.321417980999968, 9.057907758000056], [-13.307630539999934, 9.037538529000074], [-13.26787, 9.067410001000042], [-13.24758, 9.07513], [-13.20687000099997, 9.07265], [-13.174160000999962, 9.0924], [-13.163060000999963, 9.09155], [-13.151460000999975, 9.08588], [-13.12306, 9.0578], [-13.10751000099998, 9.049630001000025], [-13.087620000999948, 9.04837], [-13.06938, 9.052160001000061], [-13.05832, 9.058430001000033], [-13.05085, 9.08261], [-13.03608, 9.08821], [-13.01851, 9.08763], [-13.01182, 9.09088], [-13.00215, 9.09737], [-12.99161, 9.11283], [-12.98086, 9.132430001000046], [-12.97023, 9.171780001000059], [-12.95619, 9.1822], [-12.95415, 9.1898], [-12.961531, 9.238001], [-12.94381, 9.27558], [-12.93508, 9.28665], [-12.91654, 9.28263], [-12.900740000999974, 9.27099], [-12.893100000999937, 9.270340001000022], [-12.88111, 9.277990001000035], [-12.87636, 9.29664], [-12.8729, 9.298260001000074], [-12.868250000999979, 9.2953], [-12.85715000099998, 9.29582], [-12.8408, 9.28531], [-12.831340000999944, 9.2911], [-12.81212, 9.28682], [-12.8066, 9.29351], [-12.78951000099994, 9.300710001000027], [-12.789570000999959, 9.31266], [-12.781520000999933, 9.32396], [-12.77698, 9.34260000100005], [-12.756850000999975, 9.342230001000075], [-12.75087, 9.34961000100003], [-12.75817000099994, 9.37693], [-12.75776, 9.388420001000043], [-12.752240000999961, 9.396490001000075], [-12.724000000999979, 9.39523], [-12.712170000999947, 9.38953], [-12.70879, 9.41093], [-12.70349, 9.415540001000068], [-12.698400000999982, 9.41626], [-12.69119, 9.40801], [-12.6868, 9.40918], [-12.68338, 9.421140001000026], [-12.6855, 9.43079], [-12.67997, 9.43518], [-12.68393, 9.44298], [-12.67847, 9.463690001000032], [-12.67269, 9.466930001000037], [-12.67203000099994, 9.47544], [-12.65065, 9.508852], [-12.651180000999943, 9.524480001000029], [-12.66047, 9.53203], [-12.657490000999928, 9.539160001000027], [-12.64803, 9.54794], [-12.63437000099998, 9.54822], [-12.63277, 9.55260000100003], [-12.636290000999963, 9.56546], [-12.630760000999942, 9.57214], [-12.62115, 9.60115], [-12.614920000999973, 9.606230001000029], [-12.591740000999948, 9.59988], [-12.58536, 9.62887], [-12.59149, 9.65413], [-12.58712, 9.66311], [-12.583190000999934, 9.663590001000046], [-12.57853, 9.65809], [-12.575530000999947, 9.659940001000052], [-12.56797, 9.68387], [-12.56666, 9.702730001000077], [-12.5567, 9.70346], [-12.536140000999978, 9.720540001000074], [-12.525660000999949, 9.70587], [-12.51941, 9.70727], [-12.519200000999945, 9.71416], [-12.52809, 9.73643], [-12.523020000999963, 9.74335], [-12.50911, 9.74294], [-12.50727, 9.745930001000033], [-12.51866, 9.756470001000025], [-12.51243, 9.76339], [-12.511320000999945, 9.77512], [-12.501400000999979, 9.78917], [-12.50031, 9.808020001000045], [-12.49128000099995, 9.811280001000057], [-12.49017, 9.826000001000068], [-12.499470000999963, 9.83217], [-12.49901, 9.84365], [-12.4801, 9.85547], [-12.456900000999951, 9.854640001000064], [-12.43174, 9.881630001000076], [-12.28921, 9.90882], [-12.22711, 9.92465], [-12.21526, 9.91871], [-12.20502000099998, 9.907020001000035], [-12.17738, 9.897440001000064], [-12.14826785699995, 9.877636538000047], [-12.15875, 9.93462], [-12.16766, 9.95324], [-12.17271, 9.97518], [-12.1642, 9.99952], [-12.13827, 10.00777], [-12.12842, 10.02492], [-12.1251, 10.03862], [-12.13348, 10.07693], [-12.15675, 10.12574], [-12.16513, 10.13585], [-12.18601, 10.15101], [-12.19506, 10.18253], [-12.21767, 10.20487], [-12.22711, 10.22589], [-12.23004, 10.27071], [-12.25863, 10.27816], [-12.28443, 10.27536], [-12.33245, 10.28667], [-12.34295, 10.28427], [-12.3621, 10.26525], [-12.40147, 10.26885], [-12.4185, 10.2739], [-12.42289, 10.30183], [-12.4314, 10.31899], [-12.43938, 10.32218], [-12.44323, 10.35969], [-12.44204, 10.36673], [-12.42727, 10.38389], [-12.40959, 10.45358], [-12.39562, 10.47061], [-12.40134, 10.48524], [-12.40985, 10.49056], [-12.41956, 10.49189], [-12.42767, 10.50027], [-12.44417, 10.50013], [-12.45161, 10.50612], [-12.44457, 10.52726], [-12.45773, 10.54402], [-12.46664, 10.54934], [-12.49072, 10.54775], [-12.50654, 10.5649], [-12.50747, 10.60507], [-12.49245, 10.61864], [-12.50375, 10.63553], [-12.51732, 10.63021], [-12.52397, 10.62209], [-12.53394, 10.61983], [-12.55921, 10.60268], [-12.57251, 10.58339], [-12.58315, 10.58007], [-12.60669, 10.56198], [-12.61773, 10.55666], [-12.63742, 10.55892], [-12.64965, 10.55307], [-12.68636, 10.51982], [-12.69873, 10.5121], [-12.70059, 10.50559], [-12.71589, 10.49042], [-12.72586, 10.4847], [-12.74514, 10.48125], [-12.75352, 10.48776], [-12.75845, 10.49827], [-12.7651, 10.49574], [-12.78012, 10.51662], [-12.79741, 10.51676], [-12.8038, 10.52647], [-12.81577, 10.53338], [-12.85434, 10.53086], [-12.87269, 10.54456], [-12.8816, 10.54682], [-12.91671, 10.51569], [-12.9227, 10.51343], [-12.94704, 10.51796], [-12.95462, 10.55892], [-12.96167, 10.56956], [-12.97391, 10.57701], [-12.98175, 10.60281], [-12.97124, 10.61212], [-12.96872, 10.60613], [-12.96393, 10.60587], [-12.95808, 10.62901], [-12.94052, 10.65761], [-12.94278, 10.66319], [-12.95302, 10.66638], [-12.95302, 10.68806], [-12.93573, 10.71506], [-12.93081, 10.72903], [-12.95515, 10.75775], [-12.9622, 10.79606], [-12.95688, 10.80377], [-12.96353, 10.80949], [-12.96659, 10.81973], [-12.95888, 10.84527], [-12.96034, 10.86509], [-12.9477, 10.89714], [-12.94518, 10.93584], [-12.93294, 10.95473], [-12.90754, 10.96364], [-12.90089, 10.97508], [-12.89943, 10.98665], [-12.88972, 10.99702], [-12.86006, 11.00912], [-12.85394, 11.03054], [-12.84543, 11.02947], [-12.82707, 11.0175], [-12.81005, 11.07642], [-12.79582, 11.08347], [-12.7893, 11.09291], [-12.78877, 11.11114], [-12.79688, 11.11699], [-12.83718, 11.12736], [-12.84755, 11.13907], [-12.85899, 11.14412], [-12.87083, 11.14359], [-12.87974, 11.13946], [-12.89291, 11.12138], [-12.911, 11.10555], [-12.92563, 11.09863], [-12.95249, 11.10542], [-12.95888, 11.11114], [-12.9618, 11.12284], [-12.96127, 11.15542], [-12.9751, 11.18322], [-13.002244, 11.190966], [-13.016694, 11.187098], [-13.022605, 11.189677], [-13.039682, 11.183875], [-13.064641, 11.187098], [-13.100765, 11.174205], [-13.118499, 11.178073], [-13.129008, 11.172916], [-13.135576, 11.164536], [-13.187464, 11.139395], [-13.220961, 11.132948], [-13.19735, 11.06472], [-13.215526, 11.05891], [-13.232541, 11.099563], [-13.233917, 11.143819], [-13.25906, 11.18229], [-13.26424, 11.22937], [-13.27209, 11.26382], [-13.28233, 11.27925], [-13.28286, 11.28922], [-13.2673, 11.32992], [-13.27568, 11.34521], [-13.28379, 11.34827], [-13.31399, 11.34694], [-13.32516, 11.33923], [-13.34817, 11.33737], [-13.36971, 11.32367], [-13.39379, 11.31409], [-13.41573, 11.2964], [-13.42996, 11.29135], [-13.44725, 11.29148], [-13.44991, 11.30625], [-13.42943, 11.35838], [-13.43621, 11.37314], [-13.443, 11.37807], [-13.46946, 11.3782], [-13.47997, 11.37394], [-13.52772, 11.38166], [-13.55605, 11.38299], [-13.57679, 11.38006], [-13.59754, 11.35679], [-13.63558, 11.33285], [-13.68572, 11.32753], [-13.70275, 11.33723], [-13.73865, 11.33444], [-13.75355, 11.32487], [-13.79611, 11.30851], [-13.81766, 11.29295], [-13.83242, 11.29122], [-13.84293, 11.29667], [-13.84186, 11.28802], [-13.83082, 11.28084], [-13.82856, 11.2706], [-13.81021, 11.26515], [-13.80821, 11.25743], [-13.79997, 11.24999], [-13.79318, 11.25198], [-13.78161, 11.23669], [-13.7735, 11.23389], [-13.77217, 11.21966], [-13.78853, 11.19812], [-13.78068, 11.19333], [-13.75741, 11.19], [-13.74677, 11.17684], [-13.74012, 11.1517], [-13.7457, 11.13534], [-13.74398, 11.11965], [-13.76273, 11.09358], [-13.79837, 11.08015], [-13.80063, 11.05315], [-13.80835, 11.05421], [-13.81646, 11.04942], [-13.81832, 11.03626], [-13.7727, 10.98186], [-13.76938, 10.97454], [-13.77377, 10.95792], [-13.77004, 10.96364], [-13.76898, 10.9534], [-13.77696, 10.93744], [-13.8118, 10.91124], [-13.85184, 10.8986], [-13.87498, 10.87825], [-13.9198, 10.86189], [-13.92765, 10.8462], [-13.93084, 10.82665], [-13.97167, 10.76427], [-13.97726, 10.73993], [-13.98072, 10.73568], [-13.97925, 10.72011], [-13.97101, 10.72078], [-13.95717, 10.70987], [-13.91887, 10.66559], [-13.9065, 10.66279], [-13.89892, 10.66997], [-13.90437, 10.68128], [-13.90358, 10.68593], [-13.89945, 10.68806], [-13.88602, 10.68154], [-13.88083, 10.68487], [-13.8787, 10.71586], [-13.87485, 10.72663], [-13.867, 10.73607], [-13.86168, 10.73927], [-13.84785, 10.73169], [-13.82803, 10.72943], [-13.82072, 10.73302], [-13.81566, 10.74113], [-13.80396, 10.74126], [-13.79491, 10.75563], [-13.78161, 10.75257], [-13.76366, 10.72956], [-13.75196, 10.7249], [-13.72243, 10.72996], [-13.71604, 10.7261], [-13.70806, 10.6975], [-13.69809, 10.7011], [-13.68373, 10.69471], [-13.68679, 10.68793], [-13.68426, 10.68314], [-13.67974, 10.68221], [-13.66817, 10.66612], [-13.65247, 10.66825], [-13.59967, 10.71147], [-13.59914, 10.71573], [-13.56802, 10.74086], [-13.51748, 10.79021], [-13.49207, 10.80337], [-13.47944, 10.8047], [-13.466, 10.80164], [-13.4688, 10.79978], [-13.46467, 10.7918], [-13.45191, 10.7785], [-13.44007, 10.77292], [-13.43648, 10.76148], [-13.43568, 10.73754], [-13.44619, 10.71852], [-13.443955, 10.683503], [-13.432226, 10.682461], [-13.42291, 10.687692], [-13.41559, 10.687692], [-13.401615, 10.697501], [-13.394295, 10.698155], [-13.383648, 10.685077], [-13.367012, 10.681807], [-13.35083, 10.66053], [-13.35708, 10.64484], [-13.37277, 10.6314], [-13.37211, 10.62755], [-13.37743, 10.61983], [-13.38607, 10.61491], [-13.40057, 10.59656], [-13.40323, 10.58406], [-13.38461, 10.56158], [-13.400655, 10.506124], [-13.416555, 10.491611], [-13.432455, 10.496635], [-13.441541, 10.495518], [-13.461984, 10.475981], [-13.485266, 10.478772], [-13.497191, 10.462584], [-13.497759, 10.452537], [-13.508549, 10.452537], [-13.519265, 10.427787], [-13.49899, 10.40304], [-13.49925, 10.39639], [-13.50324, 10.39307], [-13.50311, 10.38229], [-13.522, 10.35835], [-13.54142, 10.34705], [-13.55059, 10.33734], [-13.55738, 10.31008], [-13.58331, 10.25794], [-13.60898, 10.25049], [-13.62494, 10.25222], [-13.64236, 10.26299], [-13.65486, 10.2759], [-13.66524, 10.27895], [-13.672283, 10.289232], [-13.692853, 10.276664], [-13.719913, 10.270005], [-13.731188, 10.276664], [-13.76799, 10.278844], [-13.77097, 10.26286], [-13.80941, 10.22309], [-13.81486, 10.19955], [-13.83535, 10.1663], [-13.86328, 10.15048], [-13.87032, 10.1526], [-13.90637, 10.12414], [-13.9065, 10.10871], [-13.84239, 10.03197], [-13.80382, 10.00524], [-13.74038, 9.97332], [-13.72216, 9.97133], [-13.70075, 9.96428], [-13.692985, 9.957999], [-13.687215, 9.960356], [-13.67751, 9.956395], [-13.684244900999943, 9.938126703000023]]]]}}, {"type": "Feature", "properties": {"name": "Mamou", "country": "GIN"}, "geometry": {"type": "Polygon", "coordinates": [[[-11.33679, 11.267492], [-11.351735, 11.269197], [-11.346205, 11.256327], [-11.392833, 11.269235], [-11.385701, 11.232192], [-11.446657, 11.21746], [-11.464152, 11.205182], [-11.505549, 11.185381], [-11.561153, 11.109854], [-11.595149, 11.084427], [-11.612066, 11.077683], [-11.623857, 11.075076], [-11.643289, 11.084188], [-11.649534, 11.081186], [-11.673587, 11.053463], [-11.6884, 11.041269], [-11.704262, 11.033676], [-11.708509, 11.019721], [-11.742933, 10.987454], [-11.75292, 10.993191], [-11.804864, 10.998608], [-11.832179, 11.007485], [-11.863128, 11.025533], [-11.882211, 11.052194], [-11.894885, 11.084886], [-11.895148, 11.099789], [-11.88957, 11.118633], [-11.878417, 11.145535], [-11.871811, 11.144921], [-11.878873, 11.17787], [-11.895959, 11.195443], [-11.913915, 11.204716], [-11.961561, 11.218371], [-11.971741, 11.23212], [-11.981293, 11.256465], [-11.996509, 11.260015], [-12.002724, 11.278854], [-12.011669, 11.290911], [-12.031711, 11.28821], [-12.050551, 11.29792], [-12.099031, 11.292821], [-12.120216, 11.286799], [-12.13413, 11.273539], [-12.149711, 11.21729], [-12.162137, 11.191936], [-12.208362, 11.163423], [-12.218216, 11.152644], [-12.237322, 11.143505], [-12.244725, 11.148947], [-12.264897, 11.18538], [-12.27695, 11.192901], [-12.292541, 11.193668], [-12.324925, 11.18155], [-12.367765, 11.173827], [-12.395286, 11.181231], [-12.404497, 11.163651], [-12.412519, 11.157843], [-12.416341, 11.141857], [-12.424725, 11.131298], [-12.435328, 11.135766], [-12.445072, 11.145472], [-12.46439, 11.147669], [-12.479699, 11.155647], [-12.496686, 11.20892], [-12.497381, 11.224402], [-12.502151, 11.232116], [-12.50342, 11.25726], [-12.49645, 11.273662], [-12.497011, 11.285766], [-12.507665, 11.295867], [-12.522952, 11.292936], [-12.528931, 11.305918], [-12.540603, 11.315651], [-12.553287, 11.316682], [-12.563394, 11.323236], [-12.568182, 11.337719], [-12.580868, 11.337872], [-12.5961, 11.329916], [-12.624381, 11.322968], [-12.63725, 11.328538], [-12.64641, 11.316378], [-12.656265, 11.315841], [-12.660139, 11.311428], [-12.647064, 11.299899], [-12.655863, 11.281602], [-12.66528, 11.271289], [-12.679348, 11.262724], [-12.701305, 11.258387], [-12.708071, 11.240936], [-12.728187, 11.235546], [-12.731237, 11.231785], [-12.7328, 11.213266], [-12.741048, 11.213193], [-12.755131, 11.196395], [-12.758984, 11.164609], [-12.763867, 11.149891], [-12.776063, 11.132951], [-12.77761, 11.12397], [-12.78877, 11.11114], [-12.7893, 11.09291], [-12.79582, 11.08347], [-12.81005, 11.07642], [-12.82707, 11.0175], [-12.84543, 11.02947], [-12.85394, 11.03054], [-12.86006, 11.00912], [-12.88972, 10.99702], [-12.89943, 10.98665], [-12.90089, 10.97508], [-12.90754, 10.96364], [-12.93294, 10.95473], [-12.94518, 10.93584], [-12.9477, 10.89714], [-12.96034, 10.86509], [-12.95888, 10.84527], [-12.96659, 10.81973], [-12.96353, 10.80949], [-12.95688, 10.80377], [-12.9622, 10.79606], [-12.95515, 10.75775], [-12.93081, 10.72903], [-12.93573, 10.71506], [-12.95302, 10.68806], [-12.95302, 10.66638], [-12.94278, 10.66319], [-12.94052, 10.65761], [-12.95808, 10.62901], [-12.96393, 10.60587], [-12.96872, 10.60613], [-12.97124, 10.61212], [-12.98175, 10.60281], [-12.97909, 10.58791], [-12.97391, 10.57701], [-12.96167, 10.56956], [-12.95462, 10.55892], [-12.94704, 10.51796], [-12.9227, 10.51343], [-12.91671, 10.51569], [-12.8816, 10.54682], [-12.87269, 10.54456], [-12.85434, 10.53086], [-12.81577, 10.53338], [-12.8038, 10.52647], [-12.79741, 10.51676], [-12.78012, 10.51662], [-12.7651, 10.49574], [-12.75845, 10.49827], [-12.75352, 10.48776], [-12.74514, 10.48125], [-12.72586, 10.4847], [-12.71589, 10.49042], [-12.70059, 10.50559], [-12.69873, 10.5121], [-12.68636, 10.51982], [-12.64965, 10.55307], [-12.63742, 10.55892], [-12.61773, 10.55666], [-12.60669, 10.56198], [-12.58315, 10.58007], [-12.57251, 10.58339], [-12.55921, 10.60268], [-12.53394, 10.61983], [-12.52397, 10.62209], [-12.51732, 10.63021], [-12.50375, 10.63553], [-12.49245, 10.61864], [-12.50747, 10.60507], [-12.50654, 10.5649], [-12.49072, 10.54775], [-12.46664, 10.54934], [-12.45773, 10.54402], [-12.44457, 10.52726], [-12.45161, 10.50612], [-12.44417, 10.50013], [-12.42767, 10.50027], [-12.41956, 10.49189], [-12.40985, 10.49056], [-12.40134, 10.48524], [-12.39562, 10.47061], [-12.40959, 10.45358], [-12.42727, 10.38389], [-12.44204, 10.36673], [-12.44323, 10.35969], [-12.43938, 10.32218], [-12.4314, 10.31899], [-12.42289, 10.30183], [-12.4185, 10.2739], [-12.40147, 10.26885], [-12.3621, 10.26525], [-12.34295, 10.28427], [-12.33245, 10.28667], [-12.28443, 10.27536], [-12.25863, 10.27816], [-12.23004, 10.27071], [-12.22711, 10.22589], [-12.21767, 10.20487], [-12.19506, 10.18253], [-12.18601, 10.15101], [-12.16513, 10.13585], [-12.15675, 10.12574], [-12.14651, 10.09967], [-12.1384, 10.0889], [-12.1251, 10.03862], [-12.12842, 10.02492], [-12.13827, 10.00777], [-12.1642, 9.99952], [-12.17271, 9.97518], [-12.16766, 9.95324], [-12.15875, 9.93462], [-12.14826785699995, 9.877636538000047], [-12.141820000999928, 9.874320001000058], [-12.120023341999968, 9.871849759000042], [-11.906580000999952, 9.93581], [-11.89825, 9.94571], [-11.89139, 9.98619], [-11.88585, 9.997462], [-11.477589, 9.999689], [-11.468743, 10.020226], [-11.470417, 10.054955], [-11.437963, 10.08338], [-11.430279, 10.111878], [-11.410196, 10.14299], [-11.395053, 10.181987], [-11.387933, 10.21066], [-11.391767, 10.239716], [-11.381208, 10.25911], [-11.376092, 10.285442], [-11.378827, 10.334705], [-11.398645, 10.451565], [-11.442444, 10.457434], [-11.488621, 10.485077], [-11.507014, 10.491986], [-11.527931, 10.492234], [-11.526832, 10.515712], [-11.515156, 10.559849], [-11.519142, 10.570681], [-11.507414, 10.607686], [-11.492074, 10.612541], [-11.478932, 10.637699], [-11.479061, 10.665], [-11.462111, 10.682072], [-11.458232, 10.702755], [-11.448311, 10.72396], [-11.461384, 10.732516], [-11.446132, 10.764601], [-11.448311, 10.794547], [-11.437417, 10.826632], [-11.457027, 10.850161], [-11.498424, 10.877968], [-11.524458, 10.876288], [-11.5258, 10.905738], [-11.508673, 10.94322], [-11.454077, 10.993466], [-11.417321, 10.983411], [-11.380541, 10.968629], [-11.350145, 10.971423], [-11.314717, 10.984164], [-11.278331, 10.989641], [-11.15547, 11.055242], [-11.137166, 11.074795], [-11.208031, 11.100461], [-11.231347, 11.118629], [-11.254607, 11.147399], [-11.279045, 11.141022], [-11.306745, 11.178142], [-11.320935, 11.227322], [-11.33679, 11.267492]]]}}, {"type": "Feature", "properties": {"name": "Nzerekore", "country": "GIN"}, "geometry": {"type": "Polygon", "coordinates": [[[-10.599706, 9.058478], [-10.5848, 9.0432], [-10.58359, 9.036372], [-10.58619, 9.016176], [-10.59432, 9.003337], [-10.598349938999945, 8.973710441000037], [-10.595, 8.937860001000047], [-10.59202, 8.932561], [-10.596089912999958, 8.889610537000067], [-10.58338, 8.821563], [-10.5869, 8.804345], [-10.576300000999936, 8.79811], [-10.56705, 8.80106], [-10.56269, 8.793693], [-10.53575, 8.77246], [-10.52749, 8.75704], [-10.52318, 8.737496], [-10.5114, 8.738831], [-10.51026, 8.73538], [-10.517657602999975, 8.729896776000032], [-10.50686, 8.71538], [-10.510348611999973, 8.709422371000073], [-10.49399, 8.70201], [-10.48457, 8.68934], [-10.48276, 8.680145], [-10.47514, 8.680804], [-10.46939, 8.67458], [-10.481709299999977, 8.652348694000068], [-10.47850000099993, 8.64636], [-10.48176, 8.637876], [-10.4984, 8.631278], [-10.50212, 8.62463], [-10.515760000999933, 8.618020001000048], [-10.52294, 8.610238], [-10.53101000099997, 8.61302], [-10.54417, 8.611690001000056], [-10.56638000099997, 8.595690001000037], [-10.57953, 8.59574], [-10.582309877999933, 8.591388191000021], [-10.58307, 8.571637], [-10.59486, 8.564558], [-10.6023, 8.549655], [-10.62239, 8.541684], [-10.632890000999964, 8.50428], [-10.630630000999929, 8.49072], [-10.63823, 8.493735], [-10.63942, 8.483175], [-10.64959, 8.476318], [-10.65176, 8.44509000100004], [-10.65712967199994, 8.42421127800003], [-10.65347, 8.416162], [-10.6531, 8.38791], [-10.69607, 8.359575], [-10.70191, 8.332956], [-10.71628, 8.30476], [-10.712200000999928, 8.282470001000036], [-10.71892, 8.27101], [-10.7007, 8.273252], [-10.69762, 8.303322], [-10.69138000099997, 8.307900001000064], [-10.68788000099994, 8.32258], [-10.673990000999936, 8.34091], [-10.5971, 8.33226], [-10.586460000999978, 8.32599], [-10.57958, 8.307985], [-10.56092, 8.305163], [-10.55354, 8.307663], [-10.512170000999959, 8.335990001000027], [-10.49043, 8.35542], [-10.48416, 8.36757], [-10.47144, 8.376703], [-10.464710000999958, 8.388390001000062], [-10.45269, 8.39523], [-10.43135, 8.429820001000053], [-10.40843, 8.45017], [-10.38597, 8.492885], [-10.3727, 8.487056], [-10.36399, 8.48814], [-10.33141, 8.502891], [-10.30196, 8.488677], [-10.28686000099998, 8.4848], [-10.27818, 8.49048], [-10.2694, 8.49159], [-10.26227, 8.48765], [-10.24519, 8.491474], [-10.241513538999982, 8.487326992000021], [-10.23201, 8.497613], [-10.22948, 8.496682], [-10.229542712999944, 8.481759465000039], [-10.21258, 8.480470001000072], [-10.19325, 8.499493], [-10.163649643999975, 8.514731354000048], [-10.15805, 8.52642], [-10.14609, 8.519240001000071], [-10.142390000999967, 8.52244], [-10.12553, 8.525335], [-10.10894, 8.521115], [-10.10066, 8.51533], [-10.08681, 8.518014], [-10.08083, 8.51454], [-10.07833, 8.507403], [-10.06542000099995, 8.50596], [-10.05486, 8.495794], [-10.05189, 8.48958], [-10.067439929999978, 8.429260388000046], [-10.066780000999927, 8.423520001000043], [-10.055260000999965, 8.42093], [-10.037680000999956, 8.43048], [-10.02314, 8.433613], [-10.0164, 8.441844], [-10.00673, 8.439493], [-9.99496, 8.44127000100002], [-9.97361, 8.46526], [-9.964599612999962, 8.467960316000074], [-9.945593, 8.48347], [-9.94028162899997, 8.484359727000026], [-9.93448000099994, 8.49167], [-9.919440000999941, 8.498020001000043], [-9.894485, 8.500412], [-9.88509, 8.495520001000045], [-9.85899, 8.50064], [-9.84685000099995, 8.48748], [-9.83987, 8.49754], [-9.832680000999972, 8.5014], [-9.80431, 8.502600001000076], [-9.794100000999947, 8.51241], [-9.799833, 8.517497], [-9.800022, 8.524158], [-9.804392, 8.526254], [-9.799960000999931, 8.534490001000052], [-9.79143, 8.533291], [-9.77296, 8.551791], [-9.75936, 8.549420001000044], [-9.753600000999938, 8.546170001000064], [-9.74584, 8.53097], [-9.735289, 8.519878], [-9.74512, 8.49398], [-9.742850000999965, 8.48685], [-9.72314, 8.464000001000045], [-9.717480000999956, 8.44445], [-9.712640000999954, 8.44442], [-9.70915, 8.44945], [-9.704589, 8.480884], [-9.691840000999946, 8.4916], [-9.671058, 8.493541], [-9.660473, 8.488653], [-9.62812, 8.4586], [-9.62493, 8.451230001000056], [-9.655796, 8.420648], [-9.65931, 8.411260001000073], [-9.654750198999977, 8.40227012400004], [-9.63419, 8.407654], [-9.606050000999971, 8.40679], [-9.59796, 8.41064], [-9.58469, 8.429844], [-9.5796, 8.4328], [-9.574067, 8.431613], [-9.568180392999977, 8.413662111000065], [-9.561090173999958, 8.403280255000027], [-9.53331, 8.383351], [-9.486964, 8.380974], [-9.480072, 8.376794], [-9.477855, 8.363231], [-9.48618, 8.348600001000023], [-9.520167456999957, 8.326167130000044], [-9.50102, 8.31103], [-9.503260000999944, 8.285560001000022], [-9.49111, 8.27515], [-9.488165, 8.267322], [-9.516600000999972, 8.2427], [-9.516025, 8.236972], [-9.50984, 8.23073000100004], [-9.511120000999938, 8.210080001000051], [-9.51973000099997, 8.19819], [-9.51985, 8.179371], [-9.514802, 8.175894], [-9.504177, 8.179266], [-9.495010000999969, 8.170940001000076], [-9.48164000099996, 8.17154], [-9.46347, 8.1659], [-9.463217, 8.134449], [-9.457287, 8.125225], [-9.45925970299993, 8.105498968000063], [-9.455881188999967, 8.093764126000053], [-9.444929, 8.077621], [-9.44474, 8.071421], [-9.458029, 8.04764], [-9.459948149999946, 8.036177862000045], [-9.453525128999956, 8.032000763000042], [-9.440782, 8.043159], [-9.42762000099998, 8.047890001000042], [-9.431218, 8.026335], [-9.429869361999977, 8.021739641000067], [-9.4216, 8.017090001000042], [-9.42133, 8.0], [-9.40973, 7.97951], [-9.41183, 7.97263], [-9.423147, 7.965106], [-9.432427, 7.947937], [-9.424505, 7.914182], [-9.430327, 7.898146], [-9.423477, 7.862288], [-9.41091, 7.84661], [-9.406637, 7.835647], [-9.39586000099996, 7.82459], [-9.3904, 7.809200001000022], [-9.378680000999964, 7.80296], [-9.369487, 7.80368], [-9.359363, 7.796106], [-9.35475, 7.78031], [-9.357388746999959, 7.775103718000025], [-9.355328, 7.772801], [-9.349100000999954, 7.77415], [-9.350548, 7.759702], [-9.343918, 7.748662], [-9.35111, 7.73515], [-9.35187, 7.7184], [-9.369237, 7.693922], [-9.370667, 7.681994], [-9.368200000999934, 7.66546], [-9.372190000999979, 7.64574], [-9.36351, 7.63033], [-9.354559, 7.625704], [-9.357147, 7.612175], [-9.376374, 7.582417], [-9.378515, 7.565443], [-9.39938, 7.5288], [-9.39965, 7.51848], [-9.41871, 7.47173], [-9.43397, 7.45412], [-9.45128000099993, 7.44202], [-9.456379, 7.433776], [-9.47107, 7.38517], [-9.4787, 7.37579], [-9.477838024999926, 7.36201139700006], [-9.462370000999954, 7.37595], [-9.45655, 7.39177], [-9.410858, 7.423495], [-9.40558, 7.420031], [-9.39696, 7.38855], [-9.393971, 7.388764], [-9.380609, 7.393072], [-9.37273000099998, 7.405440001000045], [-9.36073986599996, 7.412731257000075], [-9.359779, 7.421682], [-9.35008, 7.42922], [-9.33008, 7.42409], [-9.320630000999927, 7.43002], [-9.309584, 7.42905], [-9.300180000999944, 7.422130001000028], [-9.295266, 7.422637], [-9.29009, 7.41221], [-9.28858850599994, 7.388109088000022], [-9.274587, 7.379552], [-9.227320000999953, 7.38938], [-9.211778, 7.385181], [-9.2021, 7.380623], [-9.206139981999968, 7.351259963000075], [-9.201347, 7.341824], [-9.201209, 7.320703], [-9.19024, 7.30321], [-9.15379, 7.273436], [-9.12065, 7.276510001000076], [-9.116056, 7.273731], [-9.113606, 7.256712], [-9.10494, 7.25019], [-9.103936, 7.24294], [-9.094150000999946, 7.22582], [-9.104618, 7.207559], [-9.104450420999967, 7.193552363000038], [-9.084400000999949, 7.20265], [-9.06599989199998, 7.200960082000051], [-9.04039, 7.218070001000058], [-9.03181, 7.232720001000075], [-9.016803, 7.243674], [-9.00369, 7.24293], [-8.99285, 7.249770001000059], [-8.97652, 7.24832], [-8.963851, 7.2517], [-8.958549962999939, 7.254200074000039], [-8.953180000999964, 7.269790001000047], [-8.948350000999937, 7.26931], [-8.94102, 7.26262], [-8.93779, 7.26513], [-8.937763, 7.270866], [-8.933381, 7.273372], [-8.937005, 7.285556], [-8.928959, 7.284141], [-8.915597, 7.287982], [-8.90284, 7.261062], [-8.863511, 7.258125], [-8.848072, 7.263333], [-8.833480991999977, 7.283468630000073], [-8.83825, 7.296580001000052], [-8.833114, 7.311933], [-8.84583, 7.34735], [-8.815492, 7.387836], [-8.811285, 7.40136], [-8.796741, 7.411161], [-8.779938138999967, 7.412228387000027], [-8.774291, 7.437682], [-8.77539, 7.44802], [-8.75718, 7.454360001000055], [-8.70905, 7.508300001000066], [-8.706720000999951, 7.51425], [-8.712394, 7.529655], [-8.71161951099998, 7.546635913000046], [-8.719451, 7.545297], [-8.72264, 7.552200001000074], [-8.711582, 7.6008], [-8.704133, 7.617746], [-8.70679, 7.64002], [-8.687580000999958, 7.655400001000032], [-8.67662, 7.668810001000054], [-8.6703, 7.68793], [-8.659362, 7.696163], [-8.559730000999934, 7.692630001000055], [-8.554747, 7.649656], [-8.565239469999938, 7.625899465000032], [-8.544582, 7.605104], [-8.487146, 7.57121], [-8.47218, 7.55459], [-8.417430000999957, 7.60816], [-8.393017, 7.612191], [-8.384740000999955, 7.60698], [-8.37969, 7.57901], [-8.369346567999969, 7.572750553000049], [-8.346480000999975, 7.57886], [-8.3225, 7.599450001000037], [-8.302776, 7.601424], [-8.298648, 7.596747], [-8.29767, 7.58484], [-8.289410000999965, 7.577040001000057], [-8.25728000099997, 7.56757], [-8.22987, 7.54984], [-8.21491, 7.53373], [-8.20504, 7.53575], [-8.19358, 7.54501], [-8.172630000999959, 7.581660001000046], [-8.17191, 7.61995], [-8.15725, 7.64421], [-8.1437, 7.65553], [-8.139861, 7.693283], [-8.123680000999968, 7.710800001000052], [-8.101330000999951, 7.71587], [-8.09404, 7.72204], [-8.09129, 7.75101], [-8.086, 7.76857], [-8.07135, 7.79023], [-8.071770793999974, 7.808340799000064], [-8.11466, 7.844770001000029], [-8.117181, 7.858753], [-8.11557, 7.86909], [-8.107179, 7.884572], [-8.082611, 7.91601], [-8.06577, 7.95835], [-8.053371, 8.0], [-8.06354, 8.01108], [-8.057645, 8.022717], [-8.04074, 8.032800001000055], [-8.029654, 8.029682], [-8.024320000999978, 8.03306], [-8.009818, 8.031954], [-8.000280000999965, 8.03918], [-7.989054, 8.034902], [-7.987259, 8.031205], [-7.9918, 8.01818], [-7.986046, 8.018105], [-7.984294, 8.010965], [-7.972703, 8.017014], [-7.95963, 8.012941], [-7.95372, 8.007130001000064], [-7.948189, 8.007283], [-7.945582, 8.012988], [-7.946344043999943, 8.025165294000033], [-7.950421, 8.030499], [-7.946581, 8.042386], [-7.963332, 8.047195], [-7.981113, 8.079337], [-8.010641, 8.09395], [-8.014450000999943, 8.10226], [-8.010151, 8.114821], [-8.015433, 8.124595], [-8.007620267999926, 8.142171735000034], [-8.00898, 8.16378], [-7.99592, 8.176244], [-7.9933, 8.183560001000046], [-7.993649927999968, 8.192748128000062], [-7.99842, 8.198545], [-8.004183, 8.198616], [-8.01793, 8.186380001000032], [-8.023675, 8.187602], [-8.03477, 8.204496], [-8.0396, 8.205470001000037], [-8.05142, 8.180359], [-8.06893, 8.16151], [-8.089083, 8.1671], [-8.101743, 8.177526], [-8.10374, 8.18398], [-8.126380000999973, 8.196170001000041], [-8.16672000099993, 8.19641], [-8.179585, 8.199775], [-8.189421, 8.206546], [-8.207398, 8.227416], [-8.219083, 8.233978], [-8.225082, 8.233357], [-8.230310000999964, 8.22603], [-8.243995, 8.228629], [-8.248055, 8.236025], [-8.246383, 8.260345], [-8.23286, 8.273272], [-8.230240117999926, 8.28035968100005], [-8.230693, 8.300343], [-8.237973, 8.327757], [-8.22566, 8.354940001000045], [-8.23680000099995, 8.395050001000072], [-8.23975, 8.429168], [-8.245590000999925, 8.44255], [-8.24077, 8.46076000100004], [-8.23541, 8.46575000100006], [-8.230417, 8.458963], [-8.220485, 8.459599], [-8.223381, 8.468132], [-8.205919927999958, 8.481700107000052], [-8.19676, 8.495370001000026], [-8.1983, 8.50159], [-8.17824, 8.50043], [-8.169574, 8.492285], [-8.157760000999929, 8.49628000100006], [-8.156960000999959, 8.48616000100003], [-8.153300000999934, 8.484050001000071], [-8.143240000999981, 8.495180001000051], [-8.139099, 8.494208], [-8.134102, 8.487945], [-8.12094, 8.48870000100004], [-8.11965967499998, 8.480650229000048], [-8.103602, 8.491931], [-8.09536, 8.505840001000024], [-8.081842458999972, 8.497861451000063], [-8.06512, 8.50661000100007], [-8.044966172999978, 8.495329089000052], [-8.02259, 8.49505], [-8.00977, 8.487531], [-7.997980000999974, 8.489450001000023], [-7.98513993499995, 8.483770034000031], [-7.970871, 8.498744], [-7.963098, 8.493361], [-7.950175, 8.493652], [-7.9427, 8.500680001000035], [-7.93808, 8.501080001000048], [-7.929210741999952, 8.491310817000056], [-7.91317, 8.483293], [-7.923365631999957, 8.479751], [-7.911800000999961, 8.46467], [-7.91328, 8.457110001000046], [-7.91712, 8.46359], [-7.919439186999966, 8.462700313000028], [-7.92304, 8.4515], [-7.921250201999953, 8.44734046900004], [-7.911083, 8.449043], [-7.90895031499997, 8.435694875000024], [-7.892615, 8.432723], [-7.884745, 8.434916], [-7.886596, 8.417026], [-7.87639, 8.421484], [-7.852420000999928, 8.42002], [-7.832880000999978, 8.432850001000077], [-7.830991354999981, 8.436037715000055], [-7.837710000999948, 8.46851], [-7.835003, 8.480877], [-7.827266, 8.49019], [-7.822758, 8.48232], [-7.808260000999951, 8.480060001000027], [-7.788409, 8.46371], [-7.751740173999963, 8.378920452000045], [-7.74513, 8.37332], [-7.71698, 8.374770001000059], [-7.695356, 8.371022], [-7.641071532999945, 8.377431856000044], [-7.649700000999928, 8.38788], [-7.654605, 8.400578], [-7.666029, 8.408998], [-7.68143, 8.448476], [-7.671686, 8.470164], [-7.660180000999958, 8.485400001000073], [-7.661064, 8.505851], [-7.68756, 8.54479], [-7.723921, 8.659661], [-7.736094, 8.682563], [-7.76787, 8.762], [-7.781603, 8.77183], [-7.79036, 8.77332], [-7.8124, 8.76602], [-7.823950000999957, 8.765940001000047], [-7.845527, 8.776785], [-7.861220000999936, 8.77767], [-7.901100000999975, 8.765310001000046], [-7.915887, 8.765494], [-7.940434, 8.779353], [-7.961311, 8.810396], [-7.962561, 8.821669], [-7.954822, 8.869361], [-7.930363, 8.942351], [-7.91712, 8.967], [-7.920782, 8.988647], [-7.918283, 9.004011], [-7.90632, 9.01834000100007], [-7.896024, 9.02809], [-7.86512, 9.04034], [-7.85379, 9.05927], [-7.840930000999947, 9.07083], [-7.813030000999959, 9.08219], [-7.764905915999975, 9.06617065100005], [-7.754245, 9.06787], [-7.737269530999981, 9.075231770000073], [-7.736526, 9.078054], [-7.741600000999938, 9.083840001000056], [-7.755172, 9.088856], [-7.761541, 9.096526], [-7.770549, 9.097109], [-7.787999, 9.106079], [-7.801419346999978, 9.12257919800004], [-7.81197, 9.12916000100006], [-7.812062779999962, 9.140541553000048], [-7.82722, 9.149010001000022], [-7.837843, 9.150526], [-7.839200000999938, 9.15307], [-7.832061101999955, 9.168837566000036], [-7.833143, 9.174826], [-7.84003377099998, 9.178589782000074], [-7.853, 9.177836], [-7.881877, 9.157667], [-7.907810000999973, 9.17295], [-7.919881, 9.186895], [-7.925730000999977, 9.21731], [-7.887446, 9.290613], [-7.8848, 9.30411], [-7.888453, 9.342314], [-7.87564, 9.36651], [-7.866493, 9.375353], [-7.856081151999945, 9.40992202800004], [-7.8554, 9.426460001000066], [-7.850320000999943, 9.42548000100004], [-7.848882, 9.428906], [-7.849984421999977, 9.437737369000047], [-7.857916, 9.433016], [-7.883123019999971, 9.435630359000072], [-7.89169, 9.41689000100007], [-7.915738460999933, 9.419489769000052], [-7.96812, 9.396], [-7.983186, 9.394347], [-8.011340000999951, 9.40158000100007], [-8.06033, 9.40176], [-8.09888, 9.447069], [-8.101551, 9.455608], [-8.106612, 9.4582], [-8.124024505999955, 9.491513672000053], [-8.134060000999966, 9.503820001000065], [-8.137630000999934, 9.514900001000058], [-8.132874, 9.524959], [-8.14923, 9.53206], [-8.14748, 9.542610001000071], [-8.151820000999976, 9.566110001000027], [-8.144315, 9.573605], [-8.14727, 9.583955], [-8.237157, 9.587204], [-8.352451, 9.581116], [-8.392008, 9.567061], [-8.438908, 9.532558], [-8.461775, 9.541941], [-8.483555, 9.544328], [-8.49469, 9.53517], [-8.484848, 9.512581], [-8.49681, 9.491213], [-8.513122, 9.49743], [-8.534164, 9.47357], [-8.541859, 9.485106], [-8.554029, 9.477968], [-8.557861, 9.445757], [-8.577566, 9.441478], [-8.58395, 9.435055], [-8.590835, 9.456621], [-8.604907, 9.46108], [-8.616615, 9.502604], [-8.619746, 9.497952], [-8.621874, 9.477815], [-8.634515, 9.463335], [-8.631351, 9.421031], [-8.621932, 9.379779], [-8.620444, 9.337312], [-8.623387, 9.304491], [-8.638777, 9.288745], [-8.644527, 9.245836], [-8.662573, 9.219529], [-8.663333, 9.187278], [-8.693579, 9.162068], [-8.709053, 9.13793], [-8.727099, 9.067683], [-8.7289, 9.041519], [-8.723121, 9.014424], [-8.702632, 8.986367], [-8.699784, 8.961019], [-8.718796, 8.942068], [-8.795011, 8.914223], [-8.815758, 8.888093], [-8.830797, 8.859161], [-8.841395, 8.846946], [-8.884337, 8.812312], [-8.937698, 8.776788], [-8.949018, 8.772633], [-9.010245, 8.793082], [-9.041169, 8.793082], [-9.064817, 8.798479], [-9.095741, 8.787654], [-9.13758, 8.780491], [-9.163047, 8.7661], [-9.17578, 8.764279], [-9.213071, 8.769673], [-9.223076, 8.780491], [-9.25491, 8.784957], [-9.304025, 8.829909], [-9.321306, 8.850644], [-9.346773, 8.867669], [-9.374059, 8.877626], [-9.402254, 8.896439], [-9.433179, 8.894641], [-9.482293, 8.877559], [-9.536865, 8.868568], [-9.565061, 8.867669], [-9.613443, 8.874721], [-9.667562, 8.891124], [-9.693029, 8.889325], [-9.709401, 8.878532], [-9.740325, 8.880331], [-9.762154, 8.892923], [-9.796716, 8.867739], [-9.803546, 8.846477], [-9.831106, 8.843722], [-9.857437, 8.835372], [-9.873503, 8.84283], [-9.878879, 8.849269], [-9.898879, 8.844685], [-9.899878, 8.835722], [-9.904257, 8.830521], [-9.925501, 8.819553], [-9.937451, 8.814406], [-9.94135, 8.816599], [-9.952128, 8.809498], [-9.958191, 8.819499], [-9.972022, 8.808269], [-9.984677, 8.811808], [-9.9896, 8.817955], [-9.990076, 8.84203], [-9.995929, 8.850919], [-9.99545, 8.877007], [-10.001065, 8.899928], [-9.99486, 8.941949], [-10.000112, 8.951559], [-10.00952, 8.952074], [-10.016792, 8.945882], [-10.015895, 8.92891], [-10.028601, 8.896885], [-10.044687, 8.887321], [-10.059334, 8.882845], [-10.074833, 8.87082], [-10.108009, 8.882496], [-10.10935, 8.900926], [-10.106133, 8.919128], [-10.110012, 8.927062], [-10.117587, 8.928574], [-10.123987, 8.929155], [-10.135835, 8.918469], [-10.145929, 8.915629], [-10.155513, 8.898446], [-10.169534, 8.88704], [-10.179735, 8.88472], [-10.18581, 8.887217], [-10.187377, 8.915028], [-10.205468, 8.915922], [-10.210338, 8.920854], [-10.219757, 8.947964], [-10.23228, 8.950898], [-10.251437, 8.948282], [-10.263507, 8.956377], [-10.274585, 8.956093], [-10.278412, 8.959302], [-10.279289, 8.970743], [-10.283026, 8.975664], [-10.279751, 8.992801], [-10.282776, 9.01684], [-10.279524, 9.022056], [-10.285286, 9.038229], [-10.298806, 9.059925], [-10.311049, 9.066865], [-10.327131, 9.066914], [-10.334002, 9.061401], [-10.339339, 9.046346], [-10.343285, 9.013259], [-10.382423, 8.995781], [-10.454477, 8.980754], [-10.467601, 8.980597], [-10.468407, 9.008342], [-10.456391, 9.0276], [-10.436552, 9.044214], [-10.43469, 9.054637], [-10.438788, 9.072081], [-10.45334, 9.08925], [-10.454264, 9.109453], [-10.466852, 9.08093], [-10.4769, 9.070158], [-10.488657, 9.066228], [-10.499615, 9.070484], [-10.562766, 9.064424], [-10.574655, 9.050755], [-10.591662, 9.061749], [-10.599706, 9.058478]]]}}, {"type": "Feature", "properties": {"name": "Savanes Region", "country": "TGO"}, "geometry": {"type": "Polygon", "coordinates": [[[1.000278, 10.219444], [0.776667, 10.376667], [0.785278, 10.524444], [0.800556, 10.551111], [0.806944, 10.579722], [0.8075, 10.607222], [0.800278, 10.681111], [0.8025, 10.714167], [0.809722, 10.727778], [0.879444, 10.799722], [0.888611, 10.860833], [0.904444, 10.876944], [0.888611, 10.92], [0.911944, 10.978611], [0.9122091, 10.9961705], [0.65631, 10.99736], [0.59506, 10.96956], [0.589, 10.96975], [0.49468, 10.931], [0.50634, 10.97321], [0.50584, 10.98011], [0.49372, 10.98234], [0.48997, 10.98623], [0.50285, 11.00908], [0.0395609, 11.1009076], [0.0314499, 11.1085557], [0.0183608, 11.113509], [-0.0031489, 11.1113759], [-0.136228, 11.139497], [-0.133809, 11.1298039], [-0.143739, 11.1186226], [-0.1429994, 11.1058198], [-0.1264046, 11.1060112], [-0.1192316, 11.0993372], [-0.1025015, 11.0937308], [-0.1030759, 11.090223], [-0.0949986, 11.0861133], [-0.0547004, 11.0859518], [-0.0461886, 11.1003376], [-0.0194235, 11.1144797], [-0.0046512, 11.107812], [-0.0051837, 11.1008816], [0.001826, 11.0942872], [0.003217, 11.084025], [0.023905, 11.062604], [0.028572, 11.003962], [0.034392, 10.99268], [0.031245, 10.982687], [0.03325, 10.977966], [0.023508, 10.977401], [0.013125, 10.971281], [0.0097266, 10.9655898], [0.0054423, 10.9671131], [-0.0061046, 10.9632369], [-0.0070459, 10.9456402], [-0.0118671, 10.9437544], [-0.007661, 10.9146888], [-0.015077, 10.9063353], [-0.0121979, 10.9054201], [-0.0177198, 10.8895717], [-0.025371, 10.8813609], [-0.0251416, 10.8657582], [-0.0295014, 10.8544666], [-0.0279073, 10.8421743], [-0.0223489, 10.8316816], [-0.021767, 10.818676], [-0.029119, 10.814512], [-0.030527, 10.807279], [-0.038463, 10.804684], [-0.044244, 10.798024], [-0.04469, 10.792201], [-0.056219, 10.786293], [-0.064072, 10.772738], [-0.072847, 10.769827], [-0.069735, 10.76413], [-0.074294, 10.757355], [-0.070945, 10.741817], [-0.074411, 10.730086], [-0.072346, 10.720047], [-0.085675, 10.7164], [-0.09009, 10.7115612], [-0.070389, 10.669951], [-0.069839, 10.659269], [-0.060523, 10.634395], [-0.015695, 10.623597], [-0.011815, 10.615744], [0.041287, 10.601442], [0.042873, 10.594405], [0.056124, 10.583512], [0.060996, 10.560818], [0.117222, 10.541419], [0.127629, 10.529747], [0.1426695, 10.5262702], [0.144137, 10.515129], [0.147326, 10.513568], [0.146972, 10.501233], [0.151202, 10.497285], [0.150623, 10.487182], [0.154809, 10.4846], [0.154139, 10.477714], [0.158871, 10.47518], [0.15426, 10.46508], [0.16168, 10.46056], [0.164024, 10.453872], [0.172629, 10.450651], [0.172872, 10.446321], [0.166658, 10.441512], [0.17115, 10.433654], [0.169105, 10.430335], [0.174846, 10.424491], [0.182008, 10.423721], [0.185324, 10.417135], [0.190932, 10.416738], [0.190356, 10.404317], [0.1940635, 10.4029412], [0.204823, 10.407621], [0.206565, 10.40444], [0.209414, 10.405477], [0.205131, 10.418255], [0.21202, 10.416859], [0.210301, 10.421577], [0.217696, 10.426923], [0.221175, 10.424884], [0.217467, 10.422733], [0.226351, 10.422359], [0.236562, 10.41248], [0.237685, 10.416186], [0.243825, 10.416008], [0.249433, 10.41372], [0.25095, 10.409245], [0.258364, 10.409907], [0.259261, 10.407587], [0.263693, 10.410979], [0.264008, 10.408852], [0.268474, 10.410213], [0.266437, 10.416074], [0.270297, 10.415553], [0.272723, 10.421028], [0.28595, 10.421586], [0.290147, 10.408986], [0.298203, 10.409881], [0.30042, 10.402501], [0.30079, 10.39177], [0.290406, 10.381846], [0.293335, 10.380422], [0.290316, 10.376406], [0.300788, 10.373168], [0.302375, 10.369475], [0.307491, 10.371501], [0.314475, 10.35958], [0.315591, 10.337967], [0.320639, 10.334092], [0.325378, 10.340454], [0.33264, 10.337403], [0.33837, 10.325151], [0.323024, 10.319501], [0.322023, 10.312677], [0.316134, 10.311155], [0.318671, 10.30864], [0.321268, 10.310123], [0.325059, 10.30683], [0.328885, 10.311724], [0.330526, 10.308247], [0.332073, 10.311486], [0.33631, 10.308323], [0.347815, 10.307637], [0.353309, 10.314248], [0.365773, 10.310746], [0.387855, 10.31558], [0.395816, 10.314269], [0.397303, 10.304534], [0.38837, 10.304018], [0.382731, 10.299074], [0.384691, 10.296807], [0.37877, 10.294614], [0.378149, 10.28632], [0.373192, 10.288387], [0.373277, 10.282712], [0.369517, 10.284839], [0.373019, 10.279985], [0.381983, 10.276936], [0.3817512, 10.2732111], [0.3723297, 10.265674], [0.3644573, 10.2645572], [0.3615908, 10.2581078], [0.3605147, 10.2190168], [0.3553805, 10.2117321], [0.3568507, 10.1975879], [0.3512426, 10.1924296], [0.3547669, 10.1828869], [0.3506759, 10.1683193], [0.3623292, 10.1472054], [0.3636017, 10.1379672], [0.3523933, 10.1111619], [0.3530763, 10.0986805], [0.3563274, 10.0910178], [0.3646555, 10.0855955], [0.3958541, 10.0809759], [0.4160052, 10.0624788], [0.4177473, 10.0576044], [0.4127084, 10.0407017], [0.4146849, 10.0324436], [0.4102291, 10.0209507], [0.426345, 10.0266365], [0.4235336, 10.021577], [0.4317405, 10.0203785], [0.4273879, 10.0069898], [0.4359891, 9.9950824], [0.428834, 9.9899947], [0.4275344, 9.985059], [0.4313292, 9.9669672], [0.4511363, 9.9707241], [0.4534812, 9.9681879], [0.4481688, 9.959399], [0.449458, 9.9568646], [0.4684614, 9.9496646], [0.4851291, 9.957254], [0.4940063, 9.9526094], [0.4996861, 9.9532703], [0.5007502, 9.9503167], [0.51738, 9.9556739], [0.5246653, 9.9529272], [0.5356551, 9.9546621], [0.5376485, 9.9528912], [0.5355572, 9.9450786], [0.5244682, 9.9407966], [0.5200303, 9.926477], [0.5156757, 9.9233158], [0.5190345, 9.9193055], [0.5386787, 9.9169489], [0.5439775, 9.9107671], [0.5450477, 9.8986639], [0.5663329, 9.8856677], [0.6044278, 9.8939416], [0.6248381, 9.8841628], [0.6280098, 9.8942269], [0.6435451, 9.901953], [0.6479158, 9.899203], [0.6528297, 9.8880524], [0.662621, 9.8892382], [0.6746628, 9.9005241], [0.6819262, 9.8963388], [0.673729, 9.9120134], [0.6659314, 9.9169755], [0.6634834, 9.9267013], [0.66923, 9.9342626], [0.6716496, 9.9540731], [0.6837477, 9.9684396], [0.6824245, 10.0072858], [0.6871503, 10.0325689], [0.6963656, 10.0578519], [0.7374707, 10.1222647], [0.7423774, 10.1487088], [0.7475668, 10.1537299], [0.7385831, 10.1621894], [0.7414096, 10.1672423], [0.7518764, 10.1638409], [0.7537341, 10.1721379], [0.7619837, 10.1822238], [0.763322, 10.1780656], [0.7833685, 10.171491], [0.7814563, 10.1803579], [0.7923995, 10.1844328], [0.7957524, 10.1761586], [0.8031093, 10.1761681], [0.8073661, 10.1607096], [0.815277, 10.158538], [0.822702, 10.1636177], [0.8241203, 10.1696005], [0.8433947, 10.1713825], [0.8481611, 10.1848427], [0.8533169, 10.1826642], [0.8597565, 10.1858168], [0.8769319, 10.1771074], [0.8840342, 10.1541279], [0.8891154, 10.1495306], [0.8955274, 10.1498936], [0.9020603, 10.1544908], [0.9029072, 10.1636854], [0.9081094, 10.1719121], [0.9248047, 10.1731219], [0.960978, 10.1645322], [0.9707774, 10.166226], [0.9822966, 10.176859], [1.000278, 10.219444]]]}}, {"type": "Feature", "properties": {"name": "Western North Region", "country": "GHA"}, "geometry": {"type": "Polygon", "coordinates": [[[-2.5721754, 5.7499082], [-2.5611891, 5.7922645], [-2.5337233, 5.7731362], [-2.4938979, 5.7635719], [-2.4719252, 5.8127583], [-2.4980177, 5.8195894], [-2.502139, 5.8400836], [-2.5048856, 5.881067], [-2.4884061, 5.9302431], [-2.5378445, 5.9520977], [-2.5186185, 6.0258507], [-2.4938992, 6.0750137], [-2.4609402, 6.1023246], [-2.4142484, 6.0859383], [-2.3860938, 6.0825223], [-2.3483304, 6.0914004], [-2.3043851, 6.0859383], [-2.2604398, 6.0859383], [-2.2302274, 6.1350958], [-2.1591975, 6.1291997], [-2.1731089, 6.1502477], [-2.1785525, 6.1851255], [-2.1767379, 6.2151908], [-2.1464958, 6.2350329], [-2.1249313, 6.2416166], [-2.0925735, 6.2644004], [-2.0772934, 6.2836094], [-2.1163925, 6.2903101], [-2.1294255, 6.3086249], [-2.1361667, 6.3331924], [-2.1554915, 6.3541856], [-2.1952133, 6.3563599], [-2.21916, 6.3384247], [-2.2408803, 6.3903633], [-2.2282967, 6.4577988], [-2.2548122, 6.4845919], [-2.2691935, 6.4738748], [-2.3011019, 6.492183], [-2.327168, 6.5024531], [-2.3442457, 6.4957552], [-2.3496387, 6.4828057], [-2.3509869, 6.4618178], [-2.3635706, 6.4202861], [-2.3648097, 6.3779157], [-2.3756144, 6.3665462], [-2.4080284, 6.3466488], [-2.4324978, 6.350123], [-2.4246655, 6.3881488], [-2.4552367, 6.3905487], [-2.4875675, 6.3872127], [-2.5118113, 6.3883079], [-2.5287085, 6.3952438], [-2.5474423, 6.4416023], [-2.5522176, 6.4722623], [-2.5735227, 6.4916064], [-2.6297243, 6.516424], [-2.6359689, 6.5255479], [-2.6462541, 6.5631364], [-2.6539681, 6.5722594], [-2.6730692, 6.5817471], [-2.7292708, 6.5802875], [-2.7513106, 6.5872207], [-2.7759217, 6.6080199], [-2.8005328, 6.6200611], [-2.8398372, 6.6302777], [-2.8490204, 6.6653043], [-2.8512244, 6.7098136], [-2.8471838, 6.7543189], [-2.8515917, 6.7838653], [-2.8677543, 6.8356582], [-2.90412, 6.9031265], [-2.9529749, 6.9388625], [-2.976484, 6.9432382], [-3.0455421, 6.9260999], [-3.0738265, 6.9330282], [-3.0907237, 6.955271], [-3.1046823, 6.9924615], [-3.109751, 7.0156988], [-3.232027, 6.822296], [-3.229476, 6.809245], [-3.231903, 6.781164], [-3.236115, 6.777575], [-3.211967, 6.754827], [-3.217384, 6.746636], [-3.208998, 6.731702], [-3.216178, 6.725624], [-3.216468, 6.714536], [-3.221655, 6.705565], [-3.231118, 6.700555], [-3.228439, 6.689386], [-3.232526, 6.68625], [-3.230857, 6.680812], [-3.235322, 6.677398], [-3.234659, 6.667868], [-3.243725, 6.665293], [-3.250215, 6.650817], [-3.256829, 6.643992], [-3.256182, 6.63519], [-3.260786, 6.623015], [-3.259296, 6.616872], [-3.252167, 6.610655], [-3.233268, 6.601251], [-3.236199, 6.541392], [-3.181965, 6.32985], [-3.176113, 6.319561], [-3.170619, 6.297032], [-3.171463, 6.264553], [-3.175691, 6.25282], [-3.173657, 6.2505662], [-3.154513, 6.251522], [-3.10274, 6.153126], [-3.073809, 5.985004], [-3.020033, 5.856884], [-3.026427, 5.70923], [-2.953969, 5.716022], [-2.966448, 5.641276], [-2.962464, 5.641925], [-2.958633, 5.637142], [-2.948092, 5.637475], [-2.933506, 5.619962], [-2.926677, 5.619891], [-2.920443, 5.628028], [-2.902763, 5.632359], [-2.899027, 5.628956], [-2.887273, 5.635928], [-2.886393, 5.632573], [-2.883133, 5.640687], [-2.878469, 5.63995], [-2.875235, 5.644136], [-2.871675, 5.640757], [-2.865408, 5.652155], [-2.860281, 5.651605], [-2.857874, 5.657319], [-2.855528, 5.654056], [-2.858791, 5.650334], [-2.836349, 5.640134], [-2.834826, 5.635903], [-2.827832, 5.634719], [-2.820951, 5.626936], [-2.808599, 5.627612], [-2.810573, 5.624905], [-2.805271, 5.622141], [-2.803636, 5.617347], [-2.801358, 5.621547], [-2.793586, 5.622563], [-2.793014, 5.627004], [-2.78962, 5.627702], [-2.789874, 5.623292], [-2.785559, 5.624054], [-2.78686, 5.619136], [-2.775066, 5.615861], [-2.776277, 5.60457], [-2.765675, 5.60384], [-2.761294, 5.599837], [-2.767775, 5.555258], [-2.765363, 5.53708], [-2.748967, 5.437734], [-2.724216, 5.387981], [-2.725904, 5.341265], [-2.6779189, 5.3439515], [-2.64084, 5.3576246], [-2.6106276, 5.3972748], [-2.5762953, 5.4738333], [-2.5762953, 5.5052741], [-2.5900282, 5.5189435], [-2.5584425, 5.5298788], [-2.555696, 5.585919], [-2.5625624, 5.621454], [-2.5433363, 5.6419539], [-2.5460829, 5.6884177], [-2.5708022, 5.7143812], [-2.5721754, 5.7499082]]]}}, {"type": "Feature", "properties": {"name": "Ahafo Region", "country": "GHA"}, "geometry": {"type": "Polygon", "coordinates": [[[-2.4246655, 6.3881488], [-2.4254858, 6.404615], [-2.4223399, 6.4070713], [-2.4294182, 6.4170083], [-2.4382941, 6.4204694], [-2.4403165, 6.4289546], [-2.4484809, 6.4317328], [-2.4385631, 6.4419164], [-2.4447845, 6.4426667], [-2.4420818, 6.458404], [-2.4357542, 6.4617113], [-2.4294317, 6.4730801], [-2.423363, 6.4726854], [-2.4250482, 6.4874205], [-2.4207382, 6.4914814], [-2.415664, 6.4913749], [-2.4153774, 6.4958244], [-2.4054896, 6.5050539], [-2.4011936, 6.5062626], [-2.3969897, 6.5030821], [-2.397337, 6.5204618], [-2.3826575, 6.5269489], [-2.383064, 6.5346182], [-2.3772484, 6.5395653], [-2.3769959, 6.5481552], [-2.3840956, 6.5533063], [-2.3858676, 6.5685147], [-2.403155, 6.5828456], [-2.4072435, 6.5987382], [-2.4180868, 6.6201041], [-2.4220622, 6.6381594], [-2.4210261, 6.681129], [-2.380497, 6.6620609], [-2.3508619, 6.667567], [-2.3386525, 6.6959226], [-2.2980167, 6.7058456], [-2.2837959, 6.7955213], [-2.246822, 6.812466], [-2.2532213, 6.8301161], [-2.2809518, 6.8421178], [-2.3854743, 6.8392939], [-2.3840522, 6.8520014], [-2.3726756, 6.8682382], [-2.3328575, 6.894357], [-2.2834331, 6.9756798], [-2.2631758, 7.0305753], [-2.2304681, 7.0566851], [-2.2062928, 7.0573907], [-2.189939, 7.0214012], [-2.1593643, 7.0122269], [-2.114569, 7.0326923], [-2.0491535, 7.0270468], [-2.0093354, 7.0503342], [-1.925433, 7.130067], [-1.8927253, 7.130067], [-1.867128, 7.143472], [-1.8614397, 7.19991], [-1.8507741, 7.2217778], [-1.8578845, 7.227421], [-1.9368096, 7.2471714], [-1.9602739, 7.2894908], [-1.9880043, 7.3106491], [-2.0619522, 7.3092385], [-2.0896827, 7.3402689], [-2.1465657, 7.3416793], [-2.1629347, 7.317521], [-2.2041335, 7.3120725], [-2.2508253, 7.2766559], [-2.2673048, 7.2344248], [-2.3016371, 7.2248882], [-2.338716, 7.2235258], [-2.3249831, 7.1812897], [-2.2892775, 7.1458628], [-2.2796645, 7.1131587], [-2.3112502, 7.0913546], [-2.3167433, 7.1131587], [-2.3442091, 7.1226976], [-2.3620619, 7.0981685], [-2.4169936, 7.0872663], [-2.3922743, 7.0995313], [-2.4156203, 7.1199722], [-2.4513258, 7.1281484], [-2.4925246, 7.1281484], [-2.4884047, 7.2262506], [-2.5460829, 7.2248882], [-2.5735487, 7.2085392], [-2.5817885, 7.1758396], [-2.5968947, 7.1758396], [-2.6422133, 7.1308737], [-2.6875319, 7.1295111], [-2.6930251, 7.095443], [-2.7301039, 7.0899918], [-2.7520766, 7.0627352], [-2.7616896, 7.0232103], [-2.7960219, 7.001402], [-2.8056349, 6.9714139], [-2.8385939, 6.94824], [-2.8427138, 6.8800748], [-2.8677543, 6.8356582], [-2.8515917, 6.7838653], [-2.8471838, 6.7543189], [-2.8512244, 6.7098136], [-2.8490204, 6.6653043], [-2.8398372, 6.6302777], [-2.8005328, 6.6200611], [-2.7759217, 6.6080199], [-2.7513106, 6.5872207], [-2.7292708, 6.5802875], [-2.6730692, 6.5817471], [-2.6539681, 6.5722594], [-2.6462541, 6.5631364], [-2.6359689, 6.5255479], [-2.6297243, 6.516424], [-2.5735227, 6.4916064], [-2.5522176, 6.4722623], [-2.5474423, 6.4416023], [-2.5287085, 6.3952438], [-2.5118113, 6.3883079], [-2.4875675, 6.3872127], [-2.4552367, 6.3905487], [-2.4246655, 6.3881488]]]}}, {"type": "Feature", "properties": {"name": "Bono East Region", "country": "GHA"}, "geometry": {"type": "Polygon", "coordinates": [[[-0.136241, 7.8249773], [-0.1454168, 7.903095], [-0.1417193, 7.9351544], [-0.1365218, 7.9397985], [-0.134947, 7.9485878], [-0.1411521, 7.9584277], [-0.1738392, 7.9574596], [-0.1701825, 7.9698654], [-0.1441671, 8.0054999], [-0.1415467, 8.0179074], [-0.1529343, 8.0313784], [-0.1731851, 8.0246958], [-0.214685, 8.0309837], [-0.2405959, 8.0496522], [-0.2488483, 8.07708], [-0.2948917, 8.1173757], [-0.3193394, 8.1304776], [-0.3847059, 8.1528227], [-0.4189655, 8.1528733], [-0.4443944, 8.157564], [-0.487461, 8.1721035], [-0.5030236, 8.180916], [-0.5424699, 8.1876867], [-0.6394762, 8.2695102], [-0.7407701, 8.3355949], [-0.779861, 8.3355949], [-0.8014485, 8.339679], [-0.8578484, 8.3285935], [-0.8595944, 8.3224304], [-0.8526071, 8.3156531], [-0.8619804, 8.2724287], [-0.8913534, 8.2584019], [-0.9048143, 8.2551493], [-0.9067468, 8.2575056], [-0.9236578, 8.251998], [-0.9394443, 8.2513708], [-0.9486716, 8.246522], [-0.9590941, 8.25111], [-0.9657579, 8.246729], [-0.9677308, 8.2331028], [-0.9789795, 8.2272929], [-0.9874837, 8.2354212], [-0.9899489, 8.2456566], [-1.0102267, 8.247946], [-1.019193, 8.2611871], [-1.0219409, 8.2608231], [-1.0337557, 8.2453383], [-1.0397104, 8.2431076], [-1.0431707, 8.204407], [-1.0432077, 8.1741849], [-1.0405023, 8.1660266], [-1.0687431, 8.1292465], [-1.0432972, 8.093942], [-1.0410081, 8.0794732], [-1.0487543, 8.0669651], [-1.0481425, 8.0625385], [-1.0336956, 8.0547744], [-1.0346436, 8.0463309], [-1.028059, 8.0430916], [-1.0194421, 8.0321104], [-1.0164711, 8.017616], [-1.029851, 8.0170308], [-1.0348298, 8.0254024], [-1.0458653, 8.0302778], [-1.081177, 8.0174955], [-1.0950387, 7.9982073], [-1.1041689, 7.9960824], [-1.1067385, 7.9925656], [-1.1123496, 7.9956414], [-1.1203051, 7.9932297], [-1.1257929, 7.9976017], [-1.1316079, 7.9951368], [-1.1357331, 7.9983135], [-1.1577433, 7.9993866], [-1.1624962, 8.0148501], [-1.1589536, 8.0230438], [-1.1592652, 8.0344121], [-1.1660487, 8.0603787], [-1.1654247, 8.069805], [-1.1566178, 8.083768], [-1.1565534, 8.0886582], [-1.2294904, 8.2048765], [-1.2371273, 8.2237489], [-1.2512928, 8.2431839], [-1.2664729, 8.2573418], [-1.2686649, 8.2769017], [-1.2751889, 8.2852761], [-1.2739382, 8.2905132], [-1.2778504, 8.3001654], [-1.2758746, 8.3043211], [-1.280329, 8.3088993], [-1.2749236, 8.3114212], [-1.2777533, 8.3234443], [-1.2733219, 8.3348187], [-1.2656949, 8.3402598], [-1.2618579, 8.3514435], [-1.2585898, 8.3525916], [-1.2568642, 8.3592943], [-1.2620602, 8.3683267], [-1.2601805, 8.3723861], [-1.2554502, 8.3727332], [-1.2527364, 8.3792882], [-1.2576165, 8.392092], [-1.2558465, 8.4029647], [-1.2600157, 8.4074714], [-1.2562747, 8.4100461], [-1.2581042, 8.4138356], [-1.253915, 8.4182097], [-1.2560134, 8.420998], [-1.2537043, 8.4240866], [-1.2544588, 8.4272955], [-1.2609575, 8.4291492], [-1.2630181, 8.4345255], [-1.2574522, 8.4492136], [-1.2585523, 8.454897], [-1.2453713, 8.4640876], [-1.242815, 8.4673441], [-1.2447577, 8.4701934], [-1.2318207, 8.47051], [-1.2294259, 8.4770478], [-1.221452, 8.4774378], [-1.2210626, 8.488815], [-1.2182952, 8.4912667], [-1.2037606, 8.495123], [-1.1945674, 8.4940941], [-1.19188, 8.5021938], [-1.195944, 8.5115533], [-1.1825222, 8.510634], [-1.1793357, 8.5178851], [-1.1743869, 8.5169172], [-1.1735852, 8.5076245], [-1.1687121, 8.5083625], [-1.1636796, 8.5150982], [-1.1649969, 8.5232118], [-1.172296, 8.5286053], [-1.1721949, 8.5349404], [-1.1624975, 8.5366091], [-1.1456318, 8.5512655], [-1.1420234, 8.5822127], [-1.1515151, 8.6405394], [-1.1327202, 8.6809203], [-1.1753655, 8.6829999], [-1.1871243, 8.6791817], [-1.1976385, 8.6708241], [-1.211586, 8.6691908], [-1.2621617, 8.6908481], [-1.2872994, 8.7204897], [-1.3093901, 8.7227274], [-1.3540757, 8.7585697], [-1.3755548, 8.7678478], [-1.4104879, 8.7748354], [-1.4387906, 8.7676251], [-1.4745927, 8.7655044], [-1.4847207, 8.760033], [-1.4996069, 8.7391816], [-1.5096101, 8.6920454], [-1.5277508, 8.6814348], [-1.5545554, 8.6747916], [-1.6118545, 8.6761578], [-1.6285535, 8.6797928], [-1.6466457, 8.6924735], [-1.6567276, 8.6952975], [-1.679311, 8.6831472], [-1.6830955, 8.6732431], [-1.6824731, 8.6586449], [-1.6930546, 8.6430403], [-1.737002, 8.6266183], [-1.7552576, 8.6306127], [-1.7885599, 8.6526753], [-1.8165789, 8.6626247], [-1.8375981, 8.6621089], [-1.8549207, 8.6543288], [-1.8708678, 8.6363185], [-1.8888781, 8.5877465], [-1.8967012, 8.5328988], [-1.8827314, 8.4743975], [-1.892059, 8.4553126], [-1.9031059, 8.4471886], [-1.9092956, 8.4374742], [-1.9076622, 8.3970692], [-1.8829463, 8.3474226], [-1.8692344, 8.3330659], [-1.8485161, 8.3296272], [-1.8177607, 8.3395744], [-1.7947084, 8.3386655], [-1.7698384, 8.3230495], [-1.7665335, 8.3107384], [-1.7467035, 8.2768623], [-1.7484387, 8.2585196], [-1.7704168, 8.2327408], [-1.7919818, 8.2247262], [-1.8017524, 8.2260156], [-1.8136831, 8.2364219], [-1.8421844, 8.2515342], [-1.8682333, 8.2585601], [-1.8958729, 8.2610125], [-1.9068757, 8.2470933], [-1.9140341, 8.2275401], [-1.9321291, 8.2097765], [-1.9327257, 8.2010936], [-1.9433971, 8.1839928], [-1.9612269, 8.1686817], [-1.9775986, 8.1660967], [-2.006829, 8.1546299], [-2.0310882, 8.1546962], [-2.0425129, 8.1483138], [-2.0648222, 8.1463947], [-2.0809524, 8.1531837], [-2.1059645, 8.1579819], [-2.1182153, 8.1576246], [-2.1217424, 8.1510519], [-2.0860304, 8.1176951], [-2.0613112, 8.0633102], [-2.0256056, 8.0225167], [-2.0159926, 7.9993985], [-2.022859, 7.968119], [-2.0352187, 7.9504382], [-2.0118727, 7.9436377], [-1.9912733, 7.9558785], [-1.9651808, 7.9463579], [-1.937715, 7.9041925], [-1.9033827, 7.8620228], [-1.8937697, 7.8225698], [-1.895143, 7.7994405], [-1.9390883, 7.7912769], [-1.9651808, 7.7939981], [-2.0159926, 7.7640637], [-2.0530714, 7.7640637], [-2.0681776, 7.7368488], [-2.0585646, 7.6905794], [-2.0324721, 7.6619988], [-2.0681776, 7.6402217], [-2.0777907, 7.6184436], [-2.0860304, 7.5816904], [-2.1052565, 7.5462956], [-2.121736, 7.5231512], [-2.1203627, 7.5040902], [-2.0989809, 7.4633083], [-2.0285335, 7.4544982], [-2.0100465, 7.4615484], [-1.9929816, 7.4573183], [-1.9595628, 7.4671885], [-1.9183227, 7.449563], [-1.8664169, 7.4636635], [-1.8358423, 7.4678935], [-1.8237547, 7.3882206], [-1.7810924, 7.3642454], [-1.754784, 7.3360376], [-1.6900796, 7.3473209], [-1.6644823, 7.3339219], [-1.6367518, 7.3353324], [-1.6040441, 7.3529625], [-1.5962227, 7.375528], [-1.5756026, 7.3938616], [-1.526541, 7.3889257], [-1.5229858, 7.41572], [-1.5286741, 7.4819934], [-1.4980995, 7.4975028], [-1.4511711, 7.5299297], [-1.392866, 7.6180339], [-1.3473596, 7.620853], [-1.316785, 7.5905473], [-1.3018532, 7.4826984], [-1.2734117, 7.4650735], [-1.2257722, 7.4573183], [-1.1980417, 7.4650735], [-1.0807206, 7.4777635], [-1.0704428, 7.4892107], [-1.0671429, 7.4963291], [-1.0684472, 7.5016411], [-1.0525992, 7.5086288], [-1.0453086, 7.515582], [-1.0408134, 7.527553], [-1.0355774, 7.5269985], [-1.0247554, 7.5340162], [-1.0179705, 7.5322401], [-1.0143843, 7.5348591], [-1.0023007, 7.5282047], [-0.9921126, 7.5293652], [-0.9834992, 7.5347075], [-0.9760548, 7.5291551], [-0.9770715, 7.5259187], [-0.9721217, 7.5196772], [-0.9531883, 7.523524], [-0.9358669, 7.5140856], [-0.93307, 7.5056027], [-0.9320144, 7.5079044], [-0.9252227, 7.5037655], [-0.9017814, 7.5080476], [-0.8931696, 7.5042936], [-0.889943, 7.5165823], [-0.8845602, 7.5131295], [-0.8757867, 7.5144917], [-0.8667742, 7.5207137], [-0.8621315, 7.5183002], [-0.8639558, 7.5147005], [-0.8558001, 7.5187585], [-0.8450603, 7.5183909], [-0.8436823, 7.5097564], [-0.8379841, 7.5086048], [-0.8283535, 7.5122593], [-0.821546, 7.508502], [-0.8204033, 7.4995394], [-0.808438, 7.5110133], [-0.8076655, 7.5025968], [-0.8045904, 7.504266], [-0.7957621, 7.4988974], [-0.789212, 7.5007882], [-0.7849967, 7.4977017], [-0.7809913, 7.5047007], [-0.7735067, 7.5038799], [-0.7671655, 7.5085482], [-0.7581086, 7.5071648], [-0.7510494, 7.5106317], [-0.7475889, 7.5086018], [-0.739262, 7.5201493], [-0.7263384, 7.5228368], [-0.7209446, 7.5198857], [-0.7051672, 7.5299096], [-0.7010814, 7.5287836], [-0.6891334, 7.5414947], [-0.6891443, 7.5339441], [-0.6835874, 7.5249037], [-0.6769299, 7.5290339], [-0.6756858, 7.5230234], [-0.6710094, 7.5227415], [-0.6564025, 7.5052806], [-0.6500424, 7.5020309], [-0.6515239, 7.4956063], [-0.6481337, 7.4899772], [-0.6504611, 7.4809041], [-0.6478762, 7.477073], [-0.6519694, 7.4667001], [-0.6478305, 7.4616439], [-0.651442, 7.4560948], [-0.6541822, 7.4307878], [-0.6416993, 7.4204817], [-0.6380295, 7.4098159], [-0.6390573, 7.4023489], [-0.6248098, 7.3835476], [-0.6190201, 7.3824152], [-0.6081747, 7.361841], [-0.6006443, 7.3560536], [-0.5986814, 7.3486279], [-0.5930394, 7.3474128], [-0.574288, 7.3533691], [-0.5560212, 7.3519648], [-0.5518571, 7.3548936], [-0.5409423, 7.3545519], [-0.5339593, 7.3478355], [-0.5053598, 7.3410093], [-0.4991941, 7.3435055], [-0.49707, 7.3393489], [-0.4927257, 7.3439255], [-0.4841807, 7.337355], [-0.479414, 7.3382564], [-0.4777109, 7.3354427], [-0.4735073, 7.3388036], [-0.4606692, 7.3311691], [-0.4566592, 7.3342462], [-0.4538958, 7.3315923], [-0.4475524, 7.3326473], [-0.4311333, 7.3232846], [-0.4269873, 7.3268795], [-0.4233309, 7.3210171], [-0.408562, 7.3182689], [-0.3962807, 7.3116257], [-0.3818892, 7.3128605], [-0.3772754, 7.3091189], [-0.361993, 7.3117549], [-0.3548607, 7.3085885], [-0.3567674, 7.301584], [-0.3542276, 7.2976467], [-0.3468492, 7.2930327], [-0.3298654, 7.2909404], [-0.3314692, 7.2873565], [-0.3254265, 7.2851919], [-0.324436, 7.2810941], [-0.3109901, 7.2857049], [-0.3081235, 7.2791151], [-0.30224, 7.2777278], [-0.2976878, 7.2830161], [-0.2888487, 7.2843888], [-0.2881274, 7.2805285], [-0.2749645, 7.2745618], [-0.2723882, 7.2681294], [-0.2616741, 7.2666953], [-0.2603448, 7.2489686], [-0.2545357, 7.2328665], [-0.256652, 7.2283327], [-0.2509288, 7.2231562], [-0.2424939, 7.2220356], [-0.2437031, 7.2119128], [-0.2387176, 7.2023532], [-0.220814, 7.2128378], [-0.2172481, 7.2110524], [-0.2155453, 7.1996982], [-0.2090684, 7.2018077], [-0.2004562, 7.1843903], [-0.1435732, 7.1801575], [-0.0992927, 7.1798972], [-0.0941348, 7.1831405], [-0.0840744, 7.1792943], [-0.0615546, 7.1881413], [-0.0527076, 7.1964522], [-0.0275069, 7.1913585], [-0.0141022, 7.1932351], [-0.0041828, 7.1910904], [0.0043962, 7.1940394], [0.0110985, 7.1862647], [0.021286, 7.1830476], [0.0290607, 7.1854604], [0.0408568, 7.1809028], [0.0505081, 7.1720558], [0.067398, 7.1736643], [0.0810707, 7.1817071], [0.0978768, 7.1777211], [0.1232341, 7.1838823], [0.1823312, 7.1796958], [0.1825569, 7.1932582], [0.1919456, 7.2190926], [0.2040061, 7.2754326], [0.214976, 7.3100536], [0.2083525, 7.3509277], [0.198556, 7.3680206], [0.1789047, 7.3810021], [0.1726866, 7.3805013], [0.1504368, 7.3909027], [0.1364779, 7.4023164], [0.1240542, 7.4064854], [0.0909519, 7.4293239], [0.0832269, 7.4484788], [0.0770913, 7.482111], [0.0430259, 7.5390841], [0.0094297, 7.5784699], [-0.0143045, 7.6261066], [-0.0168456, 7.6483519], [-0.0152084, 7.6840349], [0.0024978, 7.7176116], [0.0041119, 7.7424331], [-0.0145211, 7.7569581], [-0.0772862, 7.7472719], [-0.1000953, 7.7504239], [-0.1109641, 7.7602737], [-0.1264631, 7.7882352], [-0.136241, 7.8249773]]]}}, {"type": "Feature", "properties": {"name": "Savannah Region", "country": "GHA"}, "geometry": {"type": "Polygon", "coordinates": [[[-0.3847059, 8.1528227], [-0.3541618, 8.1662028], [-0.351583, 8.1725968], [-0.3586256, 8.1857244], [-0.3518715, 8.1927516], [-0.348646, 8.2017038], [-0.3685549, 8.2010957], [-0.3849401, 8.1950427], [-0.3896901, 8.1987398], [-0.3907812, 8.2109016], [-0.3875222, 8.2241052], [-0.3694908, 8.2309025], [-0.3193076, 8.2268146], [-0.2918762, 8.2427911], [-0.280701, 8.2455903], [-0.2747727, 8.2295557], [-0.2594575, 8.216323], [-0.2378605, 8.2179147], [-0.2326576, 8.2130087], [-0.224308, 8.2128948], [-0.2189522, 8.2179707], [-0.198615, 8.2193472], [-0.1975865, 8.2245445], [-0.1885218, 8.2317898], [-0.1820519, 8.2323333], [-0.1772048, 8.227864], [-0.1686487, 8.2314236], [-0.1655325, 8.2384296], [-0.1696242, 8.2532502], [-0.1427476, 8.2721302], [-0.1449708, 8.2862128], [-0.1587912, 8.295846], [-0.1642585, 8.3119], [-0.184323, 8.3369822], [-0.18695, 8.3570902], [-0.1960158, 8.3475792], [-0.209856, 8.3504744], [-0.2169156, 8.3387791], [-0.2325261, 8.3395646], [-0.2373111, 8.3428872], [-0.2476108, 8.3337792], [-0.2619338, 8.3367515], [-0.2666652, 8.3266986], [-0.2755916, 8.3196921], [-0.3082287, 8.3206157], [-0.3241879, 8.3342728], [-0.3267038, 8.3397716], [-0.3181475, 8.3448245], [-0.3068394, 8.3581836], [-0.2998281, 8.353375], [-0.2731562, 8.3532476], [-0.2585006, 8.3494899], [-0.2528894, 8.3522817], [-0.2491343, 8.3808881], [-0.226038, 8.4278623], [-0.2189222, 8.4555246], [-0.2281743, 8.4587917], [-0.233494, 8.4574739], [-0.2428598, 8.4727208], [-0.2193613, 8.4750284], [-0.217532, 8.4700536], [-0.2130302, 8.4681878], [-0.2107142, 8.4863523], [-0.1998997, 8.4817318], [-0.1950731, 8.4833421], [-0.2082436, 8.4946847], [-0.2045322, 8.4972069], [-0.1995643, 8.5220901], [-0.2063375, 8.5256658], [-0.2061764, 8.538683], [-0.1973418, 8.5472972], [-0.1966703, 8.5523978], [-0.2145911, 8.552595], [-0.2210891, 8.5616386], [-0.2223981, 8.5699986], [-0.2289963, 8.5671023], [-0.2342212, 8.5717173], [-0.2374077, 8.567898], [-0.2376398, 8.5596677], [-0.2573633, 8.55557], [-0.2606678, 8.5462654], [-0.2655923, 8.5469338], [-0.2698302, 8.5423292], [-0.2690578, 8.5509655], [-0.2779091, 8.5577237], [-0.2883051, 8.5447529], [-0.2954185, 8.5415865], [-0.2985728, 8.5436236], [-0.2934015, 8.5473688], [-0.2998332, 8.5458069], [-0.3046775, 8.535072], [-0.3057718, 8.5389447], [-0.3107178, 8.539125], [-0.3121448, 8.5276131], [-0.3177667, 8.5358996], [-0.3233028, 8.531836], [-0.3336883, 8.5338307], [-0.3354907, 8.5311781], [-0.3366065, 8.5393266], [-0.3496528, 8.5599835], [-0.3439665, 8.56863], [-0.3560563, 8.5712647], [-0.3636742, 8.5815134], [-0.3577997, 8.5902631], [-0.3576447, 8.5990012], [-0.3623548, 8.5988468], [-0.3714943, 8.5870071], [-0.373398, 8.5980849], [-0.378037, 8.5980429], [-0.3794109, 8.5928001], [-0.3829677, 8.5923176], [-0.3910191, 8.5953958], [-0.3962738, 8.5930779], [-0.3961691, 8.5979592], [-0.3984703, 8.5964132], [-0.4024069, 8.6044844], [-0.4074933, 8.5978274], [-0.411073, 8.5990407], [-0.4092019, 8.6072467], [-0.4123991, 8.6101506], [-0.4151251, 8.6078258], [-0.4172125, 8.6138324], [-0.4135911, 8.6166417], [-0.4125104, 8.6259591], [-0.4192401, 8.6390814], [-0.417792, 8.6460121], [-0.4233422, 8.650061], [-0.4304613, 8.6432933], [-0.4348486, 8.6442928], [-0.4363138, 8.6499542], [-0.4327439, 8.6588745], [-0.4394629, 8.6594815], [-0.440553, 8.6641417], [-0.447101, 8.6624538], [-0.4537051, 8.6756219], [-0.4596233, 8.6785694], [-0.4598279, 8.6749973], [-0.4699543, 8.6718161], [-0.4759026, 8.6831257], [-0.4851238, 8.6825363], [-0.484886, 8.7015928], [-0.4902337, 8.704391], [-0.4860903, 8.7265376], [-0.4756521, 8.7337696], [-0.471291, 8.7339594], [-0.4562186, 8.7209553], [-0.4481136, 8.7295166], [-0.4309618, 8.7165192], [-0.4316614, 8.7284009], [-0.4131707, 8.734048], [-0.4083674, 8.7318214], [-0.414242, 8.718619], [-0.4124049, 8.7081755], [-0.4075757, 8.7155408], [-0.4057301, 8.7071111], [-0.3965924, 8.7130424], [-0.3868406, 8.7114614], [-0.3874156, 8.7088247], [-0.381023, 8.7114137], [-0.3837947, 8.7240811], [-0.3688425, 8.7225926], [-0.3659267, 8.7348705], [-0.3734064, 8.7402024], [-0.3728582, 8.7432949], [-0.358637, 8.7481467], [-0.3537527, 8.7544423], [-0.345841, 8.758475], [-0.3438523, 8.7549575], [-0.3396697, 8.7559203], [-0.3294485, 8.742162], [-0.314555, 8.7507767], [-0.3144263, 8.7650871], [-0.3077454, 8.7699781], [-0.3094565, 8.785641], [-0.3058431, 8.7841603], [-0.3046518, 8.7871197], [-0.3065562, 8.7956352], [-0.3032354, 8.7948578], [-0.2971626, 8.8059346], [-0.2994789, 8.809117], [-0.2953581, 8.8107715], [-0.2993849, 8.8193243], [-0.3080007, 8.8205143], [-0.3166211, 8.8162766], [-0.3211075, 8.8193166], [-0.3226849, 8.8341763], [-0.3343438, 8.8370085], [-0.338375, 8.8453314], [-0.3428875, 8.8464208], [-0.3446592, 8.8555349], [-0.3411411, 8.8560099], [-0.338879, 8.8610555], [-0.3441038, 8.8622303], [-0.3387901, 8.8673916], [-0.3331547, 8.8664199], [-0.3304909, 8.858981], [-0.3260935, 8.8631027], [-0.3139405, 8.8588045], [-0.299675, 8.8608598], [-0.3000423, 8.8649996], [-0.2950929, 8.8657485], [-0.302027, 8.87749], [-0.3020336, 8.8857233], [-0.2952207, 8.8887872], [-0.2910558, 8.8854993], [-0.2879437, 8.8924861], [-0.2795386, 8.8960744], [-0.2809919, 8.9012982], [-0.2743734, 8.8997391], [-0.272789, 8.9034602], [-0.2559061, 8.9009177], [-0.2438807, 8.9086198], [-0.2486299, 8.9174824], [-0.237512, 8.9203126], [-0.2406352, 8.9219423], [-0.2420956, 8.9308736], [-0.2342594, 8.9408262], [-0.2336368, 8.9363434], [-0.2279228, 8.9381761], [-0.2220236, 8.9357989], [-0.2131841, 8.9460442], [-0.2012769, 8.9467708], [-0.1954846, 8.9752143], [-0.2028411, 8.9984661], [-0.2060457, 8.9986108], [-0.2040141, 9.0047325], [-0.2123903, 9.0120031], [-0.2093814, 9.0124743], [-0.2088333, 9.0272401], [-0.2173292, 9.0295515], [-0.2184201, 9.0328471], [-0.2118792, 9.0456862], [-0.2130641, 9.0515218], [-0.2039696, 9.0628846], [-0.2130296, 9.0789846], [-0.208086, 9.0824853], [-0.2102936, 9.0861174], [-0.2093582, 9.0941168], [-0.2060355, 9.09562], [-0.2077914, 9.1029648], [-0.2026422, 9.108917], [-0.2103687, 9.1109532], [-0.2182619, 9.1085589], [-0.2222713, 9.1127299], [-0.2236006, 9.121269], [-0.2310286, 9.1234112], [-0.2371943, 9.1179098], [-0.2415026, 9.1225328], [-0.2473255, 9.1230792], [-0.2501166, 9.1293077], [-0.2584676, 9.1264133], [-0.2610393, 9.130054], [-0.2700013, 9.1296196], [-0.2820575, 9.1378275], [-0.2819065, 9.1453602], [-0.2871468, 9.1483004], [-0.2847646, 9.1502279], [-0.2865664, 9.1549227], [-0.2902701, 9.1549242], [-0.2945754, 9.17668], [-0.308089, 9.1811102], [-0.309355, 9.1934585], [-0.3173228, 9.1972829], [-0.3240046, 9.209335], [-0.3403765, 9.2112396], [-0.3586552, 9.2234859], [-0.3780666, 9.2280596], [-0.3921581, 9.2356027], [-0.4196424, 9.2225199], [-0.4263307, 9.2227511], [-0.4359095, 9.2310009], [-0.4524301, 9.2357261], [-0.4631005, 9.2429541], [-0.46931, 9.2425473], [-0.483706, 9.2505644], [-0.4896439, 9.2495368], [-0.5070863, 9.2586447], [-0.511894, 9.2651796], [-0.5110232, 9.2740645], [-0.5195204, 9.2822464], [-0.5351148, 9.2746748], [-0.5411868, 9.2771244], [-0.5442045, 9.2753106], [-0.553103, 9.284508], [-0.5663043, 9.2882766], [-0.5801216, 9.3164951], [-0.5944311, 9.3287659], [-0.5986311, 9.3238988], [-0.6045679, 9.3230262], [-0.6101505, 9.3113944], [-0.6172504, 9.3125797], [-0.6270409, 9.3070527], [-0.6364368, 9.3104328], [-0.6326762, 9.3157103], [-0.6351206, 9.3188333], [-0.6541666, 9.3152526], [-0.6841029, 9.3255199], [-0.6890586, 9.3101843], [-0.7145233, 9.3262876], [-0.7177828, 9.313684], [-0.7115817, 9.306], [-0.7143454, 9.295933], [-0.7104958, 9.2901505], [-0.6973584, 9.2850479], [-0.6984011, 9.28256], [-0.6940318, 9.2782507], [-0.708456, 9.2871629], [-0.7644449, 9.2960375], [-0.7748663, 9.3029143], [-0.7954893, 9.3089743], [-0.8059132, 9.3189498], [-0.8145747, 9.3129327], [-0.8228568, 9.3116167], [-0.8328226, 9.2973482], [-0.8424367, 9.2996874], [-0.8484125, 9.2967437], [-0.8491585, 9.3043047], [-0.859697, 9.3064703], [-0.869872, 9.3063959], [-0.8797338, 9.2999745], [-0.8851263, 9.3104343], [-0.9263752, 9.2963555], [-0.9337416, 9.2985393], [-0.9357671, 9.2939933], [-0.9475722, 9.2932424], [-0.9640517, 9.3189915], [-1.0025038, 9.3040844], [-0.9997572, 9.3203467], [-1.0203566, 9.3325429], [-1.050569, 9.3284776], [-1.0876479, 9.3000187], [-1.1151137, 9.3122156], [-1.1618056, 9.3135708], [-1.1988844, 9.3000187], [-1.2208571, 9.2742682], [-1.2373366, 9.2878213], [-1.2565627, 9.323057], [-1.2318434, 9.3962275], [-1.2565627, 9.4422898], [-1.2757887, 9.493764], [-1.3252272, 9.5438761], [-1.3677992, 9.595335], [-1.3169875, 9.6278313], [-1.3114943, 9.6616783], [-1.3417067, 9.6968756], [-1.3389601, 9.7713192], [-1.3320937, 9.7848526], [-1.2991347, 9.8024452], [-1.2661757, 9.7848526], [-1.2428297, 9.8146242], [-1.1961378, 9.782146], [-1.1659254, 9.7848526], [-1.1549391, 9.8511583], [-1.1714186, 9.8849827], [-1.1755385, 9.92692], [-1.1412062, 9.9309782], [-1.1000075, 9.916098], [-1.1219801, 9.940447], [-1.1769118, 9.9742621], [-1.2222304, 9.9864347], [-1.2318434, 10.0175404], [-1.2744154, 10.016188], [-1.2963881, 10.0351205], [-1.3375868, 10.0608128], [-1.4501967, 10.0824469], [-1.5171558, 10.0761508], [-1.5534668, 10.0525179], [-1.6260888, 10.0585778], [-1.6131646, 10.0337316], [-1.6131646, 10.0107017], [-1.6667079, 10.0082775], [-1.6845557, 9.9694863], [-1.6722469, 9.926447], [-1.6753241, 9.8864335], [-1.6944028, 9.870063], [-1.6851712, 9.8251914], [-1.6722469, 9.7875916], [-1.6796322, 9.7402825], [-1.6925565, 9.7172321], [-1.7294829, 9.6887202], [-1.8297998, 9.662026], [-1.8827277, 9.6359364], [-1.9134997, 9.6359364], [-1.9295012, 9.6784068], [-1.9621195, 9.725118], [-1.9898144, 9.7348234], [-2.0778224, 9.6905402], [-2.1559834, 9.7457416], [-2.2095267, 9.8033597], [-2.2759944, 9.8088178], [-2.3904664, 9.7803137], [-2.4544722, 9.7809202], [-2.5123236, 9.7669705], [-2.5418648, 9.714199], [-2.5738677, 9.7129858], [-2.5954081, 9.6711265], [-2.7500647, 9.6484187], [-2.7456013, 9.6412854], [-2.7474146, 9.6340489], [-2.762862, 9.6168594], [-2.7633153, 9.6086424], [-2.7718236, 9.6000815], [-2.7709092, 9.5751711], [-2.7551044, 9.5494852], [-2.7452518, 9.5448374], [-2.7318477, 9.5297544], [-2.7124592, 9.522824], [-2.6935464, 9.5036172], [-2.6848736, 9.488177], [-2.6850092, 9.472109], [-2.6899361, 9.4538909], [-2.6887108, 9.4333283], [-2.6769379, 9.4068526], [-2.6734753, 9.3878881], [-2.6774706, 9.3675386], [-2.683437, 9.3588554], [-2.6918538, 9.3537413], [-2.7027211, 9.3402638], [-2.716252, 9.3371208], [-2.7205669, 9.3331787], [-2.7211529, 9.3135217], [-2.7167561, 9.2988039], [-2.7095818, 9.2899151], [-2.693248, 9.2842749], [-2.685803, 9.2875688], [-2.6685216, 9.2730849], [-2.6570609, 9.2572474], [-2.66419, 9.2400562], [-2.6934736, 9.2256175], [-2.6963614, 9.2192103], [-2.7141391, 9.206441], [-2.7256901, 9.1700734], [-2.735016, 9.1582932], [-2.7466844, 9.1523607], [-2.7605435, 9.1515978], [-2.7727846, 9.1433589], [-2.7729475, 9.134943], [-2.7651001, 9.1219557], [-2.7608298, 9.0905976], [-2.7686858, 9.0756458], [-2.7801807, 9.0631557], [-2.7726023, 9.0473892], [-2.7664859, 9.0457318], [-2.7618617, 9.0375495], [-2.7480354, 9.0321158], [-2.7288798, 9.0300453], [-2.7220788, 9.0326577], [-2.690837, 9.0237878], [-2.6701361, 9.0230112], [-2.6544678, 9.0079189], [-2.6583376, 8.9836786], [-2.6519028, 8.9447077], [-2.6434012, 8.9346958], [-2.6180561, 8.9217312], [-2.6171096, 8.9071698], [-2.6232291, 8.8783096], [-2.6079838, 8.8481012], [-2.5996592, 8.8382921], [-2.596807, 8.827969], [-2.5992318, 8.8219022], [-2.6228522, 8.8077343], [-2.6303194, 8.7942627], [-2.613953, 8.7823929], [-2.6034738, 8.7876585], [-2.5842542, 8.7865793], [-2.5692854, 8.7727443], [-2.5428639, 8.7620018], [-2.535257, 8.7402912], [-2.5240942, 8.7329094], [-2.5119862, 8.7305238], [-2.4978801, 8.7180005], [-2.488844, 8.6988611], [-2.4868518, 8.6847022], [-2.4642972, 8.6528269], [-2.44626, 8.6427355], [-2.4422265, 8.6451138], [-2.4314969, 8.6408736], [-2.430572, 8.6346836], [-2.41684, 8.6231572], [-2.41429, 8.6092744], [-2.4186614, 8.5952948], [-2.4142444, 8.5743482], [-2.4092675, 8.5667946], [-2.3802886, 8.5564789], [-2.3702638, 8.5469554], [-2.3583175, 8.5196377], [-2.3705344, 8.5063616], [-2.3666314, 8.4758327], [-2.3558848, 8.4689356], [-2.3531581, 8.4607553], [-2.3469026, 8.4562642], [-2.3420372, 8.4418285], [-2.3236985, 8.4123154], [-2.3195282, 8.4101768], [-2.3206849, 8.4051595], [-2.3165772, 8.3970599], [-2.3088247, 8.3938201], [-2.3052377, 8.3856626], [-2.3072626, 8.3707941], [-2.3006094, 8.3643722], [-2.3044278, 8.3548262], [-2.2969067, 8.344181], [-2.2933197, 8.3247998], [-2.2883443, 8.3243949], [-2.285683, 8.319188], [-2.2869558, 8.3086006], [-2.2839473, 8.2952362], [-2.2396309, 8.2819876], [-2.2254696, 8.2637635], [-2.2105157, 8.2598562], [-2.2067553, 8.2539846], [-2.2081286, 8.2446728], [-2.2120446, 8.2414184], [-2.1918222, 8.2226049], [-2.1760493, 8.2189297], [-2.1671164, 8.2115281], [-2.1616546, 8.1742653], [-2.1386333, 8.1611467], [-2.1361321, 8.1530305], [-2.1246469, 8.1483854], [-2.1182153, 8.1576246], [-2.1059645, 8.1579819], [-2.0809524, 8.1531837], [-2.0648222, 8.1463947], [-2.0425129, 8.1483138], [-2.0310882, 8.1546962], [-2.006829, 8.1546299], [-1.9775986, 8.1660967], [-1.9612269, 8.1686817], [-1.9433971, 8.1839928], [-1.9327257, 8.2010936], [-1.9321291, 8.2097765], [-1.9140341, 8.2275401], [-1.9068757, 8.2470933], [-1.8958729, 8.2610125], [-1.8682333, 8.2585601], [-1.8421844, 8.2515342], [-1.8136831, 8.2364219], [-1.8017524, 8.2260156], [-1.7919818, 8.2247262], [-1.7704168, 8.2327408], [-1.7484387, 8.2585196], [-1.7467035, 8.2768623], [-1.7665335, 8.3107384], [-1.7698384, 8.3230495], [-1.7947084, 8.3386655], [-1.8177607, 8.3395744], [-1.8485161, 8.3296272], [-1.8692344, 8.3330659], [-1.8829463, 8.3474226], [-1.9076622, 8.3970692], [-1.9092956, 8.4374742], [-1.9031059, 8.4471886], [-1.892059, 8.4553126], [-1.8827314, 8.4743975], [-1.8967012, 8.5328988], [-1.8888781, 8.5877465], [-1.8708678, 8.6363185], [-1.8549207, 8.6543288], [-1.8375981, 8.6621089], [-1.8165789, 8.6626247], [-1.7885599, 8.6526753], [-1.7552576, 8.6306127], [-1.737002, 8.6266183], [-1.6930546, 8.6430403], [-1.6824731, 8.6586449], [-1.6830955, 8.6732431], [-1.679311, 8.6831472], [-1.6567276, 8.6952975], [-1.6466457, 8.6924735], [-1.6285535, 8.6797928], [-1.6118545, 8.6761578], [-1.5545554, 8.6747916], [-1.5277508, 8.6814348], [-1.5096101, 8.6920454], [-1.4996069, 8.7391816], [-1.4847207, 8.760033], [-1.4745927, 8.7655044], [-1.4387906, 8.7676251], [-1.4104879, 8.7748354], [-1.3755548, 8.7678478], [-1.3540757, 8.7585697], [-1.3093901, 8.7227274], [-1.2872994, 8.7204897], [-1.2621617, 8.6908481], [-1.211586, 8.6691908], [-1.1976385, 8.6708241], [-1.1871243, 8.6791817], [-1.1753655, 8.6829999], [-1.1327202, 8.6809203], [-1.1515151, 8.6405394], [-1.1420234, 8.5822127], [-1.1456318, 8.5512655], [-1.1624975, 8.5366091], [-1.1721949, 8.5349404], [-1.172296, 8.5286053], [-1.1649969, 8.5232118], [-1.1636796, 8.5150982], [-1.1687121, 8.5083625], [-1.1735852, 8.5076245], [-1.1743869, 8.5169172], [-1.1793357, 8.5178851], [-1.1825222, 8.510634], [-1.195944, 8.5115533], [-1.19188, 8.5021938], [-1.1945674, 8.4940941], [-1.2037606, 8.495123], [-1.2182952, 8.4912667], [-1.2210626, 8.488815], [-1.221452, 8.4774378], [-1.2294259, 8.4770478], [-1.2318207, 8.47051], [-1.2447577, 8.4701934], [-1.242815, 8.4673441], [-1.2453713, 8.4640876], [-1.2585523, 8.454897], [-1.2574522, 8.4492136], [-1.2630181, 8.4345255], [-1.2609575, 8.4291492], [-1.2544588, 8.4272955], [-1.2537043, 8.4240866], [-1.2560134, 8.420998], [-1.253915, 8.4182097], [-1.2581042, 8.4138356], [-1.2562747, 8.4100461], [-1.2600157, 8.4074714], [-1.2558465, 8.4029647], [-1.2576165, 8.392092], [-1.2527364, 8.3792882], [-1.2554502, 8.3727332], [-1.2601805, 8.3723861], [-1.2620602, 8.3683267], [-1.2568642, 8.3592943], [-1.2585898, 8.3525916], [-1.2618579, 8.3514435], [-1.2656949, 8.3402598], [-1.2733219, 8.3348187], [-1.2777533, 8.3234443], [-1.2749236, 8.3114212], [-1.280329, 8.3088993], [-1.2758746, 8.3043211], [-1.2778504, 8.3001654], [-1.2739382, 8.2905132], [-1.2751889, 8.2852761], [-1.2686649, 8.2769017], [-1.2664729, 8.2573418], [-1.2512928, 8.2431839], [-1.2371273, 8.2237489], [-1.2294904, 8.2048765], [-1.1565534, 8.0886582], [-1.1566178, 8.083768], [-1.1654247, 8.069805], [-1.1660487, 8.0603787], [-1.1592652, 8.0344121], [-1.1589536, 8.0230438], [-1.1624962, 8.0148501], [-1.1577433, 7.9993866], [-1.1357331, 7.9983135], [-1.1316079, 7.9951368], [-1.1257929, 7.9976017], [-1.1203051, 7.9932297], [-1.1123496, 7.9956414], [-1.1067385, 7.9925656], [-1.1041689, 7.9960824], [-1.0950387, 7.9982073], [-1.081177, 8.0174955], [-1.0458653, 8.0302778], [-1.0348298, 8.0254024], [-1.029851, 8.0170308], [-1.0164711, 8.017616], [-1.0194421, 8.0321104], [-1.028059, 8.0430916], [-1.0346436, 8.0463309], [-1.0336956, 8.0547744], [-1.0481425, 8.0625385], [-1.0487543, 8.0669651], [-1.0410081, 8.0794732], [-1.0432972, 8.093942], [-1.0687431, 8.1292465], [-1.0405023, 8.1660266], [-1.0432077, 8.1741849], [-1.0431707, 8.204407], [-1.0397104, 8.2431076], [-1.0337557, 8.2453383], [-1.019193, 8.2611871], [-1.0102267, 8.247946], [-0.9899489, 8.2456566], [-0.9874837, 8.2354212], [-0.9789795, 8.2272929], [-0.9677308, 8.2331028], [-0.9657579, 8.246729], [-0.9590941, 8.25111], [-0.9486716, 8.246522], [-0.9394443, 8.2513708], [-0.9236578, 8.251998], [-0.9067468, 8.2575056], [-0.9048143, 8.2551493], [-0.8783113, 8.2638232], [-0.8619804, 8.2724287], [-0.8526071, 8.3156531], [-0.8595944, 8.3224304], [-0.8578484, 8.3285935], [-0.8271202, 8.3355949], [-0.8014485, 8.339679], [-0.779861, 8.3355949], [-0.7407701, 8.3355949], [-0.6394762, 8.2695102], [-0.5424699, 8.1876867], [-0.5030236, 8.180916], [-0.487461, 8.1721035], [-0.4443944, 8.157564], [-0.4189655, 8.1528733], [-0.3847059, 8.1528227]]]}}, {"type": "Feature", "properties": {"name": "North East Region", "country": "GHA"}, "geometry": {"type": "Polygon", "coordinates": [[[-1.2318434, 10.0175404], [-1.2098708, 10.062165], [-1.1727919, 10.0878552], [-1.1261, 10.1000235], [-1.1123671, 10.1148952], [-1.1151137, 10.1513957], [-1.0849013, 10.1689686], [-1.0652876, 10.154457], [-1.0812521, 10.1556821], [-1.0879398, 10.1502434], [-1.093626, 10.1348029], [-1.0878754, 10.1217276], [-1.0636712, 10.1218966], [-1.0614396, 10.114123], [-1.0700226, 10.1087151], [-1.0712243, 10.1060112], [-1.0684777, 10.1044902], [-1.0311199, 10.0969485], [-1.0198832, 10.0999588], [-1.0138894, 10.0932727], [-1.0115147, 10.0776287], [-1.0240031, 10.0756428], [-1.0272646, 10.061889], [-1.014626, 10.0399366], [-1.0133386, 10.0260757], [-1.0017908, 10.0166014], [-1.0033944, 10.010006], [-0.9888404, 10.0022077], [-0.9879117, 9.9974423], [-0.9920526, 9.9904486], [-0.9877078, 9.9844448], [-0.9999397, 9.9751263], [-1.0032455, 9.9663442], [-1.0005938, 9.9601688], [-0.9913451, 9.9531228], [-0.9925633, 9.9431859], [-0.9812018, 9.9440881], [-0.9849102, 9.9499533], [-0.9841948, 9.9610985], [-0.9808068, 9.9625749], [-0.9748591, 9.9571469], [-0.9700171, 9.9569617], [-0.9726596, 9.9643587], [-0.9629276, 9.9896042], [-0.9534674, 9.992648], [-0.9399681, 9.989828], [-0.9424945, 9.9984656], [-0.9386196, 10.0022103], [-0.9403517, 10.0081911], [-0.9379835, 10.0111177], [-0.9323468, 10.0106869], [-0.9214203, 10.0002949], [-0.9191061, 10.0130261], [-0.9125441, 10.008946], [-0.9063986, 10.0121013], [-0.9119941, 10.0119585], [-0.9096475, 10.0235502], [-0.9043488, 10.0242521], [-0.8949814, 10.0190501], [-0.8952913, 10.0329806], [-0.8930919, 10.0358225], [-0.8860517, 10.0356368], [-0.8906865, 10.0480924], [-0.8887124, 10.0519272], [-0.8812559, 10.0487368], [-0.8818567, 10.0598079], [-0.8712673, 10.0544942], [-0.8645511, 10.0560049], [-0.8635104, 10.0610228], [-0.8674371, 10.0630193], [-0.8695829, 10.0755372], [-0.8582747, 10.0862694], [-0.867995, 10.0957443], [-0.8580065, 10.1032543], [-0.8596373, 10.1075637], [-0.8560753, 10.1120316], [-0.8485115, 10.1156016], [-0.8558929, 10.1247271], [-0.8550882, 10.1275576], [-0.8372355, 10.1319195], [-0.8370102, 10.1214106], [-0.820477, 10.1180414], [-0.8218289, 10.1250017], [-0.8176875, 10.1256037], [-0.805006, 10.154362], [-0.8013797, 10.1564213], [-0.7949746, 10.1453957], [-0.7865867, 10.1515589], [-0.7843638, 10.1489337], [-0.7868958, 10.1462301], [-0.7832801, 10.1417838], [-0.7803083, 10.1451423], [-0.7806409, 10.1559461], [-0.7745705, 10.1537133], [-0.7673392, 10.1582755], [-0.7641614, 10.1650493], [-0.7590973, 10.1603182], [-0.7501838, 10.1592155], [-0.7450318, 10.1670241], [-0.7330799, 10.1598535], [-0.7315779, 10.1625148], [-0.7369959, 10.1677845], [-0.7316315, 10.1703084], [-0.7208061, 10.1685554], [-0.7119548, 10.1629161], [-0.7155812, 10.1718396], [-0.7124484, 10.1748704], [-0.7186818, 10.1781651], [-0.7122033, 10.1843527], [-0.7082585, 10.1774232], [-0.6992741, 10.1804997], [-0.6935187, 10.1887356], [-0.6884981, 10.1823478], [-0.6836407, 10.1900212], [-0.6806201, 10.1807407], [-0.6758036, 10.1827897], [-0.667086, 10.1800069], [-0.6595161, 10.1903029], [-0.6537595, 10.1923995], [-0.6535059, 10.1809554], [-0.6499097, 10.1816435], [-0.6445032, 10.190253], [-0.6414429, 10.1880989], [-0.6459994, 10.1826776], [-0.6442012, 10.1774125], [-0.6396722, 10.1772363], [-0.638418, 10.1833908], [-0.6339651, 10.1838291], [-0.632432, 10.1769243], [-0.6241687, 10.1726894], [-0.6253191, 10.1657863], [-0.6108843, 10.1641061], [-0.5918898, 10.1365257], [-0.5451979, 10.1797821], [-0.5355849, 10.2027597], [-0.5287184, 10.2378987], [-0.498506, 10.2162752], [-0.4902663, 10.2365473], [-0.4916396, 10.2662774], [-0.4998793, 10.2933024], [-0.4779066, 10.306814], [-0.4490675, 10.2811414], [-0.3735365, 10.2770877], [-0.3652968, 10.2554668], [-0.337831, 10.2527641], [-0.3062453, 10.26898], [-0.2870192, 10.2635748], [-0.2211012, 10.2622235], [-0.196382, 10.2514127], [-0.1606764, 10.2635748], [-0.1153578, 10.2716826], [-0.078279, 10.2541154], [-0.0521864, 10.2743851], [-0.0178542, 10.2595208], [-0.021974, 10.2946535], [-0.0054945, 10.3081651], [0.053557, 10.321676], [0.0672899, 10.2851951], [0.0892625, 10.2622235], [0.0988756, 10.2284386], [0.0947557, 10.1960018], [0.0769029, 10.1865404], [0.0714098, 10.1608581], [0.0947557, 10.1365257], [0.1194749, 10.1040795], [0.1332079, 10.0310636], [0.129088, 10.0026641], [0.1084886, 9.9864347], [0.0714098, 9.9756147], [0.0823961, 9.9553261], [0.1359544, 9.948563], [0.1634203, 9.9634417], [0.2032457, 9.9580313], [0.2416978, 9.940447], [0.2732835, 9.9417997], [0.2980028, 9.9580313], [0.3665212, 9.9314886], [0.3860606, 9.9362861], [0.3872639, 9.9494365], [0.3694435, 9.9640537], [0.3586711, 9.9888846], [0.3575824, 9.9971235], [0.3615997, 10.0011193], [0.3646734, 10.015588], [0.3610428, 10.0306108], [0.3653335, 10.0342219], [0.3737762, 10.0263817], [0.3935445, 10.0254281], [0.4014417, 10.0195712], [0.4102291, 10.0209507], [0.4146849, 10.0324436], [0.4127084, 10.0407017], [0.4177473, 10.0576044], [0.4128513, 10.0666548], [0.3958541, 10.0809759], [0.3646555, 10.0855955], [0.3563274, 10.0910178], [0.3530763, 10.0986805], [0.3523933, 10.1111619], [0.3636017, 10.1379672], [0.3623292, 10.1472054], [0.3506759, 10.1683193], [0.3547669, 10.1828869], [0.3512426, 10.1924296], [0.3568507, 10.1975879], [0.3553805, 10.2117321], [0.3605147, 10.2190168], [0.3615908, 10.2581078], [0.3644573, 10.2645572], [0.3723297, 10.265674], [0.3817512, 10.2732111], [0.381983, 10.276936], [0.373019, 10.279985], [0.369517, 10.284839], [0.373277, 10.282712], [0.373192, 10.288387], [0.378149, 10.28632], [0.37877, 10.294614], [0.384691, 10.296807], [0.382731, 10.299074], [0.38837, 10.304018], [0.397303, 10.304534], [0.396722, 10.312915], [0.389028, 10.315695], [0.365773, 10.310746], [0.353309, 10.314248], [0.348398, 10.307685], [0.33631, 10.308323], [0.332073, 10.311486], [0.330526, 10.308247], [0.328885, 10.311724], [0.324764, 10.306762], [0.31622, 10.310593], [0.322023, 10.312677], [0.323024, 10.319501], [0.33837, 10.325151], [0.33264, 10.337403], [0.325378, 10.340454], [0.320639, 10.334092], [0.315591, 10.337967], [0.314475, 10.35958], [0.307491, 10.371501], [0.302375, 10.369475], [0.300788, 10.373168], [0.290316, 10.376406], [0.293335, 10.380422], [0.290406, 10.381846], [0.30079, 10.39177], [0.30042, 10.402501], [0.298203, 10.409881], [0.290147, 10.408986], [0.284481, 10.422458], [0.276642, 10.419277], [0.272723, 10.421028], [0.270297, 10.415553], [0.266437, 10.416074], [0.268474, 10.410213], [0.264008, 10.408852], [0.263693, 10.410979], [0.259261, 10.407587], [0.258364, 10.409907], [0.25095, 10.409245], [0.249433, 10.41372], [0.243825, 10.416008], [0.237685, 10.416186], [0.236562, 10.41248], [0.226351, 10.422359], [0.217467, 10.422733], [0.221175, 10.424884], [0.217696, 10.426923], [0.210301, 10.421577], [0.21202, 10.416859], [0.205131, 10.418255], [0.209414, 10.405477], [0.206565, 10.40444], [0.204823, 10.407621], [0.1940635, 10.4029412], [0.190356, 10.404317], [0.190932, 10.416738], [0.185324, 10.417135], [0.182008, 10.423721], [0.174846, 10.424491], [0.169105, 10.430335], [0.17115, 10.433654], [0.166658, 10.441512], [0.172872, 10.446321], [0.172629, 10.450651], [0.164024, 10.453872], [0.16168, 10.46056], [0.15426, 10.46508], [0.158871, 10.47518], [0.154139, 10.477714], [0.154809, 10.4846], [0.150623, 10.487182], [0.151221, 10.497186], [0.146972, 10.501233], [0.147326, 10.513568], [0.144137, 10.515129], [0.1434387, 10.5255451], [0.127629, 10.529747], [0.117222, 10.541419], [0.060996, 10.560818], [0.056124, 10.583512], [0.042873, 10.594405], [0.041287, 10.601442], [-0.011815, 10.615744], [-0.015695, 10.623597], [-0.059247, 10.632333], [-0.078258, 10.690268], [-0.090165, 10.708313], [-0.0890524, 10.7135406], [-0.1090479, 10.7013248], [-0.1103568, 10.6958639], [-0.1224482, 10.6856376], [-0.1415348, 10.6817367], [-0.1540607, 10.6714572], [-0.1604122, 10.6715046], [-0.1613563, 10.6754794], [-0.1636845, 10.6706243], [-0.1746762, 10.6720292], [-0.1770057, 10.6675799], [-0.1815373, 10.6704714], [-0.1866871, 10.6687317], [-0.2035676, 10.6576649], [-0.2127099, 10.6579246], [-0.21411, 10.6548247], [-0.2192009, 10.6576874], [-0.2298761, 10.6557578], [-0.2361041, 10.6481187], [-0.2578461, 10.6383811], [-0.2605069, 10.631485], [-0.2695406, 10.6342899], [-0.2706349, 10.6380542], [-0.2822006, 10.6393301], [-0.2849954, 10.6340842], [-0.2902097, 10.6367256], [-0.2969205, 10.6320491], [-0.3000265, 10.633441], [-0.3105193, 10.6229384], [-0.3209853, 10.6215096], [-0.3237748, 10.6219735], [-0.3237614, 10.6254982], [-0.3301531, 10.6230122], [-0.3309221, 10.6254109], [-0.3380066, 10.619506], [-0.3468096, 10.61823], [-0.3555858, 10.6247047], [-0.3668404, 10.6241036], [-0.3942096, 10.608212], [-0.4435569, 10.5990742], [-0.4603636, 10.606588], [-0.4679489, 10.6175499], [-0.4988265, 10.6231968], [-0.5070287, 10.6067831], [-0.5045503, 10.6007352], [-0.5079138, 10.5896514], [-0.5076993, 10.5673034], [-0.5161536, 10.5599205], [-0.5282128, 10.5585072], [-0.5485761, 10.5707311], [-0.5561453, 10.5718227], [-0.5665952, 10.5659692], [-0.5766428, 10.550776], [-0.5816478, 10.5481075], [-0.5952519, 10.5462775], [-0.6082338, 10.5536291], [-0.6184691, 10.5556383], [-0.6294072, 10.5524531], [-0.6394601, 10.5556489], [-0.6540191, 10.5482446], [-0.6624949, 10.5375914], [-0.6642222, 10.5302236], [-0.6742108, 10.5245329], [-0.6869459, 10.5307352], [-0.6869942, 10.5400807], [-0.6900412, 10.5421481], [-0.7013279, 10.5339787], [-0.7021728, 10.5251526], [-0.7056946, 10.5228662], [-0.7107318, 10.5237892], [-0.7168955, 10.5328765], [-0.6861091, 10.5670503], [-0.695073, 10.5896883], [-0.7048953, 10.5971127], [-0.7134622, 10.5991902], [-0.7183975, 10.60537], [-0.7178611, 10.6157836], [-0.708822, 10.6168803], [-0.7063597, 10.6207187], [-0.7117403, 10.6404689], [-0.7268572, 10.6517195], [-0.7478374, 10.6454722], [-0.7548219, 10.6398046], [-0.7648909, 10.6425092], [-0.7775509, 10.6520358], [-0.7914287, 10.6516984], [-0.796718, 10.6452296], [-0.7965785, 10.6200833], [-0.8179236, 10.6030974], [-0.8274615, 10.5992799], [-0.8376592, 10.6011517], [-0.8467171, 10.562254], [-0.8563194, 10.550602], [-0.8625404, 10.5478774], [-0.8629993, 10.5404533], [-0.8684586, 10.5339866], [-0.8768655, 10.5347228], [-0.8794624, 10.521966], [-0.8985698, 10.5126474], [-0.9224351, 10.4819964], [-0.9314607, 10.4799736], [-0.9351468, 10.4862347], [-0.9209091, 10.5002811], [-0.9091092, 10.5185647], [-0.9134595, 10.5274079], [-0.9296477, 10.5239695], [-0.9477599, 10.5324491], [-0.9590102, 10.5282186], [-0.9659574, 10.5363814], [-0.9805723, 10.5317503], [-1.0099821, 10.537397], [-1.0413255, 10.5201489], [-1.0555707, 10.4974946], [-1.0650012, 10.4970287], [-1.0718252, 10.4884549], [-1.1054964, 10.477877], [-1.1326983, 10.457852], [-1.1826213, 10.4059876], [-1.2261351, 10.391181], [-1.2315749, 10.3861144], [-1.2340105, 10.3777473], [-1.2314092, 10.3672419], [-1.2131123, 10.3455425], [-1.2089115, 10.3283512], [-1.2161631, 10.3039909], [-1.2240242, 10.3026062], [-1.2219333, 10.2948652], [-1.2322472, 10.2919705], [-1.2275895, 10.2866755], [-1.2320864, 10.2835961], [-1.2397129, 10.2860095], [-1.2397866, 10.2786901], [-1.2414824, 10.2768058], [-1.2417249, 10.2806678], [-1.247183, 10.2808612], [-1.2429502, 10.2764126], [-1.247545, 10.2744732], [-1.2489341, 10.2782836], [-1.2539075, 10.2771811], [-1.252597, 10.280379], [-1.2556832, 10.2818296], [-1.2550869, 10.2883606], [-1.2581731, 10.2927446], [-1.2543072, 10.2947238], [-1.2558142, 10.3030274], [-1.2593656, 10.3021828], [-1.2644634, 10.3106732], [-1.271468, 10.3129939], [-1.2688143, 10.3255452], [-1.2733748, 10.3267764], [-1.2723657, 10.3210134], [-1.2855427, 10.3214775], [-1.2897887, 10.3261254], [-1.2970357, 10.3237853], [-1.3147928, 10.3305797], [-1.3266593, 10.3315596], [-1.3231209, 10.3343443], [-1.3265806, 10.3413254], [-1.3298962, 10.3410353], [-1.3365141, 10.3478938], [-1.3407012, 10.3428725], [-1.3489376, 10.3475006], [-1.3433287, 10.3513359], [-1.3458383, 10.3553194], [-1.3436629, 10.3610496], [-1.3488983, 10.3720198], [-1.3534981, 10.376654], [-1.3659608, 10.3772147], [-1.3750949, 10.3821453], [-1.381595, 10.3899181], [-1.3852774, 10.4051988], [-1.375416, 10.4052117], [-1.3679135, 10.4114501], [-1.3637723, 10.4219804], [-1.3705082, 10.4224959], [-1.3735617, 10.4260725], [-1.3660395, 10.4280895], [-1.3628091, 10.4350621], [-1.3643424, 10.440198], [-1.3804155, 10.4559724], [-1.3736141, 10.4586723], [-1.3746625, 10.464581], [-1.3920068, 10.4741236], [-1.4031591, 10.4853411], [-1.4173136, 10.4676148], [-1.4272699, 10.4635635], [-1.4382156, 10.4696166], [-1.4574581, 10.4358809], [-1.5220793, 10.3910884], [-1.592855, 10.2869514], [-1.6377822, 10.1767225], [-1.6125491, 10.1506738], [-1.5546977, 10.1015996], [-1.5171558, 10.0761508], [-1.4501967, 10.0824469], [-1.3375868, 10.0608128], [-1.2963881, 10.0351205], [-1.2744154, 10.016188], [-1.2318434, 10.0175404]]]}}, {"type": "Feature", "properties": {"name": "Oti Region", "country": "GHA"}, "geometry": {"type": "Polygon", "coordinates": [[[0.1823312, 7.1796958], [0.2162013, 7.174031], [0.2352425, 7.167058], [0.2425083, 7.1485792], [0.2426427, 7.127043], [0.224474, 7.0994024], [0.3157894, 7.0959812], [0.3284868, 7.089254], [0.3280789, 7.0973965], [0.3397562, 7.1158973], [0.3369036, 7.1255186], [0.3385601, 7.1306345], [0.3416107, 7.1273984], [0.3502004, 7.1265879], [0.3574582, 7.1316956], [0.3711918, 7.1542791], [0.3915852, 7.2266338], [0.4270915, 7.2809315], [0.4353253, 7.2846012], [0.4409501, 7.2774528], [0.4483421, 7.2771453], [0.4453896, 7.2816186], [0.452005, 7.284898], [0.4485487, 7.2977801], [0.4651611, 7.289728], [0.4836811, 7.2931565], [0.4914117, 7.2901892], [0.5050503, 7.3009537], [0.522517, 7.2976908], [0.5271508, 7.3030862], [0.5347939, 7.3047932], [0.5347739, 7.2999191], [0.54049, 7.2955735], [0.5416745, 7.2714922], [0.5369646, 7.2563706], [0.5334311, 7.2544314], [0.5335452, 7.2473817], [0.5170753, 7.2397292], [0.5211927, 7.2347229], [0.5193186, 7.2205198], [0.5356607, 7.2200811], [0.542696, 7.2251458], [0.5408967, 7.2332166], [0.5439914, 7.2385826], [0.5486075, 7.2389509], [0.5490323, 7.2465025], [0.5526588, 7.2474189], [0.5529499, 7.253431], [0.5570024, 7.2538167], [0.5609139, 7.2596978], [0.5628393, 7.2682451], [0.5716739, 7.2676193], [0.5732545, 7.2810928], [0.5770772, 7.284135], [0.5740129, 7.284683], [0.5740874, 7.2878243], [0.5807746, 7.2886194], [0.5835613, 7.2781098], [0.6063078, 7.2665242], [0.6433412, 7.2630613], [0.644894, 7.290408], [0.647633, 7.294106], [0.651997, 7.292467], [0.650005, 7.304957], [0.658271, 7.317309], [0.648687, 7.356957], [0.641111, 7.371373], [0.643342, 7.376786], [0.649152, 7.379128], [0.643305, 7.391966], [0.644127, 7.40116], [0.633695, 7.403747], [0.629133, 7.399723], [0.62531, 7.410342], [0.61853, 7.412817], [0.602119, 7.404971], [0.598866, 7.400298], [0.568686, 7.392208], [0.553189, 7.405364], [0.543615, 7.421812], [0.538605, 7.422163], [0.535744, 7.426329], [0.538171, 7.431267], [0.531864, 7.443747], [0.534408, 7.447196], [0.530676, 7.448618], [0.534195, 7.450305], [0.532282, 7.457117], [0.525801, 7.458322], [0.52098, 7.454739], [0.522402, 7.458695], [0.519535, 7.460079], [0.523529, 7.463739], [0.520473, 7.472871], [0.530059, 7.480823], [0.526217, 7.482879], [0.529303, 7.486595], [0.523195, 7.493665], [0.523971, 7.502926], [0.521332, 7.51094], [0.518713, 7.511124], [0.52521, 7.581419], [0.524656, 7.588912], [0.518047, 7.592187], [0.528974, 7.59652], [0.543903, 7.608429], [0.553053, 7.606702], [0.560805, 7.613606], [0.586039, 7.622082], [0.583282, 7.670633], [0.590358, 7.7031123], [0.597536, 7.708373], [0.609167, 7.710892], [0.61927, 7.70329], [0.627113, 7.704283], [0.616225, 7.738648], [0.616958, 7.745428], [0.611397, 7.753867], [0.61306, 7.757287], [0.619026, 7.756898], [0.61909, 7.76437], [0.631076, 7.767771], [0.630072, 7.784386], [0.626795, 7.788642], [0.629615, 7.793153], [0.617196, 7.796369], [0.621987, 7.799292], [0.616976, 7.805768], [0.618505, 7.830114], [0.620003, 7.841485], [0.624213, 7.843457], [0.627453, 7.867469], [0.621684, 7.874517], [0.621332, 7.883309], [0.623881, 7.884681], [0.617649, 7.926202], [0.614885, 7.926953], [0.611119, 7.940933], [0.613883, 7.944469], [0.610741, 7.945358], [0.612047, 7.949834], [0.60544, 7.956748], [0.60658, 7.960864], [0.603213, 7.962529], [0.596606, 7.986999], [0.597366, 7.989948], [0.607967, 7.991395], [0.607963, 7.996732], [0.598488, 8.008425], [0.597375, 8.014245], [0.60242, 8.022012], [0.593906, 8.040404], [0.597421, 8.044294], [0.598775, 8.056697], [0.597356, 8.061313], [0.592638, 8.061338], [0.584628, 8.093466], [0.586133, 8.103343], [0.592527, 8.103335], [0.591574, 8.138067], [0.606178, 8.139246], [0.609806, 8.145133], [0.610294, 8.163705], [0.607041, 8.172637], [0.612199, 8.175314], [0.613936, 8.185035], [0.599536, 8.186136], [0.590025, 8.194794], [0.588614, 8.202469], [0.601632, 8.214063], [0.61929, 8.215801], [0.619574, 8.219902], [0.626223, 8.224847], [0.627392, 8.231403], [0.623842, 8.23392], [0.624549, 8.237336], [0.638253, 8.245847], [0.638437, 8.260299], [0.674354, 8.259463], [0.681854, 8.265335], [0.683703, 8.276893], [0.688029, 8.280756], [0.710756, 8.289061], [0.731133, 8.286651], [0.729105, 8.290912], [0.731475, 8.314612], [0.727955, 8.322204], [0.730611, 8.324294], [0.730016, 8.333292], [0.727425, 8.334972], [0.729032, 8.342972], [0.717931, 8.34328], [0.720542, 8.349405], [0.710492, 8.351587], [0.711766, 8.366562], [0.707891, 8.371712], [0.712553, 8.376809], [0.708229, 8.377343], [0.711614, 8.379267], [0.707733, 8.384099], [0.709742, 8.385089], [0.699067, 8.38868], [0.705548, 8.394808], [0.693472, 8.395281], [0.696493, 8.40474], [0.688839, 8.405665], [0.686092, 8.411582], [0.679136, 8.410036], [0.671668, 8.417805], [0.651659, 8.42244], [0.654274, 8.428775], [0.651699, 8.43272], [0.653939, 8.445402], [0.651658, 8.44843], [0.656028, 8.455694], [0.650767, 8.461183], [0.649003, 8.472555], [0.644786, 8.475757], [0.647398, 8.489656], [0.644952, 8.494424], [0.63975, 8.497893], [0.629254, 8.496371], [0.626215, 8.503007], [0.630213, 8.507873], [0.624749, 8.511269], [0.611258, 8.513216], [0.601765, 8.518338], [0.5905, 8.516352], [0.583182, 8.526524], [0.580313, 8.523739], [0.573854, 8.527817], [0.57122, 8.524177], [0.571176, 8.533348], [0.564733, 8.538678], [0.563652, 8.54564], [0.551436, 8.548958], [0.553671, 8.553357], [0.54878, 8.552409], [0.5358238, 8.5577508], [0.5318418, 8.5695265], [0.528011, 8.569472], [0.523799, 8.56396], [0.511813, 8.563565], [0.509952, 8.57188], [0.505177, 8.569712], [0.499727, 8.573448], [0.501519, 8.578999], [0.494326, 8.585559], [0.495754, 8.592437], [0.492079, 8.597099], [0.479999, 8.597922], [0.480062, 8.593759], [0.469556, 8.595649], [0.471471, 8.599504], [0.3826689, 8.7395378], [0.3719715, 8.735742], [0.3475129, 8.7426763], [0.3459505, 8.7385328], [0.3595803, 8.7252566], [0.3587886, 8.7185205], [0.3436883, 8.7186813], [0.3421331, 8.7290089], [0.3325965, 8.730679], [0.3241839, 8.7282962], [0.3206845, 8.7329848], [0.314315, 8.734543], [0.3008287, 8.7260721], [0.2975097, 8.7425659], [0.2926742, 8.7411964], [0.2920521, 8.7329024], [0.2867076, 8.7331959], [0.2823629, 8.7239739], [0.2704227, 8.7305841], [0.2680898, 8.733966], [0.2698783, 8.7398354], [0.2629779, 8.7409779], [0.2593449, 8.74662], [0.251307, 8.746103], [0.2437004, 8.7409674], [0.2388861, 8.7511128], [0.2318167, 8.7535024], [0.2212126, 8.7495756], [0.2154652, 8.7556893], [0.2127152, 8.7549836], [0.2013264, 8.7488629], [0.2002307, 8.7439859], [0.1854062, 8.7454881], [0.1851375, 8.7410372], [0.1805566, 8.7460261], [0.1813695, 8.7618099], [0.1782452, 8.7651456], [0.1700601, 8.765804], [0.170727, 8.7710543], [0.1755859, 8.7701157], [0.1694673, 8.7753129], [0.1657982, 8.7730502], [0.168348, 8.7499685], [0.1816127, 8.7240844], [0.1824125, 8.7148348], [0.1800245, 8.7075994], [0.1690039, 8.701199], [0.139668, 8.6687453], [0.1366963, 8.6525241], [0.1421198, 8.6361432], [0.152128, 8.6256562], [0.1712537, 8.6144373], [0.1721334, 8.5954488], [0.1604717, 8.5900876], [0.1463667, 8.5887441], [0.128982, 8.6042537], [0.1149597, 8.5971958], [0.1065988, 8.5871612], [0.0847057, 8.528775], [0.0937644, 8.5012162], [0.1208774, 8.4906947], [0.1236669, 8.4869012], [0.122975, 8.4743971], [0.1208603, 8.4714341], [0.0931806, 8.46871], [0.0793075, 8.4611025], [0.0782883, 8.4572768], [0.0892103, 8.4500976], [0.0969028, 8.4396973], [0.0850153, 8.4012882], [0.0856161, 8.3932854], [0.104692, 8.3906107], [0.1185965, 8.3804211], [0.1293361, 8.3797736], [0.1617479, 8.3984438], [0.2315497, 8.405746], [0.2455616, 8.3985074], [0.2504539, 8.387193], [0.2498317, 8.3742223], [0.2481365, 8.3637776], [0.2395749, 8.3494474], [0.2296829, 8.3429934], [0.1889133, 8.337622], [0.1832914, 8.3300213], [0.1841497, 8.3191083], [0.1940202, 8.3069634], [0.1983976, 8.2942662], [0.1926899, 8.2592723], [0.186553, 8.2494615], [0.1686572, 8.2407124], [0.1106046, 8.2315646], [0.1032873, 8.2373366], [0.1018594, 8.24721], [0.0911793, 8.2665793], [0.0819395, 8.2730553], [0.0788698, 8.281773], [0.0600793, 8.2820711], [0.0501285, 8.291675], [0.042764, 8.2911486], [0.0274205, 8.2974037], [0.0105647, 8.2976834], [-0.0026042, 8.3205766], [-0.0163358, 8.3248663], [-0.0223686, 8.3304544], [-0.0306143, 8.329747], [-0.0367493, 8.3332403], [-0.040851, 8.3398569], [-0.0386539, 8.3431839], [-0.0403483, 8.3496762], [-0.0585214, 8.3524945], [-0.0675836, 8.348459], [-0.067734, 8.3398872], [-0.0843391, 8.3373707], [-0.0874168, 8.3324778], [-0.110279, 8.3359615], [-0.1141322, 8.297343], [-0.124217, 8.273038], [-0.1457295, 8.2723486], [-0.1503549, 8.2651004], [-0.1696242, 8.2532502], [-0.1655325, 8.2384296], [-0.1686487, 8.2314236], [-0.1772048, 8.227864], [-0.1820519, 8.2323333], [-0.1885218, 8.2317898], [-0.1975865, 8.2245445], [-0.198615, 8.2193472], [-0.2189522, 8.2179707], [-0.224308, 8.2128948], [-0.2326576, 8.2130087], [-0.2378605, 8.2179147], [-0.2594575, 8.216323], [-0.2747727, 8.2295557], [-0.280701, 8.2455903], [-0.2918762, 8.2427911], [-0.3193076, 8.2268146], [-0.3694908, 8.2309025], [-0.3875222, 8.2241052], [-0.3907812, 8.2109016], [-0.3896901, 8.1987398], [-0.3849401, 8.1950427], [-0.3685549, 8.2010957], [-0.348646, 8.2017038], [-0.3518715, 8.1927516], [-0.3586256, 8.1857244], [-0.351583, 8.1725968], [-0.3541618, 8.1662028], [-0.3847059, 8.1528227], [-0.3193394, 8.1304776], [-0.2948917, 8.1173757], [-0.2488483, 8.07708], [-0.2405959, 8.0496522], [-0.214685, 8.0309837], [-0.1731851, 8.0246958], [-0.1529343, 8.0313784], [-0.1415467, 8.0179074], [-0.1441671, 8.0054999], [-0.1701825, 7.9698654], [-0.1738392, 7.9574596], [-0.1411521, 7.9584277], [-0.134947, 7.9485878], [-0.1365218, 7.9397985], [-0.1417193, 7.9351544], [-0.1454168, 7.903095], [-0.136241, 7.8249773], [-0.1264631, 7.7882352], [-0.1109641, 7.7602737], [-0.1000953, 7.7504239], [-0.0772862, 7.7472719], [-0.0145211, 7.7569581], [0.0041119, 7.7424331], [0.0024978, 7.7176116], [-0.0152084, 7.6840349], [-0.0168456, 7.6483519], [-0.0143045, 7.6261066], [0.0094297, 7.5784699], [0.0430259, 7.5390841], [0.0770913, 7.482111], [0.0832269, 7.4484788], [0.0909519, 7.4293239], [0.1240542, 7.4064854], [0.1364779, 7.4023164], [0.1504368, 7.3909027], [0.1726866, 7.3805013], [0.1789047, 7.3810021], [0.198556, 7.3680206], [0.2083525, 7.3509277], [0.214976, 7.3100536], [0.2040061, 7.2754326], [0.1919456, 7.2190926], [0.1825569, 7.1932582], [0.1823312, 7.1796958]]]}}, {"type": "Feature", "properties": {"name": "Western Region", "country": "GHA"}, "geometry": {"type": "Polygon", "coordinates": [[[-2.725904, 5.341265], [-2.738301, 5.347714], [-2.756623, 5.344026], [-2.764214, 5.356423], [-2.769282, 5.356565], [-2.769615, 5.352354], [-2.77692, 5.345858], [-2.770709, 5.335293], [-2.774421, 5.336376], [-2.777776, 5.331093], [-2.772185, 5.329856], [-2.7662038, 5.3170864], [-2.766837, 5.3044415], [-2.7695077, 5.2947097], [-2.780783, 5.29527], [-2.78523, 5.2898798], [-2.782758, 5.278709], [-2.769052, 5.268204], [-2.778546, 5.2668], [-2.778903, 5.263921], [-2.775857, 5.26592], [-2.773454, 5.2594], [-2.765411, 5.259828], [-2.764388, 5.255069], [-2.756845, 5.255664], [-2.753181, 5.250691], [-2.755061, 5.24648], [-2.756155, 5.250144], [-2.760367, 5.250834], [-2.754442, 5.242244], [-2.758606, 5.241959], [-2.759272, 5.245718], [-2.762223, 5.24598], [-2.765625, 5.236938], [-2.755441, 5.233321], [-2.75644, 5.23068], [-2.758582, 5.232988], [-2.7607, 5.23118], [-2.756774, 5.218223], [-2.764245, 5.216962], [-2.75675, 5.200746], [-2.747684, 5.202103], [-2.749302, 5.195131], [-2.740831, 5.176059], [-2.745519, 5.166327], [-2.74026, 5.161461], [-2.735596, 5.162794], [-2.741831, 5.15725], [-2.738856, 5.150516], [-2.733741, 5.148969], [-2.730457, 5.151801], [-2.727078, 5.140522], [-2.723532, 5.140927], [-2.727768, 5.137215], [-2.727911, 5.131123], [-2.73236, 5.13493], [-2.731837, 5.128672], [-2.737119, 5.129577], [-2.73957, 5.126388], [-2.737286, 5.118988], [-2.741783, 5.114324], [-2.754037, 5.117346], [-2.757012, 5.101642], [-2.764887, 5.104806], [-2.765839, 5.109875], [-2.780711, 5.112682], [-2.785518, 5.109684], [-2.785565, 5.117632], [-2.790847, 5.106734], [-2.801269, 5.107662], [-2.806195, 5.111873], [-2.807528, 5.106686], [-2.811691, 5.106615], [-2.814547, 5.11342], [-2.816736, 5.111588], [-2.814024, 5.107567], [-2.817331, 5.105758], [-2.828039, 5.120654], [-2.83325, 5.121986], [-2.836557, 5.115538], [-2.840769, 5.115086], [-2.837985, 5.109875], [-2.844195, 5.107924], [-2.853189, 5.111683], [-2.863255, 5.123342], [-2.869251, 5.123057], [-2.876199, 5.12803], [-2.884598, 5.123771], [-2.890571, 5.12684], [-2.891927, 5.119369], [-2.896186, 5.122938], [-2.928291, 5.121212], [-2.936048, 5.1264], [-2.94867, 5.126928], [-2.9569936, 5.1042291], [-2.97, 5.103333], [-3.011111, 5.122778], [-3.0397029, 5.1258384], [-3.0685241, 5.1344644], [-3.1083051, 5.1247538], [-3.110508, 5.1184752], [-3.1036095, 5.0904726], [-2.4552767, 4.9593451], [-2.3822857, 4.9418823], [-2.3337686, 4.9261961], [-2.2684823, 4.8983187], [-2.2692186, 4.8912481], [-2.2494155, 4.883187], [-2.2412005, 4.8607829], [-2.2462133, 4.8552694], [-2.209459, 4.8388135], [-2.2025019, 4.8313923], [-2.2023504, 4.8220173], [-2.1745819, 4.8131813], [-2.169309, 4.8068752], [-2.1721575, 4.8040768], [-2.1682397, 4.7993487], [-2.1694726, 4.7917712], [-2.166718, 4.7966862], [-2.1541947, 4.7981967], [-2.1418242, 4.7959699], [-2.1347769, 4.7899303], [-2.1287701, 4.7916108], [-2.1134851, 4.7854829], [-2.1048904, 4.7763862], [-2.1134114, 4.7643816], [-2.1092453, 4.7635662], [-2.1114359, 4.7550972], [-2.094267, 4.7497099], [-2.0909092, 4.7450689], [-2.0918185, 4.739343], [-2.0857499, 4.7466842], [-2.0790962, 4.7487892], [-2.0715427, 4.7483084], [-2.0682406, 4.7433832], [-2.0643762, 4.746994], [-2.0568055, 4.7445303], [-2.0544058, 4.7402263], [-2.0541349, 4.7449442], [-2.0456558, 4.753304], [-2.0360273, 4.7564114], [-2.0358704, 4.7518272], [-2.0332244, 4.7560278], [-2.0268998, 4.7578628], [-1.9917387, 4.7595708], [-1.9806276, 4.756279], [-1.9738658, 4.7597018], [-1.9718501, 4.7701476], [-1.9474931, 4.7881849], [-1.9487793, 4.7933148], [-1.9398772, 4.7954882], [-1.9374819, 4.8065489], [-1.9155537, 4.8150027], [-1.9157582, 4.82431], [-1.9049284, 4.8275663], [-1.8901861, 4.8269026], [-1.8845537, 4.8357054], [-1.8704763, 4.8437445], [-1.8381836, 4.8487924], [-1.8347208, 4.8506739], [-1.8362229, 4.854493], [-1.8304011, 4.8622021], [-1.8122399, 4.8674226], [-1.8054418, 4.8741911], [-1.7941662, 4.8720046], [-1.7773309, 4.8761393], [-1.7598403, 4.8759603], [-1.7444833, 4.8811836], [-1.7472446, 4.8878154], [-1.7358747, 4.8858124], [-1.744085, 4.890413], [-1.7377362, 4.8903475], [-1.7377469, 4.8931897], [-1.7436773, 4.8918013], [-1.7444813, 4.8948025], [-1.7369516, 4.8973239], [-1.7459665, 4.8949508], [-1.7468798, 4.8939967], [-1.7477556, 4.8967159], [-1.742794, 4.906197], [-1.74355, 4.914189], [-1.737367, 4.922168], [-1.7041221, 4.933909], [-1.7045867, 4.9404466], [-1.6975354, 4.9393714], [-1.7053109, 4.9409363], [-1.7077102, 4.9380864], [-1.7088582, 4.9398073], [-1.7063212, 4.9418062], [-1.708025, 4.945053], [-1.7039896, 4.9463788], [-1.704795, 4.953811], [-1.698874, 4.958439], [-1.687298, 4.963957], [-1.6443913, 4.9714874], [-1.6418606, 4.9782104], [-1.6350773, 4.981492], [-1.6359356, 4.9869374], [-1.6313293, 4.991794], [-1.6338912, 4.9984273], [-1.6256303, 5.018506], [-1.6120049, 5.0269809], [-1.5942299, 5.0316861], [-1.5868912, 5.1265697], [-1.5753992, 5.1621117], [-1.5445523, 5.1934351], [-1.5100763, 5.1964469], [-1.4913262, 5.2030728], [-1.4743906, 5.2289733], [-1.4393097, 5.2488497], [-1.4483824, 5.282578], [-1.53427, 5.3301557], [-1.5681411, 5.4096445], [-1.6038268, 5.4307193], [-1.6159237, 5.445237], [-1.6022376, 5.4492817], [-1.6022376, 5.4560937], [-1.6107914, 5.4633314], [-1.6183202, 5.500253], [-1.6153264, 5.5212193], [-1.6079488, 5.5330324], [-1.6069765, 5.5515676], [-1.6402428, 5.5870849], [-1.6614123, 5.6063476], [-1.720082, 5.6099592], [-1.7454854, 5.6226], [-1.7702839, 5.621998], [-1.7914534, 5.612367], [-1.8180665, 5.6075514], [-1.8392359, 5.6165806], [-1.8404456, 5.6767713], [-1.8259294, 5.6972347], [-1.8223004, 5.7447793], [-1.8041551, 5.7730634], [-1.8168568, 5.7887093], [-1.8404456, 5.7959304], [-1.8398408, 5.8296274], [-1.8350021, 5.8482802], [-1.8374214, 5.8759574], [-1.865849, 5.8982186], [-1.91968, 5.9234869], [-1.9589947, 5.9824418], [-1.9850029, 6.0131199], [-2.0485114, 6.0456007], [-2.0672615, 6.0840939], [-2.0890358, 6.0991296], [-2.1591975, 6.1291997], [-2.2302274, 6.1350958], [-2.2604398, 6.0859383], [-2.3043851, 6.0859383], [-2.3483304, 6.0914004], [-2.3860938, 6.0825223], [-2.4142484, 6.0859383], [-2.4609402, 6.1023246], [-2.4938992, 6.0750137], [-2.5186185, 6.0258507], [-2.5378445, 5.9520977], [-2.4884061, 5.9302431], [-2.5048856, 5.881067], [-2.502139, 5.8400836], [-2.4980177, 5.8195894], [-2.4719252, 5.8127583], [-2.4938979, 5.7635719], [-2.5337233, 5.7731362], [-2.5611891, 5.7922645], [-2.5721754, 5.7499082], [-2.5708022, 5.7143812], [-2.5460829, 5.6884177], [-2.5433363, 5.6419539], [-2.5625624, 5.621454], [-2.555696, 5.585919], [-2.5584425, 5.5298788], [-2.5900282, 5.5189435], [-2.5762953, 5.5052741], [-2.5762953, 5.4738333], [-2.6106276, 5.3972748], [-2.64084, 5.3576246], [-2.6779189, 5.3439515], [-2.725904, 5.341265]]]}}, {"type": "Feature", "properties": {"name": "Eastern Region", "country": "GHA"}, "geometry": {"type": "Polygon", "coordinates": [[[-0.1435732, 7.1801575], [-0.2372591, 7.1873188], [-0.2872032, 7.1821705], [-0.3261207, 7.1506362], [-0.3416877, 7.1165252], [-0.4227658, 7.0939977], [-0.4629805, 7.0611699], [-0.6212449, 7.0528016], [-0.7506905, 6.8700922], [-0.7727438, 6.8269444], [-0.7922025, 6.8011827], [-0.83112, 6.7741314], [-0.9303596, 6.7631816], [-0.9634394, 6.7322633], [-0.9621422, 6.7000546], [-0.9426834, 6.6697765], [-0.9206302, 6.6543146], [-0.8979283, 6.6130806], [-0.9076577, 6.5924623], [-0.9400889, 6.5776423], [-0.9550073, 6.5415571], [-0.9893844, 6.5061138], [-1.0062486, 6.4945136], [-1.0166266, 6.4700234], [-1.073057, 6.4319969], [-1.0977047, 6.386877], [-1.1119745, 6.3481996], [-1.1320818, 6.3282151], [-1.1489461, 6.2650334], [-1.1515406, 6.2360188], [-1.1878635, 6.2082922], [-1.1930838, 6.1973503], [-1.1863054, 6.1937907], [-1.1901605, 6.1929949], [-1.1876584, 6.190726], [-1.1895524, 6.1850771], [-1.1788118, 6.1801949], [-1.1787902, 6.1719605], [-1.1824785, 6.1729808], [-1.1807265, 6.1669526], [-1.1848268, 6.1704455], [-1.185783, 6.1684798], [-1.1843042, 6.1628595], [-1.1778373, 6.1572781], [-1.1812404, 6.1562931], [-1.181399, 6.1490979], [-1.178959, 6.1481402], [-1.1840133, 6.1488881], [-1.182353, 6.1445104], [-1.1847743, 6.1426748], [-1.1901845, 6.1441553], [-1.1927258, 6.1351428], [-1.2022192, 6.1333692], [-1.1985514, 6.1256704], [-1.1924452, 6.1224288], [-1.2056064, 6.1162111], [-1.2068023, 6.1127436], [-1.2010968, 6.1098938], [-1.2010501, 6.1125111], [-1.1927324, 6.1126705], [-1.1895457, 6.1063797], [-1.1916568, 6.1019223], [-1.1870003, 6.0969334], [-1.1902605, 6.0918913], [-1.2001949, 6.0914196], [-1.2024798, 6.0938444], [-1.2046444, 6.0912602], [-1.1985581, 6.0809367], [-1.2065016, 6.0774822], [-1.2084792, 6.0742071], [-1.2061876, 6.0713969], [-1.2144652, 6.0678892], [-1.2106471, 6.0653481], [-1.2094312, 6.0611893], [-1.2121035, 6.0586382], [-1.2081151, 6.0524331], [-1.2317318, 6.0384017], [-1.2287521, 6.0336381], [-1.2334554, 6.0279576], [-1.2300349, 6.0273597], [-1.2299079, 6.0195995], [-1.2267946, 6.0188222], [-1.2312975, 6.01556], [-1.2302019, 6.0133143], [-1.2419401, 6.0102779], [-1.2406175, 6.006244], [-1.2438642, 6.003089], [-1.2412319, 5.9960128], [-1.247071, 5.9907705], [-1.2454408, 5.9862988], [-1.2385863, 5.9844384], [-1.2397621, 5.9806511], [-1.2371032, 5.9793155], [-1.2288189, 5.98297], [-1.2224521, 5.9763388], [-1.2187344, 5.9644701], [-1.2247207, 5.9575581], [-1.2208161, 5.955055], [-1.2249382, 5.9461239], [-1.2189371, 5.9423036], [-1.2270925, 5.9328351], [-1.2426797, 5.9319285], [-1.2453118, 5.9163665], [-1.2163862, 5.9010452], [-1.1372926, 5.8100305], [-1.1214739, 5.7828083], [-1.0953943, 5.7713236], [-0.6482624, 5.7427149], [-0.5539412, 5.7487308], [-0.4988536, 5.7249147], [-0.4726988, 5.7820493], [-0.4615939, 5.7900447], [-0.4306172, 5.7919346], [-0.4024167, 5.7548638], [-0.3917501, 5.7452686], [-0.3832754, 5.7433787], [-0.3343263, 5.7547184], [-0.3197146, 5.78234], [-0.3124088, 5.7840845], [-0.2716158, 5.7689221], [-0.2559628, 5.7690763], [-0.218561, 5.7833135], [-0.156259, 5.8163095], [-0.1377415, 5.8463699], [-0.0908107, 5.8372014], [-0.0526866, 5.8734971], [-0.0073036, 5.897257], [0.0307644, 5.931707], [0.0510673, 5.9429919], [0.0522616, 5.9807055], [0.0876425, 5.9838235], [0.1642263, 6.0249489], [0.1782592, 6.0288089], [0.1879628, 6.0249489], [0.2296136, 6.0350442], [0.2521559, 6.0328173], [0.2687266, 6.0237612], [0.2770866, 6.008024], [0.2871546, 6.0025706], [0.2897033, 6.0059805], [0.2952685, 6.0292839], [0.2942706, 6.0614019], [0.2831494, 6.0905311], [0.2712549, 6.1006312], [0.2627617, 6.104884], [0.2360307, 6.1054464], [0.182961, 6.0925516], [0.175485, 6.0938309], [0.1382416, 6.1096872], [0.084757, 6.1482733], [0.0777416, 6.156992], [0.0768966, 6.1689968], [0.085734, 6.177251], [0.1054379, 6.2169083], [0.1061177, 6.2297206], [0.098013, 6.2329256], [0.0869401, 6.2673926], [0.0616288, 6.280209], [0.0639454, 6.2940529], [0.0586933, 6.2987423], [0.0628667, 6.309643], [0.0842023, 6.3326053], [0.0970545, 6.3535733], [0.1242245, 6.4232388], [0.1209282, 6.4494237], [0.0977109, 6.5012118], [0.0749262, 6.5309235], [0.0749262, 6.5583398], [0.0858519, 6.5861826], [0.1162478, 6.6309862], [0.2015817, 6.6987906], [0.2110398, 6.7288492], [0.2081983, 6.7650637], [0.2001415, 6.8008299], [0.1802224, 6.8606339], [0.1693125, 6.9482218], [0.1688386, 6.9764464], [0.1579344, 7.0089158], [0.1546108, 7.0419018], [0.1639348, 7.1032756], [0.1823312, 7.1796958], [0.1232341, 7.1838823], [0.0978768, 7.1777211], [0.0810707, 7.1817071], [0.067398, 7.1736643], [0.0505081, 7.1720558], [0.0408568, 7.1809028], [0.0290607, 7.1854604], [0.021286, 7.1830476], [0.0110985, 7.1862647], [0.0043962, 7.1940394], [-0.0041828, 7.1910904], [-0.0141022, 7.1932351], [-0.0275069, 7.1913585], [-0.0527076, 7.1964522], [-0.0615546, 7.1881413], [-0.0840744, 7.1792943], [-0.0941348, 7.1831405], [-0.0992927, 7.1798972], [-0.1435732, 7.1801575]]]}}, {"type": "Feature", "properties": {"name": "Northern Region", "country": "GHA"}, "geometry": {"type": "Polygon", "coordinates": [[[-0.1427476, 8.2721302], [-0.124217, 8.273038], [-0.1141322, 8.297343], [-0.110279, 8.3359615], [-0.0874168, 8.3324778], [-0.0843391, 8.3373707], [-0.067734, 8.3398872], [-0.0675836, 8.348459], [-0.0643265, 8.3512322], [-0.0482239, 8.3522552], [-0.0403483, 8.3496762], [-0.0386539, 8.3431839], [-0.040851, 8.3398569], [-0.0367493, 8.3332403], [-0.0306143, 8.329747], [-0.0223686, 8.3304544], [-0.0163358, 8.3248663], [-0.0026042, 8.3205766], [0.0105647, 8.2976834], [0.0274205, 8.2974037], [0.042764, 8.2911486], [0.0501285, 8.291675], [0.0600793, 8.2820711], [0.0788698, 8.281773], [0.0819395, 8.2730553], [0.0911793, 8.2665793], [0.1018594, 8.24721], [0.1032873, 8.2373366], [0.1106046, 8.2315646], [0.1686572, 8.2407124], [0.186553, 8.2494615], [0.1926899, 8.2592723], [0.1983976, 8.2942662], [0.1940202, 8.3069634], [0.1841497, 8.3191083], [0.1832914, 8.3300213], [0.1889133, 8.337622], [0.2296829, 8.3429934], [0.2395749, 8.3494474], [0.2481365, 8.3637776], [0.2498317, 8.3742223], [0.2504539, 8.387193], [0.2455616, 8.3985074], [0.2315497, 8.405746], [0.1617479, 8.3984438], [0.1293361, 8.3797736], [0.1185965, 8.3804211], [0.104692, 8.3906107], [0.0856161, 8.3932854], [0.0850153, 8.4012882], [0.0969028, 8.4396973], [0.0892103, 8.4500976], [0.0782883, 8.4572768], [0.0793075, 8.4611025], [0.0931806, 8.46871], [0.1208603, 8.4714341], [0.122975, 8.4743971], [0.1236669, 8.4869012], [0.1208774, 8.4906947], [0.0937644, 8.5012162], [0.0847057, 8.528775], [0.1065988, 8.5871612], [0.1149597, 8.5971958], [0.128982, 8.6042537], [0.1463667, 8.5887441], [0.1604717, 8.5900876], [0.1721334, 8.5954488], [0.1712537, 8.6144373], [0.152128, 8.6256562], [0.1421198, 8.6361432], [0.1366963, 8.6525241], [0.139668, 8.6687453], [0.1690039, 8.701199], [0.1800245, 8.7075994], [0.1824125, 8.7148348], [0.1816127, 8.7240844], [0.168348, 8.7499685], [0.1657982, 8.7730502], [0.1730465, 8.7736134], [0.1755859, 8.7701157], [0.170727, 8.7710543], [0.1700601, 8.765804], [0.1782452, 8.7651456], [0.1813695, 8.7618099], [0.1805566, 8.7460261], [0.1851375, 8.7410372], [0.1854062, 8.7454881], [0.2002307, 8.7439859], [0.2013264, 8.7488629], [0.2154652, 8.7556893], [0.2212126, 8.7495756], [0.2318167, 8.7535024], [0.2388861, 8.7511128], [0.2437004, 8.7409674], [0.251307, 8.746103], [0.2593449, 8.74662], [0.2629779, 8.7409779], [0.2698783, 8.7398354], [0.2680898, 8.733966], [0.2704227, 8.7305841], [0.2823629, 8.7239739], [0.2867076, 8.7331959], [0.2920521, 8.7329024], [0.2926742, 8.7411964], [0.2975097, 8.7425659], [0.3008287, 8.7260721], [0.314315, 8.734543], [0.3206845, 8.7329848], [0.3241839, 8.7282962], [0.3325965, 8.730679], [0.3421331, 8.7290089], [0.3436883, 8.7186813], [0.3587886, 8.7185205], [0.3595803, 8.7252566], [0.3459505, 8.7385328], [0.3475129, 8.7426763], [0.3753295, 8.7358119], [0.3826689, 8.7395378], [0.385235, 8.745134], [0.373978, 8.754942], [0.395829, 8.75386], [0.40091, 8.757152], [0.399087, 8.761381], [0.388241, 8.762275], [0.378167, 8.771988], [0.382035, 8.77767], [0.379488, 8.792365], [0.390195, 8.790491], [0.392456, 8.796626], [0.397973, 8.78956], [0.399781, 8.793965], [0.417983, 8.79234], [0.424008, 8.789592], [0.423551, 8.781079], [0.42777, 8.779136], [0.441122, 8.78801], [0.437487, 8.794367], [0.430636, 8.790748], [0.430336, 8.797565], [0.44256, 8.801622], [0.448214, 8.811355], [0.459668, 8.80973], [0.459036, 8.802173], [0.463757, 8.80054], [0.469049, 8.79178], [0.472023, 8.799465], [0.491319, 8.800359], [0.500394, 8.814492], [0.495357, 8.820469], [0.496823, 8.827157], [0.501398, 8.828874], [0.496002, 8.839736], [0.507559, 8.847675], [0.508729, 8.855237], [0.519538, 8.852986], [0.521486, 8.858505], [0.516911, 8.863978], [0.520267, 8.872472], [0.527585, 8.877826], [0.522033, 8.883722], [0.522042, 8.889869], [0.515093, 8.901627], [0.512422, 8.901594], [0.512606, 8.914172], [0.509067, 8.917655], [0.516568, 8.938686], [0.509629, 8.941039], [0.503846, 8.952138], [0.494202, 8.954029], [0.468337, 9.004704], [0.470697, 9.019383], [0.465408, 9.022826], [0.463269, 9.03433], [0.456948, 9.035334], [0.456238, 9.043858], [0.457492, 9.055254], [0.462502, 9.05425], [0.462477, 9.076142], [0.473068, 9.096322], [0.482827, 9.099434], [0.4866973, 9.1086645], [0.482849, 9.116669], [0.48491, 9.122979], [0.480923, 9.139498], [0.476761, 9.144977], [0.495432, 9.155974], [0.503093, 9.154122], [0.504843, 9.160455], [0.51157, 9.163661], [0.522006, 9.193719], [0.533602, 9.209416], [0.505835, 9.256413], [0.518657, 9.277156], [0.528435, 9.285572], [0.538395, 9.305841], [0.552626, 9.303926], [0.555794, 9.311206], [0.545134, 9.340876], [0.552505, 9.352288], [0.5670034, 9.4059263], [0.557033, 9.411167], [0.55502, 9.423136], [0.548823, 9.42224], [0.538159, 9.425858], [0.536018, 9.429773], [0.532789, 9.428491], [0.531605, 9.431874], [0.5245971, 9.43174], [0.519308, 9.440312], [0.510051, 9.436926], [0.503435, 9.440452], [0.499967, 9.437939], [0.500131, 9.443724], [0.495306, 9.44599], [0.494772, 9.452177], [0.503861, 9.458388], [0.505662, 9.467607], [0.500625, 9.472325], [0.502923, 9.474895], [0.488754, 9.4869], [0.482625, 9.48503], [0.474178, 9.490675], [0.463334, 9.490115], [0.457068, 9.497879], [0.448704, 9.499486], [0.439062, 9.495069], [0.428808, 9.499612], [0.414599, 9.500684], [0.414978, 9.496388], [0.41165, 9.498473], [0.407512, 9.493985], [0.401419, 9.495434], [0.389012, 9.491553], [0.385628, 9.494057], [0.38218, 9.494373], [0.382582, 9.491746], [0.37615, 9.493141], [0.370362, 9.498652], [0.36929, 9.495957], [0.359421, 9.499213], [0.355152, 9.494033], [0.35025, 9.493223], [0.350153, 9.490041], [0.343547, 9.488299], [0.35049, 9.475308], [0.347592, 9.470866], [0.344853, 9.472447], [0.337541, 9.451738], [0.333538, 9.452689], [0.331704, 9.448234], [0.326958, 9.447012], [0.321981, 9.449116], [0.320243, 9.446184], [0.31252, 9.446243], [0.299549, 9.435899], [0.289238, 9.434335], [0.285293, 9.429867], [0.276954, 9.430489], [0.275777, 9.427417], [0.26887, 9.428434], [0.27031, 9.431703], [0.26088, 9.428705], [0.259315, 9.434362], [0.2470335, 9.4380382], [0.247938, 9.4424684], [0.2292323, 9.4635077], [0.2270527, 9.4783821], [0.2290404, 9.4859498], [0.2371785, 9.4859744], [0.2544832, 9.47779], [0.2697037, 9.4788742], [0.2749678, 9.487396], [0.2867281, 9.4868473], [0.3100634, 9.5024185], [0.3111942, 9.5066307], [0.3091514, 9.5127037], [0.2970869, 9.5228496], [0.2804142, 9.5258031], [0.2555609, 9.5194122], [0.2432501, 9.5245324], [0.2375471, 9.5342995], [0.235455, 9.5482921], [0.240063, 9.574648], [0.2532379, 9.5744023], [0.2669094, 9.5665559], [0.2894165, 9.5766733], [0.3185078, 9.5754376], [0.334265, 9.5785942], [0.3513367, 9.5719628], [0.3721374, 9.5789689], [0.38369, 9.5914565], [0.3735083, 9.6066686], [0.3711641, 9.6185902], [0.35631, 9.6250745], [0.3032184, 9.596381], [0.2958524, 9.5956252], [0.2773622, 9.6204628], [0.2757578, 9.6315919], [0.2634956, 9.6572385], [0.2638394, 9.6636216], [0.2792531, 9.6862722], [0.294495, 9.6801155], [0.3054393, 9.6681971], [0.3090492, 9.6585378], [0.3229731, 9.6509118], [0.3407362, 9.6570126], [0.3508783, 9.6748059], [0.3515659, 9.6941233], [0.3448022, 9.7176855], [0.3388096, 9.7222244], [0.3243739, 9.7227317], [0.3189048, 9.7278978], [0.3299637, 9.7611041], [0.3250932, 9.7720593], [0.3338602, 9.7738098], [0.3360376, 9.778779], [0.3296772, 9.7928956], [0.3397048, 9.8041884], [0.338215, 9.8140129], [0.3503053, 9.8258132], [0.357399, 9.8466959], [0.3553477, 9.8738568], [0.3511648, 9.8814777], [0.3512794, 9.9041698], [0.3574678, 9.9269168], [0.3665212, 9.9314886], [0.2980028, 9.9580313], [0.2732835, 9.9417997], [0.2416978, 9.940447], [0.2032457, 9.9580313], [0.1634203, 9.9634417], [0.1359544, 9.948563], [0.0823961, 9.9553261], [0.0714098, 9.9756147], [0.1084886, 9.9864347], [0.129088, 10.0026641], [0.1332079, 10.0310636], [0.1194749, 10.1040795], [0.0947557, 10.1365257], [0.0714098, 10.1608581], [0.0769029, 10.1865404], [0.0947557, 10.1960018], [0.0988756, 10.2284386], [0.0892625, 10.2622235], [0.0672899, 10.2851951], [0.053557, 10.321676], [-0.0054945, 10.3081651], [-0.021974, 10.2946535], [-0.0178542, 10.2595208], [-0.0521864, 10.2743851], [-0.078279, 10.2541154], [-0.1153578, 10.2716826], [-0.1606764, 10.2635748], [-0.196382, 10.2514127], [-0.2211012, 10.2622235], [-0.2870192, 10.2635748], [-0.3062453, 10.26898], [-0.337831, 10.2527641], [-0.3652968, 10.2554668], [-0.3735365, 10.2770877], [-0.4490675, 10.2811414], [-0.4779066, 10.306814], [-0.4998793, 10.2933024], [-0.4916396, 10.2662774], [-0.4902663, 10.2365473], [-0.498506, 10.2162752], [-0.5287184, 10.2378987], [-0.5355849, 10.2027597], [-0.5451979, 10.1797821], [-0.5918898, 10.1365257], [-0.6108843, 10.1641061], [-0.6253191, 10.1657863], [-0.6241687, 10.1726894], [-0.632432, 10.1769243], [-0.6339651, 10.1838291], [-0.638418, 10.1833908], [-0.6396722, 10.1772363], [-0.6442012, 10.1774125], [-0.6459994, 10.1826776], [-0.6414429, 10.1880989], [-0.6445032, 10.190253], [-0.6499097, 10.1816435], [-0.6535059, 10.1809554], [-0.6537595, 10.1923995], [-0.6595161, 10.1903029], [-0.667086, 10.1800069], [-0.6758036, 10.1827897], [-0.6806201, 10.1807407], [-0.6836407, 10.1900212], [-0.6884981, 10.1823478], [-0.6935187, 10.1887356], [-0.6992741, 10.1804997], [-0.7082585, 10.1774232], [-0.7122033, 10.1843527], [-0.7186818, 10.1781651], [-0.7124484, 10.1748704], [-0.7155812, 10.1718396], [-0.7119548, 10.1629161], [-0.7208061, 10.1685554], [-0.7316315, 10.1703084], [-0.7369959, 10.1677845], [-0.7315779, 10.1625148], [-0.7330799, 10.1598535], [-0.7450318, 10.1670241], [-0.7501838, 10.1592155], [-0.7590973, 10.1603182], [-0.7641614, 10.1650493], [-0.7673392, 10.1582755], [-0.7745705, 10.1537133], [-0.7806409, 10.1559461], [-0.7803083, 10.1451423], [-0.7832801, 10.1417838], [-0.7868958, 10.1462301], [-0.7843638, 10.1489337], [-0.7865867, 10.1515589], [-0.7949746, 10.1453957], [-0.8013797, 10.1564213], [-0.805006, 10.154362], [-0.8176875, 10.1256037], [-0.8218289, 10.1250017], [-0.820477, 10.1180414], [-0.8370102, 10.1214106], [-0.8372355, 10.1319195], [-0.8550882, 10.1275576], [-0.8558929, 10.1247271], [-0.8485115, 10.1156016], [-0.8560753, 10.1120316], [-0.8596373, 10.1075637], [-0.8580065, 10.1032543], [-0.867995, 10.0957443], [-0.8582747, 10.0862694], [-0.8695829, 10.0755372], [-0.8674371, 10.0630193], [-0.8635104, 10.0610228], [-0.8645511, 10.0560049], [-0.8712673, 10.0544942], [-0.8818567, 10.0598079], [-0.8812559, 10.0487368], [-0.8887124, 10.0519272], [-0.8906865, 10.0480924], [-0.8860517, 10.0356368], [-0.8930919, 10.0358225], [-0.8952913, 10.0329806], [-0.8949814, 10.0190501], [-0.9043488, 10.0242521], [-0.9096475, 10.0235502], [-0.9119941, 10.0119585], [-0.9063986, 10.0121013], [-0.9125441, 10.008946], [-0.9191061, 10.0130261], [-0.9214203, 10.0002949], [-0.9323468, 10.0106869], [-0.9379835, 10.0111177], [-0.9403517, 10.0081911], [-0.9386196, 10.0022103], [-0.9424945, 9.9984656], [-0.9399681, 9.989828], [-0.9534674, 9.992648], [-0.9629276, 9.9896042], [-0.9726596, 9.9643587], [-0.9700171, 9.9569617], [-0.9748591, 9.9571469], [-0.9808068, 9.9625749], [-0.9841948, 9.9610985], [-0.9849102, 9.9499533], [-0.9812018, 9.9440881], [-0.9925633, 9.9431859], [-0.9913451, 9.9531228], [-1.0005938, 9.9601688], [-1.0032455, 9.9663442], [-0.9999397, 9.9751263], [-0.9877078, 9.9844448], [-0.9920526, 9.9904486], [-0.9879117, 9.9974423], [-0.9888404, 10.0022077], [-1.0033944, 10.010006], [-1.0017908, 10.0166014], [-1.0133386, 10.0260757], [-1.014626, 10.0399366], [-1.0272646, 10.061889], [-1.0240031, 10.0756428], [-1.0115147, 10.0776287], [-1.0138894, 10.0932727], [-1.0198832, 10.0999588], [-1.0311199, 10.0969485], [-1.0684777, 10.1044902], [-1.0712243, 10.1060112], [-1.0700226, 10.1087151], [-1.0614396, 10.114123], [-1.0636712, 10.1218966], [-1.0878754, 10.1217276], [-1.093626, 10.1348029], [-1.0879398, 10.1502434], [-1.0812521, 10.1556821], [-1.0652876, 10.154457], [-1.0849013, 10.1689686], [-1.1151137, 10.1513957], [-1.1123671, 10.1148952], [-1.1261, 10.1000235], [-1.1727919, 10.0878552], [-1.2098708, 10.062165], [-1.2318434, 10.0175404], [-1.2222304, 9.9864347], [-1.1769118, 9.9742621], [-1.1219801, 9.940447], [-1.1000075, 9.916098], [-1.1412062, 9.9309782], [-1.1755385, 9.92692], [-1.1714186, 9.8849827], [-1.1549391, 9.8511583], [-1.1659254, 9.7848526], [-1.1961378, 9.782146], [-1.2428297, 9.8146242], [-1.2661757, 9.7848526], [-1.2991347, 9.8024452], [-1.3320937, 9.7848526], [-1.3389601, 9.7713192], [-1.3417067, 9.6968756], [-1.3114943, 9.6616783], [-1.3169875, 9.6278313], [-1.3677992, 9.595335], [-1.3252272, 9.5438761], [-1.2757887, 9.493764], [-1.2565627, 9.4422898], [-1.2318434, 9.3962275], [-1.2565627, 9.323057], [-1.2373366, 9.2878213], [-1.2208571, 9.2742682], [-1.1988844, 9.3000187], [-1.1618056, 9.3135708], [-1.1151137, 9.3122156], [-1.0876479, 9.3000187], [-1.050569, 9.3284776], [-1.0203566, 9.3325429], [-0.9997572, 9.3203467], [-1.0025038, 9.3040844], [-0.9640517, 9.3189915], [-0.9475722, 9.2932424], [-0.9357671, 9.2939933], [-0.9337416, 9.2985393], [-0.9263752, 9.2963555], [-0.8851263, 9.3104343], [-0.8797338, 9.2999745], [-0.869872, 9.3063959], [-0.859697, 9.3064703], [-0.8491585, 9.3043047], [-0.8484125, 9.2967437], [-0.8424367, 9.2996874], [-0.8328226, 9.2973482], [-0.8228568, 9.3116167], [-0.8145747, 9.3129327], [-0.8059132, 9.3189498], [-0.7954893, 9.3089743], [-0.7748663, 9.3029143], [-0.7644449, 9.2960375], [-0.708456, 9.2871629], [-0.6940318, 9.2782507], [-0.6984011, 9.28256], [-0.6973584, 9.2850479], [-0.7104958, 9.2901505], [-0.7143454, 9.295933], [-0.7115817, 9.306], [-0.7177828, 9.313684], [-0.7145233, 9.3262876], [-0.6890586, 9.3101843], [-0.6841029, 9.3255199], [-0.6541666, 9.3152526], [-0.6351206, 9.3188333], [-0.6326762, 9.3157103], [-0.6364368, 9.3104328], [-0.6270409, 9.3070527], [-0.6172504, 9.3125797], [-0.6101505, 9.3113944], [-0.6045679, 9.3230262], [-0.5986311, 9.3238988], [-0.5944311, 9.3287659], [-0.5801216, 9.3164951], [-0.5663043, 9.2882766], [-0.553103, 9.284508], [-0.5442045, 9.2753106], [-0.5411868, 9.2771244], [-0.5351148, 9.2746748], [-0.5195204, 9.2822464], [-0.5110232, 9.2740645], [-0.511894, 9.2651796], [-0.5070863, 9.2586447], [-0.4896439, 9.2495368], [-0.483706, 9.2505644], [-0.46931, 9.2425473], [-0.4631005, 9.2429541], [-0.4524301, 9.2357261], [-0.4359095, 9.2310009], [-0.4263307, 9.2227511], [-0.4196424, 9.2225199], [-0.3921581, 9.2356027], [-0.3780666, 9.2280596], [-0.3586552, 9.2234859], [-0.3403765, 9.2112396], [-0.3240046, 9.209335], [-0.3173228, 9.1972829], [-0.309355, 9.1934585], [-0.308089, 9.1811102], [-0.2945754, 9.17668], [-0.2902701, 9.1549242], [-0.2865664, 9.1549227], [-0.2847646, 9.1502279], [-0.2871468, 9.1483004], [-0.2819065, 9.1453602], [-0.2820575, 9.1378275], [-0.2700013, 9.1296196], [-0.2610393, 9.130054], [-0.2584676, 9.1264133], [-0.2501166, 9.1293077], [-0.2473255, 9.1230792], [-0.2415026, 9.1225328], [-0.2371943, 9.1179098], [-0.2310286, 9.1234112], [-0.2236006, 9.121269], [-0.2222713, 9.1127299], [-0.2182619, 9.1085589], [-0.2103687, 9.1109532], [-0.2026422, 9.108917], [-0.2077914, 9.1029648], [-0.2060355, 9.09562], [-0.2093582, 9.0941168], [-0.2102936, 9.0861174], [-0.208086, 9.0824853], [-0.2130296, 9.0789846], [-0.2039696, 9.0628846], [-0.2130641, 9.0515218], [-0.2118792, 9.0456862], [-0.2184201, 9.0328471], [-0.2173292, 9.0295515], [-0.2088333, 9.0272401], [-0.2093814, 9.0124743], [-0.2123903, 9.0120031], [-0.2040141, 9.0047325], [-0.2060457, 8.9986108], [-0.2028411, 8.9984661], [-0.1954846, 8.9752143], [-0.2012769, 8.9467708], [-0.2131841, 8.9460442], [-0.2220236, 8.9357989], [-0.2279228, 8.9381761], [-0.2336368, 8.9363434], [-0.2342594, 8.9408262], [-0.2420956, 8.9308736], [-0.2406352, 8.9219423], [-0.237512, 8.9203126], [-0.2486299, 8.9174824], [-0.2438807, 8.9086198], [-0.2559061, 8.9009177], [-0.272789, 8.9034602], [-0.2743734, 8.8997391], [-0.2809919, 8.9012982], [-0.2795386, 8.8960744], [-0.2879437, 8.8924861], [-0.2910558, 8.8854993], [-0.2952207, 8.8887872], [-0.3020336, 8.8857233], [-0.302027, 8.87749], [-0.2950929, 8.8657485], [-0.3000423, 8.8649996], [-0.299675, 8.8608598], [-0.3139405, 8.8588045], [-0.3260935, 8.8631027], [-0.3304909, 8.858981], [-0.3331547, 8.8664199], [-0.3387901, 8.8673916], [-0.3441038, 8.8622303], [-0.338879, 8.8610555], [-0.3411411, 8.8560099], [-0.3446592, 8.8555349], [-0.3428875, 8.8464208], [-0.338375, 8.8453314], [-0.3343438, 8.8370085], [-0.3226849, 8.8341763], [-0.3211075, 8.8193166], [-0.3166211, 8.8162766], [-0.3080007, 8.8205143], [-0.2993849, 8.8193243], [-0.2953581, 8.8107715], [-0.2994789, 8.809117], [-0.2971626, 8.8059346], [-0.3032354, 8.7948578], [-0.3065562, 8.7956352], [-0.3046518, 8.7871197], [-0.3058431, 8.7841603], [-0.3094565, 8.785641], [-0.3077454, 8.7699781], [-0.3144263, 8.7650871], [-0.314555, 8.7507767], [-0.3294485, 8.742162], [-0.3396697, 8.7559203], [-0.3438523, 8.7549575], [-0.345841, 8.758475], [-0.3537527, 8.7544423], [-0.358637, 8.7481467], [-0.3728582, 8.7432949], [-0.3734064, 8.7402024], [-0.3659267, 8.7348705], [-0.3688425, 8.7225926], [-0.3837947, 8.7240811], [-0.381023, 8.7114137], [-0.3874156, 8.7088247], [-0.3868406, 8.7114614], [-0.3965924, 8.7130424], [-0.4057301, 8.7071111], [-0.4075757, 8.7155408], [-0.4124049, 8.7081755], [-0.414242, 8.718619], [-0.4083674, 8.7318214], [-0.4131707, 8.734048], [-0.4316614, 8.7284009], [-0.4309618, 8.7165192], [-0.4481136, 8.7295166], [-0.4562186, 8.7209553], [-0.471291, 8.7339594], [-0.4756521, 8.7337696], [-0.4860903, 8.7265376], [-0.4902337, 8.704391], [-0.484886, 8.7015928], [-0.4851238, 8.6825363], [-0.4759026, 8.6831257], [-0.4699543, 8.6718161], [-0.4598279, 8.6749973], [-0.4596233, 8.6785694], [-0.4537051, 8.6756219], [-0.447101, 8.6624538], [-0.440553, 8.6641417], [-0.4394629, 8.6594815], [-0.4327439, 8.6588745], [-0.4363138, 8.6499542], [-0.4348486, 8.6442928], [-0.4304613, 8.6432933], [-0.4233422, 8.650061], [-0.417792, 8.6460121], [-0.4192401, 8.6390814], [-0.4125104, 8.6259591], [-0.4135911, 8.6166417], [-0.4172125, 8.6138324], [-0.4151251, 8.6078258], [-0.4123991, 8.6101506], [-0.4092019, 8.6072467], [-0.411073, 8.5990407], [-0.4074933, 8.5978274], [-0.4024069, 8.6044844], [-0.3984703, 8.5964132], [-0.3961691, 8.5979592], [-0.3962738, 8.5930779], [-0.3910191, 8.5953958], [-0.3829677, 8.5923176], [-0.3794109, 8.5928001], [-0.378037, 8.5980429], [-0.373398, 8.5980849], [-0.3714943, 8.5870071], [-0.3623548, 8.5988468], [-0.3576447, 8.5990012], [-0.3577997, 8.5902631], [-0.3636742, 8.5815134], [-0.3560563, 8.5712647], [-0.3439665, 8.56863], [-0.3496528, 8.5599835], [-0.3366065, 8.5393266], [-0.3354907, 8.5311781], [-0.3336883, 8.5338307], [-0.3233028, 8.531836], [-0.3177667, 8.5358996], [-0.3121448, 8.5276131], [-0.3107178, 8.539125], [-0.3057718, 8.5389447], [-0.3046775, 8.535072], [-0.2998332, 8.5458069], [-0.2934015, 8.5473688], [-0.2985728, 8.5436236], [-0.2954185, 8.5415865], [-0.2883051, 8.5447529], [-0.2779091, 8.5577237], [-0.2690578, 8.5509655], [-0.2698302, 8.5423292], [-0.2655923, 8.5469338], [-0.2606678, 8.5462654], [-0.2573633, 8.55557], [-0.2376398, 8.5596677], [-0.2374077, 8.567898], [-0.2342212, 8.5717173], [-0.2289963, 8.5671023], [-0.2223981, 8.5699986], [-0.2210891, 8.5616386], [-0.2145911, 8.552595], [-0.1966703, 8.5523978], [-0.1973418, 8.5472972], [-0.2061764, 8.538683], [-0.2063375, 8.5256658], [-0.1995643, 8.5220901], [-0.2045322, 8.4972069], [-0.2082436, 8.4946847], [-0.1950731, 8.4833421], [-0.1998997, 8.4817318], [-0.2107142, 8.4863523], [-0.2130302, 8.4681878], [-0.217532, 8.4700536], [-0.2193613, 8.4750284], [-0.2428598, 8.4727208], [-0.233494, 8.4574739], [-0.2281743, 8.4587917], [-0.2189222, 8.4555246], [-0.226038, 8.4278623], [-0.2491343, 8.3808881], [-0.2528894, 8.3522817], [-0.2585006, 8.3494899], [-0.2731562, 8.3532476], [-0.2998281, 8.353375], [-0.3068394, 8.3581836], [-0.3181475, 8.3448245], [-0.3267038, 8.3397716], [-0.3241879, 8.3342728], [-0.3082287, 8.3206157], [-0.2755916, 8.3196921], [-0.2666652, 8.3266986], [-0.2619338, 8.3367515], [-0.2476108, 8.3337792], [-0.2373111, 8.3428872], [-0.2325261, 8.3395646], [-0.2169156, 8.3387791], [-0.209856, 8.3504744], [-0.1960158, 8.3475792], [-0.18695, 8.3570902], [-0.184323, 8.3369822], [-0.1642585, 8.3119], [-0.1587912, 8.295846], [-0.1449708, 8.2862128], [-0.1427476, 8.2721302]]]}}, {"type": "Feature", "properties": {"name": "Central Region", "country": "GHA"}, "geometry": {"type": "Polygon", "coordinates": [[[-2.1591975, 6.1291997], [-2.0890358, 6.0991296], [-2.0672615, 6.0840939], [-2.0485114, 6.0456007], [-1.9850029, 6.0131199], [-1.9589947, 5.9824418], [-1.91968, 5.9234869], [-1.865849, 5.8982186], [-1.8374214, 5.8759574], [-1.8350021, 5.8482802], [-1.8398408, 5.8296274], [-1.8404456, 5.7959304], [-1.8168568, 5.7887093], [-1.8041551, 5.7730634], [-1.8223004, 5.7447793], [-1.8259294, 5.6972347], [-1.8404456, 5.6767713], [-1.8392359, 5.6165806], [-1.8180665, 5.6075514], [-1.7914534, 5.612367], [-1.7702839, 5.621998], [-1.7454854, 5.6226], [-1.720082, 5.6099592], [-1.6614123, 5.6063476], [-1.6069765, 5.5515676], [-1.6079488, 5.5330324], [-1.6153264, 5.5212193], [-1.6183202, 5.500253], [-1.6107914, 5.4633314], [-1.6022376, 5.4560937], [-1.6022376, 5.4492817], [-1.6159237, 5.445237], [-1.6038268, 5.4307193], [-1.5681411, 5.4096445], [-1.53427, 5.3301557], [-1.4483824, 5.282578], [-1.4393097, 5.2488497], [-1.4743906, 5.2289733], [-1.4913262, 5.2030728], [-1.5100763, 5.1964469], [-1.5445523, 5.1934351], [-1.5753992, 5.1621117], [-1.5868912, 5.1265697], [-1.5942299, 5.0316861], [-1.504962, 5.0432525], [-1.4707652, 5.0563717], [-1.4447397, 5.0583468], [-1.4346318, 5.0646361], [-1.3935551, 5.0705566], [-1.3470548, 5.0820206], [-1.3487687, 5.0864779], [-1.346205, 5.08999], [-1.3185733, 5.0976479], [-1.2407175, 5.1029357], [-1.229471, 5.1127797], [-1.2139034, 5.1176305], [-1.2082949, 5.1244589], [-1.1993585, 5.1278864], [-1.194691, 5.137516], [-1.167683, 5.144912], [-1.148092, 5.164698], [-1.1198969, 5.1731236], [-1.115409, 5.178646], [-1.1061537, 5.1805603], [-1.087343, 5.19544], [-1.027953, 5.200926], [-0.837221, 5.210091], [-0.809448, 5.215277], [-0.8029361, 5.2219619], [-0.789877, 5.226544], [-0.79063, 5.2317], [-0.7821938, 5.2372284], [-0.775667, 5.247878], [-0.75971, 5.254261], [-0.756098, 5.258113], [-0.756332, 5.264554], [-0.748331, 5.274058], [-0.7274258, 5.2854196], [-0.7311246, 5.2922755], [-0.7243037, 5.2999726], [-0.667199, 5.321288], [-0.6215671, 5.3325789], [-0.6136894, 5.3473044], [-0.604624, 5.352733], [-0.4980439, 5.3786563], [-0.488581, 5.385626], [-0.48209, 5.401569], [-0.4630377, 5.4184759], [-0.467137, 5.4252069], [-0.4646705, 5.4300443], [-0.42058, 5.4522432], [-0.4064781, 5.4658539], [-0.405193, 5.473878], [-0.3879623, 5.4821325], [-0.4102541, 5.5288823], [-0.4305941, 5.5525329], [-0.4361068, 5.5638849], [-0.4369306, 5.5720834], [-0.431101, 5.5867774], [-0.4305941, 5.5986963], [-0.4902328, 5.6651572], [-0.4963697, 5.6767893], [-0.4966619, 5.6875488], [-0.4919862, 5.7038331], [-0.4994381, 5.715319], [-0.4988536, 5.7249147], [-0.5539412, 5.7487308], [-0.6482624, 5.7427149], [-1.0953943, 5.7713236], [-1.1214739, 5.7828083], [-1.1372926, 5.8100305], [-1.2163862, 5.9010452], [-1.2436818, 5.913722], [-1.2527068, 5.9138416], [-1.2553922, 5.9102402], [-1.2560936, 5.9166057], [-1.2611773, 5.9145592], [-1.2624131, 5.9054294], [-1.257944, 5.9038944], [-1.2616115, 5.8908041], [-1.2705592, 5.8940894], [-1.2749514, 5.9031038], [-1.2829811, 5.8996935], [-1.2919242, 5.8873479], [-1.2974629, 5.8854681], [-1.3085299, 5.8894738], [-1.3043265, 5.9008623], [-1.3122938, 5.9061633], [-1.3080067, 5.926099], [-1.3179121, 5.9235738], [-1.3176181, 5.9181719], [-1.3225181, 5.9142677], [-1.3351676, 5.9168205], [-1.3433888, 5.910739], [-1.3440985, 5.9147149], [-1.3360356, 5.9235463], [-1.3367087, 5.927319], [-1.347339, 5.9189727], [-1.3486725, 5.9318362], [-1.3766441, 5.934915], [-1.3784143, 5.930969], [-1.3748205, 5.928934], [-1.3738864, 5.9231473], [-1.3801179, 5.9161177], [-1.3943375, 5.9195904], [-1.3999061, 5.9169801], [-1.4046297, 5.9219263], [-1.4182579, 5.9206996], [-1.4153365, 5.9152882], [-1.4199854, 5.9022827], [-1.4278914, 5.9098867], [-1.4364826, 5.9005661], [-1.4507843, 5.9057508], [-1.4554618, 5.8926973], [-1.4624475, 5.8970124], [-1.4617457, 5.9042149], [-1.4647441, 5.9049129], [-1.4670909, 5.902642], [-1.4647123, 5.8936809], [-1.4583965, 5.8870494], [-1.4608526, 5.8617285], [-1.4693375, 5.8610304], [-1.4759955, 5.854822], [-1.477599, 5.8628074], [-1.4826389, 5.8668689], [-1.487685, 5.8687558], [-1.4871039, 5.8618189], [-1.4944411, 5.8675987], [-1.5005017, 5.8675035], [-1.5004945, 5.8768066], [-1.5095927, 5.8761343], [-1.5160041, 5.8720728], [-1.521625, 5.8747068], [-1.5165944, 5.8895862], [-1.5110701, 5.8916443], [-1.5060439, 5.8868388], [-1.4976506, 5.8905149], [-1.5007277, 5.8953395], [-1.5054363, 5.8951358], [-1.49924, 5.9028863], [-1.5005789, 5.9065857], [-1.516348, 5.9144283], [-1.5206261, 5.9284858], [-1.5228936, 5.9286335], [-1.5252583, 5.9209303], [-1.5304806, 5.9230107], [-1.5302134, 5.9302128], [-1.525986, 5.9341173], [-1.5302254, 5.9386093], [-1.5463985, 5.9379555], [-1.54584, 5.9343425], [-1.5377701, 5.9295213], [-1.5472911, 5.926414], [-1.5553244, 5.9280416], [-1.5592294, 5.9234176], [-1.5608626, 5.9263083], [-1.5666754, 5.9254072], [-1.5674115, 5.9308161], [-1.5724323, 5.9321108], [-1.5716578, 5.9251069], [-1.582474, 5.9180536], [-1.5811696, 5.9266837], [-1.5884246, 5.9337754], [-1.5894736, 5.9273595], [-1.5943751, 5.9230477], [-1.599024, 5.9285965], [-1.6080443, 5.9249567], [-1.6124228, 5.9287861], [-1.6182181, 5.9265509], [-1.6183635, 5.9315559], [-1.6237562, 5.9265619], [-1.6280494, 5.9290114], [-1.6348952, 5.9271351], [-1.6380748, 5.9328506], [-1.6455632, 5.9314142], [-1.6439024, 5.9277349], [-1.647375, 5.9239806], [-1.6534897, 5.9218781], [-1.6616913, 5.9239725], [-1.6628506, 5.9189497], [-1.6657192, 5.9169974], [-1.6663986, 5.9206767], [-1.6701783, 5.9149689], [-1.675835, 5.920902], [-1.6722114, 5.9225539], [-1.6787036, 5.9238304], [-1.6870076, 5.9329159], [-1.6907572, 5.9317319], [-1.6922164, 5.9351685], [-1.6891571, 5.9405559], [-1.691906, 5.9432463], [-1.7036591, 5.927227], [-1.7074576, 5.9291681], [-1.7137761, 5.9386435], [-1.7099057, 5.9546345], [-1.7149239, 5.9571648], [-1.7246815, 5.9528495], [-1.7322611, 5.9680827], [-1.7395967, 5.9697464], [-1.7502604, 5.9660204], [-1.7523862, 5.9620345], [-1.7641999, 5.9700583], [-1.770159, 5.9609081], [-1.7777544, 5.971792], [-1.7752028, 5.9814323], [-1.791662, 5.9882631], [-1.7981207, 5.9965272], [-1.797182, 6.000091], [-1.8031257, 5.9929954], [-1.8101357, 6.0061517], [-1.8126433, 6.0112302], [-1.8012804, 6.0260987], [-1.8076372, 6.0328044], [-1.8205603, 6.0272377], [-1.8237237, 6.0285412], [-1.8233741, 6.0365013], [-1.8284774, 6.0332165], [-1.8338778, 6.0355107], [-1.843283, 6.0329977], [-1.8447783, 6.026054], [-1.851773, 6.0197001], [-1.8504383, 6.0145506], [-1.8649838, 6.0102983], [-1.8709774, 6.0120312], [-1.8729794, 6.0204253], [-1.8804808, 6.0253166], [-1.8797393, 6.0300359], [-1.8848432, 6.0314246], [-1.8925917, 6.01605], [-1.9135634, 6.0110848], [-1.9210894, 6.0156199], [-1.9269842, 6.0297286], [-1.9249204, 6.0354433], [-1.9343249, 6.0366723], [-1.9477582, 6.0489125], [-1.9498961, 6.0569742], [-1.9531339, 6.056028], [-1.95217, 6.0488265], [-1.9575705, 6.0514687], [-1.9609566, 6.0581294], [-1.965319, 6.0573675], [-1.963008, 6.0549834], [-1.9652325, 6.0505224], [-1.9685815, 6.0527714], [-1.9724867, 6.0618284], [-1.9700398, 6.0689928], [-1.9739573, 6.0712663], [-1.9734992, 6.0794497], [-1.9784175, 6.0887922], [-1.9749934, 6.0921969], [-1.9801928, 6.0937046], [-1.988006, 6.1031512], [-1.9862029, 6.1142422], [-1.9789415, 6.1116105], [-1.9797352, 6.1172355], [-1.9898391, 6.1247966], [-1.9973765, 6.1160392], [-2.0075571, 6.1175251], [-2.0062588, 6.1112657], [-2.0141917, 6.1120933], [-2.0142515, 6.1278963], [-2.0194113, 6.1281338], [-2.0246924, 6.1333968], [-2.0254691, 6.1451122], [-2.0194789, 6.1524163], [-2.0242587, 6.1555232], [-2.0223005, 6.1654458], [-2.0244027, 6.1669922], [-2.0211121, 6.1702316], [-2.0226514, 6.1795419], [-2.0350967, 6.1888144], [-2.0403165, 6.1979414], [-2.0384468, 6.206891], [-2.0315986, 6.2104498], [-2.0212256, 6.2243377], [-2.0198579, 6.2358666], [-2.0231652, 6.2415588], [-2.0233626, 6.2550235], [-2.0061054, 6.272266], [-2.009737, 6.292633], [-2.0158369, 6.2988386], [-2.0577397, 6.2972632], [-2.0772934, 6.2836094], [-2.0925735, 6.2644004], [-2.1249313, 6.2416166], [-2.1464958, 6.2350329], [-2.1767379, 6.2151908], [-2.1785525, 6.1851255], [-2.1731089, 6.1502477], [-2.1591975, 6.1291997]]]}}, {"type": "Feature", "properties": {"name": "Ashanti Region", "country": "GHA"}, "geometry": {"type": "Polygon", "coordinates": [[[-2.0772934, 6.2836094], [-2.0577397, 6.2972632], [-2.0187048, 6.2992662], [-2.009737, 6.292633], [-2.0061054, 6.272266], [-2.0233626, 6.2550235], [-2.0231652, 6.2415588], [-2.0198579, 6.2358666], [-2.0212256, 6.2243377], [-2.0315986, 6.2104498], [-2.0384468, 6.206891], [-2.0403165, 6.1979414], [-2.0350967, 6.1888144], [-2.0226514, 6.1795419], [-2.0211121, 6.1702316], [-2.0244027, 6.1669922], [-2.0223005, 6.1654458], [-2.0242587, 6.1555232], [-2.0194789, 6.1524163], [-2.0254691, 6.1451122], [-2.0246924, 6.1333968], [-2.0194113, 6.1281338], [-2.0142515, 6.1278963], [-2.0141917, 6.1120933], [-2.0062588, 6.1112657], [-2.0075571, 6.1175251], [-1.9973765, 6.1160392], [-1.9898391, 6.1247966], [-1.9797352, 6.1172355], [-1.9789415, 6.1116105], [-1.9862029, 6.1142422], [-1.988006, 6.1031512], [-1.9801928, 6.0937046], [-1.9749934, 6.0921969], [-1.9784175, 6.0887922], [-1.9734992, 6.0794497], [-1.9739573, 6.0712663], [-1.9700398, 6.0689928], [-1.9724867, 6.0618284], [-1.9685815, 6.0527714], [-1.9652325, 6.0505224], [-1.963008, 6.0549834], [-1.965319, 6.0573675], [-1.9609566, 6.0581294], [-1.9575705, 6.0514687], [-1.95217, 6.0488265], [-1.9531339, 6.056028], [-1.9498961, 6.0569742], [-1.9477582, 6.0489125], [-1.9343249, 6.0366723], [-1.9249204, 6.0354433], [-1.9269842, 6.0297286], [-1.9210894, 6.0156199], [-1.9135634, 6.0110848], [-1.8925917, 6.01605], [-1.8848432, 6.0314246], [-1.8797393, 6.0300359], [-1.8804808, 6.0253166], [-1.8729794, 6.0204253], [-1.8709774, 6.0120312], [-1.8649838, 6.0102983], [-1.8504383, 6.0145506], [-1.851773, 6.0197001], [-1.8447783, 6.026054], [-1.843283, 6.0329977], [-1.8338778, 6.0355107], [-1.8284774, 6.0332165], [-1.8233741, 6.0365013], [-1.8237237, 6.0285412], [-1.8205603, 6.0272377], [-1.8076372, 6.0328044], [-1.8012804, 6.0260987], [-1.8126433, 6.0112302], [-1.8101357, 6.0061517], [-1.8031257, 5.9929954], [-1.797182, 6.000091], [-1.7981207, 5.9965272], [-1.791662, 5.9882631], [-1.7752028, 5.9814323], [-1.7777544, 5.971792], [-1.770159, 5.9609081], [-1.7641999, 5.9700583], [-1.7523862, 5.9620345], [-1.7502604, 5.9660204], [-1.7395967, 5.9697464], [-1.7322611, 5.9680827], [-1.7246815, 5.9528495], [-1.7149239, 5.9571648], [-1.7099057, 5.9546345], [-1.7137761, 5.9386435], [-1.7074576, 5.9291681], [-1.7036591, 5.927227], [-1.691906, 5.9432463], [-1.6891571, 5.9405559], [-1.6922164, 5.9351685], [-1.6907572, 5.9317319], [-1.6870076, 5.9329159], [-1.6787036, 5.9238304], [-1.6722114, 5.9225539], [-1.675835, 5.920902], [-1.6701783, 5.9149689], [-1.6663986, 5.9206767], [-1.6657192, 5.9169974], [-1.6628506, 5.9189497], [-1.6616913, 5.9239725], [-1.6534897, 5.9218781], [-1.647375, 5.9239806], [-1.6439024, 5.9277349], [-1.6455632, 5.9314142], [-1.6380748, 5.9328506], [-1.6348952, 5.9271351], [-1.6280494, 5.9290114], [-1.6237562, 5.9265619], [-1.6183635, 5.9315559], [-1.6182181, 5.9265509], [-1.6124228, 5.9287861], [-1.6080443, 5.9249567], [-1.599024, 5.9285965], [-1.5943751, 5.9230477], [-1.5894736, 5.9273595], [-1.5884246, 5.9337754], [-1.5811696, 5.9266837], [-1.582474, 5.9180536], [-1.5716578, 5.9251069], [-1.5724323, 5.9321108], [-1.5674115, 5.9308161], [-1.5666754, 5.9254072], [-1.5608626, 5.9263083], [-1.5592294, 5.9234176], [-1.5553244, 5.9280416], [-1.5472911, 5.926414], [-1.5377701, 5.9295213], [-1.54584, 5.9343425], [-1.5463985, 5.9379555], [-1.5302254, 5.9386093], [-1.525986, 5.9341173], [-1.5302134, 5.9302128], [-1.5304806, 5.9230107], [-1.5252583, 5.9209303], [-1.5228936, 5.9286335], [-1.5206261, 5.9284858], [-1.516348, 5.9144283], [-1.5005789, 5.9065857], [-1.49924, 5.9028863], [-1.5054363, 5.8951358], [-1.5007277, 5.8953395], [-1.4976506, 5.8905149], [-1.5060439, 5.8868388], [-1.5110701, 5.8916443], [-1.5165944, 5.8895862], [-1.521625, 5.8747068], [-1.5160041, 5.8720728], [-1.5095927, 5.8761343], [-1.5004945, 5.8768066], [-1.5005017, 5.8675035], [-1.4944411, 5.8675987], [-1.4871039, 5.8618189], [-1.487685, 5.8687558], [-1.4826389, 5.8668689], [-1.477599, 5.8628074], [-1.4759955, 5.854822], [-1.4693375, 5.8610304], [-1.4608526, 5.8617285], [-1.4583965, 5.8870494], [-1.4647123, 5.8936809], [-1.4670909, 5.902642], [-1.4647441, 5.9049129], [-1.4617457, 5.9042149], [-1.4624475, 5.8970124], [-1.4554618, 5.8926973], [-1.4507843, 5.9057508], [-1.4364826, 5.9005661], [-1.4278914, 5.9098867], [-1.4199854, 5.9022827], [-1.4153365, 5.9152882], [-1.4182579, 5.9206996], [-1.4046297, 5.9219263], [-1.3999061, 5.9169801], [-1.3943375, 5.9195904], [-1.3801179, 5.9161177], [-1.3738864, 5.9231473], [-1.3748205, 5.928934], [-1.3784143, 5.930969], [-1.3766441, 5.934915], [-1.3486725, 5.9318362], [-1.347339, 5.9189727], [-1.3367087, 5.927319], [-1.3360356, 5.9235463], [-1.3440985, 5.9147149], [-1.3433888, 5.910739], [-1.3351676, 5.9168205], [-1.3225181, 5.9142677], [-1.3176181, 5.9181719], [-1.3179121, 5.9235738], [-1.3080067, 5.926099], [-1.3122938, 5.9061633], [-1.3043265, 5.9008623], [-1.30754, 5.8881207], [-1.2974629, 5.8854681], [-1.2919242, 5.8873479], [-1.2829811, 5.8996935], [-1.2749514, 5.9031038], [-1.2705592, 5.8940894], [-1.2616115, 5.8908041], [-1.257944, 5.9038944], [-1.2624131, 5.9054294], [-1.2611773, 5.9145592], [-1.2560936, 5.9166057], [-1.2553922, 5.9102402], [-1.2527068, 5.9138416], [-1.2436818, 5.913722], [-1.2457259, 5.9223201], [-1.2426797, 5.9319285], [-1.2270925, 5.9328351], [-1.2189371, 5.9423036], [-1.2249382, 5.9461239], [-1.2208161, 5.955055], [-1.2247207, 5.9575581], [-1.2187344, 5.9644701], [-1.2224521, 5.9763388], [-1.2288189, 5.98297], [-1.2331147, 5.9798936], [-1.2397621, 5.9806511], [-1.2385863, 5.9844384], [-1.2454408, 5.9862988], [-1.247071, 5.9907705], [-1.2412319, 5.9960128], [-1.2438642, 6.003089], [-1.2406175, 6.006244], [-1.2419401, 6.0102779], [-1.2302019, 6.0133143], [-1.2312975, 6.01556], [-1.2267946, 6.0188222], [-1.2299079, 6.0195995], [-1.2300349, 6.0273597], [-1.2334554, 6.0279576], [-1.2287521, 6.0336381], [-1.2317318, 6.0384017], [-1.2081151, 6.0524331], [-1.2121035, 6.0586382], [-1.2094312, 6.0611893], [-1.2106471, 6.0653481], [-1.2144652, 6.0678892], [-1.2061876, 6.0713969], [-1.2084792, 6.0742071], [-1.2065016, 6.0774822], [-1.1985581, 6.0809367], [-1.2046444, 6.0912602], [-1.2024798, 6.0938444], [-1.2001949, 6.0914196], [-1.1902605, 6.0918913], [-1.1870003, 6.0969334], [-1.1916568, 6.1019223], [-1.1895457, 6.1063797], [-1.1927324, 6.1126705], [-1.2010501, 6.1125111], [-1.2010968, 6.1098938], [-1.2068023, 6.1127436], [-1.2056064, 6.1162111], [-1.1924452, 6.1224288], [-1.1985514, 6.1256704], [-1.2022192, 6.1333692], [-1.1927258, 6.1351428], [-1.1901845, 6.1441553], [-1.1847743, 6.1426748], [-1.182353, 6.1445104], [-1.1840133, 6.1488881], [-1.178959, 6.1481402], [-1.181399, 6.1490979], [-1.1812404, 6.1562931], [-1.1778373, 6.1572781], [-1.1843042, 6.1628595], [-1.185783, 6.1684798], [-1.1848268, 6.1704455], [-1.1807265, 6.1669526], [-1.1824785, 6.1729808], [-1.1787902, 6.1719605], [-1.1788118, 6.1801949], [-1.1895524, 6.1850771], [-1.1876584, 6.190726], [-1.1901605, 6.1929949], [-1.1863054, 6.1937907], [-1.1930838, 6.1973503], [-1.1878635, 6.2082922], [-1.1515406, 6.2360188], [-1.1489461, 6.2650334], [-1.1320818, 6.3282151], [-1.1119745, 6.3481996], [-1.0977047, 6.386877], [-1.073057, 6.4319969], [-1.0166266, 6.4700234], [-1.0062486, 6.4945136], [-0.9893844, 6.5061138], [-0.9550073, 6.5415571], [-0.9400889, 6.5776423], [-0.9076577, 6.5924623], [-0.8979283, 6.6130806], [-0.9206302, 6.6543146], [-0.9426834, 6.6697765], [-0.9621422, 6.7000546], [-0.9634394, 6.7322633], [-0.9303596, 6.7631816], [-0.83112, 6.7741314], [-0.7922025, 6.8011827], [-0.7727438, 6.8269444], [-0.7506905, 6.8700922], [-0.6212449, 7.0528016], [-0.4629805, 7.0611699], [-0.4227658, 7.0939977], [-0.3416877, 7.1165252], [-0.3261207, 7.1506362], [-0.2872032, 7.1821705], [-0.2372591, 7.1873188], [-0.2004562, 7.1843903], [-0.2090684, 7.2018077], [-0.2155453, 7.1996982], [-0.2172481, 7.2110524], [-0.220814, 7.2128378], [-0.2387176, 7.2023532], [-0.2437031, 7.2119128], [-0.2424939, 7.2220356], [-0.2509288, 7.2231562], [-0.256652, 7.2283327], [-0.2545357, 7.2328665], [-0.2603448, 7.2489686], [-0.2616741, 7.2666953], [-0.2723882, 7.2681294], [-0.2749645, 7.2745618], [-0.2881274, 7.2805285], [-0.2888487, 7.2843888], [-0.2976878, 7.2830161], [-0.30224, 7.2777278], [-0.3081235, 7.2791151], [-0.3109901, 7.2857049], [-0.324436, 7.2810941], [-0.3254265, 7.2851919], [-0.3314692, 7.2873565], [-0.3298654, 7.2909404], [-0.3468492, 7.2930327], [-0.3542276, 7.2976467], [-0.3567674, 7.301584], [-0.3548607, 7.3085885], [-0.361993, 7.3117549], [-0.3772754, 7.3091189], [-0.3818892, 7.3128605], [-0.3962807, 7.3116257], [-0.408562, 7.3182689], [-0.4233309, 7.3210171], [-0.4269873, 7.3268795], [-0.4311333, 7.3232846], [-0.4475524, 7.3326473], [-0.4538958, 7.3315923], [-0.4566592, 7.3342462], [-0.4606692, 7.3311691], [-0.4735073, 7.3388036], [-0.4777109, 7.3354427], [-0.479414, 7.3382564], [-0.4841807, 7.337355], [-0.4927257, 7.3439255], [-0.49707, 7.3393489], [-0.4991941, 7.3435055], [-0.5053598, 7.3410093], [-0.5339593, 7.3478355], [-0.5409423, 7.3545519], [-0.5518571, 7.3548936], [-0.5560212, 7.3519648], [-0.574288, 7.3533691], [-0.5930394, 7.3474128], [-0.5986814, 7.3486279], [-0.6006443, 7.3560536], [-0.6081747, 7.361841], [-0.6190201, 7.3824152], [-0.6248098, 7.3835476], [-0.6390573, 7.4023489], [-0.6380295, 7.4098159], [-0.6416993, 7.4204817], [-0.6541822, 7.4307878], [-0.651442, 7.4560948], [-0.6478305, 7.4616439], [-0.6519694, 7.4667001], [-0.6478762, 7.477073], [-0.6504611, 7.4809041], [-0.6481337, 7.4899772], [-0.6515239, 7.4956063], [-0.6500424, 7.5020309], [-0.6564025, 7.5052806], [-0.6710094, 7.5227415], [-0.6756858, 7.5230234], [-0.6769299, 7.5290339], [-0.6835874, 7.5249037], [-0.6891443, 7.5339441], [-0.6891334, 7.5414947], [-0.7010814, 7.5287836], [-0.7051672, 7.5299096], [-0.7209446, 7.5198857], [-0.7263384, 7.5228368], [-0.739262, 7.5201493], [-0.7475889, 7.5086018], [-0.7510494, 7.5106317], [-0.7581086, 7.5071648], [-0.7671655, 7.5085482], [-0.7735067, 7.5038799], [-0.7809913, 7.5047007], [-0.7849967, 7.4977017], [-0.789212, 7.5007882], [-0.7957621, 7.4988974], [-0.8045904, 7.504266], [-0.8076655, 7.5025968], [-0.808438, 7.5110133], [-0.8204033, 7.4995394], [-0.821546, 7.508502], [-0.8283535, 7.5122593], [-0.8379841, 7.5086048], [-0.8436823, 7.5097564], [-0.8450603, 7.5183909], [-0.8558001, 7.5187585], [-0.8639558, 7.5147005], [-0.8621315, 7.5183002], [-0.8667742, 7.5207137], [-0.8757867, 7.5144917], [-0.8845602, 7.5131295], [-0.889943, 7.5165823], [-0.8931696, 7.5042936], [-0.9017814, 7.5080476], [-0.9252227, 7.5037655], [-0.9320144, 7.5079044], [-0.93307, 7.5056027], [-0.9358669, 7.5140856], [-0.9531883, 7.523524], [-0.9721217, 7.5196772], [-0.9770715, 7.5259187], [-0.9760548, 7.5291551], [-0.9834992, 7.5347075], [-0.9921126, 7.5293652], [-1.0023007, 7.5282047], [-1.0143843, 7.5348591], [-1.0179705, 7.5322401], [-1.0247554, 7.5340162], [-1.0355774, 7.5269985], [-1.0408134, 7.527553], [-1.0453086, 7.515582], [-1.0525992, 7.5086288], [-1.0684472, 7.5016411], [-1.0671429, 7.4963291], [-1.0704428, 7.4892107], [-1.0807206, 7.4777635], [-1.1980417, 7.4650735], [-1.2257722, 7.4573183], [-1.2734117, 7.4650735], [-1.3018532, 7.4826984], [-1.316785, 7.5905473], [-1.3473596, 7.620853], [-1.392866, 7.6180339], [-1.4511711, 7.5299297], [-1.4980995, 7.4975028], [-1.5286741, 7.4819934], [-1.5229858, 7.41572], [-1.526541, 7.3889257], [-1.5756026, 7.3938616], [-1.5962227, 7.375528], [-1.6040441, 7.3529625], [-1.6367518, 7.3353324], [-1.6644823, 7.3339219], [-1.6900796, 7.3473209], [-1.754784, 7.3360376], [-1.7810924, 7.3642454], [-1.8237547, 7.3882206], [-1.8358423, 7.4678935], [-1.8664169, 7.4636635], [-1.9183227, 7.449563], [-1.9595628, 7.4671885], [-1.9929816, 7.4573183], [-2.0100465, 7.4615484], [-2.0285335, 7.4544982], [-2.1074586, 7.4643685], [-2.1202573, 7.4354621], [-2.133767, 7.4199505], [-2.152965, 7.3649506], [-2.1465657, 7.3416793], [-2.0896827, 7.3402689], [-2.0619522, 7.3092385], [-1.9880043, 7.3106491], [-1.9602739, 7.2894908], [-1.9368096, 7.2471714], [-1.8578845, 7.227421], [-1.8507741, 7.2217778], [-1.8614397, 7.19991], [-1.867128, 7.143472], [-1.8927253, 7.130067], [-1.925433, 7.130067], [-2.0093354, 7.0503342], [-2.0491535, 7.0270468], [-2.114569, 7.0326923], [-2.1593643, 7.0122269], [-2.189939, 7.0214012], [-2.2062928, 7.0573907], [-2.2304681, 7.0566851], [-2.2631758, 7.0305753], [-2.2834331, 6.9756798], [-2.3328575, 6.894357], [-2.3726756, 6.8682382], [-2.3840522, 6.8520014], [-2.3854743, 6.8392939], [-2.2809518, 6.8421178], [-2.2532213, 6.8301161], [-2.246822, 6.812466], [-2.2837959, 6.7955213], [-2.2980167, 6.7058456], [-2.3386525, 6.6959226], [-2.3508619, 6.667567], [-2.380497, 6.6620609], [-2.4210261, 6.681129], [-2.4220622, 6.6381594], [-2.4180868, 6.6201041], [-2.4072435, 6.5987382], [-2.403155, 6.5828456], [-2.3858676, 6.5685147], [-2.3840956, 6.5533063], [-2.3769959, 6.5481552], [-2.3772484, 6.5395653], [-2.383064, 6.5346182], [-2.3826575, 6.5269489], [-2.397337, 6.5204618], [-2.3969897, 6.5030821], [-2.4011936, 6.5062626], [-2.4054896, 6.5050539], [-2.4153774, 6.4958244], [-2.415664, 6.4913749], [-2.4207382, 6.4914814], [-2.4250482, 6.4874205], [-2.423363, 6.4726854], [-2.4294317, 6.4730801], [-2.4357542, 6.4617113], [-2.4420818, 6.458404], [-2.4447845, 6.4426667], [-2.4385631, 6.4419164], [-2.4484809, 6.4317328], [-2.4403165, 6.4289546], [-2.4382941, 6.4204694], [-2.4294182, 6.4170083], [-2.4223399, 6.4070713], [-2.4254858, 6.404615], [-2.4234635, 6.3965759], [-2.4324978, 6.350123], [-2.4080284, 6.3466488], [-2.3756144, 6.3665462], [-2.3648097, 6.3779157], [-2.3635706, 6.4202861], [-2.3509869, 6.4618178], [-2.3496387, 6.4828057], [-2.3442457, 6.4957552], [-2.327168, 6.5024531], [-2.3011019, 6.492183], [-2.2691935, 6.4738748], [-2.2548122, 6.4845919], [-2.2282967, 6.4577988], [-2.2408803, 6.3903633], [-2.21916, 6.3384247], [-2.1952133, 6.3563599], [-2.1554915, 6.3541856], [-2.1361667, 6.3331924], [-2.1294255, 6.3086249], [-2.1163925, 6.2903101], [-2.0772934, 6.2836094]]]}}, {"type": "Feature", "properties": {"name": "Bono Region", "country": "GHA"}, "geometry": {"type": "Polygon", "coordinates": [[[-2.8677543, 6.8356582], [-2.8427138, 6.8800748], [-2.8385939, 6.94824], [-2.8056349, 6.9714139], [-2.7960219, 7.001402], [-2.7616896, 7.0232103], [-2.7520766, 7.0627352], [-2.7301039, 7.0899918], [-2.6930251, 7.095443], [-2.6875319, 7.1295111], [-2.6422133, 7.1308737], [-2.5968947, 7.1758396], [-2.5817885, 7.1758396], [-2.5735487, 7.2085392], [-2.5460829, 7.2248882], [-2.4884047, 7.2262506], [-2.4925246, 7.1281484], [-2.4513258, 7.1281484], [-2.4156203, 7.1199722], [-2.3922743, 7.0995313], [-2.4169936, 7.0872663], [-2.3620619, 7.0981685], [-2.3442091, 7.1226976], [-2.3167433, 7.1131587], [-2.3112502, 7.0913546], [-2.2796645, 7.1131587], [-2.2892775, 7.1458628], [-2.3249831, 7.1812897], [-2.338716, 7.2235258], [-2.3016371, 7.2248882], [-2.2673048, 7.2344248], [-2.2508253, 7.2766559], [-2.2041335, 7.3120725], [-2.1629347, 7.317521], [-2.1465657, 7.3416793], [-2.152965, 7.3649506], [-2.133767, 7.4199505], [-2.1202573, 7.4354621], [-2.1074586, 7.4643685], [-2.0989809, 7.4633083], [-2.1203627, 7.5040902], [-2.121736, 7.5231512], [-2.1052565, 7.5462956], [-2.0860304, 7.5816904], [-2.0777907, 7.6184436], [-2.0681776, 7.6402217], [-2.0324721, 7.6619988], [-2.0585646, 7.6905794], [-2.0681776, 7.7368488], [-2.0530714, 7.7640637], [-2.0159926, 7.7640637], [-1.9651808, 7.7939981], [-1.9390883, 7.7912769], [-1.895143, 7.7994405], [-1.8937697, 7.8225698], [-1.9033827, 7.8620228], [-1.937715, 7.9041925], [-1.9651808, 7.9463579], [-1.9912733, 7.9558785], [-2.0118727, 7.9436377], [-2.0352187, 7.9504382], [-2.022859, 7.968119], [-2.0159926, 7.9993985], [-2.0256056, 8.0225167], [-2.0613112, 8.0633102], [-2.0860304, 8.1176951], [-2.1217424, 8.1510519], [-2.1289347, 8.1484875], [-2.1361321, 8.1530305], [-2.1386333, 8.1611467], [-2.1616546, 8.1742653], [-2.1671164, 8.2115281], [-2.1760493, 8.2189297], [-2.1918222, 8.2226049], [-2.2036136, 8.2311805], [-2.2120446, 8.2414184], [-2.2081286, 8.2446728], [-2.2067553, 8.2539846], [-2.2105157, 8.2598562], [-2.2254696, 8.2637635], [-2.2396309, 8.2819876], [-2.2839473, 8.2952362], [-2.2869558, 8.3086006], [-2.285683, 8.319188], [-2.2883443, 8.3243949], [-2.2933197, 8.3247998], [-2.2969067, 8.344181], [-2.3044278, 8.3548262], [-2.3006094, 8.3643722], [-2.3072626, 8.3707941], [-2.3052377, 8.3856626], [-2.3088247, 8.3938201], [-2.3165772, 8.3970599], [-2.3206849, 8.4051595], [-2.3195282, 8.4101768], [-2.3236985, 8.4123154], [-2.3420372, 8.4418285], [-2.3469026, 8.4562642], [-2.3531581, 8.4607553], [-2.3558848, 8.4689356], [-2.3666314, 8.4758327], [-2.3705344, 8.5063616], [-2.3583175, 8.5196377], [-2.3702638, 8.5469554], [-2.3802886, 8.5564789], [-2.4092675, 8.5667946], [-2.4142444, 8.5743482], [-2.4186614, 8.5952948], [-2.41429, 8.6092744], [-2.41684, 8.6231572], [-2.430572, 8.6346836], [-2.4314969, 8.6408736], [-2.4422265, 8.6451138], [-2.44626, 8.6427355], [-2.4642972, 8.6528269], [-2.4868518, 8.6847022], [-2.488844, 8.6988611], [-2.4978801, 8.7180005], [-2.5119862, 8.7305238], [-2.5240942, 8.7329094], [-2.535257, 8.7402912], [-2.5428639, 8.7620018], [-2.5692854, 8.7727443], [-2.5842542, 8.7865793], [-2.4954345, 8.3022653], [-2.493031, 8.206478], [-2.5513872, 8.14566], [-2.556616, 8.146918], [-2.559998, 8.143384], [-2.5653, 8.149495], [-2.575919, 8.144694], [-2.584926, 8.150854], [-2.600682, 8.154175], [-2.608096, 8.152074], [-2.614774, 8.136669], [-2.626841, 8.12375], [-2.629266, 8.115921], [-2.625696, 8.100625], [-2.597754, 8.05728], [-2.604682, 8.030426], [-2.619872, 8.022861], [-2.627794, 8.029569], [-2.679616, 8.020386], [-2.706766, 7.982127], [-2.709998, 7.981784], [-2.731013, 7.958035], [-2.746703, 7.922653], [-2.757647, 7.928463], [-2.768399, 7.948943], [-2.781419, 7.952178], [-2.791195, 7.86263], [-2.794646, 7.855975], [-2.817339, 7.83704], [-2.831048, 7.820013], [-2.826726, 7.805525], [-2.848025, 7.783903], [-2.849167, 7.763369], [-2.86, 7.749181], [-2.9119, 7.62966], [-2.922151, 7.612207], [-2.93084, 7.494707], [-2.945646, 7.452237], [-2.947482, 7.431225], [-2.969926, 7.331737], [-2.975304, 7.269923], [-2.952799, 7.237718], [-3.023819, 7.141769], [-3.031893, 7.071809], [-3.0477557, 7.0694608], [-3.087603, 7.052705], [-3.109751, 7.0156988], [-3.1046823, 6.9924615], [-3.0907237, 6.955271], [-3.0738265, 6.9330282], [-3.0455421, 6.9260999], [-2.976484, 6.9432382], [-2.9529749, 6.9388625], [-2.90412, 6.9031265], [-2.8677543, 6.8356582]]]}}, {"type": "Feature", "properties": {"name": "Upper West Region", "country": "GHA"}, "geometry": {"type": "Polygon", "coordinates": [[[-1.5171558, 10.0761508], [-1.5546977, 10.1015996], [-1.6125491, 10.1506738], [-1.6377822, 10.1767225], [-1.592855, 10.2869514], [-1.5220793, 10.3910884], [-1.4574581, 10.4358809], [-1.4382156, 10.4696166], [-1.4463243, 10.4693029], [-1.4490172, 10.4789034], [-1.457566, 10.4789185], [-1.4666341, 10.4867841], [-1.4589286, 10.4976545], [-1.4629755, 10.5083889], [-1.4482105, 10.516073], [-1.4498949, 10.5240265], [-1.4568043, 10.5330874], [-1.4665461, 10.537929], [-1.4852679, 10.5382981], [-1.4910454, 10.5510344], [-1.5052021, 10.55991], [-1.5178192, 10.5612073], [-1.5200937, 10.5663964], [-1.5170471, 10.5781614], [-1.5276597, 10.5885396], [-1.5534517, 10.5863988], [-1.5579772, 10.5944604], [-1.5665388, 10.5990901], [-1.5649638, 10.6224436], [-1.5730534, 10.6665922], [-1.5671525, 10.7235109], [-1.5618825, 10.7286807], [-1.5578914, 10.7457888], [-1.5510893, 10.7505531], [-1.5334103, 10.7479978], [-1.5262306, 10.7609038], [-1.5289364, 10.7652207], [-1.5234733, 10.7772406], [-1.4996982, 10.782426], [-1.4958787, 10.786568], [-1.4910099, 10.806735], [-1.500417, 10.8136527], [-1.4940677, 10.8298662], [-1.4906752, 10.833032], [-1.478734, 10.8306083], [-1.4776611, 10.8388803], [-1.4725006, 10.8441806], [-1.4586818, 10.8490909], [-1.4533174, 10.8658128], [-1.4583492, 10.8794151], [-1.4519763, 10.8887709], [-1.4517188, 10.9079031], [-1.4562464, 10.9116325], [-1.4473736, 10.9322801], [-1.4441013, 10.9502402], [-1.4477706, 10.9561494], [-1.4476761, 10.964603], [-1.4383829, 10.990665], [-1.4282712, 10.9979686], [-1.4317203, 11.0097786], [-1.4241458, 11.0143684], [-1.4263145, 11.0210332], [-1.6155775, 11.0210279], [-1.6163083, 10.9850855], [-1.6910186, 10.9845563], [-1.6914096, 10.9727764], [-1.7499339, 10.9720044], [-1.7499339, 10.9842022], [-2.1313775, 10.9859006], [-2.2243153, 10.9938313], [-2.3302097, 10.9897728], [-2.4799236, 10.9895594], [-2.6320983, 10.9995776], [-2.6354265, 10.9967795], [-2.6895189, 11.0042835], [-2.7385756, 11.0020736], [-2.7588719, 11.0030636], [-2.7593782, 11.0073987], [-2.8337019, 11.0066883], [-2.8408035, 10.9671282], [-2.8377637, 10.960052], [-2.8195211, 10.9416885], [-2.8174961, 10.9249992], [-2.8379873, 10.8931193], [-2.8584269, 10.891473], [-2.8640387, 10.8877047], [-2.8668794, 10.8759203], [-2.8639712, 10.8571784], [-2.879473, 10.8312847], [-2.8808149, 10.8045044], [-2.892199, 10.7806461], [-2.8952835, 10.7644131], [-2.9187452, 10.7362429], [-2.9379871, 10.7218924], [-2.9396331, 10.7086177], [-2.9107696, 10.6993798], [-2.9056748, 10.6861223], [-2.9156351, 10.6643178], [-2.9313416, 10.6522337], [-2.9377791, 10.6430158], [-2.941137, 10.6363693], [-2.9413166, 10.6168422], [-2.932857, 10.6020155], [-2.9241107, 10.594554], [-2.9114407, 10.5637275], [-2.9002033, 10.546484], [-2.8994389, 10.5227877], [-2.8950857, 10.5136519], [-2.8808287, 10.5005028], [-2.8747411, 10.490262], [-2.8711942, 10.4803748], [-2.8727402, 10.4670928], [-2.86636, 10.4544959], [-2.8337771, 10.4372055], [-2.7769287, 10.4255703], [-2.7733426, 10.4225082], [-2.7800782, 10.4085103], [-2.7997425, 10.3976976], [-2.8187487, 10.397731], [-2.8315072, 10.3878415], [-2.8419531, 10.3660645], [-2.842338, 10.3435971], [-2.8504732, 10.31883], [-2.8426449, 10.3041381], [-2.832951, 10.2955439], [-2.7969945, 10.275782], [-2.7806866, 10.272066], [-2.7628271, 10.2631575], [-2.7563424, 10.2457974], [-2.7609162, 10.2266285], [-2.7964343, 10.1983584], [-2.7982713, 10.1873045], [-2.7899329, 10.1613156], [-2.7872305, 10.1410729], [-2.7930363, 10.1280634], [-2.7931596, 10.1184327], [-2.7880228, 10.0939049], [-2.79047, 10.0695907], [-2.7819574, 10.0444777], [-2.7817113, 10.0267803], [-2.7707247, 10.0036304], [-2.7498024, 9.9819622], [-2.7430564, 9.9607414], [-2.7448341, 9.9474655], [-2.7550173, 9.935893], [-2.7633267, 9.914969], [-2.7618966, 9.8839632], [-2.7464586, 9.8540905], [-2.7264489, 9.8310965], [-2.7326383, 9.8147245], [-2.7496374, 9.8080758], [-2.7587385, 9.800001], [-2.7781785, 9.7568749], [-2.7900518, 9.7465135], [-2.7830255, 9.7271645], [-2.7866345, 9.7096188], [-2.7858588, 9.693054], [-2.7767751, 9.6864716], [-2.7576141, 9.6807141], [-2.7538655, 9.653008], [-2.7500647, 9.6484187], [-2.5954081, 9.6711265], [-2.5738677, 9.7129858], [-2.5418648, 9.714199], [-2.5123236, 9.7669705], [-2.4544722, 9.7809202], [-2.3904664, 9.7803137], [-2.2759944, 9.8088178], [-2.2095267, 9.8033597], [-2.1559834, 9.7457416], [-2.0778224, 9.6905402], [-1.9898144, 9.7348234], [-1.9621195, 9.725118], [-1.9295012, 9.6784068], [-1.9134997, 9.6359364], [-1.8827277, 9.6359364], [-1.8297998, 9.662026], [-1.7294829, 9.6887202], [-1.6925565, 9.7172321], [-1.6796322, 9.7402825], [-1.6722469, 9.7875916], [-1.6851712, 9.8251914], [-1.6944028, 9.870063], [-1.6753241, 9.8864335], [-1.6722469, 9.926447], [-1.6845557, 9.9694863], [-1.6667079, 10.0082775], [-1.6131646, 10.0107017], [-1.6131646, 10.0337316], [-1.6260888, 10.0585778], [-1.5534668, 10.0525179], [-1.5171558, 10.0761508]]]}}, {"type": "Feature", "properties": {"name": "Greater Accra Region", "country": "GHA"}, "geometry": {"type": "Polygon", "coordinates": [[[-0.4988536, 5.7249147], [-0.4994381, 5.715319], [-0.4919862, 5.7038331], [-0.4966619, 5.6875488], [-0.4963697, 5.6767893], [-0.4902328, 5.6651572], [-0.4305941, 5.5986963], [-0.431101, 5.5867774], [-0.4369306, 5.5720834], [-0.4361068, 5.5638849], [-0.4305941, 5.5525329], [-0.4102541, 5.5288823], [-0.3879623, 5.4821325], [-0.3639033, 5.4958067], [-0.3314292, 5.5060263], [-0.209121464, 5.532861587], [-0.2087368, 5.5377964], [-0.2042395, 5.5414546], [-0.1229525, 5.5661659], [-0.1019669, 5.575504], [-0.0948027, 5.5825567], [-0.075135154, 5.589510616], [-0.0633538, 5.5991901], [-0.0598361, 5.6064936], [-0.0386426, 5.6125103], [-0.020889463, 5.613491881], [-0.004714156, 5.618214938], [0.0039503, 5.6242801], [0.0089949, 5.6219006], [0.0105133, 5.6220654], [0.0194305, 5.627231], [0.0092005, 5.622117], [0.006564, 5.6235717], [0.0097954, 5.6275433], [0.0048468, 5.6250435], [0.0147612, 5.6384302], [0.0167467, 5.6288534], [0.0212564, 5.6345201], [0.0174253, 5.6347347], [0.0167331, 5.6368561], [0.0197907, 5.6362695], [0.0149521, 5.6397572], [0.0161136, 5.6442277], [0.0178197, 5.6382499], [0.0252497, 5.650186], [0.03751552, 5.659511148], [0.0376532, 5.6682016], [0.043853053, 5.670707977], [0.045499, 5.675625], [0.0579415, 5.6829179], [0.0681358, 5.6941027], [0.1244252, 5.7069187], [0.13081, 5.7107045], [0.1380979, 5.7221348], [0.1645413, 5.7324299], [0.1786513, 5.7416464], [0.2199391, 5.7468126], [0.2566981, 5.7686249], [0.323858, 5.7829072], [0.4411831, 5.7896613], [0.6218246, 5.7762091], [0.6652804, 5.7697324], [0.6722593, 5.7742763], [0.6450195, 5.781111], [0.629216, 5.7910874], [0.6197904, 5.8264797], [0.6218281, 5.8529493], [0.6285459, 5.8633448], [0.6015251, 5.9003213], [0.5546493, 5.9488772], [0.5191192, 5.9932716], [0.4747812, 5.988669], [0.4104388, 5.9701097], [0.3784915, 5.9586769], [0.3266892, 5.9335833], [0.3173939, 5.937795], [0.3259032, 5.9827841], [0.3236639, 5.9906532], [0.3144082, 5.9961466], [0.2938067, 5.9989675], [0.2770866, 6.008024], [0.2687266, 6.0237612], [0.2521559, 6.0328173], [0.2296136, 6.0350442], [0.1879628, 6.0249489], [0.1782592, 6.0288089], [0.1642263, 6.0249489], [0.0876425, 5.9838235], [0.0522616, 5.9807055], [0.0510673, 5.9429919], [0.0307644, 5.931707], [-0.0073036, 5.897257], [-0.0526866, 5.8734971], [-0.0908107, 5.8372014], [-0.1377415, 5.8463699], [-0.156259, 5.8163095], [-0.218561, 5.7833135], [-0.2559628, 5.7690763], [-0.2716158, 5.7689221], [-0.3124088, 5.7840845], [-0.3197146, 5.78234], [-0.3343263, 5.7547184], [-0.3832754, 5.7433787], [-0.3917501, 5.7452686], [-0.4024167, 5.7548638], [-0.4306172, 5.7919346], [-0.4615939, 5.7900447], [-0.4726988, 5.7820493], [-0.4988536, 5.7249147]]]}}]}