{"type": "FeatureCollection", "features": [{"type": "Feature", "properties": {"name": "Al Kufrah", "country": "LBY"}, "geometry": {"type": "Polygon", "coordinates": [[[19.185837029855065, 21.864177058924156], [23.98130578613319, 19.49612375900432], [23.98130578613319, 19.99542144774165], [24.976800578184168, 19.995964050100895], [24.9805212812322, 20.00206186995939], [24.98124475074468, 27.049239432553804], [24.26180626764517, 27.033053087230257], [23.091851840789843, 27.014682115087567], [21.922827589921383, 27.00762828171986], [20.72310753778271, 27.021813462821115], [19.169817336101232, 27.012873439957332], [19.16806033691506, 26.00376190848533], [19.185837029855065, 21.864177058924156]]]}}, {"type": "Feature", "properties": {"name": "Al Butnan", "country": "LBY"}, "geometry": {"type": "Polygon", "coordinates": [[[24.98124475074468, 28.09670061284305], [24.98124475074468, 29.181372375934473], [24.9743201085862, 29.23893992174004], [24.956646769332963, 29.29268341081081], [24.87375777170388, 29.468331604020364], [24.863835896909166, 29.502903137070177], [24.86156213378547, 29.541557109273242], [24.870553832593373, 29.614007467270824], [24.870657185380878, 29.638347066264146], [24.85618778433883, 29.67948150626654], [24.80492476396671, 29.75479990659045], [24.79820682738324, 29.79642527300797], [24.81494999244825, 29.848566793422833], [24.816190225898254, 29.868410543012203], [24.811642701449557, 29.89088979093117], [24.72554976381059, 30.078371887752496], [24.697334432138405, 30.122606913178572], [24.68834273243118, 30.14415598600999], [24.688652791693016, 30.182758279570976], [24.704672485446906, 30.21789825430102], [24.746116983811817, 30.282752176571762], [24.7723686116222, 30.331017965206968], [24.799447061732565, 30.360835266434435], [24.829729451852756, 30.38755198223822], [24.888123819958366, 30.464343160008866], [24.90765751118522, 30.498656312438925], [24.92036991394042, 30.552348124666253], [24.95065230316129, 30.621232808347486], [24.961194295580356, 30.67626821040966], [24.973596639073662, 30.71626576795086], [24.988582804053237, 30.750578918582278], [24.994887328587367, 30.785098775688027], [24.98124475074468, 30.82540639159174], [24.937629842043634, 30.90576324457811], [24.92460738092592, 30.956767883431155], [24.8895707598827, 31.018831278640675], [24.88264611772422, 31.03908844027933], [24.85949507623684, 31.145955302595212], [24.858564900249974, 31.227914124237486], [24.848643024555997, 31.312043355316632], [24.848953083817833, 31.34863026997101], [24.86125207542301, 31.380359599116275], [25.02372277788396, 31.494409485109713], [25.060413045325845, 31.579365539388164], [25.08842167142302, 31.613523661288013], [25.150889518736335, 31.656480209594065], [25.156260612637197, 31.663072007267374], [25.13672936306972, 31.692572333446492], [25.122080924994748, 31.720851954953787], [25.116872592196444, 31.737982488601006], [25.06373131614737, 31.804103908168884], [25.02955162940424, 31.836900131835648], [25.022227410366725, 31.854681708094404], [25.033376498226858, 31.916327216228126], [25.017914259135807, 31.94904205934364], [24.981700065805455, 31.96792226809822], [24.865407748169105, 31.9893252622511], [24.82439212299812, 32.002997137308114], [24.791758660433857, 32.00775788022207], [24.758067254300386, 32.019964910752094], [24.733734571093635, 32.03314850519939], [24.71062259165933, 32.025580145407446], [24.670258009099882, 32.032416082935924], [24.65853925917952, 32.02863190303992], [24.636241081660614, 32.014878648331035], [24.546071811265108, 31.991441147590933], [24.280935092180812, 32.00755442929352], [24.090668164604153, 32.00576406525943], [24.067881707374966, 32.011175848086964], [24.004893425091552, 32.0529238946221], [23.970713738348422, 32.066595769679054], [23.97527103033383, 32.07420482019637], [23.998708530174554, 32.09389882996709], [23.84034264379801, 32.14911530242932], [23.669688347239457, 32.183254299346515], [23.531097852084258, 32.181382553861795], [23.40528405041863, 32.1906598980359], [23.36198977970463, 32.21710846568317], [23.318369987684832, 32.21784088704737], [23.299082878871786, 32.22418854396619], [23.31218509186857, 32.1627464858617], [23.302500846736734, 32.17072174661138], [23.28541100381483, 32.20376211103263], [23.251355873175044, 32.21672618636444], [23.21763227670823, 32.121993110193955], [23.168746372247313, 32.003473212318966], [23.11841352696274, 31.84800466638228], [23.105287713057578, 31.668299872441196], [23.07138797357618, 31.512185370458553], [22.985398389624038, 31.40363902422166], [22.95656294122682, 31.233339342037084], [22.955632765239955, 31.080661323161564], [22.968758579145174, 31.0062472604028], [22.96886193193268, 30.799360663563846], [23.057021926220955, 30.769956773486342], [23.062086216405817, 28.139264634954998], [24.960885043909684, 28.100481472442027], [24.98124475074468, 28.09670061284305]]]}}, {"type": "Feature", "properties": {"name": "Ajdabiya", "country": "LBY"}, "geometry": {"type": "Polygon", "coordinates": [[[24.98124475074468, 27.049239432553804], [24.98124475074468, 28.09670061284305], [24.960885043909684, 28.100481472442027], [23.062086216405817, 28.139264634954998], [23.057021926220955, 30.769956773486342], [22.97371951744185, 30.79977407471381], [22.888763462264023, 30.793004462186218], [22.78985477088105, 30.791557522261883], [22.689292433099354, 30.81693065002952], [22.619219191012917, 30.829022936059687], [22.511835564759565, 30.893489284702753], [22.456541782077636, 30.992759711291683], [22.258931104886642, 31.14515351022635], [22.112480096179524, 31.11988373524622], [21.792809686118176, 31.093011989811544], [21.655247023431457, 31.043144233419696], [21.397484978948683, 31.03278310815398], [20.934050733554557, 31.04614146605587], [20.738093702762228, 31.013792019286313], [20.593709750704477, 31.006996568337], [20.523533155830535, 31.025393378002036], [20.417493116714013, 31.08830943483258], [20.34307905395525, 31.174893297088033], [20.299050734104128, 31.23168569653774], [20.189186639152126, 31.262820746480315], [20.132859327695883, 31.260702012987565], [20.135753208443873, 31.25173615170212], [20.14763878799971, 31.2417109241199], [20.15342654769705, 31.22843008148311], [20.141647983867415, 31.223858137742923], [20.1466577481566, 31.21678294457729], [20.1523543633632, 31.08820221585961], [20.1466577481566, 31.045558985958507], [20.0998641290264, 30.935003973354753], [20.03646894578526, 30.819077866850137], [19.982188347414365, 30.778631902840118], [19.958181186412673, 30.74970123872123], [19.914317253638387, 30.68292877834051], [19.748871289878196, 30.510931707632267], [19.61638431088727, 30.421372789122984], [19.596039259404336, 30.412014065296944], [19.55103600430823, 30.4049339861146], [19.530528190823418, 30.396795966061063], [19.418955925375712, 30.333238022616683], [19.338552279763974, 30.298814195119064], [19.239756706906576, 30.273993231302654], [19.146006706644243, 30.264715887128546], [19.056813998367375, 30.26618073075616], [18.968028191048234, 30.277736721372662], [18.92595462320736, 30.29336172066695], [18.780528191422945, 30.375921942343837], [18.76105675576474, 30.195340685324425], [18.726433546770807, 30.00057221113866], [18.713721144015608, 29.833424791221205], [18.733151483354334, 29.6660189888853], [18.699251742973615, 29.51742340826371], [18.57987918527624, 29.369163723527095], [18.513629998125964, 29.164705919442667], [18.49988406659645, 28.875989692170606], [18.49926394987142, 28.502084865724044], [18.71857872862546, 28.436636664250727], [19.00424604731728, 28.3582435169248], [19.172194452012377, 28.347417304565], [19.169817336101232, 27.012873439957332], [20.72310753778271, 27.021813462821115], [21.922827589921383, 27.00762828171986], [23.091851840789843, 27.014682115087567], [24.26180626764517, 27.033053087230257], [24.98124475074468, 27.049239432553804]]]}}, {"type": "Feature", "properties": {"name": "Tibesti", "country": "TCD"}, "geometry": {"type": "Polygon", "coordinates": [[[21.0246652, 21.0679135], [20.358611, 21.406667], [19.77, 21.701389], [18.998333, 22.084167], [18.530833, 22.310556], [17.275, 22.907222], [15.996389, 23.4975], [14.9985831, 23.0012385], [15.194722, 21.998889], [15.2025, 21.495833], [15.284444, 21.445278], [15.627222, 20.955278], [15.603889, 20.946111], [15.584444, 20.93], [15.568611, 20.910278], [15.558333, 20.884444], [15.554167, 20.8525], [15.557222, 20.815833], [15.568611, 20.779722], [15.575833, 20.766389], [15.608611, 20.735], [15.633056, 20.716667], [15.656667, 20.703889], [15.673889, 20.698889], [15.996667, 20.353056], [15.753889, 19.9325], [15.6025, 18.782222], [15.522222, 17.332778], [15.5082951, 16.9490684], [16.5196169, 18.820401], [18.7751471, 18.8263979], [18.8977292, 18.6680597], [19.1912089, 18.6488115], [19.5049582, 18.6531144], [19.5100334, 20.0028994], [20.4939213, 20.0007794], [21.0246652, 21.0679135]]]}}, {"type": "Feature", "properties": {"name": "Borkou", "country": "TCD"}, "geometry": {"type": "Polygon", "coordinates": [[[15.5082951, 16.9490684], [15.50555, 16.89787], [15.45322, 16.84328], [16.687, 16.242], [17.842, 15.746], [17.865, 15.702], [17.967, 15.558], [18.051, 15.476], [18.143, 15.414], [18.238, 15.363], [18.341, 15.328], [18.497, 15.309], [18.651, 15.314], [18.801, 15.354], [18.926, 15.415], [19.027, 15.488], [19.09, 15.545], [19.156, 15.629], [19.219, 15.736], [19.253, 15.829], [19.27, 15.916], [19.281, 16.009], [19.274, 16.097], [19.355, 16.109], [19.402, 16.081], [19.433, 16.007], [19.483, 15.92], [19.559, 15.843], [19.626, 15.827], [19.749, 15.813], [19.865, 15.773], [20.043, 15.742], [20.112, 15.719], [20.251, 15.63], [20.319, 15.617], [20.399, 15.64], [20.497, 15.655], [20.549, 15.628], [20.602, 15.618], [20.658, 15.639], [20.792, 15.738], [20.834, 15.744], [20.4005139, 16.7120622], [20.4613869, 16.9958672], [20.5431084, 17.94151], [20.5131684, 18.0242489], [19.8028765, 18.0121128], [19.1912089, 18.6488115], [18.8977292, 18.6680597], [18.7751471, 18.8263979], [16.5196169, 18.820401], [15.5082951, 16.9490684]]]}}, {"type": "Feature", "properties": {"name": "Ennedi-Ouest", "country": "TCD"}, "geometry": {"type": "Polygon", "coordinates": [[[19.1912089, 18.6488115], [19.8028765, 18.0121128], [20.5131684, 18.0242489], [20.5431084, 17.94151], [20.4613869, 16.9958672], [20.4005139, 16.7120622], [20.834, 15.744], [20.868, 15.758], [20.922, 15.792], [20.958, 15.825], [20.982, 15.854], [21.009, 15.876], [21.036, 15.879], [21.081, 15.904], [21.109, 15.926], [21.134, 15.935], [21.171, 15.922], [21.211, 15.914], [21.276, 15.874], [21.359, 15.858], [21.422, 15.871], [21.493, 15.898], [21.672, 15.931], [21.746, 15.962], [21.897, 15.929], [22.0152672, 15.9848665], [22.0516294, 16.2922627], [22.145838, 16.3271479], [22.3280136, 16.5645408], [22.2679188, 16.6744999], [22.3280248, 16.7091564], [22.3501643, 16.7558975], [22.3413924, 20.3866194], [21.6475, 20.748611], [21.0246652, 21.0679135], [20.4939213, 20.0007794], [19.5100334, 20.0028994], [19.5049582, 18.6531144], [19.1912089, 18.6488115]]]}}, {"type": "Feature", "properties": {"name": "Wadi Fira", "country": "TCD"}, "geometry": {"type": "Polygon", "coordinates": [[[20.043, 15.742], [20.062, 14.082], [20.1054809, 14.1348015], [20.1431936, 14.1729945], [20.1767159, 14.2266164], [20.2370562, 14.3013409], [20.2747688, 14.317582], [20.3493561, 14.3841585], [20.376174, 14.3882174], [20.4256195, 14.3874056], [20.4867978, 14.3809113], [20.5865268, 14.4166277], [20.6074783, 14.4166277], [20.631782, 14.4085108], [20.6619521, 14.3914645], [20.717264, 14.3776641], [20.759167, 14.3752287], [20.7977177, 14.3533085], [20.8597341, 14.3127098], [20.8974467, 14.2672306], [20.9552728, 14.2087439], [20.9737101, 14.1786823], [21.0198033, 14.1437409], [21.0608682, 14.1429282], [21.0893622, 14.1388649], [21.1061234, 14.1315507], [21.1337794, 14.1087941], [21.1488644, 14.0770935], [21.1756823, 14.0462015], [21.2519457, 14.0421365], [21.3148001, 14.0722161], [21.3659217, 14.1063557], [21.4145292, 14.1266745], [21.4849261, 14.1250491], [21.5083918, 14.1152962], [21.5611895, 14.1006661], [21.6600805, 14.1022917], [21.8059027, 14.0486405], [22.0556443, 13.9819654], [22.1000615, 13.9657003], [22.1545353, 13.9331665], [22.187222, 13.908056], [22.233889, 13.965833], [22.275833, 13.986111], [22.291944, 13.990556], [22.305278, 13.998056], [22.314444, 14.009722], [22.350556, 14.014444], [22.396667, 14.052222], [22.4075, 14.055], [22.434444, 14.051667], [22.4625, 14.087222], [22.485278, 14.106389], [22.499722, 14.1125], [22.5525, 14.120833], [22.555, 14.125556], [22.566944, 14.164167], [22.555278, 14.231944], [22.466389, 14.247222], [22.456667, 14.252222], [22.443889, 14.272222], [22.433889, 14.302778], [22.436111, 14.315], [22.445556, 14.326944], [22.467222, 14.34], [22.469444, 14.350833], [22.4475, 14.384167], [22.446667, 14.467778], [22.441944, 14.489444], [22.434444, 14.496111], [22.381389, 14.523056], [22.380833, 14.535556], [22.388889, 14.571111], [22.403333, 14.592222], [22.47, 14.629444], [22.7025, 14.691389], [22.7, 14.706944], [22.6775, 14.765833], [22.670278, 14.805], [22.6652426, 14.8543737], [22.6672485, 14.8634901], [22.676944, 14.867222], [22.6798573, 14.8749537], [22.7094972, 14.895556], [22.7267605, 14.9003197], [22.7440451, 14.8983812], [22.7602273, 14.9077955], [22.7538481, 14.9129902], [22.7549949, 14.9245393], [22.7490279, 14.9340102], [22.7465496, 14.9500435], [22.7514406, 14.9700198], [22.76619, 14.9780683], [22.7697904, 14.9867359], [22.7812252, 14.9920796], [22.7939991, 15.0044335], [22.7996086, 15.0175253], [22.8096942, 15.0244646], [22.81273, 15.0344332], [22.8355412, 15.0427319], [22.852879, 15.0538388], [22.8652386, 15.0755536], [22.882233, 15.0886477], [22.8976826, 15.0932885], [22.9212002, 15.0924598], [22.9373191, 15.1024789], [22.9405979, 15.1159936], [22.9281602, 15.1498186], [22.9343615, 15.1585669], [22.9335983, 15.1665783], [22.9673771, 15.1824376], [22.9698525, 15.1884008], [22.979565, 15.1963534], [22.9834956, 15.2173099], [22.9872898, 15.2225259], [23.0017094, 15.2253418], [23.0051426, 15.2313046], [23.0037693, 15.2407454], [22.9850582, 15.25946], [22.9915813, 15.2915858], [23.0010227, 15.3010238], [23.0047993, 15.3116205], [23.0032446, 15.3221409], [22.9914097, 15.3366197], [22.9920963, 15.3583054], [22.9881481, 15.3796579], [22.993298, 15.4020011], [22.9881705, 15.4149632], [22.967372, 15.4359321], [22.9530611, 15.4491746], [22.9306407, 15.4621404], [22.9244393, 15.4705999], [22.9184536, 15.4943275], [22.9285816, 15.5121924], [22.9250923, 15.5468304], [22.936993, 15.5642894], [22.9872898, 15.5833057], [23.0035976, 15.5970294], [23.0144123, 15.6124055], [23.0265089, 15.6165822], [23.0336384, 15.6229862], [23.0398657, 15.631375], [23.0458263, 15.6499314], [23.0756429, 15.6674796], [23.1107143, 15.714883], [23.089, 15.755], [23.043, 15.799], [22.992, 15.821], [22.96, 15.807], [22.9, 15.799], [22.854, 15.806], [22.823, 15.835], [22.798, 15.842], [22.734, 15.818], [22.602, 15.797], [22.549, 15.812], [22.543, 15.872], [22.524, 15.89], [22.414, 15.919], [22.37, 15.896], [22.324, 15.889], [22.277, 15.903], [22.213, 15.948], [22.183, 15.934], [22.161, 15.955], [22.125, 15.966], [22.0999209, 15.9625824], [22.0707219, 15.9655539], [22.0152672, 15.9848665], [21.897, 15.929], [21.746, 15.962], [21.672, 15.931], [21.493, 15.898], [21.422, 15.871], [21.359, 15.858], [21.276, 15.874], [21.211, 15.914], [21.171, 15.922], [21.134, 15.935], [21.109, 15.926], [21.081, 15.904], [21.036, 15.879], [21.009, 15.876], [20.982, 15.854], [20.958, 15.825], [20.922, 15.792], [20.868, 15.758], [20.834, 15.744], [20.792, 15.738], [20.658, 15.639], [20.602, 15.618], [20.549, 15.628], [20.497, 15.655], [20.399, 15.64], [20.319, 15.617], [20.251, 15.63], [20.112, 15.719], [20.043, 15.742]]]}}, {"type": "Feature", "properties": {"name": "Salamat", "country": "TCD"}, "geometry": {"type": "Polygon", "coordinates": [[[19.906, 12.04], [19.751, 12.053], [19.58, 12.083], [19.496, 12.109], [19.465, 12.123], [19.313, 11.982], [19.341, 11.855], [19.256, 11.726], [19.215, 11.638], [19.088, 11.6], [19.055, 11.689], [18.902, 11.692], [18.874, 11.477], [18.883, 11.402], [18.902, 11.331], [18.967, 11.313], [19.001, 11.273], [19.056, 11.245], [19.13, 11.217], [19.192, 11.187], [19.238, 11.179], [19.261, 11.154], [19.405, 11.104], [19.479, 11.048], [19.57, 11.034], [19.657, 11.003], [19.694, 11.001], [19.706, 10.942], [19.737, 10.911], [19.707, 10.873], [19.726, 10.717], [19.703, 10.588], [19.635046, 10.2889741], [19.6919816, 10.2670135], [19.6809451, 10.212795], [19.6478182, 10.1555397], [19.6540741, 10.0969564], [19.6129957, 10.0670312], [19.6811576, 9.9618408], [19.9921138, 9.0830416], [20.003889, 9.106667], [20.01, 9.106944], [20.013333, 9.103333], [20.019444, 9.089167], [20.029167, 9.088611], [20.0275, 9.106667], [20.03, 9.111389], [20.038611, 9.116389], [20.051111, 9.116944], [20.061944, 9.134444], [20.073889, 9.134444], [20.086667, 9.126111], [20.098611, 9.1275], [20.101389, 9.131389], [20.101111, 9.148056], [20.104722, 9.151111], [20.113611, 9.145833], [20.118333, 9.130556], [20.127222, 9.118889], [20.141667, 9.111944], [20.152222, 9.113333], [20.169444, 9.123333], [20.186944, 9.125833], [20.1975, 9.136389], [20.207222, 9.139722], [20.231389, 9.135], [20.253333, 9.115], [20.270278, 9.118333], [20.280556, 9.114167], [20.298056, 9.116667], [20.316389, 9.106667], [20.328889, 9.104444], [20.351667, 9.115556], [20.358056, 9.114722], [20.365278, 9.108056], [20.371667, 9.108333], [20.410833, 9.137778], [20.422222, 9.139722], [20.433889, 9.136944], [20.443333, 9.141389], [20.455556, 9.157778], [20.461667, 9.180278], [20.480833, 9.195556], [20.482778, 9.207778], [20.515, 9.208889], [20.516667, 9.214167], [20.513889, 9.224722], [20.498889, 9.244167], [20.5, 9.261944], [20.496389, 9.271944], [20.501944, 9.280556], [20.518611, 9.278056], [20.528611, 9.281667], [20.529444, 9.287778], [20.536389, 9.295], [20.535833, 9.313056], [20.541389, 9.321667], [20.5475, 9.320556], [20.562222, 9.307222], [20.588889, 9.311111], [20.603333, 9.298056], [20.623056, 9.296944], [20.645556, 9.301111], [20.662778, 9.296389], [20.667778, 9.298333], [20.6675, 9.304444], [20.661667, 9.3125], [20.662222, 9.323333], [20.656944, 9.338333], [20.662222, 9.346944], [20.677778, 9.359722], [20.706667, 9.364167], [20.717778, 9.373889], [20.723333, 9.375], [20.737778, 9.370556], [20.749444, 9.379444], [20.759722, 9.376944], [20.768611, 9.381944], [20.7709985, 9.3865822], [20.768889, 9.397778], [20.774722, 9.405556], [20.789722, 9.411111], [20.800833, 9.420556], [20.822222, 9.415833], [20.830833, 9.428611], [20.8270944, 9.4451385], [20.8306588, 9.4467181], [20.8260761, 9.4579765], [20.8357084, 9.4764777], [20.860278, 9.488056], [20.869167, 9.5075], [20.895833, 9.521667], [20.923889, 9.556667], [20.934444, 9.581389], [20.953333, 9.59], [20.956389, 9.605556], [20.974444, 9.603333], [20.985, 9.606111], [20.986111, 9.612222], [20.975833, 9.628056], [20.997222, 9.633611], [20.996944, 9.639722], [20.991111, 9.647778], [20.990833, 9.653889], [20.999167, 9.666667], [20.993333, 9.674444], [20.993889, 9.681389], [21.000556, 9.688611], [21.001944, 9.698889], [21.0175, 9.710833], [21.015, 9.738611], [21.0425, 9.766667], [21.048056, 9.766389], [21.061944, 9.7525], [21.068333, 9.752778], [21.083056, 9.765556], [21.103056, 9.7725], [21.114722, 9.803611], [21.115278, 9.822222], [21.13, 9.842778], [21.149722, 9.857222], [21.161944, 9.873056], [21.191944, 9.883611], [21.201944, 9.909444], [21.211667, 9.920556], [21.218333, 9.935278], [21.225, 9.9425], [21.2425, 9.9525], [21.260278, 9.976944], [21.269444, 9.981111], [21.276389, 9.980556], [21.294722, 9.970556], [21.313056, 9.970833], [21.325, 9.961667], [21.336111, 9.958333], [21.342222, 9.958611], [21.371944, 9.973889], [21.408333, 10.006944], [21.412222, 10.023333], [21.422778, 10.033611], [21.432222, 10.037778], [21.438333, 10.045833], [21.440278, 10.064167], [21.453333, 10.086389], [21.455278, 10.116389], [21.465278, 10.1275], [21.473611, 10.147778], [21.489167, 10.16], [21.5, 10.177778], [21.526944, 10.206389], [21.540278, 10.213889], [21.563333, 10.214722], [21.574444, 10.211111], [21.591389, 10.214167], [21.603056, 10.211389], [21.614444, 10.213333], [21.626944, 10.221667], [21.638889, 10.223056], [21.65, 10.2325], [21.670833, 10.238889], [21.675278, 10.255833], [21.683889, 10.268333], [21.684722, 10.280833], [21.687778, 10.284722], [21.715556, 10.290556], [21.722222, 10.305278], [21.713611, 10.323889], [21.718889, 10.3325], [21.724722, 10.365833], [21.747778, 10.406667], [21.739722, 10.425556], [21.738611, 10.449167], [21.715, 10.474167], [21.706389, 10.492778], [21.701389, 10.514444], [21.702778, 10.566667], [21.705556, 10.578333], [21.715833, 10.596389], [21.716389, 10.635556], [21.719444, 10.639444], [21.765, 10.647778], [21.773056, 10.653333], [21.781389, 10.666111], [21.816667, 10.678333], [21.828611, 10.678056], [21.845556, 10.666667], [21.8575, 10.666667], [21.873056, 10.678889], [21.888056, 10.684167], [21.895833, 10.705], [21.9075, 10.713889], [21.950833, 10.731667], [21.995833, 10.728889], [22.006389, 10.739444], [22.008889, 10.758333], [22.006667, 10.7875], [22.009444, 10.799167], [22.026111, 10.8175], [22.0475, 10.830556], [22.063889, 10.834167], [22.083333, 10.831667], [22.100556, 10.834722], [22.113056, 10.8325], [22.131944, 10.823056], [22.149722, 10.823889], [22.169444, 10.815], [22.180833, 10.815833], [22.197222, 10.841667], [22.198889, 10.866389], [22.213333, 10.88], [22.228889, 10.884444], [22.2375, 10.904444], [22.244722, 10.910833], [22.250556, 10.911944], [22.271111, 10.903611], [22.276667, 10.904722], [22.289167, 10.920556], [22.312222, 10.931389], [22.322778, 10.941667], [22.350833, 10.9475], [22.363889, 10.955], [22.387222, 10.958333], [22.0789142, 11.6252532], [21.9366283, 11.6500285], [21.8670662, 11.6995724], [21.3010844, 11.6004757], [21.1904175, 11.6066703], [21.0734269, 11.6004757], [20.997541, 11.671705], [20.298154, 12.019482], [20.1941889, 12.0369758], [19.9806693, 12.0183886], [19.94825, 11.9735555], [19.9113592, 11.9648067], [19.906, 12.04]]]}}, {"type": "Feature", "properties": {"name": "Sila", "country": "TCD"}, "geometry": {"type": "Polygon", "coordinates": [[[22.387222, 10.958333], [22.406389, 10.957778], [22.415, 10.962778], [22.435833, 10.990833], [22.466111, 11.001389], [22.495556, 10.987778], [22.513611, 10.995556], [22.518333, 10.993056], [22.525278, 10.979444], [22.534722, 10.974722], [22.547222, 10.9725], [22.563611, 10.976389], [22.581944, 10.976389], [22.600278, 10.985556], [22.606389, 10.984444], [22.613889, 10.977778], [22.653056, 10.966111], [22.682778, 10.969722], [22.701944, 10.96], [22.720278, 10.961667], [22.756111, 10.953056], [22.7675, 10.955], [22.776944, 10.937222], [22.785556, 10.931111], [22.825, 10.931111], [22.877778, 10.920556], [22.888056, 10.946111], [22.900556, 11.006111], [22.917778, 11.060833], [22.924444, 11.075556], [22.9425, 11.0925], [22.945833, 11.136389], [22.958333, 11.174167], [22.974722, 11.209167], [22.970833, 11.283056], [22.9675, 11.293056], [22.948611, 11.315833], [22.935556, 11.401667], [22.930833, 11.415833], [22.791111, 11.401667], [22.787222, 11.446111], [22.775556, 11.462222], [22.688889, 11.491389], [22.641944, 11.516111], [22.561667, 11.621667], [22.556389, 11.636389], [22.552778, 11.665556], [22.572778, 11.799167], [22.611389, 11.992778], [22.640833, 12.071111], [22.6343593, 12.0740847], [22.6295528, 12.0719024], [22.621313, 12.0584729], [22.6146182, 12.0559548], [22.5955638, 12.0677058], [22.5892124, 12.0618303], [22.5650081, 12.0536045], [22.5571117, 12.0579693], [22.5373706, 12.0578014], [22.5131664, 12.03732], [22.493082, 12.0311081], [22.4778041, 12.0301007], [22.477778, 12.040278], [22.490278, 12.078333], [22.498889, 12.120556], [22.502778, 12.145833], [22.501389, 12.176944], [22.436389, 12.354722], [22.437222, 12.387778], [22.432778, 12.403333], [22.421944, 12.42], [22.386667, 12.454722], [22.383889, 12.465278], [22.408889, 12.487222], [22.466944, 12.621667], [22.335, 12.670278], [22.223333, 12.747222], [22.165833, 12.672222], [22.140556, 12.655278], [22.114444, 12.647222], [22.05, 12.6375], [22.004722, 12.636389], [21.952778, 12.643889], [21.931944, 12.651944], [21.9138965, 12.6728454], [21.9015369, 12.6777023], [21.893889, 12.684722], [21.8799075, 12.7111953], [21.8581065, 12.7331309], [21.8569049, 12.7475303], [21.8613681, 12.7614266], [21.8577632, 12.7719739], [21.841944, 12.777222], [21.8345889, 12.7888822], [21.8211993, 12.7989261], [21.7899389, 12.7951997], [21.7155651, 12.849062], [21.5034384, 12.7607718], [21.3715059, 12.6396381], [21.2757902, 12.6598311], [21.1011737, 12.6131325], [21.0106318, 12.6459486], [20.9537197, 12.6901175], [20.9588935, 12.7897849], [20.9278506, 12.8377121], [20.7855705, 12.8704992], [20.777144, 12.9885425], [20.5869048, 12.9956721], [20.4387378, 13.0134952], [20.358, 13.059], [20.357, 13.02], [20.331, 13.001], [20.045, 12.935], [20.117, 12.882], [20.163, 12.838], [20.23, 12.8], [20.244, 12.764], [20.204, 12.729], [20.174, 12.727], [20.114, 12.614], [20.154, 12.531], [20.082, 12.494], [20.001, 12.385], [19.94, 12.246], [19.905, 12.118], [19.889, 12.079], [19.906, 12.04], [19.9113592, 11.9648067], [19.94825, 11.9735555], [19.9806693, 12.0183886], [20.1941889, 12.0369758], [20.298154, 12.019482], [20.997541, 11.671705], [21.0734269, 11.6004757], [21.1904175, 11.6066703], [21.3010844, 11.6004757], [21.8670662, 11.6995724], [21.9366283, 11.6500285], [22.0789142, 11.6252532], [22.387222, 10.958333]]]}}, {"type": "Feature", "properties": {"name": "Ouadda\u00ef", "country": "TCD"}, "geometry": {"type": "Polygon", "coordinates": [[[20.062, 14.082], [20.056, 13.956], [20.268, 13.829], [20.295, 13.755], [20.276, 13.671], [20.267, 13.613], [20.276, 13.586], [20.314, 13.529], [20.364, 13.421], [20.369, 13.331], [20.358, 13.059], [20.4387378, 13.0134952], [20.5869048, 12.9956721], [20.777144, 12.9885425], [20.7855705, 12.8704992], [20.9278506, 12.8377121], [20.9588935, 12.7897849], [20.9537197, 12.6901175], [21.0106318, 12.6459486], [21.1011737, 12.6131325], [21.2757902, 12.6598311], [21.3715059, 12.6396381], [21.5034384, 12.7607718], [21.7155651, 12.849062], [21.7899389, 12.7951997], [21.8211993, 12.7989261], [21.8145046, 12.8064589], [21.8184528, 12.8206867], [21.8402538, 12.8307294], [21.847222, 12.837778], [21.861667, 12.881111], [21.895278, 12.961944], [21.91, 12.99], [21.939167, 13.024167], [21.943333, 13.053611], [21.9725, 13.0875], [22.000278, 13.108611], [22.020556, 13.137778], [22.029444, 13.142778], [22.075556, 13.150833], [22.103889, 13.171111], [22.136944, 13.178611], [22.159722, 13.190278], [22.169167, 13.202222], [22.186111, 13.235], [22.195556, 13.246667], [22.2225, 13.268611], [22.234444, 13.285], [22.269444, 13.320833], [22.285, 13.340556], [22.294167, 13.358611], [22.293611, 13.382778], [22.247222, 13.441111], [22.230556, 13.478889], [22.2275, 13.495556], [22.228611, 13.555], [22.224722, 13.571944], [22.209722, 13.591389], [22.163611, 13.623611], [22.153611, 13.634444], [22.148333, 13.649444], [22.133889, 13.669722], [22.1325, 13.687778], [22.14, 13.716111], [22.138611, 13.728056], [22.126944, 13.743889], [22.084444, 13.779167], [22.187222, 13.908056], [22.1545353, 13.9331665], [22.1000615, 13.9657003], [22.0556443, 13.9819654], [21.8059027, 14.0486405], [21.6600805, 14.1022917], [21.5611895, 14.1006661], [21.5083918, 14.1152962], [21.4849261, 14.1250491], [21.4145292, 14.1266745], [21.3927396, 14.1193599], [21.3659217, 14.1063557], [21.3148001, 14.0722161], [21.2519457, 14.0421365], [21.1756823, 14.0462015], [21.1488644, 14.0770935], [21.1337794, 14.1087941], [21.1061234, 14.1315507], [21.0893622, 14.1388649], [21.0608682, 14.1429282], [21.0198033, 14.1437409], [20.9737101, 14.1786823], [20.9552728, 14.2087439], [20.8974467, 14.2672306], [20.8597341, 14.3127098], [20.7977177, 14.3533085], [20.759167, 14.3752287], [20.717264, 14.3776641], [20.6619521, 14.3914645], [20.631782, 14.4085108], [20.6074783, 14.4166277], [20.5865268, 14.4166277], [20.4867978, 14.3809113], [20.4256195, 14.3874056], [20.376174, 14.3882174], [20.3493561, 14.3841585], [20.2747688, 14.317582], [20.2370562, 14.3013409], [20.1767159, 14.2266164], [20.1431936, 14.1729945], [20.1054809, 14.1348015], [20.062, 14.082]]]}}, {"type": "Feature", "properties": {"name": "Gu\u00e9ra", "country": "TCD"}, "geometry": {"type": "Polygon", "coordinates": [[[19.906, 12.04], [19.889, 12.079], [19.905, 12.118], [19.94, 12.246], [20.001, 12.385], [20.082, 12.494], [20.154, 12.531], [20.114, 12.614], [20.174, 12.727], [20.204, 12.729], [20.244, 12.764], [20.23, 12.8], [20.163, 12.838], [20.117, 12.882], [20.045, 12.935], [19.993, 12.957], [19.777, 13.031], [19.601, 12.939], [19.215, 12.713], [19.2, 12.711], [19.184, 12.687], [19.103, 12.694], [18.99, 12.689], [18.475, 12.692], [18.33, 12.618], [18.095, 12.486], [18.065, 12.452], [17.882, 12.446], [17.671, 12.279], [17.665, 12.256], [17.608, 12.239], [17.567, 12.199], [17.598, 12.125], [17.576, 12.04], [17.542, 11.95], [17.545, 11.911], [17.634, 11.796], [17.68, 11.68], [17.619, 11.679], [17.545, 11.672], [17.425, 11.586], [17.378, 11.539], [17.335, 11.472], [17.311, 11.304], [17.305, 11.23], [17.329, 11.075], [17.345, 11.029], [17.36, 10.935], [17.363, 10.795], [17.352, 10.671], [17.327, 10.574], [17.383, 10.537], [17.449, 10.522], [17.543, 10.451], [17.864, 10.497], [17.962, 10.397], [18.013, 10.381], [18.067, 10.35], [18.104, 10.365], [18.164, 10.346], [18.209, 10.322], [18.289, 10.262], [18.341, 10.24], [18.381, 10.247], [18.437, 10.212], [18.496, 10.186], [18.642, 10.025], [18.632, 9.919], [18.737, 9.877], [18.794, 9.879], [18.825, 9.988], [19.078, 9.988], [19.084, 10.015], [19.126, 10.084], [19.138, 10.129], [19.161, 10.155], [19.208, 10.146], [19.215, 10.187], [19.241, 10.209], [19.284, 10.224], [19.321, 10.27], [19.355, 10.299], [19.344, 10.344], [19.382, 10.382], [19.391, 10.425], [19.43, 10.469], [19.496, 10.496], [19.533, 10.475], [19.584, 10.478], [19.619, 10.526], [19.703, 10.588], [19.726, 10.717], [19.707, 10.873], [19.737, 10.911], [19.706, 10.942], [19.694, 11.001], [19.657, 11.003], [19.57, 11.034], [19.479, 11.048], [19.405, 11.104], [19.261, 11.154], [19.238, 11.179], [19.192, 11.187], [19.13, 11.217], [19.056, 11.245], [19.001, 11.273], [18.967, 11.313], [18.902, 11.331], [18.883, 11.402], [18.874, 11.477], [18.902, 11.692], [19.055, 11.689], [19.088, 11.6], [19.215, 11.638], [19.256, 11.726], [19.341, 11.855], [19.313, 11.982], [19.465, 12.123], [19.496, 12.109], [19.58, 12.083], [19.751, 12.053], [19.906, 12.04]]]}}, {"type": "Feature", "properties": {"name": "Batha", "country": "TCD"}, "geometry": {"type": "Polygon", "coordinates": [[[18.051, 15.476], [17.586, 13.76], [17.271, 13.662], [17.234, 13.427], [17.241, 13.21], [17.161, 13.099], [17.13, 13.046], [17.077, 13.007], [16.997, 12.937], [16.958, 12.88], [16.974, 12.857], [17.016, 12.832], [17.054, 12.816], [17.092, 12.783], [17.113, 12.735], [17.15, 12.609], [17.254, 12.501], [17.293, 12.487], [17.295, 12.406], [17.31, 12.346], [17.34, 12.3], [17.388, 12.27], [17.408, 12.229], [17.411, 12.184], [17.446, 12.155], [17.504, 12.158], [17.552, 12.133], [17.598, 12.125], [17.567, 12.199], [17.608, 12.239], [17.665, 12.256], [17.671, 12.279], [17.882, 12.446], [18.065, 12.452], [18.095, 12.486], [18.33, 12.618], [18.475, 12.692], [18.99, 12.689], [19.103, 12.694], [19.184, 12.687], [19.2, 12.711], [19.215, 12.713], [19.601, 12.939], [19.777, 13.031], [19.993, 12.957], [20.045, 12.935], [20.331, 13.001], [20.357, 13.02], [20.369, 13.331], [20.364, 13.421], [20.314, 13.529], [20.276, 13.586], [20.267, 13.613], [20.276, 13.671], [20.295, 13.755], [20.268, 13.829], [20.056, 13.956], [20.062, 14.082], [20.043, 15.742], [19.865, 15.773], [19.749, 15.813], [19.626, 15.827], [19.559, 15.843], [19.483, 15.92], [19.433, 16.007], [19.402, 16.081], [19.355, 16.109], [19.274, 16.097], [19.281, 16.009], [19.27, 15.916], [19.253, 15.829], [19.219, 15.736], [19.156, 15.629], [19.09, 15.545], [19.027, 15.488], [18.926, 15.415], [18.801, 15.354], [18.651, 15.314], [18.497, 15.309], [18.341, 15.328], [18.238, 15.363], [18.143, 15.414], [18.051, 15.476]]]}}, {"type": "Feature", "properties": {"name": "Ennedi-Est", "country": "TCD"}, "geometry": {"type": "Polygon", "coordinates": [[[22.0152672, 15.9848665], [22.0707219, 15.9655539], [22.0999209, 15.9625824], [22.125, 15.966], [22.161, 15.955], [22.183, 15.934], [22.213, 15.948], [22.277, 15.903], [22.324, 15.889], [22.37, 15.896], [22.414, 15.919], [22.524, 15.89], [22.543, 15.872], [22.549, 15.812], [22.602, 15.797], [22.734, 15.818], [22.798, 15.842], [22.823, 15.835], [22.854, 15.806], [22.9, 15.799], [22.96, 15.807], [22.992, 15.821], [23.043, 15.799], [23.089, 15.755], [23.1107143, 15.714883], [23.1268505, 15.7178574], [23.1788639, 15.715544], [23.2068308, 15.7184316], [23.2365421, 15.7056291], [23.2557682, 15.7039766], [23.2799725, 15.7094299], [23.3052067, 15.6975316], [23.3240894, 15.6950527], [23.3968739, 15.6976968], [23.4382442, 15.7158745], [23.4686283, 15.734381], [23.5129169, 15.7556944], [23.5518841, 15.7684153], [23.6636356, 15.7746929], [23.7242321, 15.7627984], [23.8114361, 15.7513989], [23.8929752, 15.730085], [23.9207844, 15.7190141], [23.9537434, 15.7176922], [23.977261, 15.7095951], [23.9928822, 15.6983579], [23.9996413, 15.6972542], [23.999535, 19.5008138], [23.199722, 19.932778], [22.3413924, 20.3866194], [22.3501643, 16.7558975], [22.3280248, 16.7091564], [22.2679188, 16.6744999], [22.3280136, 16.5645408], [22.145838, 16.3271479], [22.0516294, 16.2922627], [22.0152672, 15.9848665]]]}}, {"type": "Feature", "properties": {"name": "Abyei PCA", "country": "SDN"}, "geometry": {"type": "Polygon", "coordinates": [[[27.898443335000024, 9.610853281000061], [27.91691144200007, 9.588762834000022], [28.038866682000048, 9.343225190000055], [28.768585337000047, 9.348417829000027], [28.75859160400006, 9.403145419000055], [28.78809695700005, 9.435506091000036], [28.790000488000032, 9.447403395000038], [28.799994215000027, 9.46453549100005], [28.799518334000027, 9.47214978900007], [28.805704932000026, 9.487854232000075], [28.83757458200006, 9.512188967000043], [28.89325397400006, 9.567392407000057], [28.97701100200004, 9.641155699000024], [28.99976279200007, 9.670913934000055], [28.999828104000073, 10.166666718000045], [27.83622945600007, 10.166290863000029], [27.830620405000047, 9.798641665000048], [27.836347489000048, 9.785104921000027], [27.83161850600004, 9.73658752700004], [27.898443335000024, 9.610853281000061]]]}}, {"type": "Feature", "properties": {"name": "Gezira", "country": "SDN"}, "geometry": {"type": "Polygon", "coordinates": [[[33.56927465800004, 15.455505445000028], [33.52789306600005, 15.467895508000026], [33.48590087900004, 15.4375], [33.41851806600005, 15.401306152000075], [33.369323730000076, 15.381286621000072], [33.30889892600004, 15.390319824000073], [33.26788330100004, 15.322326660000044], [33.21447753900003, 15.293518066000047], [33.21270752000004, 15.22967529300007], [33.20672607400007, 15.217895508000026], [33.184875488000046, 15.218078613000046], [33.168884277000075, 15.214111328000058], [33.14868164100005, 15.225524902000075], [33.11492919900007, 15.279296875000057], [33.07489013700007, 15.290283203000058], [32.96331787100007, 15.266296387000068], [32.93872070300006, 15.265686035000044], [32.926513672000056, 15.273681641000053], [32.90087890600006, 15.306884766000053], [32.88250732400007, 15.315124512000068], [32.871704102000024, 15.323913574000073], [32.84509277300003, 15.334716797000056], [32.79852294900007, 15.345275879000042], [32.78509521500007, 15.351684570000032], [32.777526855000076, 15.37670898400006], [32.77368164100005, 15.38171386700003], [32.75628662100007, 15.387329102000024], [32.74871826200007, 15.40991210900006], [32.72247314500004, 15.413879395000038], [32.706909180000025, 15.40869140600006], [32.71368408200004, 15.387512207000043], [32.677917480000076, 15.375122070000032], [32.70770263700007, 15.294311523000033], [32.66430664100005, 15.276916504000042], [32.668701172000056, 15.238525391000053], [32.66131591800007, 15.237670898000033], [32.66131591800007, 15.231506348000039], [32.66967773400006, 15.230895996000072], [32.674926758000026, 15.185729980000076], [32.63012695300006, 15.182678223000039], [32.61547851600005, 15.194274902000075], [32.577087402000075, 15.19311523400006], [32.540893555000025, 15.197509766000053], [32.522094727000024, 15.149902344000054], [32.519714355000076, 15.115905762000068], [32.53009033200004, 15.098083496000072], [32.555297852000024, 15.079895020000038], [32.56207275400004, 15.062316895000038], [32.56231689500004, 15.039123535000044], [32.55212402300003, 14.994323730000076], [32.54290771500007, 14.991882324000073], [32.54168701200007, 14.98748779300007], [32.551513672000056, 14.983703613000046], [32.54650878900003, 14.91650390600006], [32.56549072300004, 14.849487305000025], [32.552917480000076, 14.79608154300007], [32.54309082000003, 14.772521973000039], [32.499328613000046, 14.720520020000038], [32.46887207000003, 14.647521973000039], [32.45727539100005, 14.647705078000058], [32.468078613000046, 14.66827392600004], [32.455688477000024, 14.67608642600004], [32.40728759800004, 14.681518555000025], [32.38311767600004, 14.671875], [32.35351562500006, 14.649108887000068], [32.349487305000025, 14.630920410000044], [32.351074219000054, 14.593078613000046], [32.35589599600007, 14.581909180000025], [32.383911133000026, 14.56048584000007], [32.387329102000024, 14.545471191000047], [32.411071777000075, 14.52392578100006], [32.42132568400007, 14.474670410000044], [32.41430664100005, 14.470886230000076], [32.414123535000044, 14.462890625000057], [32.42230224600007, 14.458679199000073], [32.420104980000076, 14.413696289000029], [32.472717285000044, 14.298522949000073], [32.47991943400007, 14.295715332000043], [32.49267578100006, 14.281677246000072], [32.44848632800006, 14.197692871000072], [32.45727539100005, 14.172119141000053], [32.48992919900007, 14.128295898000033], [32.50292968700006, 14.095275879000042], [32.50152587900004, 14.092895508000026], [32.50549316400003, 14.090515137000068], [32.53631591800007, 14.031494141000053], [32.526306152000075, 14.00048828100006], [32.53710937500006, 13.971313477000024], [32.551696777000075, 13.953674316000047], [32.582092285000044, 13.926513672000056], [32.59527587900004, 13.93548584000007], [32.60968017600004, 13.927124023000033], [32.60467529300007, 13.917297363000046], [32.62731933600003, 13.90087890600006], [32.63348388700007, 13.909484863000046], [32.667480469000054, 13.909484863000046], [32.67211914100005, 13.857482910000044], [32.667480469000054, 13.853881836000028], [32.668701172000056, 13.848327637000068], [32.67309570300006, 13.845703125000057], [32.67352294900007, 13.838928223000039], [32.68591308600003, 13.833496094000054], [32.68048095700004, 13.824096680000025], [32.703308105000076, 13.778320312000062], [32.70111084000007, 13.768127441000047], [32.71228027300003, 13.758728027000075], [32.71588134800004, 13.74407959000007], [32.687683105000076, 13.71868896500007], [32.67889404300007, 13.700683594000054], [32.68109130900007, 13.688293457000043], [32.70892334000007, 13.684692383000026], [32.71411132800006, 13.675903320000032], [32.716125488000046, 13.654907227000024], [32.72491455100004, 13.643127441000047], [32.72528076200007, 13.63452148400006], [32.73492431600005, 13.626525879000042], [32.73449707000003, 13.61248779300007], [32.758911133000026, 13.59991455100004], [32.77429199200003, 13.600524902000075], [32.79010009800004, 13.59350585900006], [32.791076660000044, 13.582702637000068], [32.811279297000056, 13.554870605000076], [32.83227539100005, 13.564697266000053], [32.868286133000026, 13.63452148400006], [32.890686035000044, 13.656127930000025], [32.89392089800003, 13.67767334000007], [32.89947509800004, 13.687927246000072], [32.90429687500006, 13.721313477000024], [32.92028808600003, 13.721130371000072], [32.92150878900003, 13.703491211000028], [32.941711422000026, 13.69689941300004], [32.97790527300003, 13.747497559000067], [33.01892089800003, 13.781311035000044], [33.07629394500003, 13.804321289000029], [33.11108394900003, 13.786499202000073], [33.10211181600005, 13.807678223000039], [33.06671142600004, 13.840698316000044], [33.06188961300006, 14.040710629000046], [33.16931148800006, 14.041504086000032], [33.19989010200004, 14.063903989000039], [33.239929164000046, 14.07489031700004], [33.27947994500005, 14.046081723000043], [33.32031246500003, 14.003906430000029], [33.32952879000004, 13.972900481000067], [33.341918941000074, 13.951721191000047], [33.34429929100003, 13.935119796000038], [33.357116664000046, 13.90692156700004], [33.38330074600003, 13.896911801000044], [33.406127895000054, 13.893676938000056], [33.408081020000054, 13.895874203000062], [33.41333004300003, 13.890503110000054], [33.415100076000044, 13.884277428000075], [33.40332031200006, 13.869323730000076], [33.402282711000055, 13.837890625000057], [33.403686497000024, 13.828491384000074], [33.40911861700005, 13.822509946000025], [33.42108150800004, 13.824096860000054], [33.43591303000005, 13.832519701000024], [33.47051998500007, 13.832092465000073], [33.48187252300005, 13.829101742000034], [33.48089596400007, 13.815307794000034], [33.48748775800004, 13.812927426000044], [33.491699184000026, 13.827514828000062], [33.499877914000024, 13.82727059900003], [33.502929650000056, 13.813903978000042], [33.50152584400007, 13.784485043000075], [33.48767086300006, 13.733886899000026], [33.474304164000046, 13.717285335000042], [33.460510234000026, 13.667480559000069], [33.465698227000075, 13.633300872000063], [33.48211669900007, 13.636108398000033], [33.49267578100006, 13.603088379000042], [33.548706055000025, 13.594299316000047], [33.55889892600004, 13.58251953100006], [33.58551025400004, 13.581115723000039], [33.58673095700004, 13.61248779300007], [33.60430908200004, 13.639892578000058], [33.62652587900004, 13.666076660000044], [33.62390136000005, 13.70007324900007], [33.61749267600004, 13.708679199000073], [33.58447265600006, 13.710083008000026], [33.562683105000076, 13.71710205100004], [33.558105469000054, 13.72631835900006], [33.55908203200005, 13.735107420000077], [33.57312011700003, 13.749877930000025], [33.58691406200006, 13.753906250000057], [33.61468505900007, 13.75048828100006], [33.624877930000025, 13.75970459000007], [33.61450195300006, 13.779113770000038], [33.572509731000025, 13.798889339000027], [33.56231689500004, 13.808471680000025], [33.55627441400003, 13.823730469000054], [33.55712890600006, 13.835327148000033], [33.574096680000025, 13.848693848000039], [33.60528564500004, 13.841674805000025], [33.62512207000003, 13.85791015600006], [33.63208007800006, 13.878479004000042], [33.62768474500007, 13.907717380000065], [33.624877895000054, 13.917114438000056], [33.604125983000074, 13.939697331000048], [33.60510253900003, 13.94952392600004], [33.611511230000076, 13.953125], [33.63970947300004, 13.95147705100004], [33.64648437500006, 13.965515137000068], [33.64489742600006, 13.991699399000026], [33.627685547000056, 14.01287841800007], [33.62371826200007, 14.032897950000063], [33.62829589800003, 14.044311523000033], [33.65032959000007, 14.048889160000044], [33.66333007800006, 14.062683105000076], [33.66949462900004, 14.094299316000047], [33.676513672000056, 14.103088379000042], [33.72149654700007, 14.100891293000075], [33.72949218700006, 14.076293945000032], [33.926513672000056, 14.005920410000044], [33.942687988000046, 14.010498047000056], [33.96551513700007, 13.997314453000058], [33.988525526000046, 14.005493914000056], [33.990721379000036, 14.017876099000034], [33.98590087600007, 14.039672855000049], [33.963313776000064, 14.072090324000044], [33.930725118000055, 14.136291441000026], [33.93188476600005, 14.143493652000075], [33.95532226900008, 14.164306639000074], [33.97949218600007, 14.177124025000069], [34.01531983800004, 14.21051028100004], [34.03967285700003, 14.263122559000067], [34.035888672000056, 14.27587890600006], [34.01531982400007, 14.31170654300007], [33.99230957000003, 14.329101562000062], [33.98852689800003, 14.333701456000028], [33.988892848000035, 14.339111413000069], [33.99407959100006, 14.350708008000026], [34.032155886000055, 14.336376205000022], [34.25988769500003, 14.667480469000054], [34.28552246100003, 14.732299804000036], [34.04150390600006, 15.143310547000056], [33.774108891000026, 15.261901851000061], [33.73529051700007, 15.291503911000063], [33.71306127300005, 15.296874412000022], [33.66052246100003, 15.29772949200003], [33.65228271500007, 15.30072021500007], [33.64270019500003, 15.368103027000075], [33.633728027000075, 15.39929199200003], [33.59808351500004, 15.434067742000025], [33.57507324200003, 15.438476562000062], [33.56927465800004, 15.455505445000028]]]}}, {"type": "Feature", "properties": {"name": "Blue Nile", "country": "SDN"}, "geometry": {"type": "Polygon", "coordinates": [[[35.05064288600005, 11.739501692000033], [34.963073730000076, 11.884887695000032], [34.918701172000056, 11.952270508000026], [34.89489744300005, 12.019470305000027], [34.86352536900006, 12.153930753000054], [34.84729003900003, 12.205871625000043], [34.84729002000006, 12.22009285200005], [34.813476568000056, 12.347900393000032], [34.784484863000046, 12.421875], [34.70428466800007, 12.469116211000028], [34.68792724600007, 12.491882324000073], [34.67272949200003, 12.498291016000053], [34.65649414100005, 12.512512207000043], [34.64031982400007, 12.51788330100004], [34.61749267600004, 12.51452636700003], [34.56872558600003, 12.52429199200003], [34.52850341800007, 12.534118652000075], [34.512329102000024, 12.543884277000075], [34.494873047000056, 12.541687012000068], [34.46569824200003, 12.557922363000046], [34.450500488000046, 12.562316895000038], [34.43847656200006, 12.551879883000026], [34.43591308600003, 12.538085937000062], [34.423889160000044, 12.526672363000046], [34.36688232400007, 12.49108886700003], [34.29028320300006, 12.45111084000007], [34.27832031200006, 12.455871582000043], [34.25830078100006, 12.455078125000057], [34.23968505900007, 12.463928223000039], [34.232299805000025, 12.464904785000044], [34.222717285000044, 12.460327148000033], [34.22149658200004, 12.451293945000032], [34.191284180000025, 12.415710449000073], [34.151489258000026, 12.343872070000032], [34.12652587900004, 12.327087402000075], [34.093078613000046, 12.295288086000028], [34.08648681600005, 12.281677246000072], [34.072635802000036, 12.265932106000037], [34.02789306600005, 12.22650146500007], [33.98748775800004, 12.205078305000029], [33.93908691400003, 12.170898437000062], [33.85949707000003, 12.150085449000073], [33.74127193800007, 12.08288592100007], [33.60327144900003, 11.99249285600007], [33.57489010100005, 11.986084164000033], [33.38708492600006, 11.871521176000044], [33.29028320300006, 11.805908203000058], [33.26348873500007, 11.795471371000076], [33.174689296000054, 11.740577853000048], [33.14052121700007, 11.62809186800007], [33.167721217000064, 11.478491868000049], [33.174221217000024, 11.386091868000051], [33.23852121700003, 11.002891868000063], [33.23522121700006, 10.997191868000073], [33.26572121700008, 10.829191868000066], [33.219021217000034, 10.734991868000066], [33.48272121700006, 10.657891868000036], [33.66782121700004, 10.44139186800004], [33.79392121700005, 10.337591868000061], [33.81062121700006, 10.305791868000028], [33.90152121700004, 10.161591868000073], [33.95092121700003, 10.16199186800003], [33.966221217000054, 10.153891868000073], [33.97002121700007, 10.148191868000026], [33.97142121700006, 10.140591868000058], [33.96662121700007, 10.126791868000055], [33.97092121700007, 10.09299186800007], [33.99572121700004, 10.062091868000039], [33.99232121700004, 10.042091868000057], [33.99952121700005, 9.999791868000045], [33.99382121700006, 9.988291868000033], [33.98812121700007, 9.960691868000026], [33.99332121700007, 9.929291868000064], [33.99282121700003, 9.910791868000047], [33.97712121700005, 9.880291868000029], [33.97662121700006, 9.861791868000068], [33.96862121700008, 9.836991868000041], [33.966221217000054, 9.82419186800007], [33.96862121700008, 9.813191868000047], [33.96522121700008, 9.802691868000068], [33.94432121700004, 9.77419186800006], [33.924321217000056, 9.766591868000035], [33.920521217000044, 9.761791868000046], [33.90672121700004, 9.698991868000064], [33.89862121700003, 9.679991868000059], [33.887721217000035, 9.623791868000069], [33.88672121700006, 9.597191868000039], [33.887721217000035, 9.54619186800005], [33.89952121700003, 9.498591868000062], [34.11272121700006, 9.498591868000062], [34.10872121700004, 9.566491868000071], [34.17162121700005, 9.778291868000053], [34.22492121700003, 9.89919186800006], [34.22152121700003, 9.936291868000069], [34.24292121700006, 10.05329186800003], [34.33672121700005, 10.116191868000044], [34.333821217000036, 10.142791868000074], [34.34812121700003, 10.170391868000024], [34.34342121700007, 10.19139186800004], [34.349521217000074, 10.215591868000047], [34.30052121700004, 10.396891868000068], [34.31192121700008, 10.440691868000044], [34.30962121700003, 10.461191868000071], [34.28622121700005, 10.532991868000067], [34.30292121700006, 10.558291868000026], [34.30392121700004, 10.569591868000032], [34.30002121700005, 10.574891868000066], [34.302421217000074, 10.578691868000021], [34.39762121700005, 10.675291868000045], [34.46802121700006, 10.809491868000066], [34.60272121700007, 10.903291868000053], [34.71122121700006, 10.807591868000031], [34.75742121700006, 10.749591868000039], [34.765021217000026, 10.74619186800004], [34.79498559500007, 10.749050578000038], [34.78928274100008, 10.737671629000033], [34.785921217000066, 10.717691868000031], [34.77642121700006, 10.705291868000074], [34.77782121700005, 10.70199186800005], [34.783621217000075, 10.701491868000062], [34.79022121700007, 10.70339186800004], [34.81972121700005, 10.73429186800007], [34.839221217000045, 10.736691868000037], [34.86022121700006, 10.748091868000074], [34.86542121700006, 10.754291868000053], [34.869221217000074, 10.79619186800005], [34.97678374100008, 10.883770129000027], [34.98011524100008, 10.891860629000064], [34.98012121700003, 10.905191868000031], [34.969121217000065, 10.919891868000036], [34.96582121700004, 10.94139186800004], [34.952521217000026, 10.943291868000074], [34.973421217000066, 11.047491868000066], [35.008668741000065, 11.185962129000075], [34.97012124100007, 11.22974362900004], [34.93922121700007, 11.235891868000067], [34.93633324100006, 11.241165129000024], [34.93922121700007, 11.244991868000056], [34.95442121700006, 11.250691868000047], [34.95532121700006, 11.260691868000038], [34.97062121700003, 11.284491868000032], [34.99202121700006, 11.341091868000035], [35.05292121700006, 11.427191868000023], [35.06054124100007, 11.471021129000064], [35.08622121700006, 11.531491868000046], [35.09052121700006, 11.64519186800004], [35.06772121700004, 11.674191868000037], [35.06402121700006, 11.686191868000037], [35.068121217000055, 11.696591868000041], [35.05064288600005, 11.739501692000033]]]}}, {"type": "Feature", "properties": {"name": "Central Darfur", "country": "SDN"}, "geometry": {"type": "Polygon", "coordinates": [[[24.446104422000076, 13.120913806000033], [24.45147705100004, 13.14251709000007], [24.52587890600006, 13.182312012000068], [24.545471191000047, 13.185729980000076], [24.554870605000076, 13.198730469000054], [24.59228736400007, 13.21228218500005], [24.608705772000064, 13.227884948000053], [24.620848333000026, 13.229893066000045], [24.630424680000033, 13.244776529000035], [24.639044675000036, 13.247881165000024], [24.642076994000035, 13.252664845000027], [24.63990221800003, 13.263455219000036], [24.71508788700004, 13.384886494000057], [24.71290281200004, 13.397207682000044], [24.683345732000078, 13.430657780000047], [24.576541399000064, 13.416329761000043], [24.467529458000058, 13.416684881000037], [24.269063990000063, 13.351361612000062], [24.24795856000003, 13.265042427000026], [24.129882812000062, 13.270080566000047], [24.101793894000025, 13.239651983000044], [24.032470703000058, 13.31671142600004], [24.028282196000077, 13.330702673000076], [23.970185161000074, 13.349882323000031], [23.927917480000076, 13.373107910000044], [23.90810775700004, 13.38968712600007], [23.882104988000037, 13.371290378000026], [23.83447265600006, 13.373474121000072], [23.80627441400003, 13.379882812000062], [23.781494141000053, 13.39288330100004], [23.76947021500007, 13.445312500000057], [23.717529297000056, 13.46868896500007], [23.687927246000072, 13.475280762000068], [23.672119141000053, 13.475524902000075], [23.627319336000028, 13.489929199000073], [23.570678711000028, 13.519897461000028], [23.54772949200003, 13.526489258000026], [23.494323730000076, 13.559326172000056], [23.436279297000056, 13.54968261700003], [23.39807128900003, 13.498718262000068], [23.377319336000028, 13.50030517600004], [23.353698730000076, 13.479492187000062], [23.32189941400003, 13.470092773000033], [23.262084961000028, 13.430480957000043], [23.24267578100006, 13.425903320000032], [23.224691132000032, 13.428633393000041], [23.218709887000045, 13.409517331000075], [23.200897785000052, 13.398414108000054], [23.194691482000053, 13.315488333000076], [23.186085525000067, 13.29467534500003], [23.081086103000075, 13.255919735000077], [23.042897049000032, 13.263120169000047], [23.03368092000005, 13.25268221600004], [23.038868729000058, 13.218320364000022], [23.037480321000032, 13.201659716000052], [23.032887283000036, 13.191281790000062], [23.01451570100005, 13.165097709000065], [23.00670320100005, 13.163327688000038], [23.004689100000064, 13.158872252000037], [22.99767802300005, 13.15887206900004], [23.006885559000068, 13.149105976000044], [22.98967439300003, 13.136289115000068], [22.97667390400005, 13.137692922000042], [22.96611507600005, 13.119503660000078], [22.967274287000066, 13.115903185000036], [22.95110048300006, 13.100887871000054], [22.97526997800003, 13.075496217000023], [22.974293533000036, 13.059873098000025], [22.942494217000046, 13.029477591000045], [22.925099197000065, 13.032895559000053], [22.91026765400005, 13.031674857000041], [22.880909744000064, 13.014707083000076], [22.878468802000043, 13.009091665000028], [22.900318924000032, 13.00048589100004], [22.910694900000067, 12.989682669000047], [22.912892081000052, 12.98150350900005], [22.912258474000055, 12.978282383000021], [22.908695287000057, 12.97990300500004], [22.901308726000025, 12.97229681500005], [22.90906503900004, 12.961498087000052], [22.907292297000026, 12.951984364000054], [22.896450636000054, 12.93608256400006], [22.858876053000074, 12.922910209000065], [22.843067947000065, 12.922299856000052], [22.830067459000077, 12.914914603000057], [22.814869705000035, 12.896726126000033], [22.802354225000045, 12.891136689000064], [22.792103592000046, 12.891110892000029], [22.787098368000045, 12.886712325000076], [22.784901443000024, 12.86071538300007], [22.764088455000035, 12.85430669300007], [22.72195615000004, 12.814548888000047], [22.68266755700006, 12.79107427100007], [22.666065994000064, 12.735288138000044], [22.645863357000053, 12.715878959000065], [22.62651521300006, 12.704892630000074], [22.61607820100005, 12.69311284400004], [22.611500749000072, 12.660885950000022], [22.638905350000073, 12.617490287000066], [22.659474197000065, 12.572690482000041], [22.695301725000036, 12.473874022000075], [22.686696, 12.43267497000005], [22.692677322000065, 12.39068364600007], [22.725086990000023, 12.324277395000024], [22.73210596200005, 12.288510501000076], [22.724293533000036, 12.256101127000022], [22.624501053000074, 12.101682180000068], [22.592239391000078, 12.06041268000007], [22.597950266000055, 12.053274305000059], [22.604914792000045, 12.050488470000062], [22.636973391000026, 12.060888680000062], [22.580818141000066, 11.851971930000047], [22.55321651500003, 11.707776555000066], [22.560354766000046, 11.631157930000029], [22.601757391000035, 11.573099055000057], [22.657912641000053, 11.515516180000077], [22.742621391000057, 11.48743855500004], [22.76070526600006, 11.471258180000063], [22.784499891000053, 11.441276930000072], [22.786872908000078, 11.406176122000034], [22.826717062000057, 11.41515615000003], [22.941544391000036, 11.426048430000037], [22.933930016000033, 11.320876180000027], [22.981519266000078, 11.301364680000063], [22.986754016000077, 11.216655805000073], [22.928695266000034, 11.09958630500006], [22.92917114100004, 11.090544430000023], [22.908665662000033, 11.025885978000076], [22.97772216800007, 11.027893066000047], [23.007873535000044, 11.035888672000056], [23.083496094000054, 11.066284180000025], [23.10791015600006, 11.084899902000075], [23.16009521500007, 11.167297363000046], [23.181091309000067, 11.17889404300007], [23.205505370000026, 11.174316402000045], [23.253107733000036, 11.159120266000059], [23.29608154300007, 11.158081055000025], [23.33447265600006, 11.162719727000024], [23.356079102000024, 11.177307129000042], [23.369323730000076, 11.192504883000026], [23.393493652000075, 11.244873047000056], [23.406127930000025, 11.252075195000032], [23.466674805000025, 11.25952148400006], [23.569702148000033, 11.295288086000028], [23.604309082000043, 11.302124023000033], [23.630676270000038, 11.314086914000029], [23.662902832000043, 11.33569335900006], [23.666076660000044, 11.365905762000068], [23.683105469000054, 11.390686035000044], [23.718078613000046, 11.413085937000062], [23.741060393000055, 11.421725226000035], [23.714111471000024, 11.640318662000027], [23.715088052000056, 11.710325018000049], [23.730529757000056, 11.795286333000035], [23.72229020000003, 11.81170441300003], [23.720276124000065, 11.823728421000055], [23.732727212000043, 11.835874335000028], [23.758300942000062, 11.851316229000076], [23.75848379400003, 11.863512754000055], [23.75207815300007, 11.875908899000024], [23.76147454900007, 11.897093346000077], [23.73168975300007, 11.99749575900006], [23.747924485000055, 12.030882991000055], [23.701721191000047, 12.06170654300007], [23.69329834000007, 12.09228515600006], [23.689880455000036, 12.127684502000022], [23.72166955000006, 12.256717094000066], [23.732289667000032, 12.281680472000062], [23.76707970700005, 12.402896292000037], [23.78911339700005, 12.448733696000033], [23.776288168000065, 12.511039986000071], [23.776290756000037, 12.603149933000054], [23.78669691700003, 12.692279394000025], [23.853242769000076, 12.717741802000035], [23.856115559000045, 12.768599029000029], [23.89254302300003, 12.797431388000064], [23.883326803000045, 12.803999150000038], [24.016723633000026, 12.820922852000024], [24.054504395000038, 12.828918457000043], [24.101078269000027, 12.82971488100003], [24.119330657000035, 12.84300436500007], [24.13290555900005, 12.84300436500007], [24.144674699000063, 12.848470994000024], [24.15548579500006, 12.864672670000061], [24.162456940000027, 12.88484943900005], [24.20909951400006, 12.932681670000022], [24.267446337000024, 12.956434025000021], [24.324696066000058, 12.975249665000035], [24.386714668000025, 12.988901359000067], [24.373487632000035, 13.030243749000022], [24.37630634800007, 13.045299852000028], [24.386901855000076, 13.06048584000007], [24.396484375000057, 13.10772705100004], [24.42190065400007, 13.130736671000022], [24.439876639000033, 13.115298007000035], [24.446104422000076, 13.120913806000033]]]}}, {"type": "Feature", "properties": {"name": "East Darfur", "country": "SDN"}, "geometry": {"type": "Polygon", "coordinates": [[[27.218881544000055, 11.763970218000054], [27.159793104000073, 11.786724266000022], [27.05898839400004, 11.790360560000067], [26.969482422000056, 11.781494141000053], [26.893920898000033, 11.751525879000042], [26.87811279300007, 11.748107910000044], [26.82189941400003, 11.749511719000054], [26.805968360000065, 11.752435375000061], [26.76647949200003, 11.767272949000073], [26.743103027000075, 11.789672852000024], [26.702569992000065, 11.806764701000077], [26.63560848900005, 11.84292266600005], [26.539306641000053, 11.858520508000026], [26.351233397000044, 11.876584880000053], [26.236297381000043, 11.932931590000067], [26.207990266000024, 11.941496438000058], [26.21636955300005, 11.996344643000043], [26.201416462000054, 12.037770513000055], [26.178100586000028, 12.066101074000073], [26.16650390600006, 12.090087891000053], [26.07769775400004, 12.107116699000073], [26.03369140600006, 12.186279297000056], [26.03328522100003, 12.208943238000074], [26.019714355000076, 12.21569824200003], [25.972473145000038, 12.21569824200003], [25.95986270800006, 12.235956753000039], [25.95249592500005, 12.28933409700005], [25.898055809000027, 12.347419119000051], [25.89032482600004, 12.374572645000057], [25.889551131000076, 12.37945910600007], [25.916619817000026, 12.400469703000056], [25.954845842000054, 12.391808585000035], [25.969482422000056, 12.391797057000076], [26.016906738000046, 12.416028014000062], [26.05072021500007, 12.409253112000044], [26.089294434000067, 12.411206237000044], [26.09210205100004, 12.426648130000046], [26.09210205100004, 12.48640154900005], [26.08130577000003, 12.501832758000035], [25.996630913000047, 12.56835312100003], [25.98684731000003, 12.580424782000023], [25.931432777000055, 12.677751361000048], [25.873063067000032, 12.725678412000036], [25.848660901000073, 12.756429894000064], [25.822326660000044, 12.774426452000057], [25.765686035000044, 12.771801940000046], [25.71868896500007, 12.802197447000026], [25.65069580100004, 12.835400573000072], [25.577517645000057, 12.867181685000048], [25.567539450000027, 12.865544574000069], [25.56563595600005, 12.956439956000054], [25.519474332000073, 12.956915825000067], [25.485674777000042, 12.97214511900006], [25.477595826000027, 12.972620323000058], [25.456565067000042, 12.961193360000038], [25.457641843000033, 12.901203861000056], [25.466334844000073, 12.794032082000058], [25.459545412000068, 12.690859508000074], [25.473822178000034, 12.670872035000059], [25.478581100000042, 12.648029210000061], [25.468111471000043, 12.628041737000046], [25.44622043100003, 12.617572109000037], [25.419570467000028, 12.595681068000033], [25.414811545000077, 12.536670435000076], [25.41766689800005, 12.501454412000044], [25.43099188000008, 12.465286605000074], [25.44431686200005, 12.441491995000035], [25.45669005900004, 12.402468834000047], [25.436702586000024, 12.36154210500007], [25.427184742000065, 12.329181435000066], [25.411004407000064, 12.29586898100007], [25.36221806700007, 12.24274540700003], [25.333196032000046, 12.224723097000037], [25.313922398000045, 12.204735625000069], [25.30610298600004, 12.165470732000074], [25.311245505000045, 12.060183368000025], [25.30969415800007, 11.926506026000027], [25.288341376000062, 11.787694509000062], [25.286037367000063, 11.699630975000048], [25.29447872800006, 11.575657073000059], [25.299072266000053, 11.56671142600004], [25.30267334000007, 11.537902832000043], [25.369873047000056, 11.416687012000068], [25.389892578000058, 11.400512695000032], [25.513488770000038, 11.345275879000042], [25.54968261700003, 11.30712890600006], [25.54968261700003, 11.283874512000068], [25.54187011700003, 11.246276856000065], [25.537719727000024, 11.18530273400006], [25.54449462900004, 11.157104493000077], [25.56671142600004, 11.127502441000047], [25.599121094000054, 11.123107910000044], [25.638929802000064, 11.148872635000032], [25.636673273000042, 11.136701601000027], [25.70505204400007, 11.053662883000072], [25.71585526700005, 11.00990067600003], [25.706638958000042, 10.97028885900005], [25.694139636000045, 10.945409824000023], [25.77069091800007, 10.752075195000032], [25.786926270000038, 10.72509765600006], [25.845092773000033, 10.65869140600006], [25.970886231000065, 10.497680664000029], [25.93758574000003, 10.377950008000028], [25.932495539000058, 10.372929491000036], [25.93571677600005, 10.37123022000003], [25.945234620000065, 10.346483826000053], [25.947138189000043, 10.138994826000044], [25.987113134000026, 10.137091258000055], [25.99092027100005, 10.112344863000033], [26.023280941000053, 10.106634156000041], [26.030895216000033, 10.087598468000067], [26.049930904000064, 10.085694899000032], [26.09371298700006, 10.038105680000058], [26.12226651900005, 9.984805753000046], [26.214370466000048, 9.903393308000034], [26.248776527000075, 9.813937550000048], [26.266651954000054, 9.747367717000031], [26.32447920000004, 9.605355430000031], [26.39425923500005, 9.559136932000058], [26.47680566100007, 9.533706117000065], [26.594498117000057, 9.506418551000024], [26.662191059000065, 9.486818260000064], [26.761020350000024, 9.488600807000068], [26.819889205000038, 9.520654467000043], [26.853159580000067, 9.531586092000055], [26.877874580000025, 9.54441896700007], [27.079482469000027, 9.616190135000068], [27.14451220500007, 9.623792342000058], [27.236718455000073, 9.625693467000076], [27.331374837000055, 9.620429454000032], [27.390713822000066, 9.623315600000069], [27.421266237000054, 9.627854161000073], [27.583137796000074, 9.614195938000023], [27.484654213000056, 9.791734316000031], [27.47794936300005, 10.085920415000032], [27.44939583100006, 10.238205920000041], [27.475569902000075, 10.388111963000028], [27.419167497000046, 10.53769211100007], [27.339940625000054, 10.668888362000075], [27.299489787000027, 10.780723028000068], [27.261316812000075, 10.85720027900004], [27.288315933000035, 10.94579417600005], [27.297885647000044, 11.04994997800003], [27.25161815900003, 11.197105231000023], [27.256378901000062, 11.271079841000073], [27.218881544000055, 11.763970218000054]]]}}, {"type": "Feature", "properties": {"name": "Gedaref", "country": "SDN"}, "geometry": {"type": "Polygon", "coordinates": [[[33.988525526000046, 14.005493914000056], [34.00048824600003, 14.00012225000006], [34.00311275800004, 13.99090594200004], [34.01770016000006, 13.989319028000068], [34.03953733800006, 13.977937714000063], [34.046875019000026, 13.941514031000054], [34.05548097600007, 13.932114617000025], [34.061279315000036, 13.931687371000066], [34.079891788000054, 13.89830633400004], [34.07727530900007, 13.89093292900003], [34.08508302600006, 13.880112664000023], [34.087524433000056, 13.863266961000022], [34.09368898400004, 13.851059930000076], [34.09832765600004, 13.815903680000076], [34.103881855000054, 13.810288444000037], [34.12432863200007, 13.804062859000055], [34.12872227300005, 13.798875904000056], [34.132324184000026, 13.781311215000073], [34.143127406000076, 13.770874203000062], [34.15032955500004, 13.755493344000058], [34.26110840700005, 13.650329581000051], [34.28887936000007, 13.60491961300005], [34.37390138600006, 13.48547362100004], [34.47070309000003, 13.389282407000053], [34.566284145000054, 13.281494321000025], [34.57568357700006, 13.261718840000071], [34.586120605000076, 13.261718750000057], [34.58929443400007, 13.257690430000025], [34.603698730000076, 13.263122559000067], [34.61108398400006, 13.261901855000076], [34.616699219000054, 13.247314453000058], [34.62116071500003, 13.244974888000058], [34.641906720000065, 13.24792480700006], [34.64227237000006, 13.241881370000044], [34.63789556300003, 13.236823182000023], [34.63977275600007, 13.231062905000044], [34.64331020900005, 13.230090589000042], [34.64074185700008, 13.215160196000056], [34.644714355000076, 13.207275391000053], [34.65692138700007, 13.205871582000043], [34.67753641400003, 13.188294330000076], [34.68752253800005, 13.188964560000045], [34.692566138000075, 13.193725022000024], [34.703354250000075, 13.196868765000033], [34.711935822000044, 13.192262522000021], [34.715959326000075, 13.181460651000066], [34.723507046000066, 13.175723101000074], [34.72448786600006, 13.192315174000043], [34.729492152000034, 13.196289241000045], [34.73931881300007, 13.194519223000043], [34.745117152000034, 13.182922543000075], [34.74871822700004, 13.181518735000054], [34.768676758000026, 13.195922852000024], [34.776672328000075, 13.195923032000053], [34.786681120000026, 13.188294797000026], [34.79290768000004, 13.169677914000033], [34.80291744500005, 13.174316586000032], [34.81372066800003, 13.171081723000043], [34.81768775000006, 13.158498400000042], [34.81689557200008, 13.148680008000042], [34.82232662500007, 13.13952654700006], [34.83947750400006, 13.124695004000046], [34.83673352400007, 13.100887190000037], [34.84747311000007, 13.083679379000046], [34.84887691800003, 13.070678891000057], [34.85968014100007, 13.054321469000058], [34.866882289000046, 13.028686703000062], [34.89068603100003, 13.01970724000006], [34.89041799800003, 13.004005007000046], [34.89867337900006, 12.998078510000028], [34.929504379000036, 12.954087452000067], [34.97192381200006, 12.918503956000052], [35.00292967000007, 12.899277883000025], [35.03668211300004, 12.893662649000078], [35.054504379000036, 12.900071339000021], [35.078496072000064, 12.891468786000075], [35.108339743000045, 12.898845190000031], [35.13629148700005, 12.866868214000021], [35.23248292900007, 12.779465690000052], [35.340881367000065, 12.735093133000078], [35.412292499000046, 12.719468132000031], [35.507324238000024, 12.717515008000078], [35.569274921000044, 12.723069207000037], [35.57910158100003, 12.713059440000052], [35.60552980400007, 12.706711785000039], [35.619875354000044, 12.692490875000033], [35.63190539100003, 12.697365522000041], [35.645080550000046, 12.687668995000024], [35.65028384300007, 12.677301511000053], [35.672545667000065, 12.679270042000041], [35.68635946300003, 12.667102640000053], [35.694821217000026, 12.665391868000029], [35.722983088000035, 12.670745470000043], [35.73440446300003, 12.66598659500005], [35.73678396300005, 12.657896469000036], [35.75296433800003, 12.658372344000043], [35.761530339000046, 12.66265534400003], [35.76724108800005, 12.658848220000039], [35.76486158800003, 12.667890094000029], [35.77104821300003, 12.672649094000064], [35.77533121300007, 12.663131219000036], [35.999476464000054, 12.722141844000078], [36.01851208900007, 12.722617719000027], [36.04373446300008, 12.71643109400003], [36.068480839000074, 12.719286470000043], [36.083233464000045, 12.716907095000067], [36.107503963000056, 12.706437469000036], [36.112262964000024, 12.698347219000027], [36.10940758900006, 12.68644997000007], [36.13367808900006, 12.685022219000075], [36.16889408900005, 12.692160594000029], [36.18221908900006, 12.859674720000044], [36.182492714000034, 12.89752997000005], [36.16250521300003, 12.917517469000074], [36.15060796300003, 12.94273971900003], [36.15917408900003, 12.952257595000049], [36.15964996400004, 12.95796834500004], [36.15584283900006, 12.963678970000046], [36.17011958900008, 12.985094220000065], [36.17107133800005, 12.998419095000031], [36.174878464000074, 13.002226219000022], [36.19724546400005, 13.07218247000003], [36.275767589000054, 13.357241845000033], [36.28433371400007, 13.381036470000026], [36.36856658800008, 13.530466595000064], [36.37808446400004, 13.537604970000075], [36.382367464000026, 13.546171095000034], [36.40996921400006, 13.66419234600005], [36.45089596400004, 13.773647595000057], [36.453751339000064, 13.77840647100004], [36.46326908900005, 13.783165346000033], [36.475642339000046, 13.808387721000031], [36.49848521400003, 13.837892970000041], [36.45851021400006, 13.978757095000049], [36.47040758900005, 14.00017222100007], [36.546994890000065, 14.220897566000076], [36.52069091800007, 14.218078613000046], [36.49707019700003, 14.219909685000061], [36.435729980000076, 14.23327636700003], [36.35309686700003, 14.279475485000034], [36.32952880900007, 14.279479980000076], [36.28952817700008, 14.271309120000069], [36.22475962400006, 14.253320679000069], [36.15692138700007, 14.22772216800007], [36.075317383000026, 14.206298828000058], [36.03289794900007, 14.211120605000076], [35.97290039100005, 14.244689941000047], [35.90176797200007, 14.262685179000073], [35.88745112600003, 14.283532055000023], [35.861216881000075, 14.292031829000052], [35.85431948400003, 14.342076048000024], [35.859932007000054, 14.362495052000043], [35.869711487000075, 14.37177592100005], [35.89227294900007, 14.461914062000062], [35.89312565300003, 14.479092085000048], [35.88206889800006, 14.494349083000031], [35.874360350000075, 14.511830542000041], [35.87565943900006, 14.518858442000067], [35.88232392500004, 14.53570482400005], [35.90032959000007, 14.55389404300007], [35.90349691700004, 14.574481672000047], [35.89449527600004, 14.583106008000073], [35.888558629000045, 14.604061725000065], [35.89245379000005, 14.616690599000037], [35.882719242000064, 14.661014930000022], [35.89171344700003, 14.684248011000022], [35.914672852000024, 14.71850585900006], [35.914674078000075, 14.728517349000072], [35.92249220100007, 14.73952461600004], [35.93427687900004, 14.778544150000073], [35.919708867000054, 14.810859422000021], [35.915113946000076, 14.84359636000005], [35.91667034100004, 14.851022456000067], [35.806518555000025, 14.871887207000043], [35.74511718700006, 14.874328613000046], [35.72855283500007, 14.869700804000047], [35.61169433600003, 14.948486328000058], [34.77362952300007, 15.45664636500004], [34.72009277300003, 15.516296387000068], [34.69372558600003, 15.540283203000058], [34.60449218700006, 15.580322266000053], [34.51892089800003, 15.611877441000047], [34.38067615800003, 15.683288987000026], [34.08367919900007, 15.73327636700003], [33.98669433600003, 15.76287841800007], [33.79949951200007, 15.714904785000044], [33.79907226600005, 15.718078613000046], [33.758728027000075, 15.709106445000032], [33.73431396500007, 15.70007324200003], [33.71447753900003, 15.687683105000076], [33.70428466800007, 15.68670654300007], [33.67968750000006, 15.691528320000032], [33.66772462800003, 15.688720691000071], [33.66070556600005, 15.680480957000043], [33.62731933600003, 15.65869140600006], [33.62249755900007, 15.652526855000076], [33.61108398400006, 15.605895996000072], [33.57928466800007, 15.552124023000033], [33.56970214800003, 15.499084473000039], [33.56927465800004, 15.455505445000028], [33.57507324200003, 15.438476562000062], [33.59808351500004, 15.434067742000025], [33.633728027000075, 15.39929199200003], [33.64270019500003, 15.368103027000075], [33.65228271500007, 15.30072021500007], [33.66052246100003, 15.29772949200003], [33.71306127300005, 15.296874412000022], [33.73529051700007, 15.291503911000063], [33.774108891000026, 15.261901851000061], [34.04150390600006, 15.143310547000056], [34.28552246100003, 14.732299804000036], [34.25988769500003, 14.667480469000054], [34.032155886000055, 14.336376205000022], [33.99407959100006, 14.350708008000026], [33.988892848000035, 14.339111413000069], [33.98852689800003, 14.333701456000028], [33.99230957000003, 14.329101562000062], [34.01531982400007, 14.31170654300007], [34.035888672000056, 14.27587890600006], [34.03967285700003, 14.263122559000067], [34.01531983800004, 14.21051028100004], [33.97949218600007, 14.177124025000069], [33.95532226900008, 14.164306639000074], [33.93188476600005, 14.143493652000075], [33.930725118000055, 14.136291441000026], [33.963313776000064, 14.072090324000044], [33.98590087600007, 14.039672855000049], [33.990721379000036, 14.017876099000034], [33.988525526000046, 14.005493914000056]]]}}, {"type": "Feature", "properties": {"name": "Kassala", "country": "SDN"}, "geometry": {"type": "Polygon", "coordinates": [[[36.546994890000065, 14.220897566000076], [36.560351242000024, 14.256678132000047], [36.54489174200006, 14.273956632000022], [36.52171029700003, 14.344322746000046], [36.458734711000034, 14.996734367000045], [36.43281224200007, 15.166584133000072], [36.50424277800005, 15.221311683000067], [36.53465296400003, 15.228925847000028], [36.60984396400005, 15.414047972000049], [36.63887333900004, 15.47686572200007], [36.63696983900007, 15.500184472000058], [36.63173496400003, 15.508750472000031], [36.710456871000076, 15.75014900900004], [36.76831608900005, 15.836164347000022], [36.81923646400003, 15.979407973000036], [36.897805654000024, 16.226871809000045], [36.92969040400004, 16.265419184000052], [36.96390771400007, 16.287786098000026], [36.96248008900005, 16.29444859800003], [36.94939680500005, 16.295634508000035], [36.95010683900006, 16.308249473000046], [36.947727464000025, 16.317291348000026], [36.942196082000066, 16.32190087300006], [36.942196082000066, 16.33463613400005], [36.93487833900008, 16.344893098000057], [36.93423089700008, 16.356938653000043], [36.95095778600006, 16.365700357000037], [36.96676308900004, 16.43436084800004], [36.93963721400007, 16.44768584800005], [36.928215839000075, 16.460059098000045], [36.92012571400005, 16.478142973000047], [36.906324839000035, 16.48290184800004], [36.89014446400006, 16.532394598000053], [36.88824083900005, 16.551430348000054], [36.90660692700004, 16.636486981000076], [36.896968650000076, 16.651382501000057], [36.896968650000076, 16.667154227000026], [36.907483134000074, 16.677668711000024], [36.938150380000025, 16.678544918000057], [36.958303141000044, 16.68467836800005], [36.97057004000004, 16.703954922000037], [36.988094180000076, 16.720602856000028], [36.99341308900006, 16.731317598000032], [36.99293721400005, 16.73750422300003], [36.98458935200006, 16.751270101000046], [36.98984659400003, 16.764413207000075], [37.00036107900007, 16.774927691000073], [37.01613280500004, 16.779308726000068], [37.01613280500004, 16.789253314000064], [37.03102832500008, 16.797709074000068], [37.02862908900005, 16.803177348000077], [37.00765018300007, 16.82251943700004], [37.00386590700003, 16.835385976000055], [37.01387646400008, 16.86504334800003], [37.013504184000055, 16.877443913000036], [36.99860866500006, 16.923006678000036], [37.00626221400006, 16.937378973000023], [36.98294324300008, 16.971643134000033], [36.989130243000034, 16.993534134000072], [37.01530424300006, 17.01352163400003], [37.01789082600004, 17.04440647000007], [37.00323611500005, 17.073266210000043], [36.76330566400003, 17.00152587900004], [36.47027587900004, 17.01647949200003], [36.335083008000026, 17.031311035000044], [36.231079102000024, 17.031494141000053], [36.17047178400003, 17.038330011000028], [36.083129883000026, 17.02111816400003], [35.65692138700007, 17.207275391000053], [35.67108154300007, 16.415283203000058], [35.62329101600005, 16.37268066400003], [35.41772460900006, 16.272888184000067], [35.328125, 16.309509277000075], [35.25988769500003, 16.31011962900004], [34.98272705100004, 16.297485352000024], [34.40509033200004, 16.29150390600006], [34.23687744100005, 16.065673828000058], [34.21560442100008, 16.05376093600006], [34.233166106000056, 16.028150134000043], [34.33558306300006, 15.849561236000056], [34.38067615800003, 15.683288987000026], [34.51892089800003, 15.611877441000047], [34.60449218700006, 15.580322266000053], [34.69372558600003, 15.540283203000058], [34.72009277300003, 15.516296387000068], [34.77362952300007, 15.45664636500004], [35.61169433600003, 14.948486328000058], [35.72855283500007, 14.869700804000047], [35.74511718700006, 14.874328613000046], [35.806518555000025, 14.871887207000043], [35.91667034100004, 14.851022456000067], [35.915113946000076, 14.84359636000005], [35.919708867000054, 14.810859422000021], [35.93427687900004, 14.778544150000073], [35.92249220100007, 14.73952461600004], [35.914674078000075, 14.728517349000072], [35.914672852000024, 14.71850585900006], [35.89171344700003, 14.684248011000022], [35.882719242000064, 14.661014930000022], [35.89245379000005, 14.616690599000037], [35.888558629000045, 14.604061725000065], [35.89449527600004, 14.583106008000073], [35.90349691700004, 14.574481672000047], [35.90032959000007, 14.55389404300007], [35.88232392500004, 14.53570482400005], [35.874360350000075, 14.511830542000041], [35.88206889800006, 14.494349083000031], [35.89312565300003, 14.479092085000048], [35.89227294900007, 14.461914062000062], [35.869711487000075, 14.37177592100005], [35.859932007000054, 14.362495052000043], [35.85431948400003, 14.342076048000024], [35.861216881000075, 14.292031829000052], [35.88745112600003, 14.283532055000023], [35.90176797200007, 14.262685179000073], [35.97290039100005, 14.244689941000047], [36.03289794900007, 14.211120605000076], [36.075317383000026, 14.206298828000058], [36.15692138700007, 14.22772216800007], [36.22475962400006, 14.253320679000069], [36.32952880900007, 14.279479980000076], [36.35309686700003, 14.279475485000034], [36.39788818400007, 14.255920410000044], [36.42169189500004, 14.239501953000058], [36.46105565800008, 14.225732481000023], [36.52069091800007, 14.218078613000046], [36.546994890000065, 14.220897566000076]]]}}, {"type": "Feature", "properties": {"name": "Khartoum", "country": "SDN"}, "geometry": {"type": "Polygon", "coordinates": [[[33.56927465800004, 15.455505445000028], [33.56970214800003, 15.499084473000039], [33.57928466800007, 15.552124023000033], [33.61108398400006, 15.605895996000072], [33.62249755900007, 15.652526855000076], [33.62731933600003, 15.65869140600006], [33.66070556600005, 15.680480957000043], [33.66772462800003, 15.688720691000071], [33.67968750000006, 15.691528320000032], [33.70428466800007, 15.68670654300007], [33.71447753900003, 15.687683105000076], [33.73431396500007, 15.70007324200003], [33.758728027000075, 15.709106445000032], [33.79907226600005, 15.718078613000046], [33.79949951200007, 15.714904785000044], [33.98669433600003, 15.76287841800007], [34.08367919900007, 15.73327636700003], [34.38067615800003, 15.683288987000026], [34.33551025400004, 15.849487305000025], [34.23309326200007, 16.028076172000056], [34.21551513700007, 16.053710937000062], [33.96887207000003, 16.003295898000033], [33.66510009800004, 15.981079102000024], [33.531311035000044, 16.038085937000062], [33.43591308600003, 16.113525391000053], [33.276123047000056, 16.17150878900003], [32.80627441400003, 16.254089355000076], [32.69311523400006, 16.334899902000075], [32.541076660000044, 16.356079102000024], [32.25689697300004, 16.388122559000067], [32.17431640600006, 16.400085449000073], [31.885681152000075, 16.630126953000058], [31.697874582000054, 16.527887090000036], [31.977231886000027, 15.904292248000047], [31.994443800000056, 15.87407984600003], [32.00543012900005, 15.841059826000048], [32.09985151500007, 15.721064709000075], [32.22363081200007, 15.444697521000023], [32.23364057800006, 15.437068127000032], [32.35571289100005, 15.187927246000072], [32.43530273400006, 15.18408203100006], [32.434326172000056, 15.192321777000075], [32.442321777000075, 15.206481934000067], [32.44329834000007, 15.222717285000044], [32.45129394500003, 15.229492187000062], [32.467529297000056, 15.222717285000044], [32.482482910000044, 15.225280762000068], [32.539672852000024, 15.194274902000075], [32.540893555000025, 15.197509766000053], [32.577087402000075, 15.19311523400006], [32.61547851600005, 15.194274902000075], [32.63012695300006, 15.182678223000039], [32.674926758000026, 15.185729980000076], [32.66967773400006, 15.230895996000072], [32.66131591800007, 15.231506348000039], [32.66131591800007, 15.237670898000033], [32.668701172000056, 15.238525391000053], [32.66430664100005, 15.276916504000042], [32.70770263700007, 15.294311523000033], [32.677917480000076, 15.375122070000032], [32.71368408200004, 15.387512207000043], [32.706909180000025, 15.40869140600006], [32.72247314500004, 15.413879395000038], [32.74871826200007, 15.40991210900006], [32.75628662100007, 15.387329102000024], [32.77368164100005, 15.38171386700003], [32.777526855000076, 15.37670898400006], [32.78509521500007, 15.351684570000032], [32.79852294900007, 15.345275879000042], [32.84509277300003, 15.334716797000056], [32.871704102000024, 15.323913574000073], [32.88250732400007, 15.315124512000068], [32.90087890600006, 15.306884766000053], [32.926513672000056, 15.273681641000053], [32.93872070300006, 15.265686035000044], [32.96331787100007, 15.266296387000068], [33.07489013700007, 15.290283203000058], [33.11492919900007, 15.279296875000057], [33.14868164100005, 15.225524902000075], [33.168884277000075, 15.214111328000058], [33.184875488000046, 15.218078613000046], [33.20672607400007, 15.217895508000026], [33.21270752000004, 15.22967529300007], [33.21447753900003, 15.293518066000047], [33.26788330100004, 15.322326660000044], [33.30889892600004, 15.390319824000073], [33.369323730000076, 15.381286621000072], [33.41851806600005, 15.401306152000075], [33.48590087900004, 15.4375], [33.52789306600005, 15.467895508000026], [33.56927465800004, 15.455505445000028]]]}}, {"type": "Feature", "properties": {"name": "North Darfur", "country": "SDN"}, "geometry": {"type": "Polygon", "coordinates": [[[24.446217647000026, 13.126631660000044], [24.559509277000075, 13.114074707000043], [24.628190326000038, 13.102308813000036], [24.652126249000048, 13.105913952000037], [24.663939291000077, 13.111676103000036], [24.716420921000065, 13.106538083000032], [24.732901456000036, 13.099492025000075], [24.758524226000077, 13.099464858000033], [24.777710287000048, 13.088921331000051], [24.791427130000045, 13.071854680000058], [24.82829294100003, 13.054873490000034], [24.879436659000078, 13.025461114000052], [24.923389495000038, 13.010002963000034], [24.939674833000026, 12.999709383000038], [24.95147705100004, 12.98272705100004], [24.98089490900003, 12.953309120000029], [25.013122559000067, 12.948730469000054], [25.091704407000066, 12.94514698200004], [25.16027832000003, 12.968872070000032], [25.204895020000038, 12.978088379000042], [25.239929199000073, 12.974487305000025], [25.26581211000007, 12.952323700000022], [25.30090002000003, 12.967100667000068], [25.330322266000053, 12.963317871000072], [25.36608886700003, 12.975708008000026], [25.430114746000072, 12.965881348000039], [25.45849778400003, 12.969068479000043], [25.456565067000042, 12.961193360000038], [25.47188520800006, 12.97166857600007], [25.485674777000042, 12.97214511900006], [25.519474332000073, 12.956915825000067], [25.56563595600005, 12.956439956000054], [25.567539450000027, 12.865544574000069], [25.577517645000057, 12.867181685000048], [25.65069580100004, 12.835400573000072], [25.71868896500007, 12.802197447000026], [25.765686035000044, 12.771801940000046], [25.822326660000044, 12.774426452000057], [25.848660901000073, 12.756429894000064], [25.873063067000032, 12.725678412000036], [25.931432777000055, 12.677751361000048], [25.98684731000003, 12.580424782000023], [25.996630913000047, 12.56835312100003], [26.08130577000003, 12.501832758000035], [26.09210205100004, 12.48640154900005], [26.09210205100004, 12.426648130000046], [26.089294434000067, 12.411206237000044], [26.05072021500007, 12.409253112000044], [26.016906738000046, 12.416028014000062], [25.969482422000056, 12.391797057000076], [25.954845842000054, 12.391808585000035], [25.916619817000026, 12.400469703000056], [25.889551131000076, 12.37945910600007], [25.89032482600004, 12.374572645000057], [25.898055809000027, 12.347419119000051], [25.95249592500005, 12.28933409700005], [25.95986270800006, 12.235956753000039], [25.972473145000038, 12.21569824200003], [26.019714355000076, 12.21569824200003], [26.03328522100003, 12.208943238000074], [26.03369140600006, 12.186279297000056], [26.07769775400004, 12.107116699000073], [26.16650390600006, 12.090087891000053], [26.178100586000028, 12.066101074000073], [26.201416462000054, 12.037770513000055], [26.21636955300005, 11.996344643000043], [26.207990266000024, 11.941496438000058], [26.236297381000043, 11.932931590000067], [26.351233397000044, 11.876584880000053], [26.539306641000053, 11.858520508000026], [26.63560848900005, 11.84292266600005], [26.702569992000065, 11.806764701000077], [26.743103027000075, 11.789672852000024], [26.76647949200003, 11.767272949000073], [26.805968360000065, 11.752435375000061], [26.82189941400003, 11.749511719000054], [26.87811279300007, 11.748107910000044], [26.893920898000033, 11.751525879000042], [26.969482422000056, 11.781494141000053], [27.05898839400004, 11.790360560000067], [27.159793104000073, 11.786724266000022], [27.218881544000055, 11.763970218000054], [27.181977046000043, 11.882102790000033], [27.100373042000058, 12.046287360000065], [27.064179194000076, 12.102317633000041], [27.081818354000063, 12.237693610000065], [27.083222163000073, 12.322898688000066], [27.075775874000044, 12.393089117000045], [27.083222163000073, 12.40132886300006], [27.126374018000035, 12.57851392200007], [27.13010384300003, 12.621463411000036], [27.122589839000057, 12.685508551000055], [27.13797069800006, 12.908531012000026], [27.162201655000047, 12.955894294000075], [27.358185542000058, 13.170493903000022], [27.348419917000058, 13.202293220000058], [27.35281444800006, 13.216087164000044], [27.366608393000035, 13.223106207000058], [27.377777827000045, 13.23671704700007], [27.382172358000048, 13.269492926000055], [27.38497997500008, 13.342490973000054], [27.51779247500008, 13.492881598000054], [27.54318310000008, 13.545493903000022], [27.54558881400004, 13.610887899000033], [27.540767036000034, 13.644274128000063], [27.53618940100006, 13.64909590600007], [27.528987251000046, 13.64964522200006], [27.49722362800003, 13.704124274000037], [27.455170405000047, 13.74031812100003], [27.468170893000035, 13.822532477000038], [27.479503545000057, 13.982695825000064], [27.471222651000062, 14.020896734000075], [27.44379001200008, 14.097457106000036], [27.34180087200008, 14.100852355000029], [27.34319118700006, 14.256482343000073], [27.339345969000078, 14.278517489000023], [27.19935666300006, 14.803689317000021], [27.119705784000075, 14.918252305000067], [27.069996864000075, 15.077515563000077], [27.00538827200006, 15.837458627000046], [26.940996290000044, 16.523103603000038], [26.94138884700004, 16.529530928000042], [27.492571300000066, 16.52625963500003], [27.49628294100006, 20.00833191600003], [25.002864630000033, 20.020535996000035], [25.002913548000038, 20.00704743700004], [24.00014857000008, 20.00658734800004], [24.002993222000043, 18.05008217900007], [24.00014857000008, 16.819332531000043], [24.002584354000078, 16.763266293000072], [24.003562681000062, 16.293538867000052], [23.998846800000024, 15.713856150000026], [23.966046800000072, 15.711956150000049], [23.89744680000007, 15.727256150000073], [23.86894680000006, 15.730056150000053], [23.832746800000052, 15.748156150000057], [23.815646800000025, 15.752456150000057], [23.750946800000065, 15.751456150000024], [23.72481595200003, 15.753336223000076], [23.70037799200003, 15.760564245000069], [23.676506231000076, 15.763359915000024], [23.603346800000054, 15.765756150000072], [23.54534680000006, 15.75625615000007], [23.512176285000066, 15.745790144000068], [23.427346800000066, 15.706756150000047], [23.36114680000003, 15.695356150000066], [23.32907463500004, 15.694383334000065], [23.199446800000032, 15.714656150000053], [23.174146800000074, 15.71345615000007], [23.14574680000004, 15.718356150000034], [23.10984680000007, 15.713856150000026], [23.09634680000005, 15.704056150000042], [23.085646800000063, 15.683956150000029], [23.075046800000052, 15.672956150000061], [23.054246800000044, 15.659156150000058], [23.027246800000057, 15.62355615000007], [22.98144680000007, 15.58585615000004], [22.954746800000066, 15.577756150000027], [22.925346800000057, 15.55075615000004], [22.923046800000066, 15.540656150000075], [22.925246800000025, 15.509256150000056], [22.921985826000025, 15.49016780900007], [22.929046800000037, 15.467856150000046], [22.939246800000035, 15.456756150000047], [22.959912836000058, 15.443581772000073], [22.97334680000006, 15.425556150000034], [22.989446800000053, 15.412156150000044], [22.98904680000004, 15.37435615000004], [23.002846800000043, 15.324156150000022], [23.002346800000055, 15.312256150000053], [22.991846800000076, 15.28365615000007], [22.995146800000043, 15.273256150000066], [22.992846800000052, 15.257956150000041], [22.999946800000032, 15.23655615000007], [22.997146800000053, 15.227556150000055], [22.981846800000028, 15.208456150000075], [22.97718932600003, 15.194638722000036], [22.966646800000035, 15.184756150000055], [22.93721432600006, 15.172747683000068], [22.929046800000037, 15.15665615000006], [22.92544680000003, 15.141356150000036], [22.93578670100004, 15.112785347000056], [22.92664680000007, 15.091456150000056], [22.91294382600006, 15.08803897200005], [22.877146800000048, 15.088556150000045], [22.861446800000067, 15.080456150000032], [22.860546800000066, 15.057156150000026], [22.856246800000065, 15.050056150000046], [22.811946800000044, 15.032056150000074], [22.79154680000005, 15.001956150000069], [22.787746800000036, 14.98535615000003], [22.782502436000073, 14.983608029000038], [22.87599374000007, 14.898676889000058], [22.837602627000024, 14.703669564000052], [22.817677322000065, 14.559506888000044], [22.90251618900004, 14.50311040300005], [23.010245740000073, 14.54910320700003], [23.114064041000063, 14.418271537000066], [23.142412197000056, 14.357905404000064], [23.139421475000063, 14.320307748000062], [23.116688553000074, 14.23766850800007], [23.106396920000066, 14.21824814100006], [23.15718270600007, 14.158869760000073], [23.18562508800005, 14.158869760000073], [23.220598233000032, 14.165095346000044], [23.220623259000035, 14.145536363000076], [23.207788596000057, 14.104877951000049], [23.217973721000078, 14.088496224000039], [23.24678231400003, 14.011469857000066], [23.24281503000003, 13.990901010000073], [23.23140145600007, 13.978083627000046], [23.205400479000048, 13.959467904000064], [23.191789639000035, 13.954707162000034], [23.168169034000073, 13.928706185000067], [23.149187100000063, 13.90026380300003], [23.123369229000048, 13.831110971000044], [23.120988858000032, 13.804072396000038], [23.10060311600006, 13.758112924000045], [23.102983314000028, 13.757258494000041], [23.10060311600006, 13.752070443000036], [23.20839120100004, 13.716303842000059], [23.20662118200005, 13.71026136100005], [23.178422940000075, 13.704279916000075], [23.177019131000065, 13.700861947000021], [23.182048532000067, 13.608199507000052], [23.180192959000067, 13.588313119000077], [23.17396737400003, 13.585078256000031], [23.15242196300005, 13.585078256000031], [23.13857732300005, 13.565806960000032], [23.139970792000042, 13.554865853000024], [23.14601327200006, 13.546504037000034], [23.178422940000075, 13.534663217000059], [23.188005460000056, 13.524104135000073], [23.191179288000058, 13.514094369000077], [23.19038583100007, 13.486506478000024], [23.182207120000044, 13.472102182000071], [23.18458749000007, 13.470271127000046], [23.182313419000025, 13.464465503000042], [23.224691132000032, 13.428633393000041], [23.24267578100006, 13.425903320000032], [23.262084961000028, 13.430480957000043], [23.32189941400003, 13.470092773000033], [23.353698730000076, 13.479492187000062], [23.377319336000028, 13.50030517600004], [23.39807128900003, 13.498718262000068], [23.436279297000056, 13.54968261700003], [23.494323730000076, 13.559326172000056], [23.54772949200003, 13.526489258000026], [23.570678711000028, 13.519897461000028], [23.627319336000028, 13.489929199000073], [23.672119141000053, 13.475524902000075], [23.687927246000072, 13.475280762000068], [23.717529297000056, 13.46868896500007], [23.76947021500007, 13.445312500000057], [23.781494141000053, 13.39288330100004], [23.80627441400003, 13.379882812000062], [23.83447265600006, 13.373474121000072], [23.882104988000037, 13.371290378000026], [23.90810775700004, 13.38968712600007], [23.927917480000076, 13.373107910000044], [23.970185161000074, 13.349882323000031], [24.028282196000077, 13.330702673000076], [24.032470703000058, 13.31671142600004], [24.101793894000025, 13.239651983000044], [24.129882812000062, 13.270080566000047], [24.24795856000003, 13.265042427000026], [24.269063990000063, 13.351361612000062], [24.467529458000058, 13.416684881000037], [24.576541399000064, 13.416329761000043], [24.683345732000078, 13.430657780000047], [24.71290281200004, 13.397207682000044], [24.71508788700004, 13.384886494000057], [24.63990221800003, 13.263455219000036], [24.642076994000035, 13.252664845000027], [24.639044675000036, 13.247881165000024], [24.630424680000033, 13.244776529000035], [24.620848333000026, 13.229893066000045], [24.608705772000064, 13.227884948000053], [24.59228736400007, 13.21228218500005], [24.554870605000076, 13.198730469000054], [24.545471191000047, 13.185729980000076], [24.52587890600006, 13.182312012000068], [24.45147705100004, 13.14251709000007], [24.446217647000026, 13.126631660000044]]]}}, {"type": "Feature", "properties": {"name": "North Kordofan", "country": "SDN"}, "geometry": {"type": "Polygon", "coordinates": [[[31.697874582000054, 16.527887090000036], [31.33461191500004, 16.524653430000058], [29.342597499000078, 16.524653430000058], [27.492571300000066, 16.52625963500003], [26.94138884700004, 16.529530928000042], [27.00538827200006, 15.837458627000046], [27.069996864000075, 15.077515563000077], [27.119705784000075, 14.918252305000067], [27.19935666300006, 14.803689317000021], [27.339345969000078, 14.278517489000023], [27.34319118700006, 14.256482343000073], [27.34180087200008, 14.100852355000029], [27.419262385000025, 14.099523432000069], [27.480748650000066, 14.09228306600005], [27.496738450000066, 14.118112494000059], [27.77279529900005, 14.118636011000035], [27.823633553000036, 14.058179891000066], [27.83733387700005, 14.061023308000074], [27.86048753500006, 14.072671171000025], [27.879108248000023, 14.058032259000072], [27.88041453900007, 14.060898305000023], [27.86988593600006, 14.070257064000032], [27.862711710000042, 14.083643100000074], [27.908087102000025, 14.08203779400003], [27.914410403000034, 14.069391495000048], [27.911325851000072, 14.068003517000022], [27.899180776000037, 14.074326584000062], [27.89790822200007, 14.070625281000048], [27.907007385000043, 14.062605678000068], [27.919807905000027, 14.05566563800005], [27.95935656100005, 14.050766655000075], [27.98804199400007, 14.055393338000044], [27.994519366000077, 14.079914813000073], [27.986935763000076, 14.094371608000074], [27.98571493600008, 14.104508830000043], [27.989468070000044, 14.119400297000027], [28.00316732400006, 14.123051863000057], [28.01262053000005, 14.12208230300007], [28.073411203000035, 14.069279126000026], [28.081110737000074, 14.056144627000037], [28.079849568000043, 14.050914591000037], [28.06776096400006, 14.048984955000037], [28.06651237500006, 14.03808818500005], [28.05148782400005, 14.019327345000022], [28.056656056000065, 13.983264832000032], [28.12487592900004, 13.955866955000033], [28.197263625000062, 13.969660900000065], [28.253423611000073, 14.025820886000076], [28.30688276500007, 14.005305432000057], [28.32446089000007, 13.991511486000036], [28.36584272600004, 13.987055920000046], [28.486234182000032, 13.933907968000028], [28.497068312000067, 13.93389429900003], [28.600034621000077, 13.897700451000048], [28.638047698000037, 13.859687375000021], [28.65948286300005, 13.859492443000022], [28.66940617100005, 13.867650255000058], [28.67407026500007, 13.866877697000064], [28.678031490000023, 13.859320899000068], [28.703672316000052, 13.859065197000064], [28.710081007000042, 13.842707775000065], [28.732664016000058, 13.849482678000072], [28.744443800000056, 13.827510021000023], [28.74706784500006, 13.811887714000022], [28.76727094900008, 13.810908459000075], [28.801450636000027, 13.857661389000043], [28.871641066000052, 13.857295178000072], [28.871641066000052, 13.776301525000065], [28.959653762000073, 13.741511486000036], [28.99206343000003, 13.71868433800006], [29.02685346800007, 13.712458752000032], [29.074818153000024, 13.688659481000059], [29.106626418000076, 13.687312267000038], [29.219236281000065, 13.550898693000022], [29.268430617000035, 13.528254650000065], [29.25964155400004, 13.502070568000022], [29.284238722000055, 13.493708752000032], [29.301877882000042, 13.479304455000033], [29.381833937000067, 13.436091564000037], [29.39367475800003, 13.433467053000072], [29.40203657400008, 13.438655041000061], [29.411252882000042, 13.438655041000061], [29.415037062000067, 13.428889416000061], [29.51586714000007, 13.407466076000048], [29.527280714000028, 13.355891369000062], [29.520078566000052, 13.255305432000057], [29.532041457000048, 13.16509547100003], [29.546079544000065, 13.100703381000073], [29.564850085000046, 13.088088114000072], [29.587644485000055, 13.088679455000033], [29.637228282000024, 13.002319483000065], [29.634873905000063, 12.998701845000028], [29.72326460100004, 12.877070568000022], [29.788330078000058, 12.745727539000029], [29.80572509800004, 12.737915039000029], [29.84368896500007, 12.73132324200003], [29.85968017600004, 12.724304199000073], [29.93072509800004, 12.725280762000068], [29.971496582000043, 12.720092773000033], [30.009277344000054, 12.708496094000054], [30.012084961000028, 12.698730469000054], [30.00170898400006, 12.671508789000029], [30.00347900400004, 12.64428710900006], [30.036034448000066, 12.594772779000039], [30.035888672000056, 12.548522949000073], [30.038879395000038, 12.529724121000072], [30.044311523000033, 12.519714355000076], [30.030090332000043, 12.487670898000033], [30.030517578000058, 12.476074219000054], [30.040710449000073, 12.446716309000067], [30.050292969000054, 12.443481445000032], [30.070922852000024, 12.447082520000038], [30.135681152000075, 12.489929199000073], [30.22650146500007, 12.526489258000026], [30.270324707000043, 12.533081055000025], [30.328918457000043, 12.536682129000042], [30.35949707000003, 12.526672363000046], [30.373718262000068, 12.514282227000024], [30.369873047000056, 12.510314941000047], [30.379699707000043, 12.498718262000068], [30.406127930000025, 12.474670410000044], [30.412719727000024, 12.471130371000072], [30.416076660000044, 12.472717285000044], [30.414306641000053, 12.473876953000058], [30.420715332000043, 12.47351074200003], [30.44970703100006, 12.450317383000026], [30.506286621000072, 12.311279297000056], [30.563279127000044, 12.259081132000063], [30.56261413800007, 12.253925224000056], [30.589444549000063, 12.256624763000048], [30.591491699000073, 12.259887695000032], [30.621093750000057, 12.259887695000032], [30.71087646500007, 12.268920898000033], [30.811279297000056, 12.314880371000072], [30.84490966800007, 12.327270508000026], [30.88970947300004, 12.339294434000067], [30.919311523000033, 12.341491699000073], [30.928283691000047, 12.345520020000038], [30.94311523400006, 12.377685547000056], [30.958496094000054, 12.381530762000068], [31.021301270000038, 12.383483887000068], [31.024719238000046, 12.40350341800007], [31.02069091800007, 12.419494629000042], [31.02709960900006, 12.448303223000039], [31.02709960900006, 12.472473145000038], [31.01287841800007, 12.531494141000053], [31.00207519500003, 12.56048584000007], [30.976074219000054, 12.600280762000068], [30.987121582000043, 12.610717773000033], [31.01910400400004, 12.604492187000062], [31.034301758000026, 12.605529785000044], [31.12072753900003, 12.622070312000062], [31.175109863000046, 12.608520508000026], [31.194091797000056, 12.61108398400006], [31.208679199000073, 12.61767578100006], [31.241882324000073, 12.615905762000068], [31.269897461000028, 12.624877930000025], [31.299926758000026, 12.627502441000047], [31.336486816000047, 12.64288330100004], [31.360717773000033, 12.648498535000044], [31.391723633000026, 12.654479980000076], [31.437927246000072, 12.658325195000032], [31.54309082000003, 12.63452148400006], [31.664489746000072, 12.601684570000032], [31.680908203000058, 12.602111816000047], [31.668884277000075, 12.717895508000026], [31.695678711000028, 12.776123047000056], [31.686523437000062, 12.865905762000068], [31.708679199000073, 12.920898437000062], [31.73608398400006, 12.953674316000047], [31.737670898000033, 12.968872070000032], [31.731079102000024, 12.987670898000033], [31.74127197300004, 13.011108398000033], [31.762329102000024, 13.02709960900006], [31.782502642000054, 13.033111606000034], [31.833679199000073, 13.083496094000054], [31.847900391000053, 13.105285645000038], [31.94311523400006, 13.153076172000056], [31.97027587900004, 13.161682129000042], [31.994323730000076, 13.15991210900006], [32.026123047000056, 13.222900391000053], [32.01629638700007, 13.26147460900006], [31.990905762000068, 13.31671142600004], [31.98291015600006, 13.379699707000043], [32.023498535000044, 13.416076660000044], [32.024902344000054, 13.450683594000054], [32.03526776800004, 13.475494531000038], [32.016723633000026, 13.497924805000025], [31.977478027000075, 13.493530273000033], [31.96588134800004, 13.500671387000068], [31.95092773400006, 13.530517578000058], [31.95288085900006, 13.556274414000029], [31.873448677000056, 13.623791502000074], [31.786499023000033, 13.872497559000067], [31.59387207000003, 14.007873535000044], [31.56170654300007, 14.070495605000076], [31.535120565000057, 14.169583255000077], [31.529479980000076, 14.306518555000025], [31.58752441400003, 14.439697266000053], [31.600708008000026, 14.510681152000075], [31.603698730000076, 14.568908691000047], [31.60168457000003, 14.599487305000025], [31.60772705100004, 14.613525391000053], [31.690673828000058, 14.676696777000075], [31.692687988000046, 14.69451904300007], [31.703674316000047, 14.698486328000058], [31.762695312000062, 14.663330078000058], [31.87847900400004, 14.757324219000054], [31.901123047000056, 14.852478027000075], [31.89251709000007, 14.858886719000054], [31.89410400400004, 14.882507324000073], [31.91027832000003, 14.883728027000075], [31.93127441400003, 14.880676270000038], [31.95428466800007, 14.966918945000032], [32.04327392600004, 14.96728515600006], [32.04931640600006, 14.968322754000042], [32.05230712900004, 14.981079102000024], [32.07208252000004, 14.987121582000043], [32.07128906200006, 15.026306152000075], [32.043884277000075, 15.027893066000047], [32.04290771500007, 15.050903320000032], [32.35192871100003, 15.17749023400006], [32.35571289100005, 15.187927246000072], [32.23364057800006, 15.437068127000032], [32.22363081200007, 15.444697521000023], [32.09985151500007, 15.721064709000075], [32.00543012900005, 15.841059826000048], [31.994443800000056, 15.87407984600003], [31.977231886000027, 15.904292248000047], [31.697874582000054, 16.527887090000036]]]}}, {"type": "Feature", "properties": {"name": "Northern", "country": "SDN"}, "geometry": {"type": "Polygon", "coordinates": [[[31.885681152000075, 16.630126953000058], [32.03350830100004, 16.84210205100004], [32.38452148400006, 17.328125], [32.30548095700004, 17.52691650400004], [32.197875977000024, 17.84527587900004], [32.18389892600004, 17.854125977000024], [32.26770019500003, 18.059692383000026], [32.26452636700003, 18.060729980000076], [32.33911132800006, 18.202270508000026], [32.477478027000075, 18.336486816000047], [32.552917480000076, 18.39111328100006], [32.65270996100003, 18.49072265600006], [32.65368652300003, 18.496704102000024], [32.259277344000054, 18.891296387000068], [32.316284180000025, 19.633728027000075], [32.39428710900006, 21.306091309000067], [32.40813755200003, 21.99839486700006], [31.407921217000023, 21.99969186800007], [31.413321217000032, 22.03389186800007], [31.43272121700005, 22.076491868000062], [31.45582121700005, 22.11549186800005], [31.49462121700003, 22.149291868000034], [31.515821217000052, 22.185791868000024], [31.494421217000024, 22.199791868000034], [31.485921217000055, 22.21829186800005], [31.47352121700004, 22.22539186800003], [31.41502121700006, 22.18459186800004], [31.377821217000076, 22.14379186800005], [31.349821217000056, 22.103691868000055], [31.34052121700006, 22.055191868000065], [31.318021217000023, 22.001291868000067], [31.305321217000028, 21.999891868000077], [30.896021217000055, 21.996091868000065], [29.681121217000054, 21.999891868000077], [24.998821217000057, 22.000391868000065], [25.00092121700004, 21.74959186800004], [24.997821217000023, 21.20109186800005], [24.998821217000057, 20.660491868000065], [25.002864630000033, 20.020535996000035], [27.49628294100006, 20.00833191600003], [27.492571300000066, 16.52625963500003], [31.33461191500004, 16.524653430000058], [31.697874582000054, 16.527887090000036], [31.885681152000075, 16.630126953000058]]]}}, {"type": "Feature", "properties": {"name": "Red Sea", "country": "SDN"}, "geometry": {"type": "Polygon", "coordinates": [[[37.00323611500005, 17.073266210000043], [37.03489179300004, 17.104049201000066], [37.043884277000075, 17.10168457000003], [37.05572121700004, 17.092091868000068], [37.06725037900003, 17.092943688000048], [37.069521217000045, 17.089191868000057], [37.076721217000056, 17.087291868000023], [37.083821217000036, 17.086791868000034], [37.09622121700005, 17.091591868000023], [37.11730957000003, 17.081481934000067], [37.11992121700007, 17.07129186800006], [37.127121217000024, 17.061091868000062], [37.134321217000036, 17.060591868000074], [37.17382121700007, 17.066791868000053], [37.19662121700003, 17.06589186800005], [37.20752121700008, 17.07549186800003], [37.22232121700006, 17.082091868000077], [37.24942121700008, 17.07729186800003], [37.26922121700005, 17.08469186800005], [37.28652121700003, 17.084891868000057], [37.29802121700004, 17.089191868000057], [37.307521217000044, 17.09729186800007], [37.314621217000024, 17.097991868000065], [37.343221217000064, 17.081591868000032], [37.35532121700004, 17.065691868000044], [37.38092121700004, 17.05499186800006], [37.394621217000065, 17.05299186800005], [37.398921217000066, 17.058491868000033], [37.40622121700005, 17.083091868000054], [37.41072121700006, 17.086791868000034], [37.41122121700005, 17.09729186800007], [37.41822121700005, 17.104191868000044], [37.43552121700003, 17.10299186800006], [37.45412121700008, 17.130591868000067], [37.45732121700007, 17.141291868000053], [37.46432121700008, 17.149091868000028], [37.47212121700005, 17.180591868000022], [37.47982121700005, 17.189091868000048], [37.505021217000035, 17.195091868000077], [37.51162121700003, 17.204391868000073], [37.50122121700008, 17.217591868000056], [37.49072121700004, 17.223891868000067], [37.49402121700007, 17.236691868000037], [37.501621217000036, 17.238191868000058], [37.502821217000076, 17.24189186800004], [37.49882121700006, 17.24849186800003], [37.499921217000065, 17.25529186800003], [37.51322121700008, 17.260091868000075], [37.51592121700003, 17.268091868000056], [37.506421217000025, 17.280991868000058], [37.49902121700006, 17.309191868000028], [37.50052121700003, 17.314591868000036], [37.507621217000064, 17.320291868000027], [37.51162121700003, 17.33379186800005], [37.52832121700004, 17.34329186800005], [37.61162121700005, 17.375691868000047], [37.745121217000076, 17.381891868000025], [37.74912121700004, 17.387091868000027], [37.76012121700006, 17.381691868000075], [37.76432121700003, 17.38469186800006], [37.766721217000054, 17.404691868000043], [37.77202121700003, 17.414691868000034], [37.771821217000024, 17.430591868000022], [37.78482121700006, 17.44279186800003], [37.78052121700006, 17.46799186800007], [37.77292121700003, 17.48369186800005], [37.77912121700007, 17.483191868000063], [37.78862121700007, 17.493191868000054], [37.795021217000055, 17.48989186800003], [37.79862121700006, 17.49369186800004], [37.82142121700008, 17.50079186800002], [37.83912121700007, 17.502691868000056], [37.85572121700005, 17.492291868000052], [37.86022121700006, 17.482691868000074], [37.860921217000055, 17.467091868000068], [37.86672121700008, 17.456591868000032], [37.87552121700003, 17.45289186800005], [37.914721221000036, 17.457491873000038], [37.97722121700008, 17.489491868000073], [37.972521217000065, 17.50589186800005], [38.00372121700008, 17.558891868000046], [38.00802121700008, 17.558391868000058], [38.01322121700008, 17.547491868000066], [38.02452121700003, 17.54619186800005], [38.06112121700005, 17.565691868000044], [38.06742121700006, 17.55669186800003], [38.07112121700004, 17.48229186800006], [38.097821217000046, 17.47969186800003], [38.10942121700003, 17.475591868000038], [38.10342121700006, 17.49509186800003], [38.10172121700003, 17.51849186800007], [38.10982121700005, 17.533191868000074], [38.10962121700004, 17.554791868000052], [38.11272121700006, 17.56269186800006], [38.13082121700006, 17.571791868000048], [38.163421217000064, 17.570891868000047], [38.17792121700006, 17.58129186800005], [38.18792121700005, 17.56839186800005], [38.196821217000036, 17.544391868000048], [38.21412121700007, 17.563191868000047], [38.238221217000046, 17.55249186800006], [38.26552121700007, 17.56219186800007], [38.26692121700006, 17.57729186800003], [38.271821217000024, 17.579691868000054], [38.27642121700006, 17.593091868000045], [38.28122121700005, 17.62549186800004], [38.29452121700007, 17.637891868000054], [38.34542121700008, 17.649291868000034], [38.35682121700006, 17.67169186800004], [38.35282121700004, 17.67889186800005], [38.35442121700004, 17.684991868000054], [38.384921217000056, 17.726391868000064], [38.38872121700007, 17.736891868000043], [38.38822121700008, 17.75399186800007], [38.45202121700004, 17.900391868000042], [38.54722121700007, 17.990091868000036], [38.56113142500004, 18.000990940000065], [38.56662121700003, 18.00049186800004], [38.56718109700006, 18.000502635000032], [38.566611744000056, 18.000502635000032], [38.56164918800005, 18.000977775000024], [38.56716564000004, 18.000502936000032], [38.57308168000003, 18.010530827000025], [38.58236446900003, 18.016185859000075], [38.57959030200004, 18.025788744000067], [38.57372187200008, 18.029309802000057], [38.568054036000035, 18.02296763000004], [38.55750366600006, 18.028776308000033], [38.55558308900004, 18.035925123000027], [38.56523459300007, 18.040337574000034], [38.55547639100007, 18.04200695000003], [38.55963764100005, 18.044674418000056], [38.56185623600004, 18.042164313000058], [38.56132439800007, 18.054382334000024], [38.54777866100005, 18.072095989000047], [38.54282925800004, 18.084860241000058], [38.51307031700003, 18.103105305000042], [38.50723523100004, 18.11627592900004], [38.50420444400004, 18.115109235000034], [38.50245254400005, 18.106741815000078], [38.50766078100003, 18.106042368000033], [38.50662046300005, 18.10048993600003], [38.516878973000075, 18.09656123700006], [38.516779765000024, 18.074961434000045], [38.52667857200004, 18.06818856500007], [38.52407362300005, 18.065062626000042], [38.51782174500005, 18.06923054500004], [38.50036858500005, 18.05281936500006], [38.48343641500003, 18.06063421300007], [38.487864828000056, 18.065583616000026], [38.487864828000056, 18.07105401000007], [38.47961360000005, 18.072522784000057], [38.479720298000075, 18.080525188000024], [38.46805679400006, 18.079931677000047], [38.45888737300004, 18.08676706400007], [38.459220806000076, 18.095769768000025], [38.45455273700003, 18.10577277300007], [38.46950258100003, 18.09918847800003], [38.46638962700007, 18.094269317000055], [38.47255814700003, 18.091935283000055], [38.48172756800005, 18.098937387000035], [38.47705949900006, 18.103605456000025], [38.47889338300007, 18.108273525000072], [38.47622591500004, 18.106272924000052], [38.46572276000006, 18.11277487700005], [38.46438902600005, 18.122444449000056], [38.46138812400005, 18.124611766000044], [38.45672005500006, 18.119943697000053], [38.455219604000035, 18.12611221700007], [38.45188526900006, 18.106439640000076], [38.440048380000064, 18.101271421000035], [38.42887835700003, 18.110940993000042], [38.42025442900007, 18.112785349000035], [38.41954221900005, 18.107606658000066], [38.41687475100008, 18.114608761000056], [38.41220668200003, 18.113275027000043], [38.40520457800005, 18.12094399800003], [38.40487114500007, 18.136782089000064], [38.39820247500006, 18.14411762700007], [38.397535608000055, 18.15445406500004], [38.39353440600007, 18.15612123300002], [38.39736889100004, 18.163956920000032], [38.40270382700004, 18.161289452000062], [38.40503786200003, 18.163290053000026], [38.40620487900003, 18.17329305800007], [38.402366966000045, 18.18310731100007], [38.390533504000075, 18.190965034000044], [38.38202246600008, 18.20146693600003], [38.36614384100005, 18.205932811000025], [38.35225009100003, 18.202459436000026], [38.34728796600007, 18.196008686000027], [38.34679171600004, 18.18955793600003], [38.357212091000065, 18.187573186000066], [38.36564759100003, 18.17814518600005], [38.34133346600004, 18.173183186000074], [38.313545841000064, 18.18707693600004], [38.29717096600007, 18.188565561000075], [38.29270509100007, 18.194023811000022], [38.26888721600005, 18.20642906100005], [38.26987959100006, 18.223796186000072], [38.278315091000024, 18.23669768600007], [38.28228471600005, 18.237690186000066], [38.28228471600005, 18.242155936000074], [38.276330216000076, 18.252080186000057], [38.26640609100008, 18.25853081100007], [38.26789471600006, 18.26150806100003], [38.29121646600004, 18.26150806100003], [38.28823921600008, 18.255057436000072], [38.29072034100005, 18.254064936000077], [38.31304959100004, 18.253568811000036], [38.31850796600003, 18.257042186000035], [38.31801171600006, 18.262004311000055], [38.30213309100003, 18.270936061000043], [38.31205721600003, 18.274905686000068], [38.314538216000074, 18.28185256100005], [38.31156096600006, 18.28681468600007], [38.30213309100003, 18.28731093600004], [38.29915584100007, 18.283837436000056], [38.300148216000025, 18.273417061000032], [38.29320134100004, 18.282348811000077], [38.28774309100004, 18.298227436000047], [38.281788591000065, 18.30170093600003], [38.275337841000066, 18.30070831100005], [38.27037584100003, 18.293761561000053], [38.27186446600007, 18.287807061000024], [38.28377334100003, 18.27689043600003], [38.283277216000045, 18.273417061000032], [38.275337841000066, 18.272920811000063], [38.26392509100003, 18.278875311000036], [38.246557841000026, 18.265973936000023], [38.24705396600007, 18.254561186000046], [38.25797059100006, 18.250095311000052], [38.25697821600005, 18.240171186000055], [38.234152590000065, 18.223796186000072], [38.21430434000007, 18.222803936000048], [38.205868715000065, 18.228758436000078], [38.197433215000046, 18.227269811000042], [38.19693709000006, 18.23620156100003], [38.189493965000054, 18.240171186000055], [38.19247121500007, 18.246125686000028], [38.189493965000054, 18.25158393600003], [38.18006596500004, 18.249599061000026], [38.17907359000003, 18.244140811000022], [38.18999009000004, 18.231735686000036], [38.188005340000075, 18.22925456100006], [38.16914946500003, 18.23471293600005], [38.159225340000035, 18.231735686000036], [38.15426321500007, 18.23669768600007], [38.15475946500004, 18.242155936000074], [38.16319496500006, 18.25158393600003], [38.15426321500007, 18.25753843600006], [38.14830871500004, 18.246125686000028], [38.13639971500004, 18.255553561000056], [38.11853621500006, 18.262996686000065], [38.09968046500006, 18.28830331100005], [38.100176590000046, 18.294257811000023], [38.10365009000003, 18.28681468600007], [38.10712346500003, 18.286318436000045], [38.11258171500003, 18.293761561000053], [38.10563484000005, 18.30269331100004], [38.108612090000065, 18.30765543600006], [38.094940794000024, 18.308316045000026], [38.08680032800004, 18.322968884000034], [38.09231896500006, 18.330487186000028], [38.08639330500006, 18.336807677000024], [38.080694978000054, 18.352681587000063], [38.08639330500006, 18.38402238200007], [38.09778995800008, 18.397047129000043], [38.11952871500006, 18.403423436000026], [38.12139731000008, 18.41129294500007], [38.11407089000005, 18.417805318000035], [38.08842842100006, 18.431644111000026], [38.075403675000075, 18.43530732100004], [38.06563511500008, 18.44426183400003], [38.03307324900004, 18.461356814000055], [38.00783780300003, 18.486999283000046], [37.99806924400008, 18.49269760900006], [37.99237091700007, 18.507350449000057], [37.97283379800007, 18.53462101200006], [37.93091039600006, 18.57247418000003], [37.87049185400008, 18.59933772000005], [37.861374531000024, 18.59907722500003], [37.80276317300007, 18.617311870000037], [37.79104090100003, 18.632941565000067], [37.76994081200007, 18.649613240000065], [37.76629388300006, 18.66159600700007], [37.76889883300004, 18.66602442100003], [37.753327340000055, 18.679811062000056], [37.745193794000045, 18.682175106000045], [37.74538809000006, 18.68824668700006], [37.75092468300005, 18.69389737800003], [37.73972340100005, 18.709006084000066], [37.72826162400003, 18.71109004300007], [37.714127090000034, 18.705613937000066], [37.697523223000076, 18.710308558000065], [37.68088109000007, 18.718515312000022], [37.68385834000003, 18.723973562000026], [37.678400090000025, 18.72695081200004], [37.67616263900004, 18.73583706100004], [37.66808729600007, 18.732190132000028], [37.66202521500003, 18.723973562000026], [37.641680715000064, 18.718019062000053], [37.63870346500005, 18.714545687000054], [37.630764215000056, 18.718515312000022], [37.62629834000006, 18.712064562000023], [37.61880165600007, 18.717456539000068], [37.56845319700005, 18.709120701000074], [37.56245139400005, 18.714955788000054], [37.55895034200006, 18.71328862000007], [37.55461570600005, 18.716956389000075], [37.54244538300003, 18.71712310500004], [37.53327596200006, 18.72295819200008], [37.523606390000054, 18.737962700000026], [37.50276679600006, 18.748632572000076], [37.49993261100008, 18.755634675000067], [37.49293050800003, 18.759469161000027], [37.49109662400008, 18.76630454700006], [37.48242735200006, 18.774807102000068], [37.48326093600008, 18.783476373000042], [37.47242434700007, 18.79231236100003], [37.458580090000055, 18.81527581200004], [37.449152215000026, 18.824207562000026], [37.44473447000007, 18.823263241000063], [37.44716734000008, 18.825696187000062], [37.441910379000035, 18.833645812000043], [37.428311465000036, 18.84504818700003], [37.42657724000003, 18.85716517800006], [37.41789109000007, 18.87134706200004], [37.412929090000034, 18.870354812000073], [37.40945559000005, 18.87333206200003], [37.41656050900008, 18.91020470500007], [37.40942542100004, 18.925685763000047], [37.40992740300004, 18.933981343000028], [37.39790195900008, 18.94382454600003], [37.39491439500006, 18.96153653400006], [37.39694167000005, 18.979141823000077], [37.40142772200005, 18.978691844000025], [37.40234868500005, 18.96503563300007], [37.40739814500006, 18.98394326500005], [37.40547756800004, 18.994613137000044], [37.403997340000046, 18.992918062000058], [37.40300484000005, 18.99887256200003], [37.39523449100005, 18.997600701000067], [37.39459429800007, 19.00880406700003], [37.391592090000074, 19.009789187000024], [37.39288711900008, 19.02406198400007], [37.38061676600006, 19.039319902000045], [37.382164215000046, 19.046508562000042], [37.37678972300006, 19.062628262000032], [37.375010907000046, 19.059286132000068], [37.368026317000044, 19.060766345000047], [37.36973349600004, 19.072076409000033], [37.373728465000056, 19.074792312000056], [37.36706602800007, 19.075704166000037], [37.364078464000045, 19.08157259500007], [37.36727796500003, 19.09563293700006], [37.357850090000056, 19.10903068700003], [37.354417744000045, 19.11981153000005], [37.35720089400007, 19.123784649000072], [37.34231192500005, 19.11646307700005], [37.34220522600003, 19.107820481000033], [37.33655019400004, 19.104726218000053], [37.329187982000064, 19.111021443000027], [37.33505641200003, 19.127986539000062], [37.33612339900003, 19.122651603000065], [37.34220522600003, 19.120731026000044], [37.35084782300004, 19.123825289000024], [37.35788460800006, 19.134347387000048], [37.35138131600007, 19.140043495000043], [37.33879086700006, 19.138869809000028], [37.33943105900005, 19.163837310000076], [37.336038821000045, 19.16757855000003], [37.32995981800008, 19.191726252000024], [37.33569660400008, 19.208437376000063], [37.33132195600007, 19.23372497300005], [37.321719072000064, 19.258905871000024], [37.32699997800006, 19.258508865000067], [37.325026732000026, 19.266694878000067], [37.32854779000007, 19.295716930000026], [37.327497668000035, 19.29811355800007], [37.32310615500006, 19.296570520000046], [37.32267936000005, 19.280565711000065], [37.31670423200006, 19.315349495000078], [37.309717840000076, 19.32190368700003], [37.308725465000066, 19.327858062000075], [37.31567234000005, 19.328850687000056], [37.31815334000004, 19.33530131200007], [37.32013821500004, 19.330835437000076], [37.32063446500007, 19.340263437000033], [37.32510034000006, 19.33678993700005], [37.32609271500007, 19.35018756200003], [37.313687465000044, 19.38541831200007], [37.31418371500007, 19.39186906200007], [37.311206465000055, 19.398319687000026], [37.30674059000006, 19.40030456200003], [37.309221715000035, 19.40377793700003], [37.30723684000003, 19.42114531200008], [37.29979371500008, 19.42958081200004], [37.29979371500008, 19.443970812000032], [37.281252331000076, 19.47981057000004], [37.29086196500003, 19.469773562000057], [37.29582508500005, 19.472203549000028], [37.29673384100005, 19.482439493000072], [37.282294311000044, 19.497784720000027], [37.279428866000046, 19.509767486000044], [37.27399096500005, 19.506492937000075], [37.27597571500007, 19.511951312000065], [37.26357059000003, 19.52038693700007], [37.26952509000006, 19.522371562000046], [37.26902884000003, 19.527333687000066], [37.24570709000005, 19.555617562000066], [37.24918059000004, 19.568022687000052], [37.24620334000008, 19.574969562000035], [37.24124121500006, 19.57447343700005], [37.243226090000064, 19.580427937000024], [37.237271590000034, 19.600276188000066], [37.24074496500003, 19.617643438000073], [37.24024884000005, 19.651881813000045], [37.23657349200005, 19.65635860900005], [37.232518940000034, 19.656038513000055], [37.238263965000044, 19.659821063000038], [37.23551984200003, 19.66474112800006], [37.23998785100008, 19.668842360000042], [37.23810284600006, 19.674808361000032], [37.241268235000064, 19.68420697600004], [37.24745676100008, 19.682286399000077], [37.248950543000035, 19.675457680000022], [37.244218465000074, 19.662798313000053], [37.24669946500006, 19.659821063000038], [37.26119422200003, 19.684413704000065], [37.25997543600005, 19.692980558000045], [37.25769317000004, 19.687581323000074], [37.257526453000025, 19.698918062000075], [37.26195760400003, 19.702189802000078], [37.26286138900008, 19.708587634000025], [37.260097090000045, 19.738221938000038], [37.26406671500007, 19.766505813000038], [37.261585715000024, 19.784369063000042], [37.25315021500006, 19.780399438000074], [37.266022339000074, 19.80509662700007], [37.26772951800007, 19.824515795000025], [37.26357059000003, 19.83398993800006], [37.26922330000008, 19.84393496200005], [37.26636444300004, 19.84577091500006], [37.26410176200005, 19.83817323100004], [37.26218118500003, 19.84126749400008], [37.25908692200005, 19.83358518600005], [37.25588596000006, 19.833478487000036], [37.25449887700006, 19.838066532000028], [37.25855342800003, 19.84084069900007], [37.25960071500003, 19.846891438000057], [37.253538588000026, 19.84937659700006], [37.25823333200003, 19.86079336000006], [37.252034509000055, 19.869226558000037], [37.25343189000006, 19.87263691800007], [37.25055102400006, 19.873063713000022], [37.23913426100006, 19.89365656600006], [37.23491947400004, 19.89229292400006], [37.23454621600007, 19.89653743200006], [37.22940958100003, 19.897861566000074], [37.22814429300007, 19.900378586000045], [37.23301596500005, 19.90210881300004], [37.22457201900005, 19.91226909100004], [37.218479079000076, 19.939180847000046], [37.212212039000065, 19.943339759000025], [37.21152916800003, 19.93657932800005], [37.20470044900003, 19.942930036000064], [37.212348614000064, 19.946822405000034], [37.20866110600008, 19.964645360000077], [37.20219748000005, 19.96879384400006], [37.19614496300005, 19.983216407000043], [37.19485429100007, 20.002702660000068], [37.18741595500006, 20.002898249000054], [37.183330829000056, 19.99854141000003], [37.18055666300006, 20.004516538000075], [37.183330829000056, 20.006970609000064], [37.18923371500006, 20.004901563000033], [37.19304096500008, 20.01251581300005], [37.18970971500005, 20.020605938000074], [37.18258393800005, 20.026496475000044], [37.18215714400003, 20.035672565000027], [37.20146961200004, 20.05317115500003], [37.19568927300003, 20.03412620200004], [37.198792242000025, 20.03622398400006], [37.21301308000005, 20.059693115000073], [37.212012780000066, 20.06619506800007], [37.21684756500008, 20.075697923000064], [37.21847305400007, 20.08988968700004], [37.21534711500004, 20.12401452200004], [37.21743107400005, 20.129745410000055], [37.208053257000074, 20.17741598200007], [37.21414232600006, 20.178995232000034], [37.205187813000066, 20.203823655000065], [37.205187813000066, 20.222953751000034], [37.20152460300005, 20.224988868000025], [37.19948948600006, 20.219697564000057], [37.19338413600008, 20.21644137800007], [37.19460520600006, 20.232722311000032], [37.199766691000036, 20.239749328000073], [37.203559719000054, 20.231908264000026], [37.206001859000025, 20.242897894000066], [37.20640888300005, 20.276680829000043], [37.20233864900007, 20.29092664600006], [37.19294455100004, 20.30636097000007], [37.19633098500003, 20.310528889000068], [37.19424702600003, 20.335796897000023], [37.19138158100003, 20.335796897000023], [37.19007910700003, 20.331368483000062], [37.187734653000064, 20.333452442000066], [37.193726036000044, 20.357678471000042], [37.18903712700006, 20.37122420700007], [37.208053257000074, 20.397013204000075], [37.20753226700003, 20.40352557700004], [37.198935934000076, 20.425928141000043], [37.191121087000056, 20.43634793800004], [37.188505717000055, 20.45314465100006], [37.19184005300008, 20.46131377200004], [37.20247128900007, 20.46578809500005], [37.20570880200006, 20.460052976000043], [37.20909523600005, 20.462657926000077], [37.21775981500008, 20.46356985700004], [37.22107800300006, 20.45979248200007], [37.23494706400004, 20.463263341000072], [37.23462373900003, 20.477506136000045], [37.23071631500005, 20.481674055000042], [37.24113611200005, 20.542629868000063], [37.23722868800007, 20.56659540100003], [37.232539780000025, 20.569721340000058], [37.22264097300007, 20.597594297000057], [37.20816525400005, 20.617381645000023], [37.212742165000066, 20.618694386000072], [37.207792762000054, 20.62911418300007], [37.20753226700003, 20.651256252000053], [37.199977914000044, 20.66011308000003], [37.192684056000076, 20.662457534000055], [37.18721366300008, 20.686423067000078], [37.179919805000054, 20.686944057000062], [37.17894527300007, 20.692035717000067], [37.182263842000054, 20.696884543000067], [37.17889229600007, 20.70843810100007], [37.18367072900003, 20.729890641000054], [37.17702775200007, 20.746279564000076], [37.178535762000024, 20.752109834000066], [37.17266762600008, 20.749733754000033], [37.18077006000004, 20.76015688500007], [37.176715509000076, 20.784484194000072], [37.16871310500005, 20.779149258000075], [37.176335395000024, 20.787578457000052], [37.171667325000044, 20.80074908000006], [37.17000015800005, 20.792579959000022], [37.16819753300007, 20.795570441000052], [37.171844462000024, 20.845585467000035], [37.16871852300005, 20.85261883000004], [37.17262594700003, 20.858349718000056], [37.16897901800007, 20.863299122000058], [37.16816627400004, 20.88860880900006], [37.158496702000036, 20.898111664000055], [37.16266462100003, 20.915116773000022], [37.158496702000036, 20.926953662000074], [37.15432878300004, 20.92478634400004], [37.15433302100007, 20.92877431900007], [37.15749640100006, 20.929787847000057], [37.15566251700005, 20.933288899000047], [37.153828633000046, 20.930788147000044], [37.148326980000036, 20.93228859800007], [37.15549580000004, 20.935622933000047], [37.152661616000046, 20.942958470000065], [37.14415906100004, 20.950794158000065], [37.143325478000065, 20.965631949000056], [37.13282232200004, 20.97830242200007], [37.134656206000045, 20.985471242000074], [37.12865440300004, 20.98847214400007], [37.129988137000055, 20.99430723000006], [37.11729285700005, 21.00998554000006], [37.11088239700007, 21.011432375000027], [37.10778813500008, 21.019114683000055], [37.111415891000036, 21.02690369000004], [37.10842832700007, 21.03106494000008], [37.09487758900008, 21.037573562000034], [37.09124983300006, 21.059340101000032], [37.09359720500004, 21.060513787000048], [37.09327710800005, 21.07363773000003], [37.10181300600004, 21.077478884000072], [37.11359167300003, 21.068917115000033], [37.125653502000034, 21.074831422000045], [37.12599735500004, 21.08289634500005], [37.13165530500004, 21.087668612000073], [37.12698723600005, 21.08783532800004], [37.125476365000054, 21.102693959000078], [37.117799767000065, 21.110883774000058], [37.125476365000054, 21.118063160000077], [37.12912329400007, 21.127961967000033], [37.11950148200003, 21.13732077700007], [37.124173891000055, 21.14749908600004], [37.13407863100008, 21.15157219300005], [37.13511467700005, 21.154792944000064], [37.10279756800003, 21.159741732000043], [37.09796421400006, 21.174411814000052], [37.099758648000034, 21.181511146000048], [37.09747837100008, 21.189032397000062], [37.109085579000066, 21.201695019000056], [37.10914854300006, 21.206537656000023], [37.131488588000025, 21.221875598000054], [37.146826529000066, 21.224209632000054], [37.16183103700007, 21.217707679000057], [37.172834343000034, 21.19986898600007], [37.174001360000034, 21.191699865000032], [37.15981115000005, 21.166751471000055], [37.16316477100003, 21.162524434000034], [37.16383163800003, 21.147353209000073], [37.17350121000004, 21.145519325000066], [37.18083674700006, 21.14018438900007], [37.17933629600003, 21.152354712000033], [37.18167033100008, 21.159523532000037], [37.19450752100005, 21.162357717000077], [37.20000917300007, 21.159523532000037], [37.20267664100004, 21.146686342000066], [37.194007370000065, 21.14635290900003], [37.19734170500004, 21.139850955000043], [37.19350722000007, 21.138017071000036], [37.19473146000007, 21.13574484800006], [37.19916918800004, 21.13590710400007], [37.202446972000075, 21.132083022000074], [37.20866110600008, 21.134063350000076], [37.20434380900008, 21.137850354000022], [37.20475557900005, 21.142357262000075], [37.21101247900003, 21.143852157000026], [37.21734771600006, 21.143018574000052], [37.21634741500003, 21.139017371000023], [37.22092967400005, 21.133249850000027], [37.22568355300007, 21.136683337000022], [37.235686558000054, 21.13735020400003], [37.24068806100007, 21.12101196200007], [37.23401939100006, 21.119011361000048], [37.23351924100007, 21.106507605000047], [37.23968776100003, 21.10150610200003], [37.24752344800004, 21.08283382600007], [37.25720173700006, 21.07129343500003], [37.260694071000046, 21.072163954000075], [37.27003021000007, 21.063994833000038], [37.28220053200005, 21.048656892000054], [37.27269767800004, 21.049823909000054], [37.28019993100003, 21.04415553900003], [37.25780778800004, 21.052157943000054], [37.23332126500003, 21.07169506300005], [37.21821255900005, 21.102693959000078], [37.214305135000075, 21.097744555000077], [37.19815445000006, 21.10581989800005], [37.210918701000026, 21.089408718000072], [37.21051232900004, 21.07733217300006], [37.21568054800008, 21.07533157200004], [37.240354628000034, 21.024482962000036], [37.24485598000007, 21.021315344000072], [37.25502570200007, 20.995307531000037], [37.25819332000003, 21.001476051000054], [37.25535913500005, 21.016647275000025], [37.26352825600003, 21.019648177000022], [37.263861690000056, 21.02264907800003], [37.28903591900007, 21.01698070900005], [37.29553787300006, 21.01998161000006], [37.29870549100008, 21.027317147000076], [37.29470428900004, 21.027150430000063], [37.28537140700007, 21.036186348000058], [37.286999500000036, 21.043512768000028], [37.30043127000005, 21.029266952000057], [37.31460823400005, 21.056399811000063], [37.32281755300005, 21.06549202700006], [37.28903461700003, 21.08869235700007], [37.27125278500006, 21.134685992000072], [37.25535343700005, 21.148677419000023], [37.24454188000004, 21.16712066300005], [37.23373032300003, 21.174752350000063], [37.21528707900006, 21.200191308000058], [37.15359760600006, 21.24661740600004], [37.119712915000036, 21.28406355100003], [37.092035329000055, 21.319881604000045], [37.09284937600006, 21.324358860000075], [37.07087011600004, 21.342674910000028], [37.06232262700007, 21.354478586000027], [37.055561244000046, 21.356679563000057], [37.053307767000035, 21.348553388000028], [37.04852766400006, 21.351284875000033], [37.04579617700006, 21.348007091000056], [37.04101607400003, 21.348689963000027], [37.039035746000025, 21.35265061900003], [37.03302647400005, 21.349645983000073], [37.02715377700008, 21.353401778000034], [37.02803801400006, 21.342864356000064], [37.022032238000065, 21.333325347000027], [37.01691069900005, 21.338788321000038], [37.02328304100007, 21.346136896000075], [37.01973645400005, 21.35135702200006], [37.013223191000066, 21.346026762000065], [37.003436349000026, 21.347610416000066], [37.00257039100006, 21.350465429000053], [37.00687248400004, 21.353811501000052], [37.01468308900007, 21.35429906400003], [37.01786672000003, 21.35770387100007], [37.013548343000025, 21.359922398000037], [37.01281346800005, 21.365420322000034], [37.015620445000025, 21.36758603900006], [37.025790167000025, 21.35791646800004], [37.03029151900006, 21.35975035200005], [37.04212840900004, 21.35658273400003], [37.044629160000056, 21.350247497000055], [37.04646304400006, 21.354582133000065], [37.059300234000034, 21.361917670000025], [37.02610446400007, 21.40712318900006], [37.02086971400007, 21.407599189000052], [37.006592839000064, 21.394274189000043], [37.00468933900004, 21.396653439000033], [37.01801433900005, 21.41426156400007], [37.008496464000075, 21.433773064000036], [37.007068839000056, 21.443290939000065], [36.99612321400008, 21.45233293900003], [36.988033089000055, 21.47945868900007], [36.98137058900005, 21.483265939000034], [36.97042508900006, 21.475175689000025], [36.95900371400006, 21.478982814000062], [36.94663033900008, 21.478506939000056], [36.958527839000055, 21.490404314000045], [36.97756346400007, 21.488500689000034], [36.980894714000044, 21.489928314000053], [36.980894714000044, 21.494687314000032], [36.974708089000046, 21.508488189000047], [36.96090721400003, 21.521813189000056], [36.96138308900004, 21.527523939000048], [36.95091346400005, 21.545131814000058], [36.94900996400003, 21.551318439000056], [36.954244714000026, 21.548939064000024], [36.955196589000025, 21.559884564000072], [36.94234746400008, 21.56273993900004], [36.94044396400005, 21.57511306400005], [36.926167089000046, 21.584155064000072], [36.93758858900003, 21.58843806400006], [36.93520908900007, 21.608425564000072], [36.926167089000046, 21.607949689000066], [36.908083214000044, 21.59795593900003], [36.901896589000046, 21.59795593900003], [36.90760733900004, 21.60747381400006], [36.88809571400003, 21.62222643900003], [36.89570996400005, 21.62365406400005], [36.90855908900005, 21.617467439000052], [36.911414464000075, 21.61984693900007], [36.92045646400004, 21.617467439000052], [36.93140196400003, 21.61984693900007], [36.93282958900005, 21.626509439000074], [36.92045646400004, 21.648876314000063], [36.92093246400003, 21.65982193900004], [36.915221589000055, 21.66791218900005], [36.91760108900007, 21.67790581400004], [36.911890339000024, 21.686471814000072], [36.911890339000024, 21.698845064000068], [36.87524658900003, 21.690754939000044], [36.86382521400003, 21.697893314000055], [36.862873464000074, 21.702652189000048], [36.87001183900003, 21.706935189000035], [36.881433214000026, 21.70360393900006], [36.905703714000026, 21.710266439000065], [36.908083214000044, 21.713121814000033], [36.90522783900008, 21.722163814000055], [36.90713146400003, 21.725019064000037], [36.90332433900005, 21.72787443900006], [36.90046883900004, 21.740247689000057], [36.896661839000046, 21.741675314000076], [36.87810196400005, 21.733109314000046], [36.87477071400008, 21.72549506400003], [36.86763233900007, 21.72073606400005], [36.865252964000035, 21.72263968900006], [36.86953596400008, 21.73453706400005], [36.85383146400005, 21.732157564000033], [36.84716896400005, 21.73548868900008], [36.84859671400005, 21.740247689000057], [36.86192171400006, 21.751193190000038], [36.858114589000024, 21.75928331500006], [36.87334308900006, 21.749289565000026], [36.88048146400007, 21.756428065000023], [36.890951089000055, 21.75833156500005], [36.89523408900004, 21.75595206500003], [36.89713771400005, 21.75833156500005], [36.890951089000055, 21.77260831500007], [36.889523464000035, 21.787360940000042], [36.86906008900007, 21.790692190000073], [36.88000546400008, 21.79545119000005], [36.89142696400006, 21.79402331500006], [36.887619839000024, 21.804969065000023], [36.887619839000024, 21.83304669000006], [36.87905383900005, 21.835426065000036], [36.87096358900004, 21.830191315000036], [36.86953596400008, 21.82114931500007], [36.84716896400005, 21.809252065000067], [36.84907258900006, 21.813059190000047], [36.84526546400008, 21.817342190000033], [36.857162714000026, 21.824004690000038], [36.86239758900007, 21.833522565000067], [36.86096983900006, 21.836377940000034], [36.849548464000065, 21.836377940000034], [36.84669308900004, 21.82733594000007], [36.835271714000044, 21.83114306500005], [36.83289208900004, 21.837329690000047], [36.82147083900003, 21.836377940000034], [36.83051283900005, 21.847323440000025], [36.839078839000024, 21.844943940000064], [36.85050021400008, 21.851130565000062], [36.859542214000044, 21.845895690000077], [36.87477071400008, 21.843516315000045], [36.88048146400007, 21.848751065000044], [36.874215339000045, 21.872706565000044], [36.868980589000046, 21.87984481500007], [36.85898683900007, 21.883652065000035], [36.87183583900003, 21.900784190000024], [36.87992608900004, 21.906018940000024], [36.88563671400004, 21.922199315000057], [36.88230546400007, 21.929813565000075], [36.88516083900004, 21.941235065000058], [36.881353714000056, 21.94456631500003], [36.87469121400005, 21.942662690000077], [36.86469746400007, 21.94837344000007], [36.85803496400007, 21.94646969000007], [36.85470371400004, 21.948849315000075], [36.85660733900005, 21.954560065000067], [36.86660108900003, 21.955511815000023], [36.86184208900005, 21.962650190000033], [36.851372464000065, 21.95741531500005], [36.848517214000026, 21.959794815000066], [36.84233058900003, 21.97645106500005], [36.84328233900004, 21.980258065000044], [36.85042071400005, 21.98358944000006], [36.85803496400007, 21.977878690000068], [36.868980589000046, 21.978830565000067], [36.872787714000026, 21.992631440000025], [36.89087146400004, 22.009287565000022], [36.896582339000076, 22.020709065000062], [36.90038946400006, 22.046407190000025], [36.89610633900003, 22.06163569000006], [36.88801621400006, 22.060683940000047], [36.86802871400005, 22.075436565000075], [36.85851096400006, 22.074484815000062], [36.84756533900003, 22.081147315000067], [36.84185471400008, 22.081147315000067], [36.819963589000054, 22.11208031500007], [36.80187971400005, 22.117315190000056], [36.79521721400005, 22.128260690000047], [36.79569308900005, 22.143013315000076], [36.77951283900006, 22.156338315000028], [36.77189846400006, 22.16680794000007], [36.76523608900004, 22.165380190000064], [36.76809133900008, 22.161097190000078], [36.75714583900003, 22.15729006500004], [36.750959214000034, 22.159193690000052], [36.741917339000054, 22.156814190000034], [36.72050221400008, 22.163000815000032], [36.72526108900007, 22.165856190000056], [36.715267339000036, 22.16918744000003], [36.70384596400004, 22.178705190000073], [36.69861108900005, 22.191554315000076], [36.692424464000055, 22.195361440000056], [36.68243083900006, 22.19298194000004], [36.67957546400004, 22.199168565000036], [36.67529246400005, 22.200120440000035], [36.67719596400008, 22.202975690000073], [36.651973714000064, 22.220107815000063], [36.643883464000055, 22.23819181500005], [36.62294421400003, 22.24913731500004], [36.61485408900006, 22.259606940000026], [36.597246089000066, 22.270552440000074], [36.593914839000035, 22.278166690000035], [36.579162214000064, 22.287208690000057], [36.57345146400007, 22.294347065000068], [36.56536133900005, 22.297202440000035], [36.55298808900005, 22.307672065000077], [36.546801464000055, 22.307672065000077], [36.512537214000076, 22.323852315000067], [36.48065246400006, 22.34241219000006], [36.47113458900003, 22.34193644000004], [36.451623089000066, 22.349550565000072], [36.436394464000045, 22.35954431500005], [36.42069008900006, 22.40237456500006], [36.42592483900006, 22.423789690000035], [36.424021339000035, 22.42854869000007], [36.40593746400003, 22.437114690000044], [36.395943714000055, 22.432831690000057], [36.35311333900006, 22.457102190000057], [36.316945589000056, 22.48470394000003], [36.294102714000076, 22.513257440000075], [36.29029558900004, 22.537527940000075], [36.29219921400005, 22.54656994000004], [36.28744021400007, 22.55751544000003], [36.288867964000076, 22.56512969000005], [36.27649471400008, 22.586068940000075], [36.26792871400005, 22.589876065000055], [36.26079033900004, 22.60034569000004], [36.261266214000045, 22.611767190000023], [36.25127246400007, 22.61224306500003], [36.24270633900005, 22.61747781500003], [36.22938146400003, 22.637465315000043], [36.21462871400007, 22.64365194000004], [36.208918089000065, 22.64174831500003], [36.19273771400003, 22.651266190000058], [36.19654483900007, 22.652693815000077], [36.188930464000066, 22.66887431500004], [36.17893683900007, 22.670777815000065], [36.17417796400008, 22.661735690000057], [36.16323233900005, 22.65840456500007], [36.14419671400003, 22.666970690000028], [36.10279408900004, 22.66601881500003], [36.087089588000026, 22.67410906500004], [36.068529838000075, 22.678392065000025], [36.05758433800003, 22.67744031500007], [36.04901821300007, 22.683626815000025], [36.038072713000076, 22.68029556500005], [36.042831713000055, 22.676012565000065], [36.03759683800007, 22.676964315000077], [36.03045846300006, 22.68410269000003], [36.01237458800006, 22.68838581500006], [36.00285671300003, 22.68838581500006], [36.00047721300007, 22.68505456500003], [35.984772838000026, 22.687433940000062], [35.969068338000056, 22.70075894000007], [35.96240583800005, 22.69457244000006], [35.95336396300007, 22.69457244000006], [35.94860496300004, 22.691241190000028], [35.945749713000055, 22.702662690000068], [35.95193621300007, 22.705042065000043], [35.937659463000045, 22.713608065000074], [35.934804213000064, 22.696000065000078], [35.92623808800005, 22.69219294000004], [35.922906838000074, 22.696000065000078], [35.93147283800005, 22.71075269000005], [35.92909346300007, 22.71503556500005], [35.911485463000076, 22.72169819000004], [35.90910596300006, 22.731691940000076], [35.89911221300008, 22.733119690000024], [35.84961946300007, 22.77119106500004], [35.83248733800008, 22.77737756500005], [35.80964446300004, 22.79688919000006], [35.811072213000045, 22.810214190000067], [35.80774096300007, 22.832581066000046], [35.79869896300005, 22.85447219100007], [35.79108471300003, 22.853044441000065], [35.790132963000076, 22.843526691000022], [35.79679533800004, 22.84400256600003], [35.79965071300006, 22.840671316000055], [35.79869896300005, 22.83020169100007], [35.793940088000056, 22.825918691000027], [35.78442221300003, 22.828773816000023], [35.77252483800004, 22.838767691000044], [35.762531213000045, 22.854948066000077], [35.76538646300003, 22.85827931600005], [35.78061508800005, 22.858755191000057], [35.78632571300005, 22.855899816000033], [35.78822946300005, 22.84733381600006], [35.79108471300003, 22.86065881600007], [35.78061508800005, 22.873031941000022], [35.77633208800006, 22.884453316000076], [35.77300083800003, 22.88635694100003], [35.76776583800006, 22.88254981600005], [35.765862463000076, 22.885405191000075], [35.763958838000065, 22.90301319100007], [35.75348921300008, 22.92300056600004], [35.73159821300004, 22.93251844100007], [35.719224963000045, 22.928711316000033], [35.719224963000045, 22.91062744100003], [35.71684546300003, 22.911103316000037], [35.715417838000064, 22.927759566000077], [35.694954463000045, 22.952505941000027], [35.69067146300006, 22.96535506600003], [35.68638846300007, 22.966306816000042], [35.68686433800008, 22.974872941000058], [35.67163571300006, 22.987721941000075], [35.669256338000025, 22.994384441000022], [35.66402146300004, 22.995812191000027], [35.66449733800005, 23.016275566000047], [35.65640721300008, 23.042925316000037], [35.654027588000076, 23.073858441000027], [35.63499208800005, 23.10003256600004], [35.633088463000036, 23.11621281600003], [35.627853713000036, 23.12906194100003], [35.628021217000025, 23.142191868000054], [35.62081016900004, 23.14287180100007], [35.388479741000026, 22.949650140000074], [35.19812274100008, 22.784515640000052], [34.944721241000025, 22.858745140000053], [34.68631224100005, 22.296716639000067], [34.15045724000004, 22.202489639000078], [34.00340674000006, 21.76942813900007], [33.560253138000064, 21.721340575000056], [33.25848388700007, 21.51470947300004], [33.28369140600006, 21.483703613000046], [33.30712890600006, 21.464721680000025], [33.31848144500003, 21.446716309000067], [33.33129882800006, 21.368103027000075], [33.34509277300003, 21.33428955100004], [33.35711669900007, 21.27111816400003], [33.356079102000024, 21.24908447300004], [33.34808349600007, 21.233886719000054], [33.31951904300007, 21.199279785000044], [33.292297363000046, 21.173095703000058], [33.28747558600003, 21.162475586000028], [33.28808593700006, 21.14147949200003], [33.298889160000044, 21.089294434000067], [33.298889160000044, 21.06829834000007], [33.28472900400004, 21.009277344000054], [33.27050781200006, 20.972106934000067], [33.274719238000046, 20.948486328000058], [33.28668212900004, 20.926513672000056], [33.30908203100006, 20.91027832000003], [33.34991455100004, 20.89270019500003], [33.40270996100003, 20.84991455100004], [33.416076660000044, 20.834716797000056], [33.441284180000025, 20.79467773400006], [33.456909180000025, 20.77709960900006], [33.47650146500007, 20.76470947300004], [33.52307128900003, 20.754699707000043], [33.54809570300006, 20.74212646500007], [33.55548095700004, 20.73291015600006], [33.55749511700003, 20.717529297000056], [33.57067871100003, 20.694274902000075], [33.57971191400003, 20.65051269500003], [33.59210205100004, 20.63049316400003], [33.618286133000026, 20.602478027000075], [33.62927246100003, 20.56048584000007], [33.63970947300004, 20.538085937000062], [33.66967773400006, 20.498718262000068], [33.60827636700003, 20.06951904300007], [33.69348144500003, 19.70910644500003], [33.672485352000024, 19.43511962900004], [33.68249511700003, 19.35467529300007], [33.80108642600004, 19.16912841800007], [33.91687011700003, 18.868286133000026], [34.11853027300003, 18.36767578100006], [34.449279785000044, 18.261901855000076], [34.608703613000046, 18.179687500000057], [34.85931396500007, 17.94049072300004], [34.91790771500007, 17.856872559000067], [34.93927002000004, 17.83111572300004], [35.13592529300007, 17.596679687000062], [35.17633056600005, 17.558471680000025], [35.351074219000054, 17.412109375000057], [35.51770019500003, 17.29309082000003], [35.588073730000076, 17.246520996000072], [35.62512207000003, 17.22827148400006], [35.65692138700007, 17.207275391000053], [36.083129883000026, 17.02111816400003], [36.17047178400003, 17.038330011000028], [36.231079102000024, 17.031494141000053], [36.335083008000026, 17.031311035000044], [36.47027587900004, 17.01647949200003], [36.76330566400003, 17.00152587900004], [37.00323611500005, 17.073266210000043]]]}}, {"type": "Feature", "properties": {"name": "River Nile", "country": "SDN"}, "geometry": {"type": "Polygon", "coordinates": [[[35.65692138700007, 17.207275391000053], [35.62512207000003, 17.22827148400006], [35.588073730000076, 17.246520996000072], [35.51770019500003, 17.29309082000003], [35.351074219000054, 17.412109375000057], [35.17633056600005, 17.558471680000025], [35.13592529300007, 17.596679687000062], [34.93927002000004, 17.83111572300004], [34.91790771500007, 17.856872559000067], [34.85931396500007, 17.94049072300004], [34.608703613000046, 18.179687500000057], [34.449279785000044, 18.261901855000076], [34.11853027300003, 18.36767578100006], [33.91687011700003, 18.868286133000026], [33.80108642600004, 19.16912841800007], [33.68249511700003, 19.35467529300007], [33.672485352000024, 19.43511962900004], [33.69348144500003, 19.70910644500003], [33.60827636700003, 20.06951904300007], [33.66967773400006, 20.498718262000068], [33.63970947300004, 20.538085937000062], [33.62927246100003, 20.56048584000007], [33.618286133000026, 20.602478027000075], [33.59210205100004, 20.63049316400003], [33.57971191400003, 20.65051269500003], [33.57067871100003, 20.694274902000075], [33.55749511700003, 20.717529297000056], [33.55548095700004, 20.73291015600006], [33.54809570300006, 20.74212646500007], [33.52307128900003, 20.754699707000043], [33.47650146500007, 20.76470947300004], [33.456909180000025, 20.77709960900006], [33.441284180000025, 20.79467773400006], [33.416076660000044, 20.834716797000056], [33.40270996100003, 20.84991455100004], [33.34991455100004, 20.89270019500003], [33.30908203100006, 20.91027832000003], [33.28668212900004, 20.926513672000056], [33.274719238000046, 20.948486328000058], [33.27050781200006, 20.972106934000067], [33.28472900400004, 21.009277344000054], [33.298889160000044, 21.06829834000007], [33.298889160000044, 21.089294434000067], [33.28808593700006, 21.14147949200003], [33.28747558600003, 21.162475586000028], [33.292297363000046, 21.173095703000058], [33.31951904300007, 21.199279785000044], [33.34808349600007, 21.233886719000054], [33.356079102000024, 21.24908447300004], [33.35711669900007, 21.27111816400003], [33.34509277300003, 21.33428955100004], [33.33129882800006, 21.368103027000075], [33.31848144500003, 21.446716309000067], [33.30712890600006, 21.464721680000025], [33.28369140600006, 21.483703613000046], [33.25848388700007, 21.51470947300004], [33.560253138000064, 21.721340575000056], [33.55606823900007, 21.72088713900007], [33.16413773900007, 21.998945139000057], [32.40813755200003, 21.99839486700006], [32.39428710900006, 21.306091309000067], [32.316284180000025, 19.633728027000075], [32.259277344000054, 18.891296387000068], [32.65368652300003, 18.496704102000024], [32.65270996100003, 18.49072265600006], [32.552917480000076, 18.39111328100006], [32.477478027000075, 18.336486816000047], [32.33911132800006, 18.202270508000026], [32.26452636700003, 18.060729980000076], [32.26770019500003, 18.059692383000026], [32.18389892600004, 17.854125977000024], [32.197875977000024, 17.84527587900004], [32.30548095700004, 17.52691650400004], [32.38452148400006, 17.328125], [32.03350830100004, 16.84210205100004], [31.885681152000075, 16.630126953000058], [32.17431640600006, 16.400085449000073], [32.25689697300004, 16.388122559000067], [32.541076660000044, 16.356079102000024], [32.69311523400006, 16.334899902000075], [32.80627441400003, 16.254089355000076], [33.276123047000056, 16.17150878900003], [33.43591308600003, 16.113525391000053], [33.531311035000044, 16.038085937000062], [33.66510009800004, 15.981079102000024], [33.96887207000003, 16.003295898000033], [34.21551513700007, 16.053710937000062], [34.23309326200007, 16.028076172000056], [34.33551025400004, 15.849487305000025], [34.38067615800003, 15.683288987000026], [34.33558306300006, 15.849561236000056], [34.233166106000056, 16.028150134000043], [34.21560442100008, 16.05376093600006], [34.23687744100005, 16.065673828000058], [34.40509033200004, 16.29150390600006], [34.98272705100004, 16.297485352000024], [35.25988769500003, 16.31011962900004], [35.328125, 16.309509277000075], [35.41772460900006, 16.272888184000067], [35.62329101600005, 16.37268066400003], [35.67108154300007, 16.415283203000058], [35.65692138700007, 17.207275391000053]]]}}, {"type": "Feature", "properties": {"name": "Sennar", "country": "SDN"}, "geometry": {"type": "Polygon", "coordinates": [[[32.941711422000026, 13.69689941300004], [32.96209715100008, 13.552490324000075], [32.95892334000007, 13.524475098000039], [32.95288089600007, 13.509277438000026], [32.960082973000056, 13.50067156700004], [32.96588131300007, 13.480285798000068], [32.96429439900004, 13.420898617000034], [32.96112057000005, 13.398925961000032], [32.91210934000003, 13.276489438000056], [32.91149963000004, 13.262889943000062], [32.95288085900006, 13.223693848000039], [32.98931884800004, 13.158325195000032], [33.04931640600006, 13.182678223000039], [33.07812499700003, 13.171875], [33.07910156200006, 13.147094727000024], [33.01489257800006, 13.111511230000076], [33.05328369100005, 13.046508789000029], [33.059509277000075, 13.040710449000073], [33.09429931600005, 13.046508789000029], [33.10131835900006, 13.038513184000067], [33.10827636700003, 13.042114258000026], [33.11529538900004, 13.017517166000061], [33.112642562000076, 13.008130923000067], [33.185729940000044, 12.927917525000055], [33.13110351600005, 12.820922852000024], [33.093078613000046, 12.757080078000058], [33.06671142600004, 12.679077148000033], [33.067871094000054, 12.65087890600006], [33.11010738700003, 12.558471860000054], [33.158081055000025, 12.490478516000053], [33.18969726600005, 12.39428710900006], [33.227294922000056, 12.356872559000067], [33.21911621400005, 12.306518562000065], [33.22692871100003, 12.272094727000024], [33.24090576200007, 12.272277832000043], [33.25510798500005, 12.214393857000061], [33.29583408600007, 12.21578084400005], [33.297737711000025, 12.21197371900007], [33.29202696100003, 12.200552344000073], [33.25681096100004, 12.165812219000031], [33.174689296000054, 11.740577853000048], [33.26348873500007, 11.795471371000076], [33.29028320300006, 11.805908203000058], [33.38708492600006, 11.871521176000044], [33.57489010100005, 11.986084164000033], [33.60327144900003, 11.99249285600007], [33.74127193800007, 12.08288592100007], [33.85949707000003, 12.150085449000073], [33.93908691400003, 12.170898437000062], [33.98748775800004, 12.205078305000029], [34.02789306600005, 12.22650146500007], [34.072635802000036, 12.265932106000037], [34.08648681600005, 12.281677246000072], [34.093078613000046, 12.295288086000028], [34.12652587900004, 12.327087402000075], [34.151489258000026, 12.343872070000032], [34.191284180000025, 12.415710449000073], [34.22149658200004, 12.451293945000032], [34.222717285000044, 12.460327148000033], [34.232299805000025, 12.464904785000044], [34.23968505900007, 12.463928223000039], [34.25830078100006, 12.455078125000057], [34.27832031200006, 12.455871582000043], [34.29028320300006, 12.45111084000007], [34.36688232400007, 12.49108886700003], [34.423889160000044, 12.526672363000046], [34.43591308600003, 12.538085937000062], [34.43847656200006, 12.551879883000026], [34.450500488000046, 12.562316895000038], [34.46569824200003, 12.557922363000046], [34.494873047000056, 12.541687012000068], [34.512329102000024, 12.543884277000075], [34.52850341800007, 12.534118652000075], [34.56872558600003, 12.52429199200003], [34.61749267600004, 12.51452636700003], [34.64031982400007, 12.51788330100004], [34.65649414100005, 12.512512207000043], [34.67272949200003, 12.498291016000053], [34.68792724600007, 12.491882324000073], [34.70428466800007, 12.469116211000028], [34.784484863000046, 12.421875], [34.813476568000056, 12.347900393000032], [34.84729002000006, 12.22009285200005], [34.84729003900003, 12.205871625000043], [34.86352536900006, 12.153930753000054], [34.89489744300005, 12.019470305000027], [34.918701172000056, 11.952270508000026], [34.963073730000076, 11.884887695000032], [35.05064288600005, 11.739501692000033], [35.09532121700005, 11.816091868000058], [35.27562121700004, 11.944491868000057], [35.297021217000065, 11.999291868000057], [35.30112121700006, 12.002291868000043], [35.346121217000075, 12.090591868000047], [35.45742121700005, 12.288091868000038], [35.66732121700005, 12.635991868000076], [35.69982121700008, 12.666091868000024], [35.68635946300003, 12.667102640000053], [35.672545667000065, 12.679270042000041], [35.65028384300007, 12.677301511000053], [35.645080550000046, 12.687668995000024], [35.63190539100003, 12.697365522000041], [35.619875354000044, 12.692490875000033], [35.60552980400007, 12.706711785000039], [35.57910158100003, 12.713059440000052], [35.569274921000044, 12.723069207000037], [35.507324238000024, 12.717515008000078], [35.412292499000046, 12.719468132000031], [35.340881367000065, 12.735093133000078], [35.23248292900007, 12.779465690000052], [35.13629148700005, 12.866868214000021], [35.108339743000045, 12.898845190000031], [35.078496072000064, 12.891468786000075], [35.054504379000036, 12.900071339000021], [35.03668211300004, 12.893662649000078], [35.01788328400005, 12.895066456000052], [35.00292967000007, 12.899277883000025], [34.97192381200006, 12.918503956000052], [34.929504379000036, 12.954087452000067], [34.89867337900006, 12.998078510000028], [34.89041799800003, 13.004005007000046], [34.89068603100003, 13.01970724000006], [34.866882289000046, 13.028686703000062], [34.85968014100007, 13.054321469000058], [34.84887691800003, 13.070678891000057], [34.84747311000007, 13.083679379000046], [34.83673352400007, 13.100887190000037], [34.83947750400006, 13.124695004000046], [34.82232662500007, 13.13952654700006], [34.81689557200008, 13.148680008000042], [34.81768775000006, 13.158498400000042], [34.81372066800003, 13.171081723000043], [34.80291744500005, 13.174316586000032], [34.79290768000004, 13.169677914000033], [34.786681120000026, 13.188294797000026], [34.776672328000075, 13.195923032000053], [34.768676758000026, 13.195922852000024], [34.74871822700004, 13.181518735000054], [34.745117152000034, 13.182922543000075], [34.73931881300007, 13.194519223000043], [34.729492152000034, 13.196289241000045], [34.72448786600006, 13.192315174000043], [34.723507046000066, 13.175723101000074], [34.715959326000075, 13.181460651000066], [34.711935822000044, 13.192262522000021], [34.703354250000075, 13.196868765000033], [34.692566138000075, 13.193725022000024], [34.68752253800005, 13.188964560000045], [34.67753641400003, 13.188294330000076], [34.65692138700007, 13.205871582000043], [34.644714355000076, 13.207275391000053], [34.64074185700008, 13.215160196000056], [34.64331020900005, 13.230090589000042], [34.63977275600007, 13.231062905000044], [34.63789556300003, 13.236823182000023], [34.64227237000006, 13.241881370000044], [34.641906720000065, 13.24792480700006], [34.62116071500003, 13.244974888000058], [34.616699219000054, 13.247314453000058], [34.61108398400006, 13.261901855000076], [34.603698730000076, 13.263122559000067], [34.58929443400007, 13.257690430000025], [34.586120605000076, 13.261718750000057], [34.57568357700006, 13.261718840000071], [34.566284145000054, 13.281494321000025], [34.47070309000003, 13.389282407000053], [34.37390138600006, 13.48547362100004], [34.28887936000007, 13.60491961300005], [34.26110840700005, 13.650329581000051], [34.15032955500004, 13.755493344000058], [34.143127406000076, 13.770874203000062], [34.132324184000026, 13.781311215000073], [34.12872227300005, 13.798875904000056], [34.12432863200007, 13.804062859000055], [34.103881855000054, 13.810288444000037], [34.09832765600004, 13.815903680000076], [34.09368898400004, 13.851059930000076], [34.087524433000056, 13.863266961000022], [34.08508302600006, 13.880112664000023], [34.07727530900007, 13.89093292900003], [34.079891788000054, 13.89830633400004], [34.061279315000036, 13.931687371000066], [34.05548097600007, 13.932114617000025], [34.046875019000026, 13.941514031000054], [34.03953733800006, 13.977937714000063], [34.01770016000006, 13.989319028000068], [34.00311275800004, 13.99090594200004], [34.00048824600003, 14.00012225000006], [33.988525526000046, 14.005493914000056], [33.96551513700007, 13.997314453000058], [33.942687988000046, 14.010498047000056], [33.926513672000056, 14.005920410000044], [33.72949218700006, 14.076293945000032], [33.72149654700007, 14.100891293000075], [33.676513672000056, 14.103088379000042], [33.66949462900004, 14.094299316000047], [33.66333007800006, 14.062683105000076], [33.65032959000007, 14.048889160000044], [33.62829589800003, 14.044311523000033], [33.62371826200007, 14.032897950000063], [33.627685547000056, 14.01287841800007], [33.64489742600006, 13.991699399000026], [33.64648437500006, 13.965515137000068], [33.64312744100005, 13.956298828000058], [33.63970947300004, 13.95147705100004], [33.611511230000076, 13.953125], [33.60510253900003, 13.94952392600004], [33.604125983000074, 13.939697331000048], [33.624877895000054, 13.917114438000056], [33.62768474500007, 13.907717380000065], [33.63208007800006, 13.878479004000042], [33.62512207000003, 13.85791015600006], [33.60528564500004, 13.841674805000025], [33.574096680000025, 13.848693848000039], [33.55712890600006, 13.835327148000033], [33.55627441400003, 13.823730469000054], [33.56231689500004, 13.808471680000025], [33.572509731000025, 13.798889339000027], [33.61450195300006, 13.779113770000038], [33.624877930000025, 13.75970459000007], [33.61468505900007, 13.75048828100006], [33.58691406200006, 13.753906250000057], [33.57312011700003, 13.749877930000025], [33.55908203200005, 13.735107420000077], [33.558105469000054, 13.72631835900006], [33.562683105000076, 13.71710205100004], [33.58447265600006, 13.710083008000026], [33.61749267600004, 13.708679199000073], [33.62390136000005, 13.70007324900007], [33.62530516100003, 13.690673919000062], [33.62652587900004, 13.666076660000044], [33.60430908200004, 13.639892578000058], [33.58673095700004, 13.61248779300007], [33.58551025400004, 13.581115723000039], [33.576904297000056, 13.581298828000058], [33.55889892600004, 13.58251953100006], [33.548706055000025, 13.594299316000047], [33.49267578100006, 13.603088379000042], [33.48211669900007, 13.636108398000033], [33.465698227000075, 13.633300872000063], [33.460510234000026, 13.667480559000069], [33.474304164000046, 13.717285335000042], [33.48767086300006, 13.733886899000026], [33.50152584400007, 13.784485043000075], [33.502929650000056, 13.813903978000042], [33.499877914000024, 13.82727059900003], [33.491699184000026, 13.827514828000062], [33.48748775800004, 13.812927426000044], [33.48089596400007, 13.815307794000034], [33.48187252300005, 13.829101742000034], [33.47051998500007, 13.832092465000073], [33.43591303000005, 13.832519701000024], [33.42108150800004, 13.824096860000054], [33.40911861700005, 13.822509946000025], [33.403686497000024, 13.828491384000074], [33.402282711000055, 13.837890625000057], [33.40332031200006, 13.869323730000076], [33.415100076000044, 13.884277428000075], [33.41333004300003, 13.890503110000054], [33.408081020000054, 13.895874203000062], [33.406127895000054, 13.893676938000056], [33.38330074600003, 13.896911801000044], [33.357116664000046, 13.90692156700004], [33.34429929100003, 13.935119796000038], [33.341918941000074, 13.951721191000047], [33.32952879000004, 13.972900481000067], [33.32031246500003, 14.003906430000029], [33.27947994500005, 14.046081723000043], [33.239929164000046, 14.07489031700004], [33.19989010200004, 14.063903989000039], [33.16931148800006, 14.041504086000032], [33.06188961300006, 14.040710629000046], [33.06671142600004, 13.840698316000044], [33.10211181600005, 13.807678223000039], [33.11108394900003, 13.786499202000073], [33.07629394500003, 13.804321289000029], [33.01892089800003, 13.781311035000044], [32.97790527300003, 13.747497559000067], [32.941711422000026, 13.69689941300004]]]}}, {"type": "Feature", "properties": {"name": "South Darfur", "country": "SDN"}, "geometry": {"type": "Polygon", "coordinates": [[[22.908665662000033, 11.025885978000076], [22.874443516000042, 10.921602679000046], [22.878250641000022, 10.912084804000074], [22.912514891000058, 10.882579554000074], [22.91822564100005, 10.87163392900004], [22.922508641000036, 10.850218804000065], [22.970097891000023, 10.775027929000032], [22.986278266000056, 10.761702929000023], [23.00436214100006, 10.716017179000062], [23.009596891000058, 10.70887880400005], [23.023873641000023, 10.706975304000025], [23.057186141000045, 10.686511929000062], [23.08431201600007, 10.664144929000031], [23.11381726600007, 10.65082017900005], [23.156171766000057, 10.59133342900003], [23.174731516000065, 10.582767429000057], [23.186152891000063, 10.573725429000035], [23.19614664100004, 10.55944867900007], [23.21089926600007, 10.553262054000072], [23.22803139100006, 10.540413054000055], [23.272289391000072, 10.490920179000057], [23.318450891000055, 10.46617380400005], [23.32892051600004, 10.444758679000074], [23.595420141000034, 10.023594054000057], [23.623021891000064, 9.97077005400007], [23.672038892000046, 9.89319967800003], [23.69868876700008, 9.675716928000043], [23.678701267000065, 9.634314178000068], [23.640154017000043, 9.569592928000077], [23.634443392000037, 9.561026803000061], [23.620642516000032, 9.555316178000055], [23.611600516000067, 9.545798303000026], [23.598275516000058, 9.52247955300004], [23.599703266000063, 9.514865303000022], [23.61302826600007, 9.509630553000022], [23.613980016000028, 9.503443928000024], [23.607317516000023, 9.483456428000068], [23.610648766000054, 9.471559178000064], [23.646969832000025, 9.43797240200007], [23.666251789000057, 9.445034427000053], [23.672501127000032, 9.444512343000042], [23.666744807000043, 9.444893596000043], [23.67246773000005, 9.444433127000025], [23.681509730000073, 9.437770627000077], [23.683397198000023, 9.430692747000023], [23.67484723000007, 9.415879627000038], [23.65057673000007, 9.396844127000065], [23.645817730000033, 9.389705627000069], [23.643438230000072, 9.337833127000067], [23.612409765000052, 9.344369260000065], [23.603510391000043, 9.33735755300006], [23.601606891000074, 9.323080803000039], [23.622546016000058, 9.275967428000058], [23.623497891000056, 9.266925428000036], [23.620166641000026, 9.242654928000036], [23.616359516000045, 9.231233553000038], [23.602082641000038, 9.220288178000033], [23.59399251600007, 9.210294303000069], [23.587805891000073, 9.205059428000027], [23.583047016000023, 9.202680053000051], [23.568770266000058, 9.197921053000073], [23.56448726600007, 9.192210428000067], [23.545927391000077, 9.174602428000071], [23.541168391000042, 9.17127117800004], [23.531812286000047, 9.168029705000038], [23.540645230000052, 9.171271127000068], [23.54540473000003, 9.17460262700007], [23.563964230000067, 9.192210127000067], [23.568247730000053, 9.19792112700003], [23.582524230000047, 9.202679627000066], [23.587282730000027, 9.205059127000027], [23.59204223000006, 9.208866627000077], [23.593469730000038, 9.210294127000054], [23.601559730000076, 9.22028812700006], [23.61583673000007, 9.231233127000053], [23.619643730000064, 9.242655127000035], [23.622975230000065, 9.266925627000035], [23.622010958000033, 9.276006900000027], [23.61961441400007, 9.242780177000043], [23.615807318000066, 9.23135837700005], [23.601530318000073, 9.220413377000057], [23.592012664000038, 9.208991927000056], [23.568218039000044, 9.198046302000023], [23.545375164000063, 9.174727677000021], [23.531597055000077, 9.16807493500005], [23.523484164000024, 9.167589302000067], [23.514289057000042, 9.15728110200007], [23.50833189100007, 9.171747053000047], [23.495882318000042, 9.173775877000026], [23.487792289000026, 9.169492802000036], [23.47113581800005, 9.151884877000043], [23.46637681800007, 9.13475287700004], [23.470659530000034, 9.095252817000073], [23.463997317000064, 9.08621187600005], [23.454003817000057, 9.057658376000063], [23.46637681800007, 9.039098876000025], [23.46494931700005, 9.032911876000071], [23.445913664000045, 9.024821552000049], [23.442127493000044, 9.015731432000052], [23.445467230000077, 9.011371127000075], [23.47592473000003, 9.005660627000054], [23.486869730000024, 8.994239127000071], [23.507809230000078, 8.97996262700002], [23.520182230000046, 8.976631627000074], [23.533507230000055, 8.97758312700006], [23.54873623000003, 8.992811627000037], [23.55397073000006, 9.008516127000064], [23.54635623000007, 9.023769264000066], [23.544928730000038, 9.034690127000033], [23.554922230000045, 9.051822127000037], [23.562536730000033, 9.054677627000046], [23.56965595400004, 9.05182983700007], [23.572979688000032, 9.02858806300003], [23.57916606200007, 9.021869347000063], [23.588226287000055, 8.999968627000044], [23.601084230000026, 8.994239127000071], [23.61340122000007, 8.980031695000037], [23.612925345000065, 8.975272820000043], [23.603407748000052, 8.966230894000034], [23.591034248000028, 8.936249394000072], [23.584847720000027, 8.928159445000063], [23.58056472000004, 8.903413070000056], [23.55962534500003, 8.868672945000071], [23.539638248000074, 8.84916139400002], [23.51965024800006, 8.843450894000057], [23.529168345000073, 8.83202932000006], [23.523457595000025, 8.813469445000067], [23.52726474800005, 8.79538539400005], [23.520940109000037, 8.76039662900007], [23.527282684000056, 8.750157502000036], [23.541597230000036, 8.744396127000073], [23.553541641000038, 8.744395802000042], [23.567818516000045, 8.746299427000054], [23.58685414100006, 8.758672552000064], [23.595561171000043, 8.760505655000031], [23.602987230000053, 8.753438127000038], [23.604383189000032, 8.742597277000073], [23.619690641000034, 8.725836052000034], [23.619690641000034, 8.740588677000062], [23.62682914100003, 8.761052052000025], [23.636775730000068, 8.76438312700003], [23.67199173000006, 8.719173127000033], [23.70435223000004, 8.69442712700004], [23.71244223000008, 8.692048127000021], [23.72862323000004, 8.692999127000064], [23.765742230000058, 8.712511127000027], [23.784302730000036, 8.718222127000047], [23.84807223000007, 8.72964362700003], [23.89375773000006, 8.71584212700003], [23.913744730000076, 8.702517627000077], [23.951816731000065, 8.690144127000053], [24.00939923100003, 8.70489662700004], [24.02557973100005, 8.717270127000063], [24.047470731000033, 8.706324627000072], [24.051277731000027, 8.68919212700007], [24.05460923100003, 8.685861127000067], [24.082210731000032, 8.680150127000047], [24.116046142000073, 8.684433427000045], [24.160304267000072, 8.69680667700004], [24.20361039200003, 8.693475427000067], [24.221218392000026, 8.702517302000047], [24.22788089200003, 8.714414677000036], [24.249295892000077, 8.716794052000068], [24.264048767000077, 8.706324427000027], [24.263572767000028, 8.696330677000049], [24.244061267000063, 8.652548677000027], [24.228832517000058, 8.648265552000055], [24.22364830500004, 8.64132883000002], [24.244176578000065, 8.647983466000028], [24.383613078000053, 8.789799466000034], [24.526856578000036, 8.845002841000053], [24.579204703000073, 8.924000966000051], [24.573969953000073, 8.966831341000045], [24.562548453000034, 8.993005341000071], [24.56397620300004, 9.000619591000032], [24.54303695300007, 9.062961591000033], [24.54827170300007, 9.09484634100005], [24.547319953000056, 9.106267716000048], [24.55778957800004, 9.13624896600004], [24.565403828000058, 9.18478996600004], [24.583011828000053, 9.223337216000061], [24.590150203000064, 9.249035341000024], [24.59538507800005, 9.254746091000072], [24.625842203000047, 9.320895091000068], [24.626318078000054, 9.327081716000066], [24.60252345300006, 9.35468346600004], [24.596336828000062, 9.376574466000022], [24.62108320300007, 9.39608609100003], [24.65629920300006, 9.416549466000049], [24.665341203000025, 9.428446716000053], [24.684852828000032, 9.44462709100003], [24.73910445300004, 9.482222591000038], [24.75052595300008, 9.503161842000054], [24.75433307800006, 9.51934221700003], [24.754808953000065, 9.557413592000046], [24.751477703000035, 9.56788321700003], [24.753381328000046, 9.583111717000065], [24.74671882800004, 9.603099217000022], [24.734821453000052, 9.618803592000063], [24.732441953000034, 9.626893842000072], [24.73529732800006, 9.641646467000044], [24.744339328000024, 9.654971467000053], [24.740056328000037, 9.66639284200005], [24.73958045300003, 9.712078467000026], [24.734345578000045, 9.72825884200006], [24.724827703000074, 9.729686467000022], [24.720068828000024, 9.744439217000036], [24.725779578000072, 9.750625717000048], [24.732441953000034, 9.750625717000048], [24.741959828000063, 9.757288217000053], [24.738628578000032, 9.769185592000042], [24.751477703000035, 9.769185592000042], [24.762423203000026, 9.76347484200005], [24.769561578000037, 9.774896217000048], [24.775272328000028, 9.773944467000035], [24.781458953000026, 9.777275717000066], [24.787169578000032, 9.789173092000055], [24.79954282800003, 9.796787342000073], [24.801446328000054, 9.80487746700004], [24.81001245300007, 9.80297396700007], [24.82381332800003, 9.822009592000029], [24.819054453000035, 9.836762217000057], [24.827620453000065, 9.850087217000066], [24.84189720300003, 9.859129217000032], [24.853794578000077, 9.87626134200002], [24.885679328000037, 9.890062217000036], [24.89662482800003, 9.902435342000047], [24.92089532800003, 9.914332717000036], [24.92422657800006, 9.922898717000066], [24.94992470300008, 9.935747842000069], [24.957063078000033, 9.953831717000071], [24.967056828000068, 9.962873717000036], [24.968960453000022, 9.971915592000073], [24.978954203000058, 9.981433467000045], [24.982761328000038, 9.992854842000042], [24.993230953000023, 9.995710217000067], [25.00274882800005, 10.00284859200002], [25.008935328000064, 10.039968217000023], [25.01179070300003, 10.041871842000035], [25.02701932800005, 10.033305717000076], [25.032729953000057, 10.033781592000025], [25.03463357800007, 10.048534342000039], [25.030350578000025, 10.05947984200003], [25.030350578000025, 10.07185296700004], [25.053193328000077, 10.096599342000047], [25.059379953000075, 10.12134584200004], [25.039392453000062, 10.165603717000067], [25.031778203000044, 10.168459092000035], [25.028922828000077, 10.173693967000077], [25.034157703000062, 10.179404592000026], [25.034157703000062, 10.187494842000035], [25.042723703000036, 10.209385842000074], [25.057000453000057, 10.219855467000059], [25.060807578000038, 10.235559967000029], [25.06794595300005, 10.237939342000061], [25.06461482800006, 10.245553717000064], [25.072229078000078, 10.256023342000049], [25.07365670300004, 10.267444717000046], [25.09269245300004, 10.285052717000042], [25.09412007800006, 10.297901842000044], [25.101734328000077, 10.305991967000068], [25.098403078000047, 10.313130342000022], [25.100782578000064, 10.31550984200004], [25.110300453000036, 10.313606217000029], [25.132667328000025, 10.31693746700006], [25.12552895300007, 10.329786592000062], [25.152178953000032, 10.333593717000042], [25.158841453000036, 10.334069592000048], [25.186443203000067, 10.321696467000038], [25.190250328000047, 10.332166092000023], [25.204051203000063, 10.336924967000073], [25.209761953000054, 10.34501509200004], [25.214520828000047, 10.344063342000027], [25.214520828000047, 10.337400842000022], [25.237839578000035, 10.344063342000027], [25.249260953000032, 10.351201717000038], [25.254495703000032, 10.351201717000038], [25.259730578000074, 10.343587467000077], [25.30303670400008, 10.338352592000035], [25.315409954000074, 10.343587467000077], [25.339680454000074, 10.33597321700006], [25.35205370400007, 10.345490967000046], [25.357764329000076, 10.345490967000046], [25.362523329000055, 10.354057092000062], [25.379655454000044, 10.361195467000073], [25.397739329000046, 10.360719592000066], [25.410112454000057, 10.365002592000053], [25.418678579000073, 10.362147217000029], [25.424389329000064, 10.367857967000077], [25.432955329000038, 10.362147217000029], [25.444376704000035, 10.367857967000077], [25.453894579000064, 10.366906217000064], [25.46293657900003, 10.374044592000075], [25.50671857900005, 10.367857967000077], [25.51480882900006, 10.359767842000053], [25.520519454000066, 10.366906217000064], [25.535272204000023, 10.360719592000066], [25.551928329000077, 10.366906217000064], [25.554783704000045, 10.374044592000075], [25.56144620400005, 10.36738209200007], [25.588096204000067, 10.378803467000068], [25.598089954000045, 10.386893592000035], [25.608083704000023, 10.385941842000022], [25.613318454000023, 10.39165259200007], [25.625691704000076, 10.396411467000064], [25.637113079000073, 10.395459717000051], [25.664934954000046, 10.403742967000028], [25.676341954000065, 10.398514717000069], [25.691551204000064, 10.398990092000076], [25.70628520400004, 10.416575717000057], [25.729574454000044, 10.416575717000057], [25.74383307900007, 10.405168842000023], [25.77615282900007, 10.416100467000035], [25.78755982900003, 10.412298217000057], [25.793738579000035, 10.426556842000025], [25.804194954000025, 10.427982717000077], [25.813225454000076, 10.439864967000062], [25.819879454000045, 10.430834467000068], [25.826533579000056, 10.43653796700005], [25.83176170400003, 10.437013217000072], [25.834138204000055, 10.430834467000068], [25.85172395400008, 10.438914342000032], [25.857902704000026, 10.433210967000036], [25.86455670400005, 10.436062592000042], [25.868834329000038, 10.434161467000024], [25.87216132900005, 10.427507467000055], [25.889747079000074, 10.424180342000056], [25.918264454000052, 10.407545217000063], [25.932495539000058, 10.372929491000036], [25.93758574000003, 10.377950008000028], [25.970886231000065, 10.497680664000029], [25.845092773000033, 10.65869140600006], [25.786926270000038, 10.72509765600006], [25.77069091800007, 10.752075195000032], [25.694139636000045, 10.945409824000023], [25.706638958000042, 10.97028885900005], [25.71585526700005, 11.00990067600003], [25.70505204400007, 11.053662883000072], [25.636673273000042, 11.136701601000027], [25.638929802000064, 11.148872635000032], [25.599121094000054, 11.123107910000044], [25.56671142600004, 11.127502441000047], [25.54449462900004, 11.157104493000077], [25.537719727000024, 11.18530273400006], [25.54187011700003, 11.246276856000065], [25.54968261700003, 11.283874512000068], [25.54968261700003, 11.30712890600006], [25.513488770000038, 11.345275879000042], [25.389892578000058, 11.400512695000032], [25.369873047000056, 11.416687012000068], [25.30267334000007, 11.537902832000043], [25.299072266000053, 11.56671142600004], [25.29447872800006, 11.575657073000059], [25.286037367000063, 11.699630975000048], [25.288341376000062, 11.787694509000062], [25.30969415800007, 11.926506026000027], [25.311245505000045, 12.060183368000025], [25.30610298600004, 12.165470732000074], [25.309639369000024, 12.193314211000029], [25.313922398000045, 12.204735625000069], [25.333196032000046, 12.224723097000037], [25.36221806700007, 12.24274540700003], [25.411004407000064, 12.29586898100007], [25.427184742000065, 12.329181435000066], [25.436702586000024, 12.36154210500007], [25.45669005900004, 12.402468834000047], [25.44431686200005, 12.441491995000035], [25.43099188000008, 12.465286605000074], [25.41766689800005, 12.501454412000044], [25.414811545000077, 12.536670435000076], [25.419570467000028, 12.595681068000033], [25.44622043100003, 12.617572109000037], [25.468111471000043, 12.628041737000046], [25.478581100000042, 12.648029210000061], [25.473822178000034, 12.670872035000059], [25.459545412000068, 12.690859508000074], [25.466334844000073, 12.794032082000058], [25.457641843000033, 12.901203861000056], [25.45849778400003, 12.969068479000043], [25.430114746000072, 12.965881348000039], [25.36608886700003, 12.975708008000026], [25.330322266000053, 12.963317871000072], [25.30090002000003, 12.967100667000068], [25.26581211000007, 12.952323700000022], [25.239929199000073, 12.974487305000025], [25.204895020000038, 12.978088379000042], [25.16027832000003, 12.968872070000032], [25.091704407000066, 12.94514698200004], [25.013122559000067, 12.948730469000054], [24.98089490900003, 12.953309120000029], [24.95147705100004, 12.98272705100004], [24.939674833000026, 12.999709383000038], [24.923389495000038, 13.010002963000034], [24.879436659000078, 13.025461114000052], [24.82829294100003, 13.054873490000034], [24.791427130000045, 13.071854680000058], [24.777710287000048, 13.088921331000051], [24.758524226000077, 13.099464858000033], [24.732901456000036, 13.099492025000075], [24.716420921000065, 13.106538083000032], [24.663939291000077, 13.111676103000036], [24.652126249000048, 13.105913952000037], [24.628190326000038, 13.102308813000036], [24.559509277000075, 13.114074707000043], [24.446217647000026, 13.126631660000044], [24.446104422000076, 13.120913806000033], [24.439876639000033, 13.115298007000035], [24.42190065400007, 13.130736671000022], [24.396484375000057, 13.10772705100004], [24.386901855000076, 13.06048584000007], [24.37630634800007, 13.045299852000028], [24.373487632000035, 13.030243749000022], [24.386714668000025, 12.988901359000067], [24.324696066000058, 12.975249665000035], [24.267446337000024, 12.956434025000021], [24.20909951400006, 12.932681670000022], [24.162456940000027, 12.88484943900005], [24.15548579500006, 12.864672670000061], [24.144674699000063, 12.848470994000024], [24.13290555900005, 12.84300436500007], [24.119330657000035, 12.84300436500007], [24.101078269000027, 12.82971488100003], [24.054504395000038, 12.828918457000043], [24.016723633000026, 12.820922852000024], [23.883326803000045, 12.803999150000038], [23.89254302300003, 12.797431388000064], [23.856115559000045, 12.768599029000029], [23.853242769000076, 12.717741802000035], [23.78669691700003, 12.692279394000025], [23.776290756000037, 12.603149933000054], [23.776288168000065, 12.511039986000071], [23.78911339700005, 12.448733696000033], [23.76707970700005, 12.402896292000037], [23.732289667000032, 12.281680472000062], [23.72166955000006, 12.256717094000066], [23.689880455000036, 12.127684502000022], [23.69329834000007, 12.09228515600006], [23.701721191000047, 12.06170654300007], [23.747924485000055, 12.030882991000055], [23.73168975300007, 11.99749575900006], [23.76147454900007, 11.897093346000077], [23.75207815300007, 11.875908899000024], [23.75848379400003, 11.863512754000055], [23.758300942000062, 11.851316229000076], [23.732727212000043, 11.835874335000028], [23.720276124000065, 11.823728421000055], [23.72229020000003, 11.81170441300003], [23.730529757000056, 11.795286333000035], [23.715088052000056, 11.710325018000049], [23.714111471000024, 11.640318662000027], [23.741060393000055, 11.421725226000035], [23.718078613000046, 11.413085937000062], [23.683105469000054, 11.390686035000044], [23.666076660000044, 11.365905762000068], [23.662902832000043, 11.33569335900006], [23.630676270000038, 11.314086914000029], [23.604309082000043, 11.302124023000033], [23.569702148000033, 11.295288086000028], [23.466674805000025, 11.25952148400006], [23.406127930000025, 11.252075195000032], [23.393493652000075, 11.244873047000056], [23.369323730000076, 11.192504883000026], [23.356079102000024, 11.177307129000042], [23.33447265600006, 11.162719727000024], [23.29608154300007, 11.158081055000025], [23.253107733000036, 11.159120266000059], [23.205505370000026, 11.174316402000045], [23.181091309000067, 11.17889404300007], [23.16009521500007, 11.167297363000046], [23.10791015600006, 11.084899902000075], [23.083496094000054, 11.066284180000025], [23.007873535000044, 11.035888672000056], [22.97772216800007, 11.027893066000047], [22.908665662000033, 11.025885978000076]]]}}, {"type": "Feature", "properties": {"name": "South Kordofan", "country": "SDN"}, "geometry": {"type": "Polygon", "coordinates": [[[29.788330078000058, 12.745727539000029], [29.738007319000076, 12.736900153000022], [29.711823237000033, 12.728538337000032], [29.705414546000043, 12.698509039000044], [29.71597362800003, 12.672935309000025], [29.712982905000047, 12.66109448800006], [29.66342235700006, 12.530540290000033], [29.650177729000063, 12.505332770000052], [29.643585932000065, 12.50093823900005], [29.644013178000023, 12.487083258000041], [29.62820507300006, 12.461936774000037], [29.58419872500008, 12.428306403000022], [29.554413569000076, 12.390708747000076], [29.523407710000072, 12.360496344000069], [29.495575678000023, 12.305320563000066], [29.488373530000047, 12.279502691000062], [29.489228022000077, 12.266502203000073], [29.478607905000047, 12.258140388000072], [29.44442821800004, 12.249900642000057], [29.43700212500005, 12.241744113000038], [29.442169917000058, 12.211082282000064], [29.41781688900005, 12.159507574000031], [29.38479687000006, 12.139304938000066], [29.36258007300006, 12.12929517200007], [29.353424800000028, 12.128501716000073], [29.347382319000076, 12.104514898000048], [29.282990229000063, 12.001914802000044], [29.269623530000047, 11.974326910000059], [29.25058056100005, 11.824912848000054], [29.22921825700007, 11.775718512000026], [29.22378612800003, 11.747886481000023], [29.232025874000044, 11.747520271000042], [29.230377925000028, 11.734519782000064], [29.25497509300004, 11.696494880000046], [29.37680126400005, 11.701499763000072], [29.45156933100003, 11.507896247000076], [29.478974115000028, 11.424094978000028], [29.49539257300006, 11.397300543000028], [29.496369135000066, 11.399131598000054], [29.493378413000073, 11.390708747000076], [29.49721065500006, 11.380496614000037], [29.460419428000023, 11.32692700900003], [29.459625971000037, 11.316123786000048], [29.46957433700004, 11.294651368000075], [29.469391596000037, 11.270103278000022], [29.474396479000063, 11.257102790000033], [29.470795405000047, 11.25093823900005], [29.441010249000044, 11.232322517000057], [29.415619624000044, 11.208701910000059], [29.39761425300003, 11.199912849000043], [29.395416987000033, 11.183738532000064], [29.343170893000035, 11.145713629000056], [29.337799800000028, 11.138694587000032], [29.333771479000063, 11.104514898000048], [29.33859325700007, 11.04653150100006], [29.358795893000035, 11.012290778000022], [29.36099656600004, 11.001726419000022], [29.390228999000044, 10.947288336000042], [29.477204096000037, 10.880088629000056], [29.488373530000047, 10.86672193000004], [29.50161815900003, 10.859702887000026], [29.67898632200007, 10.705894294000075], [29.686005366000074, 10.703086677000044], [29.711029780000047, 10.677085699000031], [29.84237743600005, 10.56453687100003], [29.844574702000045, 10.535301031000074], [29.881623042000058, 10.467918219000069], [29.887604487000033, 10.464927497000076], [29.888581050000028, 10.455283941000062], [29.89437938900005, 10.448509039000044], [29.936005366000074, 10.357688728000028], [29.944184077000045, 10.345725836000042], [29.952387560000034, 10.318937230000074], [29.95751953100006, 10.316101074000073], [29.96087646500007, 10.306518555000025], [29.973882417000027, 10.292904727000064], [29.981927100000064, 10.288505291000035], [29.996772958000065, 10.288802217000068], [30.063692083000035, 10.24886659200007], [30.529428333000055, 9.960682217000056], [30.827326834000075, 9.71890946700006], [30.835961459000032, 9.724306217000048], [30.86132608400004, 9.730242592000025], [30.89262695900004, 9.748591342000054], [31.180811334000055, 9.749670717000072], [31.274714209000024, 9.75830546700007], [31.31464983400008, 9.772336967000058], [31.351887084000055, 9.80309821700007], [31.423663334000025, 9.895381967000048], [31.444274902000075, 9.896911621000072], [31.519988640000065, 9.991053407000038], [31.53860549700005, 10.003735419000066], [31.664672852000024, 10.162292480000076], [31.708461576000047, 10.214285249000056], [31.73368158200003, 10.238054082000076], [31.741836070000033, 10.25402351300005], [31.753942085000062, 10.26829471700006], [31.801330566000047, 10.309875488000046], [31.821400960000062, 10.350864342000023], [31.857558960000063, 10.40806959200006], [31.87961916200004, 10.436168333000069], [31.933485331000043, 10.49048087500006], [31.95727994200007, 10.507137101000069], [32.01914592800006, 10.507137101000069], [32.06197622600007, 10.480963030000055], [32.15477520600007, 10.466686264000032], [32.19284658200007, 10.485721952000063], [32.228538496000056, 10.509516563000034], [32.23091795800008, 10.56662362700007], [32.217830922000076, 10.632058804000053], [32.19284658200007, 10.714150209000024], [32.22636898800005, 10.750014891000035], [32.426319618000036, 10.93984143800003], [32.459900994000066, 10.97638783900004], [32.44779955200005, 11.04140343000006], [32.43897472200007, 11.063861449000058], [32.39770507800006, 11.14111328100006], [32.39572341500008, 11.168194597000024], [32.38909912100007, 11.179077148000033], [32.390909915000066, 11.238410791000035], [32.38452764200002, 11.251057432000039], [32.38049546900004, 11.485575117000053], [32.39008850500005, 11.495356702000038], [32.391941571000075, 11.574277807000044], [32.389539624000065, 11.570441134000077], [32.392912710000076, 11.614234468000063], [32.38830771000005, 11.68563696900003], [32.38450058500007, 11.696582469000077], [32.37593446000005, 11.712286969000047], [32.106579460000034, 11.94499821900007], [32.127934448000076, 11.945086201000038], [31.91009521500007, 12.162292480000076], [31.822082520000038, 12.15991210900006], [31.806701660000044, 12.208679199000073], [31.768493652000075, 12.306274414000029], [31.73291015600006, 12.420471191000047], [31.69830322300004, 12.515686035000044], [31.688903809000067, 12.546508789000029], [31.689880371000072, 12.57147216800007], [31.680908203000058, 12.602111816000047], [31.664489746000072, 12.601684570000032], [31.54309082000003, 12.63452148400006], [31.437927246000072, 12.658325195000032], [31.391723633000026, 12.654479980000076], [31.360717773000033, 12.648498535000044], [31.336486816000047, 12.64288330100004], [31.299926758000026, 12.627502441000047], [31.269897461000028, 12.624877930000025], [31.241882324000073, 12.615905762000068], [31.208679199000073, 12.61767578100006], [31.194091797000056, 12.61108398400006], [31.175109863000046, 12.608520508000026], [31.12072753900003, 12.622070312000062], [31.034301758000026, 12.605529785000044], [31.01910400400004, 12.604492187000062], [30.987121582000043, 12.610717773000033], [30.976074219000054, 12.600280762000068], [31.00207519500003, 12.56048584000007], [31.01287841800007, 12.531494141000053], [31.02709960900006, 12.472473145000038], [31.02709960900006, 12.448303223000039], [31.02069091800007, 12.419494629000042], [31.024719238000046, 12.40350341800007], [31.021301270000038, 12.383483887000068], [30.958496094000054, 12.381530762000068], [30.94311523400006, 12.377685547000056], [30.928283691000047, 12.345520020000038], [30.919311523000033, 12.341491699000073], [30.88970947300004, 12.339294434000067], [30.84490966800007, 12.327270508000026], [30.811279297000056, 12.314880371000072], [30.71087646500007, 12.268920898000033], [30.621093750000057, 12.259887695000032], [30.591491699000073, 12.259887695000032], [30.589444549000063, 12.256624763000048], [30.56261413800007, 12.253925224000056], [30.563279127000044, 12.259081132000063], [30.506286621000072, 12.311279297000056], [30.44970703100006, 12.450317383000026], [30.420715332000043, 12.47351074200003], [30.414306641000053, 12.473876953000058], [30.416076660000044, 12.472717285000044], [30.412719727000024, 12.471130371000072], [30.406127930000025, 12.474670410000044], [30.379699707000043, 12.498718262000068], [30.369873047000056, 12.510314941000047], [30.373718262000068, 12.514282227000024], [30.35949707000003, 12.526672363000046], [30.328918457000043, 12.536682129000042], [30.270324707000043, 12.533081055000025], [30.22650146500007, 12.526489258000026], [30.135681152000075, 12.489929199000073], [30.070922852000024, 12.447082520000038], [30.050292969000054, 12.443481445000032], [30.040710449000073, 12.446716309000067], [30.030517578000058, 12.476074219000054], [30.030090332000043, 12.487670898000033], [30.044311523000033, 12.519714355000076], [30.038879395000038, 12.529724121000072], [30.035888672000056, 12.548522949000073], [30.036034448000066, 12.594772779000039], [30.00347900400004, 12.64428710900006], [30.00170898400006, 12.671508789000029], [30.012084961000028, 12.698730469000054], [30.009277344000054, 12.708496094000054], [29.971496582000043, 12.720092773000033], [29.93072509800004, 12.725280762000068], [29.85968017600004, 12.724304199000073], [29.84368896500007, 12.73132324200003], [29.80572509800004, 12.737915039000029], [29.788330078000058, 12.745727539000029]]]}}, {"type": "Feature", "properties": {"name": "West Darfur", "country": "SDN"}, "geometry": {"type": "Polygon", "coordinates": [[[23.224691132000032, 13.428633393000041], [23.182313419000025, 13.464465503000042], [23.18458749000007, 13.470271127000046], [23.182207120000044, 13.472102182000071], [23.19038583100007, 13.486506478000024], [23.191179288000058, 13.514094369000077], [23.188005460000056, 13.524104135000073], [23.178422940000075, 13.534663217000059], [23.14601327200006, 13.546504037000034], [23.139970792000042, 13.554865853000024], [23.13857732300005, 13.565806960000032], [23.15242196300005, 13.585078256000031], [23.17396737400003, 13.585078256000031], [23.180192959000067, 13.588313119000077], [23.182048532000067, 13.608199507000052], [23.177019131000065, 13.700861947000021], [23.178422940000075, 13.704279916000075], [23.20662118200005, 13.71026136100005], [23.20839120100004, 13.716303842000059], [23.10060311600006, 13.752070443000036], [23.102983314000028, 13.757258494000041], [23.10060311600006, 13.758112924000045], [23.120988858000032, 13.804072396000038], [23.123369229000048, 13.831110971000044], [23.149187100000063, 13.90026380300003], [23.168169034000073, 13.928706185000067], [23.191789639000035, 13.954707162000034], [23.205400479000048, 13.959467904000064], [23.23140145600007, 13.978083627000046], [23.24281503000003, 13.990901010000073], [23.24678231400003, 14.011469857000066], [23.217973721000078, 14.088496224000039], [23.207788596000057, 14.104877951000049], [23.220623259000035, 14.145536363000076], [23.220598233000032, 14.165095346000044], [23.18562508800005, 14.158869760000073], [23.15718270600007, 14.158869760000073], [23.106396920000066, 14.21824814100006], [23.116688553000074, 14.23766850800007], [23.139421475000063, 14.320307748000062], [23.142412197000056, 14.357905404000064], [23.114064041000063, 14.418271537000066], [23.010245740000073, 14.54910320700003], [22.90251618900004, 14.50311040300005], [22.817677322000065, 14.559506888000044], [22.837602627000024, 14.703669564000052], [22.87599374000007, 14.898676889000058], [22.782502436000073, 14.983608029000038], [22.759062975000063, 14.967549537000025], [22.752862975000028, 14.959449537000069], [22.75096297500005, 14.952249537000057], [22.76200222600005, 14.91130040400003], [22.76200222600005, 14.901782561000061], [22.758195088000036, 14.89607185400007], [22.733924588000036, 14.89512006900003], [22.70441927400003, 14.886554009000065], [22.673962176000032, 14.859428153000067], [22.674913961000073, 14.846103171000038], [22.663968441000065, 14.836585327000023], [22.682052344000056, 14.78709253900007], [22.712509442000055, 14.719039953000049], [22.71346122700004, 14.695721235000065], [22.576880178000067, 14.646228445000077], [22.507875815000034, 14.639565953000044], [22.479798178000067, 14.627192755000067], [22.440299130000028, 14.599591006000026], [22.40936614000003, 14.598163330000034], [22.384143857000026, 14.518689331000076], [22.385095641000078, 14.512978625000073], [22.39556526900003, 14.517737547000024], [22.402227758000038, 14.516309871000033], [22.432684857000027, 14.497750075000056], [22.44458216000004, 14.483473309000033], [22.435540210000056, 14.408758233000071], [22.440299132000064, 14.374018102000036], [22.455462975000046, 14.350249537000025], [22.45926297500006, 14.331749537000064], [22.431162975000063, 14.313149537000072], [22.427662975000032, 14.295849537000038], [22.430305404000023, 14.28930901900003], [22.47218387600003, 14.236009319000061], [22.48356297500004, 14.244649537000043], [22.494550876000062, 14.242671819000066], [22.501662975000045, 14.246549537000021], [22.537762975000078, 14.239449537000041], [22.550162975000035, 14.229849537000064], [22.54916297500006, 14.207949537000047], [22.56636297500006, 14.184249537000028], [22.532562975000076, 14.110949537000067], [22.490743703000078, 14.105614899000045], [22.445462975000055, 14.051449537000053], [22.401276001000042, 14.052314944000045], [22.362686492000023, 14.019954518000077], [22.326043089000052, 14.008056944000032], [22.299392492000038, 13.962371518000054], [22.242761963000078, 13.95666069400005], [22.232291992000057, 13.951425518000065], [22.07239258800007, 13.776773319000029], [22.093504515000063, 13.766486307000037], [22.106829515000072, 13.756016682000052], [22.125389265000024, 13.731270057000074], [22.13205176500003, 13.709379182000077], [22.11682326500005, 13.686060432000033], [22.117299140000057, 13.682253307000053], [22.13395539000004, 13.646561432000055], [22.142045515000063, 13.640374807000057], [22.141569640000057, 13.630856932000029], [22.144855536000023, 13.62569357600006], [22.16346064000004, 13.615152557000044], [22.184875765000072, 13.58564718200006], [22.207962975000044, 13.571749537000073], [22.231858404000036, 13.544062018000034], [22.232417729000076, 13.531871631000058], [22.22765872900004, 13.51283563100003], [22.23051422900005, 13.499510631000021], [22.22434480800007, 13.466749295000056], [22.234321229000045, 13.457632131000025], [22.24907422900003, 13.43526563100005], [22.250946794000072, 13.424596036000025], [22.256646817000046, 13.416397281000059], [22.27605817600005, 13.407538931000033], [22.299000817000035, 13.385422368000036], [22.300862751000068, 13.35972416900006], [22.294242317000055, 13.35686886800005], [22.291386317000047, 13.344971368000074], [22.27516462600005, 13.328791169000056], [22.25803250100006, 13.31832154400007], [22.25474281700008, 13.305948368000031], [22.228527126000074, 13.283539506000068], [22.215202126000065, 13.266883256000028], [22.201442816000053, 13.25736545600006], [22.183835316000057, 13.255937456000026], [22.17384131600005, 13.248323456000037], [22.170944251000037, 13.240233256000067], [22.17570312600003, 13.228336006000063], [22.155757316000063, 13.199306456000045], [22.143342501000063, 13.18788513100003], [22.133824626000035, 13.167897631000073], [22.109179811000047, 13.159829400000035], [22.091987816000028, 13.163138956000068], [22.070531001000063, 13.142199506000054], [22.06057881600003, 13.142675456000063], [22.054392316000076, 13.140295956000045], [22.02008637600005, 13.13934413100003], [22.013465316000065, 13.137916456000028], [22.00956297500005, 13.135449537000056], [22.006761376000043, 13.112694131000069], [21.981063251000023, 13.091279006000036], [21.966310626000052, 13.073195131000034], [21.956316876000074, 13.071291506000023], [21.948744316000045, 13.067008456000053], [21.94446081600006, 13.057966456000031], [21.930660316000058, 13.048448956000072], [21.928756816000032, 13.042261956000061], [21.92926297500003, 13.020449537000047], [21.900326218000032, 12.986559378000038], [21.929274729000042, 13.019811631000039], [21.930702229000076, 13.023618631000033], [21.92879872900005, 13.042178131000071], [21.930702229000076, 13.048365131000025], [21.944502729000078, 13.05788263100004], [21.948786229000063, 13.066924631000063], [21.956400729000052, 13.07120763100005], [21.96639422900006, 13.073111131000076], [21.981147229000044, 13.091195131000063], [22.006844729000022, 13.112610131000054], [22.00970072900003, 13.135453131000077], [22.013507229000027, 13.137832631000038], [22.020515463000038, 13.139222261000043], [22.01022339000008, 13.13545318100006], [22.007368015000054, 13.112610306000022], [21.981669890000035, 13.091195181000046], [21.966917265000063, 13.073111306000044], [21.949309265000068, 13.066924681000046], [21.94502614000004, 13.057882806000066], [21.931225390000066, 13.048364931000037], [21.929321765000054, 13.04217830600004], [21.931225390000066, 13.02361855600003], [21.92979764000006, 13.01981143100005], [21.900768265000067, 12.986498931000028], [21.880304890000048, 12.947951681000063], [21.877925515000072, 12.930819556000074], [21.869835265000063, 12.914163306000034], [21.868883390000065, 12.899410681000063], [21.852703140000074, 12.868953556000065], [21.848896015000037, 12.835640931000057], [21.83128801500004, 12.820412556000065], [21.81843889000004, 12.815177681000023], [21.813680015000045, 12.802804431000027], [21.833191515000067, 12.789479431000075], [21.840805765000027, 12.776154681000037], [21.85175139000006, 12.771395681000058], [21.857461890000025, 12.764733181000054], [21.860317390000034, 12.756167056000038], [21.85555851500004, 12.742366306000065], [21.856034390000048, 12.726661806000038], [21.88363614000008, 12.706198431000075], [21.886491515000046, 12.69763230600006], [21.884112015000028, 12.680976181000062], [21.88688096100003, 12.676361231000044], [21.90029239000006, 12.67526543100007], [21.91266551500007, 12.66812705600006], [21.943598515000076, 12.637194056000055], [21.944550390000074, 12.626248556000064], [21.94913286900004, 12.621190077000051], [22.152384376000043, 12.669162631000063], [22.199063316000036, 12.70723395500005], [22.19763581600006, 12.752919955000038], [22.309946817000025, 12.689149955000062], [22.404214729000046, 12.64813963000006], [22.463609172000076, 12.63293395200003], [22.427450126000053, 12.538292256000034], [22.42792600100006, 12.516877131000058], [22.418884001000038, 12.512594131000071], [22.396993001000055, 12.476426256000025], [22.38132981700005, 12.464528955000048], [22.363752900000065, 12.44308809000006], [22.37328172900004, 12.42113863000003], [22.387082729000042, 12.425422130000072], [22.39558009500007, 12.423081851000063], [22.40088422900004, 12.410193630000038], [22.426106229000027, 12.384971630000052], [22.427055547000066, 12.380225543000051], [22.420437639000056, 12.37121204500005], [22.41849172900004, 12.357845630000043], [22.426106229000027, 12.353086630000064], [22.42420222900006, 12.34356863000005], [22.430865229000062, 12.318822130000058], [22.444665729000064, 12.293124130000024], [22.439430729000037, 12.275992130000077], [22.44847272900006, 12.269329630000072], [22.45180422900006, 12.256956130000049], [22.46512922900007, 12.241251630000022], [22.462749729000052, 12.234589130000074], [22.476121765000073, 12.229830306000053], [22.478025390000028, 12.221740306000072], [22.47374239000004, 12.208891056000027], [22.484212015000026, 12.196993806000023], [22.490398640000024, 12.180813306000061], [22.489446765000025, 12.164157181000064], [22.49372976500007, 12.147976806000031], [22.490398640000024, 12.138459056000045], [22.49372976500007, 12.11418843100006], [22.484687890000032, 12.10371893100006], [22.48516376500004, 12.088966181000046], [22.47992901500004, 12.078020680000066], [22.484687890000032, 12.070406430000048], [22.47706520500003, 12.072774372000026], [22.47897714000004, 12.067075055000032], [22.47517001500006, 12.057557305000046], [22.47850114000005, 12.044708305000029], [22.476597765000065, 12.025196680000022], [22.48088076500005, 12.021865430000048], [22.49415872900005, 12.021389630000044], [22.53698872900003, 12.055178130000058], [22.54655389000004, 12.05708143000004], [22.54988514000007, 12.053274305000059], [22.566970326000046, 12.051370805000033], [22.577439729000048, 12.055653630000052], [22.58317168700006, 12.061840630000063], [22.592239391000078, 12.06041268000007], [22.624501053000074, 12.101682180000068], [22.724293533000036, 12.256101127000022], [22.73210596200005, 12.288510501000076], [22.725086990000023, 12.324277395000024], [22.692677322000065, 12.39068364600007], [22.686696, 12.43267497000005], [22.695301725000036, 12.473874022000075], [22.659474197000065, 12.572690482000041], [22.638905350000073, 12.617490287000066], [22.611500749000072, 12.660885950000022], [22.61607820100005, 12.69311284400004], [22.62651521300006, 12.704892630000074], [22.645863357000053, 12.715878959000065], [22.666065994000064, 12.735288138000044], [22.68266755700006, 12.79107427100007], [22.72195615000004, 12.814548888000047], [22.764088455000035, 12.85430669300007], [22.784901443000024, 12.86071538300007], [22.787098368000045, 12.886712325000076], [22.792103592000046, 12.891110892000029], [22.802354225000045, 12.891136689000064], [22.814869705000035, 12.896726126000033], [22.830067459000077, 12.914914603000057], [22.843067947000065, 12.922299856000052], [22.858876053000074, 12.922910209000065], [22.896450636000054, 12.93608256400006], [22.907292297000026, 12.951984364000054], [22.90906503900004, 12.961498087000052], [22.901308726000025, 12.97229681500005], [22.908695287000057, 12.97990300500004], [22.912258474000055, 12.978282383000021], [22.912892081000052, 12.98150350900005], [22.910694900000067, 12.989682669000047], [22.900318924000032, 13.00048589100004], [22.878468802000043, 13.009091665000028], [22.880909744000064, 13.014707083000076], [22.91026765400005, 13.031674857000041], [22.925099197000065, 13.032895559000053], [22.942494217000046, 13.029477591000045], [22.974293533000036, 13.059873098000025], [22.97526997800003, 13.075496217000023], [22.95110048300006, 13.100887871000054], [22.967274287000066, 13.115903185000036], [22.96611507600005, 13.119503660000078], [22.97667390400005, 13.137692922000042], [22.98967439300003, 13.136289115000068], [23.006885559000068, 13.149105976000044], [22.99767802300005, 13.15887206900004], [23.004689100000064, 13.158872252000037], [23.00670320100005, 13.163327688000038], [23.01451570100005, 13.165097709000065], [23.032887283000036, 13.191281790000062], [23.037480321000032, 13.201659716000052], [23.038868729000058, 13.218320364000022], [23.03368092000005, 13.25268221600004], [23.042897049000032, 13.263120169000047], [23.081086103000075, 13.255919735000077], [23.186085525000067, 13.29467534500003], [23.194691482000053, 13.315488333000076], [23.200897785000052, 13.398414108000054], [23.218709887000045, 13.409517331000075], [23.224691132000032, 13.428633393000041]]]}}, {"type": "Feature", "properties": {"name": "West Kordofan", "country": "SDN"}, "geometry": {"type": "Polygon", "coordinates": [[[28.99976279200007, 9.670913934000055], [29.03744933200005, 9.708732342000076], [29.051250207000066, 9.729671592000045], [29.069809957000075, 9.73633409200005], [29.078376082000034, 9.750134967000065], [29.09836345700006, 9.753942092000045], [29.116923332000056, 9.748707342000046], [29.538087957000073, 9.750134967000065], [29.53903970700003, 10.081831842000042], [29.93902808300004, 10.286643467000033], [29.981927100000064, 10.288505291000035], [29.973882417000027, 10.292904727000064], [29.96087646500007, 10.306518555000025], [29.95751953100006, 10.316101074000073], [29.952387560000034, 10.318937230000074], [29.944184077000045, 10.345725836000042], [29.936005366000074, 10.357688728000028], [29.89437938900005, 10.448509039000044], [29.888581050000028, 10.455283941000062], [29.887604487000033, 10.464927497000076], [29.881623042000058, 10.467918219000069], [29.844574702000045, 10.535301031000074], [29.84237743600005, 10.56453687100003], [29.711029780000047, 10.677085699000031], [29.686005366000074, 10.703086677000044], [29.67898632200007, 10.705894294000075], [29.50161815900003, 10.859702887000026], [29.488373530000047, 10.86672193000004], [29.477204096000037, 10.880088629000056], [29.390228999000044, 10.947288336000042], [29.36099656600004, 11.001726419000022], [29.358795893000035, 11.012290778000022], [29.33859325700007, 11.04653150100006], [29.333771479000063, 11.104514898000048], [29.337799800000028, 11.138694587000032], [29.343170893000035, 11.145713629000056], [29.395416987000033, 11.183738532000064], [29.39761425300003, 11.199912849000043], [29.415619624000044, 11.208701910000059], [29.441010249000044, 11.232322517000057], [29.470795405000047, 11.25093823900005], [29.474396479000063, 11.257102790000033], [29.469391596000037, 11.270103278000022], [29.46957433700004, 11.294651368000075], [29.459625971000037, 11.316123786000048], [29.460419428000023, 11.32692700900003], [29.49721065500006, 11.380496614000037], [29.493378413000073, 11.390708747000076], [29.496369135000066, 11.399131598000054], [29.49539257300006, 11.397300543000028], [29.478974115000028, 11.424094978000028], [29.45156933100003, 11.507896247000076], [29.37680126400005, 11.701499763000072], [29.25497509300004, 11.696494880000046], [29.230377925000028, 11.734519782000064], [29.232025874000044, 11.747520271000042], [29.22378612800003, 11.747886481000023], [29.22921825700007, 11.775718512000026], [29.25058056100005, 11.824912848000054], [29.269623530000047, 11.974326910000059], [29.282990229000063, 12.001914802000044], [29.347382319000076, 12.104514898000048], [29.353424800000028, 12.128501716000073], [29.36258007300006, 12.12929517200007], [29.38479687000006, 12.139304938000066], [29.41781688900005, 12.159507574000031], [29.442169917000058, 12.211082282000064], [29.43700212500005, 12.241744113000038], [29.44442821800004, 12.249900642000057], [29.478607905000047, 12.258140388000072], [29.489228022000077, 12.266502203000073], [29.488373530000047, 12.279502691000062], [29.495575678000023, 12.305320563000066], [29.523407710000072, 12.360496344000069], [29.554413569000076, 12.390708747000076], [29.58419872500008, 12.428306403000022], [29.62820507300006, 12.461936774000037], [29.644013178000023, 12.487083258000041], [29.643585932000065, 12.50093823900005], [29.650177729000063, 12.505332770000052], [29.66342235700006, 12.530540290000033], [29.712982905000047, 12.66109448800006], [29.71597362800003, 12.672935309000025], [29.705414546000043, 12.698509039000044], [29.711823237000033, 12.728538337000032], [29.738007319000076, 12.736900153000022], [29.787384760000066, 12.744285406000074], [29.788083937000067, 12.749262951000048], [29.72326460100004, 12.877070568000022], [29.634873905000063, 12.998701845000028], [29.637228282000024, 13.002319483000065], [29.587644485000055, 13.088679455000033], [29.564850085000046, 13.088088114000072], [29.546079544000065, 13.100703381000073], [29.532041457000048, 13.16509547100003], [29.520078566000052, 13.255305432000057], [29.527280714000028, 13.355891369000062], [29.51586714000007, 13.407466076000048], [29.415037062000067, 13.428889416000061], [29.411252882000042, 13.438655041000061], [29.40203657400008, 13.438655041000061], [29.39367475800003, 13.433467053000072], [29.381833937000067, 13.436091564000037], [29.301877882000042, 13.479304455000033], [29.284238722000055, 13.493708752000032], [29.25964155400004, 13.502070568000022], [29.268430617000035, 13.528254650000065], [29.219236281000065, 13.550898693000022], [29.106626418000076, 13.687312267000038], [29.074818153000024, 13.688659481000059], [29.02685346800007, 13.712458752000032], [28.99206343000003, 13.71868433800006], [28.959653762000073, 13.741511486000036], [28.871641066000052, 13.776301525000065], [28.871641066000052, 13.857295178000072], [28.801450636000027, 13.857661389000043], [28.76727094900008, 13.810908459000075], [28.74706784500006, 13.811887714000022], [28.744443800000056, 13.827510021000023], [28.732664016000058, 13.849482678000072], [28.710081007000042, 13.842707775000065], [28.703672316000052, 13.859065197000064], [28.678031490000023, 13.859320899000068], [28.67407026500007, 13.866877697000064], [28.66940617100005, 13.867650255000058], [28.65948286300005, 13.859492443000022], [28.638047698000037, 13.859687375000021], [28.600034621000077, 13.897700451000048], [28.497068312000067, 13.93389429900003], [28.486234182000032, 13.933907968000028], [28.36584272600004, 13.987055920000046], [28.32446089000007, 13.991511486000036], [28.30688276500007, 14.005305432000057], [28.253423611000073, 14.025820886000076], [28.197263625000062, 13.969660900000065], [28.12487592900004, 13.955866955000033], [28.056656056000065, 13.983264832000032], [28.05148782400005, 14.019327345000022], [28.06651237500006, 14.03808818500005], [28.06776096400006, 14.048984955000037], [28.079849568000043, 14.050914591000037], [28.081110737000074, 14.056144627000037], [28.073411203000035, 14.069279126000026], [28.01262053000005, 14.12208230300007], [28.00316732400006, 14.123051863000057], [27.989468070000044, 14.119400297000027], [27.98571493600008, 14.104508830000043], [27.986935763000076, 14.094371608000074], [27.994519366000077, 14.079914813000073], [27.98804199400007, 14.055393338000044], [27.95935656100005, 14.050766655000075], [27.919807905000027, 14.05566563800005], [27.907007385000043, 14.062605678000068], [27.89790822200007, 14.070625281000048], [27.899180776000037, 14.074326584000062], [27.911325851000072, 14.068003517000022], [27.914410403000034, 14.069391495000048], [27.908087102000025, 14.08203779400003], [27.862711710000042, 14.083643100000074], [27.86988593600006, 14.070257064000032], [27.88041453900007, 14.060898305000023], [27.879108248000023, 14.058032259000072], [27.86048753500006, 14.072671171000025], [27.83733387700005, 14.061023308000074], [27.823633553000036, 14.058179891000066], [27.77279529900005, 14.118636011000035], [27.496738450000066, 14.118112494000059], [27.480748650000066, 14.09228306600005], [27.44379001200008, 14.097457106000036], [27.471222651000062, 14.020896734000075], [27.479503545000057, 13.982695825000064], [27.468170893000035, 13.822532477000038], [27.455170405000047, 13.74031812100003], [27.49722362800003, 13.704124274000037], [27.528987251000046, 13.64964522200006], [27.53618940100006, 13.64909590600007], [27.540767036000034, 13.644274128000063], [27.54558881400004, 13.610887899000033], [27.54318310000008, 13.545493903000022], [27.51779247500008, 13.492881598000054], [27.38497997500008, 13.342490973000054], [27.382172358000048, 13.269492926000055], [27.377777827000045, 13.23671704700007], [27.366608393000035, 13.223106207000058], [27.35281444800006, 13.216087164000044], [27.348419917000058, 13.202293220000058], [27.358185542000058, 13.170493903000022], [27.162201655000047, 12.955894294000075], [27.13797069800006, 12.908531012000026], [27.122589839000057, 12.685508551000055], [27.13010384300003, 12.621463411000036], [27.126374018000035, 12.57851392200007], [27.083222163000073, 12.40132886300006], [27.075775874000044, 12.393089117000045], [27.083222163000073, 12.322898688000066], [27.081818354000063, 12.237693610000065], [27.064179194000076, 12.102317633000041], [27.100373042000058, 12.046287360000065], [27.181977046000043, 11.882102790000033], [27.218881544000055, 11.763970218000054], [27.256378901000062, 11.271079841000073], [27.25161815900003, 11.197105231000023], [27.297885647000044, 11.04994997800003], [27.288315933000035, 10.94579417600005], [27.261316812000075, 10.85720027900004], [27.299489787000027, 10.780723028000068], [27.339940625000054, 10.668888362000075], [27.419167497000046, 10.53769211100007], [27.475569902000075, 10.388111963000028], [27.44939583100006, 10.238205920000041], [27.47794936300005, 10.085920415000032], [27.484654213000056, 9.791734316000031], [27.583137796000074, 9.614195938000023], [27.75858658100003, 9.603354842000044], [27.846044507000045, 9.605393136000032], [27.898443335000024, 9.610853281000061], [27.83161850600004, 9.73658752700004], [27.836347489000048, 9.785104921000027], [27.830620405000047, 9.798641665000048], [27.83622945600007, 10.166290863000029], [28.999828104000073, 10.166666718000045], [28.99976279200007, 9.670913934000055]]]}}, {"type": "Feature", "properties": {"name": "White Nile", "country": "SDN"}, "geometry": {"type": "Polygon", "coordinates": [[[32.539672852000024, 15.194274902000075], [32.482482910000044, 15.225280762000068], [32.467529297000056, 15.222717285000044], [32.45129394500003, 15.229492187000062], [32.44329834000007, 15.222717285000044], [32.442321777000075, 15.206481934000067], [32.434326172000056, 15.192321777000075], [32.43530273400006, 15.18408203100006], [32.35571289100005, 15.187927246000072], [32.35192871100003, 15.17749023400006], [32.04290771500007, 15.050903320000032], [32.043884277000075, 15.027893066000047], [32.07128906200006, 15.026306152000075], [32.07208252000004, 14.987121582000043], [32.05230712900004, 14.981079102000024], [32.04931640600006, 14.968322754000042], [32.04327392600004, 14.96728515600006], [31.95428466800007, 14.966918945000032], [31.93127441400003, 14.880676270000038], [31.91027832000003, 14.883728027000075], [31.89410400400004, 14.882507324000073], [31.89251709000007, 14.858886719000054], [31.901123047000056, 14.852478027000075], [31.87847900400004, 14.757324219000054], [31.762695312000062, 14.663330078000058], [31.703674316000047, 14.698486328000058], [31.692687988000046, 14.69451904300007], [31.690673828000058, 14.676696777000075], [31.60772705100004, 14.613525391000053], [31.60168457000003, 14.599487305000025], [31.603698730000076, 14.568908691000047], [31.600708008000026, 14.510681152000075], [31.58752441400003, 14.439697266000053], [31.529479980000076, 14.306518555000025], [31.535120565000057, 14.169583255000077], [31.56170654300007, 14.070495605000076], [31.59387207000003, 14.007873535000044], [31.786499023000033, 13.872497559000067], [31.873448677000056, 13.623791502000074], [31.95288085900006, 13.556274414000029], [31.95092773400006, 13.530517578000058], [31.96588134800004, 13.500671387000068], [31.977478027000075, 13.493530273000033], [32.016723633000026, 13.497924805000025], [32.03526776800004, 13.475494531000038], [32.024902344000054, 13.450683594000054], [32.023498535000044, 13.416076660000044], [31.98291015600006, 13.379699707000043], [31.990905762000068, 13.31671142600004], [32.01629638700007, 13.26147460900006], [32.026123047000056, 13.222900391000053], [31.994323730000076, 13.15991210900006], [31.97027587900004, 13.161682129000042], [31.94311523400006, 13.153076172000056], [31.847900391000053, 13.105285645000038], [31.833679199000073, 13.083496094000054], [31.782502642000054, 13.033111606000034], [31.762329102000024, 13.02709960900006], [31.74127197300004, 13.011108398000033], [31.731079102000024, 12.987670898000033], [31.737670898000033, 12.968872070000032], [31.73608398400006, 12.953674316000047], [31.708679199000073, 12.920898437000062], [31.686523437000062, 12.865905762000068], [31.695678711000028, 12.776123047000056], [31.668884277000075, 12.717895508000026], [31.680908203000058, 12.602111816000047], [31.689880371000072, 12.57147216800007], [31.688903809000067, 12.546508789000029], [31.73291015600006, 12.420471191000047], [31.768493652000075, 12.306274414000029], [31.806701660000044, 12.208679199000073], [31.822082520000038, 12.15991210900006], [31.91009521500007, 12.162292480000076], [32.127934448000076, 11.945086201000038], [32.74141971000006, 11.946901844000024], [32.750461710000025, 11.960226719000048], [32.759027710000055, 12.011623094000072], [32.750461710000025, 12.042556094000076], [32.751889335000044, 12.060639969000022], [32.75712421000003, 12.07015784400005], [32.73904021000004, 12.150583594000068], [32.73951621000003, 12.168191719000049], [32.74617858500005, 12.19960059400006], [32.73428133500005, 12.228629969000053], [32.737074208000024, 12.236845169000048], [33.02303410400003, 12.226947966000068], [33.25510798500005, 12.214393857000061], [33.24090576200007, 12.272277832000043], [33.22692871100003, 12.272094727000024], [33.21911621400005, 12.306518562000065], [33.227294922000056, 12.356872559000067], [33.18969726600005, 12.39428710900006], [33.158081055000025, 12.490478516000053], [33.11010738700003, 12.558471860000054], [33.067871094000054, 12.65087890600006], [33.06671142600004, 12.679077148000033], [33.093078613000046, 12.757080078000058], [33.13110351600005, 12.820922852000024], [33.185729940000044, 12.927917525000055], [33.112642562000076, 13.008130923000067], [33.11529538900004, 13.017517166000061], [33.10827636700003, 13.042114258000026], [33.10131835900006, 13.038513184000067], [33.09429931600005, 13.046508789000029], [33.059509277000075, 13.040710449000073], [33.05328369100005, 13.046508789000029], [33.01489257800006, 13.111511230000076], [33.07910156200006, 13.147094727000024], [33.07812499700003, 13.171875], [33.04931640600006, 13.182678223000039], [32.98931884800004, 13.158325195000032], [32.95288085900006, 13.223693848000039], [32.91149963000004, 13.262889943000062], [32.91210934000003, 13.276489438000056], [32.96112057000005, 13.398925961000032], [32.96429439900004, 13.420898617000034], [32.96588131300007, 13.480285798000068], [32.960082973000056, 13.50067156700004], [32.95288089600007, 13.509277438000026], [32.95892334000007, 13.524475098000039], [32.96209715100008, 13.552490324000075], [32.941711422000026, 13.69689941300004], [32.92150878900003, 13.703491211000028], [32.92028808600003, 13.721130371000072], [32.90429687500006, 13.721313477000024], [32.89947509800004, 13.687927246000072], [32.89392089800003, 13.67767334000007], [32.890686035000044, 13.656127930000025], [32.868286133000026, 13.63452148400006], [32.83227539100005, 13.564697266000053], [32.811279297000056, 13.554870605000076], [32.791076660000044, 13.582702637000068], [32.79010009800004, 13.59350585900006], [32.77429199200003, 13.600524902000075], [32.758911133000026, 13.59991455100004], [32.73449707000003, 13.61248779300007], [32.73492431600005, 13.626525879000042], [32.72528076200007, 13.63452148400006], [32.72491455100004, 13.643127441000047], [32.716125488000046, 13.654907227000024], [32.71411132800006, 13.675903320000032], [32.70892334000007, 13.684692383000026], [32.68109130900007, 13.688293457000043], [32.67889404300007, 13.700683594000054], [32.687683105000076, 13.71868896500007], [32.71588134800004, 13.74407959000007], [32.71228027300003, 13.758728027000075], [32.70111084000007, 13.768127441000047], [32.703308105000076, 13.778320312000062], [32.68048095700004, 13.824096680000025], [32.68591308600003, 13.833496094000054], [32.67352294900007, 13.838928223000039], [32.67309570300006, 13.845703125000057], [32.668701172000056, 13.848327637000068], [32.667480469000054, 13.853881836000028], [32.67211914100005, 13.857482910000044], [32.667480469000054, 13.909484863000046], [32.63348388700007, 13.909484863000046], [32.62731933600003, 13.90087890600006], [32.60467529300007, 13.917297363000046], [32.60968017600004, 13.927124023000033], [32.59527587900004, 13.93548584000007], [32.582092285000044, 13.926513672000056], [32.551696777000075, 13.953674316000047], [32.53710937500006, 13.971313477000024], [32.526306152000075, 14.00048828100006], [32.53631591800007, 14.031494141000053], [32.50549316400003, 14.090515137000068], [32.50152587900004, 14.092895508000026], [32.50292968700006, 14.095275879000042], [32.48992919900007, 14.128295898000033], [32.45727539100005, 14.172119141000053], [32.44848632800006, 14.197692871000072], [32.49267578100006, 14.281677246000072], [32.47991943400007, 14.295715332000043], [32.472717285000044, 14.298522949000073], [32.420104980000076, 14.413696289000029], [32.42230224600007, 14.458679199000073], [32.414123535000044, 14.462890625000057], [32.41430664100005, 14.470886230000076], [32.42132568400007, 14.474670410000044], [32.411071777000075, 14.52392578100006], [32.387329102000024, 14.545471191000047], [32.383911133000026, 14.56048584000007], [32.35589599600007, 14.581909180000025], [32.351074219000054, 14.593078613000046], [32.349487305000025, 14.630920410000044], [32.35351562500006, 14.649108887000068], [32.38311767600004, 14.671875], [32.40728759800004, 14.681518555000025], [32.455688477000024, 14.67608642600004], [32.468078613000046, 14.66827392600004], [32.45727539100005, 14.647705078000058], [32.46887207000003, 14.647521973000039], [32.499328613000046, 14.720520020000038], [32.54309082000003, 14.772521973000039], [32.552917480000076, 14.79608154300007], [32.56549072300004, 14.849487305000025], [32.54650878900003, 14.91650390600006], [32.551513672000056, 14.983703613000046], [32.54168701200007, 14.98748779300007], [32.54290771500007, 14.991882324000073], [32.55212402300003, 14.994323730000076], [32.56231689500004, 15.039123535000044], [32.56207275400004, 15.062316895000038], [32.555297852000024, 15.079895020000038], [32.53009033200004, 15.098083496000072], [32.519714355000076, 15.115905762000068], [32.522094727000024, 15.149902344000054], [32.539672852000024, 15.194274902000075]]]}}, {"type": "Feature", "properties": {"name": "North Sinai Governorate", "country": "EGY"}, "geometry": {"type": "MultiPolygon", "coordinates": [[[[32.57796560294323, 31.06575792613141], [32.5735377, 31.0525644], [32.593976, 30.9469999], [32.6293603, 30.5139132], [32.6491814, 30.4745618], [32.7493781, 30.3595275], [32.7782438, 30.2813519], [32.7817949, 30.2568876], [32.8067447, 30.1925665], [32.8042552, 29.994799], [32.8329848, 29.9232502], [33.1587783, 29.9015464], [33.4781858, 29.8736266], [33.7219022, 29.8330016], [34.3344338, 29.5935333], [34.4706059, 29.5544315], [34.6911472, 29.5344688], [34.841766, 29.5608537], [34.8760946, 29.5588844], [34.8664144, 29.597609], [34.8744734, 29.6141045], [34.880253, 29.6486941], [34.8757017, 29.6498137], [34.8703474, 29.6605481], [34.8697545, 29.6701195], [34.8657321, 29.670391], [34.8581911, 29.6858537], [34.8437909, 29.7791901], [34.8366005, 29.7846626], [34.8381263, 29.7911693], [34.8320362, 29.7946921], [34.8300683, 29.8008797], [34.8338503, 29.802645], [34.8331872, 29.8069461], [34.8260101, 29.8085996], [34.8236092, 29.8303462], [34.8203036, 29.834625], [34.8178234, 29.8327843], [34.8013443, 29.8724311], [34.7306068, 30.061936], [34.7277969, 30.0780731], [34.6859341, 30.1717024], [34.6189079, 30.3450188], [34.6139079, 30.3680738], [34.5841859, 30.3847409], [34.5779675, 30.392421], [34.5681947, 30.3939008], [34.5580709, 30.404354], [34.5469639, 30.4055739], [34.54762, 30.4096227], [34.5426847, 30.4130443], [34.5422513, 30.4268185], [34.5358504, 30.4310222], [34.541747, 30.44664], [34.5393566, 30.4538949], [34.5435752, 30.4528757], [34.5485276, 30.4694093], [34.5462359, 30.4784526], [34.5491992, 30.4929313], [34.5537247, 30.4979142], [34.5325803, 30.5186455], [34.5311769, 30.5149188], [34.5155749, 30.5336302], [34.5164763, 30.5650724], [34.5143219, 30.567271], [34.5167209, 30.5716608], [34.5145687, 30.5749289], [34.5189718, 30.603329], [34.5155257, 30.6070024], [34.5007435, 30.6632475], [34.4927969, 30.6761307], [34.4964005, 30.6808507], [34.403429, 30.858308], [34.3303584, 31.045153], [34.2400686, 31.2957792], [34.2355196, 31.2966153], [34.2187977, 31.3235798], [34.1255955, 31.2622336], [34.0418637, 31.2197975], [33.9891637, 31.1983252], [33.9747529, 31.1973053], [33.8711894, 31.1594425], [33.8353392, 31.1521303], [33.831604, 31.153759], [33.8327159, 31.1515868], [33.8293483, 31.1507493], [33.8334453, 31.1586228], [33.8167663, 31.1497592], [33.7667394, 31.1348173], [33.6795194, 31.1186757], [33.5830293, 31.1133493], [33.5335744, 31.1160983], [33.5049069, 31.1212418], [33.4904444, 31.1255034], [33.4716904, 31.1417766], [33.4549105, 31.1523545], [33.3931983, 31.1822453], [33.3287823, 31.1992796], [33.2909739, 31.2044554], [33.2725968, 31.2103542], [33.273446, 31.2147805], [33.2697046, 31.2082925], [33.275199, 31.2040039], [33.2854399, 31.201043], [33.2899031, 31.2032454], [33.3051809, 31.2014835], [33.3311018, 31.1953164], [33.4037146, 31.1681471], [33.4045729, 31.1732878], [33.4708342, 31.1405291], [33.485281, 31.1276845], [33.4730658, 31.1305377], [33.4595501, 31.0791132], [33.4274038, 31.0946774], [33.4016546, 31.0982052], [33.3692106, 31.1115804], [33.3266386, 31.1032028], [33.2325682, 31.0726254], [33.2166037, 31.0733605], [33.1995564, 31.0693258], [33.1967883, 31.0630949], [33.2169326, 31.0655648], [33.2211154, 31.0588733], [33.2016638, 31.0561386], [33.1942134, 31.0588673], [33.1601271, 31.0415969], [33.140386, 31.041744], [33.1493124, 31.0646854], [33.1433043, 31.0754189], [33.1482824, 31.0792415], [33.1215033, 31.0924724], [33.1172117, 31.1023209], [33.1221899, 31.1076122], [33.1160101, 31.1101107], [33.1012472, 31.1073182], [33.0948957, 31.1096698], [33.1161818, 31.113785], [33.1081137, 31.1218678], [33.0979857, 31.1256885], [33.1057104, 31.1246599], [33.1053671, 31.1342111], [33.1134352, 31.1350927], [33.1154951, 31.1425861], [33.1178984, 31.132154], [33.1304297, 31.1306846], [33.1347212, 31.1270111], [33.1412443, 31.1292152], [33.150514, 31.1208391], [33.1434759, 31.1308316], [33.1336912, 31.1337703], [33.1259665, 31.142733], [33.1210742, 31.151015], [33.1219931, 31.154675], [33.108972, 31.1678533], [33.1112036, 31.1703503], [33.1077703, 31.1746097], [33.0926641, 31.1812187], [33.063825, 31.1650625], [33.0532465, 31.1605989], [33.0414867, 31.160222], [33.026564, 31.1514358], [33.0181631, 31.142733], [33.0064901, 31.1214269], [32.989839, 31.1051135], [32.9551634, 31.0999691], [32.9595812, 31.0967105], [32.9643877, 31.0978865], [32.9655893, 31.0918596], [32.9740007, 31.0886256], [32.9827555, 31.0936236], [33.0124529, 31.0928886], [33.0232868, 31.0879074], [33.029619, 31.1118496], [33.0594336, 31.1227631], [33.0634363, 31.1206674], [33.0646666, 31.112944], [33.0518351, 31.1097526], [33.0466603, 31.0954397], [33.0534928, 31.095056], [33.0548368, 31.0909317], [33.0488451, 31.0864205], [33.0267008, 31.0878905], [33.0228637, 31.0816815], [33.012175, 31.0794947], [33.0090197, 31.0668663], [33.0176697, 31.070074], [33.0266596, 31.0641248], [33.0080183, 31.0493791], [32.9908653, 31.0496496], [32.975374, 31.0536318], [32.9720762, 31.0574917], [32.9596098, 31.0573035], [32.9769715, 31.060368], [32.9784639, 31.0649547], [32.9724558, 31.0711303], [32.977949, 31.0749531], [32.9719408, 31.0781876], [32.9843004, 31.0784816], [32.9837854, 31.0856854], [32.9762323, 31.0824511], [32.9561934, 31.0958533], [32.9426321, 31.0977643], [32.9379972, 31.0960003], [32.9383406, 31.0879153], [32.9331907, 31.083799], [32.9299292, 31.0871803], [32.8952113, 31.0906585], [32.8894058, 31.0862439], [32.8695826, 31.0903799], [32.8545914, 31.0809814], [32.8415236, 31.0795356], [32.8291633, 31.070854], [32.8190359, 31.0682144], [32.7890925, 31.0441793], [32.7654776, 31.0407145], [32.7517447, 31.0460092], [32.7443632, 31.0443914], [32.7345785, 31.0317422], [32.724369, 31.0287394], [32.7141508, 31.0276235], [32.7004179, 31.0321835], [32.707971, 31.0367432], [32.7163824, 31.0371845], [32.7141508, 31.0411557], [32.7167257, 31.0485094], [32.7102026, 31.0508624], [32.685655, 31.0479211], [32.6775673, 31.0432378], [32.670943, 31.0471858], [32.6764872, 31.0526759], [32.6859983, 31.0524801], [32.6966414, 31.0580683], [32.7541479, 31.0683614], [32.8016981, 31.0845341], [32.9203161, 31.1399414], [32.9261461, 31.1349988], [32.9224427, 31.1497639], [32.8827364, 31.1246216], [32.8182775, 31.0936101], [32.7584535, 31.0731752], [32.7075559, 31.0624415], [32.6407796, 31.0558242], [32.6065332, 31.0573683], [32.57796560294323, 31.06575792613141]]], [[[32.9315384, 31.1383841], [32.9479082, 31.1521108], [32.9909952, 31.1684161], [33.0601747, 31.203808], [33.0745943, 31.2033675], [33.0900438, 31.207185], [33.095537, 31.2099745], [33.083864, 31.2183428], [33.1115015, 31.2255359], [33.1853159, 31.2261231], [33.258272, 31.2130577], [33.261596, 31.209482], [33.2678181, 31.2121957], [33.2712044, 31.2178855], [33.2351411, 31.2198709], [33.1783641, 31.2290089], [33.1017172, 31.2273208], [33.076011, 31.2195039], [33.0272591, 31.1925984], [32.9632294, 31.1629312], [32.92815, 31.1423403], [32.9315384, 31.1383841]]]]}}, {"type": "Feature", "properties": {"name": "South Sinai Governorate", "country": "EGY"}, "geometry": {"type": "MultiPolygon", "coordinates": [[[[34.52329565, 27.966960461223056], [34.5032072, 27.9809877], [34.5024548, 27.9923649], [34.5146084, 27.9834882], [34.5391179, 27.9941337], [34.5476511, 27.9907782], [34.5516753, 27.9934045], [34.5523814, 27.9989301], [34.5393073, 28.012414], [34.5161917, 28.0142478], [34.5056371, 28.008268], [34.5040031, 28.0005393], [34.4944096, 28.0008006], [34.4986647, 27.9906284], [34.5000634, 27.9677878], [34.5053531, 27.9581999], [34.5028993, 27.944833], [34.5149809, 27.937965], [34.5268005, 27.9375786], [34.5321554, 27.9256558], [34.5546119, 27.911509], [34.5859545, 27.9159702], [34.5943941, 27.9126183], [34.6224088, 27.9217409], [34.6230062, 27.9271726], [34.6190739, 27.9329628], [34.5894432, 27.9469351], [34.5844192, 27.9571945], [34.5870251, 27.9640718], [34.5899008, 27.9635973], [34.5892467, 27.9689297], [34.5832078, 27.9665949], [34.569602, 27.9704079], [34.5495592, 27.9625677], [34.52329565, 27.966960461223056]]], [[[34.6959574, 27.9235099], [34.6914085, 27.9213125], [34.6960349, 27.9157836], [34.7023394, 27.9141955], [34.7036496, 27.905662], [34.7071211, 27.9031727], [34.7125101, 27.9077987], [34.7177748, 27.9064098], [34.7202827, 27.9104279], [34.7328496, 27.9136984], [34.7399318, 27.9216872], [34.7356597, 27.934963], [34.7282064, 27.9410693], [34.7244779, 27.9403494], [34.7244243, 27.9473379], [34.7190143, 27.9451786], [34.7209358, 27.9497316], [34.7170616, 27.9541297], [34.6912661, 27.9591285], [34.6850197, 27.9588389], [34.6749279, 27.9507676], [34.6589321, 27.9469294], [34.6575427, 27.9414102], [34.6681379, 27.9369679], [34.6611285, 27.9286268], [34.6519285, 27.9246681], [34.6691937, 27.9215726], [34.6681299, 27.9241275], [34.6732996, 27.9276358], [34.6705432, 27.9418769], [34.6825238, 27.943723], [34.6964484, 27.9306415], [34.6959574, 27.9235099]]], [[[32.8329848, 29.9232502], [32.8003299, 29.8972787], [32.632239410218716, 29.807137729450805], [32.6452229, 29.7879727], [32.6604671, 29.7733562], [32.6663406, 29.7582465], [32.6823012, 29.7523494], [32.6965461, 29.7287084], [32.6968812, 29.7101791], [32.6874599, 29.6935193], [32.6901861, 29.6805694], [32.6805081, 29.6578624], [32.6866058, 29.6487302], [32.6912292, 29.6165595], [32.6885875, 29.608561], [32.6790195, 29.5992078], [32.6795366, 29.5960439], [32.7108872, 29.5845037], [32.7166994, 29.5603171], [32.7202595, 29.560281], [32.7211039, 29.5530692], [32.7264345, 29.5501292], [32.7219515, 29.5346388], [32.7242477, 29.5181347], [32.7196447, 29.5074013], [32.7271266, 29.5045451], [32.7363603, 29.4898085], [32.7327307, 29.477629], [32.7181291, 29.4537138], [32.7175091, 29.4473791], [32.7321472, 29.4473758], [32.7263188, 29.4533329], [32.7205098, 29.4512379], [32.7347942, 29.4780924], [32.7407936, 29.4722835], [32.7342228, 29.4627606], [32.7362162, 29.4550597], [32.7408297, 29.4663878], [32.7449787, 29.464195], [32.7505331, 29.4530999], [32.7486509, 29.4519706], [32.7521311, 29.451131], [32.7475364, 29.4499264], [32.7509341, 29.4470249], [32.7458729, 29.4482459], [32.751616, 29.4439749], [32.7433565, 29.4489605], [32.7440499, 29.4459872], [32.7843323, 29.4321273], [32.8017848, 29.4115639], [32.8122088, 29.4093897], [32.8187321, 29.4034793], [32.8260748, 29.384234], [32.8161829, 29.364376], [32.8154641, 29.3568356], [32.826165, 29.3504318], [32.8291948, 29.3437096], [32.826077, 29.3279086], [32.830404, 29.3148702], [32.8429448, 29.3100186], [32.8472299, 29.299222], [32.856667, 29.2997703], [32.8689716, 29.2896345], [32.8778279, 29.2756359], [32.8777327, 29.2710649], [32.8811609, 29.269446], [32.8751615, 29.2570662], [32.8839226, 29.2412582], [32.8845892, 29.2339256], [32.9051586, 29.2242123], [32.9260954, 29.2051023], [32.9381418, 29.2075971], [32.9513446, 29.2030715], [32.9764502, 29.1672065], [32.9911503, 29.165837], [33.0036253, 29.1575521], [33.0166597, 29.13584], [33.0300037, 29.131745], [33.0364995, 29.1198701], [33.0778086, 29.0853686], [33.0765117, 29.0669642], [33.0964371, 29.0573033], [33.0978066, 29.0473723], [33.1069995, 29.0440374], [33.1225531, 29.0441143], [33.128349, 29.0333444], [33.1537073, 29.0226295], [33.1591806, 29.0093779], [33.1718947, 29.0071857], [33.1812271, 29.000234], [33.1792273, 28.9860449], [33.1709424, 28.9744269], [33.1735136, 28.9638565], [33.1700691, 28.9450573], [33.1846459, 28.931393], [33.1886853, 28.9196998], [33.1739882, 28.8971351], [33.1804577, 28.8865126], [33.1724884, 28.8675079], [33.1753456, 28.8484737], [33.1795203, 28.8356284], [33.1844443, 28.8305974], [33.1848725, 28.8238536], [33.1887261, 28.8238536], [33.2013967, 28.8103881], [33.2102916, 28.8066591], [33.2172739, 28.7845281], [33.2311282, 28.7685732], [33.2286972, 28.7532755], [33.2180029, 28.7320831], [33.2178007, 28.7254621], [33.2089334, 28.7156378], [33.2081726, 28.697746], [33.1983451, 28.6706988], [33.2097761, 28.6436753], [33.2227398, 28.6288668], [33.218085, 28.6183788], [33.2064712, 28.6201442], [33.219435, 28.6180392], [33.2242499, 28.6056114], [33.2233187, 28.5891368], [33.2417202, 28.5551387], [33.2469187, 28.5511284], [33.2542956, 28.5495441], [33.2428589, 28.5567725], [33.2444927, 28.5628622], [33.2345908, 28.5790518], [33.2576388, 28.5814839], [33.2632074, 28.577121], [33.2695941, 28.5640999], [33.2709076, 28.5501389], [33.2584049, 28.5483064], [33.2590485, 28.5424147], [33.2791, 28.5298888], [33.2838529, 28.513006], [33.2948935, 28.5059261], [33.3067759, 28.4889938], [33.3182621, 28.4845379], [33.3254634, 28.4744928], [33.3505668, 28.46603], [33.3644991, 28.4549164], [33.3732673, 28.4279979], [33.386734, 28.4129965], [33.4010422, 28.402946], [33.4046069, 28.3892318], [33.4158456, 28.3843304], [33.433174, 28.3647741], [33.4891694, 28.3376923], [33.5059532, 28.3200668], [33.5350154, 28.3121948], [33.551007, 28.297837], [33.5672957, 28.2933811], [33.5726427, 28.2858557], [33.5756628, 28.2731812], [33.5868262, 28.268861], [33.5883085, 28.2542136], [33.5941204, 28.2513463], [33.5931451, 28.2441348], [33.6088992, 28.2289632], [33.606647, 28.2384187], [33.6157824, 28.2385792], [33.6168044, 28.2301308], [33.6187424, 28.2317395], [33.6230555, 28.2274726], [33.6283721, 28.1804407], [33.6421658, 28.1697467], [33.6489076, 28.1688168], [33.6493604, 28.1608498], [33.6524202, 28.1660811], [33.6667309, 28.1630824], [33.670373, 28.1330153], [33.6834693, 28.1261184], [33.6843992, 28.1182917], [33.6929234, 28.1038006], [33.7136139, 28.0817152], [33.7088093, 28.0706338], [33.7140013, 28.0662167], [33.7241529, 28.068309], [33.7269426, 28.0639694], [33.7315921, 28.063892], [33.7365857, 28.0549283], [33.7368769, 28.058131], [33.7463686, 28.0511432], [33.748989, 28.0526573], [33.7599366, 28.0484064], [33.766342, 28.03775], [33.7593839, 28.0264227], [33.7635666, 28.0174022], [33.778163, 28.0131763], [33.7812493, 28.0092165], [33.7901005, 28.008576], [33.7907411, 28.0033351], [33.7960984, 28.001297], [33.7970301, 27.9948333], [33.8034938, 27.9870885], [33.813859, 27.9782373], [33.8173529, 27.979926], [33.8204974, 27.9725306], [33.8609683, 27.9536636], [33.8796024, 27.9306039], [33.8841445, 27.9344472], [33.8931704, 27.9321179], [33.9055737, 27.9377082], [33.9136679, 27.9365435], [33.9438318, 27.901954], [33.9524501, 27.8864062], [33.959205, 27.8917052], [33.9645906, 27.8914499], [33.9667347, 27.8866802], [33.9857466, 27.8836909], [33.9956325, 27.8667421], [34.0116593, 27.8495507], [34.0246361, 27.8417869], [34.0296826, 27.8335239], [34.0433802, 27.8238191], [34.0488704, 27.8145025], [34.0855823, 27.7964793], [34.0919597, 27.786719], [34.1022191, 27.7942056], [34.112423, 27.7951483], [34.1376001, 27.7944274], [34.152795, 27.7870518], [34.1585625, 27.7807299], [34.162888, 27.7807853], [34.1654945, 27.7856654], [34.1870114, 27.7842235], [34.197659, 27.7780125], [34.1968826, 27.7737424], [34.2043137, 27.7705259], [34.2069756, 27.7630948], [34.210913, 27.7653131], [34.2137967, 27.7627066], [34.2326809, 27.7407058], [34.2324398, 27.7372315], [34.2403426, 27.736794], [34.2510472, 27.7241399], [34.2470206, 27.7337008], [34.2574136, 27.7276029], [34.2570988, 27.7314706], [34.2607206, 27.7319757], [34.2508968, 27.7529464], [34.2506195, 27.7605993], [34.255746, 27.7656543], [34.2463175, 27.7670024], [34.2391217, 27.7632657], [34.2244447, 27.7651284], [34.2234029, 27.7622499], [34.2078075, 27.7795653], [34.2054783, 27.7887154], [34.2122439, 27.7903791], [34.2142379, 27.7956585], [34.219786, 27.7883272], [34.2250543, 27.7882163], [34.233586, 27.7948473], [34.2400829, 27.7862199], [34.2578495, 27.7884504], [34.2632081, 27.8094005], [34.2690075, 27.8162381], [34.2632947, 27.8244064], [34.2699075, 27.8256339], [34.2768624, 27.8400888], [34.2728637, 27.8536115], [34.2856196, 27.8572018], [34.2877666, 27.8552073], [34.2851293, 27.8508022], [34.2885064, 27.8483877], [34.2946117, 27.857041], [34.2896632, 27.8614754], [34.2944323, 27.8621661], [34.3030294, 27.8474842], [34.3166324, 27.8483045], [34.3182839, 27.8605668], [34.3243043, 27.8679034], [34.3197292, 27.8759008], [34.3212617, 27.8810559], [34.3301465, 27.8859599], [34.326535, 27.8908204], [34.3313751, 27.9047436], [34.3271611, 27.908077], [34.3282952, 27.9117815], [34.3343346, 27.9149285], [34.3462614, 27.908773], [34.3544655, 27.9167012], [34.3664286, 27.9158128], [34.3693628, 27.932127], [34.3803257, 27.9347689], [34.3869292, 27.9404992], [34.384415, 27.9512977], [34.3930528, 27.9524926], [34.4015951, 27.962859], [34.417256, 27.9644519], [34.427355, 27.9745785], [34.4233718, 27.9784416], [34.4246791, 27.9837368], [34.4323768, 27.986534], [34.4424469, 28.0270228], [34.4366559, 28.0399457], [34.4390698, 28.0644905], [34.4308447, 28.0680786], [34.4274733, 28.0829329], [34.437415, 28.0981842], [34.4373163, 28.1083581], [34.4432216, 28.1165307], [34.4403382, 28.1196758], [34.4432216, 28.1237932], [34.4402747, 28.1403756], [34.4497642, 28.1544163], [34.4495347, 28.1725962], [34.4477508, 28.1791168], [34.4396309, 28.1846531], [34.4438754, 28.1876058], [34.4399625, 28.1937179], [34.4354902, 28.1975918], [34.4357422, 28.1931824], [34.4329391, 28.1930564], [34.4303249, 28.1974973], [34.4240573, 28.1992296], [34.4284667, 28.2048357], [34.4248132, 28.2090876], [34.4207818, 28.2057806], [34.4180732, 28.2081743], [34.4225771, 28.2110089], [34.4106088, 28.2333706], [34.4166376, 28.2451048], [34.4080453, 28.2706594], [34.4096749, 28.3202129], [34.4196177, 28.3343622], [34.4214579, 28.3432817], [34.4416207, 28.3591768], [34.4415022, 28.3668708], [34.448504, 28.3818729], [34.4467959, 28.3948694], [34.4574909, 28.4201673], [34.4561887, 28.4344192], [34.4701795, 28.4437642], [34.4696725, 28.4537632], [34.4730682, 28.4605554], [34.4869517, 28.4777169], [34.5068497, 28.4785472], [34.5053515, 28.4736648], [34.4976357, 28.4748697], [34.5075913, 28.4704793], [34.5120451, 28.4775217], [34.5169072, 28.4970693], [34.5209242, 28.5004562], [34.5117141, 28.5178891], [34.5190916, 28.5530114], [34.5448152, 28.5810893], [34.545112, 28.5929035], [34.5518687, 28.6109296], [34.5575873, 28.6116232], [34.5612177, 28.6173614], [34.5754667, 28.6238198], [34.5738527, 28.6329667], [34.5780631, 28.6395808], [34.5789565, 28.6348187], [34.5804986, 28.6395644], [34.5739124, 28.647489], [34.5749032, 28.6515933], [34.5860017, 28.6596269], [34.5873043, 28.6710923], [34.6058569, 28.6930888], [34.6269787, 28.7306861], [34.6202528, 28.7438626], [34.6206165, 28.7535281], [34.6277984, 28.7681992], [34.6239881, 28.7776396], [34.6260249, 28.8102385], [34.6218122, 28.8179678], [34.6243262, 28.8224067], [34.6208881, 28.8360792], [34.6221599, 28.8427509], [34.6310833, 28.8516356], [34.6457516, 28.8555725], [34.648384, 28.8650563], [34.6459618, 28.8782024], [34.6494598, 28.8961627], [34.6439361, 28.9165481], [34.6488115, 28.9290905], [34.6405174, 28.9407652], [34.6394437, 28.9499968], [34.6422545, 28.9592544], [34.6528183, 28.9696765], [34.6823794, 28.9771135], [34.6869135, 28.9843024], [34.6847545, 29.0127062], [34.6742895, 29.0226476], [34.6747802, 29.0310708], [34.6637985, 29.0452741], [34.6729303, 29.0553339], [34.67139, 29.078749], [34.6807646, 29.0971487], [34.6752021, 29.1062194], [34.6869353, 29.1253606], [34.6852452, 29.1294966], [34.6922544, 29.1476981], [34.690994, 29.1597878], [34.6984113, 29.1684083], [34.7186977, 29.1724354], [34.7222346, 29.1871475], [34.7309269, 29.1931315], [34.7384843, 29.2091249], [34.7407639, 29.2277054], [34.7334479, 29.2534613], [34.7428954, 29.2672397], [34.7411936, 29.2824289], [34.7457222, 29.2940681], [34.7419714, 29.3040583], [34.742562, 29.3126883], [34.7526611, 29.3171307], [34.7529757, 29.3241683], [34.7639457, 29.3375423], [34.7783467, 29.3402254], [34.7865323, 29.3708795], [34.789392, 29.3743141], [34.803548, 29.3760605], [34.810981, 29.3894354], [34.8091209, 29.4000587], [34.8130686, 29.4020913], [34.8171978, 29.4000232], [34.8163515, 29.4112748], [34.8328659, 29.4229209], [34.8277927, 29.4314795], [34.8338336, 29.4290528], [34.842175, 29.4326159], [34.8526646, 29.4456188], [34.8590723, 29.4721683], [34.8653728, 29.4744044], [34.8700271, 29.4824192], [34.882946, 29.4880706], [34.9027072, 29.4906199], [34.8952212, 29.5126448], [34.8848006, 29.5274323], [34.8785534, 29.5433226], [34.8760946, 29.5588844], [34.841766, 29.5608537], [34.6911472, 29.5344688], [34.4706059, 29.5544315], [34.3344338, 29.5935333], [33.7219022, 29.8330016], [33.4781858, 29.8736266], [33.1587783, 29.9015464], [32.8329848, 29.9232502]]]]}}, {"type": "Feature", "properties": {"name": "Aswan Governorate", "country": "EGY"}, "geometry": {"type": "Polygon", "coordinates": [[[31.0981462, 22.0], [31.315029, 22.0], [31.338432, 22.080849], [31.365019, 22.131552], [31.37859, 22.150166], [31.418745, 22.189556], [31.448364, 22.213346], [31.469795, 22.224918], [31.48151, 22.217052], [31.490328, 22.198828], [31.506184, 22.185232], [31.499788, 22.178148], [31.496721, 22.166748], [31.456257, 22.119238], [31.433857, 22.085606], [31.398882, 22.0], [33.413056, 22.0000022], [33.4691341, 25.3362142], [32.6851016, 25.3369457], [32.673143, 25.2711361], [32.6473163, 25.2101383], [32.6968175, 25.1770309], [32.6724256, 25.1101395], [31.0981462, 22.0]]]}}, {"type": "Feature", "properties": {"name": "Red Sea Governorate", "country": "EGY"}, "geometry": {"type": "MultiPolygon", "coordinates": [[[[33.9800794, 26.7344055], [33.9954273, 26.7106719], [33.9945903, 26.7037891], [33.9995801, 26.7277175], [33.9926207, 26.7475916], [33.9957208, 26.7633869], [33.9917911, 26.7691668], [33.9826025, 26.7655407], [33.9701189, 26.7788977], [33.9682415, 26.7728357], [33.9602648, 26.7679445], [33.96092, 26.7647591], [33.9674825, 26.749755], [33.9755145, 26.7509432], [33.9784155, 26.7485228], [33.9800794, 26.7344055]]], [[[35.1550608, 24.6636021], [35.1643161, 24.6611655], [35.1726707, 24.6515707], [35.1745635, 24.6532025], [35.1715809, 24.6615844], [35.1606385, 24.6743973], [35.1492516, 24.6774702], [35.157528, 24.6677577], [35.1550608, 24.6636021]]], [[[33.8703326, 27.2170386], [33.8699502, 27.2052784], [33.8853632, 27.2174333], [33.8800181, 27.217044], [33.8752438, 27.2221187], [33.8703326, 27.2170386]]], [[[34.0385986, 27.4574587], [34.0162091, 27.5046159], [34.0053439, 27.5044069], [34.0036723, 27.507959], [33.9792257, 27.5190331], [33.9614653, 27.5361667], [33.929764, 27.5380723], [33.9218742, 27.523095], [33.9177287, 27.5259033], [33.9150542, 27.523095], [33.9301652, 27.5045072], [33.9440994, 27.5063526], [33.951695, 27.5038921], [33.9600611, 27.4941927], [33.9794876, 27.4926509], [33.9991288, 27.4759306], [33.9984973, 27.4716678], [34.005444, 27.4722993], [34.0142852, 27.466142], [34.0142852, 27.4626687], [34.0234422, 27.4547747], [34.0217055, 27.4494068], [34.0240737, 27.446565], [34.0346516, 27.4479859], [34.0390722, 27.4531959], [34.0385986, 27.4574587]]], [[[33.9824517, 27.2003516], [33.9700536, 27.2117833], [33.9676691, 27.2032479], [33.9718648, 27.1867256], [33.9841888, 27.1898507], [33.9824517, 27.2003516]]], [[[33.9501049, 27.1813591], [33.9584513, 27.1803846], [33.9623058, 27.1845387], [33.9503877, 27.1955654], [33.9472234, 27.2099707], [33.9399973, 27.2146098], [33.9374657, 27.2251748], [33.9285929, 27.2353819], [33.9283547, 27.2511529], [33.9163713, 27.265286], [33.9111761, 27.2644009], [33.9072614, 27.2675544], [33.9027857, 27.2586689], [33.9068302, 27.2461996], [33.9033344, 27.2442771], [33.8945942, 27.2473177], [33.8946747, 27.2429528], [33.9033218, 27.2330777], [33.9024965, 27.229927], [33.9089361, 27.2291942], [33.9171902, 27.2226188], [33.9250853, 27.2081368], [33.9433539, 27.2047586], [33.944366, 27.1926622], [33.9501049, 27.1813591]]], [[[36.6308044, 22.2662397], [36.6313548, 22.2530423], [36.632213, 22.248248], [36.6364692, 22.2557959], [36.6417711, 22.2552055], [36.6488902, 22.2592977], [36.6555827, 22.2598096], [36.6611408, 22.2548602], [36.6614897, 22.2448817], [36.6657272, 22.2537371], [36.6647133, 22.263643], [36.6439682, 22.2750542], [36.646177, 22.280101], [36.651746, 22.2786381], [36.6470982, 22.2853308], [36.640596, 22.2787547], [36.637406, 22.2790792], [36.6374583, 22.2722836], [36.6308044, 22.2662397]]], [[[35.7403959, 22.9038005], [35.7351591, 22.919583], [35.7223141, 22.9160732], [35.7180346, 22.9103588], [35.7249231, 22.9076682], [35.731416, 22.9129589], [35.7292871, 22.9106803], [35.7312871, 22.9065299], [35.7352275, 22.9091628], [35.7403959, 22.9038005]]], [[[36.1889189, 23.5963084], [36.2054981, 23.6066471], [36.2147851, 23.6072643], [36.1972632, 23.6186757], [36.1967932, 23.6222689], [36.191532, 23.6218464], [36.1870437, 23.6258097], [36.1838554, 23.6158434], [36.1881571, 23.6070914], [36.1848334, 23.5975144], [36.1889189, 23.5963084]]], [[[35.7528321, 22.8733583], [35.7628215, 22.8800024], [35.7658314, 22.8915261], [35.7607754, 22.8954728], [35.7557616, 22.9084222], [35.7453143, 22.9136191], [35.7414959, 22.903267], [35.749512, 22.9014558], [35.7537023, 22.8958529], [35.7523895, 22.8858429], [35.7553802, 22.8827042], [35.7528321, 22.8733583]]], [[[33.413056, 22.0000022], [36.880447, 22.0000004], [36.8931846, 22.0245969], [36.8920024, 22.048516], [36.8945668, 22.0524094], [36.8922912, 22.0662775], [36.8831912, 22.065516], [36.8653041, 22.0799527], [36.8420185, 22.0859526], [36.827032, 22.1088897], [36.7987194, 22.1246833], [36.7956684, 22.12777], [36.7975574, 22.1306264], [36.7947553, 22.1509186], [36.7789893, 22.1609983], [36.7710891, 22.1714413], [36.7628716, 22.1669795], [36.7683959, 22.1670553], [36.7673641, 22.1624091], [36.7585743, 22.1592004], [36.7364066, 22.1583121], [36.7214202, 22.1633568], [36.7214061, 22.1662445], [36.7264101, 22.1663447], [36.7087987, 22.1740331], [36.7053283, 22.1808997], [36.6999238, 22.1828758], [36.7010345, 22.1884925], [36.694225, 22.1958313], [36.6853173, 22.1958746], [36.6754354, 22.2003423], [36.6796717, 22.2031136], [36.6517256, 22.2208064], [36.6453684, 22.22879], [36.6441802, 22.2402979], [36.6230457, 22.2477434], [36.6240893, 22.2500474], [36.618596, 22.2514637], [36.619689, 22.2547792], [36.609746, 22.2629566], [36.6144636, 22.2617558], [36.6148938, 22.2649471], [36.6107262, 22.2637333], [36.5964491, 22.2706237], [36.5941985, 22.2729062], [36.5960672, 22.2767936], [36.5801662, 22.2850486], [36.5759001, 22.2919323], [36.5619784, 22.2975127], [36.5540882, 22.3060141], [36.5443787, 22.3077966], [36.5131086, 22.3246883], [36.4975846, 22.326765], [36.480774, 22.3388548], [36.4735734, 22.3393853], [36.4456494, 22.3539992], [36.4366406, 22.3626047], [36.4363652, 22.3700617], [36.4295956, 22.3771583], [36.4249479, 22.3891768], [36.4208194, 22.4030044], [36.4243077, 22.4238873], [36.4179311, 22.4320185], [36.4081736, 22.4358495], [36.4027118, 22.4319024], [36.3792836, 22.4415577], [36.3420268, 22.4650037], [36.3090892, 22.4935416], [36.3089697, 22.499714], [36.2971879, 22.5146955], [36.2858189, 22.5721309], [36.274537, 22.5894334], [36.261111, 22.5958936], [36.2582667, 22.6135958], [36.2454967, 22.6147914], [36.2359065, 22.6232448], [36.2321199, 22.6324406], [36.1987153, 22.6398348], [36.1902106, 22.6492041], [36.1880353, 22.6607418], [36.1796601, 22.6636815], [36.1683764, 22.6597518], [36.1542196, 22.660787], [36.1426654, 22.6699709], [36.1366443, 22.6662619], [36.0969938, 22.666962], [36.0891004, 22.6732495], [36.0550722, 22.6831731], [36.042052, 22.6828047], [36.0393752, 22.6783823], [36.0413561, 22.6764895], [36.0312044, 22.6845324], [36.0014055, 22.6909213], [35.9792488, 22.6899967], [35.970986, 22.6924655], [35.96824, 22.6936745], [35.9732723, 22.6956386], [35.9731999, 22.6987267], [35.968168, 22.7031929], [35.9628695, 22.7017478], [35.9619107, 22.6958495], [35.9434373, 22.6875732], [35.9410599, 22.6995783], [35.942904, 22.7080326], [35.935629, 22.7113813], [35.9315742, 22.7097843], [35.9299552, 22.6923228], [35.9185936, 22.6925305], [35.9182757, 22.6971663], [35.9245987, 22.7011665], [35.9267082, 22.7091018], [35.919557, 22.7118049], [35.9208444, 22.7071513], [35.91309, 22.7075499], [35.8960314, 22.7137763], [35.8939223, 22.7189591], [35.9052536, 22.7172101], [35.8797732, 22.731819], [35.8792833, 22.7349147], [35.8823597, 22.7361454], [35.8905893, 22.731881], [35.8873603, 22.7365696], [35.8484597, 22.7596478], [35.8406799, 22.7723911], [35.8248564, 22.7852769], [35.8010196, 22.8134797], [35.8077771, 22.8182484], [35.8006489, 22.8224897], [35.8018482, 22.8268418], [35.79114, 22.8460659], [35.7861354, 22.8456392], [35.7839784, 22.8351298], [35.787208, 22.8301858], [35.7867737, 22.83611], [35.7925684, 22.8344649], [35.7952271, 22.8287588], [35.7918508, 22.8265029], [35.7821674, 22.8279588], [35.7679601, 22.8390108], [35.7647348, 22.8442119], [35.7712685, 22.8379242], [35.7701134, 22.8425747], [35.7780806, 22.8522111], [35.7710438, 22.8610803], [35.77345, 22.8633536], [35.7827714, 22.8508429], [35.7808429, 22.8447029], [35.7847193, 22.8442487], [35.7869177, 22.8499987], [35.7858478, 22.8587637], [35.7762664, 22.8789964], [35.77036, 22.8752407], [35.7547722, 22.8731965], [35.7534192, 22.868075], [35.7584184, 22.8612997], [35.7602861, 22.8507203], [35.7622544, 22.8519724], [35.761185, 22.8471032], [35.7584052, 22.8468941], [35.749549, 22.8619678], [35.7407679, 22.8677788], [35.7356912, 22.8776418], [35.7304438, 22.8790183], [35.7265018, 22.8901477], [35.724307, 22.8914717], [35.7239934, 22.8896764], [35.7261883, 22.8883524], [35.7290715, 22.8798136], [35.7261626, 22.8870667], [35.7219787, 22.8861094], [35.7133266, 22.8970623], [35.7115678, 22.9063534], [35.7022009, 22.9101146], [35.6948632, 22.9182144], [35.6837912, 22.9482439], [35.6804971, 22.9502286], [35.6781666, 22.9447374], [35.6718001, 22.9458736], [35.6703461, 22.9425539], [35.666509, 22.945191], [35.6712853, 22.9479405], [35.6628027, 22.9545147], [35.6600373, 22.9622788], [35.6610719, 22.9725519], [35.6682053, 22.9750046], [35.6697428, 22.9684181], [35.6738024, 22.9700222], [35.6596971, 23.0016455], [35.6613739, 23.0162809], [35.6547171, 23.0665583], [35.6554954, 23.0637153], [35.6572286, 23.0670306], [35.6495741, 23.0807939], [35.6486338, 23.0895565], [35.6425004, 23.0958334], [35.6388252, 23.1140281], [35.6272792, 23.1225982], [35.6254938, 23.141405], [35.6175188, 23.1473565], [35.6125195, 23.161283], [35.594784, 23.181161], [35.5877613, 23.200682], [35.57074, 23.2123469], [35.5714541, 23.2334152], [35.5674071, 23.2415093], [35.5690735, 23.2591257], [35.5559802, 23.2869788], [35.5508619, 23.315665], [35.5540005, 23.3563837], [35.5512279, 23.3713806], [35.5480773, 23.3721367], [35.5449267, 23.3803283], [35.5379443, 23.4003142], [35.5395439, 23.406911], [35.5314854, 23.4266186], [35.4932671, 23.4680683], [35.4862856, 23.4826694], [35.4882404, 23.4845843], [35.4903149, 23.4816721], [35.4874027, 23.496353], [35.4856872, 23.495236], [35.4858069, 23.4996642], [35.4824558, 23.4999434], [35.4809, 23.5036935], [35.4834532, 23.5076828], [35.4843707, 23.5005817], [35.4864053, 23.5035339], [35.4874824, 23.4999036], [35.4899559, 23.5019381], [35.4904346, 23.5172574], [35.4998894, 23.5386405], [35.5068709, 23.5871913], [35.5009666, 23.5926966], [35.4941048, 23.5843588], [35.4884, 23.5859945], [35.4907537, 23.6005557], [35.4944639, 23.5975238], [35.491033, 23.5923775], [35.4956607, 23.5888668], [35.5020836, 23.5956089], [35.4958602, 23.6287208], [35.4933867, 23.631274], [35.4927484, 23.623016], [35.4882404, 23.6266463], [35.4905543, 23.6324708], [35.4859665, 23.6358219], [35.4897564, 23.6363405], [35.4872219, 23.6460779], [35.4943605, 23.6503874], [35.5008102, 23.6334726], [35.509693, 23.6327943], [35.5071297, 23.6453384], [35.5122182, 23.6814907], [35.5076072, 23.6892792], [35.5011819, 23.7425554], [35.4932821, 23.7454007], [35.4846436, 23.7550322], [35.4915941, 23.762082], [35.4948211, 23.7596493], [35.5021689, 23.7648126], [35.5081265, 23.7622309], [35.5054952, 23.7548832], [35.5064881, 23.751259], [35.5088712, 23.7525002], [35.5123464, 23.7738979], [35.5070839, 23.7859124], [35.5023675, 23.786111], [35.490204, 23.7686354], [35.4850407, 23.7684368], [35.4813669, 23.7719121], [35.487672, 23.7854656], [35.4791328, 23.7798059], [35.4731255, 23.78204], [35.4736716, 23.8062676], [35.4773455, 23.8130692], [35.4804732, 23.8118777], [35.4831045, 23.8157998], [35.4769483, 23.8441481], [35.4821116, 23.8456871], [35.4871259, 23.8413182], [35.4839982, 23.850056], [35.4881685, 23.8683757], [35.4867287, 23.87761], [35.4840478, 23.8692197], [35.4809697, 23.8708084], [35.4826577, 23.8785533], [35.4862819, 23.8787022], [35.4815158, 23.8889294], [35.4837996, 23.9065044], [35.4832535, 23.9088378], [35.4742674, 23.9064547], [35.4815158, 23.9115187], [35.4794307, 23.9129088], [35.4823598, 23.9198097], [35.4752107, 23.9171784], [35.4732745, 23.9308313], [35.4759997, 23.9336377], [35.4783881, 23.9282497], [35.4823598, 23.9273064], [35.4864162, 23.9373556], [35.4814638, 23.9429902], [35.4903741, 23.9408356], [35.4902985, 23.938243], [35.4983756, 23.9531998], [35.4943144, 23.9582631], [35.5003668, 23.9671279], [35.4989909, 23.9743939], [35.5136379, 23.9777498], [35.5378489, 23.9713873], [35.5516619, 23.9634567], [35.5550232, 23.9648747], [35.5583099, 23.9583442], [35.5508195, 23.9571871], [35.521262, 23.9412943], [35.5228741, 23.9378991], [35.5100231, 23.9260947], [35.5458685, 23.9515925], [35.5610681, 23.9562464], [35.5697324, 23.951642], [35.577258, 23.9370365], [35.5883076, 23.9313273], [35.6089459, 23.9265298], [35.6416269, 23.9306372], [35.6475201, 23.9252797], [35.6733435, 23.9167791], [35.6756293, 23.9126359], [35.691059, 23.9092071], [35.7010598, 23.9189221], [35.715918, 23.9226366], [35.7163466, 23.9272084], [35.7237757, 23.9323516], [35.734205, 23.931923], [35.7428924, 23.9395723], [35.7519642, 23.9383538], [35.763497, 23.9327802], [35.7640395, 23.9234153], [35.7831896, 23.9085078], [35.7858961, 23.8943339], [35.7892588, 23.8939952], [35.7931788, 23.9084161], [35.7840058, 23.9126047], [35.7729822, 23.9246217], [35.7682708, 23.94773], [35.7616535, 23.9527997], [35.7639673, 23.9558021], [35.7594926, 23.9626396], [35.7207529, 23.9911307], [35.6647714, 24.0060713], [35.6518301, 24.0054554], [35.6420555, 23.9997851], [35.6369905, 24.0002923], [35.6150992, 24.0119349], [35.6009096, 24.0157863], [35.6005559, 24.0446431], [35.5881643, 24.0786279], [35.5787173, 24.0915102], [35.5556518, 24.1083185], [35.5458367, 24.1145756], [35.5222805, 24.1188697], [35.5030184, 24.1393587], [35.4906269, 24.1362915], [35.5068218, 24.1253722], [35.5121759, 24.1131377], [35.5063654, 24.1087406], [35.4955295, 24.1081124], [35.4901901, 24.115886], [35.4923887, 24.1180845], [35.489719, 24.1238951], [35.4934094, 24.1279781], [35.4629434, 24.1478439], [35.4604307, 24.154047], [35.4533639, 24.1581301], [35.4435488, 24.1739128], [35.4311425, 24.186005], [35.4247762, 24.1958037], [35.4258816, 24.2016306], [35.4325341, 24.2071207], [35.4251749, 24.2139583], [35.4232904, 24.2228312], [35.415831, 24.2247157], [35.4143391, 24.239242], [35.4072022, 24.2540542], [35.3709144, 24.2934389], [35.3568083, 24.3175116], [35.3481585, 24.3229395], [35.3404242, 24.3231584], [35.3370678, 24.3334465], [35.3327628, 24.3333736], [35.328166, 24.3400134], [35.3229855, 24.340889], [35.3182428, 24.3521986], [35.3186076, 24.3605166], [35.3067872, 24.3619759], [35.3097058, 24.3602977], [35.3047442, 24.3569413], [35.2970311, 24.3589178], [35.2689183, 24.3733585], [35.262235, 24.380839], [35.2601624, 24.3897027], [35.2500932, 24.3914539], [35.2356461, 24.3997719], [35.2269633, 24.4083088], [35.2081382, 24.443624], [35.202374, 24.4466886], [35.2021551, 24.4555173], [35.1934722, 24.4607708], [35.1909184, 24.4718616], [35.1829656, 24.4787001], [35.1685181, 24.4812741], [35.1374349, 24.5126491], [35.137289, 24.5256369], [35.148347, 24.5368497], [35.1455916, 24.5541888], [35.1575597, 24.5566355], [35.1666271, 24.5624552], [35.165955, 24.5649418], [35.1440459, 24.580332], [35.1294541, 24.6101499], [35.1192173, 24.6113973], [35.1172387, 24.606666], [35.1122063, 24.6094617], [35.1188302, 24.6163436], [35.0996469, 24.6361721], [35.0985076, 24.6424936], [35.1091955, 24.6641298], [35.092808, 24.6682589], [35.0862702, 24.6778075], [35.0839046, 24.6875712], [35.0877756, 24.6944531], [35.0894961, 24.712002], [35.070872, 24.7538095], [35.0666568, 24.7528202], [35.0381684, 24.7893235], [35.0142576, 24.8053209], [34.9932798, 24.8305076], [34.993494, 24.8606148], [34.9876841, 24.8683248], [34.9868395, 24.8947755], [34.9662717, 24.9197352], [34.9658519, 24.924396], [34.9472317, 24.9403255], [34.9363189, 24.9596047], [34.9387382, 24.9704837], [34.9472817, 24.9823693], [34.9448384, 24.9964426], [34.9257639, 25.0128119], [34.9251377, 25.0200452], [34.9164888, 25.0287407], [34.9107395, 25.0472721], [34.903929, 25.0552584], [34.8998585, 25.0682151], [34.9017455, 25.0704045], [34.8916023, 25.0766944], [34.8899489, 25.0835839], [34.8831139, 25.0865721], [34.8796497, 25.0934782], [34.8804139, 25.1011774], [34.872032, 25.1154159], [34.8737699, 25.1198633], [34.8630332, 25.140446], [34.8514068, 25.1549469], [34.8537874, 25.158044], [34.8508595, 25.1657385], [34.8448462, 25.1714222], [34.8407577, 25.1711862], [34.8415461, 25.1779318], [34.822194, 25.1935142], [34.8139599, 25.2059657], [34.8070513, 25.2048411], [34.8114696, 25.2085766], [34.8047595, 25.2160597], [34.8010978, 25.2161685], [34.8038353, 25.2199444], [34.7909219, 25.2575135], [34.7805828, 25.2739692], [34.7573254, 25.2984286], [34.7518251, 25.3003154], [34.7498702, 25.3145918], [34.7436075, 25.3213516], [34.7429339, 25.3341527], [34.7375387, 25.3390043], [34.7406042, 25.347075], [34.7298775, 25.371403], [34.7175289, 25.3805356], [34.705025, 25.3955093], [34.7023387, 25.3946164], [34.6984835, 25.4030958], [34.6927727, 25.4180903], [34.6908919, 25.4467894], [34.6779724, 25.4637], [34.6764046, 25.485332], [34.6648327, 25.5013202], [34.6511784, 25.5066967], [34.6492179, 25.5116487], [34.651343, 25.514181], [34.6420644, 25.5307591], [34.6374208, 25.5316931], [34.6350157, 25.5277256], [34.6278619, 25.5306173], [34.6307608, 25.5338816], [34.6332628, 25.5318327], [34.6324466, 25.5344454], [34.6419994, 25.5355102], [34.636725, 25.5742179], [34.6213354, 25.5947971], [34.6111724, 25.6025331], [34.6041371, 25.6015651], [34.6070764, 25.6056305], [34.5982975, 25.6120526], [34.5945787, 25.6218077], [34.5873028, 25.6207298], [34.5917781, 25.6236749], [34.585092, 25.6335867], [34.5793552, 25.6540131], [34.5823424, 25.6619185], [34.5692471, 25.6681234], [34.563244, 25.677062], [34.5643775, 25.7004125], [34.5577099, 25.7051323], [34.5590584, 25.7076046], [34.5520911, 25.7219886], [34.5453273, 25.7262528], [34.538625, 25.7442111], [34.5413054, 25.7461947], [34.5275184, 25.753154], [34.5154568, 25.7676878], [34.5009978, 25.7751795], [34.4922326, 25.7849936], [34.4871382, 25.7841695], [34.4887115, 25.7895636], [34.4698751, 25.8247788], [34.4609948, 25.8279329], [34.4551637, 25.8347274], [34.4334229, 25.8371357], [34.4338724, 25.8432789], [34.427879, 25.8479238], [34.4209356, 25.866115], [34.4129331, 25.8665981], [34.4141818, 25.8703891], [34.4193484, 25.8702988], [34.420214, 25.8728545], [34.4128207, 25.8843333], [34.4123713, 25.905648], [34.3990033, 25.931736], [34.3950572, 25.9331986], [34.3964211, 25.9376921], [34.3879087, 25.9408027], [34.3768639, 25.9629997], [34.3527471, 25.9761295], [34.3431654, 25.9868922], [34.3243715, 26.022433], [34.3226998, 26.0337007], [34.3162351, 26.0453454], [34.3134618, 26.064753], [34.3014844, 26.0814617], [34.2830794, 26.0977791], [34.284097, 26.1031227], [34.2877224, 26.102118], [34.2866234, 26.1159715], [34.2707409, 26.1262757], [34.263105, 26.1464187], [34.2449346, 26.1555678], [34.2401423, 26.1778073], [34.216814, 26.2123473], [34.2095031, 26.2444931], [34.2012771, 26.2524826], [34.2057285, 26.255105], [34.2038635, 26.2607735], [34.188171, 26.2780461], [34.1850811, 26.2900214], [34.1877644, 26.3071355], [34.1836294, 26.3198179], [34.1683134, 26.3416891], [34.1563633, 26.3472751], [34.1446387, 26.3650959], [34.1355264, 26.3729207], [34.1319197, 26.3858614], [34.1265304, 26.3909931], [34.1277076, 26.3958372], [34.1174963, 26.3980052], [34.1075654, 26.4121381], [34.0962831, 26.441465], [34.0905298, 26.4454684], [34.0833111, 26.4588719], [34.0814345, 26.4797165], [34.0711062, 26.5076924], [34.0666888, 26.5081741], [34.0701384, 26.512747], [34.062767, 26.526317], [34.0550892, 26.5308149], [34.0523968, 26.5404129], [34.0366843, 26.5551203], [34.0350559, 26.5681778], [34.0306826, 26.5726546], [34.0321903, 26.5756418], [34.0188007, 26.5996784], [34.0181768, 26.6101404], [33.9963188, 26.6250502], [33.9900462, 26.6349242], [33.9814825, 26.6355025], [33.9707394, 26.6448519], [33.9472961, 26.6524942], [33.9441418, 26.6602974], [33.9356666, 26.6683318], [33.9326696, 26.6795072], [33.9390328, 26.6993708], [33.9407615, 26.6972766], [33.9368884, 26.7089382], [33.937261, 26.7227405], [33.9438232, 26.7313992], [33.9412417, 26.7400459], [33.9533514, 26.7502862], [33.9606847, 26.7505088], [33.9428347, 26.7670785], [33.9370216, 26.781487], [33.9364137, 26.7927133], [33.9487641, 26.8057058], [33.9479774, 26.8147719], [33.9434459, 26.8199385], [33.9434833, 26.8289156], [33.9498843, 26.8351416], [33.9557718, 26.8361999], [33.9506269, 26.8404831], [33.9519287, 26.8447942], [33.9605736, 26.858744], [33.9663572, 26.8624377], [33.9727087, 26.8612891], [33.9845667, 26.8495657], [33.9834002, 26.8477616], [33.9960554, 26.8441835], [33.9954054, 26.8389537], [34.0036391, 26.8533024], [33.9933426, 26.8653041], [33.9886401, 26.8769886], [33.9886144, 26.8852432], [33.9962598, 26.9006209], [33.9835622, 26.9008581], [33.9689688, 26.8906574], [33.9624312, 26.8978764], [33.9616592, 26.9106741], [33.9358974, 26.936781], [33.9251378, 26.9652279], [33.9203799, 26.9660287], [33.9240609, 26.967962], [33.9197947, 26.9797769], [33.8988737, 26.9933181], [33.9097634, 26.998483], [33.9107881, 27.0065081], [33.9013751, 27.0107563], [33.8876169, 27.0269459], [33.8836107, 27.0374583], [33.8871513, 27.0443205], [33.8932721, 27.0476381], [33.9063402, 27.0447389], [33.8990098, 27.0605912], [33.8800932, 27.0810112], [33.8652368, 27.0855317], [33.8668929, 27.0876879], [33.8578963, 27.0849797], [33.8488175, 27.0952389], [33.8511784, 27.096949], [33.8476411, 27.0962506], [33.8497966, 27.0983167], [33.8455246, 27.0969406], [33.8474664, 27.099961], [33.8302272, 27.1031304], [33.8335746, 27.1074931], [33.82706, 27.1143996], [33.8317907, 27.1232147], [33.8297748, 27.1376687], [33.8326022, 27.1542468], [33.8320572, 27.1576632], [33.8285357, 27.157595], [33.8319901, 27.1589688], [33.8290616, 27.1592089], [33.8310615, 27.1626726], [33.8258659, 27.1663802], [33.8290432, 27.1687677], [33.8271049, 27.1697715], [33.8302286, 27.1692312], [33.826827, 27.1702372], [33.8292583, 27.170428], [33.8270795, 27.1776578], [33.838097, 27.1927175], [33.8521154, 27.2008224], [33.8426922, 27.2130727], [33.8431381, 27.2236964], [33.8409502, 27.2239726], [33.8490761, 27.234964], [33.8471052, 27.2385655], [33.8497024, 27.2414826], [33.8461554, 27.2410284], [33.8490354, 27.2439058], [33.8443309, 27.2440993], [33.8488594, 27.2480572], [33.8430605, 27.2457257], [33.8318598, 27.2601846], [33.8158428, 27.2619369], [33.8155975, 27.2650383], [33.8149217, 27.2660087], [33.8135261, 27.2614865], [33.8125812, 27.2638909], [33.8123759, 27.2615555], [33.8085773, 27.2622521], [33.8071933, 27.2668662], [33.784937, 27.2734875], [33.761214, 27.2932403], [33.7549785, 27.2937511], [33.7541903, 27.3006467], [33.748306, 27.3048799], [33.7450419, 27.3028867], [33.7228084, 27.3078135], [33.7229579, 27.3105956], [33.7248279, 27.3089504], [33.7225986, 27.312841], [33.7128028, 27.3170204], [33.708168, 27.3284969], [33.6954785, 27.3341404], [33.6945272, 27.3512838], [33.6849199, 27.3564768], [33.6847041, 27.3668892], [33.6806533, 27.3740315], [33.686918, 27.3873125], [33.6865542, 27.3987635], [33.6835484, 27.399158], [33.6775491, 27.4113293], [33.6724247, 27.4129861], [33.6782841, 27.4122168], [33.6781628, 27.4171094], [33.6659853, 27.4278], [33.6641673, 27.4336726], [33.6355635, 27.4551934], [33.6294705, 27.4652346], [33.6267734, 27.4831909], [33.6207033, 27.4967753], [33.6035915, 27.4997552], [33.5902232, 27.5206446], [33.573007, 27.5254695], [33.559536, 27.5255139], [33.5556139, 27.538548], [33.566185, 27.5632052], [33.5656543, 27.5672735], [33.5599942, 27.5701036], [33.5591097, 27.5881454], [33.5538033, 27.588853], [33.5329922, 27.619026], [33.5131589, 27.6380443], [33.4947452, 27.642109], [33.4938933, 27.6470264], [33.4974009, 27.6475534], [33.4988499, 27.6567908], [33.5262, 27.6791599], [33.5411429, 27.6768053], [33.543407, 27.6708281], [33.5501086, 27.6662094], [33.5519199, 27.6579681], [33.562063, 27.6575153], [33.5622441, 27.6617718], [33.5552707, 27.6687452], [33.5586216, 27.6778015], [33.5787266, 27.6603228], [33.5778209, 27.6547079], [33.5881451, 27.6414857], [33.5932167, 27.6429347], [33.5942128, 27.6504514], [33.5828019, 27.6588738], [33.5831641, 27.6644887], [33.5766436, 27.6697413], [33.5770964, 27.6794316], [33.5724777, 27.6826919], [33.5472106, 27.6856804], [33.5446748, 27.6897558], [33.546305, 27.7016195], [33.5379732, 27.7054232], [33.5594366, 27.7545084], [33.5554519, 27.7613006], [33.5524633, 27.7636552], [33.5391505, 27.7536027], [33.5281018, 27.7494368], [33.51977, 27.7500708], [33.5114382, 27.766825], [33.5022913, 27.7691796], [33.5010234, 27.7816773], [33.4964047, 27.7901902], [33.4887974, 27.7949901], [33.4881635, 27.7996994], [33.4819146, 27.7989748], [33.4694334, 27.8087825], [33.4778034, 27.8348258], [33.4874915, 27.8367138], [33.4958613, 27.831487], [33.5078157, 27.8317587], [33.5159378, 27.8258832], [33.5259036, 27.8252637], [33.5235872, 27.818069], [33.5328432, 27.8191676], [33.5408289, 27.8116999], [33.552289, 27.8104359], [33.5571365, 27.8164664], [33.5667053, 27.8075982], [33.5661218, 27.8008705], [33.5718411, 27.7880841], [33.5754228, 27.7877459], [33.5779568, 27.791691], [33.5845397, 27.7899878], [33.5885036, 27.7941456], [33.5806296, 27.8138413], [33.5850414, 27.8197202], [33.5803112, 27.8301806], [33.5851576, 27.8361217], [33.5845328, 27.8473363], [33.5726588, 27.8533127], [33.5626812, 27.8668626], [33.5568924, 27.8932603], [33.5434975, 27.904028], [33.5315927, 27.9295011], [33.5247692, 27.9331789], [33.4782016, 27.9906063], [33.4550174, 28.0009305], [33.4334657, 28.0206433], [33.4210855, 28.0230265], [33.4157438, 28.0326111], [33.4097995, 28.035178], [33.3754845, 28.0318005], [33.3714316, 28.0353131], [33.3729176, 28.03788], [33.3668382, 28.0415276], [33.3656223, 28.0484446], [33.3398806, 28.0537185], [33.3337392, 28.0681149], [33.3330907, 28.0788147], [33.3368734, 28.0840025], [33.3142883, 28.0973], [33.3035852, 28.1103737], [33.2979652, 28.112211], [33.2898593, 28.1239916], [33.279808, 28.1317732], [33.2789448, 28.13786], [33.2499025, 28.1413485], [33.2429532, 28.1450669], [33.2411158, 28.1497143], [33.2448986, 28.1646291], [33.2417643, 28.1656018], [33.2425209, 28.1702492], [33.2212146, 28.1881779], [33.2223386, 28.1904617], [33.2188149, 28.1895892], [33.2129073, 28.1946749], [33.1990733, 28.2129402], [33.184915, 28.2187765], [33.1809161, 28.231854], [33.1692436, 28.2386629], [33.1627589, 28.246985], [33.1572469, 28.2714107], [33.1495733, 28.2757339], [33.1517349, 28.2791924], [33.1424401, 28.2809216], [33.125796, 28.2914052], [33.1247152, 28.3054555], [33.1131508, 28.3169118], [33.1121781, 28.3514969], [33.1091519, 28.3566847], [33.0911028, 28.3654391], [33.0839696, 28.3656552], [33.0771607, 28.3705188], [33.0610792, 28.3925801], [33.0570519, 28.3934611], [33.042201, 28.4173735], [33.039382, 28.4297728], [33.0299121, 28.4422297], [33.0215026, 28.4637101], [33.0052554, 28.4717829], [32.9983624, 28.4894722], [32.9812874, 28.4920052], [32.9767742, 28.4950168], [32.9785315, 28.4973058], [32.9767047, 28.4951682], [32.972273, 28.4973375], [32.969439, 28.5012128], [32.9722675, 28.5051802], [32.9703435, 28.5029029], [32.9634661, 28.5088234], [32.963908, 28.5144506], [32.9678599, 28.5166663], [32.953484, 28.521244], [32.9295523, 28.5519256], [32.8865189, 28.5626096], [32.8660137, 28.5734083], [32.8630306, 28.5779638], [32.8672632, 28.5866479], [32.8653276, 28.6032576], [32.8565707, 28.6430585], [32.8531675, 28.6534766], [32.8427215, 28.6631674], [32.8418405, 28.6766339], [32.8443576, 28.6796544], [32.8385028, 28.69771], [32.8288023, 28.710255], [32.8283741, 28.7223191], [32.8323125, 28.7294432], [32.8235299, 28.7366759], [32.8076081, 28.7726609], [32.7955261, 28.7878893], [32.7863387, 28.7938045], [32.7480789, 28.8053831], [32.7368778, 28.8169617], [32.7236631, 28.843517], [32.7010093, 28.8559767], [32.6877945, 28.8704499], [32.6797399, 28.8830354], [32.679614, 28.8949916], [32.6637563, 28.9342582], [32.6317893, 28.9643374], [32.6222301, 28.9793117], [32.6203948, 28.995645], [32.6227718, 29.0097792], [32.6296262, 29.0141078], [32.6255956, 29.022559], [32.6305364, 29.0295801], [32.6307932, 29.0368663], [32.6233853, 29.0481265], [32.6283303, 29.0502542], [32.6231252, 29.0502739], [32.6233999, 29.0543461], [32.6542873, 29.0756744], [32.6661901, 29.0991367], [32.6625857, 29.1021051], [32.6662694, 29.1121611], [32.65385585727232, 29.126582143251735], [32.6292461, 29.1245025], [32.5771009, 29.1371551], [32.5172305, 29.1261896], [32.4592914, 29.0949737], [32.2806458, 29.0409563], [32.1203476, 28.9987355], [31.9711097, 28.9894901], [31.9615503, 28.9393074], [31.924678, 28.8603999], [31.9164842, 28.8161376], [31.8577618, 28.7299516], [31.8563961, 28.6832379], [31.8727838, 28.623318], [31.8441054, 28.5885487], [31.7881142, 28.5369732], [31.8045019, 28.4277417], [31.8905371, 28.3123861], [31.9069247, 28.2690955], [31.9328719, 28.2678927], [32.0407573, 28.2787171], [32.2046338, 28.3208017], [32.2660875, 28.3208017], [32.320713, 28.3027675], [32.4067482, 28.259473], [32.5009772, 28.1656078], [32.5747217, 28.0776849], [32.6539287, 27.9028301], [32.6948978, 27.7965733], [32.7536203, 27.5571156], [32.7440608, 27.501409], [32.6730476, 27.3656576], [32.6675851, 27.3183479], [32.7932238, 26.9671432], [32.7986863, 26.8002707], [32.8533118, 26.7978328], [32.9420783, 26.7454049], [33.2179372, 26.4963481], [33.3435759, 26.5440038], [33.5661748, 26.0874126], [33.5634436, 26.0383418], [33.4268798, 25.8750339], [33.3531353, 25.721343], [33.3626948, 25.6573489], [33.3913732, 25.6228763], [33.4677685, 25.5618763], [33.4691341, 25.3362142], [33.413056, 22.0000022]]], [[[33.6725257, 27.6322368], [33.6789066, 27.6361302], [33.6765273, 27.6399155], [33.6704709, 27.6455393], [33.6636574, 27.6458638], [33.6725257, 27.6322368]]], [[[33.7419786, 27.5844801], [33.7786565, 27.5711655], [33.777694, 27.5665284], [33.7668095, 27.5667162], [33.7643554, 27.5609449], [33.772409, 27.5518713], [33.7719355, 27.556407], [33.7799126, 27.5442851], [33.7873236, 27.5447875], [33.7865699, 27.553957], [33.790087, 27.5569717], [33.7859419, 27.5594838], [33.7795358, 27.5568461], [33.7824248, 27.5465461], [33.7761443, 27.5540826], [33.7761443, 27.5607399], [33.8003767, 27.5730691], [33.8026354, 27.5799417], [33.7773587, 27.5933868], [33.7728062, 27.6003446], [33.7772748, 27.6175154], [33.7714968, 27.6201532], [33.7672261, 27.6269361], [33.7613224, 27.6276898], [33.7573029, 27.6229166], [33.7501432, 27.6031959], [33.7403457, 27.5878716], [33.7419786, 27.5844801]]], [[[33.6241953, 27.6687511], [33.628293, 27.6619402], [33.6388692, 27.651973], [33.6313385, 27.6672006], [33.633055, 27.675562], [33.6286806, 27.682539], [33.6253582, 27.6798811], [33.6241953, 27.6687511]]], [[[33.7919505, 27.6751479], [33.7829741, 27.6693674], [33.7842869, 27.6672661], [33.7958007, 27.6679511], [33.8009385, 27.6782862], [33.807838, 27.6821792], [33.792757, 27.6806636], [33.7919505, 27.6751479]]], [[[33.6863898, 27.7136649], [33.6740764, 27.720488], [33.6689058, 27.7145711], [33.679247, 27.6952748], [33.6917736, 27.6830679], [33.6944524, 27.683679], [33.6863898, 27.7136649]]], [[[33.6112072, 27.7672114], [33.6035484, 27.7836232], [33.5974699, 27.7869056], [33.5905405, 27.7838664], [33.5832463, 27.7738977], [33.5972268, 27.7635643], [33.5984425, 27.7579721], [33.6071954, 27.7554192], [33.6062229, 27.76478], [33.6028189, 27.7679408], [33.6071954, 27.7712232], [33.6069523, 27.766482], [33.6112072, 27.7672114]]], [[[33.8085496, 27.6186394], [33.8161863, 27.632516], [33.81529, 27.6476304], [33.7986408, 27.6641582], [33.7941113, 27.6644252], [33.7846148, 27.6584066], [33.7838697, 27.6503041], [33.7952318, 27.6277663], [33.8085496, 27.6186394]]], [[[33.6977527, 27.6801235], [33.6969503, 27.6761113], [33.7055096, 27.6604191], [33.7021216, 27.6541778], [33.7047964, 27.6505223], [33.7132666, 27.657031], [33.7135341, 27.6641638], [33.7201319, 27.6699592], [33.7255707, 27.6699592], [33.727978, 27.6756655], [33.7343084, 27.6714749], [33.7391231, 27.6752197], [33.7370724, 27.7063366], [33.726284, 27.7033943], [33.7207561, 27.6812826], [33.7076495, 27.6794994], [33.7103243, 27.6757546], [33.7039939, 27.6801235], [33.6977527, 27.6801235]]]]}}, {"type": "Feature", "properties": {"name": "Matrouh Governorate", "country": "EGY"}, "geometry": {"type": "MultiPolygon", "coordinates": [[[[29.58751951802413, 31.000112504808243], [29.548949, 30.9747469], [29.477124, 30.9367193], [29.4012148, 30.9021229], [29.3280722, 30.8731269], [29.2185068, 30.8390615], [29.1385779, 30.8218966], [29.0757902, 30.8197902], [29.0452206, 30.8249846], [29.0435385, 30.8193157], [29.0439114, 30.8273517], [29.0378055, 30.8252361], [29.027725, 30.8278501], [29.0252798, 30.8313025], [29.0225023, 30.8267181], [29.041443, 30.8208611], [29.0292829, 30.8241077], [29.0174683, 30.8232472], [29.0108164, 30.8277414], [29.0019345, 30.8261375], [28.9786854, 30.8329319], [28.9720603, 30.8375196], [28.9800632, 30.8341157], [28.9718837, 30.8416076], [28.9760176, 30.8426571], [28.970167, 30.8440337], [28.9717358, 30.8416763], [28.9619672, 30.8403955], [28.9663598, 30.8418338], [28.9619082, 30.8404877], [28.9605778, 30.8447894], [28.9541836, 30.8467441], [28.9558227, 30.8496167], [28.953684, 30.8464335], [28.9511949, 30.8481777], [28.9523565, 30.8542038], [28.9718465, 30.8482941], [28.9678384, 30.8467759], [28.9725154, 30.8478413], [28.9696457, 30.8451241], [28.9745399, 30.8433639], [28.9838914, 30.8494429], [28.953502, 30.856885], [28.949904, 30.86074], [28.9063824, 30.8752717], [28.891972, 30.8926762], [28.8578099, 30.9068305], [28.8378149, 30.9215139], [28.8330535, 30.928776], [28.8375732, 30.9335243], [28.8295244, 30.9482691], [28.8307547, 30.9527478], [28.7914684, 30.9564294], [28.7679425, 30.9663914], [28.7586838, 30.9778123], [28.7626556, 30.9843238], [28.72743, 30.9860389], [28.7175035, 30.9922648], [28.7095967, 31.0025437], [28.6543425, 31.004339], [28.6076728, 31.0158565], [28.6005739, 31.0198013], [28.6009499, 31.0244248], [28.5957943, 31.0286025], [28.5936974, 31.0371131], [28.5666167, 31.0427151], [28.5649074, 31.0477501], [28.5589525, 31.0488506], [28.5572239, 31.0527283], [28.5133022, 31.0514512], [28.5097477, 31.0532927], [28.5106921, 31.0563669], [28.4805982, 31.0609579], [28.4714338, 31.0671057], [28.4721499, 31.0748111], [28.4599026, 31.0748213], [28.4543119, 31.080413], [28.432916, 31.08798], [28.3883394, 31.0838396], [28.3433446, 31.0709458], [28.3161119, 31.0673698], [28.2770721, 31.0741904], [28.2023766, 31.0732376], [28.1571968, 31.0920358], [28.0471736, 31.0860337], [28.019099, 31.0870301], [28.0097543, 31.0892867], [28.0105603, 31.0928593], [27.9671573, 31.0916735], [27.9295583, 31.0968358], [27.9048604, 31.1078114], [27.8958419, 31.1181603], [27.894461, 31.1302555], [27.889018, 31.1395502], [27.8923233, 31.1413274], [27.8895716, 31.1508607], [27.8936444, 31.1546897], [27.8895115, 31.1603753], [27.8908133, 31.1716806], [27.8724191, 31.1877492], [27.8668133, 31.2159357], [27.8721335, 31.2194998], [27.8655986, 31.2302793], [27.869291, 31.2381698], [27.8662938, 31.2376758], [27.8663384, 31.242561], [27.8591865, 31.2459519], [27.8544074, 31.2470122], [27.8546372, 31.2392966], [27.8437567, 31.2272829], [27.8191122, 31.2148423], [27.8005394, 31.2121307], [27.7858204, 31.2050215], [27.7338465, 31.1895704], [27.6845026, 31.1790882], [27.681233, 31.1811491], [27.6758291, 31.1772311], [27.67218, 31.1800805], [27.6683182, 31.1771743], [27.6429006, 31.1799782], [27.6358794, 31.1859151], [27.6367478, 31.196099], [27.5658641, 31.1935766], [27.5557388, 31.2013352], [27.5569672, 31.2067301], [27.4896557, 31.2073891], [27.4460141, 31.2156484], [27.4042364, 31.2417587], [27.3857632, 31.2621303], [27.3826901, 31.2796255], [27.3690186, 31.3056373], [27.3678898, 31.3148886], [27.3533767, 31.3289083], [27.3471, 31.3404696], [27.3474799, 31.3482529], [27.3541077, 31.3574568], [27.3532926, 31.3640118], [27.3421765, 31.3683889], [27.3401961, 31.3727806], [27.269012, 31.3665726], [27.2406472, 31.3671742], [27.2444352, 31.3655932], [27.2422731, 31.3626604], [27.2467453, 31.365693], [27.2541322, 31.3618065], [27.2689164, 31.3636003], [27.2678097, 31.3577969], [27.2542077, 31.361622], [27.2498129, 31.3590999], [27.2443278, 31.3628269], [27.2376977, 31.3569647], [27.2285337, 31.3580363], [27.2206129, 31.3652179], [27.2159848, 31.3613458], [27.2055109, 31.3626857], [27.1820184, 31.3589919], [27.1775958, 31.3603029], [27.1764068, 31.3654475], [27.182443, 31.371434], [27.1906207, 31.3672508], [27.1939474, 31.3712659], [27.2144774, 31.3702753], [27.2237324, 31.364927], [27.2258635, 31.3692273], [27.1757205, 31.3756758], [27.10962, 31.3766646], [27.0778736, 31.3828582], [27.0662037, 31.390188], [27.0675587, 31.3956013], [27.0635919, 31.4066697], [27.011208, 31.411713], [27.0031643, 31.4213924], [27.0039616, 31.4274307], [26.9908957, 31.4329407], [26.9833966, 31.4421972], [26.9618012, 31.4436064], [26.9165149, 31.4395998], [26.8364322, 31.4419649], [26.8169163, 31.4526104], [26.7860023, 31.460534], [26.7808937, 31.4643824], [26.7778748, 31.4723486], [26.7535544, 31.479375], [26.752043, 31.4836154], [26.7007374, 31.48222], [26.6524003, 31.4899403], [26.5869882, 31.4888464], [26.5620477, 31.4962206], [26.5575306, 31.4995478], [26.5575015, 31.505719], [26.5284329, 31.4970006], [26.4957327, 31.495076], [26.4476224, 31.5113342], [26.404966, 31.5170569], [26.388462, 31.5163368], [26.3731356, 31.5190911], [26.368307, 31.5229244], [26.3496958, 31.5229592], [26.317828, 31.5297358], [26.2609401, 31.5488335], [26.21129, 31.5616505], [26.153539, 31.5720805], [26.1396562, 31.5794445], [26.1032447, 31.5866507], [26.0944799, 31.5922456], [26.0800267, 31.5957421], [26.0011553, 31.6113482], [25.9590419, 31.6158973], [25.9541948, 31.6194573], [25.943719, 31.6187144], [25.90692, 31.6280604], [25.8702898, 31.6255556], [25.8115595, 31.6125531], [25.644998, 31.5584449], [25.4970132, 31.5183536], [25.460416, 31.517276], [25.3985306, 31.5032752], [25.2889622, 31.5057133], [25.2082187, 31.5212106], [25.1852421, 31.5287492], [25.1683983, 31.5396004], [25.1601509, 31.552992], [25.1598653, 31.5594747], [25.1632459, 31.5622582], [25.1650615, 31.5597171], [25.1698786, 31.5664861], [25.1799679, 31.5702679], [25.170815, 31.5796313], [25.1660079, 31.5909707], [25.1678202, 31.5950219], [25.1594283, 31.6081443], [25.1551859, 31.6093189], [25.1541647, 31.6157618], [25.1505859, 31.6158087], [25.1527515, 31.6216581], [25.1504614, 31.6235566], [25.1544533, 31.6268366], [25.1443478, 31.6410848], [25.1494396, 31.6562433], [25.1483041, 31.670603], [25.1420861, 31.6712195], [25.146445351774968, 31.676203486114183], [25.1418209, 31.6712547], [25.1340784, 31.6700904], [25.116284, 31.6562232], [25.106576, 31.6402221], [25.0896143, 31.6237433], [25.0759057, 31.5991869], [25.072161, 31.5782588], [25.076277, 31.5511442], [25.0386238, 31.5284566], [24.9811371, 31.4999849], [24.9393089, 31.4685577], [24.9360299, 31.4621346], [24.9340842, 31.4227344], [24.897778, 31.406111], [24.868333, 31.375], [24.864722, 31.362222], [24.870556, 31.3], [24.884167, 31.23], [24.881667, 31.209444], [24.870278, 31.175], [24.869444, 31.156389], [24.896111, 31.077778], [24.904444, 31.034444], [24.911667, 31.015], [24.936944, 30.976667], [24.956667, 30.916667], [24.975556, 30.874444], [25.015278, 30.8025], [25.019167, 30.7875], [25.0125, 30.761944], [24.988889, 30.716389], [24.981667, 30.692222], [24.976944, 30.634722], [24.940278, 30.572222], [24.936667, 30.56], [24.934722, 30.528611], [24.926111, 30.506111], [24.895556, 30.461944], [24.876389, 30.4275], [24.848889, 30.392778], [24.818611, 30.363889], [24.780833, 30.333889], [24.762778, 30.281389], [24.751667, 30.262778], [24.726944, 30.233889], [24.719444, 30.218056], [24.706667, 30.168611], [24.706944, 30.149722], [24.710278, 30.140278], [24.733889, 30.113333], [24.742778, 30.095], [24.781944, 30.0], [24.808333, 29.950556], [24.834722, 29.876667], [24.834444, 29.846111], [24.825, 29.816944], [24.814444, 29.796667], [24.8125, 29.784444], [24.820556, 29.766111], [24.855278, 29.709167], [24.877222, 29.681667], [24.886944, 29.663889], [24.890833, 29.617778], [24.881389, 29.575], [24.881667, 29.557222], [24.876389, 29.524444], [24.8775, 29.506389], [24.997778, 29.248889], [25.0025, 28.051667], [25.0001869, 27.7489122], [25.4613219, 27.7433486], [27.3105948, 27.7380042], [27.7856381, 28.635451], [28.7292682, 28.8196573], [29.5703514, 29.5559649], [30.3111901, 29.9202949], [29.6168674, 30.262648], [29.6174181, 30.3596751], [29.6032434, 30.7528237], [29.5922432, 30.9907216], [29.58751951802413, 31.000112504808243]]], [[[28.9874051, 30.8400289], [28.9798077, 30.8452422], [28.9773089, 30.8438317], [28.9906703, 30.8342684], [29.0205669, 30.8275271], [29.02741, 30.8388231], [29.0228069, 30.8324627], [28.9986864, 30.8349857], [28.9893846, 30.8395407], [28.9877324, 30.8375878], [28.9904307, 30.8444643], [28.9874051, 30.8400289]]]]}}, {"type": "Feature", "properties": {"name": "New Valley Governorate", "country": "EGY"}, "geometry": {"type": "Polygon", "coordinates": [[[32.6968175, 25.1770309], [32.5341292, 25.2876299], [32.4851679, 25.4083885], [32.4749677, 25.5014101], [32.4321266, 25.58792], [32.4362067, 25.6660932], [32.5341468, 25.7244924], [32.6769504, 25.8429756], [32.7085712, 25.9842653], [32.740192, 26.0594284], [32.738152, 26.1171429], [32.7187715, 26.1409532], [32.6657301, 26.1757443], [32.4851855, 26.1015719], [32.2893405, 26.0365179], [32.1791777, 26.0365179], [32.103736, 26.0660626], [31.929943, 26.2135122], [31.8112033, 26.3364184], [31.7528069, 26.4171634], [31.5184559, 26.6822132], [31.4544382, 26.724655], [31.3254391, 26.8526321], [31.2455638, 26.9677666], [31.1651215, 27.1244339], [31.0789614, 27.2186061], [30.8977801, 27.3010938], [30.7564765, 27.4329335], [30.6604696, 27.6032238], [30.6541675, 27.7298992], [28.625062, 27.7403336], [27.3105948, 27.7380042], [25.4613219, 27.7433486], [25.0001869, 27.7489122], [24.997222, 25.221667], [25.001389, 22.725], [25.0, 22.0], [31.0981462, 22.0], [32.6724256, 25.1101395], [32.6968175, 25.1770309]]]}}, {"type": "Feature", "properties": {"name": "Suez Governorate", "country": "EGY"}, "geometry": {"type": "MultiPolygon", "coordinates": [[[[32.65385585727232, 29.126582143251735], [32.650149, 29.1301538], [32.6519096, 29.1363924], [32.6484008, 29.1397707], [32.6467107, 29.155187], [32.6490534, 29.1611249], [32.6452328, 29.1687726], [32.64943, 29.1741358], [32.6403041, 29.1826299], [32.6371158, 29.1977124], [32.6253194, 29.205184], [32.6246325, 29.2223627], [32.630699, 29.236804], [32.6271811, 29.2480401], [32.6163872, 29.2571794], [32.618196, 29.2663393], [32.6148266, 29.2726741], [32.6062502, 29.2785972], [32.6059197, 29.2872142], [32.610028, 29.2913747], [32.601648, 29.3040436], [32.6019642, 29.3147151], [32.5939442, 29.341246], [32.584925, 29.3506108], [32.5802422, 29.3630913], [32.5735251, 29.3659409], [32.5716277, 29.3701385], [32.5743354, 29.3737383], [32.5682089, 29.3778206], [32.5658346, 29.3839189], [32.5593023, 29.3861785], [32.5280432, 29.4123507], [32.5052069, 29.4232285], [32.499919, 29.4292444], [32.5005275, 29.4383828], [32.4800874, 29.4458158], [32.477278, 29.454465], [32.4522758, 29.4738215], [32.4439621, 29.4874816], [32.4320869, 29.4909835], [32.4149667, 29.5035302], [32.3978208, 29.5111127], [32.393515, 29.5186115], [32.3825491, 29.5251047], [32.3724469, 29.5356795], [32.3734004, 29.5419152], [32.3609599, 29.5578016], [32.3618796, 29.5648463], [32.3428219, 29.5916529], [32.3425444, 29.5974512], [32.3462971, 29.594852], [32.3473838, 29.6044987], [32.3536813, 29.6144364], [32.3613577, 29.6174094], [32.3556225, 29.6177872], [32.3637236, 29.6192646], [32.3556111, 29.6178349], [32.3632011, 29.6193735], [32.3589969, 29.6191098], [32.3662849, 29.6317908], [32.3658575, 29.6437418], [32.3719548, 29.6437717], [32.36049, 29.6451269], [32.3604823, 29.640486], [32.3561625, 29.6404976], [32.349097, 29.6554342], [32.3522145, 29.6570256], [32.3603936, 29.6490121], [32.3702962, 29.6502871], [32.3633763, 29.6503694], [32.3608524, 29.6565864], [32.3607423, 29.6671919], [32.364948, 29.668483], [32.3611906, 29.6677792], [32.3601775, 29.6713566], [32.3627136, 29.6821334], [32.3659944, 29.6828015], [32.3710719, 29.6930868], [32.3863175, 29.7090255], [32.3964284, 29.7322429], [32.4220371, 29.7692585], [32.4439372, 29.7913001], [32.4861577, 29.8225117], [32.4874628, 29.8291585], [32.5097443, 29.8603227], [32.5093861, 29.8646807], [32.4997746, 29.8606212], [32.4927301, 29.8612182], [32.4914167, 29.8656359], [32.4861632, 29.866412], [32.4828798, 29.8616361], [32.4792382, 29.8619346], [32.4737954, 29.8686041], [32.4761189, 29.8729257], [32.4741474, 29.8754039], [32.4800384, 29.8746457], [32.4760012, 29.8763948], [32.4724453, 29.8858074], [32.4596186, 29.8912268], [32.46387, 29.8937103], [32.4589011, 29.8933122], [32.4623087, 29.8950752], [32.4639727, 29.901804], [32.4669935, 29.899085], [32.4672615, 29.902386], [32.4637025, 29.9035853], [32.4761171, 29.9250314], [32.4748867, 29.9298], [32.4803949, 29.9325315], [32.4759907, 29.9343254], [32.4816409, 29.9320643], [32.4765329, 29.9365023], [32.4943674, 29.9467931], [32.5249546, 29.9548915], [32.5359845, 29.9424611], [32.5399777, 29.9403331], [32.5278846, 29.9540085], [32.532809, 29.9546373], [32.5335948, 29.9509085], [32.5329769, 29.9554656], [32.5433902, 29.9539838], [32.5584995, 29.9593193], [32.5668567, 29.9511814], [32.5639993, 29.945505], [32.5552287, 29.9404778], [32.5560599, 29.9373296], [32.5556319, 29.9399212], [32.5623885, 29.9432083], [32.5589332, 29.9382682], [32.5652974, 29.9386131], [32.5565658, 29.9364444], [32.5623425, 29.9335636], [32.5706788, 29.940736], [32.5704035, 29.9455785], [32.5718556, 29.9418671], [32.5722639, 29.9525618], [32.5759723, 29.9500464], [32.5758743, 29.9565309], [32.5784645, 29.9564702], [32.5771024, 29.9480351], [32.58386, 29.9631533], [32.5845606, 29.981641], [32.5702803, 30.0610533], [32.5666307, 30.171954], [32.5639979, 30.1734785], [32.5600255, 30.1988806], [32.544858, 30.2018407], [32.5355618, 30.1966253], [32.5334008, 30.2091348], [32.5290381, 30.2089586], [32.5269994, 30.2127992], [32.5292827, 30.2158646], [32.5168062, 30.224743], [32.5182333, 30.2315422], [32.5210466, 30.2292171], [32.5250423, 30.2375307], [32.5245123, 30.2452448], [32.520366401341846, 30.247208055384373], [32.4580995, 30.2063679], [32.4028777, 30.2027155], [32.3049216, 30.2442698], [32.1794358, 30.2452162], [31.8713494, 30.2295534], [31.9090054, 29.9915076], [31.9062825, 29.7483062], [31.8445406, 29.0105979], [31.9711097, 28.9894901], [32.1203476, 28.9987355], [32.2806458, 29.0409563], [32.4592914, 29.0949737], [32.5172305, 29.1261896], [32.5771009, 29.1371551], [32.6292461, 29.1245025], [32.65385585727232, 29.126582143251735]]], [[[32.7817949, 30.2568876], [32.5452329, 30.2615089], [32.538683997675584, 30.257742594343863], [32.5423314, 30.250878], [32.562514, 30.2343933], [32.562514, 30.2230497], [32.5738081, 30.2109648], [32.5708317, 30.165219], [32.5727965, 30.0722687], [32.588133, 29.9807216], [32.5826873, 29.9457387], [32.5592553, 29.9266457], [32.5834713, 29.915047], [32.590728, 29.9043767], [32.5916102, 29.9064153], [32.592192, 29.8981265], [32.5927945, 29.9062857], [32.5933413, 29.8984128], [32.5933071, 29.9038456], [32.6114493, 29.8912569], [32.6336628, 29.8691279], [32.6302926, 29.8427621], [32.6090404, 29.8218686], [32.6221773, 29.8171609], [32.632239410218716, 29.807137729450805], [32.8003299, 29.8972787], [32.8329848, 29.9232502], [32.8042552, 29.994799], [32.8067447, 30.1925665], [32.7817949, 30.2568876]]]]}}, {"type": "Feature", "properties": {"name": "Faiyum Governorate", "country": "EGY"}, "geometry": {"type": "Polygon", "coordinates": [[[29.8499503, 29.0924068], [30.0732277, 29.025763], [30.2992281, 29.025763], [30.301951, 28.9614586], [30.4435415, 28.9733698], [30.8710361, 29.1209552], [30.8764819, 29.2113063], [30.9962893, 29.2231887], [31.0017351, 29.2897045], [31.1133738, 29.3917695], [31.1223899, 29.4358705], [31.0235182, 29.71627], [30.6967708, 29.699715], [30.5633489, 29.6263671], [29.8499503, 29.0924068]]]}}, {"type": "Feature", "properties": {"name": "Beni Suef Governorate", "country": "EGY"}, "geometry": {"type": "Polygon", "coordinates": [[[31.9711097, 28.9894901], [31.8141546, 29.0156647], [31.4656612, 29.1082276], [31.2121809, 29.1866301], [31.2309633, 29.2522], [31.2029472, 29.3065984], [31.2211383, 29.3216458], [31.2350719, 29.3673579], [31.2117505, 29.4361592], [31.1223899, 29.4358705], [31.1133738, 29.3917695], [31.0017351, 29.2897045], [30.9962893, 29.2231887], [30.8764819, 29.2113063], [30.8710361, 29.1209552], [30.4435415, 28.9733698], [30.301951, 28.9614586], [30.2992281, 29.025763], [30.0732277, 29.025763], [29.8499503, 29.0924068], [29.7796533, 28.8026312], [29.8381955, 28.782348], [30.8116306, 28.7656411], [30.8858295, 28.7268472], [31.0370401, 28.7184048], [31.2214264, 28.4357335], [31.2931153, 28.3903161], [31.4375187, 28.3242369], [31.653161, 28.2784657], [31.9069247, 28.2690955], [31.8905371, 28.3123861], [31.8045019, 28.4277417], [31.7881142, 28.5369732], [31.8441054, 28.5885487], [31.8727838, 28.623318], [31.8563961, 28.6832379], [31.8577618, 28.7299516], [31.9164842, 28.8161376], [31.924678, 28.8603999], [31.9615503, 28.9393074], [31.9711097, 28.9894901]]]}}, {"type": "Feature", "properties": {"name": "Minya Governate", "country": "EGY"}, "geometry": {"type": "Polygon", "coordinates": [[[31.9328719, 28.2678927], [31.653161, 28.2784657], [31.4375187, 28.3242369], [31.2931153, 28.3903161], [31.2214264, 28.4357335], [31.0370401, 28.7184048], [30.8858295, 28.7268472], [30.8116306, 28.7656411], [29.8381955, 28.782348], [29.7796533, 28.8026312], [29.7592315, 28.6486187], [29.5849662, 28.3447079], [29.2391585, 28.131211], [28.8225555, 27.9798262], [28.625062, 27.7403336], [30.6541675, 27.7298992], [30.6712011, 27.7026346], [30.6712011, 27.6423485], [30.7120445, 27.62305], [30.8182375, 27.6182248], [30.883587, 27.6664669], [31.1232018, 27.6664669], [31.6351061, 27.695402], [32.1170586, 27.8495927], [32.3730107, 27.8953259], [32.4193, 27.909764], [32.6539287, 27.9028301], [32.5747217, 28.0776849], [32.5009772, 28.1656078], [32.4067482, 28.259473], [32.320713, 28.3027675], [32.2660875, 28.3208017], [32.2046338, 28.3208017], [32.0407573, 28.2787171], [31.9328719, 28.2678927]]]}}, {"type": "Feature", "properties": {"name": "Asyut Governorate", "country": "EGY"}, "geometry": {"type": "Polygon", "coordinates": [[[32.6539287, 27.9028301], [32.4193, 27.909764], [32.3730107, 27.8953259], [32.1170586, 27.8495927], [31.6351061, 27.695402], [31.1232018, 27.6664669], [30.883587, 27.6664669], [30.8182375, 27.6182248], [30.7120445, 27.62305], [30.6712011, 27.6423485], [30.6712011, 27.7026346], [30.6541675, 27.7298992], [30.6604696, 27.6032238], [30.7564765, 27.4329335], [30.8977801, 27.3010938], [31.0789614, 27.2186061], [31.1651215, 27.1244339], [31.2455638, 26.9677666], [31.2962958, 26.8930728], [31.4172745, 26.969739], [31.8992269, 27.0570688], [32.1606249, 26.9842987], [32.2504804, 27.0473688], [32.6153484, 27.3742778], [32.6730476, 27.3656576], [32.7440608, 27.501409], [32.7536203, 27.5571156], [32.6948978, 27.7965733], [32.6539287, 27.9028301]]]}}, {"type": "Feature", "properties": {"name": "Sohag Governorate", "country": "EGY"}, "geometry": {"type": "Polygon", "coordinates": [[[32.6730476, 27.3656576], [32.6153484, 27.3742778], [32.2504804, 27.0473688], [32.1606249, 26.9842987], [31.8992269, 27.0570688], [31.4172745, 26.969739], [31.2962958, 26.8930728], [31.3254391, 26.8526321], [31.4544382, 26.724655], [31.5184559, 26.6822132], [31.7528069, 26.4171634], [31.8112033, 26.3364184], [31.929943, 26.2135122], [32.1478624, 26.2888938], [32.2840071, 26.1918127], [32.7986863, 26.8002707], [32.7932238, 26.9671432], [32.6675851, 27.3183479], [32.6730476, 27.3656576]]]}}, {"type": "Feature", "properties": {"name": "Qena Governorate", "country": "EGY"}, "geometry": {"type": "Polygon", "coordinates": [[[33.4691341, 25.3362142], [33.4677685, 25.5618763], [33.3913732, 25.6228763], [33.3626948, 25.6573489], [33.3531353, 25.721343], [33.4268798, 25.8750339], [33.5634436, 26.0383418], [33.5661748, 26.0874126], [33.3435759, 26.5440038], [33.2179372, 26.4963481], [32.9420783, 26.7454049], [32.8533118, 26.7978328], [32.7986863, 26.8002707], [32.2840071, 26.1918127], [32.1478624, 26.2888938], [31.929943, 26.2135122], [32.103736, 26.0660626], [32.1791777, 26.0365179], [32.2893405, 26.0365179], [32.4851855, 26.1015719], [32.6657301, 26.1757443], [32.7187715, 26.1409532], [32.738152, 26.1171429], [32.740192, 26.0594284], [32.7085712, 25.9842653], [32.9591556, 25.984598], [32.9679476, 25.8066414], [32.8167256, 25.5903615], [32.5600683, 25.4304394], [32.4851679, 25.4083885], [32.5341292, 25.2876299], [32.6473163, 25.2101383], [32.673143, 25.2711361], [32.6851016, 25.3369457], [33.4691341, 25.3362142]]]}}, {"type": "Feature", "properties": {"name": "Luxor Governate", "country": "EGY"}, "geometry": {"type": "Polygon", "coordinates": [[[32.4851679, 25.4083885], [32.5600683, 25.4304394], [32.8167256, 25.5903615], [32.9679476, 25.8066414], [32.9591556, 25.984598], [32.7085712, 25.9842653], [32.6769504, 25.8429756], [32.5341468, 25.7244924], [32.4362067, 25.6660932], [32.4321266, 25.58792], [32.4749677, 25.5014101], [32.4851679, 25.4083885]]]}}, {"type": "Feature", "properties": {"name": "Giza Governorate", "country": "EGY"}, "geometry": {"type": "Polygon", "coordinates": [[[27.3105948, 27.7380042], [28.625062, 27.7403336], [28.8225555, 27.9798262], [29.2391585, 28.131211], [29.5849662, 28.3447079], [29.7592315, 28.6486187], [29.7796533, 28.8026312], [29.8499503, 29.0924068], [30.5633489, 29.6263671], [30.6967708, 29.699715], [31.0235182, 29.71627], [31.1223899, 29.4358705], [31.2117505, 29.4361592], [31.2350719, 29.3673579], [31.2211383, 29.3216458], [31.2029472, 29.3065984], [31.2309633, 29.2522], [31.2121809, 29.1866301], [31.4656612, 29.1082276], [31.8141546, 29.0156647], [31.8445406, 29.0105979], [31.9062825, 29.7483062], [31.7985, 29.7533367], [31.7317891, 29.769292], [31.5296141, 29.7639738], [31.4642646, 29.7533367], [31.329991, 29.7531396], [31.3071348, 29.763494], [31.2867206, 29.7659509], [31.2923846, 29.778431], [31.2961969, 29.8030084], [31.2900972, 29.8333437], [31.2929544, 29.8400597], [31.2923846, 29.8574353], [31.2819279, 29.8853931], [31.2839975, 29.9121157], [31.2710356, 29.9424178], [31.2360713, 29.9637465], [31.2277932, 29.9836554], [31.2275753, 29.9962026], [31.2208221, 30.0142187], [31.2211489, 30.0294968], [31.2301895, 30.0447726], [31.2245255, 30.0719237], [31.2311698, 30.093036], [31.2113458, 30.1236598], [31.1652714, 30.1430656], [31.1423975, 30.1709431], [31.0942195, 30.1978613], [31.085392, 30.2096366], [31.0685686, 30.2190337], [31.0521378, 30.2189028], [31.0138128, 30.1971426], [30.9905927, 30.206762], [30.9800819, 30.2162076], [30.968524, 30.2332935], [30.9678204, 30.2462802], [30.9638544, 30.2545135], [30.9651977, 30.2640721], [30.9550909, 30.282855], [30.9400664, 30.2860373], [30.9205487, 30.2819712], [30.9144078, 30.2850645], [30.9133204, 30.2919137], [30.9209965, 30.3090898], [30.9208046, 30.328361], [30.9158062, 30.3342766], [30.8742706, 30.3400879], [30.8491614, 30.3245513], [30.8358562, 30.3261525], [30.7865826, 30.2732265], [30.3111901, 29.9202949], [29.5703514, 29.5559649], [28.7292682, 28.8196573], [27.7856381, 28.635451], [27.3105948, 27.7380042]]]}}, {"type": "Feature", "properties": {"name": "Beheira Governorate", "country": "EGY"}, "geometry": {"type": "Polygon", "coordinates": [[[30.3111901, 29.9202949], [30.7289923, 30.2305386], [30.7098694, 30.2334105], [30.5344837, 30.322025], [30.4858538, 30.3392372], [30.5194399, 30.4650663], [30.5505771, 30.4912979], [30.6513354, 30.4891876], [30.659382, 30.4726048], [30.618449, 30.4421455], [30.6901693, 30.3941754], [30.7468459, 30.4605428], [30.8161172, 30.4644631], [30.838223, 30.4755032], [30.8299712, 30.5023477], [30.8364105, 30.5172046], [30.8453873, 30.5240053], [30.8515282, 30.540149], [30.8435756, 30.5461428], [30.8315064, 30.541967], [30.8173697, 30.54373], [30.8132118, 30.5522136], [30.814875, 30.5628447], [30.8342358, 30.5783481], [30.8366377, 30.5843767], [30.8183292, 30.5841585], [30.8044483, 30.6035956], [30.7997148, 30.6242949], [30.7871772, 30.6459253], [30.8000986, 30.6670006], [30.8035528, 30.6831205], [30.7874331, 30.6976425], [30.7765587, 30.7026477], [30.7637013, 30.715572], [30.7621661, 30.7207413], [30.767918, 30.726563], [30.7882007, 30.7323436], [30.797284, 30.749497], [30.7897359, 30.7597216], [30.7812298, 30.7645875], [30.7665158, 30.7578527], [30.7606948, 30.7582925], [30.7542341, 30.7678016], [30.7566649, 30.7776396], [30.7903116, 30.8053344], [30.8087341, 30.8142896], [30.8121564, 30.8196336], [30.8104506, 30.8237841], [30.794672, 30.8284226], [30.7697249, 30.8180466], [30.7626174, 30.8225023], [30.7875053, 30.842259], [30.7944446, 30.8567909], [30.7888874, 30.8704323], [30.7649033, 30.8776289], [30.7558362, 30.8841555], [30.7582736, 30.8911836], [30.7783578, 30.9124323], [30.7839151, 30.9313347], [30.7789428, 30.9412862], [30.7571037, 30.9539959], [30.7471591, 30.968543], [30.748914, 30.9742275], [30.7550562, 30.9770697], [30.7613501, 30.9870359], [30.7526188, 31.0043998], [30.7302923, 31.0120876], [30.7185927, 31.0237017], [30.72454, 31.0447539], [30.7236625, 31.0667201], [30.6578527, 31.109552], [30.6213892, 31.1436034], [30.6073498, 31.172721], [30.5868756, 31.1830643], [30.5737137, 31.1956583], [30.5656215, 31.2009123], [30.5568469, 31.2017462], [30.5442699, 31.1904041], [30.5379326, 31.189987], [30.5204808, 31.2015794], [30.5257456, 31.2275111], [30.5029316, 31.2293453], [30.4965943, 31.2397658], [30.4984467, 31.2481014], [30.5190184, 31.2705204], [30.5195059, 31.3284187], [30.4845048, 31.3474881], [30.4749502, 31.3456563], [30.4663706, 31.3355806], [30.4604233, 31.3364966], [30.454866, 31.3507354], [30.4525261, 31.3687181], [30.4466764, 31.375877], [30.442289, 31.3787903], [30.4283471, 31.375877], [30.4213274, 31.3809544], [30.4300045, 31.4125783], [30.4258261, 31.433057], [30.4135277, 31.4403652], [30.386009, 31.4434968], [30.3626978, 31.4668734], [30.3590817, 31.4536295], [30.3610338, 31.4518095], [30.3558238, 31.4457078], [30.3584488, 31.4441606], [30.3570993, 31.4391018], [30.3297194, 31.3806972], [30.3079965, 31.3458073], [30.3015355, 31.3440027], [30.3045611, 31.3416478], [30.2998511, 31.3384223], [30.2975707, 31.342529], [30.3006322, 31.3468641], [30.2973413, 31.3424546], [30.2992825, 31.3357648], [30.2623821, 31.306028], [30.2052035, 31.2781684], [30.1823922, 31.2723866], [30.1797293, 31.275142], [30.1810262, 31.2723796], [30.1849209, 31.2711947], [30.1812376, 31.2703156], [30.1788146, 31.2757084], [30.1793549, 31.2679269], [30.1772735, 31.2740389], [30.1618911, 31.2691328], [30.1621083, 31.2713818], [30.1617892, 31.2691374], [30.1567786, 31.2720051], [30.1526914, 31.270429], [30.1549948, 31.2736644], [30.1509176, 31.2701887], [30.1242539, 31.2711388], [30.1211468, 31.2749243], [30.0990668, 31.2773304], [30.087628041513696, 31.282158566424105], [30.0931217, 31.1966713], [30.0155939, 31.1085236], [29.914254, 30.895875], [29.8688449, 30.8692606], [29.9618782, 30.7275098], [29.9352973, 30.6984679], [29.9906743, 30.5793526], [29.7254185, 30.464864], [29.6174181, 30.3596751], [29.6168674, 30.262648], [30.3111901, 29.9202949]]]}}, {"type": "Feature", "properties": {"name": "Cairo Governorate", "country": "EGY"}, "geometry": {"type": "Polygon", "coordinates": [[[31.8367932, 30.3209168], [31.630124, 30.1979663], [31.5924734, 30.1721293], [31.4835106, 30.1666484], [31.3937649, 30.1553431], [31.3075229, 30.1311783], [31.2311698, 30.093036], [31.2245255, 30.0719237], [31.2301895, 30.0447726], [31.2211489, 30.0294968], [31.2208221, 30.0142187], [31.2275753, 29.9962026], [31.2277932, 29.9836554], [31.2360713, 29.9637465], [31.2710356, 29.9424178], [31.2839975, 29.9121157], [31.2819279, 29.8853931], [31.2923846, 29.8574353], [31.2929544, 29.8400597], [31.2900972, 29.8333437], [31.2961969, 29.8030084], [31.2923846, 29.778431], [31.2867206, 29.7659509], [31.3071348, 29.763494], [31.329991, 29.7531396], [31.4642646, 29.7533367], [31.5296141, 29.7639738], [31.7317891, 29.769292], [31.7985, 29.7533367], [31.9062825, 29.7483062], [31.9090054, 29.9915076], [31.8713494, 30.2295534], [31.8367932, 30.3209168]]]}}, {"type": "Feature", "properties": {"name": "Afar", "country": "ETH"}, "geometry": {"type": "Polygon", "coordinates": [[[41.761362349616846, 10.982803698996442], [41.764733150046126, 11.085824465144572], [41.7701135043881, 11.11711163505061], [41.77780489791457, 11.286466463814456], [41.773525046729176, 11.323393192872372], [41.77711590220345, 11.429733687435158], [41.77593666392712, 11.539723892059298], [41.78881731748417, 11.583839869346411], [41.797908011822734, 11.646524219588857], [41.8042983323688, 11.667752288446017], [41.83477956116444, 11.725686912479505], [41.85425019429328, 11.742715257050799], [41.867290688857445, 11.763503308167131], [41.919962364049724, 11.803319383846674], [41.94307313317385, 11.8251072737866], [41.96518394254067, 11.856954281019135], [41.98111446821505, 11.870892922342412], [42.090578808002185, 12.065164823866706], [42.181342053217485, 12.177404158055598], [42.20001277953224, 12.207811318935827], [42.21208314167291, 12.213670700000481], [42.23021379373676, 12.235788601320209], [42.24523438704491, 12.261436200599256], [42.26712518490159, 12.289973496241764], [42.320247359575156, 12.388044371019618], [42.33794794838169, 12.403522854734344], [42.355718752743456, 12.44564897473478], [42.34194854298368, 12.464877374949745], [42.336268523859985, 12.480246059148815], [42.31060819108503, 12.521912555890406], [42.281187703547886, 12.557159661025901], [42.24330719659444, 12.616284722950486], [42.21988678533059, 12.641152697715789], [42.13661545003576, 12.746574022605607], [42.1144350149986, 12.76469260142814], [42.097334724150926, 12.784151015860225], [42.096324779323844, 12.794200134861496], [42.05115399128586, 12.843826108955104], [42.01113357422161, 12.921409572957781], [41.99870336427229, 12.935548427124917], [41.97347308832655, 12.983854365186863], [41.87960147201402, 13.09028573898998], [41.787339723197285, 13.175998941692876], [41.73824886688537, 13.231854425741625], [41.612596460157576, 13.348165229858472], [41.57900587017666, 13.386382154656031], [41.48250405928742, 13.481374617154453], [41.31461074322966, 13.630922905756439], [41.251279712093485, 13.713346238481915], [41.078206353114396, 13.879163209165801], [40.83764144018579, 14.084747336525947], [40.6514274770458, 14.229976297878611], [40.54648514048143, 14.301990939250196], [40.44540282113011, 14.364036413788769], [40.385561361830916, 14.390324635019244], [40.331840127799836, 14.424582119929358], [40.2234775194054, 14.479198299406482], [40.14080533834924, 14.49861730105219], [40.08993382423935, 14.490818369902511], [40.07619346087524, 14.494518165787444], [40.05614283394517, 14.48746892848705], [40.01110115256146, 14.440203337036783], [39.98513896621056, 14.432913739728503], [39.98045877945158, 14.410450929877912], [39.9826165817033, 14.394349498431852], [39.9917263262315, 14.382544713989494], [39.980660004860546, 14.371552025561355], [39.95115102069328, 14.36099788911258], [39.93939507032198, 14.362015615604044], [39.91714831001064, 14.370837337909945], [39.90920541919802, 14.365955436267921], [39.89635141030719, 14.371159655643739], [39.85399827187135, 14.367677783279683], [39.85550704796395, 14.373737437835347], [39.83894503582019, 14.381075328968842], [39.801826510269066, 14.387755242876167], [39.788549219294694, 14.37930851172208], [39.77292674867138, 14.374429385859], [39.78008177729759, 14.331114507489959], [39.77221200678087, 14.320437010295665], [39.72712413295299, 14.303547029073217], [39.72771357718982, 14.294612789181636], [39.734648936639736, 14.288533223804768], [39.74288773700534, 14.281856682661108], [39.75848272181642, 14.277764219464137], [39.75818095380413, 14.240433546422052], [39.74309309668735, 14.23553214869366], [39.707350570023785, 14.242652578144519], [39.69496294506545, 14.241901479212494], [39.688773540317285, 14.23193543850285], [39.68659757744202, 14.216768624141308], [39.673144477449085, 14.200928328040558], [39.66476532192806, 14.197512684376596], [39.65925804030729, 14.199275448927974], [39.657305806835076, 14.193418052982635], [39.65083706563017, 14.189207084828004], [39.658643195282515, 14.182998677828422], [39.6743960214619, 14.178311571975627], [39.68287339676758, 14.165283284500061], [39.71591584813935, 14.156911099464924], [39.75041769745109, 14.152395801623406], [39.76800971354901, 14.14064168214682], [39.79868243689783, 14.143126820187291], [39.810425812753216, 14.152243506937706], [39.83850308665635, 14.154795328830309], [39.8390316871317, 14.127141421608785], [39.843986173351496, 14.109967269369708], [39.84282796116157, 14.097640337634633], [39.84914670961589, 14.078564345907711], [39.84487508036539, 14.05086414793477], [39.855608130194874, 14.031588032302214], [39.867203170451305, 14.022207151708113], [39.886815834476735, 14.012811705773556], [39.86936760709286, 13.99285205934061], [39.86993630631688, 13.983534554215023], [39.85947175057563, 13.973798806992315], [39.86004250976982, 13.966385466326878], [39.83652164668327, 13.97625824495928], [39.83007842689217, 13.974894719018067], [39.81652802374849, 13.968852104462165], [39.80253471017687, 13.946216396931387], [39.818510197144505, 13.94319583188635], [39.82879627405037, 13.932241951232067], [39.82696867331664, 13.921994080107828], [39.834155971466465, 13.919020059904888], [39.829058285234794, 13.888570654203454], [39.82989925816082, 13.869123206662819], [39.83872401387724, 13.86483147949204], [39.8371803762908, 13.854752341310563], [39.84312354364317, 13.839026271121691], [39.83457828956575, 13.822008873554948], [39.84242659303754, 13.804121915559614], [39.85315037507106, 13.795524919347116], [39.854074527452184, 13.767140473019264], [39.86464622413647, 13.755740140395892], [39.87507609494873, 13.750034643471354], [39.88494657044236, 13.748877061950434], [39.87687745085705, 13.738839709662393], [39.874967343275564, 13.722802888669051], [39.878530172361266, 13.689407849246011], [39.86829970844429, 13.658919502081869], [39.86732782917934, 13.627580843473856], [39.87043553061952, 13.610148033005096], [39.865830530708735, 13.603309325354427], [39.86844833044822, 13.584453958350126], [39.864783795293526, 13.548808616304722], [39.84428084959942, 13.557150603737593], [39.8171390565667, 13.558417925401509], [39.80471098769194, 13.554372571844961], [39.79469913459475, 13.556371400754164], [39.784449448142375, 13.564029548281113], [39.76390655856397, 13.571917193399877], [39.74542121444244, 13.571457903196794], [39.74032973315573, 13.563795285786822], [39.740601602379435, 13.547948106639609], [39.73481888088207, 13.529344418185953], [39.730039170165036, 13.524723874941122], [39.724298078361954, 13.509843452356492], [39.72039064170069, 13.476335473246671], [39.72861551288023, 13.422887373599728], [39.73482118674206, 13.40372967370085], [39.74442418959722, 13.389599064211172], [39.742157554155796, 13.382857754702416], [39.74663226543593, 13.374784270683108], [39.730395455401954, 13.379470424420177], [39.740906876711215, 13.363918308080763], [39.74257762532733, 13.351952485106773], [39.737328481692394, 13.327969425774004], [39.73861967334988, 13.321761858332437], [39.720595712066654, 13.295224016102186], [39.7258443830509, 13.289008405694963], [39.75952176076096, 13.279570899576612], [39.76818869114284, 13.285939356904512], [39.78662294868799, 13.2633772714536], [39.78809880220009, 13.246304003506575], [39.79993070661379, 13.228196522000578], [39.801457277028774, 13.219826907898481], [39.80940713876651, 13.217849963003678], [39.80464614129887, 13.190358160503436], [39.81004503094057, 13.177365637073077], [39.81282113689086, 13.155838702367891], [39.83209739766454, 13.113226739564759], [39.83593785817016, 13.08366508441389], [39.8588623287462, 13.036847961052853], [39.86393361139914, 13.020396325430973], [39.861252315160144, 13.004313542718343], [39.86323818032146, 12.962719118988142], [39.87364877028011, 12.942949335389724], [39.88726098015003, 12.93160999430624], [39.905122693075164, 12.922455218388327], [39.90731016015105, 12.91504126792734], [39.9260800817618, 12.894470525970515], [39.93023392505521, 12.875097844829233], [39.94205679384251, 12.86197872926072], [39.9534143663307, 12.83762772444372], [39.96635965256688, 12.822592576472314], [39.97345698307242, 12.798071680036916], [39.97885936432545, 12.792902545534556], [39.943583411586786, 12.772192238344807], [39.8999235667852, 12.763022451621977], [39.88952225447572, 12.756490745858043], [39.87065589539096, 12.734636065060295], [39.86847935049584, 12.724455556385024], [39.840287015402865, 12.713993199038677], [39.82697707818057, 12.694461985503645], [39.82095031974342, 12.659550820559508], [39.82421266456948, 12.646393504280919], [39.8334462097667, 12.635103168509136], [39.81957484984893, 12.619480513488428], [39.8076087258967, 12.597012008375545], [39.81635042835348, 12.582131383869205], [39.82769796682137, 12.57270145262433], [39.82677887852564, 12.561686272012714], [39.83363652380814, 12.550623791851013], [39.84142151858117, 12.547464858490926], [39.853243331712015, 12.54815466004985], [39.8640688457064, 12.532182911839895], [39.86432471047747, 12.507025764984812], [39.86905490962991, 12.495054473243234], [39.881938932693295, 12.485199036896159], [39.86715882577077, 12.473363673029434], [39.882923229217845, 12.46769538440623], [39.883445741912745, 12.458403223708505], [39.86398551123834, 12.464086164484717], [39.83423982822991, 12.434224664613035], [39.81580077894951, 12.407807062491965], [39.82182474588248, 12.395930648510742], [39.82080357230969, 12.390742402114393], [39.83174804564876, 12.358249825372077], [39.818448625907365, 12.34256969256402], [39.81848266885657, 12.324782038651364], [39.82560835736724, 12.31849357212602], [39.82452661215332, 12.29237983336027], [39.82845036806385, 12.241217284046026], [39.808417805331764, 12.239628556004885], [39.804496634015955, 12.230447386115792], [39.80073129283828, 12.195748448387514], [39.813699388614836, 12.157406719954748], [39.820022337205216, 12.1242075870102], [39.82947143653025, 12.100608592690062], [39.862596268208385, 12.089141379645248], [39.84437361169798, 12.066082520697806], [39.842133470349694, 12.054323566457052], [39.87741840427046, 11.975143280631247], [39.887971733379445, 11.906526234687274], [39.87896813536917, 11.883442070102387], [39.874340424698794, 11.799356792858987], [39.87574246070698, 11.77955345059474], [39.880089104456346, 11.76819717550882], [39.92481780330848, 11.701601612480415], [39.970528217779325, 11.665289371416629], [39.994986331852076, 11.681964826926635], [40.01615903947573, 11.64636262261809], [39.99832404711732, 11.613039060235895], [39.99341731654595, 11.598224688105605], [39.994186895324916, 11.58461274772001], [40.0617883152757, 11.474956318286551], [40.067938548224724, 11.443752107964418], [40.071060715724286, 11.374497647705933], [40.06582998458983, 11.338595818090083], [40.07210811447672, 11.326483236773534], [40.103451981539315, 11.317753149373804], [40.12367842712699, 11.296946782845167], [40.14649491234453, 11.256469045832002], [40.173751685777304, 11.240824319091695], [40.21331413104581, 11.109764189262329], [40.19467216670554, 11.09722442652422], [40.19638849666064, 11.0690844211328], [40.187814424294785, 11.026206183864305], [40.16987697565805, 11.002437353218749], [40.14500261825092, 10.95298491941011], [40.12464525060973, 10.938510426535029], [40.133816953755044, 10.916034411137257], [40.150185113656306, 10.896670913844895], [40.18137648099689, 10.897736503780349], [40.17673191931006, 10.878658802612595], [40.17082613247424, 10.87440141292908], [40.167982063920626, 10.834917177623732], [40.16496269807844, 10.829488447905275], [40.16756966745521, 10.805930973199288], [40.12290450711989, 10.769058382665607], [40.10929642191535, 10.764711903232758], [40.103483670166206, 10.755933361207934], [40.103418546010836, 10.740572743042375], [40.10994939520938, 10.724774470788395], [40.12936922670979, 10.618383809454059], [40.15377432928734, 10.440200469596023], [40.16246106807726, 10.436255410347696], [40.164512952390176, 10.413280717007517], [40.16393041770509, 10.375724366153854], [40.15996710162162, 10.357200750752964], [40.161258372060296, 10.301724421824675], [40.15837054907558, 10.28629356431857], [40.14753209571052, 10.278145938982224], [40.156452104384385, 10.258341247949883], [40.12986535373299, 10.174484188255557], [40.15901784807724, 10.09122383560249], [40.13345641068995, 10.072040481203254], [40.10802176979146, 10.072126975464602], [40.06989503867337, 10.080008024820692], [40.02487771890663, 10.075304248956458], [39.99443123172345, 10.077844369906542], [39.989819219135306, 10.089260954015783], [39.94903917789304, 10.085410346867157], [39.928141890613404, 10.090908409369703], [39.93765227244658, 10.063158295936251], [39.94431200071023, 10.060138388336071], [39.94248713088617, 10.044019837964957], [39.9236066355576, 10.011693740711923], [39.948221442119774, 9.994329112559099], [40.010676877670356, 9.992135124443607], [40.03282152574927, 9.995440910197466], [40.04402870470671, 9.991984732322893], [40.05977489957966, 9.978060649321955], [40.06814192048609, 9.961027203485422], [40.08129281901817, 9.9493485019685], [40.089712681156236, 9.935764500458692], [40.078694333295786, 9.906423572261328], [40.0644286446494, 9.903375057457003], [40.059299454193344, 9.865304316135788], [40.07156242786457, 9.858382534449223], [40.05353978791957, 9.843164597953484], [40.03607544094485, 9.843765834774848], [40.02866697392445, 9.830870804059124], [40.018358995196614, 9.82097737722981], [40.01189359279533, 9.819526280016415], [40.00532469430026, 9.796201893833091], [40.00894144167569, 9.782748851854016], [39.99202159339495, 9.757700547145628], [40.0067829368973, 9.741998632176115], [40.0146347412724, 9.73854418628651], [40.010237694960495, 9.733833658722293], [39.95559737655306, 9.731226170638795], [39.87666540870555, 9.75378458674273], [39.86300505331566, 9.754934554505434], [39.850638539918094, 9.749335024977412], [39.83999173608105, 9.724538081560182], [39.853542961685825, 9.699662224906788], [39.85078342546182, 9.688706756101872], [39.85852700390424, 9.656136066994963], [39.88019276253699, 9.625236789761166], [39.884660420168785, 9.611621346838438], [39.878011254422795, 9.577560483357912], [39.8484425280493, 9.565284357426469], [39.85763223322177, 9.557491474334658], [39.8581882947911, 9.548078554459186], [39.84877537017035, 9.526205073376167], [39.847962211538494, 9.5117132651595], [39.83838941512853, 9.502896832296676], [39.848694980082776, 9.482207274227358], [39.87339008251376, 9.460262736436793], [39.87527190616258, 9.408757808884376], [39.87951008709172, 9.40141720285112], [39.873755924675, 9.398770393628837], [39.82231883454303, 9.418445441485954], [39.808085193721226, 9.413846661505367], [39.80066220139785, 9.400683985918727], [39.786054743136766, 9.396614392943082], [39.79234114772907, 9.370829072372842], [39.750687677862416, 9.370224673251426], [39.754851077219065, 9.355711609561554], [39.79000327750797, 9.305234887369771], [39.81757563954307, 9.308682528308218], [39.83472034046178, 9.315768129046537], [39.84499952131074, 9.31519698000282], [39.860861913609355, 9.308141098334172], [39.88685312301724, 9.270377530745767], [39.85786884169997, 9.271092253062594], [39.86381882296625, 9.243283133862393], [39.87409219571528, 9.23459765478179], [39.87389345728263, 9.228314272362686], [39.854367942500964, 9.211836035899728], [39.8369804060974, 9.18932482123109], [39.81387555746769, 9.172137328999902], [39.8182829325792, 9.137344208658272], [39.84987148415355, 9.139159403274528], [39.87852227224993, 9.14575867294052], [39.8992827896781, 9.139969081513957], [39.909883032768725, 9.132829668845519], [39.91961296505711, 9.069445265589403], [39.92926314687546, 9.05518648605149], [39.94332348927607, 9.048726996369957], [39.95273364080803, 9.031028524888933], [39.948493398891564, 9.004640896313862], [40.00042478236546, 9.008200321406683], [40.02279533978017, 9.003320649239573], [40.035685641885756, 8.995491281817474], [40.04832588892965, 8.97893269260301], [40.05196590465271, 8.962404148893242], [40.04474562013376, 8.94336588710392], [40.03748524967327, 8.907579111099524], [40.020134705827026, 8.890180751253274], [40.01178439645888, 8.871832423690854], [40.01127431155592, 8.857143739573809], [40.02508461899552, 8.846104654355635], [40.04121502179291, 8.842164926096325], [40.06782073057799, 8.845024542853018], [40.08183613368896, 8.852403817039118], [40.095364539302395, 8.863218784502912], [40.15311840009462, 8.933006271412033], [40.170759020004596, 8.965543280367086], [40.23868095806233, 8.998380007220439], [40.24690136929339, 9.036446566970632], [40.246371560992834, 9.075903043032437], [40.32789410037986, 9.155685506012059], [40.408996883572215, 9.282203784723583], [40.4718989163577, 9.355766880144387], [40.49969975168522, 9.376054922701282], [40.529290575080736, 9.386463837831435], [40.63685343138974, 9.396952323581399], [40.660434090225905, 9.405311447117839], [40.67642457424816, 9.418520178287762], [40.694442750007624, 9.445383634504664], [40.69386548176796, 9.499892810146127], [40.699885821202024, 9.533759746268196], [40.74957777877086, 9.652278873471914], [40.7639782506067, 9.668457348324852], [40.826450419413824, 9.764428421308102], [40.848221140963666, 9.79129589362863], [40.99744582328578, 9.929652664433535], [41.01482633618893, 9.940161621306283], [41.0204565402982, 9.94978073137711], [41.01424644641366, 9.960949768611878], [40.99982611535728, 9.96878915127151], [40.96669528047331, 9.972638998445431], [40.946924945291514, 10.002266463400519], [40.93744490102425, 10.036193490532517], [40.975566616122634, 10.157582419217574], [40.979716957707886, 10.195608996250439], [41.005988404928594, 10.319767756277193], [41.0159188130896, 10.344095521425908], [41.031329569576286, 10.4013603134669], [41.03273974056694, 10.42291837992118], [41.04804048587122, 10.478533322024377], [41.07220151399826, 10.541887525648306], [41.08793230411837, 10.601462111921611], [41.08334239100139, 10.633409287719191], [41.07878231453142, 10.640368699685066], [41.078162565575624, 10.682044980578898], [41.167325538807034, 10.78059563663548], [41.19177628412353, 10.797293990687663], [41.22095729478688, 10.835340408210294], [41.232877804027446, 10.864527733061138], [41.23449802242972, 10.892055267755104], [41.24164841074199, 10.9222325311867], [41.26905937175083, 10.958719102434936], [41.30118025773116, 10.964928338628999], [41.349481508648765, 10.963398160574895], [41.39312266950375, 10.967177537836205], [41.41098308515767, 10.959338119970468], [41.48497507338114, 10.967766877511908], [41.58313759455368, 10.962936664612139], [41.63508896585112, 10.96616602980024], [41.68174016631349, 10.964745846847196], [41.70045069105109, 10.970175234881092], [41.71852112574895, 10.965645521429371], [41.740451719444614, 10.969195057797652], [41.761362349616846, 10.982803698996442]]]}}, {"type": "Feature", "properties": {"name": "Amhara", "country": "ETH"}, "geometry": {"type": "Polygon", "coordinates": [[[39.81848266885657, 12.324782038651364], [39.76241697849458, 12.304006229424948], [39.7594237870426, 12.320705837363073], [39.70713397347508, 12.30696074856009], [39.63314163470892, 12.308408321330505], [39.62180134605361, 12.300976612926886], [39.62598993488396, 12.288754782452449], [39.61507965992628, 12.27648826811993], [39.60586682338435, 12.271319944227505], [39.59273595692169, 12.271733102104136], [39.573409619426364, 12.256684464349068], [39.556049582427576, 12.256270175144886], [39.54413862603745, 12.265766119511818], [39.539401439139624, 12.292667705636314], [39.523526798479296, 12.327167006728962], [39.50830552335209, 12.333604513960157], [39.471381630800664, 12.322152177646737], [39.45642741579549, 12.325780484024646], [39.4203767112228, 12.297352585912147], [39.40374802046639, 12.296035063640359], [39.38945758362207, 12.3012518272814], [39.37343818735232, 12.30205095371024], [39.35101254380438, 12.299169350569636], [39.322563128367655, 12.305621638056778], [39.306068285772284, 12.298036406397012], [39.29173387799289, 12.296828270936208], [39.285644232250924, 12.30044416159484], [39.26371424386197, 12.335459528098955], [39.246388223641766, 12.353695964389127], [39.24077911494373, 12.395291683959682], [39.242291865305326, 12.426373466980499], [39.23702012576267, 12.449740966861484], [39.23721354272286, 12.473826868477857], [39.231772146215285, 12.486909765187304], [39.230632798078645, 12.501820474454387], [39.218415441958214, 12.53669501981212], [39.20957628680226, 12.550297394234377], [39.21007637498541, 12.561324431494274], [39.2051348409653, 12.576728874797713], [39.183903658925786, 12.613022441354783], [39.18426279223403, 12.631025207818851], [39.17525946237969, 12.644207454217899], [39.18228072181187, 12.653398609739597], [39.199729764666586, 12.661120824183097], [39.23162320203201, 12.667260246340877], [39.239717404758565, 12.66382424143885], [39.281342870845926, 12.68873108790162], [39.286382284070505, 12.705091518112203], [39.2703956082106, 12.723939649204842], [39.27472056988847, 12.727343990651862], [39.28179320749513, 12.744056287779404], [39.279714268767904, 12.759264906425466], [39.26852446000736, 12.772050731343484], [39.27663280225382, 12.788562242983094], [39.29659140293094, 12.786211733377197], [39.304463545473425, 12.794029047874021], [39.30807727764552, 12.81236497314794], [39.278546721469574, 12.826735115705455], [39.310993598562376, 12.852915583673157], [39.30768976674465, 12.867017925939418], [39.303851537623636, 12.870829091019248], [39.295756450436336, 12.871609270582873], [39.279884059855036, 12.85695601033456], [39.26393705004779, 12.894799331830269], [39.2595896889975, 12.915385857747593], [39.251667531395135, 12.91868628274794], [39.23342796616672, 12.91738957960912], [39.20415901043819, 12.929617338703913], [39.19369155693562, 12.928787653821269], [39.164328858020944, 12.94911313645008], [39.1427233136112, 12.956540335621858], [39.12000426328053, 12.961557197850032], [39.083716174593974, 12.959972687865086], [39.075004976855, 12.976784998768752], [39.05446809581305, 12.991367371528346], [39.035117368201234, 13.001165346690067], [39.00107463610697, 13.00414067215046], [38.9953106682469, 13.012437348378615], [39.005189780994066, 13.024092706929821], [39.0009122006992, 13.0395838644586], [38.99481800705528, 13.045982166190742], [38.99067947046172, 13.081980123281818], [38.97945726490998, 13.099650944892828], [39.011098439961394, 13.114668403825023], [39.021080959755494, 13.127562462308306], [39.037790742452046, 13.134924924304647], [39.042455777401955, 13.162185664415343], [39.03688127488999, 13.170631074558921], [39.01760227459141, 13.179391649509547], [38.99822393743332, 13.204084403089338], [38.98566802358634, 13.2034343983242], [38.95667933468723, 13.212692545935303], [38.9525971772756, 13.23819193824718], [38.93044496458827, 13.236369557952317], [38.91418837565689, 13.225150955898101], [38.87707186863485, 13.22118705041957], [38.86395859524084, 13.21017754023058], [38.85111076049436, 13.215188158650353], [38.83473506398675, 13.232611694835944], [38.81993754475649, 13.235392607295754], [38.80154268651529, 13.247986752611213], [38.78003885460777, 13.25004766037183], [38.744102429066146, 13.265698715851874], [38.73243850672278, 13.262951495304277], [38.73076700797716, 13.269894489649921], [38.740919210095285, 13.287458815568366], [38.740135008895756, 13.297116217122785], [38.73600460465346, 13.3030246048204], [38.74188626689479, 13.30811203572302], [38.73778055935363, 13.330983199818087], [38.74256932609699, 13.334216067968413], [38.74266351574504, 13.340501698130195], [38.734512161485945, 13.350433940587589], [38.73104473786272, 13.366069224576012], [38.73809427583727, 13.378364743868678], [38.734105582477525, 13.384812673737173], [38.73398368232037, 13.399475524234399], [38.722715926828485, 13.408714144243786], [38.70653582853347, 13.389964083711451], [38.669983048039505, 13.392525108787037], [38.64948899274276, 13.397186096018364], [38.62321974665161, 13.411890726051082], [38.61870091248626, 13.428992604920758], [38.616636779665605, 13.452061203691027], [38.63412991862519, 13.47336974556191], [38.64902959655868, 13.482035256711493], [38.66215465148309, 13.485383982209356], [38.67728030231903, 13.484097624799283], [38.67334219374864, 13.509861488513737], [38.663000084925876, 13.53183482265694], [38.63683517897935, 13.506920351179785], [38.614893828096086, 13.49134382423903], [38.606237546867106, 13.491348292833264], [38.59096052860854, 13.506779761902509], [38.58041405377398, 13.50412101086533], [38.57382927789634, 13.49836365813766], [38.56831987346049, 13.487109995249314], [38.56292286256661, 13.483987466268468], [38.53509030092711, 13.482468533388584], [38.512588840369126, 13.473570198422635], [38.4850020234198, 13.470396154909373], [38.46183628523301, 13.460221683276414], [38.46986562626195, 13.476087933665855], [38.46633105455364, 13.480377422464139], [38.46824814618999, 13.485559964994938], [38.49910270639463, 13.485113305827962], [38.49150439206242, 13.496434875841118], [38.497650646682864, 13.507445389465268], [38.5037715232501, 13.512201606573258], [38.53346526196941, 13.519340461611717], [38.543306095838794, 13.526456450995582], [38.551537918265495, 13.538549857460236], [38.554793599548695, 13.550960269917722], [38.50229613868339, 13.558510975801376], [38.490698804805895, 13.558664040619124], [38.47846566175835, 13.552997109380145], [38.47369635693805, 13.564763632013086], [38.466060161037184, 13.568295879693958], [38.45446775195139, 13.55759804207463], [38.44363874934222, 13.561191854250746], [38.44411653661243, 13.569591415859561], [38.451883870452896, 13.58524902081081], [38.441650740572406, 13.585054939984989], [38.433547639367326, 13.580344564920273], [38.42727926721046, 13.571986923813625], [38.424647587513824, 13.561953201541296], [38.40735226796882, 13.540064694133138], [38.40022806413034, 13.540332219182039], [38.40013885168536, 13.546138721572259], [38.39207792419482, 13.554008100051504], [38.3864157476064, 13.552237790273448], [38.38068307586472, 13.545130353801312], [38.36079401708693, 13.553656839219261], [38.34203936791774, 13.538296780558428], [38.32872548673387, 13.550978114719541], [38.32687323992253, 13.535056825758325], [38.32088349232836, 13.524505145029583], [38.323880647491976, 13.510221974876728], [38.320698504237306, 13.50280896493072], [38.27975820561625, 13.486177661612365], [38.259982637991776, 13.486861733345874], [38.24879839356082, 13.502319931445799], [38.22816680907244, 13.48987346954752], [38.21215863310503, 13.487504116642167], [38.20173691050133, 13.480797634976982], [38.17455896354895, 13.494102172347889], [38.15935270057675, 13.483507930368317], [38.156036561262674, 13.477195492681565], [38.14603073799108, 13.472338724012088], [38.13074471704331, 13.485398204597514], [38.12182837153355, 13.506961715703504], [38.11615927562421, 13.494920983967653], [38.08372301156209, 13.484333602086497], [38.06027705291705, 13.467852665364987], [38.0528320081162, 13.468593900290584], [38.04643915537403, 13.480771148773844], [38.025255494066336, 13.486309644495332], [38.02156468991462, 13.481916712005628], [38.015753842033504, 13.487174869954954], [38.008938954754875, 13.50148711756386], [38.00201425557631, 13.501755639062353], [37.96922300175211, 13.494352735145151], [37.96333930313293, 13.490270747099029], [37.94732087230141, 13.467076324347149], [37.90493393695535, 13.44771198269656], [37.88802538047492, 13.454032613707286], [37.867231902806715, 13.47578801950323], [37.81773608470343, 13.463837463795938], [37.8127542050748, 13.48033291162434], [37.80983652596016, 13.519751143831106], [37.793489503206665, 13.52127170891858], [37.78577032278704, 13.53988457749045], [37.7698544717837, 13.563252652656763], [37.78497968913009, 13.58837083105578], [37.78547573248329, 13.597964668237486], [37.77559542448474, 13.612303500618323], [37.77689716669678, 13.634150629135574], [37.76519866500369, 13.619021418077343], [37.76591845404074, 13.602829555902415], [37.760755717217876, 13.591649388056922], [37.75474794506191, 13.59181499453379], [37.746647138606576, 13.57875004898406], [37.7469677506271, 13.57160196678483], [37.73657093138675, 13.572706624855122], [37.72785587276957, 13.564075707268211], [37.720971477166664, 13.546884005484472], [37.71525404990685, 13.542668327976], [37.71631725082185, 13.535183111075277], [37.71044584871754, 13.530852434911083], [37.699567330813224, 13.49606977564541], [37.69172449455296, 13.485349175851363], [37.6949702383393, 13.473088319138487], [37.686210311494904, 13.465913221864911], [37.677621631278036, 13.451351020606204], [37.65739081292578, 13.442037776950535], [37.65652649396596, 13.435425014721618], [37.637923564439674, 13.414562165645384], [37.626196017830694, 13.408837145104155], [37.61183199645802, 13.411747451126304], [37.60532657908474, 13.409604542503558], [37.59099301565615, 13.398265602214053], [37.583111519309256, 13.397680034364717], [37.567996978036824, 13.38882330242389], [37.552825412752796, 13.389273036784742], [37.51860396860292, 13.367146011883523], [37.4957073570453, 13.368456491317506], [37.490904770744805, 13.36388082875103], [37.472297250126836, 13.367607957957398], [37.46280379082981, 13.360189250012352], [37.44132748007872, 13.354766657811638], [37.43843386927843, 13.358927907894591], [37.4257035302678, 13.36421603402731], [37.416637802967344, 13.37463915030985], [37.39663849853384, 13.358449156067419], [37.366061845468614, 13.360522964864462], [37.359790744923835, 13.358153705203486], [37.35620394314228, 13.352015197059613], [37.351229239959174, 13.327406739627262], [37.34514565358587, 13.325103758182916], [37.336277708196775, 13.311105443967087], [37.322646006617006, 13.297855140937438], [37.31356248755318, 13.298209797257943], [37.28146496817824, 13.285622656165671], [37.25133432848454, 13.295671910502762], [37.24703869731223, 13.292867740399894], [37.24056924573641, 13.277610141440839], [37.225215297173236, 13.275410314591108], [37.205525074389506, 13.256393785549204], [37.18654224228789, 13.283229289445238], [37.15856122647815, 13.29848459886031], [37.12833157422383, 13.305788264043011], [37.099551599601526, 13.317033244633022], [37.07918729836809, 13.312492657759664], [37.07719145904361, 13.318677389784243], [37.070078519626264, 13.318116902481131], [37.06636685321949, 13.330535283733647], [37.053337872246274, 13.333627254272443], [37.04050609236074, 13.351707281244575], [37.03576796749419, 13.353937776008438], [37.013828736363585, 13.361186704861534], [37.00265878043729, 13.357357167994424], [36.98287471697188, 13.361997132897802], [36.96529870877501, 13.370307731485838], [36.95770077086669, 13.363051259679787], [36.94688790195067, 13.370468044533498], [36.93939799313518, 13.380655189813194], [36.93048297287148, 13.372800439271302], [36.92775334584715, 13.378273178494538], [36.92000186618562, 13.377495923938357], [36.916248728692686, 13.383430298031584], [36.90594566837738, 13.388823016983473], [36.896349648241724, 13.407582936904108], [36.88198711390086, 13.40815303574079], [36.87196698078996, 13.419716355281425], [36.84549126935268, 13.436033287460436], [36.8445049322433, 13.4416065967472], [36.825597873982424, 13.44891253787497], [36.81795526832361, 13.447195807146802], [36.809429609082045, 13.419168819949327], [36.7840266549939, 13.403556828561573], [36.7677500927729, 13.378800603897162], [36.73546544156983, 13.363746329983005], [36.73218647268079, 13.369402652903071], [36.715573780520806, 13.367765451293792], [36.70620074537528, 13.372738847576075], [36.68590556176543, 13.375458214846446], [36.66539951012301, 13.367238997482957], [36.65695344898781, 13.369724042957547], [36.64992983490894, 13.380863935863147], [36.644685671454155, 13.378747044472192], [36.63658305059216, 13.383124128731748], [36.610299207942305, 13.37588625875506], [36.60561037159873, 13.378300488098407], [36.593454295021964, 13.389687823194798], [36.58948003080559, 13.403453533165235], [36.57031300862598, 13.425937678298768], [36.567223954890025, 13.446868169836371], [36.57368315150516, 13.45684227105686], [36.5717541343433, 13.467531058314206], [36.57511261560274, 13.478528908360328], [36.597247924291544, 13.489792350787543], [36.6019258716428, 13.499088397927718], [36.598905292250876, 13.50539777399466], [36.58046630686014, 13.520988406715905], [36.5732301575146, 13.5229109089922], [36.5655140112043, 13.533661199350357], [36.56731084105807, 13.539793697076686], [36.564831263747685, 13.548078086574817], [36.559302594191124, 13.552206262777748], [36.562530850380064, 13.556167294448954], [36.561075547853605, 13.563998755284702], [36.55549454623995, 13.57193833365121], [36.54073964981121, 13.576164301456613], [36.538638561984136, 13.582616493531459], [36.52035750652235, 13.586167675157123], [36.52687597588164, 13.60714147053639], [36.51361748124481, 13.631956692306657], [36.505193019148535, 13.665783706334057], [36.495006410072996, 13.670564026711421], [36.478465059314345, 13.694097628144263], [36.47659721300285, 13.70106788203203], [36.47939159427511, 13.70542235499027], [36.478578504436975, 13.721468245539487], [36.4846372444723, 13.727748745355573], [36.481475080249616, 13.735377180960317], [36.45625007721244, 13.755000803134719], [36.451977916927326, 13.76934482908216], [36.44629602887061, 13.76471033461369], [36.403225006365325, 13.644012310714793], [36.38455249000115, 13.56789387254315], [36.38214845295286, 13.545896585979087], [36.36508415386273, 13.525303847533943], [36.35076658002349, 13.500702767193578], [36.27880064370155, 13.366689803479316], [36.199545580365154, 13.070410695906086], [36.18014965576087, 13.008741754762559], [36.16859981479687, 12.979353288529413], [36.15794849432694, 12.963652268102601], [36.153841123877186, 12.934077895236037], [36.16188134672224, 12.916419524235199], [36.17982251746017, 12.896377304362424], [36.181835953207475, 12.874143524233544], [36.17682477501584, 12.77834522892565], [36.16992736583421, 12.74119443879661], [36.157130801376, 12.70721765927752], [36.158053970935924, 12.687364850687715], [36.15250753437477, 12.683274979560139], [36.108739425382744, 12.686600258513645], [36.10643025070471, 12.697652493351608], [36.097266540877875, 12.708928078020863], [36.073569897947436, 12.719676784264449], [36.051880772222255, 12.722778132423104], [36.03443448197113, 12.71835010224875], [36.00903098023583, 12.718480473050194], [36.003320989155135, 12.714483294257287], [36.00237953094105, 12.708909574895992], [35.773166344568146, 12.661273152948127], [35.771215311361736, 12.666054421907473], [35.7624794041667, 12.669674157904305], [35.7485019283571, 12.658048220109977], [35.73696909532152, 12.659879247151869], [35.72182353662984, 12.671031914247234], [35.699625530122205, 12.668474577949318], [35.68598702467783, 12.649417272867744], [35.69243812457612, 12.631889068998069], [35.68447227628615, 12.610479601950653], [35.667084713819875, 12.60167194126087], [35.64826617720871, 12.605926672177297], [35.43053501548791, 12.23716273348191], [35.44195010919792, 12.221306701552445], [35.44330510541605, 12.212430288000993], [35.43841839009614, 12.19804379128276], [35.42437491536, 12.186123627631996], [35.4014397381496, 12.186529701062298], [35.33263828902327, 12.067530705824355], [35.340997827145316, 12.058499772652711], [35.343976864717014, 12.047983825783708], [35.34440881631215, 12.035318408390566], [35.34053064824435, 12.024171880771037], [35.324029860856626, 12.013871839024187], [35.30317288993868, 12.016306491556378], [35.276115863198314, 11.940826762040965], [35.25787444876765, 11.935038409616551], [35.28511737837739, 11.885320636807393], [35.288422929676734, 11.856703640584518], [35.28546516738452, 11.84730963008296], [35.28885776699181, 11.830696109003826], [35.29746120008873, 11.820275661840547], [35.29670029234908, 11.79996179202852], [35.3040381756294, 11.803618845542601], [35.31443253282105, 11.793044804708087], [35.32648152214052, 11.795294386245327], [35.335746082809656, 11.782768979163585], [35.33821273342486, 11.773841301786073], [35.36454175381306, 11.753797804524424], [35.395448260512715, 11.747020696185738], [35.42255917966593, 11.730213690868544], [35.474070107478056, 11.7369904233809], [35.51771872689098, 11.718827949015315], [35.535340929279066, 11.730484252291173], [35.57736315358078, 11.768163999808124], [35.590647569452216, 11.773856591143423], [35.62426521803405, 11.776567222286902], [35.64568293149258, 11.782259774609425], [35.66249180707588, 11.794187159501357], [35.66737194367434, 11.82671658274152], [35.68402116248436, 11.826186988188462], [35.695171469447246, 11.832133066299447], [35.706321704851014, 11.823213818996198], [35.737542534022616, 11.833619398087876], [35.75686967586123, 11.832132773690697], [35.76355987157254, 11.838078872517231], [35.77471013134033, 11.83436248800983], [35.804444228291466, 11.838821944060292], [35.81559445872798, 11.829159430623106], [35.823771321615276, 11.827672858859815], [35.86093902688399, 11.850713933427583], [35.871346026619875, 11.865579207211352], [35.87520527228442, 11.886738256731398], [35.91207597004599, 11.906341615109303], [35.918513691833375, 11.905756403603776], [35.937241694569586, 11.921556178435223], [35.94367949808939, 11.937356012820683], [35.940753349288315, 11.955204023597306], [35.93402302941127, 11.960763268280703], [35.93607142681153, 11.966907650645892], [35.966599898586466, 11.985376722521387], [35.97312217098317, 11.971128128263844], [35.9698078604424, 11.9592109551568], [35.978817274673894, 11.961291377803102], [35.99676401087623, 11.927677039403383], [36.02199565888291, 11.914643194502103], [36.043427654015, 11.895865819757645], [36.03460904745502, 11.892570116344956], [36.038902141581616, 11.886289135424878], [36.05139479916228, 11.883821315899258], [36.04586017388849, 11.877235629270013], [36.05715929300834, 11.875105737233989], [36.049925323852705, 11.866802673316666], [36.05528095622188, 11.85012171538061], [36.06705026089783, 11.852404396224813], [36.08507611189259, 11.835888565732366], [36.08224447577723, 11.825176430706357], [36.095856815169036, 11.813666354333636], [36.10601686128987, 11.816697486588039], [36.11802806727409, 11.77501016335449], [36.12401603368713, 11.735249722188604], [36.117391995758815, 11.724326441072293], [36.12631469744656, 11.719980883769843], [36.11914395855189, 11.706626956614771], [36.14561396206196, 11.686435234659337], [36.15792648837614, 11.686714984131566], [36.16578277919856, 11.67899511146666], [36.17700353513223, 11.68506253406148], [36.201616960321395, 11.706655353471255], [36.2078619186536, 11.722249292466477], [36.23236758124803, 11.72292643989707], [36.236660869507105, 11.73777070122373], [36.26177010038383, 11.754291654727648], [36.28369708579072, 11.773474394091181], [36.30958899474782, 11.804036632792629], [36.329857550212076, 11.797495095087134], [36.34206632432541, 11.781617652984352], [36.33838367740539, 11.773787721398419], [36.34199304107191, 11.768556814256893], [36.33953339953606, 11.761854119276236], [36.34039075450179, 11.73831034389855], [36.33461391414349, 11.723997606745664], [36.33285549226477, 11.704868072475767], [36.3483479853109, 11.697413474541875], [36.333209303469424, 11.666860979881688], [36.349212785712176, 11.60618376601318], [36.366068280349026, 11.601159981602258], [36.37594692804831, 11.60850316560409], [36.380150831016586, 11.59696172895109], [36.392205633786766, 11.584127658044332], [36.39112201821091, 11.57216656070077], [36.40420143591729, 11.546814686222035], [36.41532712951028, 11.545954311259212], [36.413908565848445, 11.532789991228034], [36.43481989418742, 11.511616493272266], [36.44509701780033, 11.493641745585238], [36.43916717495896, 11.492652360056693], [36.41033674571012, 11.459138609287209], [36.4107398889062, 11.414752085161663], [36.448847426194256, 11.427704650895615], [36.46794868991433, 11.429484179462666], [36.47227450733457, 11.437113488177538], [36.498624557239125, 11.444531950163274], [36.50430288650819, 11.4589764522857], [36.513017139088596, 11.459113397520728], [36.53070519659652, 11.435385363000165], [36.533889903250625, 11.394900678024479], [36.54184790770388, 11.394967293058812], [36.552149907203045, 11.387486401068792], [36.564685441751195, 11.372192662257786], [36.56442211733098, 11.358873816072723], [36.539529640437955, 11.346492316955707], [36.535338005019376, 11.336140025135341], [36.548277622816435, 11.338117260100988], [36.557213767180905, 11.330334321227571], [36.56321538457174, 11.319186257329132], [36.55767439368507, 11.302965937907027], [36.5381302410976, 11.305585651642355], [36.530443048640095, 11.30334705075468], [36.5057520648521, 11.285839421119181], [36.49575979636827, 11.289803126420336], [36.48400237344543, 11.272637668361936], [36.46793555015038, 11.26584566600358], [36.47662402677432, 11.245521051233167], [36.471601826885866, 11.234152059286496], [36.4609848208764, 11.227289037313561], [36.46835764568969, 11.216196629246781], [36.468400687331034, 11.156271150968637], [36.47644029256894, 11.157837710370737], [36.50369828137884, 11.13840291220779], [36.53121559132926, 11.142464215165052], [36.55013411566927, 11.138678952823236], [36.56099280788708, 11.114117028894752], [36.578812734115516, 11.111388323474438], [36.575783503559485, 11.101575712261937], [36.56024372037282, 11.100665698419444], [36.555703058183916, 11.094084540725467], [36.534843982757636, 11.098822478966305], [36.533389239499996, 11.114083295760496], [36.5258779636646, 11.113577576369886], [36.51577321801868, 11.105675476324347], [36.49211764903005, 11.076797923626055], [36.49046431647681, 11.069604638609151], [36.47911760162388, 11.06800798725618], [36.47064644677012, 11.056082733175709], [36.44503554199677, 11.051273925278602], [36.43696437922786, 11.039918548023554], [36.42335633335242, 11.032240534447629], [36.41846096128398, 11.00160358869728], [36.36658724283627, 10.946544146763342], [36.35482229263712, 10.937924517535118], [36.351416328498125, 10.930853063097615], [36.35390625879275, 10.922098337144082], [36.33240021352602, 10.89856844825419], [36.33289351271011, 10.888326334137943], [36.309930737015456, 10.863434930655501], [36.31009012139597, 10.855459620843202], [36.31454548114377, 10.851697927251607], [36.310916497663285, 10.828041384923992], [36.30553857434386, 10.820821647466719], [36.295672797310424, 10.815903229200316], [36.30031654959603, 10.810887863378523], [36.28304158939626, 10.80476043685718], [36.28924964107869, 10.77327309278], [36.28602979639565, 10.745481176502029], [36.29454440931096, 10.744252136088965], [36.311572471019254, 10.748156698221136], [36.325458719959315, 10.764092474853111], [36.32604393259068, 10.769618921571379], [36.332132471442364, 10.771179603856943], [36.342392241697596, 10.78973154945479], [36.358399786860346, 10.790536698151913], [36.37800666399371, 10.786650945698105], [36.3735509798171, 10.773649704748568], [36.376775871264414, 10.766182357279504], [36.37474848323056, 10.759307384051038], [36.360136224393315, 10.742545829388058], [36.33212685287601, 10.727136797516495], [36.327346699926274, 10.714657035123917], [36.31838490946578, 10.704506676999475], [36.31736285096024, 10.698137984377475], [36.32251894323861, 10.686192497251572], [36.31874730789081, 10.68023778148209], [36.3120572806434, 10.679710190577444], [36.313276226202696, 10.674733883769488], [36.324983410856355, 10.662562541990209], [36.31908497380952, 10.652896585093629], [36.31170780060667, 10.649859782881933], [36.30380299004848, 10.638770047119172], [36.30840425962708, 10.625111945233364], [36.29236028129627, 10.620867885316231], [36.282434676800236, 10.605469433228205], [36.28450165922221, 10.599604333340617], [36.294280117686625, 10.597995944652085], [36.306663499421866, 10.578860385804454], [36.30276352574931, 10.572128455674308], [36.30281145499964, 10.554874485759767], [36.30899874701718, 10.553311972222877], [36.31200107856455, 10.548938225502788], [36.31173098201903, 10.543023474996192], [36.319006125952924, 10.52892041748914], [36.326899663706996, 10.524228957100949], [36.34440181919875, 10.521815088815217], [36.3599213046497, 10.53123253492765], [36.36546446494561, 10.507096607883268], [36.37231648143291, 10.505672418972095], [36.383012114310304, 10.490511160065074], [36.391644594774974, 10.468908143717458], [36.409785529970385, 10.456226688968865], [36.41769410603529, 10.454727427358598], [36.42268188375342, 10.457246123413757], [36.43609245837868, 10.453448290069192], [36.446441434149904, 10.456605036254869], [36.45645330494891, 10.475567109614433], [36.46350252639822, 10.48010201759991], [36.48620231444425, 10.483725726472173], [36.519414617597114, 10.479795293856892], [36.52756978289685, 10.483816476396218], [36.53801937029963, 10.473982715897824], [36.54702130199344, 10.457819415139447], [36.5212378979998, 10.40686673518924], [36.523700226046536, 10.395119028046743], [36.54003735170807, 10.365909887022864], [36.54932926400063, 10.361811758324873], [36.573658963919016, 10.363806809868466], [36.59028188010385, 10.369788298636037], [36.60626542246231, 10.365650408127488], [36.618366464187076, 10.355899431678818], [36.637802214705054, 10.347567339344678], [36.65623318782489, 10.3229109350624], [36.669120615932194, 10.314753488100562], [36.68619493537457, 10.318529295777328], [36.68169806690084, 10.335547620433946], [36.688942563943044, 10.345930581202861], [36.692449365893715, 10.358250671953137], [36.71881204011131, 10.358852815020347], [36.73219331988593, 10.362282165037147], [36.74651404707742, 10.360900337293433], [36.75321461911594, 10.366914117013769], [36.762557341182, 10.368239242574743], [36.77739811839663, 10.346900204536384], [36.79275740979804, 10.344317574728501], [36.807396817098706, 10.336303699651221], [36.81780645267273, 10.342673386706931], [36.825535299411655, 10.343395913612605], [36.87004133429599, 10.341624689314813], [36.883908515060604, 10.321588174752437], [36.8987616063413, 10.313782287849072], [36.9199737118917, 10.315122323667543], [36.9315710953357, 10.31187419722367], [36.98072304939051, 10.314960310894358], [36.99790707165429, 10.303903589093212], [37.01406822833644, 10.285874945461027], [37.0408975696569, 10.286295035732584], [37.046675662533836, 10.289335220810848], [37.05157477869664, 10.28454039019304], [37.06264348106849, 10.282670801869951], [37.07050952581236, 10.277020959274145], [37.078907621028506, 10.264312537284667], [37.087906400807, 10.26043236378863], [37.13564102586211, 10.24692011302638], [37.18261773060197, 10.242204182172292], [37.196804351290666, 10.231851308179488], [37.20070372747955, 10.224237683845654], [37.1942342272367, 10.20695350108499], [37.17176186935998, 10.174906364206334], [37.16850842548397, 10.164219809309502], [37.18058271832289, 10.145326941574853], [37.19154394988506, 10.11250680151336], [37.214122763695805, 10.08886073874177], [37.241553473960806, 10.076564189639097], [37.2626907360083, 10.077625667052084], [37.27244866171697, 10.074592885730455], [37.28852039574448, 10.063834086719707], [37.29734802292112, 10.053805210720968], [37.306418726839674, 10.027611174859631], [37.31863202867028, 10.019008873142353], [37.324063799945485, 10.009061382817809], [37.33034896580384, 10.006808219933406], [37.34556086681151, 10.00677797020359], [37.35011196179203, 10.012907762438276], [37.35779322522437, 10.041188418414817], [37.36300488463056, 10.044134970404295], [37.399086405237924, 10.047106543493303], [37.42516557501343, 10.034743505444524], [37.44528154552064, 10.015517996120288], [37.46214250437621, 10.013072232317048], [37.47656194904186, 10.01589759440665], [37.48394756982038, 10.004468384219333], [37.50241705694732, 9.998908119649903], [37.52054507139008, 10.0008736980587], [37.53005073508072, 9.99713689695774], [37.55217665989021, 9.97439003948303], [37.55374329988711, 9.95951800167729], [37.57513715023827, 9.942912689390633], [37.58774915775781, 9.940362855676362], [37.593211712894934, 9.91973130744539], [37.61364306738325, 9.910377865591975], [37.61904231004005, 9.894858367356266], [37.64219739919711, 9.883452259016757], [37.66266919760501, 9.861456093594798], [37.681209720735104, 9.863289181311698], [37.70146932790233, 9.837688002199284], [37.71147463151098, 9.843587436894115], [37.72516418567838, 9.845517204470086], [37.74371001479041, 9.841635459355867], [37.749046524560065, 9.847636908832717], [37.74934824391042, 9.856911092512387], [37.75477411323481, 9.85804882407132], [37.7617873181181, 9.852901389178998], [37.769907538181144, 9.85241389143051], [37.77541096662759, 9.857473922325273], [37.81684141305689, 9.868121044140004], [37.84350129097512, 9.897671200061312], [37.856757236974346, 9.896909246396532], [37.86004251413334, 9.901188937896345], [37.86121194057997, 9.913755245579642], [37.86528368006309, 9.91382820866065], [37.870753513021185, 9.90850099648171], [37.88097648032973, 9.922474006178687], [37.893850910807615, 9.92822415594437], [37.910148044059504, 9.931413462330166], [37.924227357900854, 9.915714109470532], [37.93089687505867, 9.915553427646252], [37.935901200876664, 9.919952181958159], [37.93614445484636, 9.926928353046062], [37.93161030235839, 9.931482022421765], [37.93366057882843, 9.942243235145721], [37.93956752244379, 9.94504346073567], [37.95789040147748, 9.939601852047751], [37.97924212486975, 9.950044832704505], [37.99424545518624, 9.950049010528506], [38.00927914336283, 9.965096567112207], [38.04441118986296, 9.970740952517852], [38.048939121963386, 9.982492397958367], [38.06075761610862, 9.982763567941161], [38.06514164862412, 9.99885413263965], [38.07062281764119, 10.002482287070436], [38.08203413598763, 10.003133675410496], [38.08110587405915, 10.01618043318579], [38.08838960013696, 10.021207455916073], [38.10154731807409, 10.023213633905256], [38.113955750225, 10.016948473107028], [38.119104234043036, 10.018707326701987], [38.11915395712389, 10.029947472362348], [38.12612992857745, 10.044111610676573], [38.1317670632449, 10.048403788582142], [38.13777839505142, 10.048368179221953], [38.14595669259859, 10.037641957129901], [38.1513930088813, 10.036076843025693], [38.161182023725914, 10.045056606299852], [38.16816772564311, 10.047037898065561], [38.171439674222, 10.058705757007104], [38.17745669083855, 10.06405810663935], [38.24125660408422, 10.103582943753986], [38.24861871985875, 10.102898592851833], [38.25320578040128, 10.089378258326217], [38.272591329013366, 10.092750367535144], [38.29610612821088, 10.090197974563669], [38.303098057850214, 10.104395023831469], [38.30943242305191, 10.108901262231335], [38.32264128196382, 10.108135266039461], [38.32734940487297, 10.11549554769552], [38.32454508269011, 10.124380826644263], [38.32679385837425, 10.134065630927388], [38.3341518223718, 10.152307324572611], [38.34088186595126, 10.157166026470586], [38.34911127014973, 10.159784924050406], [38.357846473185866, 10.1517872509071], [38.35889368909357, 10.145256153886422], [38.36713500588058, 10.141430948852392], [38.3983335487144, 10.145222958644446], [38.40714412361474, 10.16131591550512], [38.42655889296695, 10.172698638453594], [38.42672825017841, 10.178772781115756], [38.42188438268953, 10.181694298992957], [38.430877942923274, 10.194073664388084], [38.4202255703523, 10.214168617698826], [38.420219038170835, 10.220785368829102], [38.43155271018828, 10.232559775742057], [38.44890793113058, 10.241188428976441], [38.455026299206004, 10.247625332280847], [38.456171655439334, 10.262070055512169], [38.463507224290126, 10.268606568314969], [38.45870391694352, 10.282942165188434], [38.46090261862619, 10.29090249541005], [38.47336465624204, 10.292736699694702], [38.46692626401855, 10.30615572328305], [38.4687595113729, 10.312020598324374], [38.474557189350136, 10.315538426685208], [38.475901143170724, 10.331595341081684], [38.48203728427618, 10.345294004455459], [38.476925405576345, 10.357151988600608], [38.47751252521218, 10.364185700000872], [38.53523021213579, 10.367430008873532], [38.561047095833786, 10.376847297088027], [38.60550263398896, 10.375524707000595], [38.63111592668368, 10.383098507555912], [38.66499643064706, 10.373680034272631], [38.6831450146607, 10.379964797333061], [38.6982408014834, 10.380315601819385], [38.71347645888553, 10.387792414097712], [38.74696395911264, 10.384669762934738], [38.772988476329644, 10.367085424565238], [38.80731167958373, 10.369760008186642], [38.81648865554489, 10.365245232642947], [38.84657275951853, 10.36194857244735], [38.84591057497663, 10.355687461013279], [38.85407801808733, 10.334704599681164], [38.85652237550045, 10.295668526458021], [38.861687926818774, 10.278913142741054], [38.84542461647057, 10.257001242694432], [38.84847238685054, 10.24526217868165], [38.836116951204154, 10.226670715552899], [38.833526807848216, 10.213051429261323], [38.834515625607885, 10.204893476791051], [38.8389426309144, 10.199003389231999], [38.834587571559844, 10.162795104357778], [38.84806206611406, 10.139679573681194], [38.84943327511462, 10.124836125603942], [38.853444820571106, 10.118999219800152], [38.843452869663764, 10.110871723239104], [38.83993113415772, 10.115344676787885], [38.82445902097892, 10.110628506547455], [38.811785739045916, 10.095357062519719], [38.7781067858346, 10.083751114906738], [38.76578930274268, 10.07175556914604], [38.722197931768356, 10.052396166018228], [38.70649901079564, 10.05395410838705], [38.70230037943912, 10.050314449576428], [38.68952503505764, 10.051184436009471], [38.66350436226079, 10.05831394090576], [38.658074183227015, 10.052404488758537], [38.66165418867986, 10.034766025446599], [38.670338351151536, 10.020127271254053], [38.6873297567656, 10.00896094891795], [38.694956965612455, 10.008776148957871], [38.72628573211628, 9.992299443547612], [38.734413962545915, 9.993837266655117], [38.75889745533102, 9.981630441844272], [38.77205878593579, 9.979059754647334], [38.7801667792364, 9.983342960952989], [38.797709697978505, 9.968684307849022], [38.8035093068595, 9.95451571970234], [38.797237366984355, 9.93467750153008], [38.80330490826231, 9.91042877844471], [38.79681172687938, 9.890030490310316], [38.79169445540516, 9.883593705658766], [38.80632721159807, 9.855401117426675], [38.808617510411715, 9.820518771628743], [38.814537188745085, 9.807175337850325], [38.81906860862123, 9.80370381861261], [38.822347287069064, 9.78547304784551], [38.829742411419446, 9.77008228657646], [38.841105156270544, 9.75798704869915], [38.85932975681332, 9.745913857730585], [38.86738491807831, 9.734613150845721], [38.897592613089, 9.715274826997115], [38.91018595163274, 9.709713469872584], [38.91859725590924, 9.712507003825367], [38.92900654028292, 9.726071930886429], [38.93557744142685, 9.728923395368769], [38.96109764331381, 9.711738699681344], [38.952932840555434, 9.739641861502518], [38.97526564180206, 9.762082183349055], [38.981603909267086, 9.752959968148062], [38.99094998846164, 9.746949274829314], [39.013046183328406, 9.753181112748404], [39.01743663027044, 9.7587026027212], [39.03141979606337, 9.756461396696565], [39.0358155012025, 9.75378234527382], [39.03684717182638, 9.747991542492557], [39.05129865580226, 9.75441397767195], [39.07738453145117, 9.755561327536832], [39.09306137293536, 9.764057497283355], [39.10262158957824, 9.75603203341598], [39.105380202453844, 9.749573912142626], [39.098251991244375, 9.7447982339184], [39.0985340036036, 9.736421163769872], [39.1178479192626, 9.734256036596442], [39.134319498229004, 9.7423641237888], [39.14015159023594, 9.741636773236696], [39.14859299840421, 9.716338687631556], [39.146223393396134, 9.694328576156845], [39.15653999263374, 9.689677840862291], [39.175076938904155, 9.695832202090154], [39.18487444759942, 9.686740499533112], [39.18502242017169, 9.721042531596952], [39.19820190696508, 9.717333075620669], [39.20097569564994, 9.7097168656724], [39.205744907843844, 9.70753767767564], [39.20948686404608, 9.711890873108349], [39.212243006632185, 9.70572810498128], [39.21760106934963, 9.709379287103953], [39.224346400368354, 9.706190702585571], [39.22891379699013, 9.694694472274403], [39.23987593678243, 9.703372573232969], [39.25075724211584, 9.705888294696097], [39.26090109117655, 9.730289382455041], [39.2689695116636, 9.740720317282522], [39.28124361599748, 9.734165517916688], [39.28843627154076, 9.734943329104414], [39.29259307457376, 9.746110719129383], [39.298707925365335, 9.749010439979475], [39.30895161256191, 9.744994171567118], [39.31420229889693, 9.732415626340424], [39.321303809787544, 9.725104018889095], [39.34263825977789, 9.728439095676405], [39.34756983658022, 9.726120898383467], [39.33888171698837, 9.711194806788681], [39.340199502840214, 9.70490008756607], [39.34533963588618, 9.699985912995507], [39.364988904053575, 9.70243320599151], [39.370968659738644, 9.700358844536144], [39.37057767106329, 9.690549674558039], [39.36183272723862, 9.681262721187434], [39.37215286836306, 9.670951813086043], [39.369038738069236, 9.664017809713986], [39.358603999908055, 9.657849064832474], [39.352901808773765, 9.623042319715749], [39.35524534095818, 9.618672150846812], [39.36254127735664, 9.619904408747312], [39.37630777799804, 9.630217561615337], [39.38671270396563, 9.631808965855342], [39.389673205080655, 9.616729287827612], [39.38504301513741, 9.603892200111714], [39.3742122805281, 9.593018691451595], [39.37410513965105, 9.583884150956647], [39.37878394520084, 9.581155789879379], [39.37732712751931, 9.568327640907942], [39.36145775763883, 9.547058274774482], [39.35369890228736, 9.550196370513307], [39.34225377870573, 9.546387227225427], [39.33054633243213, 9.527554161130285], [39.32379519319163, 9.526730456481715], [39.313792120975855, 9.536556064675183], [39.30298540765751, 9.523693806655281], [39.3060435682246, 9.506242838677919], [39.294473567028454, 9.501592476792961], [39.29494686906801, 9.492740759074835], [39.30191536571877, 9.488787740650464], [39.31054383123833, 9.468682811856421], [39.339419639914794, 9.475782038185754], [39.35123994027611, 9.47296223078915], [39.36393528982409, 9.474861996931542], [39.37777698558339, 9.464290788497049], [39.3741938162797, 9.458996687445088], [39.37359440849574, 9.447834346837682], [39.3792538912013, 9.447084386975991], [39.39478101865034, 9.456051512876822], [39.412106442760624, 9.448484096649322], [39.431179884106776, 9.43488120788382], [39.44856067002449, 9.433496077172984], [39.45017734440916, 9.42627920832644], [39.44394212182735, 9.415386875537745], [39.45472948571644, 9.402209419608404], [39.45309726319458, 9.394923645561924], [39.4464978923075, 9.38491529971383], [39.42679065755215, 9.380424604597584], [39.42126336299064, 9.372461973713952], [39.404721374248666, 9.381446892450407], [39.3957056150829, 9.392913070257705], [39.37713694993825, 9.384964198889707], [39.37386761025769, 9.376749307269105], [39.357558696903325, 9.370042156215973], [39.347536403579625, 9.379515845209252], [39.32596929436592, 9.381528903877204], [39.32094720258796, 9.375058410566389], [39.320437759616226, 9.36659139773665], [39.30739694056601, 9.367101152773476], [39.3038775137523, 9.357640547588419], [39.29383967607287, 9.350177763623112], [39.29232028228944, 9.33274591318331], [39.28628866543452, 9.316811998967633], [39.279132496983415, 9.313265523140991], [39.265266898692566, 9.325205757120157], [39.26705635378704, 9.289469672881516], [39.28558152270366, 9.278556222198128], [39.26701931615624, 9.245508786741997], [39.23451209509076, 9.294629912635664], [39.20803740561841, 9.292958515088095], [39.1785923067232, 9.272093534606038], [39.19493569336819, 9.253434126073387], [39.2005921533617, 9.250990987362156], [39.21453182264172, 9.229145235088117], [39.1894374052139, 9.210285225338874], [39.21548658202731, 9.174407436604584], [39.23452638452797, 9.158954440503296], [39.2503720714071, 9.136617452280776], [39.2949771864595, 9.150299468909097], [39.324020525378494, 9.149816560715141], [39.32101596096756, 9.141253387565648], [39.32969562643513, 9.138237243540829], [39.34945481830099, 9.089098551380083], [39.34932073851517, 9.077616086719685], [39.35786429836237, 9.063117992542134], [39.347877399476815, 9.065212044981786], [39.31615059612606, 9.061265169999247], [39.29760200335697, 9.054307533413075], [39.2890387693721, 9.000021803984525], [39.27048521788272, 8.981606371886182], [39.25944925184648, 8.96368277285816], [39.26623113827864, 8.923435289653078], [39.25993191127527, 8.91106841827505], [39.2418641706202, 8.88997569630125], [39.23834010041606, 8.863080390218585], [39.26137272830925, 8.851608421517154], [39.26637600373749, 8.844133298881935], [39.24483462718214, 8.837672819277174], [39.24470396085803, 8.828739913056967], [39.272842628674006, 8.784107038923356], [39.273832182040515, 8.767917897257957], [39.26280133434561, 8.7480015838921], [39.27129736687276, 8.7255807338722], [39.286664564149376, 8.71885947874559], [39.299832519409385, 8.719581765580857], [39.306156883428194, 8.722793608128576], [39.3253926638769, 8.747952437886969], [39.34289978295764, 8.728012720099796], [39.36192061453183, 8.722017667984387], [39.37795287076503, 8.731963941613667], [39.374484094651606, 8.767830682884368], [39.37901586106026, 8.792233023639396], [39.38703625158784, 8.79969628828219], [39.41860434789168, 8.815601344060054], [39.450079944304754, 8.753302758162015], [39.47109727953007, 8.742817002332119], [39.49310688706266, 8.726351709922794], [39.50160455626871, 8.715880537517906], [39.53463131369536, 8.759024757869145], [39.55264183843291, 8.769813719081453], [39.562842708676754, 8.818898378391946], [39.592356815371566, 8.797933219319523], [39.617879789449056, 8.787930341502078], [39.63492611647322, 8.799855803727748], [39.650957914941316, 8.803812917258664], [39.66299533734647, 8.814251426682018], [39.71758717285312, 8.817139130571302], [39.73413689349421, 8.827297741156498], [39.732192389608564, 8.845247392862868], [39.73774402857015, 8.858264373984806], [39.74887308031009, 8.911328077973774], [39.74737246585761, 9.010801269546237], [39.742016034777016, 9.024064910978998], [39.7411025855598, 9.04058140109182], [39.7483563742529, 9.064171603759606], [39.74331262212032, 9.09229200326245], [39.76477902027765, 9.096163655071978], [39.7811093707672, 9.105383962870299], [39.79466607559755, 9.113775915139586], [39.80859661920352, 9.136475253009968], [39.8182829325792, 9.137344208658272], [39.81387555746769, 9.172137328999902], [39.8369804060974, 9.18932482123109], [39.854367942500964, 9.211836035899728], [39.87389345728263, 9.228314272362686], [39.87409219571528, 9.23459765478179], [39.86381882296625, 9.243283133862393], [39.85786884169997, 9.271092253062594], [39.88685312301724, 9.270377530745767], [39.860861913609355, 9.308141098334172], [39.84499952131074, 9.31519698000282], [39.83472034046178, 9.315768129046537], [39.81757563954307, 9.308682528308218], [39.79000327750797, 9.305234887369771], [39.754851077219065, 9.355711609561554], [39.750687677862416, 9.370224673251426], [39.79234114772907, 9.370829072372842], [39.786054743136766, 9.396614392943082], [39.80066220139785, 9.400683985918727], [39.808085193721226, 9.413846661505367], [39.82231883454303, 9.418445441485954], [39.873755924675, 9.398770393628837], [39.87951008709172, 9.40141720285112], [39.87527190616258, 9.408757808884376], [39.87339008251376, 9.460262736436793], [39.848694980082776, 9.482207274227358], [39.83838941512853, 9.502896832296676], [39.847962211538494, 9.5117132651595], [39.84877537017035, 9.526205073376167], [39.8581882947911, 9.548078554459186], [39.85763223322177, 9.557491474334658], [39.8484425280493, 9.565284357426469], [39.878011254422795, 9.577560483357912], [39.884660420168785, 9.611621346838438], [39.88019276253699, 9.625236789761166], [39.85852700390424, 9.656136066994963], [39.85078342546182, 9.688706756101872], [39.853542961685825, 9.699662224906788], [39.83999173608105, 9.724538081560182], [39.850638539918094, 9.749335024977412], [39.86300505331566, 9.754934554505434], [39.87666540870555, 9.75378458674273], [39.95559737655306, 9.731226170638795], [40.010237694960495, 9.733833658722293], [40.0146347412724, 9.73854418628651], [40.0067829368973, 9.741998632176115], [39.99202159339495, 9.757700547145628], [40.00894144167569, 9.782748851854016], [40.00532469430026, 9.796201893833091], [40.01189359279533, 9.819526280016415], [40.018358995196614, 9.82097737722981], [40.02866697392445, 9.830870804059124], [40.03607544094485, 9.843765834774848], [40.05353978791957, 9.843164597953484], [40.07156242786457, 9.858382534449223], [40.059299454193344, 9.865304316135788], [40.0644286446494, 9.903375057457003], [40.078694333295786, 9.906423572261328], [40.089712681156236, 9.935764500458692], [40.08129281901817, 9.9493485019685], [40.06814192048609, 9.961027203485422], [40.05977489957966, 9.978060649321955], [40.04402870470671, 9.991984732322893], [40.03282152574927, 9.995440910197466], [40.010676877670356, 9.992135124443607], [39.948221442119774, 9.994329112559099], [39.9236066355576, 10.011693740711923], [39.94248713088617, 10.044019837964957], [39.94431200071023, 10.060138388336071], [39.93765227244658, 10.063158295936251], [39.928141890613404, 10.090908409369703], [39.94903917789304, 10.085410346867157], [39.989819219135306, 10.089260954015783], [39.99443123172345, 10.077844369906542], [40.02487771890663, 10.075304248956458], [40.06989503867337, 10.080008024820692], [40.10802176979146, 10.072126975464602], [40.13345641068995, 10.072040481203254], [40.15901784807724, 10.09122383560249], [40.12986535373299, 10.174484188255557], [40.156452104384385, 10.258341247949883], [40.14753209571052, 10.278145938982224], [40.15837054907558, 10.28629356431857], [40.161258372060296, 10.301724421824675], [40.15996710162162, 10.357200750752964], [40.16393041770509, 10.375724366153854], [40.164512952390176, 10.413280717007517], [40.16246106807726, 10.436255410347696], [40.15377432928734, 10.440200469596023], [40.12936922670979, 10.618383809454059], [40.10994939520938, 10.724774470788395], [40.103418546010836, 10.740572743042375], [40.103483670166206, 10.755933361207934], [40.10929642191535, 10.764711903232758], [40.12290450711989, 10.769058382665607], [40.16756966745521, 10.805930973199288], [40.16496269807844, 10.829488447905275], [40.167982063920626, 10.834917177623732], [40.17082613247424, 10.87440141292908], [40.17673191931006, 10.878658802612595], [40.18137648099689, 10.897736503780349], [40.150185113656306, 10.896670913844895], [40.133816953755044, 10.916034411137257], [40.12464525060973, 10.938510426535029], [40.14500261825092, 10.95298491941011], [40.16987697565805, 11.002437353218749], [40.187814424294785, 11.026206183864305], [40.19638849666064, 11.0690844211328], [40.19467216670554, 11.09722442652422], [40.21331413104581, 11.109764189262329], [40.173751685777304, 11.240824319091695], [40.14649491234453, 11.256469045832002], [40.12367842712699, 11.296946782845167], [40.103451981539315, 11.317753149373804], [40.07210811447672, 11.326483236773534], [40.06582998458983, 11.338595818090083], [40.071060715724286, 11.374497647705933], [40.067938548224724, 11.443752107964418], [40.0617883152757, 11.474956318286551], [39.994186895324916, 11.58461274772001], [39.99341731654595, 11.598224688105605], [39.99832404711732, 11.613039060235895], [40.01615903947573, 11.64636262261809], [39.994986331852076, 11.681964826926635], [39.970528217779325, 11.665289371416629], [39.92481780330848, 11.701601612480415], [39.880089104456346, 11.76819717550882], [39.87574246070698, 11.77955345059474], [39.874340424698794, 11.799356792858987], [39.87896813536917, 11.883442070102387], [39.887971733379445, 11.906526234687274], [39.87741840427046, 11.975143280631247], [39.842133470349694, 12.054323566457052], [39.84437361169798, 12.066082520697806], [39.862596268208385, 12.089141379645248], [39.82947143653025, 12.100608592690062], [39.820022337205216, 12.1242075870102], [39.813699388614836, 12.157406719954748], [39.80073129283828, 12.195748448387514], [39.804496634015955, 12.230447386115792], [39.808417805331764, 12.239628556004885], [39.82845036806385, 12.241217284046026], [39.82452661215332, 12.29237983336027], [39.82560835736724, 12.31849357212602], [39.81848266885657, 12.324782038651364]], [[37.42726998719818, 12.275419827029031], [37.48026887624775, 12.300202978363973], [37.491626388042455, 12.295155492933645], [37.501142577439815, 12.280773680482234], [37.507027981309605, 12.278211118868374], [37.519291002840774, 12.264401491988668], [37.52701180964981, 12.244731146862478], [37.558948607906075, 12.224450117881055], [37.56192891791971, 12.21155981548374], [37.56016103224229, 12.197061911583258], [37.56653544585186, 12.193725830633687], [37.57517871548529, 12.17611730449414], [37.5763392518003, 12.159515008360685], [37.58462324298553, 12.155860002831414], [37.59254589620392, 12.143229216838382], [37.5952476484627, 12.130253907081558], [37.60814870369741, 12.119344028218773], [37.618124880012275, 12.100615342335656], [37.615035189612556, 12.083014632505053], [37.601066612554014, 12.052366864450349], [37.60132477620373, 12.044932805853529], [37.59056420936404, 12.03462729153087], [37.58824302165022, 12.013655787252603], [37.5800634073091, 11.995390074166352], [37.573838799855345, 11.988702027935137], [37.57120527347398, 11.968213483094074], [37.54863836572243, 11.922317416995659], [37.52277181298934, 11.89649629638378], [37.51530026861259, 11.896975129209784], [37.51332141813771, 11.903885458758863], [37.498959084250835, 11.893850486239302], [37.50316510101863, 11.884432699072557], [37.50118921158816, 11.86981597623049], [37.50670033568927, 11.863911707773152], [37.51027677134386, 11.852057315119117], [37.515848912759544, 11.853365946501334], [37.514642357770406, 11.83752411766751], [37.50773943063763, 11.831199786883102], [37.49970165958395, 11.832593787800432], [37.49650933575638, 11.8267764815345], [37.4821853788469, 11.826480766876369], [37.47856805794561, 11.82009006790962], [37.47338278126935, 11.829779793592975], [37.46977350377303, 11.81472727076998], [37.46034297369091, 11.807920090482574], [37.46151737941436, 11.801173241061026], [37.449642518376635, 11.79461655027624], [37.45556112904503, 11.790479266184178], [37.45738867572859, 11.774574842990392], [37.44947590610141, 11.766343613905589], [37.44710232770685, 11.752663991031461], [37.440540821616594, 11.752506847244153], [37.436171969948795, 11.747754057984617], [37.436450143458345, 11.741561942963402], [37.42613285886591, 11.73094055833831], [37.42494271145683, 11.722857126913237], [37.43358390058056, 11.712495528762672], [37.434097551383495, 11.707030533364483], [37.41769116914003, 11.68041747085412], [37.421881651866904, 11.655557328896487], [37.41201203117531, 11.640733782030344], [37.41136179613686, 11.6273295191778], [37.40476021135929, 11.613516359987926], [37.408257348286206, 11.6082565682598], [37.4072514054962, 11.57796944398547], [37.40439855006513, 11.571215112650352], [37.37991641481892, 11.577687231930799], [37.37646610064038, 11.583444686025794], [37.38073624126662, 11.595141445125206], [37.37404049139174, 11.612564345519495], [37.37056977506826, 11.608082470793995], [37.36032445970516, 11.616564242701171], [37.34640867248115, 11.614332306463695], [37.33590754655369, 11.629916744550442], [37.30980374740542, 11.653144098511742], [37.30441271936839, 11.649033063517999], [37.29341572818921, 11.651544428104426], [37.292236199324606, 11.660141647256498], [37.29777424866211, 11.662974497360842], [37.303650791878, 11.673472897427848], [37.31230134035104, 11.673687741480594], [37.313972251220676, 11.686891224588445], [37.318772156897076, 11.68885739223363], [37.32423242861563, 11.679461011097521], [37.34341763773985, 11.686802711720992], [37.34867315635809, 11.684923574234038], [37.356604598345996, 11.693676772802725], [37.35330327509173, 11.704115743204458], [37.342519969221016, 11.713165158940276], [37.31987707310641, 11.71109045959322], [37.317999775010975, 11.724404316046561], [37.30217787646612, 11.736373063814948], [37.30543151921701, 11.743371185220292], [37.304803730209116, 11.770962103602287], [37.31093425504499, 11.767758212564997], [37.31149204471799, 11.775516352589271], [37.31002507788446, 11.780462336278774], [37.29287010038363, 11.797993826588208], [37.27084546900606, 11.812997062815983], [37.25235367901659, 11.8143332793924], [37.234269087999046, 11.828294968577499], [37.20716739450875, 11.813317876159422], [37.179275872474875, 11.80326347766644], [37.13613061900558, 11.80068318048938], [37.119942139636265, 11.812948784266565], [37.117317252728284, 11.82478987228266], [37.12002271920865, 11.832355146668153], [37.12632787357304, 11.83466119358684], [37.126337450069876, 11.846861344001713], [37.11145806127875, 11.834762149020133], [37.107140244490516, 11.838782939109876], [37.10274840902195, 11.830971779512364], [37.10632901438534, 11.816149417136456], [37.10524007906559, 11.80546528741172], [37.111920913301596, 11.807856187758492], [37.10938143679002, 11.801181862290827], [37.09919663135764, 11.795805247924381], [37.08141416769104, 11.806366014295017], [37.07954658419955, 11.822421432897388], [37.07419331724421, 11.8272187134591], [37.055375542896236, 11.831141116720095], [37.04769094844359, 11.836056946565318], [37.047374170145076, 11.858252018208377], [37.035198202951406, 11.870152350813902], [37.030219295328344, 11.880948484556804], [37.01876246358057, 11.88689334799472], [37.00475653777652, 11.882749405802125], [36.99765235180121, 11.886224017540867], [36.993445543225725, 11.897686883308664], [36.99768784580722, 11.907542344333976], [36.99979395272137, 11.90176420941151], [37.02102843105083, 11.929887955507006], [37.01593826736786, 11.957169042923468], [37.021288327158935, 11.97031871222562], [37.016133841460835, 11.987794347311379], [37.02059341493029, 12.005108879108304], [37.019392946380854, 12.010539737576265], [37.01297358956533, 12.016187713113542], [37.02318684229075, 12.075192280396584], [37.03342905489434, 12.08749860605591], [37.0255633199204, 12.097465632021903], [37.03422493780348, 12.11847335668044], [37.03180832350344, 12.125503513020064], [37.033838991271786, 12.149340969775018], [37.04890838540283, 12.18223311159481], [37.070770046590226, 12.216985579684], [37.11294142881387, 12.24555613585273], [37.11839731989229, 12.242722349871306], [37.12480655924556, 12.252167751068697], [37.14386718856711, 12.265847466745628], [37.1555355389872, 12.268143204318067], [37.16060750356859, 12.265433743540816], [37.15832137025605, 12.253663104344131], [37.17330710192947, 12.233003386305082], [37.17319517538012, 12.202500100688896], [37.18193237953294, 12.194032450406134], [37.18837053893703, 12.190573419981488], [37.1989252720203, 12.194409123729992], [37.20787428249909, 12.191786500788766], [37.20482325986671, 12.20333902163382], [37.21296918413648, 12.2072949681269], [37.22414633290618, 12.206112342203786], [37.230378872688306, 12.210733408685138], [37.24322622901817, 12.208177391825494], [37.25420573590492, 12.195704859958068], [37.26254955537373, 12.196909757592348], [37.28217931045992, 12.200893804298953], [37.28728336456679, 12.205476618666955], [37.28872715822624, 12.214187288097518], [37.30145278922524, 12.231096341357826], [37.29548425668469, 12.246704377150378], [37.3039836293795, 12.262928663625301], [37.31472397831488, 12.269764180595926], [37.341177454863775, 12.277927328391655], [37.35770188639984, 12.270246298236161], [37.3620719808371, 12.26480214323175], [37.36031140201011, 12.259907109558394], [37.374499988472344, 12.257878370923109], [37.382786250705905, 12.265946461580146], [37.38490638526222, 12.27844770434095], [37.402924708287074, 12.273461367247277], [37.41471809031605, 12.28080741651171], [37.42726998719818, 12.275419827029031]]]}}, {"type": "Feature", "properties": {"name": "Beneshangul Gumu", "country": "ETH"}, "geometry": {"type": "MultiPolygon", "coordinates": [[[[36.24870438896604, 8.974582910146133], [36.22182109085305, 8.989588468425033], [36.17977205902676, 8.98736863130166], [36.175074123389216, 8.980474995025489], [36.22291664757122, 8.951248601762902], [36.24870438896604, 8.974582910146133]]], [[[35.25787444876765, 11.935038409616551], [35.09820073409792, 11.815268283728457], [35.047367597705424, 11.736046531656642], [35.05633783151885, 11.69269858498966], [35.07726868278551, 11.646361067965639], [35.08025855186778, 11.594044632329142], [35.07876307915279, 11.522296416349148], [35.06720194710397, 11.500449509481593], [35.03949388994653, 11.416540666650455], [35.024939491163245, 11.38627404759704], [34.990556004284095, 11.338041698696744], [34.96364070889947, 11.286125839171108], [34.94909272350728, 11.276729807135009], [34.93790101300329, 11.251899131093573], [34.92647063553171, 11.244149656134704], [34.93042284461608, 11.236610729767154], [34.9621453674026, 11.236798965499561], [34.99728044644397, 11.199457443929152], [35.00101713060186, 11.181492871314896], [34.971468503258855, 11.049232022113735], [34.95733923386582, 10.957923387232412], [34.98310502915022, 10.899413878517944], [34.92797457485493, 10.85692380162603], [34.89037941591454, 10.822752621199893], [34.867953161118734, 10.809299956089317], [34.867620949956454, 10.776396255844443], [34.8582824487753, 10.757290172997465], [34.78597763895766, 10.710764828870264], [34.77830165829291, 10.710660845723943], [34.79131437414812, 10.741204686939767], [34.79110375033263, 10.75638565548682], [34.7661531928444, 10.756046008464683], [34.72912607743158, 10.795392783673003], [34.68838580028438, 10.825190833539512], [34.61052833352417, 10.8980962961261], [34.59895407008795, 10.901725204375065], [34.583792344990144, 10.888224436213207], [34.555054988958354, 10.884014139044002], [34.53247340437576, 10.853328064559918], [34.5057177903318, 10.845348829627385], [34.46576012071889, 10.821995957077148], [34.45232104829114, 10.792859721612771], [34.431389788141985, 10.762964760441017], [34.40746827159446, 10.713638024240051], [34.383500698207264, 10.678499569781035], [34.34586792044286, 10.630517871248399], [34.29832684757836, 10.586584548799605], [34.29384148522722, 10.56117377232091], [34.28024564353389, 10.532802472632804], [34.280505639949325, 10.515735593697444], [34.30745138036888, 10.508548730734812], [34.32710134182782, 10.476592277621732], [34.29384073999945, 10.407214251953354], [34.305642499622316, 10.373847822652904], [34.3240637370991, 10.29444830865345], [34.352147954027366, 10.221864702758689], [34.343177387113, 10.20243296835417], [34.34695843606197, 10.169581233811883], [34.33394234427738, 10.142839144441401], [34.33435429426478, 10.114391453863917], [34.29837217311896, 10.087323385890462], [34.260316886657364, 10.07160452597905], [34.233859598020764, 10.048463726473102], [34.219084684167925, 9.961778498228485], [34.21758933872344, 9.903483196013813], [34.14683912524492, 9.719116988512752], [34.13267002333772, 9.641163235894235], [34.117874106273575, 9.606819255717719], [34.10146842275419, 9.55159387204769], [34.109217884276816, 9.409478018626354], [34.117759298903316, 9.345120248350934], [34.12278850641716, 9.257956148520728], [34.13541134097736, 9.172789416547188], [34.14544727202861, 8.963296269865465], [34.431392001868886, 8.96849326975322], [34.50445074940692, 9.005187334301798], [34.48440907274219, 9.048195163746467], [34.4590718688664, 9.074230541712193], [34.42757613206565, 9.072843014527235], [34.39401041587435, 9.117373679338435], [34.34161638520012, 9.16981832992306], [34.40248296492719, 9.187672195908767], [34.440301735838, 9.216610559119431], [34.45313160733053, 9.25851230526886], [34.45247028586005, 9.309729237324609], [34.46701311271605, 9.366832773050486], [34.45254893832819, 9.450125345210404], [34.51371867108565, 9.449015328258373], [34.499475980475594, 9.515240029661431], [34.523975254966004, 9.542119081942472], [34.53288734002798, 9.591566700814585], [34.54921181812707, 9.630661784672018], [34.58614019572256, 9.631358441848096], [34.63276170034241, 9.589023678685686], [34.7358867805056, 9.546307540203701], [34.78373706742855, 9.554336090581193], [34.792808120073246, 9.604315476656575], [34.81160527031168, 9.63111696461687], [34.81071175348985, 9.703233139888152], [34.79689358253189, 9.73722852927096], [34.83241749750921, 9.804098789055551], [34.855216491636824, 9.817665643627677], [34.87047992606626, 9.821648655223962], [34.87782929918999, 9.846415205000833], [34.89290646439672, 9.865581602875405], [34.89843724753325, 9.88273340918461], [34.867548166264406, 9.903235436753054], [34.88853501744119, 9.909187926484446], [34.90517414198047, 9.956848480054765], [34.92841002183715, 9.936250980722605], [34.94375087365174, 9.934538956126769], [34.98893829279546, 9.997732989168716], [35.015774180734276, 9.996157003069847], [35.02041100763854, 9.929763819814282], [35.04927081753786, 9.918714016420616], [35.08177865155169, 9.92289294781504], [35.081575165854126, 9.939978580242688], [35.08909977389193, 9.95145873968418], [35.16034359589096, 9.949371936733336], [35.22155966283313, 9.926397411263114], [35.22364904986455, 9.911229226160168], [35.23150500766689, 9.894226695827312], [35.27923441260229, 9.908052157906686], [35.29821701942534, 9.923455048927504], [35.311752662506024, 9.912209406345578], [35.325456408114505, 9.885771301917666], [35.35056470089736, 9.867052380702773], [35.36455328101904, 9.814024323084103], [35.408802587442786, 9.795502865142424], [35.42039402737815, 9.786128468921108], [35.379595667174286, 9.766391642973625], [35.38379577009244, 9.75998219068384], [35.37612905865851, 9.750937305703868], [35.365845127450164, 9.728454984454777], [35.369161200395695, 9.720278678898406], [35.390151178762615, 9.72103787299924], [35.41153146433095, 9.714667211106002], [35.45614104553264, 9.673223862757785], [35.46918992875654, 9.671369488341764], [35.50587338962256, 9.689693874340776], [35.534045185085986, 9.69140990325367], [35.53474022925989, 9.697409376344382], [35.54016038855368, 9.698629249220136], [35.5544957877946, 9.697109329824716], [35.561855985858266, 9.69300965548452], [35.5792863811489, 9.666511889316089], [35.59519679855844, 9.657032653194793], [35.63549792876908, 9.652482892487162], [35.65420839986267, 9.635924264472898], [35.65131823437598, 9.614026181092537], [35.644349849965806, 9.595549808271393], [35.64826215280879, 9.554313457500092], [35.67216174507628, 9.518240710877098], [35.68725784785326, 9.511422159116158], [35.71153219105459, 9.487780645816178], [35.7326236963866, 9.48250762175604], [35.753663521838696, 9.482703280289515], [35.765765674410275, 9.474360510379956], [35.77809872416912, 9.441152052840991], [35.779188277598074, 9.431712481319837], [35.7666938410303, 9.428613917984308], [35.75477496925227, 9.417562945654462], [35.75089353173936, 9.404099230538812], [35.755950259445775, 9.365807378004684], [35.74997002518164, 9.349633810602644], [35.75133000011977, 9.332150323677379], [35.75752014234359, 9.324660950124125], [35.774727160031304, 9.325346781419297], [35.797964745847885, 9.309641598068081], [35.809226240114334, 9.30989995387496], [35.86064484415779, 9.325994084705318], [35.91186443835098, 9.316981156924303], [35.918647718389565, 9.286664852018278], [35.931502690918656, 9.268259242507543], [35.95009741161084, 9.2501825611599], [36.03235541918933, 9.23445616820804], [36.04474356758726, 9.196096331724307], [36.054389131151, 9.12047714569334], [36.03480084917637, 9.108457795469624], [36.02885227697971, 9.057022940232137], [36.0432271196537, 9.033225289246277], [36.04293338367427, 9.016096956394408], [36.06472007165307, 9.020956728718323], [36.08732481603691, 9.01366607298551], [36.09775388609578, 9.0334624247496], [36.07631610429141, 9.063682558620691], [36.08495253078463, 9.059465946536125], [36.09542270457445, 9.066023591033467], [36.10933309574207, 9.081074917462827], [36.12946642998532, 9.052163189621366], [36.13220906010752, 9.021836673710592], [36.16041368678856, 9.021708364218124], [36.17757165914773, 9.045571528379707], [36.2267313961404, 9.0320153180541], [36.247260504657056, 9.042008523147212], [36.23659038108695, 9.051991661306488], [36.208432315055724, 9.068197022171498], [36.185367272510824, 9.072995572751562], [36.162254313371626, 9.106392888332653], [36.172693434849954, 9.109337921065126], [36.2047298647063, 9.158383193935705], [36.22970786089748, 9.23006107479434], [36.22711873850199, 9.272754482145213], [36.19567675780358, 9.289998385914638], [36.19537934618602, 9.327310682088642], [36.20667497795557, 9.355758832481365], [36.23505179371447, 9.348026681627944], [36.2153695689004, 9.333438041335386], [36.219155651140106, 9.298142468025366], [36.25396281065015, 9.302846967654652], [36.271011458473886, 9.32939117065184], [36.27590139702335, 9.344852986311238], [36.29042102849356, 9.322551777089014], [36.29626685899633, 9.30271521108009], [36.31978110054162, 9.30687317512569], [36.32696380905926, 9.331794053056832], [36.33455325231467, 9.34081948791044], [36.375502822049675, 9.359037651000117], [36.46219933439695, 9.358175298959626], [36.48489843003765, 9.368884622785005], [36.47597951600112, 9.395652299498568], [36.48443279029444, 9.406174282608104], [36.50805503231863, 9.420358174041489], [36.51570074357162, 9.445144656085501], [36.49945290404651, 9.47389276372042], [36.495219196531224, 9.510370749647787], [36.46195679889368, 9.529061140874656], [36.40141672486574, 9.511993397592951], [36.381094668967705, 9.481488248525242], [36.35592265463153, 9.495729291956902], [36.336740878365035, 9.51299914161281], [36.30181027139288, 9.556516889844398], [36.267049771288804, 9.569695610954959], [36.2325605414244, 9.57132332825998], [36.229919557390026, 9.580824836919957], [36.20156029551741, 9.615925237588206], [36.193394540350305, 9.659488186614084], [36.19264875200449, 9.688867655336756], [36.178278715366865, 9.702303422302318], [36.16267026357568, 9.731453182398834], [36.159839507598676, 9.747921580767992], [36.14419889455433, 9.758735980102657], [36.10606773395382, 9.774306544681185], [36.137253044050446, 9.808427159525626], [36.12898890840953, 9.85318962357684], [36.15312581527263, 9.849907697842694], [36.15297627380677, 9.867337838044747], [36.12058062587161, 9.962299691538501], [36.12143067634449, 9.972538797481063], [36.14068083023348, 10.010667369831108], [36.18535064692576, 10.050620019551374], [36.21970856010354, 10.054170826493875], [36.259704894346484, 10.079408040275336], [36.268668320770665, 10.089443874420867], [36.27267787498113, 10.1140406545869], [36.33310429199314, 10.139345386566664], [36.37020995517175, 10.162601321238586], [36.39606257227774, 10.188044203406296], [36.41698244909082, 10.217708492242101], [36.44614087452591, 10.246785224371557], [36.49170386006612, 10.235210684801384], [36.51628002983235, 10.240872940517033], [36.52323306566768, 10.251376174484022], [36.54586758015431, 10.270196993824998], [36.55527348706914, 10.286009395735038], [36.57664085329126, 10.280173403328662], [36.57547857874937, 10.265112548658198], [36.61136426767646, 10.260161341612436], [36.66048563365365, 10.277978670034225], [36.692987207357916, 10.297225209807934], [36.68619493537457, 10.318529295777328], [36.669120615932194, 10.314753488100562], [36.662604751945175, 10.317472955277642], [36.637802214705054, 10.347567339344678], [36.618366464187076, 10.355899431678818], [36.60626542246231, 10.365650408127488], [36.59028188010385, 10.369788298636037], [36.573658963919016, 10.363806809868466], [36.54932926400063, 10.361811758324873], [36.54003735170807, 10.365909887022864], [36.523700226046536, 10.395119028046743], [36.5212378979998, 10.40686673518924], [36.54702130199344, 10.457819415139447], [36.53801937029963, 10.473982715897824], [36.52756978289685, 10.483816476396218], [36.519414617597114, 10.479795293856892], [36.48620231444425, 10.483725726472173], [36.46350252639822, 10.48010201759991], [36.45645330494891, 10.475567109614433], [36.446441434149904, 10.456605036254869], [36.43609245837868, 10.453448290069192], [36.42268188375342, 10.457246123413757], [36.41769410603529, 10.454727427358598], [36.409785529970385, 10.456226688968865], [36.391644594774974, 10.468908143717458], [36.383012114310304, 10.490511160065074], [36.37231648143291, 10.505672418972095], [36.36546446494561, 10.507096607883268], [36.3599213046497, 10.53123253492765], [36.34440181919875, 10.521815088815217], [36.326899663706996, 10.524228957100949], [36.319006125952924, 10.52892041748914], [36.31173098201903, 10.543023474996192], [36.31200107856455, 10.548938225502788], [36.30899874701718, 10.553311972222877], [36.30281145499964, 10.554874485759767], [36.30276352574931, 10.572128455674308], [36.306663499421866, 10.578860385804454], [36.294280117686625, 10.597995944652085], [36.28450165922221, 10.599604333340617], [36.282434676800236, 10.605469433228205], [36.29236028129627, 10.620867885316231], [36.30840425962708, 10.625111945233364], [36.30380299004848, 10.638770047119172], [36.31170780060667, 10.649859782881933], [36.31908497380952, 10.652896585093629], [36.324983410856355, 10.662562541990209], [36.313276226202696, 10.674733883769488], [36.3120572806434, 10.679710190577444], [36.31874730789081, 10.68023778148209], [36.32251894323861, 10.686192497251572], [36.31736285096024, 10.698137984377475], [36.31838490946578, 10.704506676999475], [36.327346699926274, 10.714657035123917], [36.33212685287601, 10.727136797516495], [36.360136224393315, 10.742545829388058], [36.37474848323056, 10.759307384051038], [36.376775871264414, 10.766182357279504], [36.3735509798171, 10.773649704748568], [36.37800666399371, 10.786650945698105], [36.358399786860346, 10.790536698151913], [36.342392241697596, 10.78973154945479], [36.332132471442364, 10.771179603856943], [36.32604393259068, 10.769618921571379], [36.325458719959315, 10.764092474853111], [36.311572471019254, 10.748156698221136], [36.29454440931096, 10.744252136088965], [36.28602979639565, 10.745481176502029], [36.28924964107869, 10.77327309278], [36.28304158939626, 10.80476043685718], [36.30031654959603, 10.810887863378523], [36.295672797310424, 10.815903229200316], [36.30553857434386, 10.820821647466719], [36.310916497663285, 10.828041384923992], [36.31454548114377, 10.851697927251607], [36.31009012139597, 10.855459620843202], [36.309930737015456, 10.863434930655501], [36.33289351271011, 10.888326334137943], [36.33240021352602, 10.89856844825419], [36.35390625879275, 10.922098337144082], [36.351416328498125, 10.930853063097615], [36.35482229263712, 10.937924517535118], [36.36658724283627, 10.946544146763342], [36.41846096128398, 11.00160358869728], [36.42335633335242, 11.032240534447629], [36.43696437922786, 11.039918548023554], [36.44503554199677, 11.051273925278602], [36.47064644677012, 11.056082733175709], [36.47911760162388, 11.06800798725618], [36.49046431647681, 11.069604638609151], [36.49211764903005, 11.076797923626055], [36.51577321801868, 11.105675476324347], [36.5258779636646, 11.113577576369886], [36.533389239499996, 11.114083295760496], [36.534843982757636, 11.098822478966305], [36.555703058183916, 11.094084540725467], [36.56024372037282, 11.100665698419444], [36.575783503559485, 11.101575712261937], [36.578812734115516, 11.111388323474438], [36.56099280788708, 11.114117028894752], [36.55013411566927, 11.138678952823236], [36.53121559132926, 11.142464215165052], [36.50369828137884, 11.13840291220779], [36.47644029256894, 11.157837710370737], [36.468400687331034, 11.156271150968637], [36.46835764568969, 11.216196629246781], [36.4609848208764, 11.227289037313561], [36.471601826885866, 11.234152059286496], [36.47662402677432, 11.245521051233167], [36.46793555015038, 11.26584566600358], [36.48400237344543, 11.272637668361936], [36.49575979636827, 11.289803126420336], [36.5057520648521, 11.285839421119181], [36.530443048640095, 11.30334705075468], [36.5381302410976, 11.305585651642355], [36.55767439368507, 11.302965937907027], [36.56321538457174, 11.319186257329132], [36.557213767180905, 11.330334321227571], [36.548277622816435, 11.338117260100988], [36.535338005019376, 11.336140025135341], [36.539529640437955, 11.346492316955707], [36.56442211733098, 11.358873816072723], [36.564685441751195, 11.372192662257786], [36.552149907203045, 11.387486401068792], [36.54184790770388, 11.394967293058812], [36.533889903250625, 11.394900678024479], [36.53070519659652, 11.435385363000165], [36.513017139088596, 11.459113397520728], [36.50430288650819, 11.4589764522857], [36.498624557239125, 11.444531950163274], [36.47227450733457, 11.437113488177538], [36.46794868991433, 11.429484179462666], [36.448847426194256, 11.427704650895615], [36.4107398889062, 11.414752085161663], [36.41033674571012, 11.459138609287209], [36.43916717495896, 11.492652360056693], [36.44509701780033, 11.493641745585238], [36.43481989418742, 11.511616493272266], [36.413908565848445, 11.532789991228034], [36.41532712951028, 11.545954311259212], [36.40420143591729, 11.546814686222035], [36.39112201821091, 11.57216656070077], [36.392205633786766, 11.584127658044332], [36.380150831016586, 11.59696172895109], [36.37594692804831, 11.60850316560409], [36.366068280349026, 11.601159981602258], [36.349212785712176, 11.60618376601318], [36.333209303469424, 11.666860979881688], [36.3483479853109, 11.697413474541875], [36.33285549226477, 11.704868072475767], [36.33461391414349, 11.723997606745664], [36.34039075450179, 11.73831034389855], [36.33953339953606, 11.761854119276236], [36.34199304107191, 11.768556814256893], [36.33838367740539, 11.773787721398419], [36.34206632432541, 11.781617652984352], [36.329857550212076, 11.797495095087134], [36.30958899474782, 11.804036632792629], [36.28369708579072, 11.773474394091181], [36.26177010038383, 11.754291654727648], [36.236660869507105, 11.73777070122373], [36.23236758124803, 11.72292643989707], [36.2078619186536, 11.722249292466477], [36.201616960321395, 11.706655353471255], [36.17700353513223, 11.68506253406148], [36.16578277919856, 11.67899511146666], [36.15792648837614, 11.686714984131566], [36.14561396206196, 11.686435234659337], [36.11914395855189, 11.706626956614771], [36.12631469744656, 11.719980883769843], [36.117391995758815, 11.724326441072293], [36.12401603368713, 11.735249722188604], [36.11802806727409, 11.77501016335449], [36.10601686128987, 11.816697486588039], [36.095856815169036, 11.813666354333636], [36.08224447577723, 11.825176430706357], [36.08507611189259, 11.835888565732366], [36.06705026089783, 11.852404396224813], [36.05528095622188, 11.85012171538061], [36.049925323852705, 11.866802673316666], [36.05715929300834, 11.875105737233989], [36.04586017388849, 11.877235629270013], [36.05139479916228, 11.883821315899258], [36.038902141581616, 11.886289135424878], [36.03460904745502, 11.892570116344956], [36.043427654015, 11.895865819757645], [36.02199565888291, 11.914643194502103], [35.99676401087623, 11.927677039403383], [35.978817274673894, 11.961291377803102], [35.9698078604424, 11.9592109551568], [35.97312217098317, 11.971128128263844], [35.966599898586466, 11.985376722521387], [35.93607142681153, 11.966907650645892], [35.93402302941127, 11.960763268280703], [35.940753349288315, 11.955204023597306], [35.94367949808939, 11.937356012820683], [35.937241694569586, 11.921556178435223], [35.918513691833375, 11.905756403603776], [35.91207597004599, 11.906341615109303], [35.87520527228442, 11.886738256731398], [35.86911594531781, 11.860376353917614], [35.849045350139896, 11.84105152987145], [35.823771321615276, 11.827672858859815], [35.81559445872798, 11.829159430623106], [35.804444228291466, 11.838821944060292], [35.77471013134033, 11.83436248800983], [35.76355987157254, 11.838078872517231], [35.75686967586123, 11.832132773690697], [35.737542534022616, 11.833619398087876], [35.706321704851014, 11.823213818996198], [35.695171469447246, 11.832133066299447], [35.68402116248436, 11.826186988188462], [35.66737194367434, 11.82671658274152], [35.66249180707588, 11.794187159501357], [35.64568293149258, 11.782259774609425], [35.62426521803405, 11.776567222286902], [35.590647569452216, 11.773856591143423], [35.57736315358078, 11.768163999808124], [35.535340929279066, 11.730484252291173], [35.51771872689098, 11.718827949015315], [35.474070107478056, 11.7369904233809], [35.42255917966593, 11.730213690868544], [35.395448260512715, 11.747020696185738], [35.36454175381306, 11.753797804524424], [35.33821273342486, 11.773841301786073], [35.335746082809656, 11.782768979163585], [35.32648152214052, 11.795294386245327], [35.31443253282105, 11.793044804708087], [35.3040381756294, 11.803618845542601], [35.29670029234908, 11.79996179202852], [35.29746120008873, 11.820275661840547], [35.28885776699181, 11.830696109003826], [35.28546516738452, 11.84730963008296], [35.288422929676734, 11.856703640584518], [35.28511737837739, 11.885320636807393], [35.25787444876765, 11.935038409616551]]]]}}, {"type": "Feature", "properties": {"name": "Oromia", "country": "ETH"}, "geometry": {"type": "Polygon", "coordinates": [[[39.84987148415355, 9.139159403274528], [39.80859661920352, 9.136475253009968], [39.79466607559755, 9.113775915139586], [39.7811093707672, 9.105383962870299], [39.76477902027765, 9.096163655071978], [39.74331262212032, 9.09229200326245], [39.7483563742529, 9.064171603759606], [39.7411025855598, 9.04058140109182], [39.742016034777016, 9.024064910978998], [39.74737246585761, 9.010801269546237], [39.74887308031009, 8.911328077973774], [39.73774402857015, 8.858264373984806], [39.732192389608564, 8.845247392862868], [39.73413689349421, 8.827297741156498], [39.71758717285312, 8.817139130571302], [39.66299533734647, 8.814251426682018], [39.650957914941316, 8.803812917258664], [39.63492611647322, 8.799855803727748], [39.617879789449056, 8.787930341502078], [39.592356815371566, 8.797933219319523], [39.562842708676754, 8.818898378391946], [39.55264183843291, 8.769813719081453], [39.53463131369536, 8.759024757869145], [39.50160455626871, 8.715880537517906], [39.49310688706266, 8.726351709922794], [39.47109727953007, 8.742817002332119], [39.450079944304754, 8.753302758162015], [39.41860434789168, 8.815601344060054], [39.38703625158784, 8.79969628828219], [39.37901586106026, 8.792233023639396], [39.374484094651606, 8.767830682884368], [39.37795287076503, 8.731963941613667], [39.36192061453183, 8.722017667984387], [39.34289978295764, 8.728012720099796], [39.3253926638769, 8.747952437886969], [39.306156883428194, 8.722793608128576], [39.299832519409385, 8.719581765580857], [39.286664564149376, 8.71885947874559], [39.27129736687276, 8.7255807338722], [39.26280133434561, 8.7480015838921], [39.273832182040515, 8.767917897257957], [39.272842628674006, 8.784107038923356], [39.24470396085803, 8.828739913056967], [39.24483462718214, 8.837672819277174], [39.26637600373749, 8.844133298881935], [39.26137272830925, 8.851608421517154], [39.23834010041606, 8.863080390218585], [39.2418641706202, 8.88997569630125], [39.25993191127527, 8.91106841827505], [39.26623113827864, 8.923435289653078], [39.25944925184648, 8.96368277285816], [39.27048521788272, 8.981606371886182], [39.2890387693721, 9.000021803984525], [39.29760200335697, 9.054307533413075], [39.31615059612606, 9.061265169999247], [39.347877399476815, 9.065212044981786], [39.35786429836237, 9.063117992542134], [39.34932073851517, 9.077616086719685], [39.34945481830099, 9.089098551380083], [39.32969562643513, 9.138237243540829], [39.32101596096756, 9.141253387565648], [39.324020525378494, 9.149816560715141], [39.2949771864595, 9.150299468909097], [39.2503720714071, 9.136617452280776], [39.23452638452797, 9.158954440503296], [39.21548658202731, 9.174407436604584], [39.1894374052139, 9.210285225338874], [39.21453182264172, 9.229145235088117], [39.2005921533617, 9.250990987362156], [39.19493569336819, 9.253434126073387], [39.1785923067232, 9.272093534606038], [39.20803740561841, 9.292958515088095], [39.23451209509076, 9.294629912635664], [39.26701931615624, 9.245508786741997], [39.28558152270366, 9.278556222198128], [39.26705635378704, 9.289469672881516], [39.265266898692566, 9.325205757120157], [39.279132496983415, 9.313265523140991], [39.28628866543452, 9.316811998967633], [39.29232028228944, 9.33274591318331], [39.29383967607287, 9.350177763623112], [39.3038775137523, 9.357640547588419], [39.30739694056601, 9.367101152773476], [39.320437759616226, 9.36659139773665], [39.32094720258796, 9.375058410566389], [39.32596929436592, 9.381528903877204], [39.347536403579625, 9.379515845209252], [39.357558696903325, 9.370042156215973], [39.37386761025769, 9.376749307269105], [39.37713694993825, 9.384964198889707], [39.3957056150829, 9.392913070257705], [39.404721374248666, 9.381446892450407], [39.42126336299064, 9.372461973713952], [39.42679065755215, 9.380424604597584], [39.4464978923075, 9.38491529971383], [39.45472948571644, 9.402209419608404], [39.44394212182735, 9.415386875537745], [39.45017734440916, 9.42627920832644], [39.44856067002449, 9.433496077172984], [39.431179884106776, 9.43488120788382], [39.412106442760624, 9.448484096649322], [39.39478101865034, 9.456051512876822], [39.3792538912013, 9.447084386975991], [39.37359440849574, 9.447834346837682], [39.3741938162797, 9.458996687445088], [39.37777698558339, 9.464290788497049], [39.36393528982409, 9.474861996931542], [39.35123994027611, 9.47296223078915], [39.339419639914794, 9.475782038185754], [39.31054383123833, 9.468682811856421], [39.30191536571877, 9.488787740650464], [39.29494686906801, 9.492740759074835], [39.294473567028454, 9.501592476792961], [39.3060435682246, 9.506242838677919], [39.30298540765751, 9.523693806655281], [39.313792120975855, 9.536556064675183], [39.32379519319163, 9.526730456481715], [39.33054633243213, 9.527554161130285], [39.34225377870573, 9.546387227225427], [39.35369890228736, 9.550196370513307], [39.36145775763883, 9.547058274774482], [39.37732712751931, 9.568327640907942], [39.37878394520084, 9.581155789879379], [39.37410513965105, 9.583884150956647], [39.3742122805281, 9.593018691451595], [39.38504301513741, 9.603892200111714], [39.389673205080655, 9.616729287827612], [39.38671270396563, 9.631808965855342], [39.37630777799804, 9.630217561615337], [39.36254127735664, 9.619904408747312], [39.35524534095818, 9.618672150846812], [39.352901808773765, 9.623042319715749], [39.358603999908055, 9.657849064832474], [39.369038738069236, 9.664017809713986], [39.37215286836306, 9.670951813086043], [39.36183272723862, 9.681262721187434], [39.37057767106329, 9.690549674558039], [39.370968659738644, 9.700358844536144], [39.364988904053575, 9.70243320599151], [39.34533963588618, 9.699985912995507], [39.340199502840214, 9.70490008756607], [39.33888171698837, 9.711194806788681], [39.34756983658022, 9.726120898383467], [39.34263825977789, 9.728439095676405], [39.321303809787544, 9.725104018889095], [39.31420229889693, 9.732415626340424], [39.30895161256191, 9.744994171567118], [39.298707925365335, 9.749010439979475], [39.29259307457376, 9.746110719129383], [39.28843627154076, 9.734943329104414], [39.28124361599748, 9.734165517916688], [39.2689695116636, 9.740720317282522], [39.26090109117655, 9.730289382455041], [39.25075724211584, 9.705888294696097], [39.23987593678243, 9.703372573232969], [39.22891379699013, 9.694694472274403], [39.224346400368354, 9.706190702585571], [39.21760106934963, 9.709379287103953], [39.212243006632185, 9.70572810498128], [39.20948686404608, 9.711890873108349], [39.205744907843844, 9.70753767767564], [39.20097569564994, 9.7097168656724], [39.19820190696508, 9.717333075620669], [39.18502242017169, 9.721042531596952], [39.18487444759942, 9.686740499533112], [39.175076938904155, 9.695832202090154], [39.16263199034847, 9.689761219846082], [39.146223393396134, 9.694328576156845], [39.14859299840421, 9.716338687631556], [39.14015159023594, 9.741636773236696], [39.134319498229004, 9.7423641237888], [39.1178479192626, 9.734256036596442], [39.0985340036036, 9.736421163769872], [39.098251991244375, 9.7447982339184], [39.105380202453844, 9.749573912142626], [39.10262158957824, 9.75603203341598], [39.09306137293536, 9.764057497283355], [39.07738453145117, 9.755561327536832], [39.05129865580226, 9.75441397767195], [39.03684717182638, 9.747991542492557], [39.0358155012025, 9.75378234527382], [39.03141979606337, 9.756461396696565], [39.01743663027044, 9.7587026027212], [39.013046183328406, 9.753181112748404], [38.99094998846164, 9.746949274829314], [38.981603909267086, 9.752959968148062], [38.97526564180206, 9.762082183349055], [38.952932840555434, 9.739641861502518], [38.96109764331381, 9.711738699681344], [38.93557744142685, 9.728923395368769], [38.92900654028292, 9.726071930886429], [38.91859725590924, 9.712507003825367], [38.91018595163274, 9.709713469872584], [38.86738491807831, 9.734613150845721], [38.85932975681332, 9.745913857730585], [38.841105156270544, 9.75798704869915], [38.829742411419446, 9.77008228657646], [38.822347287069064, 9.78547304784551], [38.81906860862123, 9.80370381861261], [38.814537188745085, 9.807175337850325], [38.808617510411715, 9.820518771628743], [38.80919802128008, 9.836287792811653], [38.80387065207398, 9.863082799564092], [38.79169445540516, 9.883593705658766], [38.79681172687938, 9.890030490310316], [38.80330490826231, 9.91042877844471], [38.797237366984355, 9.93467750153008], [38.8035093068595, 9.95451571970234], [38.80141229425881, 9.963155967649831], [38.7801667792364, 9.983342960952989], [38.77205878593579, 9.979059754647334], [38.75889745533102, 9.981630441844272], [38.734413962545915, 9.993837266655117], [38.72628573211628, 9.992299443547612], [38.67465444796868, 10.016105105656182], [38.66165418867986, 10.034766025446599], [38.658074183227015, 10.052404488758537], [38.66350436226079, 10.05831394090576], [38.68952503505764, 10.051184436009471], [38.70230037943912, 10.050314449576428], [38.70649901079564, 10.05395410838705], [38.722197931768356, 10.052396166018228], [38.76578930274268, 10.07175556914604], [38.7781067858346, 10.083751114906738], [38.811785739045916, 10.095357062519719], [38.82445902097892, 10.110628506547455], [38.83993113415772, 10.115344676787885], [38.843452869663764, 10.110871723239104], [38.853444820571106, 10.118999219800152], [38.84943327511462, 10.124836125603942], [38.84806206611406, 10.139679573681194], [38.834587571559844, 10.162795104357778], [38.8389426309144, 10.199003389231999], [38.834515625607885, 10.204893476791051], [38.833526807848216, 10.213051429261323], [38.836116951204154, 10.226670715552899], [38.84847238685054, 10.24526217868165], [38.84542461647057, 10.257001242694432], [38.861687926818774, 10.278913142741054], [38.85652237550045, 10.295668526458021], [38.85407801808733, 10.334704599681164], [38.84591057497663, 10.355687461013279], [38.84657275951853, 10.36194857244735], [38.81648865554489, 10.365245232642947], [38.80731167958373, 10.369760008186642], [38.772988476329644, 10.367085424565238], [38.74696395911264, 10.384669762934738], [38.71347645888553, 10.387792414097712], [38.6982408014834, 10.380315601819385], [38.6831450146607, 10.379964797333061], [38.66499643064706, 10.373680034272631], [38.63111592668368, 10.383098507555912], [38.60550263398896, 10.375524707000595], [38.561047095833786, 10.376847297088027], [38.53523021213579, 10.367430008873532], [38.47751252521218, 10.364185700000872], [38.476925405576345, 10.357151988600608], [38.48203728427618, 10.345294004455459], [38.475901143170724, 10.331595341081684], [38.474557189350136, 10.315538426685208], [38.4687595113729, 10.312020598324374], [38.46692626401855, 10.30615572328305], [38.47336465624204, 10.292736699694702], [38.46090261862619, 10.29090249541005], [38.45870391694352, 10.282942165188434], [38.463507224290126, 10.268606568314969], [38.456171655439334, 10.262070055512169], [38.455026299206004, 10.247625332280847], [38.44890793113058, 10.241188428976441], [38.43155271018828, 10.232559775742057], [38.420219038170835, 10.220785368829102], [38.4202255703523, 10.214168617698826], [38.430877942923274, 10.194073664388084], [38.42188438268953, 10.181694298992957], [38.42672825017841, 10.178772781115756], [38.42655889296695, 10.172698638453594], [38.40714412361474, 10.16131591550512], [38.3983335487144, 10.145222958644446], [38.36713500588058, 10.141430948852392], [38.35889368909357, 10.145256153886422], [38.357846473185866, 10.1517872509071], [38.34911127014973, 10.159784924050406], [38.34088186595126, 10.157166026470586], [38.3341518223718, 10.152307324572611], [38.32679385837425, 10.134065630927388], [38.32454508269011, 10.124380826644263], [38.32734940487297, 10.11549554769552], [38.32264128196382, 10.108135266039461], [38.30943242305191, 10.108901262231335], [38.303098057850214, 10.104395023831469], [38.29610612821088, 10.090197974563669], [38.272591329013366, 10.092750367535144], [38.25320578040128, 10.089378258326217], [38.24861871985875, 10.102898592851833], [38.24125660408422, 10.103582943753986], [38.17745669083855, 10.06405810663935], [38.171439674222, 10.058705757007104], [38.16816772564311, 10.047037898065561], [38.161182023725914, 10.045056606299852], [38.1513930088813, 10.036076843025693], [38.14595669259859, 10.037641957129901], [38.13777839505142, 10.048368179221953], [38.1317670632449, 10.048403788582142], [38.12612992857745, 10.044111610676573], [38.11915395712389, 10.029947472362348], [38.119104234043036, 10.018707326701987], [38.113955750225, 10.016948473107028], [38.10154731807409, 10.023213633905256], [38.08838960013696, 10.021207455916073], [38.08110587405915, 10.01618043318579], [38.08203413598763, 10.003133675410496], [38.07062281764119, 10.002482287070436], [38.06514164862412, 9.99885413263965], [38.06075761610862, 9.982763567941161], [38.048939121963386, 9.982492397958367], [38.04441118986296, 9.970740952517852], [38.00927914336283, 9.965096567112207], [37.99424545518624, 9.950049010528506], [37.97924212486975, 9.950044832704505], [37.95789040147748, 9.939601852047751], [37.93956752244379, 9.94504346073567], [37.93366057882843, 9.942243235145721], [37.93161030235839, 9.931482022421765], [37.93614445484636, 9.926928353046062], [37.935901200876664, 9.919952181958159], [37.93089687505867, 9.915553427646252], [37.924227357900854, 9.915714109470532], [37.910148044059504, 9.931413462330166], [37.893850910807615, 9.92822415594437], [37.88097648032973, 9.922474006178687], [37.870753513021185, 9.90850099648171], [37.86528368006309, 9.91382820866065], [37.86121194057997, 9.913755245579642], [37.86004251413334, 9.901188937896345], [37.856757236974346, 9.896909246396532], [37.84350129097512, 9.897671200061312], [37.81684141305689, 9.868121044140004], [37.77541096662759, 9.857473922325273], [37.769907538181144, 9.85241389143051], [37.7617873181181, 9.852901389178998], [37.75477411323481, 9.85804882407132], [37.74934824391042, 9.856911092512387], [37.749046524560065, 9.847636908832717], [37.74371001479041, 9.841635459355867], [37.72516418567838, 9.845517204470086], [37.71147463151098, 9.843587436894115], [37.70146932790233, 9.837688002199284], [37.681209720735104, 9.863289181311698], [37.66266919760501, 9.861456093594798], [37.64219739919711, 9.883452259016757], [37.61904231004005, 9.894858367356266], [37.61364306738325, 9.910377865591975], [37.593211712894934, 9.91973130744539], [37.58774915775781, 9.940362855676362], [37.57513715023827, 9.942912689390633], [37.55374329988711, 9.95951800167729], [37.55217665989021, 9.97439003948303], [37.53005073508072, 9.99713689695774], [37.52054507139008, 10.0008736980587], [37.50241705694732, 9.998908119649903], [37.48394756982038, 10.004468384219333], [37.47656194904186, 10.01589759440665], [37.46214250437621, 10.013072232317048], [37.44528154552064, 10.015517996120288], [37.42516557501343, 10.034743505444524], [37.399086405237924, 10.047106543493303], [37.36300488463056, 10.044134970404295], [37.35779322522437, 10.041188418414817], [37.35011196179203, 10.012907762438276], [37.34556086681151, 10.00677797020359], [37.33034896580384, 10.006808219933406], [37.324063799945485, 10.009061382817809], [37.31863202867028, 10.019008873142353], [37.306418726839674, 10.027611174859631], [37.29734802292112, 10.053805210720968], [37.28852039574448, 10.063834086719707], [37.27244866171697, 10.074592885730455], [37.2626907360083, 10.077625667052084], [37.241553473960806, 10.076564189639097], [37.214122763695805, 10.08886073874177], [37.19154394988506, 10.11250680151336], [37.18058271832289, 10.145326941574853], [37.16850842548397, 10.164219809309502], [37.17176186935998, 10.174906364206334], [37.1942342272367, 10.20695350108499], [37.20070372747955, 10.224237683845654], [37.196804351290666, 10.231851308179488], [37.18261773060197, 10.242204182172292], [37.13564102586211, 10.24692011302638], [37.087906400807, 10.26043236378863], [37.078907621028506, 10.264312537284667], [37.07050952581236, 10.277020959274145], [37.06264348106849, 10.282670801869951], [37.05157477869664, 10.28454039019304], [37.046675662533836, 10.289335220810848], [37.0408975696569, 10.286295035732584], [37.01406822833644, 10.285874945461027], [36.99790707165429, 10.303903589093212], [36.98072304939051, 10.314960310894358], [36.9315710953357, 10.31187419722367], [36.9199737118917, 10.315122323667543], [36.8987616063413, 10.313782287849072], [36.883908515060604, 10.321588174752437], [36.87004133429599, 10.341624689314813], [36.825535299411655, 10.343395913612605], [36.81780645267273, 10.342673386706931], [36.807396817098706, 10.336303699651221], [36.79275740979804, 10.344317574728501], [36.77739811839663, 10.346900204536384], [36.762557341182, 10.368239242574743], [36.75321461911594, 10.366914117013769], [36.74651404707742, 10.360900337293433], [36.73219331988593, 10.362282165037147], [36.71881204011131, 10.358852815020347], [36.692449365893715, 10.358250671953137], [36.688942563943044, 10.345930581202861], [36.68169806690084, 10.335547620433946], [36.692987207357916, 10.297225209807934], [36.66048563365365, 10.277978670034225], [36.61136426767646, 10.260161341612436], [36.57547857874937, 10.265112548658198], [36.57664085329126, 10.280173403328662], [36.55527348706914, 10.286009395735038], [36.54586758015431, 10.270196993824998], [36.52323306566768, 10.251376174484022], [36.51628002983235, 10.240872940517033], [36.49170386006612, 10.235210684801384], [36.44614087452591, 10.246785224371557], [36.41698244909082, 10.217708492242101], [36.39606257227774, 10.188044203406296], [36.37020995517175, 10.162601321238586], [36.33310429199314, 10.139345386566664], [36.27267787498113, 10.1140406545869], [36.268668320770665, 10.089443874420867], [36.259704894346484, 10.079408040275336], [36.21970856010354, 10.054170826493875], [36.18535064692576, 10.050620019551374], [36.14068083023348, 10.010667369831108], [36.12143067634449, 9.972538797481063], [36.12058062587161, 9.962299691538501], [36.15297627380677, 9.867337838044747], [36.15312581527263, 9.849907697842694], [36.12898890840953, 9.85318962357684], [36.137253044050446, 9.808427159525626], [36.10606773395382, 9.774306544681185], [36.14419889455433, 9.758735980102657], [36.159839507598676, 9.747921580767992], [36.16267026357568, 9.731453182398834], [36.178278715366865, 9.702303422302318], [36.19264875200449, 9.688867655336756], [36.193394540350305, 9.659488186614084], [36.20156029551741, 9.615925237588206], [36.229919557390026, 9.580824836919957], [36.2325605414244, 9.57132332825998], [36.267049771288804, 9.569695610954959], [36.30181027139288, 9.556516889844398], [36.336740878365035, 9.51299914161281], [36.35592265463153, 9.495729291956902], [36.381094668967705, 9.481488248525242], [36.40141672486574, 9.511993397592951], [36.46195679889368, 9.529061140874656], [36.495219196531224, 9.510370749647787], [36.49945290404651, 9.47389276372042], [36.51570074357162, 9.445144656085501], [36.50805503231863, 9.420358174041489], [36.48443279029444, 9.406174282608104], [36.47597951600112, 9.395652299498568], [36.48489843003765, 9.368884622785005], [36.46219933439695, 9.358175298959626], [36.375502822049675, 9.359037651000117], [36.33455325231467, 9.34081948791044], [36.32696380905926, 9.331794053056832], [36.31978110054162, 9.30687317512569], [36.29626685899633, 9.30271521108009], [36.29042102849356, 9.322551777089014], [36.27590139702335, 9.344852986311238], [36.271011458473886, 9.32939117065184], [36.25396281065015, 9.302846967654652], [36.219155651140106, 9.298142468025366], [36.2153695689004, 9.333438041335386], [36.23505179371447, 9.348026681627944], [36.20667497795557, 9.355758832481365], [36.19537934618602, 9.327310682088642], [36.19567675780358, 9.289998385914638], [36.22711873850199, 9.272754482145213], [36.22970786089748, 9.23006107479434], [36.2047298647063, 9.158383193935705], [36.172693434849954, 9.109337921065126], [36.162254313371626, 9.106392888332653], [36.185367272510824, 9.072995572751562], [36.208432315055724, 9.068197022171498], [36.23659038108695, 9.051991661306488], [36.247260504657056, 9.042008523147212], [36.2267313961404, 9.0320153180541], [36.17757165914773, 9.045571528379707], [36.16041368678856, 9.021708364218124], [36.13220906010752, 9.021836673710592], [36.12946642998532, 9.052163189621366], [36.10933309574207, 9.081074917462827], [36.09542270457445, 9.066023591033467], [36.08495253078463, 9.059465946536125], [36.07631610429141, 9.063682558620691], [36.09775388609578, 9.0334624247496], [36.08732481603691, 9.01366607298551], [36.06472007165307, 9.020956728718323], [36.04293338367427, 9.016096956394408], [36.0432271196537, 9.033225289246277], [36.02885227697971, 9.057022940232137], [36.03480084917637, 9.108457795469624], [36.054389131151, 9.12047714569334], [36.04474356758726, 9.196096331724307], [36.03235541918933, 9.23445616820804], [35.95009741161084, 9.2501825611599], [35.931502690918656, 9.268259242507543], [35.918647718389565, 9.286664852018278], [35.91186443835098, 9.316981156924303], [35.86064484415779, 9.325994084705318], [35.809226240114334, 9.30989995387496], [35.797964745847885, 9.309641598068081], [35.774727160031304, 9.325346781419297], [35.75752014234359, 9.324660950124125], [35.75133000011977, 9.332150323677379], [35.74997002518164, 9.349633810602644], [35.755950259445775, 9.365807378004684], [35.75089353173936, 9.404099230538812], [35.75477496925227, 9.417562945654462], [35.7666938410303, 9.428613917984308], [35.779188277598074, 9.431712481319837], [35.77809872416912, 9.441152052840991], [35.765765674410275, 9.474360510379956], [35.753663521838696, 9.482703280289515], [35.7326236963866, 9.48250762175604], [35.71153219105459, 9.487780645816178], [35.68725784785326, 9.511422159116158], [35.67216174507628, 9.518240710877098], [35.64826215280879, 9.554313457500092], [35.644349849965806, 9.595549808271393], [35.65131823437598, 9.614026181092537], [35.65420839986267, 9.635924264472898], [35.63549792876908, 9.652482892487162], [35.59519679855844, 9.657032653194793], [35.5792863811489, 9.666511889316089], [35.561855985858266, 9.69300965548452], [35.5544957877946, 9.697109329824716], [35.54016038855368, 9.698629249220136], [35.53474022925989, 9.697409376344382], [35.534045185085986, 9.69140990325367], [35.50587338962256, 9.689693874340776], [35.46918992875654, 9.671369488341764], [35.45614104553264, 9.673223862757785], [35.41153146433095, 9.714667211106002], [35.390151178762615, 9.72103787299924], [35.369161200395695, 9.720278678898406], [35.365845127450164, 9.728454984454777], [35.37612905865851, 9.750937305703868], [35.38379577009244, 9.75998219068384], [35.379595667174286, 9.766391642973625], [35.42039402737815, 9.786128468921108], [35.408802587442786, 9.795502865142424], [35.36455328101904, 9.814024323084103], [35.35056470089736, 9.867052380702773], [35.325456408114505, 9.885771301917666], [35.311752662506024, 9.912209406345578], [35.29821701942534, 9.923455048927504], [35.27923441260229, 9.908052157906686], [35.23150500766689, 9.894226695827312], [35.22364904986455, 9.911229226160168], [35.22155966283313, 9.926397411263114], [35.16034359589096, 9.949371936733336], [35.08909977389193, 9.95145873968418], [35.081575165854126, 9.939978580242688], [35.08177865155169, 9.92289294781504], [35.04927081753786, 9.918714016420616], [35.02041100763854, 9.929763819814282], [35.015774180734276, 9.996157003069847], [34.98893829279546, 9.997732989168716], [34.94375087365174, 9.934538956126769], [34.92841002183715, 9.936250980722605], [34.90517414198047, 9.956848480054765], [34.88853501744119, 9.909187926484446], [34.867548166264406, 9.903235436753054], [34.89843724753325, 9.88273340918461], [34.89290646439672, 9.865581602875405], [34.87782929918999, 9.846415205000833], [34.87047992606626, 9.821648655223962], [34.855216491636824, 9.817665643627677], [34.83241749750921, 9.804098789055551], [34.79689358253189, 9.73722852927096], [34.81071175348985, 9.703233139888152], [34.81160527031168, 9.63111696461687], [34.792808120073246, 9.604315476656575], [34.78373706742855, 9.554336090581193], [34.7358867805056, 9.546307540203701], [34.63276170034241, 9.589023678685686], [34.58614019572256, 9.631358441848096], [34.54921181812707, 9.630661784672018], [34.53288734002798, 9.591566700814585], [34.523975254966004, 9.542119081942472], [34.499475980475594, 9.515240029661431], [34.51371867108565, 9.449015328258373], [34.45254893832819, 9.450125345210404], [34.46701311271605, 9.366832773050486], [34.45247028586005, 9.309729237324609], [34.45313160733053, 9.25851230526886], [34.440301735838, 9.216610559119431], [34.40248296492719, 9.187672195908767], [34.34161638520012, 9.16981832992306], [34.39401041587435, 9.117373679338435], [34.42757613206565, 9.072843014527235], [34.4590718688664, 9.074230541712193], [34.48440907274219, 9.048195163746467], [34.50445074940692, 9.005187334301798], [34.431392001868886, 8.96849326975322], [34.14544727202861, 8.963296269865465], [34.14134498254608, 8.912027252501913], [34.14083189575415, 8.724108524498858], [34.14522163484832, 8.670852352600171], [34.14230977127765, 8.653036575669264], [34.19037382681426, 8.652717364282646], [34.22425425589423, 8.670850425030512], [34.235912492884786, 8.687228867016035], [34.25647008979437, 8.703718712011705], [34.28012596766962, 8.709916498141308], [34.31316672470976, 8.683181549556334], [34.34620967273593, 8.601188799481319], [34.358961824026, 8.523139142409448], [34.3581712354353, 8.50102578074705], [34.33564845930585, 8.439709127796391], [34.315945054535355, 8.40789861449914], [34.31403356912282, 8.391035740186188], [34.32992497734243, 8.388067028136755], [34.34801806241519, 8.377755665789591], [34.43709269755433, 8.422878498017925], [34.471936802746626, 8.448678651494898], [34.52342925005642, 8.4766442950102], [34.55726964301591, 8.456235201182082], [34.575016697804266, 8.404585118249063], [34.63108038179163, 8.40310631366627], [34.66817201560699, 8.396145714839648], [34.729498553824165, 8.391128690201636], [34.76838745438454, 8.364487799056851], [34.78599838958863, 8.356352042142392], [34.79582017471082, 8.328021037080171], [34.78655120154711, 8.304753234576278], [34.82717583616376, 8.263053034464408], [34.855844186641214, 8.25176553239811], [34.96554395270973, 8.248465445579107], [35.019011954040295, 8.220764464663846], [35.074000299486066, 8.22130548906789], [35.119668800184066, 8.20173111768404], [35.13888717239633, 8.182950980580557], [35.158415374963994, 8.137837819253441], [35.144026981980836, 8.143980552147463], [35.10463359114756, 8.11624751934016], [35.08984219204501, 8.115052100749008], [35.118691316732054, 8.083720879754031], [35.141471871663214, 8.022827398110572], [35.14177951601836, 7.990168363945005], [35.109312593287385, 7.958256736228744], [35.04909380422798, 7.955580471965803], [35.00923234111631, 7.924648882126322], [35.01385363669065, 7.883608320665974], [35.00136724929, 7.863473810677049], [34.9514375213619, 7.891436254423169], [34.94502587393016, 7.880544065657003], [34.9330267117074, 7.82910952094466], [34.93786229866837, 7.765954297118138], [34.932727725825906, 7.729332695246742], [34.9962249088829, 7.749136460844451], [35.077849335348006, 7.732168811393584], [35.11678783926764, 7.646263195236746], [35.17369014977359, 7.655399326468423], [35.21308058125779, 7.652667295623529], [35.221077902217424, 7.663766541846565], [35.223489594666205, 7.704268299611237], [35.24870126764972, 7.727675727679915], [35.276324969418205, 7.747169946545095], [35.29064394049927, 7.748395930386593], [35.29379034613928, 7.753061690132982], [35.32565591032743, 7.766491051116462], [35.341637246647544, 7.777769766750898], [35.34278929185381, 7.822524023468413], [35.350619108649425, 7.836028096456318], [35.35881163120418, 7.844147644295654], [35.37275185144977, 7.833628071038227], [35.389902129441296, 7.828178266451413], [35.40133989474722, 7.830728010853676], [35.42949673343276, 7.881975000224458], [35.434292999131664, 7.88390577787436], [35.46049341654377, 7.873666166340246], [35.47507366140885, 7.874656087699137], [35.49099395533995, 7.8837156669479], [35.49795406493509, 7.881445744761908], [35.521489494471986, 7.896755040070305], [35.53128462856487, 7.881135689902316], [35.53697465875669, 7.850536990165523], [35.54516475633325, 7.832147763199534], [35.55539490249072, 7.821368206289817], [35.570935153348024, 7.814078488571314], [35.590385472755365, 7.809788630969241], [35.60698744718373, 7.810733610283983], [35.619045968162006, 7.815898304479718], [35.69449734238181, 7.865506008951757], [35.71720770827946, 7.856626337581233], [35.74030811755962, 7.867775808525183], [35.76291853464627, 7.883755068927817], [35.77683575157335, 7.900317799697832], [35.80049205466902, 7.933753597122724], [35.80069207023018, 7.941813607031559], [35.79604205602284, 7.949163618597336], [35.78328198452571, 7.955093640953778], [35.76818192296602, 7.970253679076682], [35.739281777523715, 7.98996374234435], [35.72362173552169, 8.023603796196992], [35.72877262768748, 8.040704733349257], [35.74476342047163, 8.05207614722884], [35.75411116475474, 8.068974886290215], [35.7665390414667, 8.08236650782349], [35.79884958283813, 8.080266518738279], [35.81711989919506, 8.083556340106783], [35.86164063535745, 8.07836646246213], [35.8734907915487, 8.059907226276598], [35.905901081962966, 7.947162021947059], [35.90320098997382, 7.927352876042589], [35.887646659089874, 7.893686150996031], [35.859855162860875, 7.861288745675519], [35.849389890062724, 7.840116761876215], [35.94240130407443, 7.775079358927361], [35.98713331160125, 7.755816794935098], [35.998012170337404, 7.746280473694512], [36.02133243859946, 7.693182713754333], [36.0426727600846, 7.675533427086782], [36.05268287764618, 7.655074284766004], [36.03326241804643, 7.592627021578307], [36.03610242122347, 7.573757832843341], [36.062972832957115, 7.558658422856461], [36.087723238219795, 7.555068520317237], [36.12839391884942, 7.556818355209942], [36.157334370210975, 7.543798851171799], [36.225475372477526, 7.485571214795656], [36.2803102644639, 7.46447187878389], [36.30253657097657, 7.451062531379792], [36.349447339569295, 7.446602619896634], [36.37541769904498, 7.416763850265716], [36.407078211475294, 7.409734087905346], [36.45394900609296, 7.41861359612718], [36.48470450399874, 7.417198588531942], [36.59912128188435, 7.370225358886684], [36.606751403937125, 7.36955536920297], [36.62358171052399, 7.380414865221925], [36.63374187306088, 7.379054901403958], [36.65253210614346, 7.346206275002981], [36.673352408423845, 7.329236967872557], [36.71497303286499, 7.303337987205451], [36.76331374206233, 7.26710944629871], [36.79190407796502, 7.253486149892797], [36.84172891156959, 7.327186010054205], [36.87994814967888, 7.330890137666418], [36.95625946960356, 7.261692718936328], [36.96659428110715, 7.243127855029971], [36.96544047540865, 7.225937576715234], [37.040308197135694, 7.241219929635894], [37.10562922342606, 7.225700450558646], [37.12938961694324, 7.229650223618447], [37.1549800634728, 7.241869635199494], [37.212351117673066, 7.293917234721422], [37.238631591162665, 7.313256332749997], [37.263072018324536, 7.326625692925636], [37.28844245289751, 7.335615245777658], [37.332028031566004, 7.344638444696374], [37.33196084004002, 7.350901685848965], [37.357393632166, 7.362123926059392], [37.38053845483735, 7.381191214816374], [37.39109007206985, 7.40361077830344], [37.40802530401245, 7.493360837251118], [37.43946055800483, 7.547310840504705], [37.44591061828809, 7.565490853192391], [37.43621059747563, 7.585230887333937], [37.42064778362421, 7.634971042240721], [37.407780564225355, 7.658770995636641], [37.40200056920238, 7.6838310337345], [37.400830662510586, 7.742211081276946], [37.405650826018416, 7.828411155132523], [37.41258090791651, 7.855071162047065], [37.43521110236576, 7.899211164965898], [37.437521149161554, 7.919671173201035], [37.4174210844231, 7.944721233154319], [37.390620970733686, 7.96311129247542], [37.388540978922606, 7.975521306126549], [37.39259657165765, 7.994036720222356], [37.404931034137306, 7.994726255579217], [37.41025446531574, 7.999447627865822], [37.42534639350315, 8.003955794513464], [37.46045697622741, 8.008785491606485], [37.49160751577954, 8.018194999097162], [37.50249767869122, 8.012955197120295], [37.51480784467212, 8.000805697173258], [37.52253790851173, 7.978206660220193], [37.54008813046163, 7.954997629320308], [37.55832840952251, 7.949477819263156], [37.60364071178052, 7.965995933910979], [37.60239219742166, 8.011800972716657], [37.59261225674429, 8.075141037161982], [37.59294828738659, 8.094261047480101], [37.606572462222644, 8.151521067211888], [37.62469865048417, 8.20116106987438], [37.6224926506235, 8.210151076464756], [37.574322416504614, 8.226031176391988], [37.51807213130146, 8.237481282856393], [37.48898153603358, 8.253479045040752], [37.47283193563884, 8.267201375762115], [37.46489191905063, 8.283531404367142], [37.4633819581842, 8.30704142449544], [37.47219208435509, 8.351811434140096], [37.49937911682377, 8.404718728580741], [37.51301897815116, 8.4180674772784], [37.53574384426249, 8.424689750508], [37.55878975798255, 8.426606971294367], [37.57689001494315, 8.415167425272665], [37.59885023936223, 8.366419487984153], [37.61278043542421, 8.355189940209419], [37.666876401517555, 8.384638500212708], [37.67952159421564, 8.37880871847428], [37.70536189736598, 8.338140422745258], [37.7178620962049, 8.335200517090046], [37.74878265100427, 8.352869652559903], [37.76626777834328, 8.34822047916613], [37.77981312091709, 8.340800091336567], [37.81707370047071, 8.332910327586553], [37.863764473793424, 8.33681002774335], [37.88844492037082, 8.350979333593688], [37.91080534239613, 8.371588363170748], [37.92880565695878, 8.379267972346629], [37.949195959647874, 8.36851838748532], [37.988986580049314, 8.36062861493526], [38.02886231945134, 8.391382146620868], [38.03974749284761, 8.390317160562764], [38.067527900249125, 8.37706765817502], [38.07791808054032, 8.381717426923958], [38.087358267030616, 8.391196982387958], [38.11082303727906, 8.39146791350861], [38.12336889767541, 8.407686148545723], [38.139779172670586, 8.410515973989002], [38.16500518251786, 8.409148606893506], [38.18085478929591, 8.393966580087719], [38.21837043944223, 8.409875766685367], [38.2671412233669, 8.407735712279582], [38.28287145680776, 8.400655972005], [38.29008151630038, 8.381796781685727], [38.31229183627739, 8.371047191443507], [38.30786155442373, 8.300800288389734], [38.322711708879226, 8.273451444614098], [38.33400279086773, 8.259661565278194], [38.34817206039954, 8.255352162264716], [38.376323713563664, 8.267046957566782], [38.383232685560955, 8.274581212313734], [38.422463359815644, 8.290130411572974], [38.431038679291625, 8.29985791969107], [38.45253743661345, 8.386129613632127], [38.46243752252903, 8.400889594998622], [38.469119320124804, 8.436100127147474], [38.47871476058206, 8.448453270541489], [38.502285121978645, 8.44506334737679], [38.527675579620926, 8.458712666907717], [38.576618583667305, 8.445985575895312], [38.59171650518784, 8.427113859499569], [38.605106733806494, 8.432663570716382], [38.61758693057477, 8.432233546872435], [38.640477238286365, 8.413194318557116], [38.65528742314138, 8.39573503800594], [38.66806748364174, 8.35158694999401], [38.66686037076197, 8.32806427506988], [38.65178702311672, 8.286189879790642], [38.662897156188244, 8.271950476146293], [38.70288771182242, 8.24558151044236], [38.716757885127414, 8.232272054370569], [38.7168545141667, 8.220561304463345], [38.693988328913015, 8.204499048355201], [38.68302262995935, 8.191544027785516], [38.679477111775576, 8.172344814358125], [38.685347054852336, 8.12357694271723], [38.68009371380893, 8.09693637152798], [38.6736779958319, 8.090989040127226], [38.63596788992251, 8.13345912831837], [38.604377907400405, 8.224049232665221], [38.601557946739085, 8.250739256674487], [38.59437793248293, 8.26130927338301], [38.56157776954627, 8.267199338002355], [38.55009115678484, 8.263793415750763], [38.54288515878654, 8.247221930838858], [38.54338510499507, 8.226962822099935], [38.56885541795553, 8.19504414978451], [38.58809560903437, 8.15735575159859], [38.58931553504202, 8.128357026401362], [38.58477784292646, 8.109228133725225], [38.594245507859796, 8.092008614925362], [38.62268589141672, 8.06953951340476], [38.613515665896855, 8.044430648114856], [38.62853552311098, 8.034725432189406], [38.62537893166195, 8.027286665396888], [38.61079888614058, 8.01271246687442], [38.613032234998286, 8.007973392472744], [38.59820068654562, 7.991722963343216], [38.58950504226525, 7.962204338167334], [38.587339947544834, 7.939398645417023], [38.56743451983095, 7.906506857662079], [38.56391920548391, 7.886339670387954], [38.55031693865599, 7.872019161842742], [38.513738944708884, 7.85005718417838], [38.5042933002101, 7.832100315378201], [38.500793187827185, 7.812371190971501], [38.493273185908855, 7.796544863257882], [38.44567661173855, 7.760688701050626], [38.43948194675699, 7.720025425861578], [38.42664912091187, 7.697921229020185], [38.41326164192923, 7.682715196035979], [38.41171134693267, 7.663397990354952], [38.4190514063718, 7.643648837808426], [38.421091386574524, 7.625509625342569], [38.40165250705209, 7.596472595407072], [38.40187095158092, 7.579871682680547], [38.41974304787047, 7.57062966485617], [38.42649127726644, 7.555042705336949], [38.430371285134584, 7.535073571309225], [38.427576962313694, 7.515897783278756], [38.41468556118536, 7.505349161502621], [38.392555447141774, 7.503099206119403], [38.34205514925881, 7.479759275211105], [38.32807090940345, 7.462863149772746], [38.32602370621628, 7.435077268057081], [38.319737688314746, 7.415353047996069], [38.309694846638436, 7.402679266668789], [38.28026765044719, 7.381788121623754], [38.27800216390614, 7.362373873949656], [38.28235219775259, 7.339875854384687], [38.27649880345918, 7.320135841405113], [38.26603446083181, 7.307919261418281], [38.23445426671773, 7.289129300351998], [38.199414045247416, 7.262749340895057], [38.181903945833156, 7.259099364898034], [38.14479372055264, 7.233409406647796], [38.105153480440684, 7.212079445743087], [38.08778546372247, 7.196148967124804], [38.07883475856677, 7.181469991175423], [38.067284337377984, 7.088924061822521], [38.06224843784272, 7.073429504064306], [38.064974189281344, 7.044606006843861], [38.074184298944374, 7.03082658061073], [38.088694517998654, 7.024166834942248], [38.102734703205826, 7.011997329440485], [38.11793487358576, 6.982138597904324], [38.13011868229376, 6.975054934873784], [38.147405328041174, 6.978688675769539], [38.17089576270876, 7.002097594804233], [38.19461616302719, 7.013567031564166], [38.238743840337285, 7.021275498416494], [38.25525438685055, 7.061114943624172], [38.29000791320653, 7.108322645351143], [38.306083871699244, 7.122824396870477], [38.31425443504516, 7.148319041373987], [38.32272028193325, 7.162950498992407], [38.343018902033634, 7.165660002163857], [38.35773908574615, 7.14706077646924], [38.378899376971546, 7.130971427032112], [38.40145971128853, 7.122681730786943], [38.44337627202501, 7.128023494352071], [38.46085063948738, 7.119401719960083], [38.46474065315656, 7.101042510839302], [38.480850885372185, 7.091612883120395], [38.50593126766283, 7.089052932212168], [38.54694468327768, 7.092090788844146], [38.58447260062582, 7.127501034301907], [38.61232303500849, 7.125391056570945], [38.631173293554816, 7.112061585593908], [38.6470035046483, 7.096756458412967], [38.6377832838229, 7.067313534136265], [38.66883375050374, 7.061073730415967], [38.68170391998058, 7.049574199792981], [38.685283841359386, 7.035170205265895], [38.67890859938626, 7.030016490643056], [38.67521373492867, 7.017695616674602], [38.67824568773771, 7.006576027657052], [38.69021477832448, 7.002088951965324], [38.69849313739137, 7.015050583991622], [38.711334288287226, 7.014205673621714], [38.71521429307624, 6.992636605971124], [38.7120015238978, 6.974981144132105], [38.701364491498126, 6.969869541248319], [38.695603902693826, 6.95871814729411], [38.70546398003269, 6.931859301101841], [38.70059383563964, 6.904570509665235], [38.71491813937909, 6.861811508599009], [38.64068517076506, 6.813925374056437], [38.63722258287581, 6.800945215854664], [38.636502499132234, 6.77295644492628], [38.64432260850118, 6.769966556256345], [38.65904284076853, 6.770866479358414], [38.672833040507776, 6.763516761256836], [38.67925310855598, 6.750207327741703], [38.70638351392625, 6.743287567275957], [38.72177371637931, 6.731348048863601], [38.72819377247974, 6.713218830557145], [38.74312397909455, 6.702189272128959], [38.755074155256914, 6.698279415731504], [38.81876516061302, 6.704858960827456], [38.83437537418913, 6.692909451511115], [38.83858686233583, 6.676166170364324], [38.85595564637784, 6.669950403539399], [38.90260636057442, 6.666910416819413], [38.935262874097845, 6.656863422421385], [38.950262043788385, 6.645056253944348], [38.94251684113794, 6.611592740185302], [38.96047859862684, 6.602136194851664], [39.0330382360298, 6.613062444871342], [39.06014864855358, 6.610042504706053], [39.065365738671105, 6.600073645888095], [39.053760505870486, 6.585305791289442], [39.049288386288445, 6.571084248180265], [39.05340841608162, 6.558244798124115], [39.07062867032137, 6.55455491968662], [39.08705890018453, 6.546430234531509], [39.097458997290865, 6.522876239341113], [39.09623885786862, 6.473358415869839], [39.108368957455, 6.438959893709031], [39.12822902976381, 6.345633944327441], [39.12658894965236, 6.323174934211868], [39.12038754636829, 6.300277796939815], [39.09169132006251, 6.272088708675833], [39.086808170347624, 6.253298094393191], [39.11404840571435, 6.177851332460151], [39.131258642654785, 6.167291754687072], [39.13270136601689, 6.160082173952507], [39.08055652293896, 6.154296781358751], [39.03532628613413, 6.138736834547307], [38.988966083790075, 6.148396923872651], [38.96143597430442, 6.160566974750305], [38.92175589218619, 6.229847121912581], [38.898575830097386, 6.25989718703828], [38.88641581770762, 6.28605723719143], [38.87494578367608, 6.302117274773891], [38.832860516888054, 6.34449642795366], [38.81296558248046, 6.357197430146464], [38.772325454196434, 6.401037541872866], [38.758790408040774, 6.410342577778093], [38.73948531360211, 6.410227604616906], [38.70799513788896, 6.393727640400801], [38.69145507896728, 6.407497680330499], [38.67284499648283, 6.410257713628449], [38.66228495580818, 6.420357741002915], [38.64584721067866, 6.424452151030781], [38.62757478824512, 6.41830779593882], [38.607147502994245, 6.424109419952051], [38.584144608712954, 6.43828788423254], [38.56737453516892, 6.441727914540863], [38.50462422853071, 6.437618006686825], [38.47611407675819, 6.431648043099043], [38.441863872590176, 6.406638069466637], [38.428471675498166, 6.387221872937926], [38.42457734422207, 6.36683308399324], [38.42260111605075, 6.349506731299067], [38.428288111026276, 6.30147755142783], [38.42621805355819, 6.291377996993592], [38.433808118178064, 6.266819052618249], [38.43979809790627, 6.218171154901796], [38.43550890880278, 6.200059333994838], [38.395043311264835, 6.183067862251435], [38.37779860533538, 6.165813386905956], [38.366107779692136, 6.144098684057928], [38.36333668667144, 6.121495537770402], [38.35232990293184, 6.097533580820498], [38.32069275894126, 6.048727798716756], [38.31470380407557, 6.029142436743716], [38.2800625071021, 6.007597801581264], [38.272532450047144, 5.987892031629303], [38.28308246816694, 5.972017746607746], [38.305366461469454, 5.981293849305588], [38.319772414369766, 5.976376350869032], [38.32835266738172, 5.956687659846327], [38.33907664512063, 5.956898952496369], [38.37563357785711, 5.944359696562634], [38.38925316411256, 5.934318246669077], [38.39691065246815, 5.921370809274131], [38.38170284626246, 5.905317511798634], [38.35896273519691, 5.903457540764191], [38.32615253714341, 5.870137544715582], [38.30457242023973, 5.862767561415325], [38.27125226781166, 5.869847621035081], [38.24005208563059, 5.845697629756598], [38.22420200147202, 5.839937636176153], [38.208811928158376, 5.841517659262589], [38.19921189612206, 5.850777688775148], [38.20052013718114, 5.866124163815185], [38.21563203362441, 5.89456773057455], [38.21261205555214, 5.917987767137038], [38.204552041044074, 5.936337801355265], [38.181791936363226, 5.942967846287281], [38.170971911060086, 5.958337879412274], [38.15116186812337, 6.001717967426588], [38.139651826112356, 6.011577998880293], [38.122411756115405, 6.01798803368557], [38.11731177325826, 6.05150808569485], [38.10580173893497, 6.067338127023115], [38.099411739150206, 6.088383160772402], [38.08068168989011, 6.118288230078445], [38.08754688946765, 6.162342211355033], [38.103120416181945, 6.181744062507645], [38.12588305974769, 6.156424544776741], [38.142203312140246, 6.155754544419723], [38.171853805950434, 6.16818393568733], [38.18821759034832, 6.183505694518114], [38.19874239333006, 6.207728185900751], [38.1941323974487, 6.227468210519917], [38.179872344143824, 6.239628250278261], [38.17273233746085, 6.256618281065045], [38.189242491917, 6.305538317961122], [38.19839897150409, 6.32028646150071], [38.21471484488088, 6.33145673273816], [38.23218511515588, 6.332386656132351], [38.24942539602561, 6.337561393429807], [38.27333580116954, 6.349165827852229], [38.28905366240756, 6.361121651287919], [38.29405310491864, 6.373318250703736], [38.29358313304467, 6.397198277484914], [38.2974032701451, 6.416975013091816], [38.28368315108803, 6.438748345891459], [38.26090306025187, 6.453428395398154], [38.246413012194914, 6.469498437274853], [38.22227288176807, 6.46236846801939], [38.216322146251656, 6.464738576942663], [38.171442615727784, 6.451098529377327], [38.156042524126505, 6.440528541794951], [38.1443114816973, 6.459462726242366], [38.15050413349276, 6.49785665954003], [38.14010058835268, 6.507269383950523], [38.11533020074873, 6.500829146350934], [38.091550676072586, 6.527333387222964], [38.052413490264435, 6.536003045688918], [38.03433115335766, 6.562754981326647], [38.01674420467728, 6.576874070275532], [37.99767101240053, 6.576874098207003], [37.98422171803528, 6.558202590647543], [37.96958235098542, 6.550217539163652], [37.95347906072213, 6.550882985524237], [37.93351631326039, 6.558468834843603], [37.91927623741159, 6.575636762214784], [37.91342736079703, 6.591928445986438], [37.893590853585955, 6.597329582184384], [37.87229722506691, 6.583488819586344], [37.8432911192853, 6.542949121734401], [37.815407785017676, 6.511838714111169], [37.80858774490691, 6.501922975044982], [37.800738658098496, 6.479451239637374], [37.79709853236936, 6.450732495150771], [37.79826850781869, 6.430513374208139], [37.82040878238746, 6.394704877616092], [37.84089907163228, 6.380025464155292], [37.85296909922622, 6.306068647705906], [37.84107878614224, 6.24954112775224], [37.82637983624028, 6.222024089032984], [37.79134524139285, 6.173759093756086], [37.77890759392607, 6.150895535995896], [37.776548379501136, 6.114877611833215], [37.790587566918006, 6.050749852182555], [37.78398738172207, 6.011911543981539], [37.79229747997629, 5.997222164864032], [37.8045480838482, 5.994491623034663], [37.8279080668561, 6.01130148466375], [37.843778323899535, 6.012251403976103], [37.86634862742578, 5.987942409044662], [37.881298858315645, 5.986352447958515], [37.89579906383804, 5.975812872927783], [37.90478917255135, 5.961823459691368], [37.953509945414694, 5.964663239656252], [37.96939018249209, 5.957333523579249], [37.97840025954687, 5.929094725206764], [37.98329025497007, 5.88914644740043], [38.00795056047527, 5.850598068194715], [38.0130905469783, 5.805600004599357], [38.02069063847163, 5.791370599597514], [38.04003090612289, 5.773721330216897], [38.05497112339757, 5.765481656879917], [38.07289533322623, 5.763891903635424], [38.08970162170302, 5.746942385489004], [38.087901550965235, 5.722593440931671], [38.07598139278787, 5.690279926560061], [38.0416309084955, 5.674987630625147], [38.00883071588949, 5.651497639615701], [37.97828057193538, 5.650747672061747], [37.94433456898773, 5.640808234078446], [37.93098889065076, 5.618018278529882], [37.94194271351907, 5.586454249416298], [37.948629013912765, 5.539041655600141], [37.94762887388714, 5.475644393588986], [37.93603859161913, 5.424396631038996], [37.920087580271435, 5.397343057599524], [37.90202565194745, 5.374615609591761], [37.897187853144445, 5.351249856683741], [37.905587899809966, 5.305331819796185], [37.90163243500258, 5.246233385515032], [37.88589826276442, 5.235690280250879], [37.8534694656233, 5.236027124397584], [37.8279393570472, 5.251117184861107], [37.81088929847957, 5.269677237368097], [37.773639139963535, 5.284727309182943], [37.74793900499313, 5.277987322278278], [37.72974893856358, 5.293557371139974], [37.70168881405149, 5.307257429214165], [37.675038689964936, 5.309017461791952], [37.647513591338, 5.300662053614261], [37.63054194555243, 5.267387461533753], [37.58063621843205, 5.249056897531962], [37.57865959975083, 5.243768862042545], [37.51866783389336, 5.221857479111746], [37.49207768086338, 5.204297478140006], [37.46638754759612, 5.194557484918255], [37.41801727983862, 5.167937486458698], [37.36797702363848, 5.156487518198096], [37.341536904465364, 5.160987556926886], [37.31804679946283, 5.174917608834722], [37.29315670128054, 5.195747673824031], [37.238906438022155, 5.200817741885641], [37.217706346566125, 5.214067790677849], [37.197956247248584, 5.211697807199406], [37.182626160435824, 5.195307795447316], [37.11302580768656, 5.1876578506516], [37.0829156569955, 5.187767881765466], [37.00410424835128, 5.200467422893572], [36.983892641945914, 5.193797411111479], [36.94975856972249, 5.196071526626284], [36.92201909964308, 5.146520059720739], [36.89376154480843, 5.111180341156414], [36.88297606959675, 5.076379351389599], [36.861498649764236, 4.980171580145104], [36.86558830437682, 4.945605756156305], [36.86163912684516, 4.936473290251286], [36.864265182550945, 4.794460229927425], [36.85552873234335, 4.73748546738585], [36.82926863682614, 4.710603084655703], [36.6471937265859, 4.712185470000207], [36.68162643948416, 4.605738392867344], [36.658317005752316, 4.581813591172952], [36.71336777691391, 4.440700662458819], [36.839585793921025, 4.445404131843216], [36.867266507690594, 4.433245140953264], [36.8963172684723, 4.426350682727227], [36.950528675211395, 4.405670713378553], [36.95693882899568, 4.398143021866839], [36.97052918734923, 4.395953184375231], [36.99783988457846, 4.380366988942258], [37.040186265396194, 4.363183155116769], [37.05925772809953, 4.344495174173421], [37.085576362198594, 4.32695133932826], [37.10502923966709, 4.300254239318986], [37.12448213714908, 4.284235963800839], [37.16224367841594, 4.271650133245088], [37.24888123936719, 4.218993065954319], [37.51051282230886, 4.04812464951292], [37.55452391958915, 4.01375037554887], [37.63180085925882, 3.963959570754182], [37.63793100553614, 3.954600378574757], [37.901012575125286, 3.779200189920335], [37.96696422509301, 3.739973495795392], [38.00335014638057, 3.723744842603772], [38.00607520384517, 3.716775448049956], [38.013798728563195, 3.710149344551461], [38.01467040389084, 3.703699069845904], [38.04567615485725, 3.671064359919498], [38.09762244024462, 3.632922596336852], [38.12109801334636, 3.610024555871357], [38.12698816194179, 3.608367188960321], [38.1892747953905, 3.61948360530874], [38.43801684577434, 3.602783977869524], [38.449575886984704, 3.627978922962758], [38.477012231191274, 3.612428708600969], [38.5181783189171, 3.627847286998726], [38.51442159642935, 3.64849882154964], [38.533578768026956, 3.654229949826706], [38.55284421094022, 3.62499747718703], [38.554029221912124, 3.614083425287438], [38.57326470168844, 3.604894197837186], [38.59697531562742, 3.606004052466583], [38.61056734148396, 3.612653449656015], [38.611205678584646, 3.60535408715891], [38.65601681459417, 3.595529863002263], [38.663247000895744, 3.596404773141525], [38.671387237777374, 3.610748505023818], [38.671202251361784, 3.62130258164091], [38.67869577932283, 3.623072412754292], [38.68437258426148, 3.618827772087953], [38.71323323801019, 3.570626937605368], [38.90848313695394, 3.511191788152185], [38.94770914421986, 3.514401433170608], [38.96354957869181, 3.529770058204086], [38.98406009162298, 3.521850717652859], [39.002510562696685, 3.522460628263911], [39.01612089343782, 3.51432131887827], [39.02505613879457, 3.523465500209032], [39.03223132873448, 3.526050262585956], [39.04765171443992, 3.52307049404109], [39.06653720922365, 3.529444903943993], [39.08167261232854, 3.540158933383991], [39.0937029082395, 3.53550932278804], [39.22133628727457, 3.604003073355376], [39.285537957131105, 3.624601140738583], [39.400461207828954, 3.797165750311846], [39.483693620493774, 3.943492692674212], [39.50052409432933, 3.967220568514403], [39.47912371340624, 4.041814036203153], [39.529635265745966, 4.168212777018532], [39.54053570113492, 4.236636711080562], [39.5678164542735, 4.266054054582554], [39.58662700834821, 4.298001186389768], [39.619668006074825, 4.369924752237743], [39.656439176764216, 4.470335791222174], [39.7041206233459, 4.569606888693319], [39.71786109187047, 4.617112646033398], [39.74675194984052, 4.668008062246693], [39.74441203800114, 4.724903029078841], [39.765922899684696, 4.848262035793732], [39.78484349177516, 4.891998103527546], [39.80530417448924, 4.952882649558718], [39.81371452380358, 5.003468138005224], [39.834445135594144, 5.034165353706515], [39.879256565872794, 5.141705671794253], [39.90815751958429, 5.220988545549888], [39.94314859875238, 5.286362630897102], [40.034541236810085, 5.398152413599465], [40.06426193523419, 5.379913951822772], [40.09881276262423, 5.366245060621956], [40.17529465804462, 5.354745862380232], [40.20921551680787, 5.356915563778228], [40.24149636583032, 5.367444530476063], [40.277537279734084, 5.369534235227653], [40.37036966046039, 5.387772323932602], [40.5337638305418, 5.412009660427541], [40.549854283407655, 5.429038090285374], [40.56437472445698, 5.45526570193467], [40.58191523188469, 5.477303672652361], [40.60625588872061, 5.491642320695459], [40.63392670144255, 5.531418674932525], [40.68045789682827, 5.541987578489481], [40.695248348826496, 5.56851516345781], [40.7537599003576, 5.595742533069513], [40.81236149246692, 5.636248714863437], [40.83308207431696, 5.657236773786486], [40.865882929711056, 5.670355485536639], [40.92317440350773, 5.684714012142493], [40.87567364003416, 5.809223010163168], [40.87928434657465, 5.988826902210902], [40.867554366986106, 6.077938945926785], [40.87039449865893, 6.095797337039123], [40.8673077745407, 6.134948902863937], [40.86875466099721, 6.152582251021983], [40.878855043811996, 6.188958951992525], [40.882500342511186, 6.245628849329997], [40.8805753769179, 6.267791868421461], [40.865385189273276, 6.32153710320866], [40.86282522144958, 6.346994833417406], [40.86531530682981, 6.353554233421579], [40.85762524164592, 6.387181243090305], [40.86123552008827, 6.437466720601321], [40.886496289311246, 6.473383395332606], [40.90093680003175, 6.51289979608181], [40.99084940538001, 6.605491138469741], [41.016420198652945, 6.645807410069565], [41.07209176034656, 6.689143301738793], [41.07296180374439, 6.695572719836798], [41.1319132623194, 6.69250275860905], [41.15717383543985, 6.67813395634369], [41.17521421487851, 6.660175495888921], [41.22935542170121, 6.624258511018847], [41.3592784162757, 6.566783172515035], [41.380928953844744, 6.566783087315391], [41.43868029846029, 6.545224802193779], [41.5289022103579, 6.466201569154501], [41.62058406063491, 6.362990516377073], [41.634244509999164, 6.392657786933864], [41.657025140437696, 6.410446098586775], [41.691226056506274, 6.430684131673147], [41.739827610498885, 6.521165778775083], [41.75877815893906, 6.541793834143479], [41.79966922973899, 6.558722140188118], [41.82055979125111, 6.571730883123914], [41.85456633440153, 6.5701637438278], [41.861630656588765, 6.536598893484935], [41.88888131869405, 6.536603778355502], [41.93731257655798, 6.554431969782238], [42.00044426549775, 6.59109839568145], [42.00494440896708, 6.598877674163667], [42.00738453496258, 6.615636154352659], [42.0012844464658, 6.62989488397734], [42.000084472949645, 6.642863716682118], [42.01436489059358, 6.659852118512308], [42.01554501061939, 6.681690144372998], [42.02639538136027, 6.70765774734486], [42.05643629543628, 6.749993792719599], [42.06378612490152, 6.827154304998165], [42.076427270536804, 6.86521327346768], [42.07713738960299, 6.887961215568355], [42.09963806431659, 6.916958492590108], [42.10695830019063, 6.931437152522967], [42.13506909517446, 6.955384857077351], [42.16355002250751, 7.008329938372155], [42.15852008929221, 7.052535957947178], [42.187871011367456, 7.097601744446783], [42.20561164080819, 7.142237617587322], [42.204365854921534, 7.195830766637411], [42.21075215521521, 7.228099810846014], [42.210762323505364, 7.265196450735627], [42.20001923367103, 7.292629274357421], [41.89702531229749, 7.412384559665798], [41.86800515640204, 7.533943707507022], [41.905706578122015, 7.637084198285839], [41.943397945907584, 7.728615741687154], [41.95804853041212, 7.775931391179522], [41.91330776428169, 7.845535312379242], [41.92724928087084, 8.081683889817025], [41.94931043935501, 8.20200289759844], [42.02796149380637, 8.324121937778145], [42.02691354032258, 8.42692215752643], [42.0706349883981, 8.495055764498975], [42.21652924777685, 8.612274373353081], [42.23358979791357, 8.63610212016294], [42.24057999779639, 8.640951643352896], [42.26399055630668, 8.637021876739668], [42.323951495682735, 8.537850528717902], [42.50347566951991, 8.493163610007091], [42.52105602977521, 8.479794727687743], [42.530686138240576, 8.455916844589549], [42.56794597102068, 8.256714726625084], [42.57901610232085, 8.22963712765824], [42.61689665774716, 8.160713187798557], [42.63154691581765, 8.141544851219225], [42.652327362622216, 8.13078571832101], [42.66227761229557, 8.131395611985303], [42.679438118805365, 8.148433972852711], [42.70251885149933, 8.180720920082386], [42.73580027842027, 8.295470309054448], [42.76909146200312, 8.36426387710556], [42.78030179279444, 8.374352899866665], [42.79911222949521, 8.371163084475306], [42.88533448571916, 8.399600025066084], [42.899774894953076, 8.410188984212619], [42.89795511572622, 8.458834564410134], [42.91175568349385, 8.499860759900576], [42.9132958495978, 8.523178626890823], [42.90624601701756, 8.583293198452823], [42.89971597910748, 8.603741378477084], [42.860805221056836, 8.637368537614226], [42.83934485324872, 8.66545610473972], [42.83291487262544, 8.696293333048835], [42.844845527219505, 8.758977571660097], [42.866286318848324, 8.805403228162332], [42.86625643464446, 8.826161340966534], [42.85047616667703, 8.845339689028409], [42.806085229852286, 8.871077603086476], [42.73156385860399, 8.949060954773696], [42.70399337182064, 8.981948128205273], [42.6810530056123, 9.016055169007606], [42.663212768126186, 9.04999218901715], [42.64527246851213, 9.074010116571184], [42.60026726952906, 9.107200228586168], [42.636032659723654, 9.144993736937222], [42.63562273911636, 9.159542420637193], [42.615222324265496, 9.174981135445513], [42.59640198143292, 9.194609467147403], [42.58451181620017, 9.21639756804283], [42.58053184689281, 9.238515586842388], [42.57191175673573, 9.259193759213643], [42.552281440539716, 9.287581309108594], [42.54787144565477, 9.306239639827494], [42.55721177550632, 9.322058155002749], [42.552501801985194, 9.346245993596156], [42.538374434477966, 9.373984087662995], [42.58578595190858, 9.410177233395633], [42.60446169720048, 9.417646538827015], [42.64181328545492, 9.448457661697494], [42.66702554852672, 9.459661635157964], [42.682899961537764, 9.470865665657081], [42.715582463326704, 9.475533851633973], [42.729589289529414, 9.483936860733811], [42.73705964495773, 9.4960746189965], [42.77721250105969, 9.512880560942303], [42.78841798971712, 9.52408461834808], [42.81456427829822, 9.573569347314486], [42.84164410461013, 9.583839627644442], [42.864988750231134, 9.587574190557692], [42.88086308171804, 9.585706737452561], [42.90981027599062, 9.564231982385019], [42.92194949047742, 9.566099260592539], [42.9443604687739, 9.588507371623324], [42.96957268828774, 9.593175598554982], [42.980778201228134, 9.608114361975417], [42.97891076915643, 9.629588946954467], [42.964904170196874, 9.656665671123237], [42.951831290793834, 9.673471942355835], [42.93595699556896, 9.68094145998006], [42.90887704302859, 9.651063962181949], [42.89860541027046, 9.651064026438025], [42.85471759714508, 9.66320210520537], [42.823902772841464, 9.675340102318764], [42.73145835937687, 9.722024545628445], [42.69504104825686, 9.769642316498064], [42.68196809274057, 9.775244462904269], [42.6647194147766, 9.777515212842074], [42.64835183696049, 9.776178351292334], [42.61940439217626, 9.759372340691868], [42.568979861749746, 9.737898076442454], [42.4998796623555, 9.722025990097446], [42.449455270150224, 9.722959980089856], [42.37749078915115, 9.714812093998981], [42.347108997186034, 9.722333218825609], [42.34069066227628, 9.720589698057674], [42.31905819822088, 9.706634811150051], [42.272766794489776, 9.66792859116648], [42.259551370504056, 9.652560058670256], [42.24168595099385, 9.657619708908719], [42.22143543886763, 9.657139879777352], [42.20144492152036, 9.65412026972089], [42.18129436250243, 9.645321186201791], [42.143163256140745, 9.621273588241502], [42.12577278552514, 9.615504207936999], [42.1343228011066, 9.583477052252876], [42.14704305285836, 9.571618040727536], [42.15351312312493, 9.557359295461573], [42.1398126462546, 9.535681328143871], [42.11059175087248, 9.508953913927614], [42.09717138002237, 9.50230459224441], [42.081970914589334, 9.489155870239097], [42.07568267213702, 9.474711215279484], [42.068525495861046, 9.475802156009905], [42.05305020775818, 9.49294570457358], [42.03262976810592, 9.505394697443263], [42.02000947847188, 9.509164433263283], [41.98343355756854, 9.50948462234594], [41.93965727711909, 9.48053749123008], [41.914286593140694, 9.473458274250659], [41.86061533308761, 9.489007189918121], [41.839584740132096, 9.47890822304946], [41.81610414074754, 9.477738463243083], [41.793453639493094, 9.490507442194156], [41.773903157609354, 9.49204742232043], [41.755432646338065, 9.485568111970958], [41.73552206435097, 9.472479406105137], [41.72285172428809, 9.468529835108352], [41.70318121818447, 9.467650025335105], [41.67110042460434, 9.471629855564354], [41.65506008201658, 9.482228995230251], [41.643499986364176, 9.516136010160011], [41.56505794621314, 9.507937195877822], [41.54150729978812, 9.500577996614627], [41.49186578928261, 9.458422065407639], [41.4335144102298, 9.476850744441627], [41.393983455207774, 9.486750083492161], [41.337392060345294, 9.49562960505048], [41.30959139511551, 9.504069007904807], [41.240209591004955, 9.499789782781406], [41.22077904193688, 9.491710619056812], [41.19569824068325, 9.463293308745335], [41.1463367593875, 9.425626961357509], [41.08443504861499, 9.405419119335054], [41.05737428321824, 9.392070463356564], [41.01496300030826, 9.3582137337177], [40.971601849604106, 9.352514483087116], [40.954441320223644, 9.336585999612153], [40.92786056771187, 9.32413726530524], [40.844988328573535, 9.30580935546364], [40.82563783163675, 9.306369410533119], [40.813447548228645, 9.311938972356929], [40.793507337996544, 9.368404024209802], [40.78970734987508, 9.387902302109712], [40.79852762281652, 9.39656148271929], [40.82894839437914, 9.394101534999733], [40.85910913453714, 9.386372062895711], [40.892100011361215, 9.390541509918114], [40.92840103134459, 9.406139909805193], [40.918410871135855, 9.422838472143715], [40.890880306023554, 9.449646224432293], [40.863069666529675, 9.464015092980203], [40.84324915906061, 9.464585150250713], [40.81664840674768, 9.453736262269269], [40.78410753584723, 9.44888687378218], [40.720415862674464, 9.444877580607265], [40.6994453439433, 9.44864735839683], [40.67642457424816, 9.418520178287762], [40.660434090225905, 9.405311447117839], [40.63685343138974, 9.396952323581399], [40.60684262504526, 9.39205292252286], [40.529290575080736, 9.386463837831435], [40.49969975168522, 9.376054922701282], [40.4718989163577, 9.355766880144387], [40.408996883572215, 9.282203784723583], [40.32789410037986, 9.155685506012059], [40.246371560992834, 9.075903043032437], [40.24690136929339, 9.036446566970632], [40.23868095806233, 8.998380007220439], [40.170759020004596, 8.965543280367086], [40.15311840009462, 8.933006271412033], [40.095364539302395, 8.863218784502912], [40.06782073057799, 8.845024542853018], [40.052055301916845, 8.84168491980281], [40.02508461899552, 8.846104654355635], [40.01127431155592, 8.857143739573809], [40.01178439645888, 8.871832423690854], [40.020134705827026, 8.890180751253274], [40.03748524967327, 8.907579111099524], [40.04474562013376, 8.94336588710392], [40.05196590465271, 8.962404148893242], [40.04832588892965, 8.97893269260301], [40.035685641885756, 8.995491281817474], [40.02279533978017, 9.003320649239573], [40.00042478236546, 9.008200321406683], [39.948493398891564, 9.004640896313862], [39.95273364080803, 9.031028524888933], [39.94332348927607, 9.048726996369957], [39.92926314687546, 9.05518648605149], [39.91961296505711, 9.069445265589403], [39.909883032768725, 9.132829668845519], [39.8992827896781, 9.139969081513957], [39.87852227224993, 9.14575867294052], [39.84987148415355, 9.139159403274528]], [[38.81338678067379, 8.841073765080388], [38.79842314702039, 8.834544389375033], [38.78143372336138, 8.83697848642849], [38.77830410891654, 8.853482431873724], [38.77383049108097, 8.858524435925826], [38.757303358310864, 8.854298056607622], [38.75495541882068, 8.85965028429121], [38.74635574386022, 8.864480254563214], [38.748132861831444, 8.878214367183858], [38.74399749685165, 8.881467526148525], [38.74442756768303, 8.90363870326805], [38.73735430548782, 8.902343826299417], [38.71997998003338, 8.920767245765276], [38.70926534515755, 8.921966605286341], [38.70280348362868, 8.926679513556168], [38.694681742054684, 8.942947448415582], [38.68147922505078, 8.942139809377872], [38.68179819025657, 8.950713813654625], [38.677063980572456, 8.958653300039382], [38.64365461644077, 8.966901207779793], [38.64024143946275, 8.975082907417322], [38.655481073360086, 8.977983432180483], [38.66022298848534, 8.986448513704426], [38.6586283743563, 8.99586364415119], [38.651887973050485, 9.003537807534196], [38.65277845045783, 9.011328291620767], [38.66787310803295, 9.01107162350987], [38.6680597711008, 9.027274890243438], [38.67343471293575, 9.039713948981857], [38.68437829936514, 9.05107799273847], [38.686245300391924, 9.074065380285933], [38.71748075573636, 9.088787084151505], [38.73885858512232, 9.087899454168012], [38.77208608430874, 9.099230545932757], [38.792151432940706, 9.078719116372236], [38.80596556009191, 9.08336635072983], [38.825576601748566, 9.076926370760564], [38.8503684735082, 9.079206369993877], [38.85759273040975, 9.084559453014263], [38.869061244275855, 9.08594524804215], [38.87716232790306, 9.082621183833899], [38.8827987579038, 9.069596900997826], [38.883785375549735, 9.053145022276357], [38.90200147942797, 9.020626648872113], [38.90584293777257, 9.010543184355138], [38.907085648112, 8.978464860684436], [38.9036265129207, 8.96345923185526], [38.8970764559519, 8.955885646522562], [38.90194069117594, 8.947190032161291], [38.897600870046645, 8.93807669305841], [38.892265051658434, 8.935382079384672], [38.8622592890054, 8.943726477872387], [38.8563959760935, 8.939342586865086], [38.88028830523611, 8.919365672780966], [38.87415039865872, 8.906147602690927], [38.87833274856181, 8.896840678298226], [38.869557965855755, 8.87409113995835], [38.86464976018117, 8.883905249853141], [38.84152821062248, 8.880906555448624], [38.83382384102947, 8.88396669317517], [38.82684137936187, 8.881242193381725], [38.83024972952245, 8.86983809151424], [38.824747524516035, 8.853815667457576], [38.82523283116808, 8.842390619214164], [38.81338678067379, 8.841073765080388]], [[36.24870438896604, 8.974582910146133], [36.22291664757122, 8.951248601762902], [36.175074123389216, 8.980474995025489], [36.17977205902676, 8.98736863130166], [36.22182109085305, 8.989588468425033], [36.24870438896604, 8.974582910146133]], [[42.25382345179701, 9.190721821166028], [42.23463294527673, 9.186932276602063], [42.19837224463021, 9.220889416632088], [42.14947094200533, 9.207280930446952], [42.128260529208085, 9.22756922250916], [42.11332017878531, 9.231758928403242], [42.07459914709435, 9.22198002931699], [42.06224287434602, 9.227475605285152], [42.06141908378651, 9.266886057262532], [42.07137955273831, 9.304952563197709], [42.11514105747765, 9.37351611336835], [42.13006153119273, 9.38967457135483], [42.14753195737899, 9.388514570122652], [42.1694923657982, 9.363836674124457], [42.18835282910506, 9.362686662438628], [42.238994237682775, 9.385944267710341], [42.25391459952841, 9.384804276408532], [42.27122809043997, 9.362668401070184], [42.259434444037595, 9.33541871156515], [42.26588452441667, 9.322329857824016], [42.26696448889568, 9.31078089338507], [42.25122395224011, 9.286543174498133], [42.25026383671065, 9.271044579039664], [42.269634078329695, 9.230618126691681], [42.272954076486535, 9.21668436466668], [42.26563379171935, 9.198906015983383], [42.25382345179701, 9.190721821166028]]]}}, {"type": "Feature", "properties": {"name": "Somali", "country": "ETH"}, "geometry": {"type": "Polygon", "coordinates": [[[40.694442750007624, 9.445383634504664], [40.6994453439433, 9.44864735839683], [40.720415862674464, 9.444877580607265], [40.78410753584723, 9.44888687378218], [40.81664840674768, 9.453736262269269], [40.84324915906061, 9.464585150250713], [40.863069666529675, 9.464015092980203], [40.890880306023554, 9.449646224432293], [40.918410871135855, 9.422838472143715], [40.92840103134459, 9.406139909805193], [40.892100011361215, 9.390541509918114], [40.85910913453714, 9.386372062895711], [40.82894839437914, 9.394101534999733], [40.79852762281652, 9.39656148271929], [40.78970734987508, 9.387902302109712], [40.793507337996544, 9.368404024209802], [40.813447548228645, 9.311938972356929], [40.82563783163675, 9.306369410533119], [40.844988328573535, 9.30580935546364], [40.92786056771187, 9.32413726530524], [40.954441320223644, 9.336585999612153], [40.971601849604106, 9.352514483087116], [41.01496300030826, 9.3582137337177], [41.05737428321824, 9.392070463356564], [41.08443504861499, 9.405419119335054], [41.1463367593875, 9.425626961357509], [41.19569824068325, 9.463293308745335], [41.22077904193688, 9.491710619056812], [41.240209591004955, 9.499789782781406], [41.30959139511551, 9.504069007904807], [41.337392060345294, 9.49562960505048], [41.393983455207774, 9.486750083492161], [41.4335144102298, 9.476850744441627], [41.49186578928261, 9.458422065407639], [41.54150729978812, 9.500577996614627], [41.56505794621314, 9.507937195877822], [41.643499986364176, 9.516136010160011], [41.65506008201658, 9.482228995230251], [41.67110042460434, 9.471629855564354], [41.70318121818447, 9.467650025335105], [41.72285172428809, 9.468529835108352], [41.73552206435097, 9.472479406105137], [41.728932006765866, 9.490027863947473], [41.74997320141756, 9.601537704849623], [41.749506969722965, 9.637334487250081], [41.77473414896357, 9.654682773879133], [41.809584948073244, 9.641533752179026], [41.854186281822635, 9.674720496590098], [41.87414685004505, 9.684859467162891], [41.907047654713196, 9.680279684379483], [41.997339648074956, 9.63214347747481], [42.00929989462913, 9.623144220804615], [42.01982013095541, 9.618904541871037], [42.03172043507855, 9.61946442035298], [42.18668529290056, 9.774529496725311], [42.21426605073307, 9.784708406204686], [42.25190700116341, 9.784458200175564], [42.29443790770782, 9.758460284882648], [42.34069066227628, 9.720589698057674], [42.347108997186034, 9.722333218825609], [42.37749078915115, 9.714812093998981], [42.449455270150224, 9.722959980089856], [42.4998796623555, 9.722025990097446], [42.568979861749746, 9.737898076442454], [42.61940439217626, 9.759372340691868], [42.64835183696049, 9.776178351292334], [42.68196809274057, 9.775244462904269], [42.69504104825686, 9.769642316498064], [42.73145835937687, 9.722024545628445], [42.823902772841464, 9.675340102318764], [42.85471759714508, 9.66320210520537], [42.89860541027046, 9.651064026438025], [42.90887704302859, 9.651063962181949], [42.93595699556896, 9.68094145998006], [42.951831290793834, 9.673471942355835], [42.964904170196874, 9.656665671123237], [42.97891076915643, 9.629588946954467], [42.980778201228134, 9.608114361975417], [42.96957268828774, 9.593175598554982], [42.9443604687739, 9.588507371623324], [42.92194949047742, 9.566099260592539], [42.90981027599062, 9.564231982385019], [42.88086308171804, 9.585706737452561], [42.864988750231134, 9.587574190557692], [42.84164410461013, 9.583839627644442], [42.81456427829822, 9.573569347314486], [42.78841798971712, 9.52408461834808], [42.77721250105969, 9.512880560942303], [42.73705964495773, 9.4960746189965], [42.729589289529414, 9.483936860733811], [42.715582463326704, 9.475533851633973], [42.682899961537764, 9.470865665657081], [42.66702554852672, 9.459661635157964], [42.64181328545492, 9.448457661697494], [42.60446169720048, 9.417646538827015], [42.58578595190858, 9.410177233395633], [42.538374434477966, 9.373984087662995], [42.552501801985194, 9.346245993596156], [42.55721177550632, 9.322058155002749], [42.54787144565477, 9.306239639827494], [42.552281440539716, 9.287581309108594], [42.57191175673573, 9.259193759213643], [42.58053184689281, 9.238515586842388], [42.58451181620017, 9.21639756804283], [42.59640198143292, 9.194609467147403], [42.615222324265496, 9.174981135445513], [42.63562273911636, 9.159542420637193], [42.636032659723654, 9.144993736937222], [42.60026726952906, 9.107200228586168], [42.64527246851213, 9.074010116571184], [42.663212768126186, 9.04999218901715], [42.6810530056123, 9.016055169007606], [42.70399337182064, 8.981948128205273], [42.73156385860399, 8.949060954773696], [42.806085229852286, 8.871077603086476], [42.85047616667703, 8.845339689028409], [42.86625643464446, 8.826161340966534], [42.866286318848324, 8.805403228162332], [42.844845527219505, 8.758977571660097], [42.83291487262544, 8.696293333048835], [42.83934485324872, 8.66545610473972], [42.860805221056836, 8.637368537614226], [42.89971597910748, 8.603741378477084], [42.90624601701756, 8.583293198452823], [42.9132958495978, 8.523178626890823], [42.91175568349385, 8.499860759900576], [42.89795511572622, 8.458834564410134], [42.899774894953076, 8.410188984212619], [42.88533448571916, 8.399600025066084], [42.79911222949521, 8.371163084475306], [42.78030179279444, 8.374352899866665], [42.76909146200312, 8.36426387710556], [42.73580027842027, 8.295470309054448], [42.70251885149933, 8.180720920082386], [42.679438118805365, 8.148433972852711], [42.66227761229557, 8.131395611985303], [42.652327362622216, 8.13078571832101], [42.63154691581765, 8.141544851219225], [42.61689665774716, 8.160713187798557], [42.57901610232085, 8.22963712765824], [42.56794597102068, 8.256714726625084], [42.530686138240576, 8.455916844589549], [42.52105602977521, 8.479794727687743], [42.50347566951991, 8.493163610007091], [42.323951495682735, 8.537850528717902], [42.26399055630668, 8.637021876739668], [42.24057999779639, 8.640951643352896], [42.23358979791357, 8.63610212016294], [42.21652924777685, 8.612274373353081], [42.0706349883981, 8.495055764498975], [42.02691354032258, 8.42692215752643], [42.02796149380637, 8.324121937778145], [41.94931043935501, 8.20200289759844], [41.92724928087084, 8.081683889817025], [41.91330776428169, 7.845535312379242], [41.95804853041212, 7.775931391179522], [41.943397945907584, 7.728615741687154], [41.905706578122015, 7.637084198285839], [41.86800515640204, 7.533943707507022], [41.89702531229749, 7.412384559665798], [42.20001923367103, 7.292629274357421], [42.210762323505364, 7.265196450735627], [42.21075215521521, 7.228099810846014], [42.204365854921534, 7.195830766637411], [42.20561164080819, 7.142237617587322], [42.187871011367456, 7.097601744446783], [42.15852008929221, 7.052535957947178], [42.16355002250751, 7.008329938372155], [42.13506909517446, 6.955384857077351], [42.10695830019063, 6.931437152522967], [42.09963806431659, 6.916958492590108], [42.07713738960299, 6.887961215568355], [42.076427270536804, 6.86521327346768], [42.06378612490152, 6.827154304998165], [42.05643629543628, 6.749993792719599], [42.02639538136027, 6.70765774734486], [42.01554501061939, 6.681690144372998], [42.01436489059358, 6.659852118512308], [42.000084472949645, 6.642863716682118], [42.0012844464658, 6.62989488397734], [42.00738453496258, 6.615636154352659], [42.00494440896708, 6.598877674163667], [42.00044426549775, 6.59109839568145], [41.93731257655798, 6.554431969782238], [41.88888131869405, 6.536603778355502], [41.861630656588765, 6.536598893484935], [41.85456633440153, 6.5701637438278], [41.82055979125111, 6.571730883123914], [41.79966922973899, 6.558722140188118], [41.75877815893906, 6.541793834143479], [41.739827610498885, 6.521165778775083], [41.691226056506274, 6.430684131673147], [41.657025140437696, 6.410446098586775], [41.634244509999164, 6.392657786933864], [41.62058406063491, 6.362990516377073], [41.5289022103579, 6.466201569154501], [41.43868029846029, 6.545224802193779], [41.380928953844744, 6.566783087315391], [41.3592784162757, 6.566783172515035], [41.22935542170121, 6.624258511018847], [41.17521421487851, 6.660175495888921], [41.15717383543985, 6.67813395634369], [41.1319132623194, 6.69250275860905], [41.07296180374439, 6.695572719836798], [41.07209176034656, 6.689143301738793], [41.016420198652945, 6.645807410069565], [40.99084940538001, 6.605491138469741], [40.90093680003175, 6.51289979608181], [40.886496289311246, 6.473383395332606], [40.86123552008827, 6.437466720601321], [40.85762524164592, 6.387181243090305], [40.86531530682981, 6.353554233421579], [40.86282522144958, 6.346994833417406], [40.865385189273276, 6.32153710320866], [40.8805753769179, 6.267791868421461], [40.882500342511186, 6.245628849329997], [40.878855043811996, 6.188958951992525], [40.86875466099721, 6.152582251021983], [40.8673077745407, 6.134948902863937], [40.87039449865893, 6.095797337039123], [40.867554366986106, 6.077938945926785], [40.87928434657465, 5.988826902210902], [40.87567364003416, 5.809223010163168], [40.92317440350773, 5.684714012142493], [40.865882929711056, 5.670355485536639], [40.83308207431696, 5.657236773786486], [40.81236149246692, 5.636248714863437], [40.7537599003576, 5.595742533069513], [40.695248348826496, 5.56851516345781], [40.68045789682827, 5.541987578489481], [40.63392670144255, 5.531418674932525], [40.60625588872061, 5.491642320695459], [40.58191523188469, 5.477303672652361], [40.56437472445698, 5.45526570193467], [40.549854283407655, 5.429038090285374], [40.5337638305418, 5.412009660427541], [40.37036966046039, 5.387772323932602], [40.277537279734084, 5.369534235227653], [40.24149636583032, 5.367444530476063], [40.20921551680787, 5.356915563778228], [40.17529465804462, 5.354745862380232], [40.09881276262423, 5.366245060621956], [40.06426193523419, 5.379913951822772], [40.034541236810085, 5.398152413599465], [39.94314859875238, 5.286362630897102], [39.90815751958429, 5.220988545549888], [39.879256565872794, 5.141705671794253], [39.834445135594144, 5.034165353706515], [39.81371452380358, 5.003468138005224], [39.80530417448924, 4.952882649558718], [39.78484349177516, 4.891998103527546], [39.765922899684696, 4.848262035793732], [39.74441203800114, 4.724903029078841], [39.74675194984052, 4.668008062246693], [39.71786109187047, 4.617112646033398], [39.7041206233459, 4.569606888693319], [39.656439176764216, 4.470335791222174], [39.619668006074825, 4.369924752237743], [39.58662700834821, 4.298001186389768], [39.5678164542735, 4.266054054582554], [39.54053570113492, 4.236636711080562], [39.529635265745966, 4.168212777018532], [39.47912371340624, 4.041814036203153], [39.50052409432933, 3.967220568514403], [39.483693620493774, 3.943492692674212], [39.400461207828954, 3.797165750311846], [39.285537957131105, 3.624601140738583], [39.22133628727457, 3.604003073355376], [39.0937029082395, 3.53550932278804], [39.107293228285826, 3.520650595596078], [39.13576393968108, 3.512121292665405], [39.201295552164204, 3.48064393302943], [39.280787558825466, 3.474404331934636], [39.329248797308615, 3.479723781651265], [39.33340888332804, 3.467784819397403], [39.40643072672872, 3.466124826138228], [39.42456117276071, 3.458630453546896], [39.46835228014194, 3.458115414833248], [39.48685275404961, 3.461055129040984], [39.4945429420317, 3.45900529025488], [39.49925305802513, 3.455325606435064], [39.51249330771453, 3.411929396309812], [39.51693341120258, 3.405949913529659], [39.52825868905653, 3.400365379220944], [39.544734108886026, 3.403040115112506], [39.55974450663712, 3.413979127153628], [39.582735210665966, 3.479653311163606], [39.7718903377383, 3.669886205991917], [39.86274301622896, 3.865588762410882], [40.018927113486065, 3.948891068531671], [40.10745942580553, 3.991057139907544], [40.19163163106859, 4.037562838370829], [40.231722648794516, 4.047741842650707], [40.373456310541684, 4.103996535545415], [40.38543660211746, 4.102516633065308], [40.40068702090103, 4.117405276937343], [40.440458050482874, 4.135583576202381], [40.64983344144514, 4.222615344827758], [40.67126399221881, 4.230844561539547], [40.68800441159532, 4.23259436535808], [40.7068849094416, 4.244463260113011], [40.72197528377127, 4.246823014842277], [40.77605669879681, 4.278660044504728], [40.79304709839558, 4.271350657012493], [40.80644739267599, 4.255352045737183], [40.88185908298593, 4.186877954184686], [40.937780364525196, 4.149731121592937], [40.98226132563799, 4.093965983787002], [41.008101923481405, 4.079277224466733], [41.04266269826641, 4.051479623126285], [41.057883016281394, 4.027931679490542], [41.10222403289704, 3.999234128374943], [41.11360428693634, 3.988345070654113], [41.14718507971809, 3.97785592571163], [41.17301567608122, 3.963167175912778], [41.192566152149844, 3.961367289588437], [41.21602675948613, 3.976415894363279], [41.3328795622016, 3.960677019559896], [41.379520691330015, 3.958827072628501], [41.43390201536922, 3.961176734787748], [41.473002952085224, 3.957556957911912], [41.49806356875579, 3.962616449018047], [41.556704976965705, 3.957196792150212], [41.5793255353097, 3.962486266719064], [41.67831793757347, 3.968085523916141], [41.698498438571555, 3.973594984733396], [41.72537907515317, 3.971115141251183], [41.75287975217578, 3.975944636964685], [41.76817013356763, 3.981914066684459], [41.79971087691732, 3.976534473779126], [41.84453196261468, 3.982223855318372], [41.85982234329563, 3.98819328399458], [41.90157334657192, 3.986783307483232], [41.9276740088782, 4.004051695022968], [41.93891431584775, 4.020230218826359], [41.98338545980988, 4.050547387948278], [41.995455814061536, 4.07649503080849], [42.01464632865418, 4.09931294018867], [42.07907795175274, 4.132709778384767], [42.11614883753339, 4.134199545135698], [42.15894988732626, 4.144998468514426], [42.204811025797554, 4.162896738126398], [42.30582342816636, 4.16338643024597], [42.34554437873168, 4.167095985788718], [42.39706559007712, 4.164786055973388], [42.43678653854866, 4.168485620403191], [42.51992856020349, 4.190313433809859], [42.54680919107747, 4.187833583739982], [42.575149895236116, 4.202422196257356], [42.597140408415996, 4.200392319616063], [42.6128508112276, 4.211241296806783], [42.639731432927384, 4.208751448690197], [42.65299177468617, 4.219820413524253], [42.692922729687375, 4.225969749764639], [42.71574329054312, 4.233698989530437], [42.731453684349155, 4.244537967983504], [42.7567142992855, 4.25203722184456], [42.777944842666024, 4.269755563054685], [42.80320545705177, 4.277254816556475], [42.81626578986375, 4.285894005919022], [42.829946151453484, 4.301842523039457], [42.8613569482226, 4.323530478920666], [42.87482730259625, 4.337049222861507], [42.890327690532615, 4.345448413119928], [42.91726839181618, 4.372475900205827], [42.94888920264514, 4.396603622207656], [42.95851949814189, 4.422771228922279], [42.97421990093421, 4.433620207432355], [42.99202041472013, 4.468866967868704], [43.00856086621283, 4.48947505173185], [43.013721075955694, 4.520972183162018], [43.02761145304223, 4.539370481823316], [43.03396165413916, 4.555998951620249], [43.068022520386386, 4.579906684789185], [43.110673627304244, 4.617773130311346], [43.15248468407512, 4.645880451536647], [43.16351497945546, 4.659619174740653], [43.271357643736486, 4.71113416218903], [43.28747806845949, 4.72686268535158], [43.30807857718507, 4.737261673503432], [43.32559899640746, 4.740551316094791], [43.354149710125704, 4.757589684289205], [43.357429815136705, 4.76712880685397], [43.38514047698494, 4.774398058690034], [43.398400818717036, 4.785477005848247], [43.42835152546209, 4.790086492459366], [43.456492214960114, 4.802235294115634], [43.51149351349476, 4.811904239600793], [43.55268452811053, 4.832692210140248], [43.569994930202434, 4.833552072525085], [43.5803951950124, 4.839971456180899], [43.7566593812515, 4.885156753238116], [43.78884012747546, 4.887096472725351], [43.80720058723412, 4.900165213914208], [44.02990579677144, 4.941050724218129], [44.07877689479441, 4.936530970033846], [44.15108856871288, 4.947059759706315], [44.202189691472164, 4.939870236278054], [44.384263777451935, 4.937789791529565], [44.547977388498936, 4.922640609411578], [44.62739916342083, 4.923660235047091], [44.67920028803783, 4.91450089524717], [44.73225148160351, 4.919800220819098], [44.82799358049088, 4.91396041372277], [44.9041352644211, 4.914110130435265], [44.96309658455045, 4.920329345089781], [45.00263083915559, 4.933604647711369], [45.89940069800823, 5.858188818078999], [45.946301930842885, 5.911023686869011], [46.12276653385142, 6.091306090986361], [46.178238013665805, 6.154729911672399], [46.80455452383705, 6.804475948781047], [47.9592554996693, 8.013694932667294], [47.00033560991709, 7.986203791688527], [46.736810577368594, 8.071457472142187], [45.6218086255885, 8.44398979898996], [44.15731812857326, 8.938993309502125], [44.122447449817734, 8.962961321695788], [44.06219617759606, 8.986979496657327], [44.05401606188548, 8.999258424803882], [44.03628569756121, 9.007807755044306], [44.01933541090946, 9.025506233370788], [43.976464472703945, 9.03801535684109], [43.959454242177664, 9.066012896077885], [43.885032840513844, 9.12398805702574], [43.86728253690543, 9.143256407848549], [43.84382206877668, 9.1577552285497], [43.80496139705143, 9.198351762872717], [43.771450728275, 9.219070077416884], [43.76200058959431, 9.232278928211013], [43.7367900782606, 9.246937748358336], [43.7255898914728, 9.260306597576113], [43.71057959733286, 9.270505761866499], [43.68318900512902, 9.280095058988516], [43.667778795600526, 9.306182777390687], [43.629768071617875, 9.336130277497526], [43.62541803781242, 9.34709930787946], [43.59845748275698, 9.361928126261978], [43.5823072075788, 9.379276640998176], [43.555046623739294, 9.390605781913196], [43.54719650787025, 9.401904806623067], [43.53523624918284, 9.406534459195406], [43.49777535992211, 9.409074464665599], [43.493355334243816, 9.422433276764107], [43.48342518322278, 9.436312073924471], [43.45661461125519, 9.448051173309505], [43.448214471820286, 9.458090312182168], [43.41640382677784, 9.477848711560133], [43.406363802220206, 9.511825677909806], [43.388913474916535, 9.526364467759505], [43.368643183986755, 9.558411677697137], [43.356282929294004, 9.565301136529653], [43.35738304303936, 9.578129958227466], [43.31872243642139, 9.630545434709948], [43.30791223093277, 9.638724759401944], [43.29894220502706, 9.668292126293814], [43.28980205383593, 9.679191200043139], [43.28816210863674, 9.693709887518704], [43.27593186329311, 9.702019208735079], [43.272991897731245, 9.718097772493046], [43.27507210890163, 9.742325552428726], [43.26593195690118, 9.75322461915631], [43.264542035086926, 9.770593050597316], [43.250551833783305, 9.792001199223808], [43.252302122163854, 9.829187806365354], [43.23888186781657, 9.840486865596384], [43.214331482648916, 9.872924078454469], [43.200671204903095, 9.881373402375914], [43.16821045191545, 9.88868295418016], [43.159200309761054, 9.901011889306144], [43.143749965140216, 9.905311605577303], [43.1373398663017, 9.914530807673248], [43.0991889808026, 9.922370345767376], [43.09314892261708, 9.935859160994054], [43.081978673595295, 9.939758878916388], [43.07903870144483, 9.95583743958797], [43.0665985498331, 9.978535466832462], [43.06389860800036, 9.997463763862893], [43.05296838182795, 10.004223224063873], [43.02225792360553, 10.048719393313364], [42.99485746345503, 10.081416613868523], [42.971206942806994, 10.090785920417577], [42.967656914490036, 10.099735135349412], [42.884605444598684, 10.187367746919165], [42.85696502106211, 10.226494393800797], [42.8407448909412, 10.267390802620941], [42.820304549478806, 10.291788736556379], [42.805444336366946, 10.315676673205337], [42.78666416721067, 10.359622826804099], [42.77651422734062, 10.405578745252955], [42.75063389402943, 10.450514864257167], [42.73731389119667, 10.499460538526588], [42.71691361048263, 10.532077731535242], [42.70561363049203, 10.575533884541695], [42.70781399503671, 10.619869871117505], [42.722524649922924, 10.661436022624281], [42.74177531863784, 10.686813602833876], [42.79746746944165, 10.792853656268939], [42.897960946203106, 10.925101030465589], [42.93398210355665, 10.95917770044208], [42.944352564479175, 10.986335182074534], [42.91802196963369, 10.995794512963485], [42.85307038611806, 11.003444291269494], [42.76053852621987, 11.068219117076895], [42.70203714826199, 11.082128286634246], [42.579693941505475, 11.06813041455484], [42.53633275122549, 11.05525187326212], [42.51253203965536, 11.040563363066171], [42.47525103345293, 11.032764327211687], [42.44003001431953, 11.016326045738953], [42.40528905083375, 11.005467267509909], [42.334457214932385, 11.000768176711139], [42.2387047658403, 11.001188804943723], [42.18719338201899, 10.991879995337975], [42.079300549949366, 10.98217160583093], [42.035459288740576, 10.963713552398774], [41.90497585757352, 10.95327537084414], [41.817443813557816, 10.983883225398612], [41.7698226319299, 10.992072810963034], [41.76427248907627, 10.991732879520743], [41.761362349616846, 10.982803698996442], [41.740451719444614, 10.969195057797652], [41.71852112574895, 10.965645521429371], [41.70045069105109, 10.970175234881092], [41.68174016631349, 10.964745846847196], [41.63508896585112, 10.96616602980024], [41.58313759455368, 10.962936664612139], [41.48497507338114, 10.967766877511908], [41.41098308515767, 10.959338119970468], [41.39312266950375, 10.967177537836205], [41.349481508648765, 10.963398160574895], [41.30118025773116, 10.964928338628999], [41.26905937175083, 10.958719102434936], [41.24164841074199, 10.9222325311867], [41.23449802242972, 10.892055267755104], [41.232877804027446, 10.864527733061138], [41.22095729478688, 10.835340408210294], [41.19177628412353, 10.797293990687663], [41.167325538807034, 10.78059563663548], [41.078162565575624, 10.682044980578898], [41.07878231453142, 10.640368699685066], [41.08334239100139, 10.633409287719191], [41.08793230411837, 10.601462111921611], [41.07220151399826, 10.541887525648306], [41.04804048587122, 10.478533322024377], [41.03273974056694, 10.42291837992118], [41.031329569576286, 10.4013603134669], [41.0159188130896, 10.344095521425908], [41.005988404928594, 10.319767756277193], [40.979716957707886, 10.195608996250439], [40.975566616122634, 10.157582419217574], [40.93744490102425, 10.036193490532517], [40.946924945291514, 10.002266463400519], [40.96669528047331, 9.972638998445431], [40.99982611535728, 9.96878915127151], [41.01424644641366, 9.960949768611878], [41.0204565402982, 9.94978073137711], [41.01482633618893, 9.940161621306283], [40.99744582328578, 9.929652664433535], [40.848221140963666, 9.79129589362863], [40.826450419413824, 9.764428421308102], [40.7639782506067, 9.668457348324852], [40.74957777877086, 9.652278873471914], [40.699885821202024, 9.533759746268196], [40.69386548176796, 9.499892810146127], [40.694442750007624, 9.445383634504664]]]}}, {"type": "Feature", "properties": {"name": "Tigray", "country": "ETH"}, "geometry": {"type": "Polygon", "coordinates": [[[39.98513896621056, 14.432913739728503], [39.98173264928593, 14.441352066783342], [39.972381203708736, 14.432157989814177], [39.972234524673816, 14.426901798180035], [39.95074547161656, 14.411220294122016], [39.93934599292799, 14.409324760764411], [39.92463725959738, 14.415569658161], [39.896117888577535, 14.4364232467524], [39.873433737342005, 14.462468595592572], [39.86279802417535, 14.46639006346482], [39.85749608509202, 14.47259623706351], [39.8477207308449, 14.475057347083235], [39.83219460151823, 14.485424445047347], [39.82085991102284, 14.479520261511182], [39.8140599216161, 14.482940989269581], [39.80188852130796, 14.499793546826956], [39.79348876156468, 14.500760106039788], [39.79242221815507, 14.506907583425372], [39.76936902300027, 14.53375385033534], [39.767663915087724, 14.541326226174803], [39.71020969231109, 14.551932165117396], [39.68116624111677, 14.589314337458775], [39.67470965942651, 14.588754018043849], [39.66742073387884, 14.592713214878078], [39.65830231610473, 14.59038405368742], [39.638563358858114, 14.598994256402765], [39.6296840471937, 14.609324137470459], [39.62356189901571, 14.636501346921037], [39.60670448183387, 14.647665661734711], [39.59209978344269, 14.662702191499443], [39.57605678337872, 14.6704453529873], [39.53831686907149, 14.670073044935588], [39.51665964489357, 14.677616700083911], [39.51085946504745, 14.672336175631127], [39.503547847536936, 14.677564596440007], [39.49798361565982, 14.65490387074145], [39.487451963281764, 14.640796115510696], [39.49095127098495, 14.625594539061673], [39.47840627365941, 14.60418997237362], [39.47864443611456, 14.598172282376597], [39.49255181950553, 14.583037073748347], [39.50125885703472, 14.544365256670531], [39.49398812689176, 14.509438598186916], [39.48596835707369, 14.501994165728789], [39.47351359568119, 14.498820547472356], [39.46864069497701, 14.50896785251943], [39.47019180745252, 14.516177197614692], [39.46273642786152, 14.513614212134387], [39.45795369870985, 14.507811700848716], [39.45296430556454, 14.511507144636877], [39.45413461833004, 14.527435516076382], [39.43634782117011, 14.51983824028261], [39.429969569131345, 14.524921258646172], [39.42909010026898, 14.531236856026828], [39.41305584333675, 14.531571677567927], [39.39933329134002, 14.538767576442382], [39.38450362123994, 14.5363629086614], [39.36956795162682, 14.538880392760799], [39.36547069502791, 14.534555443778487], [39.369446481386454, 14.519257709735479], [39.365517275742725, 14.506390603738392], [39.372018263061804, 14.49518507146131], [39.3408807487584, 14.511878303729786], [39.32491388684738, 14.498839944309726], [39.3243861592485, 14.492974615797438], [39.3308505516511, 14.481007371366102], [39.3147159111184, 14.479452694381234], [39.3171753128169, 14.460413734500838], [39.32322666878857, 14.459612367117597], [39.31869685146957, 14.453415141663369], [39.32415960729416, 14.450608378164619], [39.320785274304356, 14.442513363481437], [39.31568072382547, 14.438132243530923], [39.29858144582246, 14.436757819057458], [39.30169984756147, 14.411966398102365], [39.29376146438995, 14.411161061893162], [39.29111191986027, 14.405312664908694], [39.27671202277666, 14.40273316332649], [39.26159149200698, 14.393679464374078], [39.25061409505813, 14.39283915294158], [39.24762997694186, 14.40591232076799], [39.24062100827539, 14.412175933601494], [39.22504898808566, 14.44390002864261], [39.21999729912919, 14.478757695786658], [39.20935174680022, 14.493623110106327], [39.217573771661556, 14.496642587243832], [39.23231911549619, 14.519735355686409], [39.233180270489406, 14.540881382381425], [39.23940830857718, 14.548212710553932], [39.24099370735784, 14.55623189203784], [39.239498087862565, 14.566446940288092], [39.22733349489873, 14.568783243930488], [39.22240293169229, 14.573022814152496], [39.21673655278638, 14.59203322980776], [39.20118878664974, 14.611598758819435], [39.178542994944024, 14.619091353216458], [39.15831540416676, 14.620838670117518], [39.125528629837305, 14.613992071748005], [39.11481683918689, 14.61818451688005], [39.10524612555019, 14.63059196548663], [39.081600263436584, 14.637073428669364], [39.07619204119733, 14.6339760627616], [39.05605563690347, 14.636746830738721], [39.04225687874745, 14.632192545824463], [39.029530655445406, 14.635026695464125], [39.024381033000324, 14.63292981709779], [39.00933022517939, 14.61680015015383], [39.01353569465404, 14.604011351716553], [39.01082529406581, 14.590839305893901], [39.00203088170123, 14.586342443242133], [38.99472335552211, 14.566154791287705], [38.98179344500768, 14.553264015887253], [38.97559378698986, 14.542164526378034], [38.95500203888524, 14.536563791424799], [38.9504974179134, 14.531707752276173], [38.93812678928586, 14.532655670335515], [38.921828140377684, 14.511880682996964], [38.90573610771072, 14.501764073515476], [38.86508932632025, 14.494618888911328], [38.84925172712299, 14.496259659243735], [38.83604387773132, 14.485852734620138], [38.81760596779947, 14.48246624401707], [38.81601919130009, 14.474909768215204], [38.79489655017886, 14.463793926172857], [38.77570561185394, 14.467462039689995], [38.75103555056153, 14.465655931182159], [38.73140245605308, 14.459471748611412], [38.70379701201925, 14.465863112570634], [38.6657622088227, 14.450993527110416], [38.66249592197334, 14.44605140012479], [38.63997662051962, 14.440065555139725], [38.63212746909423, 14.441116750805039], [38.61662644883291, 14.434107097182746], [38.60917107425432, 14.439217565778158], [38.59522671211689, 14.439153825474195], [38.538202330551506, 14.420719156319075], [38.51670827106205, 14.405659715194695], [38.50688605318131, 14.413832632357675], [38.49941174826335, 14.41251894658909], [38.48454751694366, 14.418775708397957], [38.45703257628688, 14.410025482882954], [38.4482595881705, 14.410997260117274], [38.439577505625685, 14.427351260552546], [38.43302189179584, 14.428577810796098], [38.42162965112949, 14.464323886937386], [38.402365021146935, 14.465533392978665], [38.39565492920258, 14.482047373516261], [38.37428992912432, 14.480805950020597], [38.363080086000615, 14.487340637959287], [38.35698812641947, 14.499832219503242], [38.35676633545894, 14.507311372714325], [38.35015893364785, 14.510110778849377], [38.344054390036625, 14.50827675289627], [38.34065555272395, 14.51432210832246], [38.341790114835995, 14.522583839796766], [38.337249127358085, 14.529427468318543], [38.330556057426804, 14.532098197306276], [38.31608807333144, 14.551241630878737], [38.31616403962508, 14.57403892550247], [38.308767973740075, 14.58568263058994], [38.29398191944525, 14.595371776950842], [38.292806133332306, 14.602956327816694], [38.286926319651684, 14.60807109219139], [38.265350722592395, 14.614694848017923], [38.26990765664061, 14.634938425161259], [38.265350884770804, 14.639331766222726], [38.2619281099554, 14.66770386392034], [38.252460763860164, 14.675602930006779], [38.22908453412522, 14.686332737188463], [38.21587626868014, 14.6833139527692], [38.210871333372594, 14.687395735648726], [38.188248684380426, 14.689713365082834], [38.18084257898271, 14.677134033612328], [38.174677605255525, 14.680374099235147], [38.15705613326081, 14.677011023686653], [38.151147428253935, 14.675321683934081], [38.14696136452769, 14.669195066280174], [38.14010841997302, 14.66785458885839], [38.13292451750079, 14.679083508348732], [38.11000121772469, 14.690649947269074], [38.10640410744889, 14.69806426490108], [38.0962113628441, 14.701999964337], [38.092386037898045, 14.707186009704044], [38.054330002664535, 14.711384756390604], [38.041209422780675, 14.717159584091018], [38.01910412813284, 14.73719235280894], [38.021378012580485, 14.76133549701583], [38.016664382811896, 14.765764998992292], [38.00561649317042, 14.766842940134275], [38.00047587542573, 14.775953246847427], [37.99502933694501, 14.774011100387378], [37.98876159252986, 14.808496248043081], [37.97530477310492, 14.802176879651865], [37.97569483237545, 14.818553399503749], [37.971887023386564, 14.830996502018627], [37.95126333894634, 14.832744604664322], [37.94630859542259, 14.83520255676241], [37.94113468188334, 14.846023192612002], [37.92363655130991, 14.826669583980456], [37.90296551175651, 14.810583966254539], [37.876497249929464, 14.800418591642448], [37.85028980812359, 14.813064757082563], [37.833458166736555, 14.805704928870654], [37.78269428647361, 14.735442026132926], [37.77440749279847, 14.698766107453215], [37.77605379344945, 14.67901811682294], [37.78357576402629, 14.654291896692941], [37.77438826007889, 14.630953772626789], [37.75384615442054, 14.643289037165479], [37.74236804464411, 14.643001320853337], [37.7245058421541, 14.62432284812917], [37.71070606322349, 14.589214849890626], [37.70146158266582, 14.579421052081987], [37.69884255674157, 14.563137837554592], [37.679691003280226, 14.528008906259478], [37.67313576720165, 14.522278671020306], [37.671574424178566, 14.504743910808891], [37.65800014013014, 14.495321847642238], [37.59619290638524, 14.478160355220187], [37.577495922573476, 14.468494369778663], [37.57335956543135, 14.45596124944861], [37.54961775882206, 14.446715943258138], [37.525598660960405, 14.460575068244271], [37.50832593916005, 14.461920269322068], [37.489778053968465, 14.473687095740187], [37.47195432842274, 14.469298049912474], [37.44395121777295, 14.47116506964148], [37.44096682511753, 14.478122535235917], [37.430570431623465, 14.480790845774962], [37.40416303846875, 14.471937856340144], [37.37793381598219, 14.429113043090785], [37.3597049932421, 14.417799435767106], [37.34614174240824, 14.416360747502818], [37.34485420447908, 14.409629230135286], [37.337518946443176, 14.411698058101992], [37.32832928058457, 14.423165085991336], [37.31507946290979, 14.429245026397583], [37.308732346583, 14.443204685870544], [37.300093933978474, 14.445223319437831], [37.2588902077078, 14.435337409043203], [37.24867211054937, 14.430077622410275], [37.22773220915513, 14.44098174617613], [37.212821888067154, 14.437521688921562], [37.19431154042823, 14.420996975250288], [37.17194302464968, 14.413975882361342], [37.16498656592341, 14.417840632875999], [37.15775713464427, 14.416335889344543], [37.14229927504922, 14.406846393787431], [37.134659840505876, 14.406005440488935], [37.12966309641406, 14.399617909534076], [37.100371693702535, 14.333859641220718], [37.1054777299527, 14.321413192272091], [37.1042018883373, 14.291363275706699], [37.09686060797154, 14.283052393563947], [37.09457206594154, 14.27227186878515], [37.090114018933896, 14.26859647673347], [37.07235234450234, 14.267218822420302], [37.06595916530441, 14.262523189269299], [37.04437340152773, 14.26701666082137], [37.01833181115748, 14.251190708597552], [37.008912421451086, 14.250083344643341], [36.9911461255577, 14.260353513838844], [36.97004812670812, 14.28768408012634], [36.95701534067779, 14.291014276302372], [36.944539176297724, 14.289693907554865], [36.93340101218867, 14.296258101440854], [36.901085846314174, 14.305343031999886], [36.895407020676465, 14.311429822226685], [36.87897300166974, 14.311533979630266], [36.86407538343837, 14.318413204484088], [36.849381644281785, 14.316923189941814], [36.84147423384469, 14.309339499931932], [36.83301995839706, 14.307461528960921], [36.82782170084905, 14.309537856498755], [36.825701972640864, 14.31430356341382], [36.74729290406451, 14.318301548793608], [36.68658627850511, 14.29650200680293], [36.62961327709139, 14.308185306986644], [36.62214438409784, 14.306787002200023], [36.61899223686715, 14.293481724285195], [36.600440814600184, 14.290405328553135], [36.58502917994144, 14.283734224495923], [36.57886128158053, 14.287574888778535], [36.553545805093165, 14.277444386723817], [36.56192100802495, 14.266734065295912], [36.562533991691225, 14.261212430714787], [36.550352326401146, 14.250832875761425], [36.54386953767253, 14.251277757951248], [36.541326166527924, 14.198675698442338], [36.46361102445603, 13.971590729423795], [36.499878826209354, 13.847421242845869], [36.451977916927326, 13.76934482908216], [36.45625007721244, 13.755000803134719], [36.481475080249616, 13.735377180960317], [36.4846372444723, 13.727748745355573], [36.478578504436975, 13.721468245539487], [36.47939159427511, 13.70542235499027], [36.47659721300285, 13.70106788203203], [36.478465059314345, 13.694097628144263], [36.495006410072996, 13.670564026711421], [36.505193019148535, 13.665783706334057], [36.51361748124481, 13.631956692306657], [36.52687597588164, 13.60714147053639], [36.52035750652235, 13.586167675157123], [36.538638561984136, 13.582616493531459], [36.54073964981121, 13.576164301456613], [36.55549454623995, 13.57193833365121], [36.561075547853605, 13.563998755284702], [36.562530850380064, 13.556167294448954], [36.559302594191124, 13.552206262777748], [36.564831263747685, 13.548078086574817], [36.56731084105807, 13.539793697076686], [36.5655140112043, 13.533661199350357], [36.5732301575146, 13.5229109089922], [36.58046630686014, 13.520988406715905], [36.598905292250876, 13.50539777399466], [36.6019258716428, 13.499088397927718], [36.597247924291544, 13.489792350787543], [36.57511261560274, 13.478528908360328], [36.5717541343433, 13.467531058314206], [36.57368315150516, 13.45684227105686], [36.567223954890025, 13.446868169836371], [36.57031300862598, 13.425937678298768], [36.58948003080559, 13.403453533165235], [36.593454295021964, 13.389687823194798], [36.60561037159873, 13.378300488098407], [36.610299207942305, 13.37588625875506], [36.63658305059216, 13.383124128731748], [36.644685671454155, 13.378747044472192], [36.64992983490894, 13.380863935863147], [36.65695344898781, 13.369724042957547], [36.66539951012301, 13.367238997482957], [36.68590556176543, 13.375458214846446], [36.70620074537528, 13.372738847576075], [36.715573780520806, 13.367765451293792], [36.73218647268079, 13.369402652903071], [36.73546544156983, 13.363746329983005], [36.7677500927729, 13.378800603897162], [36.7840266549939, 13.403556828561573], [36.809429609082045, 13.419168819949327], [36.81795526832361, 13.447195807146802], [36.825597873982424, 13.44891253787497], [36.8445049322433, 13.4416065967472], [36.84549126935268, 13.436033287460436], [36.87196698078996, 13.419716355281425], [36.88198711390086, 13.40815303574079], [36.896349648241724, 13.407582936904108], [36.90594566837738, 13.388823016983473], [36.916248728692686, 13.383430298031584], [36.92000186618562, 13.377495923938357], [36.92775334584715, 13.378273178494538], [36.93048297287148, 13.372800439271302], [36.93939799313518, 13.380655189813194], [36.94688790195067, 13.370468044533498], [36.95770077086669, 13.363051259679787], [36.96529870877501, 13.370307731485838], [36.98287471697188, 13.361997132897802], [37.00265878043729, 13.357357167994424], [37.013828736363585, 13.361186704861534], [37.03576796749419, 13.353937776008438], [37.04050609236074, 13.351707281244575], [37.053337872246274, 13.333627254272443], [37.06636685321949, 13.330535283733647], [37.070078519626264, 13.318116902481131], [37.07719145904361, 13.318677389784243], [37.07918729836809, 13.312492657759664], [37.099551599601526, 13.317033244633022], [37.12833157422383, 13.305788264043011], [37.15856122647815, 13.29848459886031], [37.18654224228789, 13.283229289445238], [37.205525074389506, 13.256393785549204], [37.225215297173236, 13.275410314591108], [37.24056924573641, 13.277610141440839], [37.24703869731223, 13.292867740399894], [37.25133432848454, 13.295671910502762], [37.28146496817824, 13.285622656165671], [37.31356248755318, 13.298209797257943], [37.322646006617006, 13.297855140937438], [37.336277708196775, 13.311105443967087], [37.34514565358587, 13.325103758182916], [37.351229239959174, 13.327406739627262], [37.35620394314228, 13.352015197059613], [37.359790744923835, 13.358153705203486], [37.366061845468614, 13.360522964864462], [37.39663849853384, 13.358449156067419], [37.416637802967344, 13.37463915030985], [37.4257035302678, 13.36421603402731], [37.43843386927843, 13.358927907894591], [37.44132748007872, 13.354766657811638], [37.46280379082981, 13.360189250012352], [37.472297250126836, 13.367607957957398], [37.490904770744805, 13.36388082875103], [37.4957073570453, 13.368456491317506], [37.51860396860292, 13.367146011883523], [37.552825412752796, 13.389273036784742], [37.567996978036824, 13.38882330242389], [37.583111519309256, 13.397680034364717], [37.59099301565615, 13.398265602214053], [37.60532657908474, 13.409604542503558], [37.61183199645802, 13.411747451126304], [37.626196017830694, 13.408837145104155], [37.637923564439674, 13.414562165645384], [37.65652649396596, 13.435425014721618], [37.65739081292578, 13.442037776950535], [37.677621631278036, 13.451351020606204], [37.686210311494904, 13.465913221864911], [37.6949702383393, 13.473088319138487], [37.69172449455296, 13.485349175851363], [37.699567330813224, 13.49606977564541], [37.71044584871754, 13.530852434911083], [37.71631725082185, 13.535183111075277], [37.71525404990685, 13.542668327976], [37.720971477166664, 13.546884005484472], [37.72785587276957, 13.564075707268211], [37.73657093138675, 13.572706624855122], [37.7469677506271, 13.57160196678483], [37.746647138606576, 13.57875004898406], [37.75474794506191, 13.59181499453379], [37.760755717217876, 13.591649388056922], [37.76591845404074, 13.602829555902415], [37.76519866500369, 13.619021418077343], [37.77689716669678, 13.634150629135574], [37.77559542448474, 13.612303500618323], [37.78547573248329, 13.597964668237486], [37.78497968913009, 13.58837083105578], [37.7698544717837, 13.563252652656763], [37.78577032278704, 13.53988457749045], [37.793489503206665, 13.52127170891858], [37.80983652596016, 13.519751143831106], [37.8127542050748, 13.48033291162434], [37.81773608470343, 13.463837463795938], [37.867231902806715, 13.47578801950323], [37.88802538047492, 13.454032613707286], [37.90493393695535, 13.44771198269656], [37.94732087230141, 13.467076324347149], [37.96333930313293, 13.490270747099029], [37.96922300175211, 13.494352735145151], [38.00201425557631, 13.501755639062353], [38.008938954754875, 13.50148711756386], [38.015753842033504, 13.487174869954954], [38.02156468991462, 13.481916712005628], [38.025255494066336, 13.486309644495332], [38.04643915537403, 13.480771148773844], [38.0528320081162, 13.468593900290584], [38.06027705291705, 13.467852665364987], [38.08372301156209, 13.484333602086497], [38.11615927562421, 13.494920983967653], [38.12182837153355, 13.506961715703504], [38.13074471704331, 13.485398204597514], [38.14603073799108, 13.472338724012088], [38.156036561262674, 13.477195492681565], [38.15935270057675, 13.483507930368317], [38.17455896354895, 13.494102172347889], [38.20173691050133, 13.480797634976982], [38.21215863310503, 13.487504116642167], [38.22816680907244, 13.48987346954752], [38.24879839356082, 13.502319931445799], [38.259982637991776, 13.486861733345874], [38.27975820561625, 13.486177661612365], [38.320698504237306, 13.50280896493072], [38.323880647491976, 13.510221974876728], [38.32088349232836, 13.524505145029583], [38.32687323992253, 13.535056825758325], [38.32872548673387, 13.550978114719541], [38.34203936791774, 13.538296780558428], [38.36079401708693, 13.553656839219261], [38.38068307586472, 13.545130353801312], [38.3864157476064, 13.552237790273448], [38.39207792419482, 13.554008100051504], [38.40013885168536, 13.546138721572259], [38.40022806413034, 13.540332219182039], [38.40735226796882, 13.540064694133138], [38.424647587513824, 13.561953201541296], [38.42727926721046, 13.571986923813625], [38.433547639367326, 13.580344564920273], [38.441650740572406, 13.585054939984989], [38.451883870452896, 13.58524902081081], [38.44411653661243, 13.569591415859561], [38.44363874934222, 13.561191854250746], [38.45446775195139, 13.55759804207463], [38.466060161037184, 13.568295879693958], [38.47369635693805, 13.564763632013086], [38.47846566175835, 13.552997109380145], [38.490698804805895, 13.558664040619124], [38.50229613868339, 13.558510975801376], [38.554793599548695, 13.550960269917722], [38.551537918265495, 13.538549857460236], [38.543306095838794, 13.526456450995582], [38.53346526196941, 13.519340461611717], [38.5037715232501, 13.512201606573258], [38.497650646682864, 13.507445389465268], [38.49150439206242, 13.496434875841118], [38.49910270639463, 13.485113305827962], [38.46824814618999, 13.485559964994938], [38.46633105455364, 13.480377422464139], [38.46986562626195, 13.476087933665855], [38.46183628523301, 13.460221683276414], [38.4850020234198, 13.470396154909373], [38.512588840369126, 13.473570198422635], [38.53509030092711, 13.482468533388584], [38.56292286256661, 13.483987466268468], [38.56831987346049, 13.487109995249314], [38.57382927789634, 13.49836365813766], [38.58041405377398, 13.50412101086533], [38.59096052860854, 13.506779761902509], [38.606237546867106, 13.491348292833264], [38.614893828096086, 13.49134382423903], [38.63683517897935, 13.506920351179785], [38.663000084925876, 13.53183482265694], [38.67334219374864, 13.509861488513737], [38.67728030231903, 13.484097624799283], [38.66215465148309, 13.485383982209356], [38.64902959655868, 13.482035256711493], [38.63412991862519, 13.47336974556191], [38.616636779665605, 13.452061203691027], [38.61870091248626, 13.428992604920758], [38.62321974665161, 13.411890726051082], [38.64948899274276, 13.397186096018364], [38.669983048039505, 13.392525108787037], [38.70653582853347, 13.389964083711451], [38.722715926828485, 13.408714144243786], [38.73398368232037, 13.399475524234399], [38.734105582477525, 13.384812673737173], [38.73809427583727, 13.378364743868678], [38.73104473786272, 13.366069224576012], [38.734512161485945, 13.350433940587589], [38.74266351574504, 13.340501698130195], [38.74256932609699, 13.334216067968413], [38.73778055935363, 13.330983199818087], [38.74188626689479, 13.30811203572302], [38.73600460465346, 13.3030246048204], [38.740135008895756, 13.297116217122785], [38.740919210095285, 13.287458815568366], [38.73076700797716, 13.269894489649921], [38.73243850672278, 13.262951495304277], [38.744102429066146, 13.265698715851874], [38.78003885460777, 13.25004766037183], [38.80154268651529, 13.247986752611213], [38.81993754475649, 13.235392607295754], [38.83473506398675, 13.232611694835944], [38.85111076049436, 13.215188158650353], [38.86395859524084, 13.21017754023058], [38.87707186863485, 13.22118705041957], [38.91418837565689, 13.225150955898101], [38.93044496458827, 13.236369557952317], [38.9525971772756, 13.23819193824718], [38.95667933468723, 13.212692545935303], [38.98566802358634, 13.2034343983242], [38.99822393743332, 13.204084403089338], [39.01760227459141, 13.179391649509547], [39.03688127488999, 13.170631074558921], [39.042455777401955, 13.162185664415343], [39.037790742452046, 13.134924924304647], [39.021080959755494, 13.127562462308306], [39.011098439961394, 13.114668403825023], [38.97945726490998, 13.099650944892828], [38.99067947046172, 13.081980123281818], [38.99481800705528, 13.045982166190742], [39.0009122006992, 13.0395838644586], [39.005189780994066, 13.024092706929821], [38.9953106682469, 13.012437348378615], [39.00107463610697, 13.00414067215046], [39.035117368201234, 13.001165346690067], [39.05446809581305, 12.991367371528346], [39.075004976855, 12.976784998768752], [39.083716174593974, 12.959972687865086], [39.12000426328053, 12.961557197850032], [39.1427233136112, 12.956540335621858], [39.164328858020944, 12.94911313645008], [39.19369155693562, 12.928787653821269], [39.20415901043819, 12.929617338703913], [39.23342796616672, 12.91738957960912], [39.251667531395135, 12.91868628274794], [39.2595896889975, 12.915385857747593], [39.26393705004779, 12.894799331830269], [39.279884059855036, 12.85695601033456], [39.295756450436336, 12.871609270582873], [39.303851537623636, 12.870829091019248], [39.30768976674465, 12.867017925939418], [39.310993598562376, 12.852915583673157], [39.278546721469574, 12.826735115705455], [39.30807727764552, 12.81236497314794], [39.304463545473425, 12.794029047874021], [39.29659140293094, 12.786211733377197], [39.27663280225382, 12.788562242983094], [39.26852446000736, 12.772050731343484], [39.279714268767904, 12.759264906425466], [39.28179320749513, 12.744056287779404], [39.27472056988847, 12.727343990651862], [39.2703956082106, 12.723939649204842], [39.286382284070505, 12.705091518112203], [39.281342870845926, 12.68873108790162], [39.239717404758565, 12.66382424143885], [39.23162320203201, 12.667260246340877], [39.199729764666586, 12.661120824183097], [39.18228072181187, 12.653398609739597], [39.17525946237969, 12.644207454217899], [39.18426279223403, 12.631025207818851], [39.183903658925786, 12.613022441354783], [39.2051348409653, 12.576728874797713], [39.21007637498541, 12.561324431494274], [39.20957628680226, 12.550297394234377], [39.218415441958214, 12.53669501981212], [39.230632798078645, 12.501820474454387], [39.231772146215285, 12.486909765187304], [39.23721354272286, 12.473826868477857], [39.23702012576267, 12.449740966861484], [39.242291865305326, 12.426373466980499], [39.24077911494373, 12.395291683959682], [39.246388223641766, 12.353695964389127], [39.25204759190702, 12.344875504587828], [39.26371424386197, 12.335459528098955], [39.285644232250924, 12.30044416159484], [39.29173387799289, 12.296828270936208], [39.306068285772284, 12.298036406397012], [39.322563128367655, 12.305621638056778], [39.35101254380438, 12.299169350569636], [39.37343818735232, 12.30205095371024], [39.38945758362207, 12.3012518272814], [39.40374802046639, 12.296035063640359], [39.4203767112228, 12.297352585912147], [39.45642741579549, 12.325780484024646], [39.471381630800664, 12.322152177646737], [39.50830552335209, 12.333604513960157], [39.523526798479296, 12.327167006728962], [39.539401439139624, 12.292667705636314], [39.54413862603745, 12.265766119511818], [39.556049582427576, 12.256270175144886], [39.573409619426364, 12.256684464349068], [39.59273595692169, 12.271733102104136], [39.60586682338435, 12.271319944227505], [39.61507965992628, 12.27648826811993], [39.62598993488396, 12.288754782452449], [39.62180134605361, 12.300976612926886], [39.63314163470892, 12.308408321330505], [39.70713397347508, 12.30696074856009], [39.7594237870426, 12.320705837363073], [39.76241697849458, 12.304006229424948], [39.81848266885657, 12.324782038651364], [39.818448625907365, 12.34256969256402], [39.83174804564876, 12.358249825372077], [39.82080357230969, 12.390742402114393], [39.82182474588248, 12.395930648510742], [39.81580077894951, 12.407807062491965], [39.83423982822991, 12.434224664613035], [39.86398551123834, 12.464086164484717], [39.883445741912745, 12.458403223708505], [39.882923229217845, 12.46769538440623], [39.86715882577077, 12.473363673029434], [39.881938932693295, 12.485199036896159], [39.86905490962991, 12.495054473243234], [39.86432471047747, 12.507025764984812], [39.8640688457064, 12.532182911839895], [39.853243331712015, 12.54815466004985], [39.84142151858117, 12.547464858490926], [39.83363652380814, 12.550623791851013], [39.82677887852564, 12.561686272012714], [39.82769796682137, 12.57270145262433], [39.81635042835348, 12.582131383869205], [39.8076087258967, 12.597012008375545], [39.81957484984893, 12.619480513488428], [39.8334462097667, 12.635103168509136], [39.82421266456948, 12.646393504280919], [39.82095031974342, 12.659550820559508], [39.82697707818057, 12.694461985503645], [39.840287015402865, 12.713993199038677], [39.86847935049584, 12.724455556385024], [39.87065589539096, 12.734636065060295], [39.88952225447572, 12.756490745858043], [39.8999235667852, 12.763022451621977], [39.943583411586786, 12.772192238344807], [39.97885936432545, 12.792902545534556], [39.97345698307242, 12.798071680036916], [39.96635965256688, 12.822592576472314], [39.9534143663307, 12.83762772444372], [39.94205679384251, 12.86197872926072], [39.93023392505521, 12.875097844829233], [39.9260800817618, 12.894470525970515], [39.90731016015105, 12.91504126792734], [39.905122693075164, 12.922455218388327], [39.88726098015003, 12.93160999430624], [39.87364877028011, 12.942949335389724], [39.86323818032146, 12.962719118988142], [39.861252315160144, 13.004313542718343], [39.86393361139914, 13.020396325430973], [39.8588623287462, 13.036847961052853], [39.83593785817016, 13.08366508441389], [39.83209739766454, 13.113226739564759], [39.81282113689086, 13.155838702367891], [39.81004503094057, 13.177365637073077], [39.80464614129887, 13.190358160503436], [39.80940713876651, 13.217849963003678], [39.801457277028774, 13.219826907898481], [39.79993070661379, 13.228196522000578], [39.78809880220009, 13.246304003506575], [39.78662294868799, 13.2633772714536], [39.76818869114284, 13.285939356904512], [39.75952176076096, 13.279570899576612], [39.7258443830509, 13.289008405694963], [39.720595712066654, 13.295224016102186], [39.73861967334988, 13.321761858332437], [39.737328481692394, 13.327969425774004], [39.74257762532733, 13.351952485106773], [39.740906876711215, 13.363918308080763], [39.730395455401954, 13.379470424420177], [39.74663226543593, 13.374784270683108], [39.742157554155796, 13.382857754702416], [39.74442418959722, 13.389599064211172], [39.73482118674206, 13.40372967370085], [39.72861551288023, 13.422887373599728], [39.72039064170069, 13.476335473246671], [39.724298078361954, 13.509843452356492], [39.730039170165036, 13.524723874941122], [39.73481888088207, 13.529344418185953], [39.740601602379435, 13.547948106639609], [39.74032973315573, 13.563795285786822], [39.74542121444244, 13.571457903196794], [39.76390655856397, 13.571917193399877], [39.784449448142375, 13.564029548281113], [39.79469913459475, 13.556371400754164], [39.80471098769194, 13.554372571844961], [39.8171390565667, 13.558417925401509], [39.84428084959942, 13.557150603737593], [39.864783795293526, 13.548808616304722], [39.86844833044822, 13.584453958350126], [39.865830530708735, 13.603309325354427], [39.87043553061952, 13.610148033005096], [39.86732782917934, 13.627580843473856], [39.86829970844429, 13.658919502081869], [39.878530172361266, 13.689407849246011], [39.874967343275564, 13.722802888669051], [39.87687745085705, 13.738839709662393], [39.88494657044236, 13.748877061950434], [39.87507609494873, 13.750034643471354], [39.86464622413647, 13.755740140395892], [39.854074527452184, 13.767140473019264], [39.85315037507106, 13.795524919347116], [39.84242659303754, 13.804121915559614], [39.83457828956575, 13.822008873554948], [39.84312354364317, 13.839026271121691], [39.8371803762908, 13.854752341310563], [39.83872401387724, 13.86483147949204], [39.82989925816082, 13.869123206662819], [39.829058285234794, 13.888570654203454], [39.834155971466465, 13.919020059904888], [39.82696867331664, 13.921994080107828], [39.82879627405037, 13.932241951232067], [39.818510197144505, 13.94319583188635], [39.80253471017687, 13.946216396931387], [39.81652802374849, 13.968852104462165], [39.83007842689217, 13.974894719018067], [39.83652164668327, 13.97625824495928], [39.86004250976982, 13.966385466326878], [39.85947175057563, 13.973798806992315], [39.86993630631688, 13.983534554215023], [39.86936760709286, 13.99285205934061], [39.886815834476735, 14.012811705773556], [39.867203170451305, 14.022207151708113], [39.855608130194874, 14.031588032302214], [39.84487508036539, 14.05086414793477], [39.84914670961589, 14.078564345907711], [39.84282796116157, 14.097640337634633], [39.843986173351496, 14.109967269369708], [39.8390316871317, 14.127141421608785], [39.83850308665635, 14.154795328830309], [39.810425812753216, 14.152243506937706], [39.79868243689783, 14.143126820187291], [39.76800971354901, 14.14064168214682], [39.75041769745109, 14.152395801623406], [39.71591584813935, 14.156911099464924], [39.68287339676758, 14.165283284500061], [39.6743960214619, 14.178311571975627], [39.658643195282515, 14.182998677828422], [39.65083706563017, 14.189207084828004], [39.657305806835076, 14.193418052982635], [39.65925804030729, 14.199275448927974], [39.66476532192806, 14.197512684376596], [39.673144477449085, 14.200928328040558], [39.68659757744202, 14.216768624141308], [39.688773540317285, 14.23193543850285], [39.69496294506545, 14.241901479212494], [39.707350570023785, 14.242652578144519], [39.74309309668735, 14.23553214869366], [39.75818095380413, 14.240433546422052], [39.75848272181642, 14.277764219464137], [39.74288773700534, 14.281856682661108], [39.734648936639736, 14.288533223804768], [39.72771357718982, 14.294612789181636], [39.72712413295299, 14.303547029073217], [39.77221200678087, 14.320437010295665], [39.78008177729759, 14.331114507489959], [39.77292674867138, 14.374429385859], [39.788549219294694, 14.37930851172208], [39.801826510269066, 14.387755242876167], [39.83894503582019, 14.381075328968842], [39.85550704796395, 14.373737437835347], [39.85399827187135, 14.367677783279683], [39.89635141030719, 14.371159655643739], [39.90920541919802, 14.365955436267921], [39.91714831001064, 14.370837337909945], [39.93939507032198, 14.362015615604044], [39.95115102069328, 14.36099788911258], [39.980660004860546, 14.371552025561355], [39.9917263262315, 14.382544713989494], [39.9826165817033, 14.394349498431852], [39.98045877945158, 14.410450929877912], [39.98513896621056, 14.432913739728503]]]}}, {"type": "Feature", "properties": {"name": "Ma'an", "country": "JOR"}, "geometry": {"type": "Polygon", "coordinates": [[[35.737249712104585, 29.23688225311355], [36.07169954379896, 29.18380698730266], [36.519160291814046, 29.50304598088735], [36.75812193158191, 29.867667953912985], [37.501407711296906, 30.00259384572945], [37.66252065870151, 30.338521684428258], [38.00302407170358, 30.502555794414434], [37.60498032008576, 30.917528977780137], [37.351125887449825, 31.169823974297003], [37.245789602907905, 31.268742117554723], [37.00171387569486, 31.265323770175883], [36.46665642555365, 31.27310029694121], [36.143044667377524, 31.27410749536466], [36.14765855280001, 31.183516210005166], [36.22396511020173, 31.114414324761356], [35.94588981696154, 30.63891476490454], [35.88448965737183, 30.66196721101801], [35.855564148166934, 30.657998307675825], [35.832317266828454, 30.634334154397777], [35.69514291971001, 30.616773138669487], [35.671363666699904, 30.600278152314957], [35.66249081150181, 30.600125407861356], [35.62983870329356, 30.61188602841753], [35.51573378058953, 30.608678727641234], [35.46533596108577, 30.6199801705485], [35.45589123599177, 30.61610396752411], [35.45828469528249, 30.551627028464623], [35.435333636937855, 30.504369546217617], [35.43470484085577, 30.459528185277577], [35.368052452558686, 30.34536740388262], [35.39606335484001, 30.252632408159172], [35.39753709546062, 30.22313599043366], [35.359711078703356, 30.17176140466512], [35.335148730229776, 30.14861285789715], [35.318200710394535, 30.126308661215774], [35.31107763012858, 30.082747850333078], [35.30198956086957, 30.0514997439181], [35.30223518370684, 30.023644481907354], [35.312060123276126, 29.998121340927185], [35.33735934206004, 29.96620818226188], [35.3560267271518, 29.95492974760981], [35.37493973418145, 29.949609288238094], [35.412028881527704, 29.948757988190664], [35.44174932217351, 29.957057852038304], [35.47539973990615, 29.957696275362878], [35.50487455861406, 29.94982211190097], [35.55498174870877, 29.927047374636686], [35.57266663975366, 29.911719382743343], [35.5908427773723, 29.888297063458765], [35.60115896351539, 29.86167410917284], [35.61122952682126, 29.81927571070554], [35.63726561591551, 29.79199487086663], [35.647581802058596, 29.771529358792918], [35.66821417434471, 29.687918461867582], [35.68319720698554, 29.645659955642486], [35.71595723923525, 29.44329964126547], [35.737249712104585, 29.23688225311355]]]}}, {"type": "Feature", "properties": {"name": "Aqaba", "country": "JOR"}, "geometry": {"type": "Polygon", "coordinates": [[[35.45589123599177, 30.61610396752411], [35.41905292844996, 30.618481659900738], [35.40130721805372, 30.624685534110142], [35.38328422958358, 30.65856121492817], [35.37635231101041, 30.665239526482992], [35.35278378894077, 30.674779169623037], [35.322006071123326, 30.69600149717138], [35.28374188128282, 30.715073765142222], [35.221077339647536, 30.60965238405032], [35.21081810037509, 30.584830648615593], [35.20859988657554, 30.570507525002313], [35.19750881667858, 30.540660889688354], [35.19501332660377, 30.510805078591545], [35.179763106282394, 30.46755761219407], [35.166176545411304, 30.439352784603386], [35.16395833161175, 30.42572549523544], [35.16867203638543, 30.415683116682544], [35.18281314980709, 30.40013930278667], [35.1858631942311, 30.377416970816626], [35.18503136360658, 30.36306330083073], [35.169503867009894, 30.330041867138505], [35.15924462773745, 30.280967728278085], [35.15564002986355, 30.23881619281309], [35.17310846398448, 30.162849919987877], [35.17283118770922, 30.12088760188135], [35.16811748293554, 30.103857803095195], [35.13401244441883, 30.065710002614594], [35.11987133099717, 30.05659073947112], [35.10905753827484, 30.042430220478366], [35.098521022727084, 30.00377850557362], [35.097689192102564, 29.971357071671548], [35.082993525231075, 29.956463680754325], [35.082161694606555, 29.84974261742792], [35.06302960013596, 29.816789854168462], [35.02726090126964, 29.734962347934072], [35.01700166199714, 29.676920619291195], [35.00396965547526, 29.63764517238684], [34.99038309550349, 29.618845365721086], [34.98234207003054, 29.59184463682061], [34.97846019588138, 29.54288739633631], [34.99953322787621, 29.526965153119363], [34.99786956752655, 29.49873319927775], [34.970419170408434, 29.456249791494713], [34.96083254398678, 29.404017859536623], [34.95677087287754, 29.35741767558534], [35.737249712104585, 29.23688225311355], [35.71595723923525, 29.44329964126547], [35.68319720698554, 29.645659955642486], [35.66821417434471, 29.687918461867582], [35.647581802058596, 29.771529358792918], [35.63726561591551, 29.79199487086663], [35.61122952682126, 29.81927571070554], [35.60115896351539, 29.86167410917284], [35.5908427773723, 29.888297063458765], [35.57266663975366, 29.911719382743343], [35.55498174870877, 29.927047374636686], [35.50487455861406, 29.94982211190097], [35.47539973990615, 29.957696275362878], [35.44174932217351, 29.957057852038304], [35.412028881527704, 29.948757988190664], [35.37493973418145, 29.949609288238094], [35.3560267271518, 29.95492974760981], [35.33735934206004, 29.96620818226188], [35.32458692035016, 29.981102265657114], [35.312060123276126, 29.998121340927185], [35.30223518370684, 30.023644481907354], [35.30198956086957, 30.0514997439181], [35.31107763012858, 30.082747850333078], [35.318200710394535, 30.126308661215774], [35.335148730229776, 30.14861285789715], [35.359711078703356, 30.17176140466512], [35.39753709546062, 30.22313599043366], [35.39606335484001, 30.252632408159172], [35.368052452558686, 30.34536740388262], [35.43470484085577, 30.459528185277577], [35.435333636937855, 30.504369546217617], [35.45828469528249, 30.551627028464623], [35.45589123599177, 30.61610396752411]]]}}, {"type": "Feature", "properties": {"name": "Southern District", "country": "ISR"}, "geometry": {"type": "Polygon", "coordinates": [[[34.68059872900005, 31.882668055000067], [34.64333363600008, 31.80939389400004], [34.58014524500004, 31.70924625500004], [34.491732658000046, 31.594984055000054], [34.568773013000055, 31.53966501700006], [34.567210328000044, 31.53232039900007], [34.535800366000046, 31.504504612000062], [34.496020274000045, 31.48467805000007], [34.38496378900004, 31.392310102000067], [34.36386129500005, 31.362306556000078], [34.37091012800005, 31.316021086000035], [34.36937394700004, 31.294322522000073], [34.35145983000007, 31.283197207000057], [34.32965725300005, 31.260494524000023], [34.31285526700003, 31.24859311700004], [34.294678119000025, 31.242754927000078], [34.26639352600006, 31.219783462000066], [34.34892342100005, 30.987777893000043], [34.398138833000075, 30.858825885000044], [34.48665027000004, 30.697445118000076], [34.497714200000075, 30.666923933000078], [34.511830248000024, 30.618471551000027], [34.51488236600005, 30.59748823700005], [34.51335630700004, 30.534156777000078], [34.530142959000045, 30.512028918000055], [34.54196991800006, 30.503635592000023], [34.550744759000054, 30.48799348400007], [34.550744759000054, 30.467010170000037], [34.54120688900008, 30.443737766000027], [34.53739174100008, 30.424662025000032], [34.54120688900008, 30.413598095000054], [34.55608596700006, 30.39948204700005], [34.60453834800006, 30.370868436000023], [34.61178713000004, 30.360949051000034], [34.70795938400005, 30.104387967000036], [34.72749294300007, 30.06312332500005], [34.75581660300003, 29.990360819000045], [34.82003317700003, 29.813826283000026], [34.838101718000075, 29.77646835300004], [34.84908934500004, 29.744482151000057], [34.848845176000054, 29.716890999000043], [34.85411923600003, 29.686320980000062], [34.87443413700004, 29.64272207700003], [34.87469967800007, 29.619060438000076], [34.865204531000074, 29.599689648000037], [34.867890395000074, 29.58015608900007], [34.874238802000036, 29.568680123000036], [34.87372155300005, 29.543891647000066], [34.90432517000005, 29.493185654000058], [34.91622657700003, 29.502086706000057], [34.95273889200007, 29.54774810300006], [34.96073983700006, 29.54877222400006], [34.97651529400002, 29.542599771000027], [34.97651529400002, 29.57922519300007], [34.98452710500004, 29.59791941900005], [34.995972549000044, 29.612035467000055], [35.00131375700005, 29.625388486000077], [35.02115252700003, 29.655909671000074], [35.02267858600004, 29.667355115000078], [35.01390374600004, 29.689864490000048], [35.013522231000024, 29.69863933000005], [35.01886343800004, 29.72305627800006], [35.03001893100003, 29.74497049000007], [35.04686662600005, 29.792339369000047], [35.07372526900008, 29.842149943000038], [35.083003709000025, 29.87242695900005], [35.07543445500005, 29.89220468700006], [35.078608658000064, 29.915156619000072], [35.07289509300006, 29.946507980000035], [35.08977208700003, 29.966510344000028], [35.100710880000065, 30.001514481000072], [35.106492813000045, 30.034799665000037], [35.117431606000025, 30.049957706000043], [35.13977799700007, 30.06886619100004], [35.158686482000064, 30.09105631400007], [35.17509467100007, 30.12762313500008], [35.157905139000036, 30.201538121000056], [35.14175323100005, 30.236073452000028], [35.15195443600004, 30.253875556000025], [35.16345179500007, 30.284987233000038], [35.161595576000025, 30.303613435000045], [35.19185915200006, 30.345686407000073], [35.18385820700007, 30.36428860600006], [35.18175795800005, 30.38169066200004], [35.159739356000046, 30.410762098000077], [35.157163052000044, 30.424971777000053], [35.15865047800003, 30.43358079500007], [35.17509467100007, 30.456568262000076], [35.18681480600003, 30.485477928000023], [35.18869002800005, 30.510793420000027], [35.19678668800003, 30.53559127300008], [35.20435594200006, 30.547555577000026], [35.21046017900005, 30.58613435600006], [35.22413367000007, 30.604691236000065], [35.227796212000044, 30.617388049000056], [35.250503974000026, 30.646200048000026], [35.267107499000076, 30.675500386000067], [35.27651290700004, 30.684407689000068], [35.28088842400007, 30.698784388000036], [35.291514680000034, 30.71534884600004], [35.298859298000025, 30.737695237000025], [35.300314548000074, 30.772191501000066], [35.30348875200008, 30.78146994100007], [35.315453056000024, 30.797829297000078], [35.33547495400006, 30.814432821000025], [35.341823360000035, 30.823467092000044], [35.33498661500005, 30.84739570200003], [35.34157919100005, 30.872789328000067], [35.35793854600007, 30.901601327000037], [35.371856207000064, 30.921134885000072], [35.40945830700008, 30.933831698000063], [35.41531837400004, 30.944819325000026], [35.418736747000025, 31.003908340000066], [35.423248999000066, 31.025854293000066], [35.427468248000025, 31.042575019000026], [35.44700180600006, 31.072109759000057], [35.45934701500005, 31.118208958000025], [35.45872194200007, 31.138992664000057], [35.449160265000046, 31.167150289000062], [35.40384240900005, 31.224149213000032], [35.39969152700007, 31.237822704000052], [35.39969152700007, 31.257844601000045], [35.40188905300005, 31.26907639700005], [35.416783391000024, 31.30081843000005], [35.448525424000024, 31.34525727600004], [35.46610562700005, 31.38066185100007], [35.47325490900005, 31.408712041000058], [35.475139897000076, 31.49444482900003], [35.455118, 31.49737486300006], [35.399132018000046, 31.493201433000024], [35.23170292400005, 31.369918393000034], [35.20118173800006, 31.368453377000037], [35.19190329800006, 31.362593309000033], [35.14673194400007, 31.35697741100006], [35.12988425000003, 31.35136151300003], [35.040441257000055, 31.352305374000025], [35.01173786500004, 31.355805788000055], [34.98595881800003, 31.34904899000003], [34.95197080100007, 31.346104642000057], [34.93110433500004, 31.33951186200005], [34.921567208000056, 31.340728006000063], [34.89551612900004, 31.366010994000078], [34.88111442700006, 31.39283016400003], [34.90372509900004, 31.434715114000028], [34.928183990000036, 31.46396657100007], [34.94160157600004, 31.48967360900008], [34.945385703000056, 31.50491253000007], [34.94124713400004, 31.52473503300007], [34.95023059500005, 31.582132537000064], [34.96233202600007, 31.60093475900004], [34.95013058400008, 31.610535893000076], [34.92882806600005, 31.615136437000046], [34.90272498100006, 31.63853920300005], [34.87253741300003, 31.653981028000032], [34.86809832900008, 31.68363717300008], [34.87122125800005, 31.686344853000037], [34.87252141100004, 31.712547950000044], [34.86732079700005, 31.729950006000024], [34.874121600000024, 31.741751401000045], [34.87032115100004, 31.74695201600008], [34.84521818500008, 31.753952843000036], [34.83641714400005, 31.78025595200006], [34.82931630500008, 31.787956862000044], [34.80451337400007, 31.76775447400007], [34.797212511000055, 31.755052973000033], [34.784511010000074, 31.766254297000046], [34.771709497000074, 31.79255740600007], [34.763808563000055, 31.782156176000058], [34.76160830300006, 31.782956271000046], [34.76470866900007, 31.804458812000064], [34.74400622300004, 31.81055953300006], [34.738505573000054, 31.81516007700003], [34.72890443800003, 31.803658718000065], [34.71560286600004, 31.808259261000046], [34.71110233400003, 31.806959108000058], [34.71040225100006, 31.803958753000074], [34.72110351600003, 31.792457394000053], [34.73220482800008, 31.78465647200005], [34.72900445000005, 31.778855786000065], [34.71890325600003, 31.77685555000005], [34.704801589000056, 31.76815452200003], [34.68769956800003, 31.780655999000032], [34.675098079000065, 31.778855786000065], [34.692200100000036, 31.798158068000077], [34.69530046600005, 31.808459285000026], [34.680298693000054, 31.817660372000034], [34.67449800800006, 31.826361401000042], [34.69740071500007, 31.826861460000032], [34.71170240500004, 31.82306101100005], [34.72030342100004, 31.834262334000073], [34.71520281900007, 31.846063729000036], [34.721203528000046, 31.850664273000064], [34.72020341000007, 31.85566486400006], [34.72660416600007, 31.863265762000026], [34.72700421300004, 31.868366365000043], [34.68059872900005, 31.882668055000067]]]}}, {"type": "Feature", "properties": {"name": "Anseba Region", "country": "ERI"}, "geometry": {"type": "Polygon", "coordinates": [[[38.041389, 17.545556], [37.968333, 17.501389], [37.933889, 17.458611], [37.917222, 17.4475], [37.895556, 17.441389], [37.869722, 17.445], [37.856389, 17.452778], [37.840833, 17.478611], [37.831111, 17.483056], [37.818889, 17.481389], [37.7875, 17.465278], [37.775833, 17.434722], [37.759722, 17.423056], [37.754444, 17.393056], [37.735833, 17.376667], [37.702778, 17.368056], [37.594167, 17.351667], [37.573333, 17.344722], [37.541389, 17.327778], [37.516944, 17.325833], [37.5021368, 17.3164133], [37.4987209, 17.3068918], [37.5015601, 17.2927181], [37.5216235, 17.2744922], [37.5213199, 17.2648936], [37.4976652, 17.2546881], [37.5003831, 17.2420806], [37.4965431, 17.240617], [37.4963456, 17.2276198], [37.4926724, 17.2229396], [37.4983198, 17.2117901], [37.506835, 17.2058365], [37.5059796, 17.2010527], [37.4858146, 17.1903664], [37.4778074, 17.1698095], [37.470994, 17.163791], [37.471783, 17.1497914], [37.458599, 17.138952], [37.461931, 17.1220703], [37.4417366, 17.1013377], [37.4259867, 17.1012777], [37.4227093, 17.0940538], [37.4113341, 17.0868985], [37.4143521, 17.0766577], [37.4053473, 17.074319], [37.4045007, 17.0591452], [37.3957968, 17.0546651], [37.3906341, 17.0574994], [37.379494, 17.0567157], [37.3679412, 17.0623904], [37.3608598, 17.0626317], [37.344722, 17.056389], [37.306944, 17.061111], [37.2925, 17.054444], [37.266667, 17.031389], [37.252222, 17.025], [37.225833, 17.026389], [37.203333, 17.0325], [37.190278, 17.031389], [37.162778, 17.017222], [37.151944, 17.015556], [37.135833, 17.020833], [37.104444, 17.051111], [37.053333, 17.055278], [37.035833, 17.072778], [37.026111, 17.077222], [36.995833, 17.073889], [36.991389, 17.064444], [36.991667, 17.052778], [37.015, 17.020833], [37.018056, 17.003611], [37.011111, 16.9825], [36.990278, 16.954444], [36.986944, 16.943056], [36.988333, 16.9375], [37.007778, 16.921944], [37.013333, 16.913611], [37.008889, 16.87], [37.022222, 16.855278], [37.022778, 16.850556], [37.006944, 16.824167], [37.009167, 16.7825], [36.980556, 16.706111], [36.931667, 16.671389], [36.912222, 16.641111], [36.910833, 16.623889], [36.920278, 16.606111], [36.920278, 16.599167], [36.903056, 16.553056], [36.896389, 16.517778], [36.899444, 16.500556], [36.906111, 16.486667], [36.928056, 16.459444], [36.949722, 16.439167], [36.956944, 16.425278], [36.949167, 16.378333], [36.947778, 16.358333], [36.950278, 16.3475], [36.961944, 16.324444], [36.972222, 16.294167], [37.0024688, 16.2986283], [37.0248107, 16.2949561], [37.0738495, 16.2745172], [37.2629072, 16.1140291], [37.259681, 16.0743517], [37.254519, 16.0520297], [37.3558229, 16.0073782], [37.4151857, 15.942864], [37.4932607, 15.8932235], [37.553914, 15.8783289], [37.6055339, 15.8758464], [37.6481202, 15.8932235], [37.6900614, 15.8814321], [37.7791056, 15.8777083], [37.9255769, 15.8770877], [37.9584845, 15.8491573], [37.9830039, 15.84295], [38.0010709, 15.8237062], [38.0165568, 15.8230854], [38.0281713, 15.7814877], [38.0397858, 15.7603751], [38.0752744, 15.7796249], [38.1275395, 15.7994937], [38.1636734, 15.764722], [38.1746426, 15.7367761], [38.1714164, 15.7206278], [38.1456064, 15.6939182], [38.1410897, 15.6591285], [38.1675449, 15.6491874], [38.2301339, 15.6535367], [38.2920777, 15.669069], [38.3495048, 15.6398673], [38.4043509, 15.5976106], [38.4985571, 15.5621828], [38.5133978, 15.5659123], [38.5379172, 15.5839374], [38.5807109, 15.5971216], [38.6204054, 15.6221692], [38.69181, 15.623048], [38.7169043, 15.6190933], [38.7221512, 15.5635003], [38.7280826, 15.5410831], [38.7469212, 15.5306097], [38.7748671, 15.550868], [38.8031551, 15.5640543], [38.8395418, 15.5693285], [38.8442185, 15.5897651], [38.8738447, 15.6013325], [38.8683696, 15.6665803], [38.8451004, 15.7214865], [38.8519443, 15.7553014], [38.8469255, 15.793062], [38.8309564, 15.8224753], [38.8364315, 15.8505675], [38.8291313, 15.8672455], [38.7935431, 15.8742673], [38.7551001, 15.8920465], [38.7214542, 15.8777782], [38.6685281, 15.8962091], [38.6302023, 15.9023524], [38.5937016, 15.898842], [38.5572008, 15.9041076], [38.5298253, 15.9234136], [38.490587, 15.9734251], [38.4522612, 15.986584], [38.4285357, 16.0102677], [38.4066353, 16.0400877], [38.414848, 16.0953306], [38.439486, 16.1365335], [38.464124, 16.19876], [38.464124, 16.2592148], [38.4349234, 16.316148], [38.3482341, 16.3555536], [38.3354589, 16.4098327], [38.319946, 16.4413426], [38.2925705, 16.4570957], [38.2505946, 16.447469], [38.2159189, 16.490348], [38.2159189, 16.5664566], [38.2223066, 16.5961921], [38.2040562, 16.6276716], [38.1894559, 16.6442838], [38.1675555, 16.6565234], [38.1301422, 16.6573976], [38.0498406, 16.6888671], [38.0325027, 16.679252], [37.9576762, 16.6958597], [37.9649764, 16.7745079], [37.9996521, 16.8793216], [38.0060397, 16.9107544], [37.9804892, 16.9456736], [37.9668014, 17.0268356], [37.9969145, 17.0730734], [38.0297652, 17.1097066], [38.0388904, 17.1567959], [38.0524809, 17.2633954], [38.0289293, 17.43092], [38.0492546, 17.5007792], [38.041389, 17.545556]]]}}, {"type": "Feature", "properties": {"name": "Gash-Barka Region", "country": "ERI"}, "geometry": {"type": "Polygon", "coordinates": [[[36.972222, 16.294167], [36.974167, 16.2825], [36.971389, 16.264167], [36.961667, 16.252778], [36.931389, 16.234444], [36.920278, 16.224444], [36.915833, 16.215], [36.763611, 15.808056], [36.697778, 15.753056], [36.626111, 15.489444], [36.647778, 15.449722], [36.610556, 15.437222], [36.548333, 15.251944], [36.5342834, 15.2292989], [36.502663, 15.224225], [36.4333653, 15.1673817], [36.462778, 14.965556], [36.523611, 14.364444], [36.541667, 14.278056], [36.5486238, 14.2660981], [36.5602717, 14.2574213], [36.5661178, 14.2683069], [36.5583879, 14.2751733], [36.555588, 14.2838403], [36.5823907, 14.2922361], [36.5898804, 14.2858665], [36.6044517, 14.2958468], [36.614321, 14.2960787], [36.6250697, 14.3098324], [36.6334414, 14.3135034], [36.6506678, 14.3087084], [36.6642903, 14.3109976], [36.6745247, 14.3027155], [36.6907732, 14.3005354], [36.7155119, 14.3121812], [36.731368, 14.3136987], [36.737859, 14.3211441], [36.7437842, 14.3224916], [36.8189876, 14.316518], [36.8276163, 14.3184547], [36.8338884, 14.309045], [36.8348755, 14.3134729], [36.8432694, 14.3096748], [36.852891, 14.3221451], [36.8685599, 14.3213215], [36.8791853, 14.3150076], [36.896131, 14.3161622], [36.9007459, 14.3080471], [36.9334492, 14.300764], [36.9461146, 14.2932161], [36.9616382, 14.2950604], [36.9715144, 14.292728], [36.9757346, 14.2850203], [36.9844882, 14.2796455], [36.991549, 14.2666417], [37.0137803, 14.2512855], [37.0197248, 14.2521329], [37.0408445, 14.2669393], [37.065526, 14.2647662], [37.0773762, 14.2714139], [37.091298, 14.2702627], [37.0981071, 14.2741544], [37.09915, 14.2833474], [37.1072265, 14.2960357], [37.1084368, 14.3215407], [37.1031023, 14.3336661], [37.1049804, 14.3465622], [37.1118134, 14.3599673], [37.1164671, 14.3628057], [37.1188877, 14.3756663], [37.135452, 14.4095658], [37.1450329, 14.4097321], [37.1588831, 14.4199093], [37.1749127, 14.4166838], [37.1861458, 14.4199465], [37.2042024, 14.430441], [37.2094629, 14.4399156], [37.2224322, 14.4440469], [37.2295511, 14.4448677], [37.2464077, 14.4350607], [37.2606054, 14.4406007], [37.2845734, 14.4420488], [37.291224, 14.4471481], [37.3091138, 14.447924], [37.3119628, 14.4473247], [37.3164802, 14.433269], [37.3332381, 14.4278434], [37.3402488, 14.4150916], [37.3501891, 14.415332], [37.3488164, 14.4040272], [37.3580199, 14.3990956], [37.3637187, 14.3888342], [37.3730957, 14.3833885], [37.3721194, 14.3734842], [37.3804879, 14.3747314], [37.3836315, 14.3656374], [37.3926848, 14.3655345], [37.3898971, 14.3593701], [37.381245, 14.355842], [37.3802948, 14.3453902], [37.380454, 14.3424407], [37.3909287, 14.3427823], [37.4036487, 14.3357572], [37.4014193, 14.3253629], [37.4034893, 14.313769], [37.3945698, 14.3011255], [37.4044224, 14.291745], [37.4150748, 14.2903891], [37.4236163, 14.2789634], [37.43684, 14.2721264], [37.4458941, 14.2628612], [37.4476255, 14.2526246], [37.4690295, 14.2542877], [37.4714585, 14.2512459], [37.4710607, 14.2310445], [37.4662864, 14.2173062], [37.4768699, 14.2133694], [37.4813819, 14.2045864], [37.495837, 14.1971485], [37.496295, 14.183971], [37.5059566, 14.1810365], [37.5158877, 14.1859182], [37.522999, 14.1820571], [37.5276004, 14.1845101], [37.9128619, 14.8944684], [37.9212459, 14.8915423], [37.925504, 14.8755043], [37.9309454, 14.8758493], [37.9314494, 14.8703048], [37.9370145, 14.8710823], [37.9447491, 14.8613741], [37.9420934, 14.8513581], [37.950609, 14.8474787], [37.9496016, 14.8391093], [37.959515, 14.8378662], [37.962126, 14.8330253], [37.9665112, 14.8326096], [37.971356, 14.8122202], [37.9689236, 14.8016582], [37.9741747, 14.8014721], [37.9848417, 14.8100794], [37.984848, 14.801275], [37.9903238, 14.7933984], [37.989777, 14.7776244], [37.9939942, 14.7748952], [38.0006054, 14.7778984], [38.0040985, 14.7667322], [38.0166601, 14.7670152], [38.0218428, 14.7584845], [38.0169151, 14.7421709], [38.027681, 14.7373678], [38.0446078, 14.7202042], [38.0565419, 14.7154744], [38.066835, 14.7182688], [38.079975, 14.7145165], [38.0918481, 14.716655], [38.0949678, 14.7097422], [38.1061799, 14.7075385], [38.1102955, 14.6969552], [38.1136403, 14.6986834], [38.1228764, 14.6928663], [38.1347614, 14.6915939], [38.1432766, 14.6755015], [38.1536799, 14.6813787], [38.1662332, 14.6800498], [38.1791043, 14.6848972], [38.187354, 14.6786174], [38.1894261, 14.6932916], [38.1922481, 14.694881], [38.1985157, 14.6944723], [38.204701, 14.6896521], [38.2167242, 14.6916708], [38.2207886, 14.686889], [38.2356635, 14.6912363], [38.2436267, 14.6877804], [38.2456851, 14.6826179], [38.2498397, 14.6838564], [38.2495734, 14.6794353], [38.2572058, 14.6801308], [38.2615201, 14.6741322], [38.2778138, 14.6921093], [38.2950249, 14.7035906], [38.3169839, 14.6905784], [38.3438886, 14.695171], [38.3610997, 14.7204288], [38.3755412, 14.7556317], [38.4002839, 14.7883559], [38.4006796, 14.8185754], [38.3373743, 14.8487907], [38.3001825, 14.8805313], [38.3017651, 14.9191491], [38.3587398, 14.9596712], [38.3729835, 14.9826048], [38.4513237, 15.0162364], [38.4560716, 15.089214], [38.4252103, 15.120537], [38.3927664, 15.1774413], [38.4018665, 15.1976788], [38.438267, 15.1850783], [38.485746, 15.180878], [38.5264987, 15.1816417], [38.5399511, 15.1923332], [38.5514251, 15.2114239], [38.58743, 15.1919514], [38.6238305, 15.1904241], [38.661418, 15.2011152], [38.696071, 15.2163614], [38.682653, 15.2430475], [38.6812839, 15.258899], [38.7097628, 15.2834665], [38.7152395, 15.3030128], [38.7401585, 15.3183315], [38.7368725, 15.3344414], [38.7420754, 15.363753], [38.7415277, 15.4115405], [38.7524811, 15.4286991], [38.7623392, 15.4616923], [38.7533026, 15.4743604], [38.7442661, 15.5168454], [38.7469212, 15.5306097], [38.7280826, 15.5410831], [38.7221512, 15.5635003], [38.7169043, 15.6190933], [38.69181, 15.623048], [38.6204054, 15.6221692], [38.5807109, 15.5971216], [38.5379172, 15.5839374], [38.5133978, 15.5659123], [38.4985571, 15.5621828], [38.4043509, 15.5976106], [38.3495048, 15.6398673], [38.2920777, 15.669069], [38.2301339, 15.6535367], [38.1675449, 15.6491874], [38.1410897, 15.6591285], [38.1456064, 15.6939182], [38.1714164, 15.7206278], [38.1746426, 15.7367761], [38.1636734, 15.764722], [38.1275395, 15.7994937], [38.0752744, 15.7796249], [38.0397858, 15.7603751], [38.0281713, 15.7814877], [38.0165568, 15.8230854], [38.0010709, 15.8237062], [37.9830039, 15.84295], [37.9584845, 15.8491573], [37.9255769, 15.8770877], [37.7791056, 15.8777083], [37.6900614, 15.8814321], [37.6481202, 15.8932235], [37.6055339, 15.8758464], [37.553914, 15.8783289], [37.4932607, 15.8932235], [37.4151857, 15.942864], [37.3558229, 16.0073782], [37.254519, 16.0520297], [37.259681, 16.0743517], [37.2629072, 16.1140291], [37.0738495, 16.2745172], [37.0248107, 16.2949561], [37.0024688, 16.2986283], [36.972222, 16.294167]]]}}, {"type": "Feature", "properties": {"name": "Debub Region", "country": "ERI"}, "geometry": {"type": "Polygon", "coordinates": [[[38.2615201, 14.6741322], [38.2662116, 14.6699242], [38.2651395, 14.6635477], [38.2688464, 14.6551139], [38.2672609, 14.6446016], [38.2743442, 14.6395802], [38.2691443, 14.6283352], [38.269395, 14.6183061], [38.2797674, 14.6128023], [38.2899268, 14.614974], [38.2908522, 14.6105407], [38.2974946, 14.6070702], [38.2971883, 14.5992929], [38.312826, 14.5897435], [38.3195984, 14.577972], [38.3162501, 14.5686812], [38.3207831, 14.5618138], [38.3203446, 14.5536744], [38.3317904, 14.5374366], [38.3410016, 14.5348543], [38.3457158, 14.5290146], [38.3471207, 14.5123266], [38.3583263, 14.5157465], [38.3671565, 14.4903853], [38.3712375, 14.4907184], [38.3759906, 14.485497], [38.3831378, 14.4874797], [38.3896322, 14.4839481], [38.3980873, 14.4879781], [38.4017029, 14.4698703], [38.42447, 14.4694935], [38.4232771, 14.4620183], [38.4293993, 14.4531907], [38.431374, 14.4347198], [38.437272, 14.430025], [38.4409665, 14.4321861], [38.4461319, 14.4293554], [38.446242, 14.4190682], [38.4509991, 14.4145188], [38.4579545, 14.4133073], [38.4719777, 14.4175386], [38.4766765, 14.4153509], [38.485159, 14.4245536], [38.4980456, 14.4150572], [38.5119384, 14.4173867], [38.5208602, 14.4073045], [38.5268358, 14.4176692], [38.549393, 14.4276323], [38.5557026, 14.4261262], [38.5576537, 14.4309366], [38.5701594, 14.4305431], [38.5727096, 14.4363226], [38.58131, 14.436197], [38.6036752, 14.4438415], [38.6127428, 14.4427058], [38.6166367, 14.4372403], [38.6211413, 14.4363743], [38.6321325, 14.4447792], [38.6470637, 14.4426892], [38.6572036, 14.4495745], [38.666312, 14.4486087], [38.6696114, 14.4560415], [38.6792358, 14.4557987], [38.6794935, 14.4596216], [38.6865691, 14.4600134], [38.6925298, 14.4654202], [38.7008102, 14.4655904], [38.7049076, 14.4708888], [38.7207268, 14.462955], [38.7248482, 14.464871], [38.7328379, 14.4618989], [38.7537111, 14.466657], [38.7550696, 14.4720779], [38.7700615, 14.468131], [38.7739525, 14.4728298], [38.7975258, 14.4669034], [38.8098208, 14.4764807], [38.8202538, 14.4788054], [38.8172385, 14.4838659], [38.8201469, 14.4882331], [38.8266997, 14.4857531], [38.8404329, 14.4900215], [38.8507367, 14.4999094], [38.8732165, 14.4974116], [38.8751695, 14.5012681], [38.8851938, 14.5003011], [38.9006537, 14.5048954], [38.9268294, 14.5278841], [38.9256911, 14.5337698], [38.9291536, 14.5370626], [38.9415213, 14.5399063], [38.9527452, 14.5346339], [38.9568358, 14.5404259], [38.973258, 14.5425459], [38.9809255, 14.5475342], [38.9839306, 14.5560331], [38.9932815, 14.5633544], [39.0039318, 14.579484], [39.0048214, 14.5904272], [39.0171504, 14.5961855], [39.0193304, 14.610317], [39.0133864, 14.6179477], [39.0135666, 14.6231584], [39.0198514, 14.6270287], [39.0215919, 14.6329492], [39.0249934, 14.6320327], [39.0333207, 14.6390806], [39.0367014, 14.6389624], [39.037141, 14.6348451], [39.0432123, 14.6344905], [39.0517114, 14.6401578], [39.0631214, 14.6408596], [39.0697293, 14.6371217], [39.0805989, 14.6365563], [39.0843184, 14.641147], [39.0906315, 14.6353847], [39.0980409, 14.6351588], [39.1122368, 14.6456882], [39.1253647, 14.6445926], [39.1290435, 14.6410755], [39.1382627, 14.6498667], [39.1537302, 14.6532286], [39.168513, 14.6491904], [39.157394, 14.63444], [39.157394, 14.60833], [39.176284, 14.59194], [39.178174, 14.58461], [39.205283, 14.56533], [39.241032, 14.563238], [39.24311, 14.555061], [39.240636, 14.545541], [39.248304, 14.542099], [39.2458227, 14.5356249], [39.249633, 14.534599], [39.253253, 14.522513], [39.2588653, 14.5209684], [39.261593, 14.5154575], [39.2623743, 14.503307], [39.2648813, 14.5027571], [39.2632465, 14.4903197], [39.266784, 14.484996], [39.257203, 14.480833], [39.24497, 14.46533], [39.237354, 14.460596], [39.233807, 14.451417], [39.227767, 14.450227], [39.238132, 14.434562], [39.242849, 14.415308], [39.249027, 14.415433], [39.2485769, 14.4123078], [39.254541, 14.410123], [39.265575, 14.413538], [39.273231, 14.437074], [39.301334, 14.46992], [39.324974, 14.47075], [39.346443, 14.46625], [39.328644, 14.49394], [39.352473, 14.48322], [39.360033, 14.48331], [39.357563, 14.49644], [39.366393, 14.49519], [39.355943, 14.50883], [39.360504, 14.51539], [39.357923, 14.52753], [39.360943, 14.53319], [39.368643, 14.52658], [39.373114, 14.5395], [39.383064, 14.54072], [39.3887324, 14.5370126], [39.397724, 14.54339], [39.403364, 14.53703], [39.406144, 14.52592], [39.417444, 14.5265], [39.419173, 14.51361], [39.433504, 14.51608], [39.447584, 14.50531], [39.466674, 14.50756], [39.472863, 14.50017], [39.489444, 14.50519], [39.493643, 14.50233], [39.495864, 14.48406], [39.502215, 14.483463], [39.504711, 14.486776], [39.5139, 14.488594], [39.517034, 14.48458], [39.525851, 14.485835], [39.530197, 14.491846], [39.538023, 14.491425], [39.540019, 14.500521], [39.53087, 14.506073], [39.528677, 14.503672], [39.520062, 14.509261], [39.516837, 14.508217], [39.506667, 14.522247], [39.509365, 14.552005], [39.516096, 14.560232], [39.529267, 14.566244], [39.532281, 14.58417], [39.538919, 14.585366], [39.540729, 14.589328], [39.549382, 14.587179], [39.554975, 14.589155], [39.560811, 14.597733], [39.569729, 14.59761], [39.572533, 14.601629], [39.578549, 14.602024], [39.579061, 14.605967], [39.585078, 14.605413], [39.586794, 14.609022], [39.588573, 14.6043], [39.5933484, 14.607133], [39.5939435, 14.6031344], [39.609159, 14.605206], [39.607653, 14.602211], [39.609888, 14.600296], [39.611911, 14.602418], [39.614455, 14.596952], [39.618501, 14.600655], [39.623678, 14.5985], [39.62589, 14.603653], [39.630074, 14.599731], [39.631314, 14.603154], [39.634714, 14.601296], [39.639219, 14.604311], [39.6329132, 14.6144034], [39.6301845, 14.6112404], [39.6277402, 14.6148709], [39.6307814, 14.6156135], [39.6279391, 14.6184463], [39.6282802, 14.6319773], [39.6243053, 14.6343461], [39.6291027, 14.6564476], [39.6167311, 14.6818349], [39.6174809, 14.7028679], [39.6414743, 14.7336884], [39.6444734, 14.7750173], [39.6628433, 14.8087272], [39.6527212, 14.8514913], [39.6410994, 14.8529408], [39.6321019, 14.8598257], [39.6178558, 14.8873631], [39.6036098, 14.8790298], [39.5927378, 14.8779428], [39.5758675, 14.8877254], [39.5676198, 14.9101876], [39.5563729, 14.9250402], [39.5398775, 14.9221422], [39.5387528, 14.9594511], [39.5218825, 14.9590889], [39.4971394, 14.9721274], [39.4836431, 14.9931321], [39.462274, 15.0155832], [39.4375309, 15.0213766], [39.4127878, 15.032601], [39.3906689, 15.0655465], [39.3644262, 15.0771305], [39.3201885, 15.1288889], [39.2628294, 15.1437264], [39.2564562, 15.1712272], [39.2242151, 15.1853381], [39.192349, 15.2403254], [39.1473615, 15.2688987], [39.1128711, 15.269622], [39.0858786, 15.2862578], [39.0742568, 15.2811949], [39.0648844, 15.2515382], [39.0547622, 15.2388786], [39.0371248, 15.2384638], [38.9955286, 15.1726745], [38.9539152, 15.1299746], [38.9287972, 15.1306984], [38.8287, 15.1683326], [38.8242012, 15.1791873], [38.7439735, 15.2110248], [38.696071, 15.2163614], [38.661418, 15.2011152], [38.6238305, 15.1904241], [38.58743, 15.1919514], [38.5514251, 15.2114239], [38.5399511, 15.1923332], [38.5264987, 15.1816417], [38.485746, 15.180878], [38.438267, 15.1850783], [38.4018665, 15.1976788], [38.3927664, 15.1774413], [38.4252103, 15.120537], [38.4560716, 15.089214], [38.4513237, 15.0162364], [38.3729835, 14.9826048], [38.3587398, 14.9596712], [38.3017651, 14.9191491], [38.3001825, 14.8805313], [38.3373743, 14.8487907], [38.4006796, 14.8185754], [38.4002839, 14.7883559], [38.3755412, 14.7556317], [38.3610997, 14.7204288], [38.3438886, 14.695171], [38.3169839, 14.6905784], [38.2950249, 14.7035906], [38.2778138, 14.6921093], [38.2615201, 14.6741322]]]}}, {"type": "Feature", "properties": {"name": "Maekel Region", "country": "ERI"}, "geometry": {"type": "Polygon", "coordinates": [[[38.7469212, 15.5306097], [38.7442661, 15.5168454], [38.7533026, 15.4743604], [38.7623392, 15.4616923], [38.7524811, 15.4286991], [38.7415277, 15.4115405], [38.7420754, 15.363753], [38.7368725, 15.3344414], [38.7401585, 15.3183315], [38.7152395, 15.3030128], [38.7097628, 15.2834665], [38.6812839, 15.258899], [38.682653, 15.2430475], [38.696071, 15.2163614], [38.7439735, 15.2110248], [38.8242012, 15.1791873], [38.8287, 15.1683326], [38.9287972, 15.1306984], [38.9539152, 15.1299746], [38.9955286, 15.1726745], [39.0371248, 15.2384638], [39.0363464, 15.2992877], [39.0264868, 15.3275661], [39.0070271, 15.3708521], [38.9976864, 15.3801086], [38.9813402, 15.3891146], [38.9810807, 15.4699006], [38.9315233, 15.4954055], [38.9167339, 15.5089068], [38.9182907, 15.5281571], [38.9042797, 15.552155], [38.9094689, 15.5756502], [38.8933822, 15.5941445], [38.8738447, 15.6013325], [38.8442185, 15.5897651], [38.8395418, 15.5693285], [38.8031551, 15.5640543], [38.7748671, 15.550868], [38.7469212, 15.5306097]]]}}, {"type": "Feature", "properties": {"name": "Northen Red Sea Region", "country": "ERI"}, "geometry": {"type": "MultiPolygon", "coordinates": [[[[40.8726976, 15.4980329], [40.8774006, 15.504174], [40.8733286, 15.5091018], [40.8677372, 15.507604], [40.8627626, 15.5156299], [40.851529, 15.5069678], [40.8573158, 15.5006089], [40.8589357, 15.5035575], [40.8645074, 15.5028661], [40.8726976, 15.4980329]]], [[[40.78135, 15.493905319022396], [40.7884534, 15.4925492], [40.7878891, 15.4886904], [40.7926784, 15.4896819], [40.8041843, 15.4995036], [40.834027, 15.5102043], [40.8348875, 15.5174086], [40.8152841, 15.5234944], [40.8017373, 15.5236053], [40.7891486, 15.5116027], [40.78135, 15.493905319022396]]], [[[40.7457916, 15.4729287], [40.7641014, 15.486821], [40.7621405, 15.4904424], [40.7446518, 15.4953455], [40.7460218, 15.5003576], [40.7391237, 15.5013129], [40.734858, 15.4994152], [40.739328, 15.4939712], [40.736286, 15.4795717], [40.740218, 15.4733593], [40.7457916, 15.4729287]]], [[[40.6934314, 15.7914264], [40.6952317, 15.8000411], [40.6917438, 15.8124311], [40.695807, 15.8211565], [40.6934375, 15.8241365], [40.6849174, 15.8073331], [40.6874558, 15.7926324], [40.6934314, 15.7914264]]], [[[40.781227410187896, 15.687690605921162], [40.7867647, 15.6965452], [40.7862824, 15.7022152], [40.769252, 15.7005509], [40.7758515, 15.6950888], [40.7760339, 15.6854286], [40.781227410187896, 15.687690605921162]]], [[[40.6461304, 15.6982931], [40.6512079, 15.7014749], [40.6476864, 15.7100013], [40.6566753, 15.7199782], [40.6532593, 15.7250262], [40.6487233, 15.7231292], [40.6439724, 15.7110595], [40.6424341, 15.7015411], [40.6461304, 15.6982931]]], [[[40.7724676, 15.7447353], [40.7664038, 15.7402371], [40.7687814, 15.738415], [40.7730963, 15.7453339], [40.7704727, 15.749476], [40.7524077, 15.7516826], [40.7411851, 15.745462], [40.7231124, 15.746765], [40.7286249, 15.738222], [40.7459409, 15.7418181], [40.7482692, 15.734202], [40.7724676, 15.7447353]]], [[[40.78135, 15.56442433034682], [40.7943385, 15.5588211], [40.8065806, 15.5611683], [40.8127294, 15.5654962], [40.813193, 15.5729613], [40.7949906, 15.5727238], [40.7927574, 15.5757043], [40.7948265, 15.5844442], [40.7900361, 15.5835812], [40.7795861, 15.5734932], [40.78135, 15.56442433034682]]], [[[40.6999761, 15.5603418], [40.7053207, 15.5640356], [40.705703, 15.5781987], [40.702573, 15.5853055], [40.6978136, 15.5720781], [40.6999761, 15.5603418]]], [[[40.78135, 15.628671597472032], [40.7893495, 15.6269851], [40.7995024, 15.6330832], [40.7921371, 15.6419002], [40.7852302, 15.6423425], [40.774795, 15.6343147], [40.78135, 15.628671597472032]]], [[[40.7184906, 15.6395275], [40.7229436, 15.6476061], [40.7215318, 15.6535411], [40.7319933, 15.6647913], [40.7138491, 15.6566921], [40.7125796, 15.647945], [40.7184906, 15.6395275]]], [[[40.0032271, 16.1977212], [40.0163399, 16.2073189], [40.0249333, 16.219257], [40.0264166, 16.2225987], [40.0233762, 16.227508], [40.0167101, 16.2275402], [40.0131768, 16.2144188], [40.0016742, 16.2070027], [40.0032271, 16.1977212]]], [[[40.2056143, 16.2480599], [40.2205387, 16.2466864], [40.2239613, 16.2395832], [40.2343495, 16.2378482], [40.2351197, 16.2330788], [40.2409968, 16.2348476], [40.2426547, 16.2441113], [40.2332894, 16.2388849], [40.2260019, 16.2462689], [40.2260866, 16.2599211], [40.2359428, 16.2794409], [40.2250038, 16.2787317], [40.2229229, 16.2872445], [40.217835, 16.2839251], [40.2070348, 16.2623489], [40.2056143, 16.2480599]]], [[[39.4761231, 16.0879971], [39.4638863, 16.0972991], [39.4642629, 16.087508], [39.4698384, 16.0787359], [39.4743153, 16.0563111], [39.4672263, 16.0439599], [39.4549577, 16.0383181], [39.4664087, 16.036103], [39.473612, 16.0403389], [39.4757647, 16.0493515], [39.483777, 16.0573205], [39.4847621, 16.0792179], [39.4661854, 16.1119797], [39.4598413, 16.1346659], [39.45373, 16.1431813], [39.4549388, 16.1470434], [39.4525468, 16.1501401], [39.4304348, 16.1562401], [39.4329485, 16.1478621], [39.4310719, 16.1429706], [39.4464712, 16.1156289], [39.4511206, 16.1089204], [39.4551167, 16.108139], [39.4504737, 16.1176816], [39.4540766, 16.1196058], [39.4572688, 16.1168943], [39.4673701, 16.1055361], [39.4761231, 16.0879971]]], [[[39.9698638, 16.1354036], [39.9749574, 16.1414348], [39.9749939, 16.1489056], [39.9688867, 16.1536988], [39.9630011, 16.1492178], [39.9617674, 16.1422675], [39.9698638, 16.1354036]]], [[[39.9668927, 16.1821751], [39.96895, 16.1667086], [39.9742549, 16.1612745], [39.9801621, 16.1700063], [39.9789016, 16.1846963], [39.9668927, 16.1821751]]], [[[40.0716657, 16.1832187], [40.0609036, 16.1647247], [40.0796237, 16.1759655], [40.080058, 16.1824034], [40.0862442, 16.1924187], [40.0845638, 16.2019586], [40.0757675, 16.202261], [40.0713139, 16.1922367], [40.0716657, 16.1832187]]], [[[40.1677801, 15.9342524], [40.1678285, 15.9426249], [40.159652, 15.9560647], [40.1468867, 15.9588375], [40.1423842, 15.9631123], [40.1431216, 15.9522889], [40.1480147, 15.9465954], [40.1677801, 15.9342524]]], [[[40.0301607, 15.9402354], [40.0351924, 15.9349296], [40.0447974, 15.9387476], [40.0541127, 15.9380587], [40.0628182, 15.948063], [40.0623047, 15.9516722], [40.0558384, 15.9625238], [40.0481002, 15.9594701], [40.0438063, 15.9530505], [40.0371548, 15.9541131], [40.0345173, 15.9590205], [40.0208471, 15.94131], [40.0336458, 15.9448559], [40.0346804, 15.9389256], [40.0301607, 15.9402354]]], [[[39.6121018, 15.9369324], [39.6090555, 15.9423514], [39.6104157, 15.9518804], [39.6052481, 15.9601394], [39.5953962, 15.9606822], [39.5955045, 15.9524374], [39.599889, 15.9490759], [39.6001407, 15.94418], [39.6060048, 15.9460953], [39.6121018, 15.9369324]]], [[[39.9479895, 15.9623811], [39.9529856, 15.9771726], [39.9467743, 15.9871182], [39.9422245, 15.9823726], [39.9397592, 15.9676988], [39.9464456, 15.9738524], [39.9479895, 15.9623811]]], [[[40.2874993, 16.0038949], [40.2786707, 15.997637], [40.2766955, 15.9801322], [40.2964277, 15.9842641], [40.3000113, 15.9825686], [40.3024513, 15.9892512], [40.2965414, 16.0019091], [40.2874993, 16.0038949]]], [[[40.1672093, 16.0195234], [40.1877935, 16.0321623], [40.1929339, 16.0455292], [40.1822819, 16.0461034], [40.1767362, 16.0543772], [40.1661188, 16.0610037], [40.1488011, 16.0608397], [40.1476936, 16.0535044], [40.1434231, 16.05211], [40.1378574, 16.0571633], [40.1337043, 16.0530637], [40.1377741, 16.0424802], [40.1329822, 16.0430208], [40.1412003, 16.0360217], [40.1560844, 16.0302746], [40.1629508, 16.0200616], [40.1672093, 16.0195234]]], [[[40.0559794, 15.9894432], [40.0847082, 15.9831176], [40.0921285, 15.9763822], [40.1086367, 15.9759118], [40.11025, 15.9787372], [40.1136524, 15.9921153], [40.1013143, 16.0004224], [40.1047511, 15.9957678], [40.1012776, 15.9937247], [40.0955057, 16.0097262], [40.0795855, 16.0210125], [40.0774511, 16.0203795], [40.0803311, 16.0110911], [40.0774056, 16.0118787], [40.0739197, 16.032505], [40.082927, 16.0479164], [40.0994751, 16.053628], [40.1178608, 16.0543056], [40.1237945, 16.0672842], [40.1177202, 16.0768476], [40.0879293, 16.0860175], [40.0818012, 16.0860485], [40.0854965, 16.0795896], [40.0812349, 16.0798688], [40.0649337, 16.0959224], [40.069107, 16.1038877], [40.0610958, 16.100707], [40.0483935, 16.1175144], [40.0411546, 16.109178], [40.039371, 16.0993974], [40.0457611, 16.0728319], [40.0518998, 16.0748627], [40.0556025, 16.0696923], [40.0566424, 16.0647926], [40.0523283, 16.0550245], [40.0485959, 16.0545275], [40.0469652, 16.0483528], [40.0211734, 16.058009], [40.0009332, 16.059521], [39.993459, 16.0565936], [39.9904799, 16.046818], [39.989363, 16.0094686], [39.9913242, 16.0019885], [40.0358282, 16.0068016], [40.046241, 16.0116458], [40.0600129, 15.9967659], [40.0559794, 15.9894432]]], [[[40.1583704, 16.1719449], [40.1614546, 16.1523503], [40.1569946, 16.1415552], [40.1454955, 16.1347903], [40.1313605, 16.1330625], [40.1250413, 16.1231785], [40.1287325, 16.0925038], [40.1409604, 16.0874152], [40.1537599, 16.0891496], [40.1602105, 16.0987754], [40.1660695, 16.0982282], [40.1647463, 16.1227079], [40.1570615, 16.1302203], [40.1635913, 16.1531114], [40.1674739, 16.156052], [40.1759799, 16.1521412], [40.1842467, 16.1528683], [40.2021341, 16.1577918], [40.1990055, 16.1694015], [40.1730256, 16.1935031], [40.1642089, 16.1902026], [40.1583704, 16.1719449]]], [[[39.7583038, 16.2918678], [39.7631147, 16.2942984], [39.7559659, 16.3082358], [39.7484789, 16.3036251], [39.7469907, 16.2982203], [39.7476414, 16.2938383], [39.7583038, 16.2918678]]], [[[39.9065764, 16.3130532], [39.9259661, 16.3234021], [39.9323613, 16.3218281], [39.9339884, 16.3273601], [39.9283963, 16.3295741], [39.925446, 16.326238], [39.9161039, 16.3252484], [39.9070459, 16.3279929], [39.9017032, 16.3264701], [39.9019546, 16.3231199], [39.8944814, 16.3223788], [39.8961124, 16.32907], [39.9038439, 16.3278774], [39.9118754, 16.3338973], [39.9060191, 16.3367563], [39.902323, 16.3452734], [39.8940712, 16.3495587], [39.8528118, 16.3413577], [39.8550694, 16.3389007], [39.8662846, 16.341045], [39.8737288, 16.3350891], [39.8769361, 16.3363639], [39.873457, 16.3339305], [39.8698931, 16.3375655], [39.8595999, 16.3377234], [39.8545141, 16.3338797], [39.8675971, 16.3361448], [39.8694498, 16.3327882], [39.8649167, 16.3333221], [39.8678458, 16.332022], [39.8609216, 16.3348842], [39.860093, 16.3284471], [39.8768685, 16.3211647], [39.8826925, 16.3110933], [39.8909514, 16.30874], [39.8928346, 16.3122095], [39.8995031, 16.3120528], [39.9081213, 16.3009385], [39.9060714, 16.2901273], [39.9095424, 16.2908854], [39.9105874, 16.2861145], [39.9132636, 16.2880355], [39.9065764, 16.3130532]]], [[[39.5381137, 16.3457447], [39.5326244, 16.3388024], [39.5364832, 16.3349283], [39.5650755, 16.3499246], [39.571479, 16.3497789], [39.5783921, 16.3413866], [39.5800048, 16.345376], [39.5712358, 16.3578946], [39.5381137, 16.3457447]]], [[[39.8045332, 16.312049], [39.8173739, 16.3206306], [39.8232839, 16.3303972], [39.8139558, 16.3327521], [39.8072373, 16.3209271], [39.8016192, 16.3170842], [39.8012008, 16.3127062], [39.8045332, 16.312049]]], [[[40.1748848, 16.5488473], [40.1713547, 16.5392078], [40.158521, 16.5367035], [40.1576922, 16.5320715], [40.1536797, 16.5309341], [40.1507996, 16.5406101], [40.1564168, 16.5421248], [40.159469, 16.5390167], [40.1535314, 16.5508989], [40.1524416, 16.5472987], [40.1464186, 16.5450135], [40.1424664, 16.5313826], [40.1320022, 16.5229388], [40.1312787, 16.5134117], [40.1363099, 16.5061717], [40.1290066, 16.4899827], [40.1351097, 16.4835097], [40.1357355, 16.4762936], [40.1401411, 16.4991957], [40.1588854, 16.5082369], [40.1684735, 16.5041912], [40.1724862, 16.5054567], [40.17006, 16.5016064], [40.1767856, 16.50994], [40.18774, 16.5110377], [40.1885567, 16.5136089], [40.1744938, 16.5283713], [40.1819262, 16.5430121], [40.1791632, 16.5497252], [40.1748848, 16.5488473]]], [[[39.3267015, 16.606951], [39.3311704, 16.6093857], [39.3292552, 16.6155159], [39.3323952, 16.6171515], [39.3239379, 16.6213418], [39.3220175, 16.6170255], [39.3194443, 16.6208771], [39.3176641, 16.6128599], [39.3267015, 16.606951]]], [[[40.0916535, 16.4707317], [40.097154, 16.4757266], [40.095181, 16.480889], [40.0914492, 16.4819389], [40.0866337, 16.4801606], [40.0853988, 16.4742422], [40.0916535, 16.4707317]]], [[[39.608537, 15.9026762], [39.6253187, 15.9055907], [39.65164, 15.8943061], [39.6659033, 15.9007036], [39.6530291, 15.9123367], [39.6512011, 15.9234206], [39.6416302, 15.9279576], [39.6261649, 15.9209183], [39.6186657, 15.9065121], [39.608537, 15.9026762]]], [[[40.2475566, 15.918865], [40.2590348, 15.9238219], [40.2588055, 15.929748], [40.2529575, 15.9311985], [40.2398454, 15.9203265], [40.2475566, 15.918865]]], [[[39.927047, 15.8961343], [39.9442127, 15.8950294], [39.9389676, 15.9120555], [39.9347045, 15.9113012], [39.927047, 15.8961343]]], [[[40.169977, 15.8998504], [40.1801216, 15.9048181], [40.1859543, 15.9007937], [40.1902187, 15.9016715], [40.195592, 15.9100145], [40.1945637, 15.9162027], [40.1871129, 15.9167589], [40.1825527, 15.9108591], [40.1721409, 15.9057637], [40.169977, 15.8998504]]], [[[40.326943, 15.0528413], [40.3160973, 15.0566404], [40.3076008, 15.0544994], [40.299669, 15.0580231], [40.2927701, 15.0570322], [40.2947267, 15.0518685], [40.2873846, 15.0431514], [40.2903921, 15.0364363], [40.2891519, 15.0284571], [40.2757732, 15.0074079], [40.2768012, 15.0019921], [40.2645294, 14.9884066], [40.2702655, 14.9724023], [40.2803761, 14.9791723], [40.3073955, 14.9772156], [40.3316858, 15.0054127], [40.3513297, 15.0103208], [40.3518823, 15.0139241], [40.3439457, 15.0162896], [40.3376728, 15.0304952], [40.3366374, 15.0344939], [40.3424713, 15.0348464], [40.34025, 15.0400118], [40.326943, 15.0528413]]], [[[40.3983009, 15.019311], [40.4121246, 15.0255364], [40.4243117, 15.0246876], [40.4226525, 15.0343586], [40.4270469, 15.0374223], [40.4249605, 15.0425875], [40.4177815, 15.0392835], [40.408517, 15.0412728], [40.4015941, 15.0365502], [40.3983009, 15.019311]]], [[[40.4950856, 15.063388], [40.5051869, 15.0673143], [40.5084042, 15.0724449], [40.5068608, 15.0791527], [40.4975976, 15.0814031], [40.4840591, 15.0789163], [40.4782045, 15.075735], [40.4715025, 15.0649596], [40.4778869, 15.0681374], [40.4950856, 15.063388]]], [[[40.3471655, 15.1488111], [40.348019, 15.1579515], [40.3461919, 15.1625994], [40.341953, 15.1633976], [40.3389563, 15.1507924], [40.3471655, 15.1488111]]], [[[40.3143135, 15.1115226], [40.3390838, 15.1288947], [40.3406034, 15.1386751], [40.3381233, 15.1448724], [40.3282874, 15.1411946], [40.3202636, 15.1302937], [40.3128098, 15.1257], [40.303518, 15.1240788], [40.2995035, 15.1180485], [40.3058881, 15.1213606], [40.3040453, 15.1235605], [40.3085501, 15.1230192], [40.3091549, 15.1136133], [40.3143135, 15.1115226]]], [[[40.3175471, 15.0768543], [40.3366599, 15.0806065], [40.3422543, 15.0848244], [40.3424203, 15.0902334], [40.3247588, 15.0854426], [40.3164985, 15.0787929], [40.3175471, 15.0768543]]], [[[40.2616209, 15.0797486], [40.2762345, 15.0849484], [40.2746775, 15.0906246], [40.2664763, 15.0937622], [40.2555281, 15.0806846], [40.2616209, 15.0797486]]], [[[40.1668273, 15.1656498], [40.1771524, 15.1723044], [40.1746884, 15.1823647], [40.180136, 15.1919168], [40.1679269, 15.1773773], [40.1668273, 15.1656498]]], [[[40.2766207, 15.2377124], [40.2533489, 15.2508526], [40.233396, 15.2420758], [40.2289501, 15.2305075], [40.2352727, 15.2227441], [40.2358764, 15.2124361], [40.2688443, 15.2241029], [40.2766207, 15.2377124]]], [[[40.078225, 15.179611403752826], [40.0810518, 15.1837347], [40.0887324, 15.1812507], [40.0916649, 15.1840704], [40.096904, 15.1969266], [40.0938788, 15.2018362], [40.0843135, 15.1990485], [40.0853247, 15.1892537], [40.0762618, 15.1807954], [40.078225, 15.179611403752826]]], [[[40.078025, 15.197976752488687], [40.0769153, 15.2050095], [40.0838131, 15.2049764], [40.0859567, 15.2090881], [40.077887, 15.2053503], [40.0687044, 15.2077534], [40.0604547, 15.2027691], [40.053028, 15.20319], [40.0536723, 15.1994518], [40.0503451, 15.1971486], [40.0556362, 15.1941605], [40.0649441, 15.1986259], [40.0633587, 15.1999214], [40.0689535, 15.2045323], [40.0721045, 15.1980764], [40.0699796, 15.1975714], [40.078025, 15.197976752488687]]], [[[40.1624093, 15.2651257], [40.1759647, 15.2689193], [40.1754943, 15.2797418], [40.1688538, 15.278746], [40.1624093, 15.2651257]]], [[[40.078225, 15.235740385075527], [40.0842274, 15.2340866], [40.0898354, 15.2410155], [40.0901366, 15.24797], [40.0816405, 15.2471089], [40.0720255, 15.2349182], [40.0746706, 15.2332304], [40.078225, 15.235740385075527]]], [[[40.1261366, 15.2311749], [40.1322923, 15.241063], [40.1286263, 15.2502266], [40.1255501, 15.2457341], [40.126301, 15.2372287], [40.1224335, 15.2333837], [40.1261366, 15.2311749]]], [[[40.2813663, 15.122789], [40.2798061, 15.1279502], [40.2827743, 15.1364346], [40.2713262, 15.1511836], [40.2649762, 15.1537954], [40.2622368, 15.1615393], [40.2669049, 15.1658926], [40.2764094, 15.1584964], [40.2794628, 15.1591237], [40.2792782, 15.1725208], [40.2829108, 15.1810014], [40.2874475, 15.1854834], [40.2962035, 15.18582], [40.2990119, 15.189668], [40.2998391, 15.1948154], [40.2960255, 15.200118], [40.2617615, 15.1930995], [40.2542722, 15.1827083], [40.2351164, 15.1730247], [40.2305701, 15.1666091], [40.2348906, 15.1570536], [40.2339418, 15.153452], [40.2283633, 15.1519368], [40.2270847, 15.1372594], [40.2300858, 15.1287416], [40.2331323, 15.1282097], [40.2321577, 15.1200996], [40.24435, 15.1190022], [40.2540817, 15.1052948], [40.2813663, 15.122789]]], [[[39.74606418773292, 15.46885], [39.7398181, 15.4678843], [39.7413874, 15.4609227], [39.754765, 15.4505717], [39.7553961, 15.4412943], [39.7596376, 15.4389609], [39.7556365, 15.434337], [39.7582797, 15.4307209], [39.765988, 15.4322404], [39.7604261, 15.4366394], [39.7589909, 15.4438585], [39.7636418, 15.4443578], [39.7592696, 15.4474646], [39.7607406, 15.4500359], [39.7570271, 15.4515946], [39.7579704, 15.4554561], [39.7541387, 15.4608796], [39.7569453, 15.4657653], [39.7521532, 15.4995331], [39.7478983, 15.4985169], [39.7500145, 15.4959332], [39.746916, 15.4840922], [39.7375915, 15.4769093], [39.7395575, 15.4693018], [39.7454331, 15.4779136], [39.74606418773292, 15.46885]]], [[[39.8166549, 15.4832013], [39.8220454, 15.5026337], [39.8194, 15.5056059], [39.8162089, 15.5049741], [39.8147279, 15.5000843], [39.8166549, 15.4832013]]], [[[40.0054803, 15.5237739], [40.0138851, 15.5309489], [40.0116633, 15.5384305], [39.9894242, 15.5557924], [39.9819793, 15.5550528], [39.9795546, 15.5481076], [39.9939916, 15.5385108], [40.0054803, 15.5237739]]], [[[40.3567105, 15.477845], [40.3620668, 15.4845099], [40.3755739, 15.4783721], [40.3843437, 15.478962], [40.376111, 15.4792708], [40.3795949, 15.483886], [40.3721564, 15.483803], [40.3679496, 15.4903984], [40.3607984, 15.493662], [40.338764, 15.4959865], [40.3372579, 15.4890404], [40.3344675, 15.4887996], [40.3440171, 15.4866809], [40.3496247, 15.4911544], [40.357717, 15.4896885], [40.3493482, 15.4894821], [40.3477293, 15.485628], [40.3508742, 15.4790395], [40.3567105, 15.477845]]], [[[39.9006267, 15.4872553], [39.9058828, 15.5046246], [39.8993986, 15.5104475], [39.8961807, 15.5036337], [39.8878053, 15.5023793], [39.892667, 15.4897356], [39.9006267, 15.4872553]]], [[[39.9134231, 15.706989], [39.8997534, 15.7090441], [39.9081273, 15.6985771], [39.9126288, 15.6969361], [39.9170805, 15.7022733], [39.9134231, 15.706989]]], [[[39.9071844, 15.7100814], [39.9127828, 15.7130213], [39.9064031, 15.7138208], [39.9117373, 15.7171477], [39.907886, 15.7184518], [39.9168197, 15.7235671], [39.8992525, 15.7208064], [39.9000357, 15.7174539], [39.8963043, 15.7156658], [39.8992264, 15.7148809], [39.8978847, 15.7121808], [39.9071844, 15.7100814]]], [[[40.4936012, 15.7476862], [40.5038722, 15.7519944], [40.5022026, 15.759991], [40.4806441, 15.758078], [40.4936012, 15.7476862]]], [[[40.4435783, 15.7824108], [40.4539856, 15.7869779], [40.4565059, 15.78606], [40.4531703, 15.7845368], [40.4550176, 15.7824637], [40.4575829, 15.7878558], [40.4550966, 15.7935393], [40.4492551, 15.7951238], [40.4377416, 15.7846393], [40.4435783, 15.7824108]]], [[[40.1346847, 15.7768999], [40.1397435, 15.7776463], [40.1455061, 15.7853444], [40.147346, 15.8049133], [40.1162175, 15.8053331], [40.1137624, 15.7942682], [40.1222613, 15.791519], [40.1252842, 15.7849349], [40.1223549, 15.7844348], [40.1346847, 15.7768999]]], [[[40.2764275, 15.8110191], [40.2868567, 15.8193302], [40.2874248, 15.824994], [40.2810325, 15.8240013], [40.2767955, 15.8272459], [40.2618444, 15.8192195], [40.252793, 15.818499], [40.2559478, 15.8122983], [40.2705895, 15.8135011], [40.2764275, 15.8110191]]], [[[40.3583788, 15.8114241], [40.3693295, 15.8176659], [40.3682488, 15.8152261], [40.3774342, 15.8161983], [40.3638052, 15.8271032], [40.359778, 15.8217192], [40.3583788, 15.8114241]]], [[[39.9539701, 15.7048588], [39.942648, 15.7296403], [39.9431632, 15.7260313], [39.9373177, 15.7273445], [39.9339383, 15.7155082], [39.9241857, 15.7055019], [39.9310455, 15.6933644], [39.9395974, 15.702473], [39.9539701, 15.7048588]]], [[[40.1882072, 15.7396467], [40.1761827, 15.7300519], [40.1814902, 15.7279623], [40.1896092, 15.7062789], [40.1866988, 15.7088709], [40.1832269, 15.7063137], [40.1546007, 15.6760684], [40.1557417, 15.6662729], [40.1635499, 15.6599197], [40.1755144, 15.6598558], [40.2097672, 15.6747399], [40.2066289, 15.7061855], [40.2145391, 15.717219], [40.2137961, 15.726497], [40.2054979, 15.7399387], [40.1882072, 15.7396467]]], [[[40.6167878, 15.5914911], [40.6283179, 15.6045421], [40.6450109, 15.5982361], [40.647618, 15.5919057], [40.6487314, 15.5982083], [40.6445144, 15.6026186], [40.630447, 15.6049124], [40.6280552, 15.6049301], [40.6189955, 15.6019061], [40.6144757, 15.6016818], [40.6078129, 15.5992841], [40.6109416, 15.591534], [40.6167878, 15.5914911]]], [[[40.0636594, 15.676014], [40.0833861, 15.6602024], [40.0828068, 15.6511886], [40.0738414, 15.6398974], [40.0581327, 15.6354648], [40.0371399, 15.6374977], [40.0474742, 15.6307505], [40.0455846, 15.6250917], [40.0304561, 15.6300582], [40.0227988, 15.6406566], [40.0177562, 15.6424835], [40.0057357, 15.6309458], [39.998021, 15.6299505], [40.0048148, 15.633011], [40.0104419, 15.6420021], [40.0029292, 15.6551754], [39.9915342, 15.6630845], [39.9862144, 15.6627225], [39.9869627, 15.6524141], [39.9897489, 15.651371], [39.9869417, 15.6480344], [39.9901086, 15.6431253], [39.9842509, 15.6413483], [39.9787595, 15.6606949], [39.9737075, 15.6607174], [39.9727098, 15.6746337], [39.9554079, 15.6795115], [39.9638944, 15.6799402], [39.9610651, 15.6865362], [39.9700957, 15.6841776], [39.9682562, 15.6888231], [39.9539487, 15.6993571], [39.944638, 15.6997467], [39.9390366, 15.696164], [39.9546354, 15.6736223], [39.9565138, 15.6515184], [39.9684408, 15.6434797], [39.9661428, 15.6352457], [39.9583957, 15.6272932], [39.963827, 15.6234049], [39.9627444, 15.6192877], [39.9743048, 15.6183346], [39.9790415, 15.6081374], [39.9954909, 15.6014937], [40.0026735, 15.6026207], [40.00777, 15.6120004], [40.0189169, 15.6083421], [40.0247515, 15.6056105], [40.0231477, 15.6038146], [40.0337636, 15.6004157], [40.0460645, 15.5887644], [40.0552249, 15.586788], [40.0557112, 15.5778982], [40.0705868, 15.5762806], [40.070619, 15.5824633], [40.0674135, 15.5793875], [40.0642321, 15.5809487], [40.0687664, 15.584018], [40.0929535, 15.5840277], [40.0961272, 15.5810496], [40.1020011, 15.5860435], [40.1185078, 15.5911125], [40.1202594, 15.5956124], [40.1166966, 15.6002677], [40.1212048, 15.5983121], [40.1217554, 15.6017876], [40.1238852, 15.6024204], [40.1379466, 15.5975826], [40.1601948, 15.5834257], [40.1809679, 15.5907859], [40.1873327, 15.5883049], [40.2033043, 15.5924682], [40.224835, 15.5927362], [40.2359686, 15.5877793], [40.2601353, 15.5845508], [40.2715349, 15.5798483], [40.287667, 15.5670025], [40.3118183, 15.5619657], [40.3224477, 15.561902], [40.3277954, 15.567022], [40.361067, 15.5750621], [40.4050928, 15.5619056], [40.4248968, 15.5629379], [40.4222312, 15.5809867], [40.4141357, 15.601904], [40.4132756, 15.6315328], [40.4066593, 15.6358252], [40.3928141, 15.6325648], [40.3796674, 15.6144878], [40.3615695, 15.6109944], [40.3562654, 15.6128303], [40.3608137, 15.6173098], [40.3695646, 15.6141641], [40.3762259, 15.6165701], [40.3735661, 15.6163293], [40.3730568, 15.6196812], [40.3754593, 15.6212117], [40.3757098, 15.6188917], [40.383468, 15.6263132], [40.3853669, 15.6319685], [40.3813883, 15.6332814], [40.3811034, 15.6304497], [40.3798209, 15.6374128], [40.3771471, 15.6351113], [40.3655176, 15.6452302], [40.3506646, 15.6504744], [40.3448009, 15.648192], [40.3417843, 15.6340425], [40.338871, 15.6357343], [40.3369827, 15.6314958], [40.3290247, 15.6341202], [40.3298387, 15.6366912], [40.3356728, 15.6344657], [40.3391577, 15.638953], [40.3290528, 15.6384992], [40.3428996, 15.6420212], [40.3410774, 15.6479571], [40.3373573, 15.6482376], [40.3408602, 15.6554288], [40.3326574, 15.6523678], [40.336229, 15.6588059], [40.3296185, 15.6848637], [40.3142364, 15.6911393], [40.2576485, 15.699586], [40.2200658, 15.6849871], [40.2195049, 15.6800956], [40.2117483, 15.6724105], [40.2382911, 15.6646621], [40.2611792, 15.668267], [40.2832436, 15.6676237], [40.2861319, 15.6618102], [40.3023326, 15.6590102], [40.3017601, 15.6525734], [40.2918871, 15.6468354], [40.2706543, 15.6526267], [40.259209, 15.6505037], [40.2510406, 15.6407613], [40.252013, 15.6258146], [40.2483812, 15.6186222], [40.230282, 15.6147309], [40.1854121, 15.6241234], [40.1673753, 15.6311758], [40.1589162, 15.6397218], [40.1489578, 15.6655358], [40.1486881, 15.6887225], [40.1439319, 15.6941574], [40.1362018, 15.714807], [40.1352165, 15.7289808], [40.1330888, 15.728992], [40.1416159, 15.7557393], [40.1426093, 15.7668115], [40.1364794, 15.7647827], [40.1392042, 15.7763611], [40.1312269, 15.7770464], [40.120744, 15.7832925], [40.1216577, 15.7801963], [40.1180468, 15.7766084], [40.09782, 15.7751657], [40.0890684, 15.7803621], [40.0835309, 15.7896641], [40.0835611, 15.7953315], [40.0867654, 15.7975049], [40.093697, 15.8000462], [40.0987403, 15.7978315], [40.1034197, 15.8021872], [40.1042795, 15.8135179], [40.09469, 15.8362367], [40.0814504, 15.8486688], [40.0742648, 15.8487045], [40.0291125, 15.8666997], [40.0166708, 15.8802831], [39.9719659, 15.8831943], [39.9534959, 15.8877752], [39.9550583, 15.8804256], [39.9686213, 15.877789], [39.9821201, 15.8620132], [40.0119486, 15.8657403], [40.0220437, 15.8619578], [40.026798, 15.854722], [40.040455, 15.8451249], [40.0453948, 15.8224307], [40.0441752, 15.8180571], [40.0369698, 15.8139696], [40.0351282, 15.8181004], [40.0274024, 15.8163336], [40.0128122, 15.825419], [40.0107166, 15.832127], [39.9874248, 15.8033805], [39.9920787, 15.7755359], [40.0022153, 15.7810278], [40.0125663, 15.7759568], [40.0237419, 15.7762904], [40.0287882, 15.7745926], [40.0244992, 15.7681723], [39.9976056, 15.763273], [39.9920524, 15.7701259], [39.9782087, 15.7681275], [39.9635926, 15.7715417], [39.9506155, 15.7842225], [39.9333401, 15.7882902], [39.9320971, 15.7783773], [39.9357888, 15.7711479], [39.9332347, 15.7652335], [39.936439, 15.767796], [39.938144, 15.7626361], [39.933483, 15.7613679], [39.9305815, 15.7667905], [39.9236471, 15.7629557], [39.9283468, 15.7433558], [39.9233426, 15.7250855], [39.9269332, 15.724941], [39.9413594, 15.7386627], [39.9405378, 15.7335138], [39.9424052, 15.7346646], [39.9447771, 15.7298886], [39.9500848, 15.7272893], [39.952771, 15.7329455], [39.9540804, 15.7285601], [39.9514099, 15.726253], [39.9569582, 15.7182422], [39.9609827, 15.7256958], [39.9657795, 15.7276064], [39.9669631, 15.7248965], [39.968463, 15.7326187], [39.9762129, 15.7401836], [39.9887185, 15.7409001], [40.0014692, 15.7373645], [39.9982673, 15.7353182], [40.0096997, 15.734235], [40.0051677, 15.732195], [40.0253573, 15.727077], [40.0205705, 15.7272286], [40.0294567, 15.7225497], [40.0266672, 15.7230782], [40.0303712, 15.7191963], [40.0271822, 15.7197266], [40.0420068, 15.7060024], [40.0481864, 15.6923188], [40.0599953, 15.6873672], [40.0636594, 15.676014]]], [[[40.5919065, 15.8708818], [40.6087025, 15.8747495], [40.6151866, 15.8869361], [40.5977009, 15.896982], [40.592629, 15.8950882], [40.5886086, 15.8915118], [40.5876222, 15.8845647], [40.5919065, 15.8708818]]], [[[39.9129828, 15.817231], [39.9172886, 15.8279048], [39.9039805, 15.8274455], [39.9044727, 15.8184264], [39.9129828, 15.817231]]], [[[40.5589305, 15.8219254], [40.5665111, 15.8216133], [40.5680534, 15.8319049], [40.5636937, 15.8358], [40.5651133, 15.8473806], [40.5621874, 15.8475301], [40.5577325, 15.8391915], [40.5573796, 15.8278607], [40.5589305, 15.8219254]]], [[[40.3508478, 15.8792183], [40.3554006, 15.8834398], [40.3718999, 15.883078], [40.3779131, 15.8867752], [40.3776979, 15.8942468], [40.3725571, 15.9014921], [40.3704312, 15.9020207], [40.3634153, 15.8878975], [40.3551449, 15.8849869], [40.3508478, 15.8792183]]], [[[40.0880323, 15.8740015], [40.0894935, 15.8982099], [40.0863039, 15.8991271], [40.0823891, 15.8889714], [40.0880323, 15.8740015]]], [[[40.497758, 15.8428333], [40.5070984, 15.8465041], [40.5119415, 15.8536825], [40.5118408, 15.858062], [40.5048383, 15.8646785], [40.4941192, 15.8545789], [40.4928531, 15.8453147], [40.497758, 15.8428333]]], [[[40.1366843, 15.8491493], [40.1417521, 15.8511837], [40.1440464, 15.8569682], [40.1375728, 15.8652459], [40.1304086, 15.8691476], [40.1040761, 15.8723749], [40.1024065, 15.8589875], [40.1366843, 15.8491493]]], [[[38.8738447, 15.6013325], [38.8933822, 15.5941445], [38.9094689, 15.5756502], [38.9042797, 15.552155], [38.9182907, 15.5281571], [38.9167339, 15.5089068], [38.9315233, 15.4954055], [38.9810807, 15.4699006], [38.9813402, 15.3891146], [38.9976864, 15.3801086], [39.0070271, 15.3708521], [39.0264868, 15.3275661], [39.0363464, 15.2992877], [39.0371248, 15.2384638], [39.0547622, 15.2388786], [39.0648844, 15.2515382], [39.0742568, 15.2811949], [39.0858786, 15.2862578], [39.1128711, 15.269622], [39.1473615, 15.2688987], [39.192349, 15.2403254], [39.2242151, 15.1853381], [39.2564562, 15.1712272], [39.2628294, 15.1437264], [39.3201885, 15.1288889], [39.3644262, 15.0771305], [39.3906689, 15.0655465], [39.4127878, 15.032601], [39.4375309, 15.0213766], [39.462274, 15.0155832], [39.4836431, 14.9931321], [39.4971394, 14.9721274], [39.5218825, 14.9590889], [39.5387528, 14.9594511], [39.5398775, 14.9221422], [39.5563729, 14.9250402], [39.5676198, 14.9101876], [39.5758675, 14.8877254], [39.5927378, 14.8779428], [39.6036098, 14.8790298], [39.6178558, 14.8873631], [39.6321019, 14.8598257], [39.6410994, 14.8529408], [39.6527212, 14.8514913], [39.6628433, 14.8087272], [39.6444734, 14.7750173], [39.6414743, 14.7336884], [39.6174809, 14.7028679], [39.6167311, 14.6818349], [39.6291027, 14.6564476], [39.6243053, 14.6343461], [39.6282802, 14.6319773], [39.6279391, 14.6184463], [39.6307814, 14.6156135], [39.6277402, 14.6148709], [39.6301845, 14.6112404], [39.6329132, 14.6144034], [39.639219, 14.604311], [39.643438, 14.604895], [39.645026, 14.59874], [39.655461, 14.597034], [39.65811, 14.591642], [39.661833, 14.594414], [39.666282, 14.592947], [39.669049, 14.598341], [39.676233, 14.589435], [39.680089, 14.593788], [39.68685, 14.592005], [39.688227, 14.583209], [39.699113, 14.574973], [39.701502, 14.566735], [39.713171, 14.555449], [39.717887, 14.55736], [39.731787, 14.550839], [39.758536, 14.549761], [39.770087, 14.546152], [39.770391, 14.535812], [39.776061, 14.535346], [39.788201, 14.518552], [39.786883, 14.5142], [39.796446, 14.510888], [39.794097, 14.503208], [39.804538, 14.503912], [39.815025, 14.486706], [39.820515, 14.48388], [39.838351, 14.490417], [39.872942, 14.46732], [39.918921, 14.421558], [39.930448, 14.415153], [39.946948, 14.414482], [39.974013, 14.429822], [39.974203, 14.438665], [39.9823845, 14.4441847], [39.981575, 14.448558], [39.988701, 14.454797], [40.008617, 14.448291], [40.012353, 14.45393], [40.015284, 14.472815], [40.019789, 14.474678], [40.022778, 14.471596], [40.030344, 14.476339], [40.033793, 14.486427], [40.037748, 14.486704], [40.038791, 14.491615], [40.045931, 14.495085], [40.042667, 14.500632], [40.036827, 14.502935], [40.038227, 14.50723], [40.052791, 14.520292], [40.055042, 14.525876], [40.068261, 14.534272], [40.069291, 14.540404], [40.08551, 14.543003], [40.093333, 14.548332], [40.132839, 14.546634], [40.141622, 14.538757], [40.147533, 14.53925], [40.2131918, 14.3871122], [40.259453, 14.4110632], [40.3649902, 14.3662517], [40.4957416, 14.5891701], [40.5318816, 14.601252], [40.5529085, 14.6266853], [40.5614506, 14.6559299], [40.5581652, 14.6908913], [40.5377954, 14.7182207], [40.5364812, 14.8071767], [40.5259677, 14.8408434], [40.5174256, 14.9329236], [40.5146542, 14.9436051], [40.509916, 14.9480156], [40.5111385, 14.9523866], [40.5062804, 14.9586011], [40.4990892, 14.9532388], [40.4879843, 14.9566603], [40.4780431, 14.9752723], [40.466921, 14.9763743], [40.4658155, 14.9696839], [40.4607671, 14.9676554], [40.4552497, 14.9746459], [40.4520699, 14.9746663], [40.4520438, 14.9708024], [40.4430777, 14.9772993], [40.4425789, 14.9819394], [40.4471009, 14.9844868], [40.4528943, 14.9790402], [40.4560784, 14.9796635], [40.4656105, 14.9980214], [40.4618172, 15.0052586], [40.4556983, 15.0018198], [40.4493693, 15.006497], [40.4451176, 15.00485], [40.4469433, 15.0004592], [40.4429475, 14.9973934], [40.4296935, 14.9969617], [40.4201257, 14.9928999], [40.4154304, 14.9821851], [40.4094243, 14.9775098], [40.4156993, 14.979866], [40.4218653, 14.9753719], [40.4345691, 14.9729738], [40.4340219, 14.9704012], [40.4146277, 14.9627941], [40.4121941, 14.9553384], [40.4057997, 14.9499682], [40.3899033, 14.9501939], [40.3871397, 14.9531736], [40.3876005, 14.9629601], [40.3791675, 14.9702243], [40.3931603, 14.982762], [40.3866616, 14.9817712], [40.3814047, 14.9885009], [40.3790097, 14.9869699], [40.3827719, 14.9950613], [40.376916, 14.9911042], [40.3766147, 14.9854386], [40.3688757, 14.976984], [40.3712475, 14.974909], [40.3723255, 14.9777363], [40.3728243, 14.9728385], [40.3683227, 14.9733808], [40.3645607, 14.9651598], [40.3701171, 14.9638385], [40.3667735, 14.9589638], [40.3650645, 14.9610349], [40.3653068, 14.9574269], [40.3618621, 14.9574475], [40.357425, 14.9471695], [40.360734, 14.9466346], [40.3612949, 14.9515259], [40.3663274, 14.9512381], [40.3661798, 14.9489206], [40.3572346, 14.9378966], [40.3529865, 14.9365044], [40.3487788, 14.9415532], [40.3464892, 14.9356416], [40.3490181, 14.9374299], [40.3489842, 14.9320202], [40.3452479, 14.9276628], [40.3373061, 14.9287399], [40.336824, 14.9364711], [40.3320517, 14.9359837], [40.32817, 14.929566], [40.331448, 14.9240077], [40.331211, 14.9285178], [40.3331895, 14.9272183], [40.3335652, 14.9236093], [40.3170643, 14.9174127], [40.3181141, 14.9082043], [40.3143204, 14.9045608], [40.3078608, 14.903255], [40.3069338, 14.9058436], [40.3068732, 14.90256], [40.296593, 14.9024139], [40.2874988, 14.9082902], [40.2780433, 14.9253892], [40.2710007, 14.9317824], [40.2425031, 14.9373893], [40.2295736, 14.9468629], [40.2126169, 14.9472113], [40.1973544, 14.9630301], [40.1912422, 14.9632965], [40.1791199, 14.9757257], [40.1735548, 14.9757544], [40.1590371, 14.9866489], [40.1557516, 14.9918183], [40.1552963, 15.0057326], [40.1646302, 15.0162478], [40.1649315, 15.0229447], [40.1592929, 15.0340515], [40.1518871, 15.0371805], [40.1511139, 15.0413066], [40.1439398, 15.0382512], [40.1415773, 15.0426428], [40.1434632, 15.0483013], [40.1405388, 15.0467702], [40.1466569, 15.0506037], [40.1453534, 15.0547324], [40.1392626, 15.0560512], [40.1368642, 15.0537445], [40.1302609, 15.0584149], [40.1241523, 15.0563843], [40.1224517, 15.0607723], [40.1273921, 15.0674462], [40.118916, 15.069034], [40.1147061, 15.075238], [40.1122581, 15.0633988], [40.0955941, 15.0666128], [40.0974587, 15.0727456], [40.0936479, 15.0794625], [40.0976464, 15.0835653], [40.091686, 15.0846246], [40.0934222, 15.0871926], [40.088289, 15.0944311], [40.0962464, 15.0949079], [40.1046547, 15.0799244], [40.1110302, 15.0822119], [40.1036193, 15.0848244], [40.1039257, 15.0928097], [40.099033, 15.0954097], [40.104007, 15.1085246], [40.0989777, 15.1103526], [40.1010676, 15.1193342], [40.096103, 15.1186108], [40.0916499, 15.1294528], [40.0855528, 15.1299975], [40.0814245, 15.1526888], [40.0579552, 15.1803668], [40.0494956, 15.186332], [40.0461079, 15.1987141], [40.0430138, 15.1985586], [40.038457, 15.207509], [40.0435322, 15.2144418], [40.0560227, 15.2185054], [40.0568624, 15.2272611], [40.0513128, 15.2317952], [40.0345918, 15.2309715], [40.0216398, 15.2413363], [40.0227319, 15.2476428], [40.0269781, 15.2477528], [40.0272253, 15.2440155], [40.0400443, 15.2605742], [40.0512338, 15.2692814], [40.0594234, 15.2883075], [40.0815264, 15.302629], [40.0890637, 15.322945], [40.0868584, 15.3327455], [40.0839461, 15.3343056], [40.0853925, 15.3317223], [40.0860314, 15.3268242], [40.0760257, 15.3428455], [40.0495937, 15.3661581], [40.0421714, 15.36864], [40.0328691, 15.3667516], [40.0143654, 15.3838402], [40.0037525, 15.3856918], [39.9910487, 15.3946366], [39.9841365, 15.3929931], [39.9874259, 15.3956425], [39.9812505, 15.4004773], [39.9720553, 15.4219012], [39.9686134, 15.424235], [39.9595762, 15.4227284], [39.9632849, 15.4206511], [39.9590224, 15.4178356], [39.9479429, 15.4343718], [39.9034547, 15.4654738], [39.899999, 15.4649726], [39.8904865, 15.4768624], [39.8867704, 15.4776503], [39.8836131, 15.4848767], [39.8876212, 15.490271], [39.8818002, 15.4959624], [39.8789159, 15.5049913], [39.8738736, 15.5064277], [39.8672176, 15.5032339], [39.8744804, 15.4928998], [39.8711285, 15.4854415], [39.8554504, 15.4847297], [39.8565891, 15.4608526], [39.8473648, 15.4564205], [39.8473533, 15.4535865], [39.8431, 15.4528297], [39.8399352, 15.4585099], [39.8406436, 15.4695857], [39.8436927, 15.4680283], [39.8410675, 15.4757675], [39.8378899, 15.4783559], [39.8336319, 15.4765685], [39.8295884, 15.4618981], [39.8331031, 15.4441077], [39.8308069, 15.4343261], [39.8254905, 15.4333153], [39.8223183, 15.4371917], [39.8168211, 15.4578233], [39.8176807, 15.4400429], [39.8348337, 15.4118961], [39.8365081, 15.39875], [39.834035, 15.4113837], [39.824129, 15.4248182], [39.8222656, 15.4237944], [39.8154174, 15.4385054], [39.8122915, 15.4543614], [39.8058778, 15.4444661], [39.8020936, 15.4274752], [39.8044355, 15.4148422], [39.7980369, 15.4084242], [39.7807548, 15.4033327], [39.7762197, 15.3979381], [39.7857725, 15.3605459], [39.7842791, 15.3515335], [39.7864253, 15.3574518], [39.7917153, 15.3520226], [39.7879768, 15.3463675], [39.7794683, 15.3430481], [39.7834085, 15.3316979], [39.7804384, 15.3183107], [39.7764393, 15.313687], [39.7825988, 15.2925383], [39.7856756, 15.2634134], [39.7930865, 15.2579768], [39.7963768, 15.2506216], [39.8024815, 15.2508575], [39.7998281, 15.2509962], [39.8018279, 15.2535655], [39.799736, 15.2618178], [39.8052036, 15.2687547], [39.8014956, 15.2708291], [39.816118, 15.2772175], [39.819557, 15.2742415], [39.8303119, 15.2418679], [39.8279316, 15.2439378], [39.8338502, 15.2307761], [39.8363654, 15.2292208], [39.8329413, 15.2356746], [39.8437708, 15.2230095], [39.842402, 15.2124512], [39.8496855, 15.2052099], [39.8516397, 15.1961847], [39.8532779, 15.1695273], [39.8422881, 15.1503588], [39.8402145, 15.1387366], [39.8250847, 15.1259457], [39.8217909, 15.1158485], [39.8258784, 15.0996437], [39.8188441, 15.0893822], [39.8142828, 15.0711055], [39.7988767, 15.068326], [39.7933165, 15.0705353], [39.7917056, 15.0651301], [39.7834991, 15.0687657], [39.7824134, 15.0619422], [39.7646529, 15.0632909], [39.7600727, 15.0803115], [39.7549213, 15.0857394], [39.7297265, 15.085049], [39.7125163, 15.0930911], [39.7068756, 15.11166], [39.6939295, 15.1269019], [39.7002746, 15.1608926], [39.7000221, 15.1647582], [39.696553, 15.1626095], [39.7000238, 15.1652736], [39.6976464, 15.1683728], [39.7000425, 15.1709419], [39.6957136, 15.1722091], [39.7004502, 15.1740324], [39.6976846, 15.1799672], [39.706217, 15.1928232], [39.7038444, 15.1974684], [39.709481, 15.2167748], [39.7078671, 15.2240396], [39.715138, 15.2357897], [39.7156439, 15.246144], [39.7117009, 15.2537165], [39.7134794, 15.2583217], [39.7058066, 15.2690661], [39.7037992, 15.2779894], [39.6927537, 15.2890339], [39.6917954, 15.2965284], [39.6868439, 15.302648], [39.6873545, 15.3097391], [39.669736, 15.3186698], [39.6663158, 15.3284709], [39.6583786, 15.3372545], [39.6488099, 15.3769612], [39.6483242, 15.3916487], [39.6388487, 15.4195024], [39.637307, 15.4365118], [39.621823, 15.4789379], [39.6142055, 15.4883623], [39.6132184, 15.4957857], [39.5989276, 15.5100735], [39.6003104, 15.5190737], [39.5925642, 15.5209241], [39.5909548, 15.5269147], [39.5803977, 15.5278037], [39.5664984, 15.5368486], [39.536491, 15.5361037], [39.5047653, 15.5193626], [39.5019222, 15.5216504], [39.5026497, 15.5173393], [39.4891351, 15.5148285], [39.4868277, 15.5111449], [39.4883389, 15.5152171], [39.4639125, 15.524803], [39.4608982, 15.5438759], [39.4650227, 15.5459285], [39.4615659, 15.5451628], [39.4573467, 15.5601156], [39.4502387, 15.5676791], [39.4503013, 15.5779095], [39.446608, 15.5770936], [39.4502271, 15.5781686], [39.4505392, 15.5845103], [39.4467906, 15.5807401], [39.4498836, 15.5850013], [39.4480217, 15.5830497], [39.4457071, 15.585905], [39.4526249, 15.5887251], [39.4454427, 15.5865491], [39.4418736, 15.5959611], [39.4428124, 15.5995665], [39.4470009, 15.598873], [39.4545815, 15.6072446], [39.4625094, 15.6034339], [39.4602745, 15.6010078], [39.4633605, 15.5959463], [39.4696477, 15.6089011], [39.4738556, 15.6020592], [39.4811174, 15.6095345], [39.479001, 15.6140475], [39.4713466, 15.6090024], [39.4678723, 15.611253], [39.4632039, 15.6035849], [39.4551634, 15.6074886], [39.4582656, 15.6076716], [39.4561788, 15.6088749], [39.4613747, 15.6152813], [39.4736857, 15.6149613], [39.4643865, 15.6176861], [39.4628027, 15.6227141], [39.4730327, 15.6190206], [39.4748575, 15.62197], [39.4768874, 15.6168236], [39.4815386, 15.6172927], [39.4777131, 15.6319577], [39.4647034, 15.6252153], [39.4614838, 15.6346312], [39.4649414, 15.6447676], [39.4689166, 15.6450917], [39.4727737, 15.6386272], [39.4801331, 15.6435468], [39.4788222, 15.6515369], [39.4700471, 15.6560199], [39.452847, 15.6725396], [39.447845, 15.6964185], [39.4485419, 15.718296], [39.4258893, 15.7472517], [39.4258556, 15.7625519], [39.4297893, 15.7703895], [39.4416744, 15.7802236], [39.441927, 15.7960649], [39.4327124, 15.8083343], [39.3751296, 15.8391821], [39.362575, 15.8566416], [39.3419884, 15.873431], [39.3302028, 15.89161], [39.3052059, 15.900343], [39.3025848, 15.9252304], [39.2936122, 15.9523171], [39.2750414, 15.9788498], [39.2736273, 16.0023818], [39.2610609, 16.0398358], [39.2413461, 16.0740613], [39.2174369, 16.1894565], [39.2179062, 16.2066194], [39.2046313, 16.2466512], [39.2104259, 16.2623011], [39.2087689, 16.2729667], [39.1973159, 16.2922854], [39.1976563, 16.3058887], [39.2032982, 16.3206019], [39.2037554, 16.3429311], [39.192491, 16.3643804], [39.1949132, 16.3804798], [39.1869853, 16.4097446], [39.1945984, 16.4214505], [39.1929781, 16.4377965], [39.1823579, 16.4566802], [39.1695982, 16.495324], [39.1759225, 16.5152327], [39.1702316, 16.5131317], [39.1672917, 16.5181817], [39.1662757, 16.5051801], [39.1593364, 16.5036603], [39.1504913, 16.5167765], [39.1486035, 16.5273182], [39.1521774, 16.5202858], [39.1562558, 16.5205345], [39.1588121, 16.515899], [39.1584186, 16.5251741], [39.1461408, 16.5357464], [39.1448144, 16.5478562], [39.150034, 16.561378], [39.1537713, 16.5581554], [39.1535001, 16.5530029], [39.1480193, 16.5473387], [39.1516176, 16.5369014], [39.1569661, 16.5448842], [39.1636456, 16.5468118], [39.1659244, 16.5571155], [39.1620625, 16.570258], [39.1507146, 16.5785109], [39.151123, 16.5875279], [39.1441782, 16.5898516], [39.1388399, 16.597069], [39.141388, 16.6112374], [39.1347121, 16.6171674], [39.1375216, 16.621803], [39.1425951, 16.6169045], [39.1447341, 16.6184489], [39.1424723, 16.632105], [39.1439476, 16.6390602], [39.1430047, 16.6292708], [39.1460748, 16.6248888], [39.1463553, 16.6421502], [39.1437717, 16.6394057], [39.1430166, 16.6455017], [39.1431534, 16.6491086], [39.1455556, 16.6449846], [39.145564, 16.6559338], [39.1524925, 16.6302944], [39.1435696, 16.6702343], [39.149192, 16.6823392], [39.144127, 16.7006347], [39.1239669, 16.7356861], [39.1245158, 16.7575844], [39.1185063, 16.7699545], [39.1183788, 16.7789717], [39.1003397, 16.8044868], [39.0963417, 16.8323129], [39.0641282, 16.8951872], [39.0591879, 16.9297111], [39.0538379, 16.9400178], [39.0538411, 16.9510957], [39.0423363, 16.9758307], [39.042074, 16.9997902], [39.0245431, 17.0464235], [39.0048604, 17.1288649], [38.9986979, 17.1386545], [38.9965533, 17.1924978], [38.9918629, 17.2009992], [38.9768518, 17.2110453], [38.9702827, 17.2198036], [38.9659837, 17.2741607], [38.9563234, 17.3050734], [38.9421036, 17.3241335], [38.9383328, 17.3710189], [38.9232918, 17.4122324], [38.8894381, 17.4830607], [38.8632422, 17.5139581], [38.8515264, 17.5580015], [38.8454786, 17.5649523], [38.8370001, 17.5852969], [38.8236902, 17.6007421], [38.8224694, 17.6125911], [38.8107667, 17.6293248], [38.8064656, 17.6316391], [38.8062022, 17.6267444], [38.8016342, 17.6275127], [38.8021663, 17.6324078], [38.798267, 17.6352375], [38.8009438, 17.6442566], [38.7908489, 17.6612482], [38.7666305, 17.6882699], [38.7380766, 17.7343455], [38.7254317, 17.7412837], [38.7286502, 17.7461826], [38.7202905, 17.7629153], [38.700369, 17.7785996], [38.6734079, 17.8187427], [38.6648959, 17.8401091], [38.6465499, 17.868413], [38.6456934, 17.8933986], [38.642308, 17.9047269], [38.6331337, 17.9173321], [38.6153719, 17.9183283], [38.6145462, 17.9268274], [38.6059383, 17.9252644], [38.6039083, 17.9304124], [38.6059157, 17.9355683], [38.6018771, 17.936333], [38.603044, 17.9433651], [38.5990743, 17.9532656], [38.5942986, 17.9553795], [38.5950569, 17.9618208], [38.5816886, 17.9688834], [38.5728173, 17.9805606], [38.5748628, 17.9870633], [38.5679532, 17.9882777], [38.568022, 18.0023437], [38.5726837, 18.0104094], [38.5815093, 18.0145994], [38.58161189384446, 18.0196428314087], [38.4520546, 17.8992648], [38.3883429, 17.7545995], [38.3904407, 17.7390707], [38.3688558, 17.7031607], [38.3451843, 17.6523488], [38.344444, 17.644444], [38.323333, 17.630833], [38.280278, 17.610278], [38.273611, 17.603056], [38.274444, 17.558611], [38.271111, 17.547778], [38.261944, 17.535278], [38.248333, 17.528056], [38.2225, 17.528889], [38.203611, 17.538333], [38.185833, 17.562222], [38.174167, 17.561111], [38.158889, 17.548611], [38.133611, 17.548611], [38.131389, 17.543889], [38.138333, 17.517222], [38.135556, 17.498889], [38.122778, 17.483611], [38.111389, 17.481111], [38.096667, 17.487778], [38.091944, 17.496667], [38.090833, 17.509167], [38.096944, 17.538333], [38.092222, 17.547222], [38.061667, 17.553056], [38.041389, 17.545556], [38.0492546, 17.5007792], [38.0289293, 17.43092], [38.0524809, 17.2633954], [38.0388904, 17.1567959], [38.0297652, 17.1097066], [37.9969145, 17.0730734], [37.9668014, 17.0268356], [37.9804892, 16.9456736], [38.0060397, 16.9107544], [37.9996521, 16.8793216], [37.9649764, 16.7745079], [37.9576762, 16.6958597], [38.0325027, 16.679252], [38.0498406, 16.6888671], [38.1301422, 16.6573976], [38.1675555, 16.6565234], [38.1894559, 16.6442838], [38.2040562, 16.6276716], [38.2223066, 16.5961921], [38.2159189, 16.5664566], [38.2159189, 16.490348], [38.2505946, 16.447469], [38.2925705, 16.4570957], [38.319946, 16.4413426], [38.3354589, 16.4098327], [38.3482341, 16.3555536], [38.4349234, 16.316148], [38.464124, 16.2592148], [38.464124, 16.19876], [38.439486, 16.1365335], [38.414848, 16.0953306], [38.4066353, 16.0400877], [38.4285357, 16.0102677], [38.4522612, 15.986584], [38.490587, 15.9734251], [38.5298253, 15.9234136], [38.5572008, 15.9041076], [38.5937016, 15.898842], [38.6302023, 15.9023524], [38.6685281, 15.8962091], [38.7214542, 15.8777782], [38.7551001, 15.8920465], [38.7935431, 15.8742673], [38.8291313, 15.8672455], [38.8364315, 15.8505675], [38.8309564, 15.8224753], [38.8469255, 15.793062], [38.8519443, 15.7553014], [38.8451004, 15.7214865], [38.8683696, 15.6665803], [38.8738447, 15.6013325]]]]}}]}