{"type": "FeatureCollection", "features": [{"type": "Feature", "properties": {"name": "England", "country": "GBR"}, "geometry": {"type": "MultiPolygon", "coordinates": [[[[-6.328369999675715, 49.888717999735945], [-6.327019000326572, 49.89508099998824], [-6.351743000139322, 49.899156999995625], [-6.352600000089865, 49.896261000444895], [-6.343479000355558, 49.88482600011986], [-6.328369999675715, 49.888717999735945]]], [[[-6.276043000384107, 49.92285300006597], [-6.278565999821012, 49.9292570004103], [-6.299239999925987, 49.93750899964067], [-6.313682999570744, 49.92731399984126], [-6.310853000365626, 49.921379000440595], [-6.321641999678491, 49.920855999704656], [-6.331405000240522, 49.91264399962091], [-6.323803999554912, 49.905090000203415], [-6.310369999675686, 49.91183800022361], [-6.303990999584926, 49.905782999785686], [-6.296055999684597, 49.91127899962618], [-6.283478999755971, 49.91178499957812], [-6.276043000384107, 49.92285300006597]]], [[[-6.334927999927231, 49.96353800027856], [-6.347545999947897, 49.96774600007791], [-6.364739999651192, 49.9525519999749], [-6.361821999985239, 49.94583200034657], [-6.351103000303169, 49.9456269998862], [-6.346805999996832, 49.958733999974186], [-6.339199999979996, 49.955131000195536], [-6.332687000005023, 49.939943000369226], [-6.322672999559245, 49.945071000326436], [-6.320018000330379, 49.95284299990459], [-6.334927999927231, 49.96353800027856]]], [[[-6.290184999637972, 49.96762299980168], [-6.294367000036971, 49.97383999961636], [-6.304831999697001, 49.96488200020423], [-6.281474999971238, 49.95682600011986], [-6.262939999581249, 49.96226800016814], [-6.265995000169085, 49.96716800040298], [-6.276857000150414, 49.96428999988365], [-6.290184999637972, 49.96762299980168]]], [[[-4.224072999968939, 50.466039000399576], [-4.226396000075283, 50.47085799959706], [-4.236931000265429, 50.46560800030903], [-4.236959999804128, 50.458871999942914], [-4.22975899957811, 50.4564489997216], [-4.224072999968939, 50.466039000399576]]], [[[-2.443266000125732, 50.52029799975293], [-2.429298999948855, 50.53586099978537], [-2.418260999945119, 50.54284199975854], [-2.416122000230075, 50.55021799996081], [-2.43032699969126, 50.567909000100315], [-2.456055999984358, 50.571579000270674], [-2.459151999764913, 50.56868900009732], [-2.448586999990027, 50.5586819999744], [-2.456037000007484, 50.54200099964646], [-2.456080000191832, 50.52577899980105], [-2.460044999577008, 50.51715699969583], [-2.458250999583925, 50.51350700044776], [-2.443266000125732, 50.52029799975293]]], [[[-1.957540000170809, 50.69514200030312], [-1.974969999965481, 50.69753800017861], [-1.988515999613639, 50.69225800040647], [-1.984116999999515, 50.686988000196095], [-1.960061000414782, 50.686139999761224], [-1.957540000170809, 50.69514200030312]]], [[[-1.299717999585937, 50.765905999962], [-1.320537000082425, 50.76517000019538], [-1.343583999901625, 50.751415999948506], [-1.353903000023365, 50.73903400001916], [-1.395669999770632, 50.72926400003365], [-1.393497000286288, 50.71681599975864], [-1.404313999991075, 50.71904900021127], [-1.414341000136972, 50.71436500004478], [-1.413600000139866, 50.72453200035159], [-1.425503999609873, 50.72640600043661], [-1.46973599971659, 50.7099650003845], [-1.486155999699577, 50.70686699961237], [-1.520634999705408, 50.70714699993414], [-1.533484999633004, 50.70106099986532], [-1.535018000180514, 50.69331399964142], [-1.547966000130771, 50.67937099967196], [-1.567290000033438, 50.673983000315275], [-1.571578999970825, 50.66381800010066], [-1.568528999613591, 50.66150499955614], [-1.510382999975434, 50.669554000216976], [-1.486823999927594, 50.66685199972005], [-1.44630700026778, 50.64279299999703], [-1.389069000234144, 50.62657600038216], [-1.362113000014915, 50.61006499979993], [-1.339396000125248, 50.60196600043065], [-1.317436000071325, 50.58880899983552], [-1.307407999879217, 50.577962999692716], [-1.294841999558571, 50.575262000141265], [-1.250560999890183, 50.5810150001422], [-1.184565999820961, 50.59793399975433], [-1.175283999856674, 50.60695800041145], [-1.174295000114114, 50.62511100027251], [-1.168014000046014, 50.64176200011627], [-1.152115999853436, 50.65446000022888], [-1.133700999601388, 50.661895999600745], [-1.097970000315229, 50.66580800013912], [-1.094814999612481, 50.67157099970194], [-1.070492000305535, 50.684324999699015], [-1.08290299977358, 50.69424300021433], [-1.097850000177345, 50.69576100007015], [-1.098538999575112, 50.70553800037845], [-1.109759999923995, 50.721452999556334], [-1.160344999821859, 50.733126000064885], [-1.216802999858487, 50.73531000005653], [-1.21574300043909, 50.73819700009153], [-1.239558999747999, 50.743769999885615], [-1.269233000302677, 50.76437400035991], [-1.287543000209268, 50.76289000027333], [-1.291730999985589, 50.757139000364646], [-1.299717999585937, 50.765905999962]]], [[[-0.942468999644575, 50.781611000247494], [-0.957288999587604, 50.78953399959448], [-0.957287000394729, 50.808195000398996], [-0.951615999678609, 50.82489399975833], [-0.958174999976222, 50.83049399989824], [-0.977733999924112, 50.83280600039666], [-0.986072000422439, 50.82632099991429], [-0.983983000315163, 50.82035600002945], [-0.989899999785109, 50.80349699958691], [-1.002849999827561, 50.79432300010643], [-1.021691999985762, 50.79082899995842], [-1.019074999811323, 50.78592899972364], [-0.945563000232255, 50.777776999708806], [-0.942468999644575, 50.781611000247494]]], [[[-4.659692999632171, 51.16153499994033], [-4.661676000247155, 51.18554500010174], [-4.675624000447215, 51.20142200022519], [-4.678947999950196, 51.196139000314645], [-4.674608000358887, 51.181058000026724], [-4.67992199990033, 51.17270399968987], [-4.669734999570551, 51.15910700038779], [-4.659692999632171, 51.16153499994033]]], [[[0.691635999701646, 51.41218799987632], [0.679536000186317, 51.4128449995971], [0.679393999933211, 51.42568299987062], [0.664382000129251, 51.42282000004303], [0.674285999998972, 51.399877999670025], [0.691284999703043, 51.396432999983006], [0.691635999701646, 51.41218799987632]]], [[[0.786183999891705, 51.72193099981587], [0.781155000003309, 51.729728999693634], [0.761355999779596, 51.72314800018012], [0.772637000197449, 51.715520000048], [0.786183999891705, 51.72193099981587]]], [[[-3.166044999676956, 54.05820999999156], [-3.179177000018512, 54.05791599992352], [-3.187240000425618, 54.05003099963096], [-3.16877299957423, 54.04479800022756], [-3.166044999676956, 54.05820999999156]]], [[[-3.210534999990216, 54.06261299979019], [-3.223098000172513, 54.07083799957405], [-3.2248960003501, 54.08104900011131], [-3.242720000327722, 54.09473499992038], [-3.259179000310553, 54.13712200038009], [-3.271883999846693, 54.1434970002864], [-3.268818999697032, 54.11069899955925], [-3.246073000268723, 54.08104900011131], [-3.213162999772578, 54.05105700018049], [-3.206544000305314, 54.04961700032436], [-3.210534999990216, 54.06261299979019]]], [[[-1.77976600030064, 55.66932200021017], [-1.780311000252425, 55.68578999970879], [-1.800779999897031, 55.68896799967348], [-1.81224699989906, 55.68321599971864], [-1.802583000305162, 55.66908600011885], [-1.77976600030064, 55.66932200021017]]], [[[-1.828635000205054, 55.68237300041369], [-1.838025999799981, 55.69045499989841], [-1.852069999930507, 55.683855999554794], [-1.841038000203525, 55.67514900002641], [-1.828635000205054, 55.68237300041369]]], [[[-2.680147999930227, 51.666085000122735], [-2.651499999925022, 51.615890000223374], [-2.608714999997233, 51.67191800021561], [-2.510533000397629, 51.70893400030394], [-2.46986800020801, 51.743730999685965], [-2.401287999641397, 51.77895900005785], [-2.383085000172571, 51.77163200031663], [-2.388884999642983, 51.756417000144495], [-2.478644000220413, 51.72424799964551], [-2.494842999904449, 51.69677499986642], [-2.561151000018583, 51.662697000366336], [-2.590079000345554, 51.62467099956706], [-2.660468999844397, 51.57466300019735], [-2.673813000069856, 51.54443099999071], [-2.711339000294572, 51.50664699955945], [-2.679612000393433, 51.480213000030005], [-2.719300999641348, 51.49953599988652], [-2.802676999943571, 51.48293200041155], [-2.849991000084515, 51.45390700010802], [-2.910650999643849, 51.39794300036925], [-2.968699000158665, 51.38974399998568], [-2.965810000031411, 51.371449999917616], [-2.989008999665543, 51.357318000225575], [-2.992947999650426, 51.32032000006802], [-3.015236000441007, 51.317135999826576], [-3.018402999898456, 51.273207000202945], [-3.00237700009842, 51.2332110002875], [-3.028007000322759, 51.197725999755164], [-3.033008999865388, 51.21284199985848], [-3.073627999732366, 51.203483999986645], [-3.141495999840458, 51.20904500012671], [-3.276872999689147, 51.18123800023358], [-3.398930000419114, 51.18343900010984], [-3.453815999908443, 51.20806599994597], [-3.54059699985163, 51.230939999881116], [-3.619377000448139, 51.21918700017994], [-3.789043999680814, 51.242770999582035], [-3.819309999656696, 51.232305999922005], [-3.928724000112481, 51.22950400020949], [-4.040417999590943, 51.211579000070856], [-4.092207000152882, 51.21468300022036], [-4.200117999645897, 51.19692999991963], [-4.213146999734192, 51.18607999959238], [-4.220613999636328, 51.156077000053585], [-4.248359000267612, 51.139515999863534], [-4.207439000009799, 51.07586199983149], [-4.171975000445855, 51.07213399968441], [-4.185834000138925, 51.04915800044142], [-4.225542000263033, 51.056756000089365], [-4.299027000395711, 51.00298299976566], [-4.345575000285976, 50.990698999859035], [-4.384772000227599, 50.99396800042291], [-4.467207000302778, 51.01896400018853], [-4.515148999726534, 51.019445999933], [-4.531845999892937, 51.00059999959035], [-4.545958999608104, 50.92835199984495], [-4.566261999691505, 50.904995000119186], [-4.554553000220722, 50.83155700035536], [-4.568303000283208, 50.77946100002521], [-4.642487000274798, 50.74016199987642], [-4.683301000141, 50.6981099995769], [-4.757919000361539, 50.66852400038238], [-4.7731040000495, 50.62429200027566], [-4.795920000007925, 50.602395000429], [-4.889777999854743, 50.58522900021825], [-4.924449999767603, 50.58792300034622], [-4.925165000364416, 50.55413699992266], [-4.915938000238498, 50.53194399991571], [-4.930797000181371, 50.53436600009087], [-4.950699999805124, 50.56263499970555], [-4.989238999979818, 50.54389899993896], [-5.030138000168506, 50.545396999771754], [-5.037584000001573, 50.46822100029897], [-5.053173000333629, 50.43462999987463], [-5.080690000343168, 50.41866900037411], [-5.142661000105022, 50.40336499969504], [-5.158117999745855, 50.35028799999128], [-5.197092000195596, 50.32525600036416], [-5.229385000117588, 50.316769000189254], [-5.269440000055909, 50.273546999894165], [-5.337996999561824, 50.24170299999349], [-5.38726499987979, 50.23953499984043], [-5.433363999748735, 50.1960599995694], [-5.462794999889297, 50.199673999855236], [-5.495623000201249, 50.21706899983451], [-5.532892000265576, 50.215143000049466], [-5.629005999826973, 50.171511999779], [-5.674206999653279, 50.16173000013947], [-5.70316100027992, 50.12927900012579], [-5.693839000269577, 50.08929900004887], [-5.71004600032262, 50.064509999936604], [-5.672782999635672, 50.03797600029225], [-5.580955999919411, 50.05316600021081], [-5.542448000274931, 50.07460899980555], [-5.542175000276018, 50.10704399998065], [-5.52707900019567, 50.12075299995104], [-5.472935999896436, 50.12327700033336], [-5.42746700030176, 50.10257900002091], [-5.386783000135324, 50.101117000049555], [-5.311427000055971, 50.07824100002216], [-5.265285000002677, 50.03362300010144], [-5.262278999875889, 50.003215999918496], [-5.247895000254005, 49.98333200027167], [-5.198136999822623, 49.96335199979501], [-5.16318100030287, 50.001771999877974], [-5.10743499982533, 50.00625499976849], [-5.066668000327923, 50.04420399971485], [-5.07792799977733, 50.078134999630606], [-5.108181000053037, 50.09693299955836], [-5.09234800016003, 50.10752599972517], [-5.085452999656184, 50.127304999925855], [-5.054239000029781, 50.14743199998685], [-5.062635999651604, 50.15934399982581], [-5.051208999695518, 50.17420099967643], [-5.061821999885353, 50.19889900008883], [-5.035607999709384, 50.20342200002534], [-5.022932999758098, 50.16588300010045], [-5.002689999743666, 50.147105000195666], [-4.982957999911719, 50.157792000200686], [-4.951371000171491, 50.20075000001253], [-4.914563999828658, 50.20250299991358], [-4.850166999707199, 50.2332450002566], [-4.799227999672382, 50.22482300038121], [-4.776447000428675, 50.25046900044407], [-4.781615000431884, 50.273546999894165], [-4.780623999697752, 50.285242999664774], [-4.755359000117721, 50.30187999976221], [-4.763888999577603, 50.319724999808955], [-4.752292999921963, 50.330757000435256], [-4.693778000354371, 50.34464200042805], [-4.676330999775757, 50.31737400021001], [-4.642095000184042, 50.328474000374854], [-4.568131999592083, 50.32827600023728], [-4.536530000059429, 50.324586000043894], [-4.494801000265909, 50.33552900016326], [-4.476322999806541, 50.33392399989276], [-4.454515999613648, 50.344995999665684], [-4.450592000320512, 50.351116000403124], [-4.436932999957946, 50.36027600013733], [-4.386855000058176, 50.364334000214], [-4.365346000117768, 50.360356000229274], [-4.308347000313745, 50.361135000180184], [-4.282880000411637, 50.356649000151265], [-4.228688999697511, 50.33298199961962], [-4.220546000097784, 50.32478400018152], [-4.225745999778042, 50.318496999836725], [-4.224004000384241, 50.312333999814314], [-4.210730999835732, 50.317515999563796], [-4.190497000236348, 50.318024999654085], [-4.190057999776798, 50.32285500025813], [-4.19870500013559, 50.328787000419766], [-4.199411000317355, 50.33263699989766], [-4.188722000220082, 50.340287000145], [-4.169559999694172, 50.344767999943315], [-4.16664700025882, 50.34981099957804], [-4.174256000414061, 50.359158999887995], [-4.180541999813386, 50.35962299970174], [-4.194719999828067, 50.3527959996357], [-4.198935999996365, 50.35935299984112], [-4.216064000253368, 50.359611000047664], [-4.223529000063252, 50.36447000019041], [-4.221526000324616, 50.36830399982978], [-4.200303000083352, 50.37063600035117], [-4.194418000290455, 50.37503499996535], [-4.201135999826477, 50.37936900017928], [-4.199987999946188, 50.38270300014341], [-4.203787999816313, 50.38832000016794], [-4.211492999901964, 50.39203699980777], [-4.226295999960371, 50.393031999826974], [-4.224239999576298, 50.39648699997514], [-4.211077999649945, 50.400963000442175], [-4.206804000404247, 50.40867499995136], [-4.211008000019149, 50.41530399987977], [-4.21121499967245, 50.4275590002477], [-4.204245000206527, 50.430900999681455], [-4.200715000197079, 50.43673799995878], [-4.208791000304359, 50.44579400029295], [-4.216817999950706, 50.462835000135215], [-4.221478999955821, 50.46276699969735], [-4.226340000190817, 50.45732599969517], [-4.230331999921816, 50.4560229998616], [-4.238076000007368, 50.459128000057206], [-4.238078000099563, 50.46605800037645], [-4.218627999782314, 50.475204000364386], [-4.187039999995932, 50.42440000025988], [-4.201815999708572, 50.39969799966303], [-4.182818999597089, 50.369449999617814], [-4.163807999739333, 50.361185999834106], [-4.129617999570996, 50.36239299973721], [-4.115911999738955, 50.320907000357806], [-4.076987999796302, 50.31415900033767], [-4.057284000356276, 50.29783800042344], [-4.02922300044105, 50.29495999990411], [-3.950077000053454, 50.30864599971318], [-3.941070000180332, 50.29749399984826], [-3.881934999900295, 50.28198899979259], [-3.860492000305499, 50.257476999863684], [-3.861924999838834, 50.23849500044395], [-3.794579999567304, 50.21436200000636], [-3.770078000099602, 50.229465000409505], [-3.718556000159253, 50.206299999645296], [-3.658060000068929, 50.220247999845355], [-3.632636000351113, 50.29855200007478], [-3.564700999851198, 50.33803899989999], [-3.526893000111841, 50.345421000378906], [-3.496555999559689, 50.39815799969199], [-3.545661999601577, 50.40597500044595], [-3.556815000411916, 50.42782199978552], [-3.541677000193374, 50.455693999978166], [-3.497898000292423, 50.464552000174706], [-3.510979000080738, 50.48595100043838], [-3.509030000134373, 50.51651399972138], [-3.49575899967806, 50.541776000062384], [-3.439142000402967, 50.59986199963163], [-3.466378000044642, 50.66662299995153], [-3.463898999938863, 50.677630000324314], [-3.448080999838226, 50.67292500008875], [-3.414207999899247, 50.61443299978316], [-3.367393000286711, 50.607576000132326], [-3.299783000385105, 50.63356599987105], [-3.253960999800256, 50.673577999625024], [-3.102609999851552, 50.686165000014796], [-3.077359000017793, 50.701810000231376], [-3.020414000006042, 50.69971799998575], [-2.890862999927435, 50.730626999936135], [-2.772135999876468, 50.71160999980168], [-2.605769999985455, 50.648805000250604], [-2.478807999689366, 50.582794000342915], [-2.455346999664243, 50.59834399977581], [-2.439004999680947, 50.623178000164614], [-2.413109999826588, 50.63322100014909], [-2.19852200019011, 50.61963200031664], [-2.080695000273977, 50.5952560003642], [-2.048389999798587, 50.581333000417715], [-1.964266000075781, 50.595739000154765], [-1.938479999852063, 50.63516599991101], [-1.947561999586583, 50.66054300015941], [-2.014076000207183, 50.676672000212704], [-2.038272999998924, 50.70004399973084], [-2.065276999733726, 50.698137999968765], [-2.061410000371154, 50.71086699971232], [-2.040600000289714, 50.719963000092434], [-1.998904000219397, 50.70951500031708], [-1.962460000428621, 50.711978999731116], [-1.929799999770125, 50.69564300002446], [-1.866664000243361, 50.71679199955122], [-1.752718000335392, 50.71345000011746], [-1.720444000390273, 50.733715000247116], [-1.69204900036101, 50.736625000443496], [-1.573603999824684, 50.71829300042168], [-1.542117000199369, 50.7302630002373], [-1.523276000087264, 50.75427100030646], [-1.420141999653538, 50.766872000442504], [-1.392444000290311, 50.78439299993704], [-1.348176000322098, 50.785662000001366], [-1.311838000023613, 50.81462300005148], [-1.426593000366609, 50.89520600015686], [-1.46736099991017, 50.9067680000432], [-1.475038999650053, 50.91710700018797], [-1.402357999721858, 50.89224200016821], [-1.383891999815887, 50.89516099988032], [-1.327113000264717, 50.8565730001439], [-1.308824999574028, 50.855980999823316], [-1.288970000365168, 50.83354800043992], [-1.147135000379933, 50.777921000054164], [-1.129039000449438, 50.782688999597724], [-1.122296999806622, 50.79474699987418], [-1.153260999595432, 50.83926499968004], [-1.106548000190003, 50.84349599964071], [-1.096655999974359, 50.82854099976737], [-1.107677000093418, 50.792976000042415], [-1.086851000173453, 50.778731999682066], [-1.042121999630524, 50.786027999792395], [-1.042567000366716, 50.82865399958246], [-1.02396699967727, 50.832916000073396], [-1.018389999698684, 50.83698799989634], [-1.018193999653306, 50.8431829995958], [-1.001787000269815, 50.843719000031854], [-0.989088000111053, 50.83790399986975], [-0.980610000351192, 50.837791000054665], [-0.972475000221038, 50.84189300036172], [-0.956159999684189, 50.83969100043936], [-0.951188999772455, 50.84264299987461], [-0.932831000350347, 50.84315099991875], [-0.938896000350098, 50.82497699998862], [-0.931284000056507, 50.81322999966483], [-0.914490999959639, 50.810225999630234], [-0.905506000201683, 50.83558700004005], [-0.870637000197348, 50.8102580002066], [-0.904111999768929, 50.77596499978495], [-0.792045000176586, 50.726700999651484], [-0.765231000210463, 50.7464239999677], [-0.777873000438547, 50.76271000006648], [-0.770830000304215, 50.76754800014015], [-0.745126000264634, 50.76456900035913], [-0.554885000142576, 50.80012999989964], [-0.398723999612855, 50.80618999966879], [-0.292534000343778, 50.824421000428856], [-0.216009000315069, 50.82756399967889], [-0.038176000422027, 50.79950299976366], [0.089203000218333, 50.77401399974633], [0.127700000254833, 50.757703000293304], [0.250743999735846, 50.73694299981963], [0.366235999891558, 50.816589999928624], [0.620267000022068, 50.86054599989802], [0.668327000390775, 50.87417000044519], [0.740292999722215, 50.91710700018797], [0.783626999786236, 50.9320989999689], [0.899029000288181, 50.91710700018797], [0.9740439999307, 50.91172100002416], [0.981079999742235, 50.91710700018797], [0.965699000008897, 50.97122200009528], [0.981836000431144, 51.00883399978932], [1.008606000166822, 51.03234000009098], [1.073401999802513, 51.0625439999057], [1.181868999754556, 51.0764000003598], [1.221526000224799, 51.097607999909314], [1.268334999560636, 51.10204899966163], [1.373897999593055, 51.14060699981326], [1.39850500030559, 51.163293000071974], [1.403943000169363, 51.23160800010919], [1.362733000027958, 51.316656000174305], [1.376230000114447, 51.32773800040843], [1.423127999957273, 51.330075000261104], [1.441662000301108, 51.35132900013332], [1.448097000276391, 51.37490199992743], [1.440241000421906, 51.38698100027301], [1.41835200004482, 51.393093999788334], [1.268334999560636, 51.37782399977783], [1.107153999557454, 51.37231400019101], [1.029923000246299, 51.36372299971674], [0.997114999957319, 51.34799900035364], [0.899228999618686, 51.34267500035105], [0.869003999734844, 51.35385999993912], [0.768631999866955, 51.36272899974358], [0.765591999970866, 51.371099999965054], [0.792193000006989, 51.371918999961906], [0.902554000067084, 51.355952000184686], [0.946539999621336, 51.37508000004203], [0.895149000326171, 51.41750899974062], [0.752134999930377, 51.444865999566275], [0.731240999572492, 51.40928900018724], [0.720526000074869, 51.410334999860424], [0.724667000381828, 51.42167999963232], [0.699756000039429, 51.417482000294115], [0.699037000157489, 51.403035999611745], [0.712029000338134, 51.38500199984247], [0.699972000107778, 51.38234300042916], [0.69182400027745, 51.39135000030234], [0.67200299993857, 51.37873899970515], [0.648204999661061, 51.39461499978245], [0.62689499990438, 51.37520999974174], [0.624078000399436, 51.3848039997049], [0.602983999811784, 51.38414800003022], [0.564300000144954, 51.400942000173245], [0.577272000302628, 51.413446000332726], [0.611530000009566, 51.42051399982131], [0.63423700033735, 51.44245800003671], [0.711743999785824, 51.438694000028136], [0.719228999618679, 51.448242999714694], [0.714818000350476, 51.460405000290564], [0.682860999735396, 51.474212000283615], [0.491079999642295, 51.48599799970799], [0.468635999751655, 51.47725500031805], [0.458900999581488, 51.454936999942674], [0.410222000345073, 51.443903000123385], [0.35823499964556, 51.44584599979311], [0.312482999590827, 51.46429699990665], [0.273133999834272, 51.45538800005619], [0.217436999817721, 51.480071999823], [0.183901000131073, 51.48288600008891], [0.153380000086997, 51.50586799960854], [0.110752000204684, 51.509156000149346], [0.064862000081291, 51.495823999577965], [0.00567700019343, 51.49947499977145], [-0.00595300013083, 51.487425999910045], [-0.024711000012587, 51.485648999801526], [-0.03921299968016, 51.50528000037178], [-0.108863000127315, 51.508448999921484], [-0.128365000144584, 51.48505800042642], [-0.17080200021212, 51.480089999753716], [-0.182658000166555, 51.46669599992049], [-0.191901000130997, 51.46331999981817], [-0.207516999909558, 51.46420400011459], [-0.222829000058255, 51.47181699955496], [-0.2438439997008, 51.48893200011179], [-0.23027299979907, 51.48751100023253], [-0.217976000192209, 51.47136100011011], [-0.200662000350974, 51.465943000269306], [-0.185688999647596, 51.468605999867066], [-0.172409999721651, 51.48165499997833], [-0.130098000022656, 51.48865900011282], [-0.111510999932648, 51.510753000050954], [-0.035263000087355, 51.50745599999448], [-0.013739000354519, 51.488211000137596], [-0.002794000142956, 51.504560000443746], [0.009418000040739, 51.50709899971912], [0.026141999653589, 51.49941999993308], [0.06335499983345, 51.49900999991161], [0.097000000050002, 51.515671000216514], [0.158733999674382, 51.512615999628736], [0.189477000063562, 51.49017099969194], [0.210513999821274, 51.49003599976163], [0.276107000237914, 51.464024999953836], [0.316432000036798, 51.47253700038232], [0.34753399989421, 51.452610999697924], [0.4135560003092, 51.45613899961518], [0.432499999775189, 51.46339100039438], [0.451806999793234, 51.502505000105714], [0.529322999656756, 51.51000699982325], [0.519693999878257, 51.52306300025731], [0.519693999878257, 51.52888299975069], [0.572267999768428, 51.50868299992055], [0.625136999772792, 51.517431000440354], [0.631805999747144, 51.52263300021286], [0.626790999605021, 51.53217300038369], [0.651996000015458, 51.53931799982587], [0.783341000087148, 51.52265999965931], [0.907722000070294, 51.582635000005325], [0.927178999811019, 51.60723500039501], [0.863353999987169, 51.609193999903255], [0.758427999652497, 51.63326400013358], [0.607589999978586, 51.63006700019196], [0.643607999909307, 51.638381999629644], [0.75137499995634, 51.63920299971869], [0.858834000189006, 51.6219790004306], [0.925398999564209, 51.63024700039881], [0.947222999641781, 51.687367000386814], [0.947131999941917, 51.724768000243046], [0.931884000046637, 51.742660999805366], [0.898823999827755, 51.742550000082474], [0.852782999935528, 51.71893400010407], [0.803068999734592, 51.71689599965072], [0.761985000007769, 51.6977540000471], [0.71476199956669, 51.72717299963426], [0.724988999942468, 51.73469000004354], [0.849857999946778, 51.74373199973206], [0.869171000241522, 51.75661300018987], [0.861776000062378, 51.77463800044342], [0.844558000151608, 51.78137600000247], [0.900191999960896, 51.78581000033131], [0.930310000306292, 51.77512400037239], [0.980692999882081, 51.78732400000263], [0.991797000231429, 51.7964079998294], [0.970809000035388, 51.81138199967961], [0.978856999750803, 51.838271000406394], [0.996782999935533, 51.81682899995843], [1.026018000030717, 51.80064900025121], [1.044378999591231, 51.77384699993917], [1.120556999805729, 51.776300999791374], [1.226374999906341, 51.81590699970832], [1.286241999768549, 51.86303000003454], [1.282981999619608, 51.87295700006558], [1.246035000015297, 51.89128099971839], [1.287134999580587, 51.944701999997335], [1.117579000070862, 51.94103299987307], [1.056379999937121, 51.951492000155724], [1.157051000103593, 51.964287000244894], [1.199175000126218, 51.95721299958029], [1.271779000100821, 51.962244999607094], [1.263112999765156, 51.98519000011845], [1.193515999963495, 52.0069509999887], [1.191213999926219, 52.015891000369436], [1.267738999954929, 51.99352999980971], [1.294591999920897, 51.963515999763615], [1.330305000175656, 51.946600000289834], [1.375058000026741, 51.971944999961806], [1.39210400009955, 51.99324600020282], [1.428649000051337, 52.006395000428995], [1.478467999698466, 52.055055999734634], [1.573562999932562, 52.09066599973613], [1.619265000379528, 52.18815899993797], [1.636566999667366, 52.275864000223464], [1.677571000201567, 52.32046500025962], [1.717885000392528, 52.384200999576535], [1.735827000415782, 52.44407499976148], [1.754925999835052, 52.47615599979963], [1.732839000219712, 52.56279200025068], [1.741740999747378, 52.63365299988607], [1.699998000207586, 52.716758000281516], [1.675477999909788, 52.74269100008962], [1.609258000256546, 52.78692899957372], [1.437355000432945, 52.87849299975221], [1.299810000431251, 52.930875999827606], [1.050850000327273, 52.966592000220714], [0.995416999894701, 52.96788499959314], [0.978319000121814, 52.9771569999956], [0.962358999768071, 52.96672199992042], [0.923133000287805, 52.964750999858836], [0.704118999792058, 52.98267900013582], [0.664506999598416, 52.97275400019703], [0.549637000247401, 52.973151999665106], [0.519056000134356, 52.963552000324626], [0.483334000363868, 52.93429800025257], [0.43894400016552, 52.847403999594974], [0.39719200021068, 52.82709800027254], [0.367237000187458, 52.8000080001691], [0.319622999701721, 52.81369099983982], [0.265959999954077, 52.81011599955377], [0.220189999968568, 52.82050200006728], [0.170713999951204, 52.87306799958856], [0.037197999588045, 52.90620099957653], [0.044047999815405, 52.91708799981137], [0.075555000363011, 52.93458499999781], [0.104184000391342, 52.97044199969861], [0.166526000174827, 53.01752900016328], [0.299446000032901, 53.087281999964375], [0.335611999594164, 53.09759299971722], [0.354366000190794, 53.187412000363565], [0.321449000271173, 53.267415999848595], [0.226795999735657, 53.4040249998539], [0.155458999733071, 53.485691000439374], [0.136136999922655, 53.487014000295915], [0.122014999792441, 53.498999999950115], [0.104184000391342, 53.49208500032256], [0.087882999600822, 53.49751399977134], [0.075751999555166, 53.51470600028176], [0.036924999589132, 53.51619599974566], [0.017378000194583, 53.525366999987114], [-0.054485999828955, 53.57828400040637], [-0.105668000277944, 53.58790499981592], [-0.202767000296774, 53.63806499989988], [-0.275650999693823, 53.703913000384716], [-0.296776999958524, 53.712830999750906], [-0.471276999933536, 53.69688600008891], [-0.518915999773526, 53.67917299983412], [-0.541364999894768, 53.68784200030814], [-0.559033999919109, 53.68368600020881], [-0.618975999642601, 53.71280999968178], [-0.683427999602429, 53.69804599962322], [-0.689272000202607, 53.68402100036894], [-0.698365999591147, 53.684653999882244], [-0.698195999845495, 53.70339099969493], [-0.648279000175648, 53.725706999978115], [-0.636916999619814, 53.727760000223896], [-0.615600999586434, 53.73081599995851], [-0.592156000299099, 53.72826199999133], [-0.559118000195497, 53.71150899994046], [-0.536716999589828, 53.70913200004185], [-0.486758999827941, 53.71642800015212], [-0.446879999912028, 53.71410900023022], [-0.38563500035491, 53.72417500037602], [-0.331994999869323, 53.738570999651984], [-0.294616000128258, 53.74256600042065], [-0.250096000230201, 53.73331800022561], [-0.209641999878329, 53.700594000213016], [-0.095275000340962, 53.63701399999616], [-0.050794000442693, 53.632594000312906], [0.038067000092042, 53.64489800024256], [0.123021000318943, 53.63505400044181], [0.0942970004063, 53.6816180001706], [-0.145403999894654, 53.89564500001677], [-0.206916000073306, 54.00481900019673], [-0.209607000062931, 54.04909200039555], [-0.186090000153342, 54.08104900011131], [-0.167441999948267, 54.094688999597736], [-0.1062619997914, 54.10625799980687], [-0.08977100013152, 54.11723699978779], [-0.212448999821447, 54.15762699988619], [-0.271401999802379, 54.182199999930106], [-0.283592999916948, 54.22044800017511], [-0.360129999599735, 54.24484900038112], [-0.387530999655837, 54.26826800026805], [-0.389378000294414, 54.28496300034226], [-0.404625000143596, 54.29400700012303], [-0.420851000173457, 54.33469499957465], [-0.455419999833055, 54.378358999568206], [-0.47856599972107, 54.400429000198244], [-0.524009999961493, 54.4188249995741], [-0.530637999843748, 54.43024600015286], [-0.525753000300654, 54.447585000247614], [-0.566613999636331, 54.47653199965214], [-0.65807899974601, 54.49945199990992], [-0.712758999628079, 54.53098900004238], [-0.741384000371283, 54.529568000163124], [-0.790905999811969, 54.559482000094306], [-0.895064999849808, 54.57197399970039], [-0.934488000320925, 54.587811999824], [-0.997976999938544, 54.592797000381324], [-1.055886000338603, 54.6168519999199], [-1.135079000195674, 54.63636200030612], [-1.15128900038701, 54.62477500016615], [-1.156402999698628, 54.60276100031996], [-1.199726000154726, 54.58192499993885], [-1.251130000049443, 54.58828400000664], [-1.261252000079708, 54.5719030000235], [-1.251665000439345, 54.58840900037512], [-1.202964000188388, 54.58551700010952], [-1.164448000175014, 54.61438100018307], [-1.184944000165444, 54.62574800007019], [-1.167048999611609, 54.642348000260085], [-1.194588999782468, 54.678448000375], [-1.185236000141231, 54.69916899994945], [-1.242228999668555, 54.722595000159174], [-1.30434699991406, 54.77651800020561], [-1.315591999571097, 54.81688300005044], [-1.347372000117673, 54.86069100038941], [-1.3639009997313, 54.94418299974569], [-1.356306000221707, 54.95718000015694], [-1.360355999929425, 54.96760099958652], [-1.42643700036723, 55.00816599966123], [-1.420191000114528, 55.02095699956595], [-1.461693000231719, 55.07439000039824], [-1.491090999749815, 55.09943000039425], [-1.52392700043066, 55.157564000378386], [-1.504139999861081, 55.19407999989215], [-1.568118999592116, 55.26923799983388], [-1.569099999865045, 55.28989400000813], [-1.551154999703442, 55.31912499991887], [-1.588830999650838, 55.34010499974602], [-1.604892000165648, 55.372135000130186], [-1.606660999905159, 55.38620599970716], [-1.58240500009066, 55.40868100012813], [-1.57851399962135, 55.42855300012093], [-1.589258999603089, 55.43996200014624], [-1.59330500002568, 55.48800000039978], [-1.614448000175003, 55.502458999883004], [-1.61488299955073, 55.52110399994967], [-1.634603999774697, 55.539721999670576], [-1.627184000241357, 55.55385500030809], [-1.643667999578497, 55.57774799957059], [-1.722402999898463, 55.61597499974647], [-1.770012000153656, 55.60822899956872], [-1.775316000133273, 55.61566799997826], [-1.768492000205583, 55.62859799999774], [-1.785743999885653, 55.64245000026733], [-1.812773999920125, 55.635652999786146], [-1.837864000423224, 55.643090000103484], [-1.885925999984863, 55.69377600016236], [-1.996474999721386, 55.76191500017717], [-1.999644000170406, 55.78274999961286], [-2.03432899978344, 55.81116499966504], [-2.081286999695237, 55.791036999557946], [-2.092779999996935, 55.76098599960426], [-2.165834000039013, 55.72301000021139], [-2.176405000090654, 55.70338199977954], [-2.241240999772288, 55.65056799961354], [-2.239466999802175, 55.64324400001067], [-2.306698000212521, 55.64616599986107], [-2.331076000257156, 55.63611699959989], [-2.293989999638711, 55.605217000064556], [-2.285772000177644, 55.58256899975959], [-2.237812999969947, 55.549021999565696], [-2.224679999582293, 55.508449000021415], [-2.200571000251387, 55.47902500020365], [-2.176425000113625, 55.4702110002375], [-2.197419999733143, 55.44423800038345], [-2.331556999955524, 55.407214999972325], [-2.34102500040342, 55.398784999728036], [-2.333540999717343, 55.38348400008658], [-2.341908999800467, 55.36666399964395], [-2.381545000201527, 55.350145999638244], [-2.441537000432163, 55.35833499956061], [-2.488343999675806, 55.35016399956896], [-2.516697999612973, 55.32633100037543], [-2.552384000421227, 55.31652300043618], [-2.611723000216216, 55.28011000027635], [-2.633745000431361, 55.25842899959872], [-2.62704700001899, 55.24786099968543], [-2.63544799982526, 55.22556899960972], [-2.669603000178256, 55.21676400005862], [-2.689751000308377, 55.189063999703876], [-2.717512999924963, 55.16931099980286], [-2.82282299998144, 55.13561499993233], [-2.858507999844278, 55.10842499971403], [-2.956649000251105, 55.052054000092085], [-3.044438999959823, 55.053009000065344], [-3.030187000129899, 55.03170999991664], [-3.057370000025458, 54.98689599995049], [-3.10570499958601, 54.964931999712064], [-3.122796999981517, 54.944946999904175], [-3.110404000444191, 54.93375299990106], [-3.119149999972478, 54.927887000085036], [-3.130085999769051, 54.92813599987653], [-3.208154999953251, 54.95355400021697], [-3.281584000201406, 54.941246000102865], [-3.309938000138573, 54.91535599957979], [-3.281986999900084, 54.90435500038302], [-3.258230999760769, 54.90805199999983], [-3.26153200000175, 54.89551700020945], [-3.284232000006739, 54.89099400027294], [-3.291342999679671, 54.88094299991957], [-3.346779000250592, 54.89672099997421], [-3.395875999877433, 54.86926099989529], [-3.434985000257484, 54.80384200030812], [-3.437387999556506, 54.75998500040748], [-3.50825799960694, 54.7152650002796], [-3.522669999620746, 54.68983100010064], [-3.575264000433208, 54.647976999938635], [-3.570577000128424, 54.61015999978423], [-3.584064999799864, 54.566975000296054], [-3.610632000066687, 54.528613000189864], [-3.635607999809281, 54.51579399989322], [-3.623435999671585, 54.49571900043156], [-3.596715000396898, 54.48399200013074], [-3.440444000190382, 54.348604999820964], [-3.427817999800823, 54.34549200015573], [-3.418728999743507, 54.357285999949], [-3.411704000439215, 54.35499500041897], [-3.408010000061381, 54.34624599985307], [-3.422012000053712, 54.330616000328234], [-3.418588999582596, 54.28317000039527], [-3.327286999795149, 54.19559399976333], [-3.307363000102328, 54.18906299985758], [-3.250531999951761, 54.19543899981005], [-3.24350000032473, 54.20326299998749], [-3.250030000184324, 54.21964500001678], [-3.22610999967668, 54.242199999630316], [-3.229781999939291, 54.2600859997691], [-3.215389999948513, 54.25650500010573], [-3.21158399980169, 54.247821999885446], [-3.194282999660686, 54.22914200000338], [-3.204950999688833, 54.21513000044922], [-3.221641000431759, 54.176198000137674], [-3.253357999871753, 54.16682999980469], [-3.23966099955544, 54.15171099956302], [-3.238743000389093, 54.1074980003325], [-3.224975000395887, 54.09626500032954], [-3.193274999941252, 54.100794999689526], [-3.173291000179461, 54.08187300033876], [-3.149061999811408, 54.09360099978636], [-3.069910000046434, 54.15978000024688], [-3.036459999829106, 54.21662300005147], [-3.007217000264291, 54.17119599969567], [-3.001163999918617, 54.1402139999762], [-2.942546000097764, 54.15767800043943], [-2.893915000376921, 54.193990999585026], [-2.860448000274971, 54.20005599958478], [-2.86946999994052, 54.17673799985886], [-2.810806999843123, 54.113032000126736], [-2.833634000308848, 54.085820999839314], [-2.877168999749472, 54.065839000169774], [-2.905842000008249, 54.029884999593094], [-2.892952000034711, 53.99815200031463], [-2.85966400009346, 53.99768400031644], [-2.869135999826483, 53.96163699994764], [-2.888018000030627, 53.94800399988475], [-2.965676000147255, 53.93743399987926], [-2.983694000078003, 53.93213199999184], [-2.995483999686769, 53.90006599974612], [-3.012141999853384, 53.92204899996142], [-3.036620000012931, 53.92027399994521], [-3.047940000430629, 53.87577400007012], [-3.057371000071555, 53.776480999598505], [-3.048199999830103, 53.75866099980533], [-3.007319999618232, 53.737791999701074], [-2.921408000179042, 53.73182199958569], [-2.859069999680685, 53.73732899993348], [-2.839680000331725, 53.725706999978115], [-2.86427100030636, 53.732726999951126], [-2.929797000331234, 53.72384999977771], [-2.956203000368134, 53.697529000063355], [-2.974042000138127, 53.69466400014352], [-3.034188000275947, 53.643674999601615], [-3.103735999616617, 53.55847599976761], [-3.100249999837558, 53.54235099989876], [-3.066733000127783, 53.51978599982408], [-3.037523000286171, 53.464976000242245], [-3.008742000442908, 53.438411000067674], [-2.998245000206566, 53.40627200005281], [-2.971853999962093, 53.377830999700905], [-2.874217000314275, 53.33317799996479], [-2.82667699964378, 53.331671999763046], [-2.791038000103583, 53.32587500043098], [-2.758378000344408, 53.344278000129634], [-2.752411000367317, 53.31475400019701], [-2.789698000362364, 53.29849400039785], [-2.839751000008619, 53.30689500020412], [-2.870555999659587, 53.291515999663716], [-2.92855599975951, 53.308277000083535], [-2.999204000364273, 53.373120000087965], [-3.037071000126502, 53.43666400044333], [-3.050984999657942, 53.44021499962258], [-3.171789000162164, 53.401416000048414], [-3.197732999578193, 53.38521100008762], [-3.190516000413027, 53.37019300000702], [-3.124310999652891, 53.32540799957957], [-3.11070599998186, 53.29631799987584], [-3.089146000387586, 53.27860200038208], [-3.101346000017827, 53.26694100042687], [-3.000240999622406, 53.236354000037124], [-2.925177999564994, 53.189795999685714], [-2.928286999945044, 53.172408000029236], [-2.987556000109294, 53.15493600009637], [-2.941812999570232, 53.1220160000384], [-2.90700100039578, 53.11396900036914], [-2.884764000158441, 53.11861000035128], [-2.897218999856932, 53.09102599994998], [-2.866567000066937, 53.060564999974815], [-2.856999000403505, 53.02281900039662], [-2.832645999713066, 52.99808800026108], [-2.726823000281172, 52.983294999764496], [-2.730141000406775, 52.92755699965585], [-2.75788300000039, 52.92212299997652], [-2.797181000103024, 52.89853799962901], [-2.847670000070423, 52.94334800031004], [-2.89189399980819, 52.950329000283205], [-2.931753999747229, 52.94085799969696], [-2.976092000245558, 52.96528900038709], [-3.008555999959356, 52.95483700042729], [-3.041068000088103, 52.929084999972815], [-3.096936999942557, 52.927948999746604], [-3.117484999633007, 52.89711899984201], [-3.147479999702171, 52.89015599979962], [-3.138880999758271, 52.86734900025618], [-3.162085999669102, 52.823298000402474], [-3.156372999714108, 52.79915400035691], [-3.096608000059121, 52.78981200032359], [-3.069973000253697, 52.77330499992587], [-3.02446099957541, 52.76436999977574], [-2.975137000272298, 52.72674799962056], [-3.023096999626773, 52.71478099994323], [-3.086644000120486, 52.61050599995201], [-3.129814999862333, 52.5837590003776], [-3.120084999922767, 52.535927999777414], [-3.098792000050707, 52.53478700021992], [-3.075542999909487, 52.55264700005904], [-3.02276399955889, 52.56897600034222], [-3.000629999574755, 52.543668999724616], [-3.008171000191453, 52.52676199976651], [-3.042894999804332, 52.50267100036643], [-3.108696999966526, 52.49740899962569], [-3.195260999795266, 52.47396300029226], [-3.22339799961793, 52.4556589997631], [-3.22773199983186, 52.43681500041197], [-3.207758999678049, 52.41760400032439], [-3.065688999647591, 52.352661000205046], [-2.954719000281614, 52.34925799975696], [-2.991268000417847, 52.3232930002718], [-3.001215999618637, 52.306942999919556], [-3.005112000318491, 52.28511999988814], [-2.98898699955032, 52.26686699991217], [-3.03407200032251, 52.25377499961661], [-3.064422999721614, 52.23481400026594], [-3.110826000119744, 52.17180300020834], [-3.091546000447522, 52.151710999962745], [-3.127041999688515, 52.129802999608785], [-3.112078000299448, 52.111847999885356], [-3.11811399986118, 52.07510499979594], [-3.093755999839459, 52.04625600041413], [-3.093235000095149, 52.01952099959453], [-3.067357000125412, 51.9831499995729], [-3.023953999577373, 51.954504999706046], [-3.003986999700203, 51.92688100015806], [-2.977007000172875, 51.92366800037797], [-2.967067000441659, 51.9066580001666], [-2.877535000439877, 51.93195100013861], [-2.77611900009174, 51.881589999778726], [-2.774533999844152, 51.86532199961067], [-2.741233000202726, 51.840073999915205], [-2.718833999689309, 51.845710999962705], [-2.650212999929977, 51.82615300006097], [-2.674309999606749, 51.802396999921655], [-2.677106999987984, 51.768912999935026], [-2.666481000098031, 51.74999599991554], [-2.683747999570471, 51.72793000036927], [-2.662737000112429, 51.675201999672595], [-2.680147999930227, 51.666085000122735]]]]}}, {"type": "Feature", "properties": {"name": "Brussels Hoofdstedelijk", "country": "BEL"}, "geometry": {"type": "Polygon", "coordinates": [[[4.283083477000048, 50.813608929000054], [4.384367978000057, 50.759743024000045], [4.485078704000045, 50.793103331000054], [4.43499926100003, 50.89895331000008], [4.288827063000042, 50.891802847000065], [4.283083477000048, 50.813608929000054]]]}}, {"type": "Feature", "properties": {"name": "Vlaams Gewest", "country": "BEL"}, "geometry": {"type": "MultiPolygon", "coordinates": [[[[5.892073, 50.75523749900003], [5.773966918000042, 50.774515059000066], [5.682000500000072, 50.75744649900008], [5.819052, 50.71455749900008], [5.892073, 50.75523749900003]]], [[[5.687622, 50.811923999000044], [5.670129720000034, 50.87356368800005], [5.766125500000044, 51.00871549900006], [5.798274, 51.05985349900004], [5.79015204500007, 51.16172424000007], [5.566283501000044, 51.22083649900003], [5.500421072000051, 51.28538661500005], [5.237716500000033, 51.26160049900005], [5.110783032000029, 51.348479904000044], [5.10218, 51.42900499900003], [5.040817597000057, 51.46673077200006], [4.864001759000075, 51.43362119900007], [4.759926, 51.50246449900004], [4.669544001000077, 51.42638399900005], [4.490048600000023, 51.470012686000075], [4.409141114000022, 51.44687538900007], [4.391174102000036, 51.366223683000044], [4.279564999000058, 51.376017499000056], [4.243669499000021, 51.37472949900007], [4.242049, 51.35396699900008], [4.234817501000066, 51.348253999000065], [3.977666500000055, 51.22513199900004], [3.856339500000047, 51.21105599900005], [3.750397244000055, 51.266527720000056], [3.549289543000043, 51.290553799000065], [3.380661, 51.27429949900005], [3.365787500000067, 51.36983549900003], [3.110688501000027, 51.31225949900005], [2.749051500000064, 51.16176999900006], [2.546010999000032, 51.08938199900007], [2.607036, 50.91268949900007], [2.647986039000045, 50.825013470000044], [2.863276, 50.70834349900008], [2.856343546000062, 50.74538030400004], [2.958764785000028, 50.797896552000054], [3.018708500000059, 50.773532999000054], [3.098481, 50.77901899900007], [3.17699600100002, 50.75616449900008], [3.277564853000058, 50.757185838000055], [3.324117999000066, 50.72230899900006], [3.460305500000061, 50.76589899900006], [3.541272500000048, 50.733700499000065], [3.815390500000035, 50.750724999000056], [3.895736500000055, 50.73294449900004], [3.949402107000026, 50.691571880000026], [4.100483, 50.70595549900003], [4.145533202000024, 50.72298443400007], [4.250317218000021, 50.695005439000056], [4.597269, 50.76353449900006], [4.746269694000034, 50.79695940600004], [5.019566500000053, 50.750761999000076], [5.103480500000046, 50.70906399900008], [5.236913, 50.727272999000036], [5.431686500000069, 50.71980299900008], [5.687622, 50.811923999000044]], [[4.283083477000048, 50.813608929000054], [4.288827063000042, 50.891802847000065], [4.43499926100003, 50.89895331000008], [4.485078704000045, 50.793103331000054], [4.384367978000057, 50.759743024000045], [4.283083477000048, 50.813608929000054]]]]}}, {"type": "Feature", "properties": {"name": "Wallonne Gewest", "country": "BEL"}, "geometry": {"type": "MultiPolygon", "coordinates": [[[[5.682000500000072, 50.75744649900008], [5.687622, 50.811923999000044], [5.431686500000069, 50.71980299900008], [5.236913, 50.727272999000036], [5.103480500000046, 50.70906399900008], [5.019566500000053, 50.750761999000076], [4.746269694000034, 50.79695940600004], [4.597269, 50.76353449900006], [4.250317218000021, 50.695005439000056], [4.145533202000024, 50.72298443400007], [4.100483, 50.70595549900003], [3.949402107000026, 50.691571880000026], [3.895736500000055, 50.73294449900004], [3.815390500000035, 50.750724999000056], [3.541272500000048, 50.733700499000065], [3.460305500000061, 50.76589899900006], [3.324117999000066, 50.72230899900006], [3.277564853000058, 50.757185838000055], [3.17699600100002, 50.75616449900008], [3.245294, 50.713009499000066], [3.310992605000024, 50.52240952600005], [3.615081500000031, 50.490398999000035], [3.65551, 50.46173549900004], [3.67326848600004, 50.39707601100008], [3.71703122200006, 50.32705652400006], [4.027774500000021, 50.35833049900003], [4.185827248000066, 50.237258860000054], [4.206924001000061, 50.079774446000044], [4.140853001000039, 49.97875999900003], [4.233133, 49.95782849900007], [4.432494001000066, 49.94161599900008], [4.662897003000069, 49.99426938400006], [4.796697, 50.14867799900003], [4.852444563000063, 50.12700594000006], [4.809812263000026, 49.97181672500005], [4.870468251000034, 49.80953554900003], [4.969431, 49.80182599900007], [5.153738501000021, 49.717925999000045], [5.393511, 49.61711099900003], [5.470883001000061, 49.49723799900005], [5.734556, 49.545690499000045], [5.818117001000076, 49.54631049900007], [5.893724950000035, 49.66488392800005], [5.746318999000039, 49.85359499900005], [5.89939664700006, 50.10304384600005], [6.02489950000006, 50.18277949900005], [6.137662500000033, 50.12995149900007], [6.185575330000063, 50.22320584100004], [6.365096101000063, 50.31400240700003], [6.405028501000061, 50.32330849900006], [6.315556, 50.49704249900003], [6.192200500000069, 50.521055499000056], [6.189312500000028, 50.56609399900003], [6.20862405500003, 50.63356297800004], [6.020999, 50.75429550000007], [5.892073, 50.75523749900003], [5.819052, 50.71455749900008], [5.682000500000072, 50.75744649900008]]], [[[2.863276, 50.70834349900008], [3.018708500000059, 50.773532999000054], [2.958764785000028, 50.797896552000054], [2.856343546000062, 50.74538030400004], [2.863276, 50.70834349900008]]]]}}, {"type": "Feature", "properties": {"name": "\u0141\u00f3d\u017a Voivodeship", "country": "POL"}, "geometry": {"type": "Polygon", "coordinates": [[[19.0471201, 52.3328041], [19.0450105, 52.318465], [19.0312512, 52.3179604], [19.0306999, 52.3159215], [19.0363564, 52.315332], [19.0385487, 52.2993011], [19.0456462, 52.2956417], [19.0302655, 52.2710648], [19.0743696, 52.2733596], [19.0768072, 52.2707625], [19.0948237, 52.2706003], [19.1003177, 52.2659071], [19.1014115, 52.2493571], [19.105015, 52.2415216], [19.080503, 52.2384494], [19.0798938, 52.2307185], [19.0709086, 52.228366], [19.0733084, 52.2228292], [19.0822861, 52.2227021], [19.0897647, 52.2067066], [19.077637, 52.2001121], [19.0524465, 52.2126244], [19.02015, 52.2153483], [18.9995739, 52.2111408], [18.9921872, 52.2144463], [18.9809395, 52.2076212], [18.972002, 52.2072118], [18.9702946, 52.2025776], [18.966121, 52.2024633], [18.9647645, 52.205726], [18.9641296, 52.2023616], [18.963658, 52.2064198], [18.951051, 52.1954034], [18.9432776, 52.1993872], [18.924113, 52.1962671], [18.9182206, 52.1859787], [18.915593, 52.1607574], [18.9086402, 52.1525042], [18.91114, 52.1327592], [18.9315979, 52.1232158], [18.942574, 52.1278941], [18.9497671, 52.1193422], [18.9439994, 52.1033461], [18.9399289, 52.1010734], [18.9307781, 52.1043518], [18.9251187, 52.0792619], [18.9043764, 52.0797662], [18.9002379, 52.0838131], [18.8856475, 52.079989], [18.8669488, 52.0875812], [18.8518655, 52.0851647], [18.8534211, 52.081295], [18.8422221, 52.0801422], [18.8398724, 52.0717138], [18.8278688, 52.0641953], [18.8194207, 52.065125], [18.8192817, 52.0699196], [18.8156431, 52.0710235], [18.8133651, 52.0676598], [18.7866024, 52.0608752], [18.7636861, 52.0674917], [18.752777, 52.0764438], [18.7238272, 52.0648396], [18.7182431, 52.0657049], [18.7223013, 52.0546625], [18.7167755, 52.0443975], [18.7190454, 52.038636], [18.7157815, 52.0322582], [18.7272251, 52.0209997], [18.7302002, 52.0142244], [18.7259785, 52.0130019], [18.7267488, 52.0106778], [18.7348502, 52.002641], [18.7172107, 51.992934], [18.7251321, 51.9856567], [18.7305737, 51.9852945], [18.7332032, 51.9682826], [18.7149601, 51.9682738], [18.7239598, 51.9571895], [18.7283805, 51.9579411], [18.7298592, 51.954689], [18.7382126, 51.9626994], [18.741222, 51.9508219], [18.7362283, 51.9446271], [18.7435117, 51.9435128], [18.7425328, 51.9371003], [18.767792, 51.9278535], [18.7482594, 51.9070506], [18.736455, 51.9009342], [18.7385369, 51.8988592], [18.7349582, 51.8954965], [18.7388012, 51.892899], [18.7212736, 51.8805495], [18.7230197, 51.8713967], [18.7088002, 51.8709957], [18.6968194, 51.8656375], [18.6980971, 51.8545593], [18.7009032, 51.8530145], [18.6998945, 51.8502321], [18.6946873, 51.8497952], [18.699504, 51.8485873], [18.6928892, 51.8449651], [18.6911562, 51.8319524], [18.6867365, 51.8327911], [18.6904445, 51.8287857], [18.6885506, 51.8223804], [18.684167, 51.8207952], [18.6650811, 51.8264341], [18.6483985, 51.8267402], [18.6422133, 51.8339268], [18.6302756, 51.8306805], [18.6133113, 51.8345896], [18.5947952, 51.8481578], [18.5688337, 51.8440692], [18.5494522, 51.8451742], [18.5344557, 51.8414079], [18.5338931, 51.8356417], [18.5149684, 51.8339327], [18.5097477, 51.8409896], [18.5098698, 51.8504259], [18.5066139, 51.8540006], [18.4863273, 51.849094], [18.4719653, 51.8510057], [18.4686234, 51.8447939], [18.4713048, 51.8411106], [18.4644002, 51.8377831], [18.4670985, 51.8317235], [18.4626894, 51.8297763], [18.4670116, 51.8295502], [18.4719181, 51.8198968], [18.4413773, 51.8264729], [18.4392553, 51.8248218], [18.4442735, 51.7984948], [18.4374267, 51.7976803], [18.4368759, 51.7936169], [18.4260059, 51.7924132], [18.4290896, 51.8015681], [18.4243962, 51.8006184], [18.4243189, 51.7928008], [18.4093043, 51.7916689], [18.4294629, 51.7734463], [18.4325619, 51.7651782], [18.4302165, 51.7573764], [18.4218044, 51.7581306], [18.4173938, 51.7487252], [18.4030271, 51.7506233], [18.4050185, 51.7466091], [18.4155771, 51.7454176], [18.4234614, 51.7359493], [18.4207999, 51.7267934], [18.4010291, 51.7238215], [18.4105278, 51.7163272], [18.4097131, 51.7060033], [18.4138786, 51.7046955], [18.4118013, 51.7005287], [18.393067, 51.7013737], [18.3969502, 51.6957627], [18.3852938, 51.6945629], [18.3788252, 51.6892492], [18.3798856, 51.6843492], [18.3628364, 51.6805195], [18.3555652, 51.6607128], [18.3816287, 51.6509677], [18.3746064, 51.6375686], [18.3702382, 51.6344718], [18.3530406, 51.6335036], [18.3500917, 51.6268573], [18.3649904, 51.6238964], [18.3684071, 51.6170125], [18.3525414, 51.6071651], [18.3484964, 51.6013201], [18.3766434, 51.6000215], [18.3784438, 51.5923537], [18.370317, 51.5908846], [18.3725097, 51.5772144], [18.3646591, 51.5643902], [18.36927, 51.5557247], [18.3680667, 51.549592], [18.3737366, 51.5478893], [18.3595828, 51.5404052], [18.3583442, 51.536286], [18.3606549, 51.531428], [18.3801941, 51.5182961], [18.3829844, 51.4771815], [18.3616915, 51.4680673], [18.3518096, 51.4698493], [18.3580145, 51.4665915], [18.3573992, 51.4604924], [18.3515768, 51.4499335], [18.3407515, 51.4410938], [18.34049, 51.4300941], [18.3262874, 51.4198821], [18.2554151, 51.4388433], [18.2290855, 51.451548], [18.2127546, 51.4543399], [18.2114991, 51.4518998], [18.2157716, 51.4476556], [18.1882584, 51.4412281], [18.1991304, 51.4339334], [18.2064863, 51.4328518], [18.2077481, 51.4266921], [18.21096, 51.4254405], [18.2104582, 51.4202813], [18.2039483, 51.4167402], [18.2083652, 51.4061082], [18.2068747, 51.4019716], [18.2001018, 51.3952852], [18.1965328, 51.395494], [18.1929131, 51.3877943], [18.1492058, 51.3914473], [18.1379989, 51.3778322], [18.1350899, 51.3608361], [18.1297389, 51.3621581], [18.1265964, 51.3575979], [18.0987805, 51.3620517], [18.0748957, 51.3504181], [18.093408, 51.341134], [18.0925155, 51.3255139], [18.1129326, 51.3107784], [18.108876, 51.3068893], [18.1136342, 51.2971012], [18.1098157, 51.2931295], [18.120117, 51.286581], [18.1049796, 51.2855354], [18.1062818, 51.2818902], [18.1031153, 51.2804314], [18.1169263, 51.277492], [18.1034838, 51.268118], [18.1068387, 51.2628599], [18.1099882, 51.2602513], [18.1177146, 51.2612091], [18.117925, 51.2653735], [18.1228668, 51.2641987], [18.1267347, 51.2689047], [18.1366216, 51.2697531], [18.1380599, 51.2641302], [18.1532967, 51.2640229], [18.1508234, 51.2731758], [18.1692067, 51.2717349], [18.1725803, 51.2689152], [18.1693645, 51.2678177], [18.1721967, 51.2629619], [18.1676081, 51.2554598], [18.1671394, 51.2426482], [18.1751273, 51.2383422], [18.1754706, 51.2281884], [18.1803573, 51.2232719], [18.1701653, 51.2121849], [18.1652072, 51.2123401], [18.162143, 51.2056475], [18.1622529, 51.1925194], [18.1762451, 51.1914847], [18.1668865, 51.1824492], [18.1687236, 51.1786719], [18.1626648, 51.1700607], [18.1657721, 51.165012], [18.187362, 51.1572233], [18.2069957, 51.1556057], [18.2595626, 51.1577054], [18.2707747, 51.1504145], [18.3030747, 51.1402188], [18.3051311, 51.1352995], [18.3149308, 51.1339688], [18.3229675, 51.1381747], [18.3630523, 51.1362627], [18.3670243, 51.1388062], [18.3816858, 51.128202], [18.3877362, 51.1299831], [18.4063211, 51.1241338], [18.4187827, 51.1258622], [18.4218444, 51.1170444], [18.4369353, 51.114104], [18.4536978, 51.1149816], [18.4645144, 51.1202061], [18.4697537, 51.1043709], [18.4813994, 51.0997116], [18.4783198, 51.0923171], [18.4894042, 51.0907002], [18.4987372, 51.0995787], [18.5129715, 51.1031821], [18.5197902, 51.1082063], [18.5166307, 51.1112626], [18.5201684, 51.1162304], [18.516495, 51.1207883], [18.5154778, 51.1327206], [18.5208251, 51.1402598], [18.5367027, 51.1378402], [18.5480749, 51.1410681], [18.5537189, 51.1387838], [18.5676523, 51.1190495], [18.5613448, 51.1111494], [18.5622686, 51.1066463], [18.5788381, 51.0935007], [18.5807533, 51.089835], [18.5776048, 51.0819215], [18.6082784, 51.0817053], [18.6235941, 51.0771912], [18.6250185, 51.0717449], [18.6374567, 51.0633884], [18.6606835, 51.0546466], [18.7100853, 51.0656443], [18.731837, 51.0664654], [18.749406, 51.0623156], [18.7774496, 51.0657937], [18.8028871, 51.0633928], [18.8006881, 51.0711882], [18.8166391, 51.0729492], [18.8179058, 51.0682458], [18.8573888, 51.0725985], [18.8564655, 51.07644], [18.8746542, 51.0673722], [18.8835335, 51.0589797], [18.8933129, 51.0602118], [18.9003275, 51.0624265], [18.89551, 51.0666285], [18.900524, 51.079484], [18.9230197, 51.0994297], [18.9324046, 51.0931082], [18.9556219, 51.0901454], [18.966956, 51.0818873], [18.9932573, 51.0761494], [19.011631, 51.0665059], [19.0090582, 51.0603373], [19.0167124, 51.0518608], [19.0563353, 51.0399186], [19.0536589, 51.0365568], [19.0565481, 51.0360197], [19.0566042, 51.0320567], [19.0529396, 51.0332652], [19.0539044, 51.031443], [19.0467525, 51.0285933], [19.0497363, 51.0264291], [19.0561302, 51.0241525], [19.0726756, 51.0355342], [19.0891495, 51.0334423], [19.1044851, 51.0262075], [19.1090592, 51.0142251], [19.1235607, 50.9995986], [19.132843, 50.9995647], [19.1273426, 51.005881], [19.1326561, 51.0108498], [19.1498005, 51.0095777], [19.1449226, 51.0018059], [19.1617045, 51.0006024], [19.1611343, 51.0031952], [19.1638351, 51.0032569], [19.1649635, 50.9945202], [19.1786261, 50.9894331], [19.1795087, 50.9913833], [19.2064715, 50.9855243], [19.2042543, 50.9824184], [19.2407332, 50.9903941], [19.2460633, 50.9947798], [19.2506091, 51.0053515], [19.2570099, 51.0029619], [19.2516239, 51.015876], [19.2431525, 51.0235791], [19.2473699, 51.0301986], [19.2431423, 51.0368447], [19.2505698, 51.0400136], [19.2499294, 51.0380803], [19.261876, 51.035172], [19.2568514, 51.0336484], [19.2609317, 51.0309981], [19.2917684, 51.0454778], [19.3012492, 51.043266], [19.3106375, 51.0477166], [19.3226874, 51.0461906], [19.3314169, 51.0388486], [19.3185207, 51.0282062], [19.3185809, 51.0201282], [19.3258848, 51.0188644], [19.3265607, 51.012266], [19.3473871, 51.010862], [19.3621693, 51.0039463], [19.3516262, 50.9958593], [19.356246, 50.9925972], [19.3787157, 50.9951965], [19.3921215, 51.0009484], [19.395718, 50.9946325], [19.4020745, 50.9939734], [19.4006642, 50.9915941], [19.403759, 50.9898659], [19.400969, 50.9884361], [19.4107225, 50.9806915], [19.4034345, 50.9748845], [19.4100695, 50.9711751], [19.4098064, 50.9740194], [19.4134792, 50.9751648], [19.4322906, 50.9648991], [19.4380245, 50.9439034], [19.4464786, 50.9354797], [19.4647869, 50.9273371], [19.4697671, 50.9174178], [19.4681953, 50.9105397], [19.4628051, 50.9099735], [19.4639206, 50.8953102], [19.4731258, 50.8941456], [19.4735959, 50.891759], [19.4671608, 50.8885912], [19.4711159, 50.8858845], [19.483798, 50.8846337], [19.4897866, 50.8789306], [19.4976027, 50.879671], [19.5031895, 50.8864495], [19.5091803, 50.8810691], [19.5250777, 50.8941304], [19.552595, 50.9001576], [19.5643305, 50.9075843], [19.5744475, 50.908121], [19.5775496, 50.9047861], [19.5876707, 50.905336], [19.6138539, 50.8772407], [19.6182406, 50.8805087], [19.6387999, 50.8797751], [19.6612618, 50.8745227], [19.657776, 50.8632821], [19.6613982, 50.8545411], [19.6675234, 50.8541004], [19.6701348, 50.848713], [19.678482, 50.8501828], [19.682928, 50.8452178], [19.6950482, 50.8435563], [19.6957086, 50.8462161], [19.7279013, 50.8432775], [19.7294026, 50.849961], [19.7427723, 50.8518429], [19.7425971, 50.8547547], [19.7472237, 50.8571495], [19.7435473, 50.8596081], [19.74706, 50.86597], [19.7775995, 50.8798637], [19.7764641, 50.8850778], [19.7868856, 50.887249], [19.7849105, 50.8918909], [19.79054, 50.8937591], [19.7888194, 50.8991325], [19.7927997, 50.8992705], [19.7892776, 50.9005096], [19.7946734, 50.904905], [19.7935707, 50.9071822], [19.8080225, 50.9066847], [19.8230971, 50.9153973], [19.8376978, 50.9174265], [19.8375244, 50.9212496], [19.8487692, 50.9356937], [19.8433742, 50.9438728], [19.8461719, 50.9451664], [19.8330679, 50.9499581], [19.8341548, 50.9585126], [19.8298056, 50.9591131], [19.8276161, 50.9626014], [19.83062, 50.9651925], [19.8279366, 50.9667532], [19.8474533, 50.9947722], [19.8634984, 51.004762], [19.8606728, 51.0183026], [19.8670386, 51.0216353], [19.8641885, 51.0235294], [19.867287, 51.0247254], [19.8640325, 51.0276647], [19.8690692, 51.0291484], [19.8661317, 51.0356439], [19.8727601, 51.0376359], [19.876323, 51.0483109], [19.8861698, 51.0475933], [19.8976608, 51.028278], [19.9369357, 51.0246237], [19.9357623, 51.0110658], [19.9402592, 51.0091935], [19.9497785, 51.0118432], [19.9587585, 51.0022086], [19.95582, 50.9921468], [19.9578875, 50.9903717], [20.017655, 50.9622803], [20.0271226, 50.9725991], [20.0360641, 50.9725285], [20.0394483, 50.9902748], [20.0339596, 50.9905935], [20.0327516, 50.9957185], [20.0430743, 51.0025214], [20.0487903, 51.0115896], [20.0506843, 51.0170339], [20.0481595, 51.0215516], [20.0509175, 51.0263437], [20.048347, 51.0544425], [20.0562384, 51.0577507], [20.0493923, 51.0619636], [20.0446182, 51.0599811], [20.0454705, 51.0685674], [19.9817257, 51.0731363], [19.9864193, 51.0782722], [19.9929118, 51.0995841], [19.989963, 51.1093201], [19.9918827, 51.1125878], [19.9881153, 51.1189156], [19.988526, 51.1304941], [19.9854871, 51.1346443], [20.0016315, 51.1331165], [19.9883264, 51.139469], [20.0127978, 51.1552077], [20.0173686, 51.1524343], [20.022009, 51.1553947], [20.0257556, 51.1645428], [19.9940884, 51.1840591], [20.0101498, 51.1909434], [20.011007, 51.1954438], [20.0258175, 51.200421], [20.0534966, 51.2027212], [20.0603463, 51.1992213], [20.0557293, 51.190724], [20.0646179, 51.1970299], [20.0953526, 51.1913476], [20.1126157, 51.1931208], [20.1195134, 51.1892741], [20.1498925, 51.1923565], [20.1476919, 51.1960639], [20.1514509, 51.1927337], [20.1588157, 51.1938354], [20.1581845, 51.1979389], [20.1794995, 51.1954832], [20.1788477, 51.2070953], [20.1924175, 51.204461], [20.1957458, 51.2063493], [20.2011823, 51.2040782], [20.2023111, 51.1988745], [20.2077889, 51.1998376], [20.2071882, 51.2034582], [20.2145251, 51.2096171], [20.2165673, 51.1992814], [20.2320041, 51.2010461], [20.2352516, 51.2089148], [20.2516518, 51.2067425], [20.2643763, 51.2184318], [20.251295, 51.2215815], [20.2560674, 51.2366268], [20.2525309, 51.2409144], [20.2417664, 51.2438591], [20.2461617, 51.2533552], [20.2410248, 51.255509], [20.2425873, 51.2572966], [20.2606288, 51.2587837], [20.2634539, 51.2543513], [20.2601429, 51.2508977], [20.2779296, 51.2442741], [20.3101129, 51.2431053], [20.3287936, 51.252697], [20.3308173, 51.2577454], [20.3540408, 51.250412], [20.3597655, 51.2413451], [20.3712094, 51.2366331], [20.3797423, 51.245929], [20.3752588, 51.2618155], [20.3857395, 51.2631945], [20.3846081, 51.2692647], [20.3904219, 51.2722042], [20.3639276, 51.3112884], [20.3786419, 51.3138767], [20.3849534, 51.3187754], [20.4103519, 51.3185624], [20.4144156, 51.3206725], [20.4096225, 51.3260648], [20.4202508, 51.3256466], [20.4241938, 51.3283377], [20.4239463, 51.3333975], [20.4326942, 51.3343173], [20.4281547, 51.3515115], [20.4228959, 51.3536074], [20.4219906, 51.3614714], [20.4166537, 51.3621101], [20.4297535, 51.3694457], [20.4268129, 51.3711019], [20.4290793, 51.3712387], [20.4283567, 51.3776285], [20.4361231, 51.3896943], [20.4442784, 51.3942574], [20.4423112, 51.3984257], [20.4481829, 51.4120778], [20.4502413, 51.4144286], [20.4547968, 51.4091583], [20.471668, 51.4084551], [20.4870057, 51.412668], [20.4840283, 51.415213], [20.4929566, 51.4251803], [20.4850608, 51.4315734], [20.4876297, 51.4335854], [20.4843005, 51.4370314], [20.4877012, 51.4410043], [20.4977484, 51.4417965], [20.4969161, 51.4483416], [20.5124786, 51.4509527], [20.5242952, 51.4562118], [20.5256407, 51.4619374], [20.5340195, 51.4626711], [20.5265386, 51.4684114], [20.527424, 51.4785094], [20.5262245, 51.4824861], [20.5226619, 51.4819169], [20.5199473, 51.5097848], [20.5002601, 51.5061587], [20.5009178, 51.5032019], [20.4945346, 51.5003054], [20.4688267, 51.4995582], [20.4524382, 51.5037545], [20.4500224, 51.5174217], [20.4575795, 51.5410708], [20.4556417, 51.5422568], [20.4680335, 51.5595237], [20.4618062, 51.5657169], [20.4606462, 51.5744067], [20.4414231, 51.5714994], [20.4332915, 51.5752954], [20.4378252, 51.5822795], [20.4296029, 51.5994018], [20.4198093, 51.6005018], [20.4150977, 51.6043343], [20.4228342, 51.6064948], [20.4248951, 51.6116222], [20.4188161, 51.6204989], [20.4187087, 51.6302549], [20.4133485, 51.6305442], [20.4148128, 51.6339811], [20.3912492, 51.6360249], [20.3849987, 51.6416143], [20.395353, 51.6470142], [20.3909538, 51.6612648], [20.3952983, 51.6624586], [20.4002465, 51.6727542], [20.4376455, 51.6806794], [20.4423714, 51.6846662], [20.4368802, 51.6882058], [20.4417774, 51.6913949], [20.4507125, 51.6859719], [20.4537385, 51.6933844], [20.4579841, 51.6923559], [20.4670141, 51.697092], [20.4671134, 51.6928274], [20.4876971, 51.6836308], [20.5145434, 51.6855489], [20.5150165, 51.6744851], [20.5187588, 51.6738904], [20.5183612, 51.6709169], [20.5225244, 51.6770523], [20.5228134, 51.6657047], [20.5351611, 51.6687355], [20.5842806, 51.6628585], [20.5966247, 51.6571637], [20.5972011, 51.6594606], [20.6205519, 51.6575988], [20.6231956, 51.6615616], [20.6200849, 51.6650144], [20.6238037, 51.6690328], [20.6337441, 51.6698306], [20.6365322, 51.6762095], [20.6532008, 51.6771442], [20.6592584, 51.6986555], [20.65441, 51.7149166], [20.6583856, 51.7240129], [20.6389308, 51.7324181], [20.6387802, 51.737528], [20.6023101, 51.7464871], [20.5826389, 51.7479839], [20.5840663, 51.7618792], [20.5940713, 51.7680438], [20.587659, 51.7702478], [20.5951921, 51.7692607], [20.592458, 51.7768517], [20.5860691, 51.7780063], [20.5842373, 51.7822588], [20.5866427, 51.7845008], [20.5790006, 51.7928604], [20.5819726, 51.8110709], [20.5604343, 51.8122689], [20.5577382, 51.8189523], [20.5760914, 51.820998], [20.6077402, 51.8160609], [20.6083233, 51.8194511], [20.6198285, 51.8215529], [20.6190634, 51.827693], [20.5997609, 51.8274223], [20.5963135, 51.8398139], [20.6053951, 51.8496361], [20.5905275, 51.849379], [20.5909904, 51.8601186], [20.5843012, 51.8675393], [20.5856404, 51.8694484], [20.5664714, 51.8762811], [20.5708462, 51.8879323], [20.5100268, 51.8943769], [20.4982937, 51.8895355], [20.4794196, 51.8999922], [20.490988, 51.9104264], [20.4858791, 51.9204598], [20.4778928, 51.92017], [20.4785975, 51.9268336], [20.4754852, 51.9309979], [20.4568908, 51.9331628], [20.4397457, 51.9434901], [20.4302861, 51.9380456], [20.4202156, 51.9478677], [20.4235248, 51.9409506], [20.4135888, 51.9302962], [20.3970714, 51.930529], [20.3891805, 51.9419157], [20.3815439, 51.9424302], [20.3707941, 51.9382876], [20.371542, 51.933766], [20.3779629, 51.9387466], [20.3837147, 51.9369884], [20.3727733, 51.9238663], [20.3600435, 51.9285056], [20.3538147, 51.9196636], [20.3240708, 51.9219425], [20.3183823, 51.9123316], [20.295455, 51.9123057], [20.3117364, 51.9186572], [20.3143793, 51.9240478], [20.3115563, 51.9251809], [20.3100179, 51.9348845], [20.2969163, 51.935715], [20.2916055, 51.9397223], [20.2895932, 51.9382618], [20.2919772, 51.9367393], [20.2853539, 51.9385452], [20.2691868, 51.9352446], [20.2659005, 51.930864], [20.2436309, 51.9334021], [20.2407439, 51.9509987], [20.2941908, 51.9671242], [20.2717473, 51.9711692], [20.2723682, 51.9821798], [20.2603557, 51.9914474], [20.2622387, 51.9934606], [20.2551336, 51.9955624], [20.262418, 52.0004436], [20.2501398, 52.0061294], [20.2431933, 51.9988762], [20.2333028, 52.0017658], [20.2139066, 52.0124486], [20.2111058, 52.0176865], [20.1985008, 52.0257503], [20.1994178, 52.0303829], [20.2059656, 52.0279737], [20.2530819, 52.055325], [20.2478927, 52.0612588], [20.2493433, 52.0674026], [20.2432856, 52.0731502], [20.269948, 52.0771297], [20.2688147, 52.1007236], [20.2570477, 52.1066961], [20.2520114, 52.1174176], [20.2129301, 52.1184342], [20.2023683, 52.1147248], [20.165174, 52.1386086], [20.1615077, 52.1426191], [20.1641922, 52.1473299], [20.160463, 52.1512451], [20.1161833, 52.1437425], [20.1170294, 52.1463926], [20.0910136, 52.1526476], [20.0866746, 52.1584592], [20.0874755, 52.168177], [20.0671751, 52.1874758], [20.0620742, 52.188123], [20.0631117, 52.1989501], [20.0804942, 52.2330386], [20.0655085, 52.240166], [20.0375707, 52.2467394], [20.0420987, 52.2576858], [20.018216, 52.2619457], [19.985886, 52.2624272], [19.965089, 52.2682722], [19.9580398, 52.2782747], [19.9600828, 52.2854176], [19.9541076, 52.2833789], [19.9392485, 52.2892063], [19.9360929, 52.2997327], [19.9149341, 52.2986976], [19.9017215, 52.3039355], [19.902563, 52.3085763], [19.8910412, 52.3113], [19.8690658, 52.2989411], [19.8617187, 52.2909568], [19.8777354, 52.287693], [19.8485619, 52.2723599], [19.829314, 52.2745696], [19.8159664, 52.2839372], [19.8051049, 52.2791027], [19.7897384, 52.2797602], [19.7928848, 52.2735818], [19.7719242, 52.2642622], [19.7362055, 52.2584488], [19.72909, 52.2681263], [19.6991113, 52.2785456], [19.6841046, 52.262757], [19.6897928, 52.2594983], [19.6481816, 52.2537096], [19.634589, 52.2561737], [19.6321622, 52.2619752], [19.6237811, 52.2640536], [19.634365, 52.2743811], [19.6311599, 52.2777576], [19.6138747, 52.2762348], [19.615851, 52.2882168], [19.5471099, 52.2942719], [19.5362914, 52.3020535], [19.5383961, 52.3047284], [19.5167632, 52.3051221], [19.5126156, 52.3109579], [19.4915605, 52.3203221], [19.5020845, 52.3332289], [19.4631007, 52.3427493], [19.4549481, 52.3501291], [19.4476582, 52.3515503], [19.4396375, 52.3396824], [19.4260212, 52.3373188], [19.4071419, 52.3388761], [19.4062368, 52.3450484], [19.3806569, 52.3435878], [19.3768354, 52.3406545], [19.3584806, 52.3414856], [19.3471951, 52.34739], [19.3222702, 52.3483896], [19.3287593, 52.3606461], [19.3233867, 52.3689121], [19.3155119, 52.371567], [19.2950439, 52.3691154], [19.2906197, 52.3726062], [19.2923168, 52.3773239], [19.3088325, 52.3815952], [19.3079966, 52.3873925], [19.3008452, 52.3875], [19.301969, 52.3915149], [19.2773383, 52.3940809], [19.2614415, 52.387611], [19.2639135, 52.3841422], [19.236304, 52.3692602], [19.2367041, 52.3622141], [19.2248199, 52.3615018], [19.2100101, 52.3656092], [19.2071285, 52.358396], [19.2123071, 52.356529], [19.2091688, 52.3534485], [19.2249321, 52.344198], [19.218357, 52.3411909], [19.2006637, 52.3512546], [19.2060188, 52.3559996], [19.1992777, 52.3603054], [19.1873953, 52.3485282], [19.1805193, 52.3490418], [19.1595214, 52.3407887], [19.1509673, 52.3466186], [19.124199, 52.3427891], [19.0998739, 52.3479162], [19.0764926, 52.3395123], [19.055172, 52.3376208], [19.0640166, 52.3306357], [19.0471201, 52.3328041]]]}}, {"type": "Feature", "properties": {"name": "Lower Silesian Voivodeship", "country": "POL"}, "geometry": {"type": "Polygon", "coordinates": [[[14.974183, 51.36395], [14.9651058, 51.3614289], [14.9763231, 51.357066], [14.977592, 51.3417908], [14.981862, 51.3342692], [14.9865952, 51.328963], [14.9935632, 51.3282997], [14.9942417, 51.3222445], [15.0091725, 51.316712], [15.0068162, 51.3106842], [15.012731, 51.3082569], [15.0123701, 51.3009264], [15.021351, 51.3007887], [15.0336176, 51.2937525], [15.0343876, 51.2773828], [15.0419319, 51.2728462], [15.0368367, 51.2703075], [15.0381121, 51.2581077], [15.0250645, 51.2539337], [15.0232507, 51.2503728], [15.0295841, 51.2513902], [15.0380485, 51.2439639], [15.0286428, 51.2418072], [15.028852, 51.2369857], [15.0235519, 51.2352629], [15.0258803, 51.2318391], [15.0161473, 51.2274055], [15.0170231, 51.2149385], [15.0099318, 51.2137499], [15.0129481, 51.208235], [15.0076061, 51.2044878], [15.0077619, 51.199557], [15.014372, 51.1958192], [15.0049812, 51.1915775], [15.0088457, 51.181806], [15.0014106, 51.1722798], [15.0049913, 51.1675283], [14.993121, 51.162464], [15.0008386, 51.1496015], [14.9967156, 51.1443133], [14.9904416, 51.1425207], [14.9956297, 51.1362615], [14.9948494, 51.1241632], [14.9976733, 51.1223027], [14.988512, 51.1163793], [14.9808374, 51.1159595], [14.9812145, 51.1089619], [14.9781104, 51.1080442], [14.98431, 51.1012246], [14.9800498, 51.0957756], [14.9839705, 51.0908556], [14.9762747, 51.0869385], [14.9794348, 51.0771717], [14.967596, 51.0710216], [14.9714782, 51.0694841], [14.9712476, 51.0657941], [14.9630325, 51.0580741], [14.9647142, 51.0501318], [14.9484828, 51.04265], [14.95179, 51.0374841], [14.9465577, 51.031627], [14.9492819, 51.031226], [14.9477846, 51.0283511], [14.9403486, 51.0263317], [14.942454, 51.0235595], [14.9392198, 51.0234997], [14.9400583, 51.0206247], [14.9352069, 51.0203253], [14.9393418, 51.0167073], [14.9348225, 51.0059007], [14.9290098, 50.9977602], [14.9174496, 50.9956062], [14.9196345, 50.9755247], [14.9031637, 50.9717513], [14.9040621, 50.967439], [14.8996898, 50.9636058], [14.9036428, 50.9610303], [14.8981326, 50.9597726], [14.8930416, 50.9501895], [14.8964968, 50.9406039], [14.8914844, 50.9354557], [14.8761385, 50.9318777], [14.867916, 50.9176874], [14.851702, 50.9106013], [14.843769, 50.900871], [14.8211979, 50.8870584], [14.8174082, 50.879177], [14.823175, 50.8706328], [14.8312225, 50.8729087], [14.840579, 50.8690334], [14.8554247, 50.8687727], [14.8638647, 50.8705915], [14.8670241, 50.8772501], [14.8729761, 50.8771797], [14.8972813, 50.8673637], [14.9016768, 50.8758744], [14.9373618, 50.8694157], [14.9592565, 50.8619308], [14.9866558, 50.8692866], [15.001929, 50.8687793], [14.9985071, 50.8878037], [14.9939806, 50.8918247], [14.9961831, 50.9006378], [15.006818, 50.9072263], [14.9991566, 50.9068268], [14.9984574, 50.9135631], [14.9894312, 50.9216326], [15.0143377, 50.9398273], [15.0151916, 50.9504435], [15.0108221, 50.9629377], [15.0216682, 50.9671594], [15.0058771, 50.9865543], [14.9888215, 50.978085], [14.9682136, 50.9900264], [14.9853343, 51.0109533], [14.9971277, 51.0092705], [15.0145164, 51.0161857], [15.0166646, 51.0219619], [15.0242286, 51.0231953], [15.0324805, 51.0214937], [15.0353782, 51.0129573], [15.055583, 51.0120825], [15.0577194, 51.0225083], [15.0609993, 51.0228958], [15.075678, 51.0173757], [15.0767995, 51.0134251], [15.0854413, 51.0147239], [15.1065539, 51.010362], [15.1062655, 51.0072578], [15.096728, 51.0030245], [15.1052036, 50.9914231], [15.1202446, 50.9932917], [15.1290136, 50.9901217], [15.1420942, 50.9913833], [15.1331099, 50.9938932], [15.1443697, 51.0133693], [15.1718505, 51.0200296], [15.177217, 50.9932778], [15.1713259, 50.9865102], [15.1800081, 50.9829921], [15.1926177, 50.9808147], [15.2000244, 50.9840031], [15.19661, 50.9883329], [15.2043141, 50.9925097], [15.2128664, 50.9920055], [15.2365633, 50.9986695], [15.2423266, 50.9969459], [15.2371829, 50.994567], [15.2433023, 50.9883948], [15.2392965, 50.9860071], [15.2484508, 50.9796744], [15.2740739, 50.9795277], [15.2772036, 50.9716055], [15.2738847, 50.9629105], [15.2881522, 50.9579815], [15.2922319, 50.9526166], [15.2887023, 50.9462852], [15.2786496, 50.9418989], [15.2676692, 50.9318211], [15.2697361, 50.9254813], [15.2668454, 50.9207053], [15.2760816, 50.9015451], [15.2771258, 50.8909886], [15.3117655, 50.8602123], [15.3383741, 50.8572075], [15.3535912, 50.8514547], [15.3673387, 50.8380283], [15.3721854, 50.8235739], [15.3760931, 50.8211529], [15.3700287, 50.8146959], [15.3741009, 50.8118356], [15.3739854, 50.8075202], [15.3661901, 50.8020944], [15.3726145, 50.7954554], [15.3732943, 50.7847907], [15.3698841, 50.7811456], [15.3747883, 50.777626], [15.3940249, 50.7765031], [15.4087619, 50.7865184], [15.4209275, 50.8033616], [15.4395304, 50.8090587], [15.4502354, 50.8071068], [15.4509394, 50.8040776], [15.4734807, 50.7967603], [15.4805302, 50.7908333], [15.4936562, 50.7882305], [15.5110022, 50.7908111], [15.5243053, 50.7769981], [15.5456505, 50.7804492], [15.5640103, 50.7761159], [15.57875, 50.7789688], [15.6036581, 50.776312], [15.6164301, 50.772339], [15.6221115, 50.7651871], [15.6802745, 50.754736], [15.6886447, 50.7427963], [15.7057089, 50.7372547], [15.7233655, 50.739787], [15.7397816, 50.7359445], [15.7597687, 50.7435574], [15.7792194, 50.742274], [15.7887568, 50.7467501], [15.7914754, 50.7526548], [15.8161954, 50.7553202], [15.8197083, 50.7497617], [15.831916, 50.7427212], [15.8299258, 50.7245422], [15.851175, 50.7079819], [15.8575356, 50.6966204], [15.8633996, 50.6811667], [15.8609633, 50.6744493], [15.8840106, 50.6711643], [15.885076, 50.6753504], [15.9195325, 50.6845956], [15.9262065, 50.6807728], [15.9318497, 50.6864779], [15.9612356, 50.6918537], [15.9909085, 50.683414], [15.990371, 50.6770113], [15.9988835, 50.6723232], [15.9979276, 50.6684606], [16.0045145, 50.6574874], [16.0049941, 50.6486226], [16.0008698, 50.6449351], [16.0055134, 50.6424185], [16.0088152, 50.6344639], [16.0217671, 50.6301739], [15.9979525, 50.6225854], [15.9863749, 50.6137112], [16.0085699, 50.6046546], [16.01575, 50.6061095], [16.0197594, 50.6001797], [16.0246926, 50.5986976], [16.0426159, 50.6142366], [16.0560835, 50.6097045], [16.0674113, 50.6396067], [16.0838771, 50.646585], [16.0886405, 50.6525067], [16.0951169, 50.6530524], [16.1037052, 50.6633421], [16.1129466, 50.6586689], [16.1265125, 50.6603173], [16.1394366, 50.6508168], [16.1483771, 50.6533298], [16.1704865, 50.6452528], [16.1801478, 50.6335584], [16.1790554, 50.6287211], [16.1872057, 50.6271755], [16.2172493, 50.6332296], [16.220439, 50.6365387], [16.2214424, 50.6515185], [16.2349131, 50.6716274], [16.2582067, 50.667093], [16.2797386, 50.6681449], [16.2843734, 50.6604441], [16.3051692, 50.6591959], [16.3221658, 50.6665917], [16.343081, 50.6615083], [16.3507249, 50.6481791], [16.364085, 50.6474991], [16.3738153, 50.636519], [16.3794819, 50.6366476], [16.3803265, 50.6303411], [16.3941991, 50.6189489], [16.4050603, 50.617309], [16.4129711, 50.6100708], [16.4226923, 50.6066311], [16.443466, 50.5864595], [16.4449075, 50.5795696], [16.4208553, 50.5690992], [16.404627, 50.5692808], [16.4040562, 50.5645921], [16.4106307, 50.5564011], [16.4108729, 50.5479625], [16.3875361, 50.542606], [16.4017799, 50.5298868], [16.3864455, 50.5201499], [16.3741704, 50.516513], [16.3604506, 50.50134], [16.3439412, 50.4958429], [16.3212539, 50.5074228], [16.3115277, 50.5061321], [16.3094421, 50.4993693], [16.3124301, 50.4940844], [16.3006639, 50.4913512], [16.2999357, 50.4854663], [16.2940965, 50.4791943], [16.2712375, 50.4846754], [16.2685468, 50.4828901], [16.2696403, 50.4795854], [16.2746436, 50.4766159], [16.2685692, 50.475854], [16.2647793, 50.4799779], [16.2586678, 50.480226], [16.2489978, 50.4731796], [16.2556726, 50.4676536], [16.2433923, 50.463042], [16.2335023, 50.4668699], [16.2351466, 50.4599867], [16.2243455, 50.4607989], [16.2203707, 50.4579605], [16.2302551, 50.453681], [16.2340483, 50.448744], [16.2316676, 50.4433071], [16.2239611, 50.4420754], [16.2210341, 50.4510244], [16.2128724, 50.4516644], [16.2051214, 50.4487149], [16.1988261, 50.4417267], [16.1986813, 50.4347319], [16.1957164, 50.4321284], [16.1983741, 50.4288109], [16.2098626, 50.4268029], [16.214103, 50.4147157], [16.2104387, 50.4114285], [16.2144702, 50.4091331], [16.221846, 50.4069212], [16.2381091, 50.4140732], [16.2415606, 50.4096444], [16.2529144, 50.4056327], [16.2538746, 50.4031664], [16.2476199, 50.3956977], [16.263286, 50.3933714], [16.2673638, 50.3867718], [16.26596, 50.3815685], [16.2768515, 50.3762734], [16.2784691, 50.3673979], [16.2916785, 50.3701385], [16.2992197, 50.3808474], [16.3047747, 50.3827293], [16.3171023, 50.3801931], [16.3262569, 50.3820421], [16.3421709, 50.3778898], [16.3484437, 50.3807133], [16.3606588, 50.3795595], [16.3680705, 50.3669345], [16.3658601, 50.3573704], [16.3611815, 50.3535458], [16.3621475, 50.3497535], [16.3754637, 50.3419719], [16.3832501, 50.3288679], [16.3992381, 50.3192816], [16.4110064, 50.32458], [16.4310794, 50.3246795], [16.4440061, 50.3131118], [16.4481467, 50.3051377], [16.4646351, 50.2956285], [16.4679761, 50.2903109], [16.4667671, 50.2866624], [16.4802026, 50.2769546], [16.4818178, 50.2714792], [16.4867453, 50.2708852], [16.4896643, 50.2643799], [16.4974144, 50.2598978], [16.5071806, 50.259623], [16.5067148, 50.255575], [16.5144056, 50.2515022], [16.5127649, 50.2474818], [16.516925, 50.2433407], [16.5288249, 50.2377172], [16.5373765, 50.2390027], [16.5482822, 50.229745], [16.5506091, 50.2233423], [16.5572832, 50.2203899], [16.5534728, 50.2149333], [16.5581279, 50.2135762], [16.56172, 50.2076776], [16.5559327, 50.202915], [16.5543669, 50.1958607], [16.5588891, 50.1891228], [16.5569139, 50.1851507], [16.5637935, 50.1799519], [16.5578167, 50.1706724], [16.5618328, 50.1632482], [16.5855131, 50.1522211], [16.5804025, 50.1486459], [16.584682, 50.1456343], [16.5801922, 50.1424477], [16.5952051, 50.1404709], [16.6034867, 50.1340659], [16.6113181, 50.1328376], [16.6140302, 50.1250685], [16.6257475, 50.1206187], [16.6337196, 50.1113151], [16.6532288, 50.1098439], [16.7051519, 50.096444], [16.7197779, 50.102508], [16.7450434, 50.1347249], [16.7553509, 50.1339384], [16.7817194, 50.1443689], [16.7816087, 50.151425], [16.7944831, 50.1612667], [16.80054, 50.1800825], [16.8099607, 50.1894165], [16.8162755, 50.1921214], [16.822841, 50.1886599], [16.8258704, 50.1945774], [16.8356571, 50.1975878], [16.8351897, 50.202413], [16.8472864, 50.2074284], [16.8627897, 50.1982413], [16.8753982, 50.1976446], [16.8831811, 50.200205], [16.8850299, 50.2130588], [16.8980817, 50.2185905], [16.8986479, 50.2226604], [16.9182355, 50.2262446], [16.9291872, 50.2228167], [16.9556274, 50.2223868], [16.9658796, 50.2297543], [16.9611575, 50.2352795], [16.9629244, 50.2388309], [16.9760666, 50.2449064], [16.9980231, 50.2160825], [17.0143211, 50.219145], [17.028313, 50.2299891], [17.0114379, 50.2415653], [17.0113846, 50.2484116], [17.0015744, 50.2563324], [17.0168429, 50.2676755], [17.0200163, 50.2783304], [17.0090446, 50.2952303], [17.0037367, 50.2963088], [17.0025328, 50.3022299], [16.9738616, 50.3080204], [16.9683814, 50.3157555], [16.9558531, 50.3122238], [16.946147, 50.3153881], [16.934426, 50.3298621], [16.9384707, 50.3331074], [16.9374875, 50.3422142], [16.9298356, 50.3458247], [16.9153243, 50.3630002], [16.9195204, 50.3691628], [16.9150633, 50.3824719], [16.9100309, 50.3852189], [16.9108468, 50.3890534], [16.9070837, 50.3912735], [16.8990258, 50.3895974], [16.8902532, 50.3966597], [16.8637821, 50.4089049], [16.8603245, 50.4077504], [16.8607855, 50.4115], [16.8695169, 50.4172019], [16.8691428, 50.4224279], [16.8804834, 50.435964], [16.8811316, 50.4423878], [16.9144425, 50.4497306], [16.9405618, 50.4612853], [16.9467434, 50.4791743], [16.958966, 50.4879162], [16.9655413, 50.487945], [16.9688382, 50.4844361], [16.9702743, 50.4883443], [16.9747355, 50.4886893], [16.9763526, 50.482035], [16.9804733, 50.4823686], [16.9759969, 50.475611], [16.9823124, 50.4737519], [16.9858588, 50.4765419], [16.9927524, 50.4748624], [16.9968516, 50.4782746], [17.0059514, 50.4743985], [17.007279, 50.4794321], [17.0200922, 50.4803213], [17.0172577, 50.4735332], [17.0251013, 50.47075], [17.0165783, 50.4685376], [17.0191851, 50.4651356], [17.0398683, 50.4631879], [17.0516004, 50.4654121], [17.0549924, 50.469224], [17.0508614, 50.4714737], [17.0546255, 50.4756845], [17.0624102, 50.4760814], [17.0602383, 50.4807977], [17.0622698, 50.4838686], [17.0586773, 50.4849562], [17.0643416, 50.4889121], [17.0588419, 50.4916897], [17.0626375, 50.4969204], [17.0577201, 50.4999694], [17.0567528, 50.5050437], [17.0747794, 50.5171255], [17.0743245, 50.522563], [17.0624901, 50.5307928], [17.0635873, 50.5420948], [17.0686611, 50.5444771], [17.0755527, 50.5558757], [17.0940948, 50.5643577], [17.0992489, 50.5759232], [17.1149183, 50.5874485], [17.1218684, 50.6075013], [17.1864025, 50.6163401], [17.2360208, 50.613223], [17.2442273, 50.6188273], [17.2427318, 50.6280464], [17.2339922, 50.6322172], [17.2302209, 50.6405146], [17.2389307, 50.6507969], [17.2324811, 50.6551042], [17.2389565, 50.6607529], [17.2395746, 50.6716509], [17.2347454, 50.681113], [17.2472335, 50.6821091], [17.2590771, 50.6904682], [17.2201786, 50.7013705], [17.2207875, 50.713703], [17.2291129, 50.7147062], [17.2288127, 50.7172972], [17.2388724, 50.7153843], [17.2404953, 50.7183612], [17.2521179, 50.7177271], [17.2632095, 50.7299412], [17.2625355, 50.7391076], [17.275552, 50.7445979], [17.2855059, 50.7431038], [17.2942758, 50.7375688], [17.3011615, 50.7430308], [17.2913927, 50.7464667], [17.2975841, 50.7533351], [17.2795393, 50.7608871], [17.2684013, 50.7678659], [17.2695219, 50.7705097], [17.2539126, 50.7720407], [17.2711737, 50.7805324], [17.2737642, 50.7881097], [17.2858619, 50.7949185], [17.3062668, 50.7881742], [17.3451467, 50.7842781], [17.3519715, 50.7904198], [17.3546583, 50.7948], [17.3502045, 50.799704], [17.3502325, 50.8075977], [17.3398109, 50.8081753], [17.3282436, 50.8181253], [17.3183443, 50.8211464], [17.3432377, 50.8287445], [17.3282014, 50.8505954], [17.3472049, 50.8520184], [17.3650018, 50.8595034], [17.3842896, 50.8620652], [17.3850974, 50.8755741], [17.3951123, 50.8755278], [17.393908, 50.8877555], [17.3978721, 50.8892522], [17.3524252, 50.9006508], [17.3704115, 50.9181927], [17.3693514, 50.9257368], [17.4002198, 50.9200809], [17.4080526, 50.9105501], [17.4172592, 50.9125987], [17.4272398, 50.9105733], [17.4290733, 50.9146639], [17.4363843, 50.9169763], [17.4314591, 50.9183194], [17.429678, 50.9236794], [17.4395824, 50.9369711], [17.4309498, 50.9459477], [17.4337955, 50.9543091], [17.4313972, 50.9670856], [17.4640074, 50.9783027], [17.4690943, 50.9718557], [17.5015501, 50.9755871], [17.5048573, 50.9697172], [17.5093734, 50.9694467], [17.5148545, 50.9796865], [17.4906608, 50.9881921], [17.4991524, 50.9927466], [17.5043107, 50.9886416], [17.5180734, 50.9872352], [17.5425343, 50.9912005], [17.541865, 51.0026266], [17.5284735, 51.0022495], [17.5213402, 51.0057451], [17.522027, 51.0090993], [17.514284, 51.0116313], [17.5185247, 51.0174546], [17.5188907, 51.0254456], [17.5270241, 51.0313701], [17.534854, 51.0431622], [17.5191393, 51.0502839], [17.5238909, 51.0533887], [17.5244981, 51.0584984], [17.518703, 51.0588149], [17.5243183, 51.065163], [17.5342907, 51.069242], [17.5582078, 51.0678313], [17.5821334, 51.0818425], [17.5624309, 51.0926001], [17.5782234, 51.1108328], [17.5714595, 51.1176166], [17.5763812, 51.1294217], [17.5655464, 51.1334821], [17.5677214, 51.1378424], [17.5454688, 51.1435741], [17.544747, 51.1544882], [17.5586121, 51.1567837], [17.5663643, 51.1614363], [17.5679493, 51.1658906], [17.5782436, 51.1622414], [17.589212, 51.1713252], [17.5988939, 51.1678253], [17.5970756, 51.1710899], [17.6026988, 51.1759111], [17.5966133, 51.1785355], [17.606593, 51.189602], [17.6115019, 51.1905195], [17.6194991, 51.184407], [17.6206111, 51.1754265], [17.6403675, 51.1731425], [17.6394345, 51.1681494], [17.6559136, 51.1666239], [17.6692699, 51.1608153], [17.682201, 51.1670592], [17.7002598, 51.1632713], [17.6981914, 51.1716649], [17.7043806, 51.1738962], [17.7390452, 51.174291], [17.7502452, 51.1796808], [17.7538181, 51.1867886], [17.7798295, 51.18324], [17.782959, 51.1882505], [17.7951427, 51.1897665], [17.7952692, 51.1941464], [17.7765123, 51.1982048], [17.7674195, 51.2039422], [17.7566525, 51.216326], [17.7555148, 51.2331878], [17.7439584, 51.2430202], [17.7458579, 51.249784], [17.7429333, 51.2572977], [17.7493419, 51.2701054], [17.7381603, 51.2757152], [17.7516144, 51.2811994], [17.7522216, 51.2835615], [17.7473008, 51.2860081], [17.7503169, 51.2906935], [17.7664853, 51.3007407], [17.7601422, 51.3022906], [17.7644055, 51.3058877], [17.7559063, 51.3112917], [17.7649958, 51.3163879], [17.7437659, 51.3286879], [17.7442637, 51.3364012], [17.7396162, 51.3428701], [17.7436482, 51.3465022], [17.7329413, 51.3493579], [17.7229645, 51.359371], [17.7097787, 51.3589188], [17.7076398, 51.3604432], [17.7099698, 51.3635114], [17.7041819, 51.3667784], [17.7060616, 51.3716671], [17.7154605, 51.3714311], [17.7199946, 51.386145], [17.7329443, 51.3872769], [17.7290877, 51.3957017], [17.7375099, 51.3948849], [17.7363781, 51.399991], [17.7524411, 51.3986214], [17.754755, 51.4073082], [17.7456111, 51.4126502], [17.7484834, 51.4146438], [17.7186103, 51.4226232], [17.7140878, 51.4185266], [17.7186562, 51.4031808], [17.7030739, 51.3994918], [17.6867948, 51.4053879], [17.6880624, 51.4078188], [17.6728823, 51.415219], [17.6683263, 51.4159778], [17.6611025, 51.4099828], [17.6567936, 51.4111762], [17.6381856, 51.4238584], [17.6308763, 51.4234556], [17.6265752, 51.4190709], [17.6128974, 51.4229934], [17.6039003, 51.4093683], [17.5848593, 51.4096429], [17.5700603, 51.4051234], [17.5543143, 51.4105266], [17.5485133, 51.41895], [17.5405657, 51.4212831], [17.5519512, 51.4351728], [17.5476308, 51.4435902], [17.5206682, 51.4623187], [17.529045, 51.469807], [17.5215614, 51.4726379], [17.5200474, 51.4760451], [17.5234096, 51.4848472], [17.5160551, 51.4881213], [17.5195248, 51.4933256], [17.5242216, 51.4943853], [17.5263849, 51.4999172], [17.5139804, 51.5015482], [17.51216, 51.5055043], [17.5146314, 51.5109811], [17.5200403, 51.5111447], [17.5216026, 51.5145809], [17.5330199, 51.5133053], [17.5355347, 51.5161564], [17.5543114, 51.5174893], [17.5727336, 51.5298804], [17.5762886, 51.5396092], [17.5719041, 51.5551768], [17.5723598, 51.5667663], [17.560121, 51.570406], [17.5602133, 51.5749054], [17.5546009, 51.5785225], [17.5557783, 51.5845527], [17.5217604, 51.5901072], [17.5185451, 51.6020739], [17.5212717, 51.6057023], [17.503621, 51.6092841], [17.4986518, 51.6159327], [17.4864087, 51.6168129], [17.4710049, 51.6261738], [17.4596092, 51.6263666], [17.4382184, 51.6329272], [17.4116945, 51.6311601], [17.3301072, 51.647915], [17.259147, 51.6431496], [17.2603945, 51.6404112], [17.2493234, 51.6404994], [17.2416774, 51.6370524], [17.2421518, 51.6297072], [17.2391016, 51.6302596], [17.2411668, 51.6335937], [17.2337499, 51.6340979], [17.2266684, 51.6332845], [17.2291851, 51.6298766], [17.2154744, 51.6295586], [17.2123344, 51.6154041], [17.2082686, 51.6110852], [17.2097741, 51.6026671], [17.2154866, 51.5993223], [17.2154678, 51.5939209], [17.2107446, 51.5896881], [17.2144687, 51.5855515], [17.2146738, 51.57385], [17.2065489, 51.5670384], [17.2029418, 51.5677754], [17.1992034, 51.5745027], [17.1880039, 51.5764921], [17.1708348, 51.5698008], [17.1254989, 51.5653176], [17.1085194, 51.5760663], [17.064652, 51.5663669], [17.0701705, 51.5550563], [17.0692408, 51.5524959], [17.0593447, 51.5517308], [17.0597987, 51.5456605], [17.0537984, 51.5451959], [17.0460556, 51.5559655], [17.0115827, 51.5544531], [17.0070544, 51.5493433], [16.9816851, 51.5509425], [16.9786827, 51.544841], [16.9751167, 51.5478156], [16.9719178, 51.5435761], [16.9630267, 51.5445429], [16.9645943, 51.5491993], [16.9581779, 51.5525025], [16.9278897, 51.5524243], [16.9155637, 51.5586521], [16.9017654, 51.5739893], [16.8901708, 51.5802651], [16.8511456, 51.5799909], [16.831938, 51.5759476], [16.8283719, 51.572188], [16.8193318, 51.5776572], [16.8155736, 51.5847438], [16.7927564, 51.5905186], [16.7954111, 51.5996237], [16.8026381, 51.6008125], [16.7842537, 51.6107191], [16.7720471, 51.6136027], [16.7660649, 51.6277251], [16.7764363, 51.6313335], [16.7834784, 51.6409872], [16.769115, 51.6446536], [16.731667, 51.642641], [16.7282697, 51.6430808], [16.7275563, 51.6474633], [16.7154186, 51.6486046], [16.6814052, 51.6469456], [16.6802386, 51.6506179], [16.6850008, 51.6559243], [16.6828959, 51.6567002], [16.6636756, 51.6562981], [16.643248, 51.6607232], [16.6387704, 51.6679281], [16.6387876, 51.6778598], [16.6420164, 51.6834651], [16.6637138, 51.688573], [16.6575543, 51.6892292], [16.6616867, 51.6942764], [16.6594671, 51.69676], [16.6637952, 51.6987762], [16.6763369, 51.6921713], [16.6756177, 51.697734], [16.680297, 51.6986778], [16.6824785, 51.705027], [16.6823013, 51.7079126], [16.6633507, 51.7120111], [16.6450268, 51.721892], [16.6457994, 51.7292451], [16.6393968, 51.7324346], [16.647939, 51.7441621], [16.6351765, 51.7490769], [16.6063522, 51.7448433], [16.5946774, 51.7505025], [16.5830272, 51.7507759], [16.5806268, 51.7521137], [16.5798208, 51.7658526], [16.5766887, 51.7685905], [16.5408625, 51.7663031], [16.5440538, 51.774003], [16.5418896, 51.7761329], [16.5452911, 51.7800726], [16.5404733, 51.7814929], [16.4924051, 51.7814021], [16.4488782, 51.7880111], [16.4161908, 51.7848653], [16.4168401, 51.7827507], [16.4086411, 51.7799893], [16.4110325, 51.7788151], [16.4081705, 51.7728913], [16.3951652, 51.7672187], [16.3832612, 51.7704401], [16.3771497, 51.7671797], [16.3794855, 51.7657688], [16.3759206, 51.7598173], [16.3779741, 51.7530437], [16.3707282, 51.7450278], [16.3617237, 51.7415347], [16.3616299, 51.7359419], [16.3693148, 51.7288269], [16.3598978, 51.7194686], [16.3504564, 51.7158333], [16.3478857, 51.7125079], [16.3501446, 51.7107673], [16.3469118, 51.7088818], [16.3026657, 51.6984888], [16.3022274, 51.6953488], [16.2973057, 51.6946502], [16.2996305, 51.6900368], [16.2764208, 51.6883216], [16.269146, 51.6845405], [16.2679262, 51.677428], [16.275983, 51.6724301], [16.2696529, 51.6634149], [16.2653867, 51.6725347], [16.2553904, 51.6792972], [16.2521192, 51.6859449], [16.2380542, 51.6883264], [16.2232949, 51.6954182], [16.2278214, 51.6987469], [16.2175391, 51.7146443], [16.2022692, 51.7144742], [16.1997077, 51.7180593], [16.1853838, 51.7159846], [16.1830639, 51.7115237], [16.1734933, 51.7121586], [16.1723257, 51.7091868], [16.1600306, 51.7117118], [16.1612283, 51.7155011], [16.1586183, 51.7179549], [16.1617385, 51.7182506], [16.1778296, 51.7639684], [16.1605154, 51.7588897], [16.133467, 51.7583348], [16.1339629, 51.7651963], [16.1163571, 51.7635593], [16.0958956, 51.7671083], [16.0786309, 51.7728341], [16.07781, 51.776986], [16.0726683, 51.7776554], [16.0700225, 51.7826431], [16.0352369, 51.7816806], [16.0349442, 51.7953831], [16.0289526, 51.8024476], [16.0039076, 51.8005343], [16.0013545, 51.8036461], [15.9962221, 51.8012279], [15.9948226, 51.8047537], [15.9792446, 51.802309], [15.9821627, 51.7993894], [15.9659657, 51.7914615], [15.9718716, 51.7825291], [15.9822664, 51.7785031], [15.9984108, 51.7771646], [16.0043056, 51.7798204], [16.0085706, 51.7757124], [16.0081859, 51.773359], [15.9890238, 51.7692251], [15.9799896, 51.7736798], [15.9770634, 51.7681396], [15.9687397, 51.7683834], [15.9765782, 51.7481191], [15.9737124, 51.7463486], [15.9800854, 51.7453158], [15.9608029, 51.7435848], [15.9592011, 51.7394667], [15.9640324, 51.7373428], [15.9631848, 51.7336639], [15.9297217, 51.7377115], [15.9265703, 51.7296416], [15.9124271, 51.7255388], [15.8946777, 51.7303178], [15.8823854, 51.7199046], [15.8695265, 51.7196623], [15.8681799, 51.7066243], [15.8650745, 51.7069949], [15.8658951, 51.7022012], [15.8626054, 51.7018154], [15.8656273, 51.6926127], [15.8623493, 51.692523], [15.8686837, 51.6910916], [15.8685146, 51.6887811], [15.8549412, 51.6888442], [15.8525436, 51.6839404], [15.8424709, 51.6816395], [15.844797, 51.6754112], [15.8342589, 51.6721893], [15.8497115, 51.6651966], [15.842831, 51.6613373], [15.8545094, 51.6589343], [15.8571889, 51.6504205], [15.8375846, 51.6450137], [15.830041, 51.6369864], [15.8340398, 51.62222], [15.8158121, 51.6029198], [15.8236206, 51.5727437], [15.7698153, 51.5696573], [15.7424689, 51.5557128], [15.7235584, 51.552134], [15.7037765, 51.5570557], [15.7063901, 51.5545313], [15.7028197, 51.5519088], [15.7031573, 51.5464326], [15.7123086, 51.5465492], [15.7106963, 51.5235121], [15.714066, 51.5216386], [15.7140322, 51.5173973], [15.7006014, 51.5173923], [15.7009696, 51.5124844], [15.6789279, 51.5123821], [15.6788106, 51.5056273], [15.6732845, 51.5056897], [15.6731086, 51.4989214], [15.6676323, 51.4989829], [15.6673281, 51.4888512], [15.6592032, 51.4881177], [15.6641919, 51.4827069], [15.6560092, 51.4723987], [15.6459095, 51.4790818], [15.6346609, 51.4789114], [15.634509, 51.4721352], [15.6241414, 51.4719949], [15.6234498, 51.4635233], [15.5997604, 51.4456744], [15.5970796, 51.4514826], [15.5927994, 51.4520508], [15.5908852, 51.4489345], [15.5808784, 51.4530768], [15.5878429, 51.456753], [15.5872825, 51.4602475], [15.5928437, 51.4624042], [15.5902508, 51.4644654], [15.5959435, 51.4695506], [15.4876635, 51.5275635], [15.4882566, 51.5224393], [15.4840758, 51.5235317], [15.4858041, 51.5136139], [15.482269, 51.5129659], [15.469214, 51.51457], [15.4705773, 51.5182411], [15.462488, 51.5222734], [15.457629, 51.5210553], [15.4500606, 51.5259532], [15.4369624, 51.5273278], [15.4058137, 51.5195914], [15.3965393, 51.5310458], [15.3851523, 51.5279336], [15.3846999, 51.5183964], [15.3799214, 51.514092], [15.3823884, 51.512438], [15.371215, 51.5078875], [15.367014, 51.4939624], [15.3714731, 51.4883595], [15.3706252, 51.4801196], [15.3801458, 51.4811352], [15.3820688, 51.4721395], [15.3724909, 51.4696599], [15.3394114, 51.47409], [15.3336586, 51.4516014], [15.3432834, 51.4469496], [15.328373, 51.4295572], [15.3284044, 51.4219974], [15.3245284, 51.418351], [15.3336595, 51.4098955], [15.3216531, 51.4083019], [15.3151934, 51.4176686], [15.2927788, 51.4231481], [15.2897274, 51.4313703], [15.2755167, 51.4297972], [15.2719663, 51.4383637], [15.2520447, 51.4490452], [15.2182425, 51.444364], [15.2009298, 51.4460435], [15.2024196, 51.4628307], [15.18717, 51.4640335], [15.1505582, 51.4424315], [15.1297235, 51.4379415], [15.1076055, 51.4277185], [15.0953577, 51.425389], [15.092733, 51.4294932], [15.0879341, 51.4272624], [15.0828391, 51.4187169], [15.0829901, 51.4079487], [15.0711554, 51.3969845], [15.0179289, 51.3934623], [15.0182041, 51.3866205], [15.0133991, 51.3843302], [15.0090426, 51.3742009], [15.0123505, 51.3634054], [14.974183, 51.36395]]]}}, {"type": "Feature", "properties": {"name": "Opole Voivodeship", "country": "POL"}, "geometry": {"type": "Polygon", "coordinates": [[[18.1657721, 51.165012], [18.1610946, 51.1746842], [18.1242972, 51.1685249], [18.1044924, 51.1533995], [18.1020629, 51.1587456], [18.0937736, 51.1566195], [18.0781671, 51.166173], [18.0699704, 51.156413], [18.0817827, 51.154543], [18.0678864, 51.1495084], [18.0754779, 51.146949], [18.0732615, 51.1448312], [18.0595856, 51.1416352], [18.0393515, 51.1310329], [17.9393744, 51.1089067], [17.9315666, 51.1133985], [17.925482, 51.1110226], [17.9224394, 51.1139855], [17.8852901, 51.1037896], [17.880279, 51.1053021], [17.8757394, 51.111781], [17.8674611, 51.1109226], [17.8614696, 51.1150232], [17.8520276, 51.1119866], [17.8474918, 51.1171252], [17.8224593, 51.1183355], [17.816925, 51.1323439], [17.8121984, 51.1324307], [17.8131086, 51.1379041], [17.8235829, 51.1400163], [17.8313351, 51.1374691], [17.8513287, 51.1720368], [17.8479614, 51.1837891], [17.8425473, 51.1890109], [17.82584, 51.1945685], [17.8119079, 51.1867527], [17.8108464, 51.190057], [17.7966204, 51.1946291], [17.7951427, 51.1897665], [17.782959, 51.1882505], [17.7798295, 51.18324], [17.7538181, 51.1867886], [17.7502452, 51.1796808], [17.7390452, 51.174291], [17.7043806, 51.1738962], [17.6981914, 51.1716649], [17.7002598, 51.1632713], [17.682201, 51.1670592], [17.6692699, 51.1608153], [17.6559136, 51.1666239], [17.6394345, 51.1681494], [17.6403675, 51.1731425], [17.6206111, 51.1754265], [17.6194991, 51.184407], [17.6115019, 51.1905195], [17.606593, 51.189602], [17.5966133, 51.1785355], [17.6026988, 51.1759111], [17.5970756, 51.1710899], [17.5988939, 51.1678253], [17.589212, 51.1713252], [17.5782436, 51.1622414], [17.5679493, 51.1658906], [17.5663643, 51.1614363], [17.5586121, 51.1567837], [17.544747, 51.1544882], [17.5454688, 51.1435741], [17.5677214, 51.1378424], [17.5655464, 51.1334821], [17.5763812, 51.1294217], [17.5714595, 51.1176166], [17.5782234, 51.1108328], [17.5624309, 51.0926001], [17.5821334, 51.0818425], [17.5582078, 51.0678313], [17.5342907, 51.069242], [17.5243183, 51.065163], [17.518703, 51.0588149], [17.5244981, 51.0584984], [17.5238909, 51.0533887], [17.5191393, 51.0502839], [17.534854, 51.0431622], [17.5270241, 51.0313701], [17.5188907, 51.0254456], [17.5185247, 51.0174546], [17.514284, 51.0116313], [17.522027, 51.0090993], [17.5213402, 51.0057451], [17.5284735, 51.0022495], [17.541865, 51.0026266], [17.5425343, 50.9912005], [17.5180734, 50.9872352], [17.5043107, 50.9886416], [17.4991524, 50.9927466], [17.4906608, 50.9881921], [17.5148545, 50.9796865], [17.5093734, 50.9694467], [17.5048573, 50.9697172], [17.5015501, 50.9755871], [17.4690943, 50.9718557], [17.4640074, 50.9783027], [17.4313972, 50.9670856], [17.4337955, 50.9543091], [17.4309498, 50.9459477], [17.4395824, 50.9369711], [17.429678, 50.9236794], [17.4314591, 50.9183194], [17.4363843, 50.9169763], [17.4290733, 50.9146639], [17.4272398, 50.9105733], [17.4172592, 50.9125987], [17.4080526, 50.9105501], [17.4002198, 50.9200809], [17.3693514, 50.9257368], [17.3704115, 50.9181927], [17.3524252, 50.9006508], [17.3978721, 50.8892522], [17.393908, 50.8877555], [17.3951123, 50.8755278], [17.3850974, 50.8755741], [17.3842896, 50.8620652], [17.3650018, 50.8595034], [17.3472049, 50.8520184], [17.3282014, 50.8505954], [17.3432377, 50.8287445], [17.3183443, 50.8211464], [17.3282436, 50.8181253], [17.3398109, 50.8081753], [17.3502325, 50.8075977], [17.3502045, 50.799704], [17.3546583, 50.7948], [17.3519715, 50.7904198], [17.3451467, 50.7842781], [17.3062668, 50.7881742], [17.2858619, 50.7949185], [17.2737642, 50.7881097], [17.2711737, 50.7805324], [17.2539126, 50.7720407], [17.2695219, 50.7705097], [17.2684013, 50.7678659], [17.2795393, 50.7608871], [17.2975841, 50.7533351], [17.2913927, 50.7464667], [17.3011615, 50.7430308], [17.2942758, 50.7375688], [17.2855059, 50.7431038], [17.275552, 50.7445979], [17.2625355, 50.7391076], [17.2632095, 50.7299412], [17.2521179, 50.7177271], [17.2404953, 50.7183612], [17.2388724, 50.7153843], [17.2288127, 50.7172972], [17.2291129, 50.7147062], [17.2207875, 50.713703], [17.2201786, 50.7013705], [17.2590771, 50.6904682], [17.2472335, 50.6821091], [17.2347454, 50.681113], [17.2395746, 50.6716509], [17.2389565, 50.6607529], [17.2324811, 50.6551042], [17.2389307, 50.6507969], [17.2302209, 50.6405146], [17.2339922, 50.6322172], [17.2427318, 50.6280464], [17.2442273, 50.6188273], [17.2360208, 50.613223], [17.1864025, 50.6163401], [17.1218684, 50.6075013], [17.1149183, 50.5874485], [17.0992489, 50.5759232], [17.0940948, 50.5643577], [17.0755527, 50.5558757], [17.0686611, 50.5444771], [17.0635873, 50.5420948], [17.0624901, 50.5307928], [17.0743245, 50.522563], [17.0747794, 50.5171255], [17.0567528, 50.5050437], [17.0577201, 50.4999694], [17.0626375, 50.4969204], [17.0588419, 50.4916897], [17.0643416, 50.4889121], [17.0586773, 50.4849562], [17.0622698, 50.4838686], [17.0602383, 50.4807977], [17.0624102, 50.4760814], [17.0546255, 50.4756845], [17.0508614, 50.4714737], [17.0549924, 50.469224], [17.0516004, 50.4654121], [17.0398683, 50.4631879], [17.0191851, 50.4651356], [17.0165783, 50.4685376], [17.0251013, 50.47075], [17.0172577, 50.4735332], [17.0200922, 50.4803213], [17.007279, 50.4794321], [17.0059514, 50.4743985], [16.9968516, 50.4782746], [16.9927524, 50.4748624], [16.9858588, 50.4765419], [16.9823124, 50.4737519], [16.9759969, 50.475611], [16.9804733, 50.4823686], [16.9763526, 50.482035], [16.9747355, 50.4886893], [16.9702743, 50.4883443], [16.9688382, 50.4844361], [16.9655413, 50.487945], [16.958966, 50.4879162], [16.9467434, 50.4791743], [16.9405618, 50.4612853], [16.9079013, 50.4494492], [16.9218121, 50.4405104], [16.9627471, 50.4263652], [16.9740096, 50.4177552], [16.9982979, 50.4277504], [17.013678, 50.4186448], [17.0242771, 50.4214709], [17.0299124, 50.4152985], [17.0376744, 50.4148664], [17.0525427, 50.4069534], [17.0822548, 50.4020144], [17.0859171, 50.4058303], [17.1107576, 50.4049545], [17.1111076, 50.3936891], [17.1234503, 50.3941323], [17.143339, 50.3804168], [17.1576665, 50.3802225], [17.1623826, 50.3836519], [17.179503, 50.3861976], [17.1838573, 50.3899641], [17.2032678, 50.3863585], [17.1991182, 50.3750771], [17.2011593, 50.3640107], [17.2130581, 50.3575423], [17.2232829, 50.3461512], [17.2473301, 50.3320729], [17.2643695, 50.3279892], [17.2820625, 50.3189946], [17.3108556, 50.3201817], [17.3282264, 50.3272209], [17.3486685, 50.3283573], [17.348233, 50.3227972], [17.3403838, 50.3226573], [17.3375079, 50.3130625], [17.3488914, 50.3117033], [17.3536825, 50.3080437], [17.3459883, 50.2978314], [17.3447174, 50.2912966], [17.3481979, 50.2874384], [17.3377353, 50.2834737], [17.3439081, 50.2792327], [17.3432394, 50.2747567], [17.3502888, 50.2638074], [17.3625378, 50.2643297], [17.3624879, 50.2764011], [17.3661261, 50.2820584], [17.3862049, 50.282881], [17.4008313, 50.2795929], [17.406873, 50.2739314], [17.4206738, 50.2774239], [17.4311891, 50.2630553], [17.4276845, 50.2586458], [17.4296926, 50.2541769], [17.4382343, 50.251663], [17.4549147, 50.2568128], [17.4561889, 50.2696948], [17.463472, 50.2670554], [17.4955927, 50.2750893], [17.5631995, 50.2702942], [17.5918859, 50.2789536], [17.5970285, 50.2753865], [17.5979658, 50.2707663], [17.6117551, 50.2659096], [17.6506753, 50.277714], [17.6571777, 50.2844802], [17.6858389, 50.2989335], [17.6891172, 50.30186], [17.6869509, 50.3279621], [17.7190092, 50.3202921], [17.7288581, 50.3032739], [17.7520317, 50.2990762], [17.7430376, 50.2913194], [17.7346985, 50.277516], [17.7259263, 50.2729303], [17.7250148, 50.2567161], [17.7651026, 50.236354], [17.7565315, 50.2214545], [17.760036, 50.216481], [17.7585032, 50.20664], [17.7419383, 50.2021323], [17.724379, 50.2066269], [17.7171527, 50.2054363], [17.7174903, 50.2025314], [17.7100038, 50.1992662], [17.7108386, 50.1923644], [17.7044139, 50.1897402], [17.7047975, 50.1849781], [17.6435449, 50.1761591], [17.6312047, 50.1736418], [17.6257241, 50.1692281], [17.6011748, 50.169632], [17.5927292, 50.1599994], [17.6063334, 50.148383], [17.6109367, 50.1400307], [17.6403526, 50.1306746], [17.6506258, 50.1106917], [17.6766505, 50.1030343], [17.6833168, 50.1173074], [17.6969251, 50.1170071], [17.7183383, 50.1060682], [17.7308773, 50.097161], [17.7293762, 50.0880044], [17.7489125, 50.0788446], [17.7523894, 50.069717], [17.7590011, 50.0676379], [17.7564479, 50.0654993], [17.7595389, 50.0642934], [17.7555004, 50.0607841], [17.76409, 50.0560603], [17.7616346, 50.05344], [17.7693811, 50.0514463], [17.7731679, 50.0424631], [17.7698497, 50.0353135], [17.7750585, 50.0351473], [17.7768464, 50.0316859], [17.7719152, 50.025036], [17.7777712, 50.0201667], [17.7887804, 50.0172649], [17.7924504, 50.0191016], [17.7981176, 50.0135046], [17.8277144, 50.011287], [17.8368475, 50.0036118], [17.8263408, 49.99396], [17.8341321, 49.9898194], [17.8378105, 49.9923118], [17.8426468, 49.9868559], [17.8502665, 49.9868363], [17.8511464, 49.9826092], [17.8616524, 49.9805925], [17.8684779, 49.9725266], [17.8895053, 49.9800846], [17.9088429, 49.9765205], [17.9228469, 49.9787507], [17.9539642, 50.0050036], [17.9695813, 50.0089064], [17.9834718, 50.0051073], [17.989249, 50.0135105], [18.004681, 50.0184115], [18.0075292, 50.0107744], [18.0350554, 50.0110396], [18.0454633, 50.0051279], [18.0457086, 50.010292], [18.0409134, 50.0136054], [18.0463128, 50.0158874], [18.0469952, 50.0193846], [18.0429315, 50.0220413], [18.0490187, 50.0274289], [18.0443815, 50.036608], [18.0247418, 50.0387613], [18.0178414, 50.0314422], [18.0088238, 50.0312858], [18.0040734, 50.0389955], [18.0066451, 50.0447153], [18.0051309, 50.0534544], [18.0411703, 50.0697097], [18.0569693, 50.0868607], [18.0613861, 50.1001094], [18.0726242, 50.1094264], [18.0607141, 50.1159282], [18.0680689, 50.1297738], [18.0546883, 50.1336005], [18.0501646, 50.1380885], [18.0534808, 50.1456995], [18.0557378, 50.1449386], [18.0660572, 50.1569909], [18.0565573, 50.1606512], [18.0587993, 50.1629871], [18.0563708, 50.1637948], [18.064085, 50.1678154], [18.0578854, 50.1733347], [18.0597806, 50.1746524], [18.0710959, 50.170593], [18.0832664, 50.1757124], [18.1008184, 50.1775988], [18.1015257, 50.1808751], [18.1037496, 50.1707944], [18.1103456, 50.1672107], [18.122865, 50.174791], [18.120483, 50.1791899], [18.1335998, 50.1844187], [18.1379362, 50.1795595], [18.1454498, 50.1795098], [18.1623579, 50.1891237], [18.185994, 50.1809576], [18.1850959, 50.186831], [18.2490326, 50.1925715], [18.2494081, 50.1977647], [18.2413077, 50.1971962], [18.2354098, 50.2013874], [18.2374014, 50.2146684], [18.2488702, 50.2169091], [18.2528335, 50.2230548], [18.2712324, 50.2203588], [18.2751927, 50.2248717], [18.308436, 50.2307615], [18.3132489, 50.2357876], [18.312999, 50.240666], [18.3249348, 50.2408807], [18.3468515, 50.2472515], [18.3621075, 50.2472726], [18.3533246, 50.2582353], [18.3765993, 50.2539082], [18.405858, 50.2547221], [18.4258663, 50.2489656], [18.4202695, 50.2614801], [18.4260473, 50.2616052], [18.4276464, 50.2673152], [18.4220857, 50.2728347], [18.4061096, 50.2770978], [18.3936904, 50.2759182], [18.407642, 50.2899147], [18.3932337, 50.3053619], [18.3919915, 50.3139608], [18.4090482, 50.3171713], [18.4067194, 50.3227971], [18.398107, 50.3231873], [18.4001401, 50.3312929], [18.393885, 50.3384569], [18.3716046, 50.347035], [18.3577446, 50.3565689], [18.3727613, 50.3610964], [18.372468, 50.3715826], [18.3885626, 50.3703627], [18.3882187, 50.3745068], [18.3765133, 50.3761043], [18.3738435, 50.3798922], [18.3850122, 50.3800847], [18.3849251, 50.3846473], [18.3963101, 50.3889604], [18.3847094, 50.4001651], [18.3855518, 50.4042488], [18.3780671, 50.4135485], [18.3648765, 50.4191214], [18.3669289, 50.4268828], [18.3759568, 50.4264711], [18.3856259, 50.431304], [18.3891159, 50.4395886], [18.3875008, 50.4451889], [18.3816494, 50.449144], [18.3824814, 50.4524264], [18.3861536, 50.4516894], [18.3829701, 50.4572327], [18.386888, 50.4587627], [18.3838095, 50.4611716], [18.3796091, 50.4817426], [18.3837508, 50.4835642], [18.4099484, 50.4746146], [18.4400429, 50.480727], [18.452705, 50.4769294], [18.4504469, 50.47396], [18.453278, 50.4710151], [18.4519653, 50.4626276], [18.4812912, 50.4582755], [18.4859927, 50.4698656], [18.4749278, 50.473032], [18.4743684, 50.4792826], [18.4703638, 50.4796016], [18.466544, 50.4995009], [18.4474883, 50.4988977], [18.4466766, 50.5088121], [18.4381302, 50.5273735], [18.4298677, 50.5316219], [18.4370475, 50.5459248], [18.4778553, 50.5527135], [18.5568761, 50.5397574], [18.5727307, 50.548117], [18.5798588, 50.5456048], [18.5814402, 50.5484312], [18.6074733, 50.5500111], [18.6053773, 50.552739], [18.6162587, 50.5692661], [18.5980289, 50.5686187], [18.6004474, 50.574422], [18.5953858, 50.5727009], [18.5908423, 50.57581], [18.5954597, 50.5775953], [18.5908003, 50.5777914], [18.6017269, 50.6044531], [18.5901322, 50.6063877], [18.5872507, 50.6138227], [18.5174677, 50.6254593], [18.5132042, 50.6307226], [18.5168622, 50.6396293], [18.5063537, 50.6413259], [18.5132674, 50.6580867], [18.522834, 50.6594085], [18.4940853, 50.6642885], [18.4967618, 50.6706508], [18.508878, 50.6737025], [18.503918, 50.6736552], [18.4975157, 50.6790162], [18.4870257, 50.678643], [18.4840528, 50.6856597], [18.4933817, 50.6869923], [18.4947791, 50.6906264], [18.4993045, 50.6894587], [18.5009109, 50.6938092], [18.4925363, 50.6967202], [18.4936793, 50.7004618], [18.4782635, 50.7030993], [18.484114, 50.7030304], [18.483883, 50.7082627], [18.5068936, 50.7131887], [18.5089518, 50.7260606], [18.5483026, 50.7320238], [18.5470504, 50.7424203], [18.5517381, 50.752303], [18.5704945, 50.7447085], [18.5721596, 50.7489628], [18.5773728, 50.7480577], [18.5817186, 50.7524524], [18.5500283, 50.7595758], [18.5348857, 50.7714247], [18.5380503, 50.7742155], [18.5343301, 50.7787856], [18.5250664, 50.7763858], [18.5271989, 50.7801066], [18.5251538, 50.7862216], [18.5160918, 50.7888591], [18.5167881, 50.7919704], [18.5221807, 50.7916514], [18.5210418, 50.7969023], [18.5036385, 50.7969299], [18.5043979, 50.8004633], [18.5605953, 50.8080736], [18.5629023, 50.8197425], [18.5579719, 50.834084], [18.5881916, 50.851634], [18.6179564, 50.8548692], [18.617529, 50.8593597], [18.6234918, 50.8701838], [18.6285466, 50.8724406], [18.6339022, 50.8878912], [18.6503674, 50.9060154], [18.6549504, 50.9165789], [18.6492627, 50.9311579], [18.6303131, 50.9311747], [18.6123848, 50.955138], [18.6222213, 50.9656491], [18.6381999, 50.9644858], [18.6445638, 50.9690479], [18.663569, 50.9704726], [18.6635745, 50.982068], [18.6681899, 50.9889944], [18.6561789, 51.0050126], [18.6797845, 51.0082902], [18.6954867, 51.0157757], [18.6719615, 51.0490599], [18.6754172, 51.0533445], [18.6729514, 51.0569019], [18.6606835, 51.0546466], [18.6374567, 51.0633884], [18.6250185, 51.0717449], [18.6235941, 51.0771912], [18.6082784, 51.0817053], [18.5776048, 51.0819215], [18.5807533, 51.089835], [18.5788381, 51.0935007], [18.5622686, 51.1066463], [18.5613448, 51.1111494], [18.5676523, 51.1190495], [18.5537189, 51.1387838], [18.5480749, 51.1410681], [18.5367027, 51.1378402], [18.5208251, 51.1402598], [18.5154778, 51.1327206], [18.516495, 51.1207883], [18.5201684, 51.1162304], [18.5166307, 51.1112626], [18.5197902, 51.1082063], [18.5129715, 51.1031821], [18.4987372, 51.0995787], [18.4894042, 51.0907002], [18.4783198, 51.0923171], [18.4813994, 51.0997116], [18.4697537, 51.1043709], [18.4645144, 51.1202061], [18.4536978, 51.1149816], [18.4369353, 51.114104], [18.4218444, 51.1170444], [18.4187827, 51.1258622], [18.4063211, 51.1241338], [18.3877362, 51.1299831], [18.3816858, 51.128202], [18.3670243, 51.1388062], [18.3630523, 51.1362627], [18.3329421, 51.139089], [18.3149308, 51.1339688], [18.3051311, 51.1352995], [18.3030747, 51.1402188], [18.2707747, 51.1504145], [18.2595626, 51.1577054], [18.2435296, 51.1561365], [18.2377703, 51.1588298], [18.2215746, 51.154557], [18.187362, 51.1572233], [18.1657721, 51.165012]]]}}, {"type": "Feature", "properties": {"name": "\u015awi\u0119tokrzyskie Voivodeship", "country": "POL"}, "geometry": {"type": "Polygon", "coordinates": [[[21.8584778, 50.7809463], [21.8688263, 50.8173887], [21.8430002, 50.839335], [21.847423, 50.8616876], [21.8318905, 50.8829663], [21.8289777, 50.8959663], [21.8307426, 50.9050257], [21.8128795, 50.9345382], [21.8129082, 50.9551108], [21.8199674, 50.9675186], [21.8171992, 50.9780036], [21.8215772, 50.9866042], [21.8207416, 51.0046168], [21.8194784, 51.0091989], [21.8032935, 51.0218872], [21.8026514, 51.0252706], [21.8056252, 51.0325628], [21.8209716, 51.0391784], [21.826376, 51.0470327], [21.821637, 51.0586706], [21.8029992, 51.0720797], [21.7916111, 51.0678763], [21.7850678, 51.0689223], [21.7818056, 51.0608156], [21.7895563, 51.0594955], [21.7844039, 51.0536469], [21.7772013, 51.0532463], [21.7724007, 51.048814], [21.7806364, 51.0454784], [21.7793763, 51.0421638], [21.7606233, 51.0428021], [21.7590728, 51.0373297], [21.7410058, 51.040968], [21.7297606, 51.0474086], [21.7211209, 51.0410373], [21.7052636, 51.0426804], [21.6977166, 51.0510998], [21.69195, 51.0654074], [21.6762455, 51.0780158], [21.6495948, 51.0694506], [21.6402907, 51.07626], [21.6268683, 51.0733764], [21.612037, 51.0760848], [21.6150091, 51.0725852], [21.6238714, 51.0709824], [21.6303334, 51.0634176], [21.6191083, 51.0597168], [21.6144141, 51.0653407], [21.5901358, 51.0577575], [21.5780446, 51.0600912], [21.5603274, 51.0556041], [21.5447707, 51.0471676], [21.5421049, 51.0569593], [21.5346756, 51.0564144], [21.532818, 51.0623358], [21.5290539, 51.0590155], [21.5128631, 51.0560575], [21.5122311, 51.0594883], [21.5090627, 51.0580252], [21.5129887, 51.0529936], [21.5044731, 51.0517361], [21.5063933, 51.0502691], [21.4996235, 51.0450576], [21.5169433, 51.0364659], [21.4898937, 51.0396561], [21.48609, 51.0356675], [21.5049377, 51.0317367], [21.4859168, 51.0238528], [21.4961174, 51.0215866], [21.4635909, 51.013137], [21.4432283, 51.0227903], [21.4285381, 51.0257047], [21.4313798, 51.029499], [21.4107664, 51.0308309], [21.402544, 51.0327436], [21.4048364, 51.0354027], [21.3817617, 51.0406254], [21.3831049, 51.0582812], [21.3718991, 51.058757], [21.3704265, 51.0654773], [21.3536045, 51.0671082], [21.3563761, 51.0774243], [21.3556716, 51.0824893], [21.353111, 51.0819357], [21.3555283, 51.0852632], [21.1527423, 51.0802722], [21.1558295, 51.0861861], [21.1457994, 51.0882937], [21.1528501, 51.1037598], [21.1602474, 51.1022275], [21.1539693, 51.1254783], [21.1609832, 51.1254431], [21.1641359, 51.128526], [21.1394746, 51.1256317], [21.1424193, 51.1285135], [21.1342153, 51.1285014], [21.1341857, 51.1348096], [21.1282589, 51.1348371], [21.12819, 51.1408765], [21.0912253, 51.1550925], [21.0966801, 51.1647043], [21.1173382, 51.1801256], [21.1198739, 51.188782], [21.1182901, 51.1917092], [21.1078527, 51.1932495], [21.1106156, 51.2007598], [21.0700028, 51.2114642], [21.0683808, 51.2069367], [21.0750834, 51.1980546], [21.0733416, 51.1853914], [21.0698766, 51.1743616], [21.0566547, 51.1571261], [21.0228783, 51.1585753], [21.0189589, 51.1546387], [21.0262024, 51.1523579], [21.024284, 51.1504007], [20.9985364, 51.1444915], [20.9945949, 51.1461629], [20.9984485, 51.149959], [20.9931671, 51.1520174], [21.0008276, 51.1595664], [20.9653747, 51.1738511], [20.9680125, 51.1765706], [20.9207195, 51.1953375], [20.9135521, 51.1882708], [20.9110675, 51.1892335], [20.9082009, 51.1782527], [20.9048808, 51.179496], [20.8797809, 51.1544239], [20.8591602, 51.1663765], [20.853655, 51.1729186], [20.8499968, 51.1706241], [20.8215997, 51.1784478], [20.8091501, 51.1612009], [20.8217476, 51.1577898], [20.8130229, 51.1458351], [20.7876978, 51.1526885], [20.7822059, 51.1453352], [20.7661024, 51.1498872], [20.7712204, 51.1569813], [20.718407, 51.1727158], [20.6974062, 51.1489688], [20.6932392, 51.1501309], [20.6951772, 51.1516973], [20.6854802, 51.1512373], [20.6886095, 51.1587823], [20.683572, 51.1647905], [20.6850182, 51.1735367], [20.6989284, 51.1794714], [20.7026332, 51.184957], [20.7003498, 51.1959894], [20.6893635, 51.1979928], [20.691395, 51.1989631], [20.6868348, 51.202731], [20.6907877, 51.205445], [20.6833848, 51.203973], [20.6774295, 51.2095216], [20.6330358, 51.2234432], [20.6176863, 51.2333255], [20.6068495, 51.2468225], [20.579009, 51.2447639], [20.5682947, 51.2376977], [20.5659391, 51.2314674], [20.5436863, 51.2311562], [20.5374611, 51.2456443], [20.5332589, 51.2476723], [20.5367048, 51.2483415], [20.5347237, 51.2521512], [20.5392939, 51.254798], [20.5249024, 51.2606699], [20.5369098, 51.2700987], [20.529291, 51.2737184], [20.5331506, 51.2768656], [20.5254094, 51.28065], [20.5212294, 51.2775627], [20.5015635, 51.2869325], [20.5109009, 51.2941482], [20.4978617, 51.2928574], [20.4945167, 51.2986173], [20.4926279, 51.3072829], [20.498048, 51.3106761], [20.5132639, 51.3081065], [20.5115237, 51.3136064], [20.5173562, 51.3166018], [20.5080245, 51.3306214], [20.4639384, 51.3317407], [20.4635718, 51.336405], [20.4329118, 51.3424524], [20.4326942, 51.3343173], [20.4239463, 51.3333975], [20.4241938, 51.3283377], [20.4202508, 51.3256466], [20.4096225, 51.3260648], [20.4144156, 51.3206725], [20.4103519, 51.3185624], [20.3849534, 51.3187754], [20.3786419, 51.3138767], [20.3639276, 51.3112884], [20.3904219, 51.2722042], [20.3846081, 51.2692647], [20.3857395, 51.2631945], [20.3752588, 51.2618155], [20.3797423, 51.245929], [20.3712094, 51.2366331], [20.3597655, 51.2413451], [20.3540408, 51.250412], [20.3308173, 51.2577454], [20.3287936, 51.252697], [20.3101129, 51.2431053], [20.2779296, 51.2442741], [20.2601429, 51.2508977], [20.2634539, 51.2543513], [20.2606288, 51.2587837], [20.2425873, 51.2572966], [20.2410248, 51.255509], [20.2461617, 51.2533552], [20.2417664, 51.2438591], [20.2525309, 51.2409144], [20.2560674, 51.2366268], [20.251295, 51.2215815], [20.2643763, 51.2184318], [20.2516518, 51.2067425], [20.2352516, 51.2089148], [20.2320041, 51.2010461], [20.2165673, 51.1992814], [20.2145251, 51.2096171], [20.2071882, 51.2034582], [20.2077889, 51.1998376], [20.2023111, 51.1988745], [20.2011823, 51.2040782], [20.1957458, 51.2063493], [20.1924175, 51.204461], [20.1788477, 51.2070953], [20.1794995, 51.1954832], [20.1581845, 51.1979389], [20.1588157, 51.1938354], [20.1514509, 51.1927337], [20.1476919, 51.1960639], [20.1498925, 51.1923565], [20.1195134, 51.1892741], [20.1126157, 51.1931208], [20.0953526, 51.1913476], [20.0646179, 51.1970299], [20.0557293, 51.190724], [20.0603463, 51.1992213], [20.0473144, 51.2023995], [20.0258175, 51.200421], [19.9971974, 51.1868067], [19.9940884, 51.1840591], [20.0257556, 51.1645428], [20.022009, 51.1553947], [20.0173686, 51.1524343], [20.0127978, 51.1552077], [19.9883264, 51.139469], [20.0016315, 51.1331165], [19.9854871, 51.1346443], [19.988526, 51.1304941], [19.9881153, 51.1189156], [19.9918827, 51.1125878], [19.989963, 51.1093201], [19.9929118, 51.0995841], [19.9864193, 51.0782722], [19.9817257, 51.0731363], [20.0454705, 51.0685674], [20.0446182, 51.0599811], [20.0493923, 51.0619636], [20.0562384, 51.0577507], [20.048347, 51.0544425], [20.0509175, 51.0263437], [20.0481595, 51.0215516], [20.0506843, 51.0170339], [20.0487903, 51.0115896], [20.0430743, 51.0025214], [20.0327516, 50.9957185], [20.0339596, 50.9905935], [20.0394483, 50.9902748], [20.0360641, 50.9725285], [20.0271226, 50.9725991], [20.017655, 50.9622803], [19.9578875, 50.9903717], [19.95582, 50.9921468], [19.9587585, 51.0022086], [19.9497785, 51.0118432], [19.9402592, 51.0091935], [19.9357623, 51.0110658], [19.9369357, 51.0246237], [19.8976608, 51.028278], [19.8861698, 51.0475933], [19.876323, 51.0483109], [19.8727601, 51.0376359], [19.8661317, 51.0356439], [19.8690692, 51.0291484], [19.8640325, 51.0276647], [19.867287, 51.0247254], [19.8641885, 51.0235294], [19.8670386, 51.0216353], [19.8606728, 51.0183026], [19.8634984, 51.004762], [19.8474533, 50.9947722], [19.8279366, 50.9667532], [19.83062, 50.9651925], [19.8276161, 50.9626014], [19.8298056, 50.9591131], [19.8341548, 50.9585126], [19.8330679, 50.9499581], [19.8461719, 50.9451664], [19.8433742, 50.9438728], [19.8487692, 50.9356937], [19.8375244, 50.9212496], [19.8376978, 50.9174265], [19.8230971, 50.9153973], [19.8080225, 50.9066847], [19.7935707, 50.9071822], [19.7946734, 50.904905], [19.7892776, 50.9005096], [19.7927997, 50.8992705], [19.7888194, 50.8991325], [19.79054, 50.8937591], [19.7849105, 50.8918909], [19.7868856, 50.887249], [19.7764641, 50.8850778], [19.7775995, 50.8798637], [19.74706, 50.86597], [19.800025, 50.8462343], [19.8052461, 50.8470715], [19.8030929, 50.8449876], [19.8194176, 50.8385536], [19.8253847, 50.8322219], [19.8256458, 50.8250105], [19.8321599, 50.8197014], [19.8186111, 50.8207417], [19.8204609, 50.8076429], [19.8233724, 50.8056131], [19.8148158, 50.8023021], [19.8069945, 50.8022327], [19.8046213, 50.8079359], [19.7943101, 50.8113412], [19.7976155, 50.8122794], [19.7935267, 50.8186117], [19.7841678, 50.8178164], [19.7786613, 50.8091619], [19.7826504, 50.8095929], [19.782937, 50.8055586], [19.7841445, 50.8100752], [19.7898, 50.8061327], [19.7887336, 50.8104151], [19.7909544, 50.8107369], [19.7907105, 50.8055081], [19.7855105, 50.8074003], [19.7753634, 50.7983653], [19.787207, 50.7923556], [19.7955185, 50.7838396], [19.7646898, 50.7777214], [19.7628535, 50.7747507], [19.7696072, 50.7741744], [19.7702799, 50.7709379], [19.7657843, 50.7716629], [19.7417226, 50.7546818], [19.7429765, 50.7570123], [19.7339854, 50.7623583], [19.7375502, 50.76499], [19.7342588, 50.769728], [19.7265748, 50.7710285], [19.7222477, 50.7666435], [19.722452, 50.7594836], [19.7057957, 50.7618188], [19.7112418, 50.7543132], [19.7043035, 50.7523931], [19.7082577, 50.7437679], [19.7126688, 50.7427434], [19.7194681, 50.7330489], [19.7132132, 50.7323193], [19.7129538, 50.7291559], [19.7589927, 50.715701], [19.7792473, 50.7217685], [19.8017186, 50.7170756], [19.8043788, 50.725015], [19.8107676, 50.7254125], [19.8061266, 50.7120075], [19.8099034, 50.7114322], [19.808266, 50.7059143], [19.8433367, 50.7057324], [19.8488502, 50.7002671], [19.8504643, 50.6906067], [19.8716583, 50.6930447], [19.8730272, 50.6829606], [19.8615643, 50.6794929], [19.8586344, 50.6739342], [19.8658195, 50.6648355], [19.8532922, 50.6645631], [19.8369807, 50.6703945], [19.8328727, 50.6672251], [19.8412683, 50.6628008], [19.8386543, 50.6585771], [19.8417379, 50.6582952], [19.8283758, 50.6546263], [19.8332998, 50.6528896], [19.8310998, 50.6514329], [19.8578204, 50.6457675], [19.8787755, 50.6463691], [19.8858182, 50.6433391], [19.8847529, 50.6402021], [19.8888983, 50.6364905], [19.9098346, 50.6420355], [19.9221834, 50.6394197], [19.9203677, 50.6344691], [19.9150577, 50.6357084], [19.9115019, 50.6293421], [19.9089662, 50.6299159], [19.9034722, 50.6196195], [19.8995571, 50.6209256], [19.8984057, 50.6158635], [19.861923, 50.6216883], [19.8571108, 50.6188662], [19.8410698, 50.5965802], [19.8426746, 50.5917684], [19.8249459, 50.5828549], [19.8169127, 50.5728535], [19.8041548, 50.5657047], [19.7897661, 50.5684732], [19.7886432, 50.5544802], [19.8442301, 50.5559882], [19.8548619, 50.5434248], [19.901231, 50.53973], [19.9121706, 50.5114446], [19.9350919, 50.5022983], [19.9499664, 50.5047826], [19.9720951, 50.5160976], [19.9708712, 50.5204879], [19.9875145, 50.5197706], [20.0270895, 50.5085582], [20.0308739, 50.5049272], [20.0295573, 50.5007234], [20.0389142, 50.5001651], [20.0426004, 50.506233], [20.0505461, 50.5051779], [20.0544155, 50.5116054], [20.075663, 50.5098417], [20.0782975, 50.505879], [20.0846639, 50.504573], [20.0837064, 50.4994062], [20.0969947, 50.4960712], [20.0869076, 50.4895647], [20.0960225, 50.4902614], [20.1138076, 50.4847762], [20.1305218, 50.489863], [20.1665313, 50.4844423], [20.1715757, 50.4910121], [20.2053586, 50.4957005], [20.213559, 50.4891647], [20.220305, 50.4908486], [20.2258306, 50.4779061], [20.2477808, 50.479543], [20.2472966, 50.4752633], [20.2619033, 50.4675291], [20.2728693, 50.4699458], [20.2714326, 50.4594557], [20.2606084, 50.4414307], [20.2638006, 50.4300274], [20.2755145, 50.4215447], [20.2898863, 50.4191425], [20.288982, 50.4137707], [20.2931372, 50.4045251], [20.3038176, 50.3983011], [20.3058305, 50.3889627], [20.3209018, 50.3844581], [20.3221708, 50.3712217], [20.3175219, 50.3706781], [20.325895, 50.3693154], [20.3251713, 50.3669209], [20.3390725, 50.3596285], [20.3392483, 50.3573144], [20.3272897, 50.3578422], [20.3318403, 50.3568479], [20.3304863, 50.3527027], [20.3143193, 50.3513626], [20.3131055, 50.3486345], [20.2954919, 50.3506165], [20.2924297, 50.3458014], [20.2989436, 50.3436218], [20.3053277, 50.3358855], [20.2937309, 50.329445], [20.2926232, 50.3221986], [20.2973523, 50.3195026], [20.3021199, 50.3229424], [20.3284408, 50.3187384], [20.3327085, 50.3045336], [20.3432082, 50.3058135], [20.3490976, 50.2989106], [20.3402954, 50.2986935], [20.3383732, 50.2923136], [20.3409341, 50.2871242], [20.3487713, 50.2905062], [20.3621815, 50.2845965], [20.3617063, 50.2810993], [20.3437079, 50.2770863], [20.3441226, 50.271643], [20.3324449, 50.2721946], [20.3307835, 50.2675272], [20.3421922, 50.2630201], [20.3529782, 50.2635756], [20.3578086, 50.2557571], [20.3675933, 50.2486936], [20.3748082, 50.2479559], [20.376209, 50.2431507], [20.3839128, 50.2446107], [20.3975454, 50.2414789], [20.3993854, 50.2383807], [20.3922714, 50.2378233], [20.3868535, 50.232196], [20.3742866, 50.2272082], [20.377467, 50.2197534], [20.3745653, 50.2160275], [20.3847088, 50.2075929], [20.4102497, 50.2117933], [20.4150698, 50.2002425], [20.408565, 50.1984192], [20.4155177, 50.1912371], [20.4313539, 50.1943458], [20.4307833, 50.197291], [20.4364906, 50.1969698], [20.4372187, 50.19286], [20.4423443, 50.1925471], [20.4428737, 50.1953127], [20.4515237, 50.1927194], [20.4550167, 50.199211], [20.4687256, 50.1965271], [20.4662403, 50.1921164], [20.4734593, 50.1907948], [20.4692832, 50.2007908], [20.4932495, 50.1920196], [20.5117551, 50.1892719], [20.5129191, 50.1854539], [20.5311476, 50.1914065], [20.5347611, 50.188411], [20.5350596, 50.191002], [20.5400907, 50.1911955], [20.5392058, 50.1974163], [20.5572179, 50.2016385], [20.5629467, 50.2005809], [20.5651596, 50.1919812], [20.5717582, 50.1862808], [20.5829655, 50.1890329], [20.5818983, 50.1947591], [20.5934727, 50.201554], [20.6057784, 50.2001127], [20.6085671, 50.2046979], [20.6240471, 50.2006652], [20.630903, 50.2019612], [20.6242556, 50.2019055], [20.6337829, 50.2116576], [20.6384839, 50.2105318], [20.6361956, 50.2071647], [20.6390722, 50.2053079], [20.6437365, 50.2070139], [20.6398439, 50.2116221], [20.6521675, 50.204322], [20.6616638, 50.2033321], [20.6688918, 50.2063502], [20.6752641, 50.2014054], [20.6815341, 50.2059056], [20.679376, 50.2124587], [20.6819219, 50.2165358], [20.7016711, 50.2170396], [20.707917, 50.2268461], [20.730027, 50.231315], [20.7271778, 50.2463553], [20.7290454, 50.251473], [20.7525482, 50.2646689], [20.7695181, 50.2691885], [20.7783462, 50.2831712], [20.7899384, 50.2895836], [20.8093783, 50.288257], [20.8276416, 50.2750719], [20.8358386, 50.2733157], [20.8481638, 50.2788449], [20.8498848, 50.2917464], [20.8530099, 50.2951735], [20.8795391, 50.2956328], [20.895269, 50.306632], [20.9311445, 50.2981055], [20.9380069, 50.2997933], [20.9451076, 50.3124949], [20.9551955, 50.3160401], [21.0100431, 50.3127834], [21.0330809, 50.3193032], [21.0555329, 50.3155458], [21.0721663, 50.3226806], [21.0830597, 50.3363623], [21.1130018, 50.3384482], [21.1210026, 50.3502783], [21.132043, 50.3542857], [21.1540401, 50.3513865], [21.1657021, 50.3422532], [21.1667125, 50.3330555], [21.1765949, 50.3298151], [21.1853157, 50.3346575], [21.1901236, 50.3520878], [21.2175406, 50.3563873], [21.229995, 50.3735308], [21.249781, 50.3775997], [21.2566927, 50.3908725], [21.2787897, 50.3918926], [21.2812442, 50.3948443], [21.2787282, 50.4050189], [21.2810517, 50.4083819], [21.3671351, 50.4410121], [21.4013044, 50.4392287], [21.4435135, 50.4564195], [21.4514609, 50.4639235], [21.4423927, 50.4850539], [21.4471552, 50.4917827], [21.4829632, 50.4966294], [21.5278084, 50.5142628], [21.5559122, 50.5206801], [21.5902024, 50.5170463], [21.6040201, 50.5212364], [21.6254552, 50.5467202], [21.6565086, 50.5718123], [21.669452, 50.6050455], [21.710468, 50.6297739], [21.7225873, 50.6453572], [21.7333821, 50.6415935], [21.7501893, 50.6552488], [21.759762, 50.6549426], [21.761229, 50.6479871], [21.7801173, 50.6450651], [21.7788428, 50.6588199], [21.7938202, 50.6756895], [21.7862794, 50.6800484], [21.8143907, 50.6878163], [21.8254362, 50.6980352], [21.8278444, 50.7165817], [21.8431723, 50.73721], [21.8402188, 50.7589963], [21.8584778, 50.7809463]]]}}, {"type": "Feature", "properties": {"name": "Masovian Voivodeship", "country": "POL"}, "geometry": {"type": "Polygon", "coordinates": [[[21.6129526, 53.4808337], [21.5658903, 53.480948], [21.5178853, 53.4769998], [21.4325987, 53.4628345], [21.4459827, 53.4459091], [21.42482, 53.4493921], [21.4292196, 53.4450215], [21.434719, 53.4449503], [21.4334986, 53.4423888], [21.4362881, 53.4438311], [21.4375528, 53.440487], [21.4459516, 53.4393242], [21.4450065, 53.4373822], [21.4351217, 53.4390808], [21.4374778, 53.4330342], [21.4335406, 53.4358565], [21.4260545, 53.4337386], [21.4235581, 53.4295223], [21.4099885, 53.4267102], [21.3978607, 53.4262136], [21.3948401, 53.4273895], [21.3993898, 53.4290027], [21.3877408, 53.4308348], [21.3741124, 53.421363], [21.3549603, 53.4202041], [21.3516253, 53.4142947], [21.3393442, 53.419429], [21.337562, 53.417397], [21.3025228, 53.4238908], [21.2937762, 53.414779], [21.2950823, 53.4090369], [21.2913792, 53.4085128], [21.2840794, 53.4150477], [21.2918602, 53.422102], [21.2813523, 53.4267015], [21.2502696, 53.4197309], [21.2000048, 53.3990928], [21.1758473, 53.3935868], [21.1413519, 53.3773187], [21.140894, 53.3710183], [21.1361672, 53.36553], [21.1141498, 53.3543752], [21.0917875, 53.3497394], [21.0558096, 53.3345945], [21.0377673, 53.3434344], [21.031072, 53.3513611], [21.0010518, 53.3567425], [20.9977318, 53.3617746], [20.9894455, 53.3630906], [20.9917041, 53.3613587], [20.9738903, 53.3517534], [20.9743834, 53.3542965], [20.968781, 53.3517469], [20.9666121, 53.3541604], [20.963266, 53.3500032], [20.9593717, 53.351542], [20.9605841, 53.3544431], [20.947287, 53.3550583], [20.9498512, 53.3579527], [20.9363204, 53.359772], [20.9329074, 53.3583487], [20.9317229, 53.3525309], [20.9186619, 53.3522682], [20.9226923, 53.3500474], [20.9144001, 53.348221], [20.9148381, 53.3455291], [20.9095311, 53.3427339], [20.9123261, 53.3374876], [20.9206938, 53.3353561], [20.9160793, 53.3253809], [20.9297773, 53.3242191], [20.9271094, 53.3201773], [20.9209761, 53.3209084], [20.9193295, 53.3157125], [20.9155326, 53.3171128], [20.9169855, 53.321892], [20.906626, 53.3207385], [20.9081261, 53.3178302], [20.9039729, 53.3094505], [20.8864751, 53.318682], [20.8722693, 53.3212447], [20.8731629, 53.3124098], [20.8652505, 53.3036228], [20.8511475, 53.3015587], [20.8550797, 53.2974676], [20.8512641, 53.2980917], [20.8514131, 53.2925506], [20.8247227, 53.3043919], [20.797867, 53.3059385], [20.7883045, 53.3107586], [20.7703474, 53.3114958], [20.7643482, 53.31555], [20.7517843, 53.3128767], [20.7425322, 53.3179575], [20.7395391, 53.3149764], [20.7470741, 53.3076704], [20.7388375, 53.3046439], [20.7213707, 53.3076131], [20.7165796, 53.312097], [20.713625, 53.3092446], [20.7138337, 53.2998529], [20.6923682, 53.3026253], [20.6921187, 53.2885266], [20.6870189, 53.2877498], [20.6760742, 53.2696618], [20.6662625, 53.2653677], [20.6573417, 53.2515138], [20.6117986, 53.2523249], [20.6108117, 53.2451877], [20.6135736, 53.242543], [20.6090749, 53.2390123], [20.5871754, 53.2327103], [20.5824575, 53.2331641], [20.5795562, 53.2398892], [20.5749093, 53.24036], [20.5620676, 53.2264742], [20.5547128, 53.2245181], [20.5317986, 53.2322821], [20.5298167, 53.2278487], [20.5359473, 53.2271524], [20.5255249, 53.2227477], [20.5072912, 53.2287126], [20.507371, 53.2345423], [20.4735352, 53.2342609], [20.4606508, 53.2416015], [20.4642253, 53.2433192], [20.4584506, 53.2467071], [20.4236296, 53.221858], [20.4194866, 53.2220281], [20.410819, 53.2138831], [20.4142114, 53.2116247], [20.3968915, 53.1946793], [20.3830297, 53.1891033], [20.3762809, 53.177435], [20.3253827, 53.1602967], [20.3610461, 53.1554517], [20.3536967, 53.1533484], [20.3537982, 53.1470743], [20.2902601, 53.1391137], [20.2753722, 53.1426831], [20.2579619, 53.1411629], [20.2237916, 53.1502406], [20.1652599, 53.1557753], [20.1643081, 53.1497573], [20.1590943, 53.1456547], [20.1405184, 53.1413011], [20.127064, 53.1467398], [20.1191145, 53.162175], [20.1104151, 53.1630674], [20.1041424, 53.1680567], [20.0774381, 53.1653644], [20.0761666, 53.1572924], [20.0523295, 53.1552251], [20.0388327, 53.1592452], [20.0343659, 53.1476741], [20.0308178, 53.1458609], [20.0256235, 53.1450348], [20.0196928, 53.1530935], [19.9781653, 53.1439146], [19.9738431, 53.1479691], [19.9637554, 53.1500487], [19.9545516, 53.1603133], [19.9421719, 53.1656491], [19.9264602, 53.1673756], [19.928081, 53.171498], [19.9073918, 53.1770133], [19.9113718, 53.1889065], [19.9186049, 53.1913367], [19.9157826, 53.1918679], [19.9178926, 53.2065445], [19.9137989, 53.2062715], [19.9134215, 53.2114621], [19.8964028, 53.209663], [19.8931105, 53.2131575], [19.8835776, 53.2087347], [19.8822161, 53.2026059], [19.871057, 53.2015987], [19.8722544, 53.1982048], [19.8471163, 53.19226], [19.8254222, 53.1732772], [19.8388853, 53.1632224], [19.8410694, 53.1409934], [19.7776474, 53.1549828], [19.7326079, 53.1445061], [19.7119563, 53.1346507], [19.7104297, 53.1213245], [19.6928553, 53.1195335], [19.6912158, 53.1225679], [19.6846953, 53.1231471], [19.6827173, 53.1129485], [19.6726904, 53.1128024], [19.6670528, 53.1061096], [19.6522091, 53.1069545], [19.6506431, 53.1123726], [19.6342403, 53.1116819], [19.6385221, 53.1066244], [19.6386656, 53.0948645], [19.6365589, 53.0944129], [19.6469938, 53.0873023], [19.646086, 53.0775381], [19.6596015, 53.0744853], [19.6580827, 53.0716377], [19.6615569, 53.0694415], [19.6468419, 53.0662792], [19.6457838, 53.0620622], [19.6485123, 53.0616797], [19.6458061, 53.0543484], [19.6547806, 53.0537901], [19.6515549, 53.0504651], [19.6521787, 53.0377623], [19.6657476, 53.0401736], [19.6781181, 53.0320482], [19.6755781, 53.0291301], [19.6812003, 53.0265602], [19.6782648, 53.0242473], [19.690281, 53.0215204], [19.6786888, 53.0148017], [19.6804405, 53.0096878], [19.6775606, 53.0005998], [19.6702179, 52.9934593], [19.6718821, 52.9910112], [19.6648755, 52.9868483], [19.6798641, 52.978431], [19.6816136, 52.9650803], [19.6848059, 52.9630391], [19.681072, 52.9564728], [19.6712684, 52.9556191], [19.6545949, 52.9613049], [19.6460311, 52.970875], [19.6355223, 52.9699192], [19.6240087, 52.9772254], [19.6121003, 52.9768776], [19.5547068, 52.9900872], [19.5592995, 52.9790728], [19.5827051, 52.9682812], [19.5860842, 52.9630274], [19.5825494, 52.9568595], [19.5407684, 52.9484102], [19.528887, 52.9364264], [19.4869743, 52.9402791], [19.4845939, 52.9440058], [19.4577386, 52.9418489], [19.4448782, 52.947468], [19.4447708, 52.9384916], [19.4507992, 52.9254431], [19.472448, 52.9175708], [19.4644528, 52.915822], [19.4585727, 52.9067444], [19.5160915, 52.8601164], [19.4889829, 52.8667946], [19.4739471, 52.8648727], [19.4644571, 52.859646], [19.4633685, 52.8559799], [19.4735255, 52.8502709], [19.4552892, 52.8447422], [19.4439911, 52.8373523], [19.4257201, 52.840774], [19.4273221, 52.8375017], [19.423378, 52.8299519], [19.4312082, 52.8235945], [19.4237309, 52.8155332], [19.4376426, 52.8147951], [19.4524953, 52.8046538], [19.465739, 52.8044635], [19.4630362, 52.794838], [19.4677479, 52.7859817], [19.4928192, 52.7797214], [19.4946369, 52.7783628], [19.4908606, 52.7743028], [19.5044223, 52.7676584], [19.5003488, 52.7633767], [19.5063014, 52.760945], [19.4973523, 52.7603465], [19.5035917, 52.7551318], [19.4986933, 52.7540236], [19.4975302, 52.749496], [19.522743, 52.7492005], [19.5191003, 52.7418671], [19.5135153, 52.742214], [19.5092161, 52.7369886], [19.5010622, 52.7369778], [19.4984163, 52.7324804], [19.504999, 52.7292408], [19.5025387, 52.726679], [19.5070642, 52.7238737], [19.5023876, 52.7226375], [19.5032713, 52.713481], [19.5194571, 52.7114509], [19.5271102, 52.7048533], [19.4919126, 52.7075777], [19.4942584, 52.7109831], [19.4908701, 52.715848], [19.4647832, 52.720762], [19.4568244, 52.7255751], [19.4418944, 52.7233974], [19.4397009, 52.7192981], [19.4427398, 52.7163347], [19.4394714, 52.7117222], [19.4469625, 52.7060537], [19.4366694, 52.6930922], [19.436487, 52.6822674], [19.4438201, 52.6828671], [19.4508974, 52.6722212], [19.4458365, 52.670573], [19.4432074, 52.6757581], [19.4321657, 52.6766477], [19.4303232, 52.6715619], [19.415916, 52.6716286], [19.4140742, 52.6608719], [19.4105106, 52.6601957], [19.4100509, 52.6542006], [19.4056421, 52.6517968], [19.4029592, 52.644455], [19.3837429, 52.6443086], [19.3813611, 52.6395987], [19.3727408, 52.6373442], [19.3733317, 52.6341901], [19.3678984, 52.6283338], [19.4261045, 52.6114465], [19.4144844, 52.5959272], [19.4050981, 52.5918983], [19.3977125, 52.5927208], [19.3948546, 52.5772846], [19.390559, 52.573358], [19.3781824, 52.5685747], [19.3411146, 52.5670549], [19.3494164, 52.5450961], [19.3466329, 52.5446972], [19.3553546, 52.5371004], [19.3488362, 52.5281433], [19.3435926, 52.5277822], [19.3380805, 52.5339703], [19.3322876, 52.5332884], [19.3291916, 52.5378636], [19.3310578, 52.5328433], [19.3195677, 52.5348941], [19.3216732, 52.5292499], [19.3331195, 52.5248711], [19.3847668, 52.5195299], [19.3956741, 52.5128547], [19.3636073, 52.5037545], [19.3637712, 52.5000546], [19.3539665, 52.4884639], [19.3581246, 52.4811752], [19.3388879, 52.4797861], [19.3312587, 52.4711368], [19.333151, 52.4667521], [19.3302712, 52.4621905], [19.3207533, 52.4547148], [19.3191036, 52.4487058], [19.3032605, 52.4482411], [19.2991147, 52.4453133], [19.283722, 52.45003], [19.2680653, 52.4487744], [19.2592144, 52.4425912], [19.2618397, 52.4356744], [19.2867292, 52.4329679], [19.2963235, 52.4242607], [19.2979913, 52.4179074], [19.2934053, 52.4182833], [19.2929705, 52.4112495], [19.2861929, 52.4055456], [19.2803529, 52.4055271], [19.2905205, 52.3977982], [19.2881479, 52.3976591], [19.2891889, 52.3927124], [19.301969, 52.3915149], [19.3008452, 52.3875], [19.3079966, 52.3873925], [19.3088325, 52.3815952], [19.2923168, 52.3773239], [19.2906197, 52.3726062], [19.2950439, 52.3691154], [19.3155119, 52.371567], [19.3233867, 52.3689121], [19.3287593, 52.3606461], [19.3222702, 52.3483896], [19.3471951, 52.34739], [19.3584806, 52.3414856], [19.3768354, 52.3406545], [19.3806569, 52.3435878], [19.4062368, 52.3450484], [19.4071419, 52.3388761], [19.4260212, 52.3373188], [19.4396375, 52.3396824], [19.4476582, 52.3515503], [19.4549481, 52.3501291], [19.4631007, 52.3427493], [19.5020845, 52.3332289], [19.4915605, 52.3203221], [19.5126156, 52.3109579], [19.5167632, 52.3051221], [19.5383961, 52.3047284], [19.5362914, 52.3020535], [19.5471099, 52.2942719], [19.615851, 52.2882168], [19.6138747, 52.2762348], [19.6311599, 52.2777576], [19.634365, 52.2743811], [19.6237811, 52.2640536], [19.6321622, 52.2619752], [19.634589, 52.2561737], [19.6481816, 52.2537096], [19.6897928, 52.2594983], [19.6841046, 52.262757], [19.6991113, 52.2785456], [19.72909, 52.2681263], [19.7362055, 52.2584488], [19.7719242, 52.2642622], [19.7928848, 52.2735818], [19.7897384, 52.2797602], [19.8051049, 52.2791027], [19.8159664, 52.2839372], [19.829314, 52.2745696], [19.8485619, 52.2723599], [19.8777354, 52.287693], [19.8617187, 52.2909568], [19.8690658, 52.2989411], [19.8910412, 52.3113], [19.902563, 52.3085763], [19.9017215, 52.3039355], [19.9149341, 52.2986976], [19.9360929, 52.2997327], [19.9392485, 52.2892063], [19.9541076, 52.2833789], [19.9600828, 52.2854176], [19.9580398, 52.2782747], [19.965089, 52.2682722], [19.985886, 52.2624272], [20.018216, 52.2619457], [20.0420987, 52.2576858], [20.0375707, 52.2467394], [20.0655085, 52.240166], [20.0804942, 52.2330386], [20.0631117, 52.1989501], [20.0620742, 52.188123], [20.0671751, 52.1874758], [20.0874755, 52.168177], [20.0866746, 52.1584592], [20.0910136, 52.1526476], [20.1170294, 52.1463926], [20.1161833, 52.1437425], [20.160463, 52.1512451], [20.1641922, 52.1473299], [20.1615077, 52.1426191], [20.165174, 52.1386086], [20.2023683, 52.1147248], [20.2129301, 52.1184342], [20.2520114, 52.1174176], [20.2570477, 52.1066961], [20.2688147, 52.1007236], [20.269948, 52.0771297], [20.2432856, 52.0731502], [20.2493433, 52.0674026], [20.2478927, 52.0612588], [20.2530819, 52.055325], [20.2059656, 52.0279737], [20.1994178, 52.0303829], [20.1985008, 52.0257503], [20.2111058, 52.0176865], [20.2139066, 52.0124486], [20.2333028, 52.0017658], [20.2431933, 51.9988762], [20.2501398, 52.0061294], [20.262418, 52.0004436], [20.2551336, 51.9955624], [20.2622387, 51.9934606], [20.2603557, 51.9914474], [20.2723682, 51.9821798], [20.2717473, 51.9711692], [20.2941908, 51.9671242], [20.2407439, 51.9509987], [20.2436309, 51.9334021], [20.2659005, 51.930864], [20.2691868, 51.9352446], [20.2853539, 51.9385452], [20.2919772, 51.9367393], [20.2895932, 51.9382618], [20.2916055, 51.9397223], [20.2969163, 51.935715], [20.3100179, 51.9348845], [20.3115563, 51.9251809], [20.3143793, 51.9240478], [20.3117364, 51.9186572], [20.295455, 51.9123057], [20.3183823, 51.9123316], [20.3240708, 51.9219425], [20.3538147, 51.9196636], [20.3600435, 51.9285056], [20.3727733, 51.9238663], [20.3837147, 51.9369884], [20.3779629, 51.9387466], [20.371542, 51.933766], [20.3707941, 51.9382876], [20.3815439, 51.9424302], [20.3891805, 51.9419157], [20.3970714, 51.930529], [20.4135888, 51.9302962], [20.4235248, 51.9409506], [20.4202156, 51.9478677], [20.4302861, 51.9380456], [20.4397457, 51.9434901], [20.4568908, 51.9331628], [20.4754852, 51.9309979], [20.4785975, 51.9268336], [20.4778928, 51.92017], [20.4858791, 51.9204598], [20.490988, 51.9104264], [20.4794196, 51.8999922], [20.4982937, 51.8895355], [20.5100268, 51.8943769], [20.5708462, 51.8879323], [20.5664714, 51.8762811], [20.5856404, 51.8694484], [20.5843012, 51.8675393], [20.5909904, 51.8601186], [20.5905275, 51.849379], [20.6053951, 51.8496361], [20.5963135, 51.8398139], [20.5997609, 51.8274223], [20.6190634, 51.827693], [20.6198285, 51.8215529], [20.6083233, 51.8194511], [20.6077402, 51.8160609], [20.5760914, 51.820998], [20.5577382, 51.8189523], [20.5604343, 51.8122689], [20.5819726, 51.8110709], [20.5790006, 51.7928604], [20.5866427, 51.7845008], [20.5842373, 51.7822588], [20.5860691, 51.7780063], [20.592458, 51.7768517], [20.5951921, 51.7692607], [20.587659, 51.7702478], [20.5940713, 51.7680438], [20.5840663, 51.7618792], [20.5826389, 51.7479839], [20.6023101, 51.7464871], [20.6387802, 51.737528], [20.6389308, 51.7324181], [20.6583856, 51.7240129], [20.65441, 51.7149166], [20.6592584, 51.6986555], [20.6532008, 51.6771442], [20.6365322, 51.6762095], [20.6337441, 51.6698306], [20.6238037, 51.6690328], [20.6200849, 51.6650144], [20.6231956, 51.6615616], [20.6205519, 51.6575988], [20.5972011, 51.6594606], [20.5966247, 51.6571637], [20.5842806, 51.6628585], [20.5351611, 51.6687355], [20.5228134, 51.6657047], [20.5225244, 51.6770523], [20.5183612, 51.6709169], [20.5187588, 51.6738904], [20.5150165, 51.6744851], [20.5145434, 51.6855489], [20.4876971, 51.6836308], [20.4671134, 51.6928274], [20.4670141, 51.697092], [20.4579841, 51.6923559], [20.4537385, 51.6933844], [20.4507125, 51.6859719], [20.4417774, 51.6913949], [20.4368802, 51.6882058], [20.4423714, 51.6846662], [20.4376455, 51.6806794], [20.4002465, 51.6727542], [20.3952983, 51.6624586], [20.3909538, 51.6612648], [20.395353, 51.6470142], [20.3849987, 51.6416143], [20.3912492, 51.6360249], [20.4148128, 51.6339811], [20.4133485, 51.6305442], [20.4187087, 51.6302549], [20.4188161, 51.6204989], [20.4248951, 51.6116222], [20.4228342, 51.6064948], [20.4150977, 51.6043343], [20.4198093, 51.6005018], [20.4296029, 51.5994018], [20.4378252, 51.5822795], [20.4332915, 51.5752954], [20.4414231, 51.5714994], [20.4606462, 51.5744067], [20.4618062, 51.5657169], [20.4680335, 51.5595237], [20.4556417, 51.5422568], [20.4575795, 51.5410708], [20.4500224, 51.5174217], [20.4524382, 51.5037545], [20.4688267, 51.4995582], [20.4945346, 51.5003054], [20.5009178, 51.5032019], [20.5002601, 51.5061587], [20.5199473, 51.5097848], [20.5226619, 51.4819169], [20.5262245, 51.4824861], [20.527424, 51.4785094], [20.5265386, 51.4684114], [20.5340195, 51.4626711], [20.5256407, 51.4619374], [20.5242952, 51.4562118], [20.5124786, 51.4509527], [20.4969161, 51.4483416], [20.4977484, 51.4417965], [20.4877012, 51.4410043], [20.4843005, 51.4370314], [20.4876297, 51.4335854], [20.4850608, 51.4315734], [20.4929566, 51.4251803], [20.4840283, 51.415213], [20.4870057, 51.412668], [20.471668, 51.4084551], [20.4547968, 51.4091583], [20.4502413, 51.4144286], [20.4423112, 51.3984257], [20.4442784, 51.3942574], [20.4361231, 51.3896943], [20.4283567, 51.3776285], [20.4290793, 51.3712387], [20.4268129, 51.3711019], [20.4297535, 51.3694457], [20.4166537, 51.3621101], [20.4219906, 51.3614714], [20.4228959, 51.3536074], [20.4281547, 51.3515115], [20.4309683, 51.3393644], [20.4329118, 51.3424524], [20.4635718, 51.336405], [20.4639384, 51.3317407], [20.5080245, 51.3306214], [20.5173562, 51.3166018], [20.5115237, 51.3136064], [20.5132639, 51.3081065], [20.498048, 51.3106761], [20.4926279, 51.3072829], [20.4945167, 51.2986173], [20.4978617, 51.2928574], [20.5109009, 51.2941482], [20.5015635, 51.2869325], [20.5212294, 51.2775627], [20.5254094, 51.28065], [20.5331506, 51.2768656], [20.529291, 51.2737184], [20.5369098, 51.2700987], [20.5249024, 51.2606699], [20.5392939, 51.254798], [20.5347237, 51.2521512], [20.5367048, 51.2483415], [20.5332589, 51.2476723], [20.5374611, 51.2456443], [20.5436863, 51.2311562], [20.5659391, 51.2314674], [20.5682947, 51.2376977], [20.579009, 51.2447639], [20.6068495, 51.2468225], [20.6176863, 51.2333255], [20.6330358, 51.2234432], [20.6774295, 51.2095216], [20.6833848, 51.203973], [20.6907877, 51.205445], [20.6868348, 51.202731], [20.691395, 51.1989631], [20.6893635, 51.1979928], [20.7003498, 51.1959894], [20.7026332, 51.184957], [20.6989284, 51.1794714], [20.6850182, 51.1735367], [20.683572, 51.1647905], [20.6886095, 51.1587823], [20.6854802, 51.1512373], [20.6951772, 51.1516973], [20.6932392, 51.1501309], [20.6974062, 51.1489688], [20.718407, 51.1727158], [20.7712204, 51.1569813], [20.7661024, 51.1498872], [20.7822059, 51.1453352], [20.7876978, 51.1526885], [20.8130229, 51.1458351], [20.8217476, 51.1577898], [20.8091501, 51.1612009], [20.8215997, 51.1784478], [20.8499968, 51.1706241], [20.853655, 51.1729186], [20.8591602, 51.1663765], [20.8797809, 51.1544239], [20.9048808, 51.179496], [20.9082009, 51.1782527], [20.9110675, 51.1892335], [20.9135521, 51.1882708], [20.9207195, 51.1953375], [20.9680125, 51.1765706], [20.9653747, 51.1738511], [21.0008276, 51.1595664], [20.9931671, 51.1520174], [20.9984485, 51.149959], [20.9945949, 51.1461629], [20.9985364, 51.1444915], [21.024284, 51.1504007], [21.0262024, 51.1523579], [21.0189589, 51.1546387], [21.0228783, 51.1585753], [21.0566547, 51.1571261], [21.0698766, 51.1743616], [21.0733416, 51.1853914], [21.0750834, 51.1980546], [21.0683808, 51.2069367], [21.0700028, 51.2114642], [21.1106156, 51.2007598], [21.1078527, 51.1932495], [21.1182901, 51.1917092], [21.1198739, 51.188782], [21.1173382, 51.1801256], [21.0966801, 51.1647043], [21.0912253, 51.1550925], [21.12819, 51.1408765], [21.1282589, 51.1348371], [21.1341857, 51.1348096], [21.1342153, 51.1285014], [21.1424193, 51.1285135], [21.1394746, 51.1256317], [21.1641359, 51.128526], [21.1609832, 51.1254431], [21.1539693, 51.1254783], [21.1602474, 51.1022275], [21.1528501, 51.1037598], [21.1457994, 51.0882937], [21.1558295, 51.0861861], [21.1527423, 51.0802722], [21.3555283, 51.0852632], [21.353111, 51.0819357], [21.3556716, 51.0824893], [21.3563761, 51.0774243], [21.3536045, 51.0671082], [21.3704265, 51.0654773], [21.3718991, 51.058757], [21.3831049, 51.0582812], [21.3817617, 51.0406254], [21.4048364, 51.0354027], [21.402544, 51.0327436], [21.4107664, 51.0308309], [21.4313798, 51.029499], [21.4285381, 51.0257047], [21.4432283, 51.0227903], [21.4635909, 51.013137], [21.4961174, 51.0215866], [21.4859168, 51.0238528], [21.5049377, 51.0317367], [21.48609, 51.0356675], [21.4898937, 51.0396561], [21.5169433, 51.0364659], [21.4996235, 51.0450576], [21.5063933, 51.0502691], [21.5044731, 51.0517361], [21.5129887, 51.0529936], [21.5090627, 51.0580252], [21.5122311, 51.0594883], [21.5128631, 51.0560575], [21.5290539, 51.0590155], [21.532818, 51.0623358], [21.5346756, 51.0564144], [21.5421049, 51.0569593], [21.5447707, 51.0471676], [21.5603274, 51.0556041], [21.5780446, 51.0600912], [21.5901358, 51.0577575], [21.6144141, 51.0653407], [21.6191083, 51.0597168], [21.6303334, 51.0634176], [21.6238714, 51.0709824], [21.6150091, 51.0725852], [21.612037, 51.0760848], [21.6268683, 51.0733764], [21.6402907, 51.07626], [21.6495948, 51.0694506], [21.6762455, 51.0780158], [21.69195, 51.0654074], [21.6977166, 51.0510998], [21.7052636, 51.0426804], [21.7211209, 51.0410373], [21.7297606, 51.0474086], [21.7410058, 51.040968], [21.7590728, 51.0373297], [21.7606233, 51.0428021], [21.7793763, 51.0421638], [21.7806364, 51.0454784], [21.7724007, 51.048814], [21.7772013, 51.0532463], [21.7844039, 51.0536469], [21.7895563, 51.0594955], [21.7818056, 51.0608156], [21.7850678, 51.0689223], [21.7916111, 51.0678763], [21.8029992, 51.0720797], [21.7996271, 51.0762275], [21.7998079, 51.0870504], [21.793072, 51.0996181], [21.790471, 51.1158823], [21.7927585, 51.1270837], [21.7995581, 51.127157], [21.7993987, 51.1347517], [21.7870117, 51.145205], [21.7848481, 51.1505805], [21.7919374, 51.1713528], [21.7898726, 51.1766551], [21.7925404, 51.1801331], [21.7833074, 51.1790485], [21.788457, 51.201525], [21.8011943, 51.2206969], [21.8165478, 51.2305902], [21.8081928, 51.2452678], [21.8082427, 51.2543328], [21.8304849, 51.2668132], [21.8601111, 51.2747024], [21.8362998, 51.2836155], [21.8383273, 51.2875339], [21.8349376, 51.2889297], [21.8312833, 51.2890823], [21.8299892, 51.284567], [21.8230183, 51.2806752], [21.8122633, 51.2852696], [21.8170516, 51.2891653], [21.8117586, 51.2915641], [21.7867631, 51.2850266], [21.7830449, 51.2937436], [21.7938143, 51.2931254], [21.8104458, 51.3016099], [21.8195354, 51.2999334], [21.8193421, 51.3027012], [21.8233962, 51.3033505], [21.8247214, 51.3138915], [21.8274443, 51.3133588], [21.8244994, 51.3148493], [21.8311927, 51.3259542], [21.8290444, 51.3263101], [21.8365911, 51.3326131], [21.832783, 51.3339487], [21.8350644, 51.3378387], [21.8283409, 51.339287], [21.8295222, 51.3412931], [21.8454563, 51.3541425], [21.8537801, 51.3517485], [21.8379513, 51.3785746], [21.8345494, 51.3775367], [21.8321747, 51.3804953], [21.8159791, 51.3715867], [21.8117361, 51.3777603], [21.8066353, 51.3750364], [21.7969607, 51.3825051], [21.7910336, 51.3906544], [21.7898155, 51.3948778], [21.7928542, 51.3952106], [21.7844632, 51.3975008], [21.768491, 51.3910919], [21.7609553, 51.4012535], [21.7640042, 51.4021998], [21.7613462, 51.4057769], [21.7677375, 51.4135052], [21.7800916, 51.4116402], [21.7875802, 51.4201326], [21.7976466, 51.4221905], [21.8013212, 51.4276397], [21.8126909, 51.4291576], [21.8282611, 51.4257741], [21.835004, 51.4205753], [21.8331835, 51.4172526], [21.8397039, 51.4175296], [21.8510394, 51.4306148], [21.8506159, 51.4360956], [21.8560508, 51.4444494], [21.8544806, 51.4475345], [21.8680116, 51.4627222], [21.8739872, 51.4716078], [21.8731761, 51.4749136], [21.8585346, 51.4767058], [21.8482011, 51.484664], [21.84729, 51.4921073], [21.8549982, 51.5025871], [21.8555484, 51.5096045], [21.8327552, 51.5361811], [21.8325759, 51.5524434], [21.8250067, 51.5615382], [21.785224, 51.5688358], [21.7550279, 51.5605201], [21.6947627, 51.5704731], [21.6793097, 51.5770308], [21.6574976, 51.5810791], [21.653548, 51.5857705], [21.650253, 51.6015845], [21.6276047, 51.609019], [21.6155463, 51.6175626], [21.6252927, 51.6238787], [21.6400741, 51.6259043], [21.6404745, 51.6442925], [21.6362594, 51.6462532], [21.6394474, 51.6477017], [21.6357464, 51.6520216], [21.6390324, 51.6569294], [21.647225, 51.6603151], [21.7062708, 51.6393306], [21.7130626, 51.6339688], [21.7221031, 51.637406], [21.7267482, 51.6180603], [21.7492224, 51.6120464], [21.755317, 51.6290345], [21.762432, 51.6303422], [21.7585176, 51.6382664], [21.7758217, 51.6424183], [21.7718819, 51.6476714], [21.7747938, 51.6487324], [21.7772141, 51.6424887], [21.7844017, 51.6440002], [21.7919217, 51.6507475], [21.8027787, 51.6468348], [21.8306254, 51.6482259], [21.8307081, 51.6523049], [21.8387263, 51.6522201], [21.8418273, 51.6594343], [21.8405492, 51.6673429], [21.8459105, 51.6676755], [21.8449751, 51.6731583], [21.8562033, 51.6686794], [21.8581748, 51.6725559], [21.8556782, 51.6801797], [21.8777524, 51.6765833], [21.8799552, 51.6935843], [21.8953844, 51.6972598], [21.9033121, 51.7041026], [21.900998, 51.7070552], [21.8767878, 51.7117122], [21.8698288, 51.7208081], [21.8733906, 51.7245232], [21.8707936, 51.7328398], [21.847776, 51.736861], [21.8479902, 51.7429393], [21.8352879, 51.7444511], [21.8359117, 51.7494222], [21.8452064, 51.7528342], [21.844431, 51.7583704], [21.857773, 51.7594199], [21.8652408, 51.7637294], [21.8665621, 51.7686624], [21.8807757, 51.7708245], [21.8973284, 51.768799], [21.9003158, 51.777578], [21.9153092, 51.7806048], [21.9272422, 51.778758], [21.9350935, 51.7853128], [21.9464224, 51.7876783], [21.9514723, 51.7950501], [21.9563839, 51.7938737], [21.952886, 51.795575], [21.9506625, 51.8094277], [21.9458314, 51.808812], [21.9422025, 51.8259649], [21.9262637, 51.8340058], [21.9273776, 51.837862], [21.9172724, 51.8395646], [21.9095815, 51.8348788], [21.8966637, 51.8366513], [21.8946252, 51.832792], [21.8712504, 51.8355325], [21.8710197, 51.8296755], [21.8585504, 51.8293764], [21.8570808, 51.8396046], [21.8453244, 51.8412433], [21.8448575, 51.8495312], [21.8482692, 51.850914], [21.8902844, 51.8571624], [21.8858142, 51.8602717], [21.9001316, 51.8756589], [21.8973576, 51.8833973], [21.9128904, 51.8865383], [21.9028665, 51.8968234], [21.9080187, 51.9030148], [21.8855693, 51.9118048], [21.8901082, 51.9284355], [21.8804618, 51.9309612], [21.8755457, 51.9397787], [21.8663538, 51.9434467], [21.8695011, 51.9535812], [21.8768327, 51.9543131], [21.880304, 51.9710253], [21.8929737, 51.9740478], [21.9028063, 51.9804836], [21.9100175, 51.9777086], [21.9215507, 51.9808768], [21.9341904, 51.993194], [21.9547263, 51.9931107], [21.9685291, 51.9889804], [21.9868462, 52.0007702], [21.9976807, 52.0121374], [22.0064339, 52.0089351], [22.0135506, 52.0106226], [22.0265154, 52.0157387], [22.0298538, 52.0217134], [22.0511543, 52.0205433], [22.064217, 52.0100892], [22.0763114, 52.0059687], [22.1145384, 52.0014728], [22.1386122, 52.006808], [22.1461816, 52.0147011], [22.1478623, 52.0253555], [22.1519131, 52.0283542], [22.242026, 52.0096905], [22.2536399, 52.0045066], [22.2856168, 52.0192582], [22.2894898, 52.0248353], [22.2872439, 52.0279022], [22.2947976, 52.0276456], [22.2974552, 52.0374571], [22.3226822, 52.0368889], [22.3244571, 52.0229265], [22.316224, 52.0134546], [22.3270481, 52.0030129], [22.3443506, 51.9960043], [22.37192, 52.0069631], [22.3804154, 52.0165986], [22.4092558, 52.0141597], [22.4335292, 52.0174308], [22.4411771, 52.0221791], [22.4439406, 52.029811], [22.4559952, 52.0296184], [22.4582314, 52.0373052], [22.4626278, 52.0382363], [22.4635096, 52.0450019], [22.4695864, 52.0489469], [22.4698603, 52.054124], [22.4782099, 52.0610656], [22.4810687, 52.0602263], [22.4832906, 52.0672273], [22.5054722, 52.0699306], [22.5159474, 52.0683757], [22.5168903, 52.064431], [22.5216317, 52.0635691], [22.5203555, 52.0572906], [22.5280862, 52.0510835], [22.5483514, 52.0509325], [22.5474988, 52.0445243], [22.5727647, 52.0380972], [22.5863991, 52.0420817], [22.5856453, 52.037399], [22.6082816, 52.0369564], [22.6086736, 52.0273413], [22.6167998, 52.0190942], [22.6229011, 52.0187448], [22.633753, 52.0310433], [22.6613606, 52.036594], [22.6598965, 52.0397133], [22.6645195, 52.0468849], [22.6627503, 52.0507712], [22.6691409, 52.0627262], [22.6637861, 52.0704586], [22.6667188, 52.0796132], [22.6482994, 52.0908638], [22.6687886, 52.1052904], [22.6994214, 52.1177648], [22.6984372, 52.1082328], [22.7157904, 52.1036931], [22.7266877, 52.0970527], [22.7541061, 52.0949325], [22.762548, 52.0897001], [22.7649226, 52.0814256], [22.7815385, 52.0732527], [22.7836329, 52.0686942], [22.7897657, 52.0688773], [22.8063925, 52.0792059], [22.8301763, 52.0814609], [22.8374109, 52.0799907], [22.8500049, 52.0657589], [22.8656402, 52.0724227], [22.8687317, 52.069475], [22.8666989, 52.0637502], [22.868212, 52.0659563], [22.9023325, 52.0635937], [22.9075788, 52.0770074], [22.898222, 52.0794744], [22.8943005, 52.0911543], [22.8875396, 52.0920402], [22.8979668, 52.1013879], [22.89302, 52.1020871], [22.9026273, 52.1102391], [22.9227109, 52.106787], [22.9281184, 52.1115745], [22.9500992, 52.1022315], [22.9682644, 52.1154256], [22.9465864, 52.1255169], [22.9331178, 52.1365037], [22.9390777, 52.1425556], [22.9456088, 52.1404869], [22.94231, 52.1447004], [22.9859186, 52.1588451], [22.9770921, 52.1722758], [22.9953745, 52.1749407], [23.0292244, 52.1740033], [23.0293712, 52.1782305], [23.0341971, 52.1785921], [23.0714776, 52.1704205], [23.0700423, 52.1745745], [23.0396656, 52.1839088], [23.0318706, 52.1983962], [23.0312899, 52.2164509], [23.065838, 52.2366275], [23.0780753, 52.2349464], [23.0947933, 52.256504], [23.1024142, 52.2536117], [23.1100634, 52.2613295], [23.1042057, 52.2654212], [23.1284089, 52.2878414], [23.1123206, 52.3000962], [23.1003419, 52.2965818], [23.0754899, 52.2821368], [23.0514177, 52.2854324], [23.0483128, 52.2914916], [23.0577551, 52.2995752], [23.0588749, 52.3041316], [23.045218, 52.3248553], [23.0380676, 52.329246], [23.0061922, 52.3363953], [22.9955841, 52.3318926], [22.9860787, 52.339301], [22.9893515, 52.3453996], [22.9772702, 52.3462484], [22.970766, 52.3582178], [22.9571574, 52.3682357], [22.9197263, 52.3744778], [22.891706, 52.3647006], [22.870598, 52.3621727], [22.8615984, 52.3644769], [22.8495226, 52.3585809], [22.793179, 52.3740696], [22.7705041, 52.371354], [22.762309, 52.381634], [22.7525987, 52.383983], [22.7394946, 52.3814983], [22.7328434, 52.3746095], [22.733135, 52.3681804], [22.7279253, 52.3663376], [22.7204491, 52.3722633], [22.7240362, 52.3779175], [22.7199588, 52.3836824], [22.712499, 52.3856674], [22.7060346, 52.3923499], [22.6831286, 52.3922182], [22.6640156, 52.3855204], [22.6596569, 52.387468], [22.6583688, 52.3932887], [22.6432518, 52.3883084], [22.6276078, 52.3929642], [22.6162741, 52.3875292], [22.6124609, 52.3887248], [22.6116794, 52.3948954], [22.6058073, 52.3989517], [22.591934, 52.3985985], [22.5804132, 52.3931581], [22.5783153, 52.4026686], [22.5662705, 52.4034306], [22.5577588, 52.4164129], [22.5418804, 52.4242099], [22.5440109, 52.4350919], [22.5414449, 52.4393466], [22.5459398, 52.4526212], [22.5542341, 52.4631652], [22.5486832, 52.4678169], [22.5297279, 52.4615906], [22.5250104, 52.4720569], [22.5120301, 52.4812627], [22.5101098, 52.4902375], [22.5199623, 52.5062465], [22.5202101, 52.5152241], [22.5274126, 52.5190274], [22.5266767, 52.5211759], [22.490106, 52.5485433], [22.4838329, 52.5608294], [22.4665348, 52.5669794], [22.4593895, 52.5768019], [22.458327, 52.5863176], [22.4465387, 52.5876246], [22.4179222, 52.5991978], [22.4065342, 52.6101173], [22.419052, 52.6096367], [22.4196222, 52.6147618], [22.4320797, 52.6174073], [22.4327331, 52.6208771], [22.4508624, 52.6243463], [22.449514, 52.6399627], [22.4619131, 52.6389723], [22.4652934, 52.6413364], [22.4623293, 52.6454339], [22.4705457, 52.6436544], [22.4735666, 52.6462459], [22.4714781, 52.6498665], [22.4503473, 52.6527024], [22.4425719, 52.6646589], [22.4458158, 52.6745663], [22.444723, 52.6821025], [22.4351095, 52.6962185], [22.4392027, 52.7134384], [22.4472094, 52.7281878], [22.4474274, 52.738213], [22.4442084, 52.7417817], [22.4503988, 52.7504267], [22.4532336, 52.7652853], [22.4607287, 52.7706738], [22.4531954, 52.782557], [22.4537714, 52.7882384], [22.4080007, 52.7948277], [22.3786261, 52.794403], [22.3880516, 52.7842984], [22.3826114, 52.7776443], [22.3539351, 52.7753263], [22.3446438, 52.7777953], [22.3409832, 52.7649625], [22.3469152, 52.757399], [22.3373231, 52.7541563], [22.334414, 52.7404643], [22.3242212, 52.7421212], [22.3213306, 52.7481784], [22.3141655, 52.74594], [22.3036564, 52.7479797], [22.3110171, 52.7551807], [22.2998989, 52.754081], [22.3020144, 52.7650851], [22.2965084, 52.7657053], [22.3038226, 52.7668442], [22.299977, 52.7721243], [22.3075088, 52.7718215], [22.30801, 52.7744339], [22.3012274, 52.774729], [22.301415, 52.7832674], [22.2841577, 52.7780488], [22.2808582, 52.7836066], [22.276604, 52.7836363], [22.2798614, 52.7851596], [22.2783595, 52.7893223], [22.2623604, 52.8153621], [22.2510648, 52.8257805], [22.2517394, 52.8313973], [22.242454, 52.8327568], [22.2625572, 52.8364885], [22.2611478, 52.8442495], [22.2765445, 52.8418013], [22.2767743, 52.8396368], [22.2715436, 52.839342], [22.274719, 52.8318048], [22.30512, 52.8394272], [22.30912, 52.8487756], [22.3074099, 52.8577431], [22.2871015, 52.8539462], [22.2822073, 52.846142], [22.2828153, 52.8508281], [22.278257, 52.8481254], [22.2845531, 52.8643169], [22.2931832, 52.8711122], [22.2793622, 52.8861445], [22.2689896, 52.8848841], [22.2508741, 52.8763703], [22.2192735, 52.8845761], [22.2071707, 52.8830368], [22.2096889, 52.8545008], [22.1741773, 52.8580619], [22.1498005, 52.8466147], [22.1423653, 52.8512996], [22.1241931, 52.8427007], [22.1131232, 52.8489677], [22.101381, 52.861971], [22.083993, 52.8457507], [22.0840018, 52.8417586], [22.0592097, 52.8501361], [22.0379791, 52.8508201], [22.0394371, 52.8603193], [22.026622, 52.8648378], [22.0385868, 52.882213], [22.0349644, 52.8851383], [22.0251957, 52.8858902], [22.0076556, 52.8762768], [22.0039312, 52.8778663], [22.0047486, 52.8925869], [22.0104133, 52.8995646], [22.0091303, 52.9051704], [21.9943617, 52.9110789], [21.9917398, 52.9196483], [22.0124882, 52.9239017], [22.0112246, 52.9276119], [22.0236005, 52.9313705], [22.0287936, 52.9384821], [22.0111942, 52.9418392], [22.0156518, 52.9446898], [22.0160264, 52.9498531], [22.004619, 52.957071], [21.9883836, 52.9574265], [21.9895175, 52.9627876], [21.9992199, 52.9621398], [22.0017652, 52.9723279], [21.9895707, 52.9734675], [21.9794684, 52.9789849], [21.9615333, 52.9791177], [21.9598727, 52.9850405], [21.9535157, 52.986664], [21.9293963, 52.9855598], [21.9194892, 52.9886207], [21.9159264, 52.9927176], [21.9065276, 52.9951173], [21.909916, 52.9984967], [21.8931799, 53.0004109], [21.8757006, 53.0163089], [21.8768897, 53.0216765], [21.8933352, 53.0276412], [21.897741, 53.0457976], [21.9113052, 53.0388095], [21.940658, 53.0379641], [21.9396841, 53.0459323], [21.9284547, 53.0439915], [21.9226419, 53.0462456], [21.9223131, 53.0503854], [21.9245554, 53.05923], [21.9411127, 53.0715106], [21.9387744, 53.0744865], [21.9185093, 53.0789217], [21.9126039, 53.0759062], [21.9138761, 53.0692597], [21.8979274, 53.0604696], [21.8717801, 53.0589586], [21.8588221, 53.0641254], [21.8603769, 53.0716721], [21.8435391, 53.0758451], [21.8387308, 53.0797882], [21.8393914, 53.0862066], [21.8181736, 53.1016815], [21.8087594, 53.1152193], [21.7787068, 53.112334], [21.7753856, 53.108983], [21.7722915, 53.1128243], [21.753, 53.1140453], [21.7361501, 53.1091964], [21.6944275, 53.1380943], [21.7003214, 53.1404612], [21.6933469, 53.1495191], [21.6995688, 53.1523182], [21.7067708, 53.1610857], [21.7071245, 53.165875], [21.6861768, 53.1781784], [21.6872774, 53.182239], [21.6795153, 53.189042], [21.6777628, 53.1939778], [21.6812268, 53.1946231], [21.6756449, 53.199434], [21.6757673, 53.2045998], [21.6687335, 53.2073063], [21.6783344, 53.2115575], [21.6810515, 53.2090016], [21.6891081, 53.2149946], [21.6783792, 53.215692], [21.6632647, 53.2289372], [21.6628688, 53.2368522], [21.6585203, 53.2431467], [21.650116, 53.2486729], [21.6401573, 53.2464237], [21.6422411, 53.2526405], [21.6227213, 53.266442], [21.6582628, 53.2618217], [21.6601394, 53.2778473], [21.6450858, 53.2834807], [21.6489534, 53.2921705], [21.6611165, 53.2949757], [21.656974, 53.2993695], [21.6644146, 53.3039769], [21.6578144, 53.3080584], [21.6581086, 53.3161247], [21.6687605, 53.316031], [21.6662334, 53.3110727], [21.6775321, 53.3124581], [21.6833129, 53.3052117], [21.6910109, 53.3080204], [21.6881555, 53.3117549], [21.6931088, 53.313829], [21.7004887, 53.3131664], [21.7012113, 53.3075838], [21.7128149, 53.3046052], [21.7247108, 53.3091725], [21.7338356, 53.3082015], [21.7354271, 53.3127282], [21.7201789, 53.3194478], [21.709308, 53.3197107], [21.7019117, 53.3268877], [21.6889066, 53.3271624], [21.6858474, 53.3295525], [21.6917655, 53.3313053], [21.6928103, 53.335764], [21.6844614, 53.3373008], [21.6697163, 53.3298902], [21.6522879, 53.3312572], [21.6536745, 53.3361772], [21.6694489, 53.3361243], [21.6684771, 53.3401417], [21.6619889, 53.3417693], [21.6542387, 53.3495005], [21.6559695, 53.3528173], [21.6814123, 53.3626621], [21.6839624, 53.3681338], [21.6543843, 53.3722353], [21.6616851, 53.3779678], [21.6564633, 53.3841588], [21.6614065, 53.3864414], [21.6502564, 53.3904066], [21.6523811, 53.397239], [21.6399471, 53.4007349], [21.6346153, 53.4083965], [21.62411, 53.4069638], [21.6276271, 53.4089662], [21.6225326, 53.4140467], [21.6292338, 53.4138399], [21.6211491, 53.4221641], [21.625112, 53.428541], [21.6073339, 53.4357164], [21.6089445, 53.4499298], [21.6036257, 53.4533826], [21.6023856, 53.4572564], [21.6047877, 53.4582036], [21.5928371, 53.4609517], [21.6145126, 53.4613597], [21.6148927, 53.4646467], [21.6029951, 53.4641981], [21.6037777, 53.4676132], [21.5981692, 53.4689298], [21.604008, 53.4698116], [21.6057879, 53.4751368], [21.5984253, 53.4766398], [21.5982107, 53.4802218], [21.6129526, 53.4808337]]]}}, {"type": "Feature", "properties": {"name": "Greater Poland Voivodeship", "country": "POL"}, "geometry": {"type": "Polygon", "coordinates": [[[19.0471201, 52.3328041], [19.0290131, 52.332093], [19.0200076, 52.3378525], [19.0053237, 52.3398436], [19.0080623, 52.3493235], [18.9993372, 52.352956], [18.9822312, 52.3565012], [18.9694492, 52.3553329], [18.9669265, 52.3612026], [18.9799909, 52.364552], [18.9735499, 52.3698985], [18.9768584, 52.3706967], [18.9753539, 52.3749988], [18.9528415, 52.3790714], [18.9445689, 52.3846574], [18.9408357, 52.3915465], [18.9316051, 52.3938284], [18.9244199, 52.3998951], [18.9208653, 52.3988323], [18.9262809, 52.3814299], [18.9300488, 52.3783011], [18.9205463, 52.3757683], [18.9102369, 52.3783151], [18.912511, 52.3662306], [18.8928797, 52.3631486], [18.8897543, 52.359487], [18.8775238, 52.3632137], [18.8555288, 52.3483889], [18.8355911, 52.3431272], [18.8277646, 52.3436984], [18.8244522, 52.3482172], [18.8191405, 52.3474209], [18.8142219, 52.3523691], [18.7804217, 52.3419621], [18.7785519, 52.3343947], [18.7722473, 52.3328446], [18.7601394, 52.3364495], [18.7612923, 52.3335178], [18.7557901, 52.3317835], [18.7511321, 52.3463201], [18.754565, 52.3613129], [18.7423895, 52.3647087], [18.7399155, 52.3735909], [18.7325454, 52.3736242], [18.7320201, 52.3803186], [18.7246184, 52.388535], [18.7183326, 52.3899899], [18.7150114, 52.3988217], [18.6794968, 52.4006776], [18.6832195, 52.4096225], [18.6770566, 52.4175626], [18.6848207, 52.4280484], [18.6700673, 52.421531], [18.6695989, 52.4241926], [18.6579868, 52.4218513], [18.6487422, 52.4394668], [18.6501786, 52.4502654], [18.6260037, 52.4556762], [18.6086892, 52.4554615], [18.6024715, 52.4638532], [18.5928522, 52.4694853], [18.5889613, 52.4615602], [18.5740619, 52.4651774], [18.5601482, 52.4633287], [18.5626983, 52.4729811], [18.5595839, 52.4841938], [18.5426502, 52.4856835], [18.5382818, 52.4812268], [18.5357458, 52.4833429], [18.5397034, 52.4909425], [18.5332197, 52.4915209], [18.5304316, 52.4940006], [18.5322724, 52.4970088], [18.5255723, 52.499454], [18.4905171, 52.5047734], [18.4855412, 52.5028181], [18.486312, 52.498112], [18.4725292, 52.4894842], [18.4621865, 52.4904586], [18.4669187, 52.4816314], [18.4634626, 52.4765809], [18.441047, 52.4807366], [18.4228983, 52.4795256], [18.4196612, 52.473178], [18.4049872, 52.4728475], [18.403478, 52.4703376], [18.3999584, 52.4741102], [18.3900572, 52.4705644], [18.3844396, 52.4750953], [18.3870145, 52.4849207], [18.3758809, 52.5038576], [18.3832787, 52.5224091], [18.38803, 52.5268696], [18.3846855, 52.5297373], [18.3859491, 52.5319721], [18.3771504, 52.5374638], [18.3524739, 52.5433603], [18.3399254, 52.5374735], [18.3400202, 52.5303265], [18.3452325, 52.5217407], [18.2988884, 52.4991895], [18.2755411, 52.4914214], [18.2601806, 52.4811603], [18.2413762, 52.4880022], [18.220291, 52.4827111], [18.2045789, 52.4831702], [18.2001602, 52.4863138], [18.2026002, 52.500637], [18.1987083, 52.5047946], [18.1829124, 52.5036887], [18.1546163, 52.5095076], [18.1360942, 52.5049813], [18.1249844, 52.5071207], [18.1241804, 52.5163529], [18.1063022, 52.5137529], [18.0902488, 52.5205171], [18.0917707, 52.5316521], [18.1000689, 52.5331178], [18.1011987, 52.5370405], [18.1068187, 52.5385449], [18.1053822, 52.5445077], [18.0953974, 52.5531214], [18.0644486, 52.5517493], [18.0626745, 52.5475595], [18.0589472, 52.5477318], [18.0595917, 52.5427378], [18.0226916, 52.5550335], [18.002569, 52.5549735], [17.9982273, 52.5503981], [17.9982482, 52.5421095], [17.9945001, 52.5414763], [17.987369, 52.5431467], [17.9900755, 52.5498416], [17.9854095, 52.5553838], [17.9915586, 52.5638106], [17.9864627, 52.5776031], [17.9835691, 52.5643256], [17.9811409, 52.5645391], [17.9824846, 52.5671195], [17.9762526, 52.5676945], [17.9741996, 52.563071], [17.964703, 52.5652788], [17.9720903, 52.5672988], [17.9702199, 52.5755177], [17.9596931, 52.5753399], [17.960115, 52.5699525], [17.9462556, 52.5687014], [17.9464347, 52.5782193], [17.932518, 52.5825502], [17.9367095, 52.5870181], [17.9336414, 52.5876989], [17.9285902, 52.5834388], [17.932721, 52.5711931], [17.9163766, 52.5756212], [17.9181247, 52.5804162], [17.9004438, 52.586407], [17.9075956, 52.5932197], [17.9160315, 52.5947889], [17.9210001, 52.5982757], [17.9077528, 52.5951282], [17.9089957, 52.6081017], [17.9154941, 52.6125276], [17.9013845, 52.6116237], [17.8764852, 52.6285714], [17.8768346, 52.6338769], [17.8446317, 52.6281816], [17.8254991, 52.6345327], [17.828852, 52.6364415], [17.8270069, 52.6426252], [17.8182043, 52.6408682], [17.8136474, 52.6445594], [17.785646, 52.6516146], [17.7802789, 52.6485613], [17.7780731, 52.6369087], [17.7609972, 52.6341859], [17.7599651, 52.6394228], [17.7665444, 52.6385065], [17.7604515, 52.6494941], [17.765301, 52.6555966], [17.7609241, 52.6569327], [17.7495648, 52.6512044], [17.7358896, 52.6503485], [17.7156779, 52.6396711], [17.7238166, 52.6330976], [17.7445496, 52.6424873], [17.7491129, 52.6325036], [17.7136225, 52.6149687], [17.7039926, 52.6038391], [17.6993885, 52.6098227], [17.7047201, 52.6127621], [17.7032964, 52.6162605], [17.6897266, 52.6021202], [17.6780621, 52.6023977], [17.6748956, 52.6159555], [17.6823857, 52.6250614], [17.675394, 52.6401999], [17.6815962, 52.6507039], [17.6465348, 52.6448043], [17.6381473, 52.6485471], [17.634517, 52.6471256], [17.6351483, 52.650707], [17.6303251, 52.6549218], [17.6387908, 52.6638368], [17.6360121, 52.6712804], [17.6303666, 52.67318], [17.6310219, 52.6782286], [17.6477242, 52.6904315], [17.6403786, 52.6923787], [17.6276354, 52.70818], [17.6140184, 52.7029716], [17.579077, 52.7050002], [17.5778991, 52.6945352], [17.5743746, 52.6916573], [17.5669007, 52.6928543], [17.5574294, 52.6881721], [17.5461364, 52.6908909], [17.5273101, 52.6814607], [17.5236103, 52.6781221], [17.5244726, 52.6725297], [17.5061474, 52.6731457], [17.5007865, 52.6847422], [17.4897441, 52.6843659], [17.4851868, 52.6887979], [17.4821256, 52.6877963], [17.4846538, 52.6820012], [17.4672015, 52.680384], [17.4717777, 52.6856958], [17.4750046, 52.7045447], [17.4778607, 52.706757], [17.4952735, 52.7039381], [17.500424, 52.7086595], [17.5002675, 52.7111076], [17.4800646, 52.7114493], [17.4802852, 52.7163271], [17.4874753, 52.7212529], [17.4892723, 52.7281021], [17.4692521, 52.7335923], [17.4706176, 52.7371843], [17.4585227, 52.7389479], [17.4390536, 52.7504387], [17.4187475, 52.7512701], [17.4157775, 52.7558386], [17.4043654, 52.7567183], [17.4096728, 52.7570469], [17.4078471, 52.7618044], [17.4142865, 52.7624477], [17.4138609, 52.7667292], [17.422518, 52.7666043], [17.4081165, 52.771485], [17.4130388, 52.7775418], [17.4107468, 52.7852505], [17.4270086, 52.7863072], [17.4325009, 52.783911], [17.4430585, 52.7878505], [17.4528332, 52.7972304], [17.4602958, 52.790743], [17.4604109, 52.7867611], [17.4982122, 52.7849175], [17.5033421, 52.7867256], [17.5098324, 52.7958131], [17.5053575, 52.7985847], [17.5070785, 52.8010952], [17.504503, 52.8040637], [17.5132042, 52.8095585], [17.5140223, 52.8181761], [17.5209605, 52.8215265], [17.5196704, 52.8269395], [17.5123356, 52.8318058], [17.5158053, 52.8388202], [17.5133298, 52.8548839], [17.5271481, 52.8581814], [17.5232778, 52.8740556], [17.528441, 52.8848029], [17.5182567, 52.8857274], [17.519, 52.8968238], [17.5095826, 52.9177682], [17.5186518, 52.928045], [17.4983485, 52.9324693], [17.4912583, 52.9457837], [17.4853953, 52.949986], [17.4699273, 52.9483135], [17.4580624, 52.9505858], [17.4256401, 52.9675789], [17.4110324, 52.9710021], [17.3947822, 52.9823334], [17.3685957, 52.973261], [17.3169189, 52.9740437], [17.3170029, 52.9899736], [17.3015565, 52.9948032], [17.3154168, 53.019142], [17.3334059, 53.0191223], [17.3366944, 53.0427421], [17.3306278, 53.0512214], [17.3239495, 53.0782637], [17.3344961, 53.0774298], [17.3571521, 53.0872049], [17.3609444, 53.117441], [17.3596283, 53.1241123], [17.3569949, 53.1239071], [17.3526047, 53.1311187], [17.3870634, 53.1337421], [17.3871064, 53.1375908], [17.3928022, 53.1419569], [17.3741166, 53.1485642], [17.3513179, 53.1510301], [17.353127, 53.1547713], [17.3352514, 53.1554321], [17.3468279, 53.1634471], [17.3369026, 53.1714907], [17.3352399, 53.1794906], [17.347128, 53.1962625], [17.3443091, 53.1977888], [17.3457576, 53.2010926], [17.3342867, 53.208502], [17.3211305, 53.2114723], [17.321557, 53.2162727], [17.3320872, 53.214584], [17.3319509, 53.2177871], [17.363704, 53.2233523], [17.3688987, 53.2267682], [17.4092078, 53.2272528], [17.417279, 53.2309366], [17.4126628, 53.2414132], [17.4279069, 53.246423], [17.4183091, 53.2533691], [17.4387932, 53.2675148], [17.4201211, 53.2833478], [17.41054, 53.2871182], [17.407105, 53.2816655], [17.3953741, 53.2884199], [17.3923288, 53.2909358], [17.4013897, 53.2936422], [17.3882965, 53.2981884], [17.3846765, 53.3069539], [17.3806043, 53.3059941], [17.3788287, 53.3118319], [17.3550069, 53.3209926], [17.3534417, 53.3239101], [17.3577544, 53.3273171], [17.3545764, 53.3334594], [17.3421435, 53.3371712], [17.3381565, 53.3476822], [17.3252379, 53.3471596], [17.2572409, 53.3633914], [17.2575261, 53.3665089], [17.2472903, 53.3749929], [17.2480552, 53.3802861], [17.2585057, 53.3808176], [17.2671813, 53.3885043], [17.2895866, 53.3969409], [17.2959957, 53.4037261], [17.2939554, 53.412088], [17.2901327, 53.4149567], [17.2946506, 53.4217644], [17.3287803, 53.4351129], [17.3368732, 53.4425826], [17.3347586, 53.4450394], [17.339963, 53.4479267], [17.3388576, 53.4497695], [17.3444212, 53.44983], [17.3459295, 53.4534281], [17.3628985, 53.4585272], [17.3733463, 53.466984], [17.3824878, 53.4685956], [17.394055, 53.4903003], [17.3870395, 53.4910986], [17.3863701, 53.4967106], [17.3733008, 53.4947151], [17.3631233, 53.4972486], [17.3507778, 53.4934806], [17.3412388, 53.4953429], [17.3365071, 53.4977341], [17.338795, 53.5025075], [17.3266551, 53.5026513], [17.3244743, 53.5129722], [17.3050575, 53.5129152], [17.3100282, 53.5242471], [17.3050022, 53.5284488], [17.2958432, 53.5245806], [17.2712076, 53.5372847], [17.2445435, 53.5312309], [17.2084107, 53.536361], [17.197095, 53.5323178], [17.1834589, 53.534492], [17.1610569, 53.5278333], [17.1318293, 53.5364559], [17.1178059, 53.5364511], [17.1011943, 53.5425009], [17.0897819, 53.542727], [17.0585094, 53.5204263], [17.0324686, 53.5155366], [17.0123279, 53.5200377], [16.9996048, 53.5180306], [17.0006473, 53.5250558], [16.9898037, 53.527], [16.9925519, 53.5270244], [16.9930159, 53.5315684], [17.0064521, 53.5346264], [17.0007007, 53.552022], [16.9813239, 53.5560015], [16.9527964, 53.5419891], [16.9503956, 53.5572599], [16.9388152, 53.5724414], [16.9410748, 53.5836772], [16.931354, 53.5878835], [16.9098293, 53.6129303], [16.8966601, 53.6211399], [16.901523, 53.6259559], [16.8943282, 53.628133], [16.8988887, 53.6339146], [16.8922455, 53.655871], [16.8696921, 53.6476385], [16.8665919, 53.6503587], [16.8534865, 53.6384743], [16.855364, 53.6322612], [16.849118, 53.6272502], [16.8411496, 53.6258004], [16.8258522, 53.6432094], [16.813397, 53.6399325], [16.8162827, 53.6340335], [16.8138823, 53.6306819], [16.7583681, 53.624088], [16.7628283, 53.618115], [16.7538232, 53.6107326], [16.7494552, 53.6009192], [16.7405926, 53.5988408], [16.7440414, 53.5960073], [16.7380383, 53.588436], [16.7464438, 53.5756683], [16.7403277, 53.5667676], [16.727708, 53.5672537], [16.7254983, 53.5606123], [16.7273503, 53.5552395], [16.718547, 53.5436598], [16.7169072, 53.5341574], [16.7298168, 53.529281], [16.7205178, 53.5261425], [16.7218961, 53.5221993], [16.7105676, 53.5160497], [16.7007914, 53.5148753], [16.6952124, 53.5180045], [16.652079, 53.4870526], [16.6417486, 53.4841724], [16.5844148, 53.4836939], [16.5803229, 53.478747], [16.5322622, 53.4782923], [16.4900927, 53.4702891], [16.4824226, 53.476652], [16.4544722, 53.4884739], [16.4362487, 53.4605548], [16.4478686, 53.4572035], [16.4506527, 53.4605409], [16.4639047, 53.4598116], [16.4599328, 53.4526502], [16.4438447, 53.4530589], [16.466588, 53.404063], [16.472453, 53.4049482], [16.4772198, 53.3973792], [16.4753208, 53.3877638], [16.4915223, 53.3826531], [16.4872163, 53.388011], [16.4961995, 53.3832731], [16.4994661, 53.3850886], [16.5054054, 53.3827417], [16.5100826, 53.3796418], [16.508375, 53.3760988], [16.5253762, 53.3672844], [16.5354719, 53.3782651], [16.543434, 53.369052], [16.5414761, 53.3663197], [16.5466087, 53.3665697], [16.5454565, 53.3635227], [16.5512175, 53.3564902], [16.5625974, 53.352976], [16.5719853, 53.3585128], [16.585095, 53.3466757], [16.6285436, 53.3475905], [16.6316407, 53.3429893], [16.6290166, 53.3393344], [16.6384362, 53.3355532], [16.6369174, 53.3283288], [16.6453962, 53.3286601], [16.6540731, 53.3251697], [16.6567533, 53.3208423], [16.6700236, 53.3178912], [16.6782416, 53.3196373], [16.6821732, 53.3167587], [16.6809992, 53.3118314], [16.6859518, 53.307807], [16.6955812, 53.3063847], [16.6972995, 53.3009381], [16.7054615, 53.3035387], [16.713306, 53.3017082], [16.7138335, 53.2989782], [16.673721, 53.2922235], [16.6618378, 53.2785553], [16.6513597, 53.2807798], [16.6508571, 53.2756262], [16.6608549, 53.2668835], [16.6455924, 53.2678873], [16.6300393, 53.2600092], [16.644597, 53.2555524], [16.6293667, 53.2493801], [16.6222437, 53.2408762], [16.6206659, 53.2335967], [16.6324796, 53.2337804], [16.6345301, 53.2278163], [16.6250449, 53.2264464], [16.6383243, 53.2149773], [16.6299224, 53.2183722], [16.6202212, 53.2135341], [16.6256585, 53.2085802], [16.6207379, 53.2062722], [16.6095561, 53.2087058], [16.5964561, 53.2176034], [16.6004188, 53.2228078], [16.5960683, 53.2296979], [16.5795412, 53.2270547], [16.5769301, 53.2313232], [16.569341, 53.2298498], [16.5593652, 53.2331568], [16.5565519, 53.2297995], [16.5585767, 53.2290435], [16.5506679, 53.2233426], [16.5564188, 53.2212896], [16.5450522, 53.2171706], [16.535688, 53.2200898], [16.5289694, 53.2154505], [16.5308543, 53.2069339], [16.5396482, 53.201419], [16.5278998, 53.199717], [16.5205328, 53.1858019], [16.5129985, 53.1849029], [16.5156829, 53.1817189], [16.5102383, 53.1823058], [16.5058798, 53.1778364], [16.5077929, 53.1762174], [16.501091, 53.1726615], [16.4995193, 53.1632982], [16.483843, 53.1641787], [16.4764994, 53.1702831], [16.47243, 53.1698302], [16.44937, 53.159838], [16.445555, 53.1620952], [16.4471225, 53.1550435], [16.4325402, 53.1563783], [16.4247716, 53.1486454], [16.4166517, 53.1488713], [16.4164669, 53.1522477], [16.4112364, 53.1542464], [16.4127758, 53.155791], [16.4053171, 53.1585106], [16.4113565, 53.1611845], [16.4095179, 53.1636347], [16.3991796, 53.1636597], [16.401753, 53.1604748], [16.3915686, 53.1577758], [16.3983465, 53.148381], [16.3914906, 53.1409206], [16.3905264, 53.130953], [16.3752989, 53.1266354], [16.3723912, 53.1283997], [16.3630094, 53.1230055], [16.3668112, 53.1211819], [16.3599759, 53.1144064], [16.3460106, 53.1123816], [16.3592561, 53.0934891], [16.3641426, 53.0779887], [16.3241954, 53.049658], [16.312827, 53.0496542], [16.3103551, 53.0452855], [16.317301, 53.0439487], [16.3168874, 53.0367049], [16.2948681, 53.0381293], [16.2859819, 53.0410268], [16.2879927, 53.0442125], [16.2709279, 53.0491515], [16.2285864, 53.0393275], [16.1863359, 53.0341072], [16.1430315, 53.0154961], [16.1250683, 53.0118425], [16.0735151, 53.0162033], [16.0238398, 53.0355208], [16.010057, 53.033693], [15.9566504, 53.0410701], [15.9542146, 53.0377079], [15.9565404, 53.0375748], [15.9516018, 53.0343982], [15.9570846, 53.0319178], [15.9556837, 53.0252006], [15.9579075, 53.0228847], [15.9546243, 53.0172794], [15.9586745, 53.01426], [15.9540261, 53.013029], [15.9566858, 53.0116285], [15.9558024, 53.0081087], [15.949449, 52.9985263], [15.9537065, 52.9935629], [15.9509812, 52.9912144], [15.9553723, 52.9886375], [15.9512538, 52.9855642], [15.9551884, 52.9822523], [15.9515088, 52.9808414], [15.9564024, 52.9759888], [15.9459849, 52.9713018], [15.9613991, 52.9707707], [15.9587117, 52.9643], [15.9620374, 52.9631911], [15.9605449, 52.9560957], [15.9787712, 52.937153], [15.9797582, 52.9337057], [15.9722327, 52.9289033], [15.9778108, 52.9220849], [15.9795132, 52.9089626], [15.9763261, 52.9100492], [15.9721088, 52.9048108], [15.9745572, 52.9018891], [15.9672904, 52.8999659], [15.9739437, 52.8947745], [15.9719196, 52.8925554], [15.9780055, 52.8861355], [15.9760424, 52.883818], [15.9793048, 52.8776314], [15.9756475, 52.8729729], [15.9632573, 52.8741236], [15.9613828, 52.8692987], [15.9715308, 52.8668521], [15.9740905, 52.8590336], [15.9630911, 52.8570798], [15.969964, 52.8538402], [15.9470532, 52.8543282], [15.9518737, 52.8430221], [15.9229998, 52.8309916], [15.9186075, 52.8410554], [15.9023854, 52.8357801], [15.904396, 52.8261991], [15.8949286, 52.825611], [15.897583, 52.8212268], [15.8936731, 52.8122978], [15.9039536, 52.8061459], [15.9116514, 52.8064668], [15.9117399, 52.8036854], [15.9340384, 52.8038569], [15.938461, 52.7860834], [15.9259852, 52.7839964], [15.9272613, 52.7784258], [15.9384676, 52.7681496], [15.9364454, 52.7661409], [15.9395292, 52.761797], [15.9488951, 52.7558376], [15.9455684, 52.7513736], [15.9485236, 52.7445646], [15.9454839, 52.7302068], [15.9200998, 52.7232849], [15.905551, 52.7141689], [15.8859668, 52.7151046], [15.8368867, 52.7063135], [15.7947572, 52.7085669], [15.793275, 52.7069276], [15.800453, 52.6951312], [15.8127327, 52.6796239], [15.8141467, 52.6678502], [15.7932898, 52.6649385], [15.785828, 52.6675356], [15.776287, 52.6378939], [15.7956384, 52.636364], [15.79395, 52.6273976], [15.8003417, 52.6245426], [15.7994976, 52.6224195], [15.786292, 52.621907], [15.7844831, 52.6185758], [15.7959981, 52.6057077], [15.8059323, 52.6044422], [15.8069735, 52.5967038], [15.8105977, 52.5942174], [15.8319613, 52.5861393], [15.836131, 52.587187], [15.828473, 52.582644], [15.8299201, 52.5779174], [15.826061, 52.575792], [15.8246731, 52.5671449], [15.8433065, 52.5595922], [15.8420403, 52.5554496], [15.8561503, 52.5488501], [15.8586938, 52.5443233], [15.8349942, 52.5292669], [15.8631631, 52.5104359], [15.8769778, 52.5110068], [15.8760397, 52.5065432], [15.8699852, 52.5039479], [15.8725434, 52.5017677], [15.8676827, 52.5024945], [15.8850867, 52.4881693], [15.8844949, 52.4831935], [15.8911676, 52.4753188], [15.8928131, 52.4681337], [15.8857243, 52.4647801], [15.8788435, 52.4724325], [15.8776753, 52.4695082], [15.8797716, 52.4653846], [15.8926467, 52.4604686], [15.8959494, 52.4490227], [15.8987056, 52.4492901], [15.8752663, 52.4426732], [15.8785598, 52.4374348], [15.8688766, 52.4349707], [15.8615554, 52.4402285], [15.8566109, 52.4394198], [15.8563697, 52.4327293], [15.8532342, 52.4316264], [15.8314812, 52.4353925], [15.8344302, 52.4382924], [15.8317231, 52.4394367], [15.8333297, 52.4443546], [15.825756, 52.4547155], [15.8248936, 52.4499315], [15.804366, 52.444721], [15.807045, 52.4360379], [15.838883, 52.4120631], [15.8435794, 52.4029053], [15.8611703, 52.4027165], [15.8702948, 52.3965768], [15.8965597, 52.3941311], [15.9007383, 52.3861166], [15.9003119, 52.3825773], [15.8881674, 52.3720047], [15.8908233, 52.3712064], [15.8882716, 52.366591], [15.8903404, 52.3533952], [15.8809825, 52.3505414], [15.8813806, 52.3426359], [15.8879469, 52.3336741], [15.8823903, 52.3269765], [15.8876987, 52.3227399], [15.8921889, 52.310684], [15.8898976, 52.3075503], [15.8819381, 52.3087669], [15.8838074, 52.3043795], [15.8783804, 52.2944232], [15.8814212, 52.2841793], [15.8704887, 52.28083], [15.8711588, 52.2774909], [15.8660343, 52.2721163], [15.8525436, 52.2623092], [15.8549268, 52.2611197], [15.8512792, 52.2556372], [15.8575518, 52.2481425], [15.8608515, 52.2273711], [15.8495047, 52.2132902], [15.8612121, 52.1978548], [15.8581135, 52.1876907], [15.8621195, 52.1774193], [15.8581419, 52.1741049], [15.8584166, 52.1690141], [15.8830847, 52.1628462], [15.8809569, 52.1562218], [15.88355, 52.1548784], [15.8749767, 52.1304718], [15.8567849, 52.1239919], [15.8553864, 52.1168827], [15.8332961, 52.111123], [15.8341412, 52.108479], [15.8603406, 52.08647], [15.8778311, 52.0879665], [15.891338, 52.0834722], [15.8978737, 52.0768238], [15.9244475, 52.0674756], [15.9324315, 52.0876401], [15.9460906, 52.0877381], [15.9674633, 52.0819485], [15.9722201, 52.077492], [15.9697419, 52.0754157], [15.985992, 52.070017], [15.9892082, 52.0610736], [16.0028138, 52.0579727], [16.0055273, 52.0542827], [15.9917063, 52.0503824], [15.9892907, 52.0457191], [15.9944481, 52.0351801], [15.9643437, 52.0338585], [15.9667221, 52.0295623], [15.9648909, 52.0186244], [15.9719257, 51.9996631], [15.9796647, 51.9995841], [15.9835949, 51.9951592], [15.989761, 51.9964688], [15.9854607, 52.0038797], [15.9880267, 52.0039008], [16.0056793, 51.9931276], [16.0100257, 51.9814895], [16.0606447, 51.9771582], [16.1060472, 51.9968269], [16.1227466, 51.9930872], [16.1278201, 51.9772749], [16.1302548, 51.9789536], [16.1333568, 51.9723394], [16.1309491, 51.9718226], [16.1373294, 51.9543659], [16.1239669, 51.9514368], [16.1305857, 51.9436696], [16.1262773, 51.9407846], [16.1310032, 51.940436], [16.1261665, 51.9338962], [16.1269616, 51.9315582], [16.1340952, 51.9319468], [16.1381734, 51.9254696], [16.1253187, 51.9198096], [16.13243, 51.9200363], [16.1331347, 51.9169898], [16.1183391, 51.9133654], [16.1087116, 51.9036069], [16.0997415, 51.90313], [16.1017504, 51.896257], [16.0982159, 51.8959455], [16.0989702, 51.8934855], [16.1231734, 51.8964497], [16.1616475, 51.8924405], [16.1723028, 51.8834213], [16.1879505, 51.8812502], [16.1857463, 51.8846638], [16.1928888, 51.885077], [16.2001604, 51.8719599], [16.2147897, 51.8697462], [16.239593, 51.88376], [16.2459028, 51.8914386], [16.2481425, 51.9007383], [16.2536765, 51.8993776], [16.2557684, 51.9022329], [16.2574138, 51.8975474], [16.2690595, 51.8979997], [16.27274, 51.8950875], [16.2788794, 51.8999922], [16.2869301, 51.9002602], [16.2925643, 51.8948842], [16.3125821, 51.8864365], [16.3516394, 51.8806114], [16.3444704, 51.8732766], [16.3374966, 51.8745126], [16.3350054, 51.8712284], [16.3415049, 51.8697008], [16.3575821, 51.8574241], [16.3726454, 51.8539044], [16.3870767, 51.8463273], [16.3794839, 51.8390021], [16.4007002, 51.8378931], [16.400616, 51.8306554], [16.3938788, 51.8197041], [16.4009116, 51.8140338], [16.401915, 51.8047508], [16.3880461, 51.7943275], [16.3937115, 51.7864464], [16.40147, 51.7900215], [16.4092586, 51.7844759], [16.4488782, 51.7880111], [16.4924051, 51.7814021], [16.5404733, 51.7814929], [16.5452911, 51.7800726], [16.5418896, 51.7761329], [16.5440538, 51.774003], [16.5408625, 51.7663031], [16.5766887, 51.7685905], [16.5798208, 51.7658526], [16.5806268, 51.7521137], [16.5830272, 51.7507759], [16.5946774, 51.7505025], [16.6063522, 51.7448433], [16.6351765, 51.7490769], [16.6441185, 51.7458991], [16.6475171, 51.7428647], [16.6393968, 51.7324346], [16.6457994, 51.7292451], [16.6450268, 51.721892], [16.6633507, 51.7120111], [16.6823013, 51.7079126], [16.6824785, 51.705027], [16.680297, 51.6986778], [16.6756177, 51.697734], [16.6763369, 51.6921713], [16.6637952, 51.6987762], [16.6594671, 51.69676], [16.6616867, 51.6942764], [16.6575543, 51.6892292], [16.6637138, 51.688573], [16.6420164, 51.6834651], [16.6387876, 51.6778598], [16.6387704, 51.6679281], [16.643248, 51.6607232], [16.6636756, 51.6562981], [16.6828959, 51.6567002], [16.6850008, 51.6559243], [16.6802386, 51.6506179], [16.6814052, 51.6469456], [16.7154186, 51.6486046], [16.7275563, 51.6474633], [16.7282697, 51.6430808], [16.731667, 51.642641], [16.769115, 51.6446536], [16.7834784, 51.6409872], [16.7764363, 51.6313335], [16.7660649, 51.6277251], [16.7720471, 51.6136027], [16.7842537, 51.6107191], [16.8026381, 51.6008125], [16.7954111, 51.5996237], [16.7927564, 51.5905186], [16.8155736, 51.5847438], [16.8193318, 51.5776572], [16.8283719, 51.572188], [16.831938, 51.5759476], [16.8511456, 51.5799909], [16.8901708, 51.5802651], [16.9017654, 51.5739893], [16.9155637, 51.5586521], [16.9278897, 51.5524243], [16.9581779, 51.5525025], [16.9645943, 51.5491993], [16.9630267, 51.5445429], [16.9719178, 51.5435761], [16.9751167, 51.5478156], [16.9786827, 51.544841], [16.9816851, 51.5509425], [17.0070544, 51.5493433], [17.0115827, 51.5544531], [17.0460556, 51.5559655], [17.0537984, 51.5451959], [17.0597987, 51.5456605], [17.0593447, 51.5517308], [17.0692408, 51.5524959], [17.0701705, 51.5550563], [17.064652, 51.5663669], [17.1085194, 51.5760663], [17.1254989, 51.5653176], [17.1708348, 51.5698008], [17.1880039, 51.5764921], [17.1992034, 51.5745027], [17.2029418, 51.5677754], [17.2065489, 51.5670384], [17.2146738, 51.57385], [17.2144687, 51.5855515], [17.2107446, 51.5896881], [17.2154678, 51.5939209], [17.2154866, 51.5993223], [17.2097741, 51.6026671], [17.2082686, 51.6110852], [17.2123344, 51.6154041], [17.2154744, 51.6295586], [17.2291851, 51.6298766], [17.2266684, 51.6332845], [17.2337499, 51.6340979], [17.2411668, 51.6335937], [17.2391016, 51.6302596], [17.2421518, 51.6297072], [17.2416774, 51.6370524], [17.2493234, 51.6404994], [17.2603945, 51.6404112], [17.259147, 51.6431496], [17.3301072, 51.647915], [17.4116945, 51.6311601], [17.4382184, 51.6329272], [17.4596092, 51.6263666], [17.4710049, 51.6261738], [17.4864087, 51.6168129], [17.4986518, 51.6159327], [17.503621, 51.6092841], [17.5212717, 51.6057023], [17.5185451, 51.6020739], [17.5217604, 51.5901072], [17.5557783, 51.5845527], [17.5546009, 51.5785225], [17.5602133, 51.5749054], [17.560121, 51.570406], [17.5723598, 51.5667663], [17.5719041, 51.5551768], [17.5762886, 51.5396092], [17.5727336, 51.5298804], [17.5543114, 51.5174893], [17.5355347, 51.5161564], [17.5330199, 51.5133053], [17.5216026, 51.5145809], [17.5200403, 51.5111447], [17.5146314, 51.5109811], [17.51216, 51.5055043], [17.5139804, 51.5015482], [17.5263849, 51.4999172], [17.5242216, 51.4943853], [17.5195248, 51.4933256], [17.5160551, 51.4881213], [17.5234096, 51.4848472], [17.5200474, 51.4760451], [17.5215614, 51.4726379], [17.529045, 51.469807], [17.5206682, 51.4623187], [17.5476308, 51.4435902], [17.5519512, 51.4351728], [17.5405657, 51.4212831], [17.5485133, 51.41895], [17.5543143, 51.4105266], [17.5700603, 51.4051234], [17.5848593, 51.4096429], [17.6039003, 51.4093683], [17.6128974, 51.4229934], [17.6265752, 51.4190709], [17.6308763, 51.4234556], [17.6381856, 51.4238584], [17.6567936, 51.4111762], [17.6611025, 51.4099828], [17.6683263, 51.4159778], [17.6728823, 51.415219], [17.6880624, 51.4078188], [17.6867948, 51.4053879], [17.7030739, 51.3994918], [17.7186562, 51.4031808], [17.7140878, 51.4185266], [17.7186103, 51.4226232], [17.7484834, 51.4146438], [17.7456111, 51.4126502], [17.7557415, 51.4040246], [17.7524411, 51.3986214], [17.7363781, 51.399991], [17.7375099, 51.3948849], [17.7290877, 51.3957017], [17.7329443, 51.3872769], [17.7199946, 51.386145], [17.7154605, 51.3714311], [17.7060616, 51.3716671], [17.7041819, 51.3667784], [17.7099698, 51.3635114], [17.7076398, 51.3604432], [17.7097787, 51.3589188], [17.7229645, 51.359371], [17.7329413, 51.3493579], [17.7436482, 51.3465022], [17.7396162, 51.3428701], [17.7442637, 51.3364012], [17.7437659, 51.3286879], [17.7649958, 51.3163879], [17.7559063, 51.3112917], [17.7644055, 51.3058877], [17.7601422, 51.3022906], [17.7664853, 51.3007407], [17.7503169, 51.2906935], [17.7473008, 51.2860081], [17.7522216, 51.2835615], [17.7516144, 51.2811994], [17.7381603, 51.2757152], [17.7493419, 51.2701054], [17.7429333, 51.2572977], [17.7458579, 51.249784], [17.7439584, 51.2430202], [17.7555148, 51.2331878], [17.7566525, 51.216326], [17.7765123, 51.1982048], [17.8108464, 51.190057], [17.8119079, 51.1867527], [17.82584, 51.1945685], [17.8425473, 51.1890109], [17.8479614, 51.1837891], [17.8513287, 51.1720368], [17.8322739, 51.1386166], [17.8131086, 51.1379041], [17.8121984, 51.1324307], [17.816925, 51.1323439], [17.8224593, 51.1183355], [17.8474918, 51.1171252], [17.8520276, 51.1119866], [17.8614696, 51.1150232], [17.8674611, 51.1109226], [17.8757394, 51.111781], [17.880279, 51.1053021], [17.8852901, 51.1037896], [17.9224394, 51.1139855], [17.925482, 51.1110226], [17.9315666, 51.1133985], [17.9393744, 51.1089067], [18.0393515, 51.1310329], [18.0595856, 51.1416352], [18.0732615, 51.1448312], [18.0754779, 51.146949], [18.0678864, 51.1495084], [18.0817827, 51.154543], [18.0699704, 51.156413], [18.0781671, 51.166173], [18.0937736, 51.1566195], [18.1020629, 51.1587456], [18.1044924, 51.1533995], [18.1242972, 51.1685249], [18.1610946, 51.1746842], [18.163694, 51.1725154], [18.1687236, 51.1786719], [18.1668865, 51.1824492], [18.1762451, 51.1914847], [18.1622529, 51.1925194], [18.162143, 51.2056475], [18.1652072, 51.2123401], [18.1701653, 51.2121849], [18.1803573, 51.2232719], [18.1754706, 51.2281884], [18.1751273, 51.2383422], [18.1671394, 51.2426482], [18.1676081, 51.2554598], [18.1721967, 51.2629619], [18.1693645, 51.2678177], [18.1725803, 51.2689152], [18.1692067, 51.2717349], [18.1508234, 51.2731758], [18.1532967, 51.2640229], [18.1380599, 51.2641302], [18.1366216, 51.2697531], [18.1267347, 51.2689047], [18.1228668, 51.2641987], [18.117925, 51.2653735], [18.1177146, 51.2612091], [18.1099882, 51.2602513], [18.1068387, 51.2628599], [18.1034838, 51.268118], [18.1169263, 51.277492], [18.1031153, 51.2804314], [18.1062818, 51.2818902], [18.1049796, 51.2855354], [18.120117, 51.286581], [18.1098157, 51.2931295], [18.1136342, 51.2971012], [18.108876, 51.3068893], [18.1129326, 51.3107784], [18.0925155, 51.3255139], [18.093408, 51.341134], [18.0748957, 51.3504181], [18.0987805, 51.3620517], [18.1265964, 51.3575979], [18.1297389, 51.3621581], [18.1350899, 51.3608361], [18.1379989, 51.3778322], [18.1492058, 51.3914473], [18.1929131, 51.3877943], [18.1965328, 51.395494], [18.2001018, 51.3952852], [18.2068747, 51.4019716], [18.2083652, 51.4061082], [18.2039483, 51.4167402], [18.2104582, 51.4202813], [18.21096, 51.4254405], [18.2077481, 51.4266921], [18.2064863, 51.4328518], [18.1991304, 51.4339334], [18.1882584, 51.4412281], [18.2157716, 51.4476556], [18.2114991, 51.4518998], [18.2127546, 51.4543399], [18.2290855, 51.451548], [18.2554151, 51.4388433], [18.3262874, 51.4198821], [18.34049, 51.4300941], [18.3407515, 51.4410938], [18.3515768, 51.4499335], [18.3573992, 51.4604924], [18.3580145, 51.4665915], [18.3518096, 51.4698493], [18.3616915, 51.4680673], [18.3829844, 51.4771815], [18.3801941, 51.5182961], [18.3606549, 51.531428], [18.3583442, 51.536286], [18.3595828, 51.5404052], [18.3737366, 51.5478893], [18.3680667, 51.549592], [18.36927, 51.5557247], [18.3646591, 51.5643902], [18.3725097, 51.5772144], [18.370317, 51.5908846], [18.3784438, 51.5923537], [18.3766434, 51.6000215], [18.3484964, 51.6013201], [18.3525414, 51.6071651], [18.3684071, 51.6170125], [18.3649904, 51.6238964], [18.3500917, 51.6268573], [18.3530406, 51.6335036], [18.3702382, 51.6344718], [18.3746064, 51.6375686], [18.3816287, 51.6509677], [18.3555652, 51.6607128], [18.3628364, 51.6805195], [18.3798856, 51.6843492], [18.3788252, 51.6892492], [18.3852938, 51.6945629], [18.3969502, 51.6957627], [18.393067, 51.7013737], [18.4118013, 51.7005287], [18.4138786, 51.7046955], [18.4097131, 51.7060033], [18.4105278, 51.7163272], [18.4010291, 51.7238215], [18.4207999, 51.7267934], [18.4234614, 51.7359493], [18.4155771, 51.7454176], [18.4050185, 51.7466091], [18.4030271, 51.7506233], [18.4173938, 51.7487252], [18.4218044, 51.7581306], [18.4302165, 51.7573764], [18.4325619, 51.7651782], [18.4294629, 51.7734463], [18.4093043, 51.7916689], [18.4243189, 51.7928008], [18.4243962, 51.8006184], [18.4290896, 51.8015681], [18.4260059, 51.7924132], [18.4368759, 51.7936169], [18.4374267, 51.7976803], [18.4442735, 51.7984948], [18.4392553, 51.8248218], [18.4413773, 51.8264729], [18.4719181, 51.8198968], [18.4670116, 51.8295502], [18.4626894, 51.8297763], [18.4670985, 51.8317235], [18.4644002, 51.8377831], [18.4713048, 51.8411106], [18.4686234, 51.8447939], [18.4719653, 51.8510057], [18.4863273, 51.849094], [18.5066139, 51.8540006], [18.5098698, 51.8504259], [18.5097477, 51.8409896], [18.5149684, 51.8339327], [18.5338931, 51.8356417], [18.5344557, 51.8414079], [18.5494522, 51.8451742], [18.5688337, 51.8440692], [18.5947952, 51.8481578], [18.6133113, 51.8345896], [18.6302756, 51.8306805], [18.6422133, 51.8339268], [18.6483985, 51.8267402], [18.6650811, 51.8264341], [18.684167, 51.8207952], [18.6885506, 51.8223804], [18.6904445, 51.8287857], [18.6867365, 51.8327911], [18.6911562, 51.8319524], [18.6928892, 51.8449651], [18.699504, 51.8485873], [18.6946873, 51.8497952], [18.6998945, 51.8502321], [18.7009032, 51.8530145], [18.6980971, 51.8545593], [18.6968194, 51.8656375], [18.7088002, 51.8709957], [18.7230197, 51.8713967], [18.7212736, 51.8805495], [18.7388012, 51.892899], [18.7349582, 51.8954965], [18.7385369, 51.8988592], [18.736455, 51.9009342], [18.7482594, 51.9070506], [18.767792, 51.9278535], [18.7425328, 51.9371003], [18.7435117, 51.9435128], [18.7362283, 51.9446271], [18.741222, 51.9508219], [18.7382126, 51.9626994], [18.7298592, 51.954689], [18.7283805, 51.9579411], [18.7239598, 51.9571895], [18.7149601, 51.9682738], [18.7332032, 51.9682826], [18.7305737, 51.9852945], [18.7251321, 51.9856567], [18.7172107, 51.992934], [18.7348502, 52.002641], [18.7267488, 52.0106778], [18.7259785, 52.0130019], [18.7302002, 52.0142244], [18.7272251, 52.0209997], [18.7157815, 52.0322582], [18.7190454, 52.038636], [18.7167755, 52.0443975], [18.7223013, 52.0546625], [18.7182431, 52.0657049], [18.7238272, 52.0648396], [18.752777, 52.0764438], [18.7636861, 52.0674917], [18.7866024, 52.0608752], [18.8133651, 52.0676598], [18.8156431, 52.0710235], [18.8192817, 52.0699196], [18.8194207, 52.065125], [18.8278688, 52.0641953], [18.8398724, 52.0717138], [18.8422221, 52.0801422], [18.8534211, 52.081295], [18.8518655, 52.0851647], [18.8669488, 52.0875812], [18.8856475, 52.079989], [18.9002379, 52.0838131], [18.9043764, 52.0797662], [18.9251187, 52.0792619], [18.9307781, 52.1043518], [18.9399289, 52.1010734], [18.9439994, 52.1033461], [18.9497671, 52.1193422], [18.942574, 52.1278941], [18.9315979, 52.1232158], [18.91114, 52.1327592], [18.9086402, 52.1525042], [18.915593, 52.1607574], [18.9182206, 52.1859787], [18.924113, 52.1962671], [18.9432776, 52.1993872], [18.951051, 52.1954034], [18.963658, 52.2064198], [18.9641296, 52.2023616], [18.9647645, 52.205726], [18.966121, 52.2024633], [18.9702946, 52.2025776], [18.972002, 52.2072118], [18.9809395, 52.2076212], [18.9921872, 52.2144463], [18.9995739, 52.2111408], [19.02015, 52.2153483], [19.0524465, 52.2126244], [19.077637, 52.2001121], [19.0897647, 52.2067066], [19.0822861, 52.2227021], [19.0733084, 52.2228292], [19.0709086, 52.228366], [19.0798938, 52.2307185], [19.080503, 52.2384494], [19.105015, 52.2415216], [19.1014115, 52.2493571], [19.1003177, 52.2659071], [19.0948237, 52.2706003], [19.0768072, 52.2707625], [19.0743696, 52.2733596], [19.0302655, 52.2710648], [19.0456462, 52.2956417], [19.0385487, 52.2993011], [19.0363564, 52.315332], [19.0306999, 52.3159215], [19.0312512, 52.3179604], [19.0450105, 52.318465], [19.0471201, 52.3328041]]]}}, {"type": "Feature", "properties": {"name": "Lesser Poland Voivodeship", "country": "POL"}, "geometry": {"type": "Polygon", "coordinates": [[[21.2088306, 50.3548959], [21.1901236, 50.3520878], [21.1853157, 50.3346575], [21.1765949, 50.3298151], [21.1667125, 50.3330555], [21.1657021, 50.3422532], [21.1540401, 50.3513865], [21.132043, 50.3542857], [21.1210026, 50.3502783], [21.1130018, 50.3384482], [21.0830597, 50.3363623], [21.0721663, 50.3226806], [21.0555329, 50.3155458], [21.0330809, 50.3193032], [21.0100431, 50.3127834], [20.9551955, 50.3160401], [20.9451076, 50.3124949], [20.9380069, 50.2997933], [20.9311445, 50.2981055], [20.895269, 50.306632], [20.8795391, 50.2956328], [20.8530099, 50.2951735], [20.8498848, 50.2917464], [20.8481638, 50.2788449], [20.8358386, 50.2733157], [20.8276416, 50.2750719], [20.8093783, 50.288257], [20.7899384, 50.2895836], [20.7783462, 50.2831712], [20.7695181, 50.2691885], [20.7525482, 50.2646689], [20.7290454, 50.251473], [20.7271778, 50.2463553], [20.730027, 50.231315], [20.707917, 50.2268461], [20.7016711, 50.2170396], [20.6819219, 50.2165358], [20.679376, 50.2124587], [20.6815341, 50.2059056], [20.6752641, 50.2014054], [20.6688918, 50.2063502], [20.6616638, 50.2033321], [20.6521675, 50.204322], [20.6398439, 50.2116221], [20.6437365, 50.2070139], [20.6390722, 50.2053079], [20.6361956, 50.2071647], [20.6384839, 50.2105318], [20.6337829, 50.2116576], [20.6242556, 50.2019055], [20.630903, 50.2019612], [20.6240471, 50.2006652], [20.6085671, 50.2046979], [20.6057784, 50.2001127], [20.5934727, 50.201554], [20.5818983, 50.1947591], [20.5829655, 50.1890329], [20.5717582, 50.1862808], [20.5651596, 50.1919812], [20.5629467, 50.2005809], [20.5572179, 50.2016385], [20.5392058, 50.1974163], [20.5400907, 50.1911955], [20.5350596, 50.191002], [20.5347611, 50.188411], [20.5311476, 50.1914065], [20.5129191, 50.1854539], [20.5117551, 50.1892719], [20.4932495, 50.1920196], [20.4692832, 50.2007908], [20.4734593, 50.1907948], [20.4662403, 50.1921164], [20.4687256, 50.1965271], [20.4550167, 50.199211], [20.4515237, 50.1927194], [20.4428737, 50.1953127], [20.4423443, 50.1925471], [20.4372187, 50.19286], [20.4364906, 50.1969698], [20.4307833, 50.197291], [20.4313539, 50.1943458], [20.4155177, 50.1912371], [20.408565, 50.1984192], [20.4150698, 50.2002425], [20.4102497, 50.2117933], [20.3847088, 50.2075929], [20.3745653, 50.2160275], [20.377467, 50.2197534], [20.3742866, 50.2272082], [20.3868535, 50.232196], [20.3922714, 50.2378233], [20.3993854, 50.2383807], [20.3975454, 50.2414789], [20.3839128, 50.2446107], [20.376209, 50.2431507], [20.3748082, 50.2479559], [20.3675933, 50.2486936], [20.3578086, 50.2557571], [20.3529782, 50.2635756], [20.3421922, 50.2630201], [20.3307835, 50.2675272], [20.3324449, 50.2721946], [20.3441226, 50.271643], [20.3437079, 50.2770863], [20.3622126, 50.2822783], [20.3564813, 50.2889573], [20.3487713, 50.2905062], [20.3409341, 50.2871242], [20.3383732, 50.2923136], [20.3402954, 50.2986935], [20.3490976, 50.2989106], [20.3444098, 50.3049588], [20.3327085, 50.3045336], [20.3284408, 50.3187384], [20.3021199, 50.3229424], [20.2973523, 50.3195026], [20.2926232, 50.3221986], [20.2937309, 50.329445], [20.3053277, 50.3358855], [20.2989436, 50.3436218], [20.2924297, 50.3458014], [20.2954919, 50.3506165], [20.3131055, 50.3486345], [20.3143193, 50.3513626], [20.3304863, 50.3527027], [20.3318403, 50.3568479], [20.3272897, 50.3578422], [20.3392483, 50.3573144], [20.3390725, 50.3596285], [20.3251713, 50.3669209], [20.325895, 50.3693154], [20.3175219, 50.3706781], [20.3221708, 50.3712217], [20.3209018, 50.3844581], [20.3058305, 50.3889627], [20.3038176, 50.3983011], [20.2931372, 50.4045251], [20.288982, 50.4137707], [20.2898863, 50.4191425], [20.2755145, 50.4215447], [20.2638006, 50.4300274], [20.2606084, 50.4414307], [20.2714326, 50.4594557], [20.2728693, 50.4699458], [20.2619033, 50.4675291], [20.2472966, 50.4752633], [20.2477808, 50.479543], [20.2258306, 50.4779061], [20.220305, 50.4908486], [20.213559, 50.4891647], [20.2053586, 50.4957005], [20.1715757, 50.4910121], [20.1665313, 50.4844423], [20.1305218, 50.489863], [20.1138076, 50.4847762], [20.0960225, 50.4902614], [20.0869076, 50.4895647], [20.0969947, 50.4960712], [20.0837064, 50.4994062], [20.0846639, 50.504573], [20.0782975, 50.505879], [20.075663, 50.5098417], [20.0544155, 50.5116054], [20.0505461, 50.5051779], [20.0426004, 50.506233], [20.0389142, 50.5001651], [20.0295573, 50.5007234], [20.0308739, 50.5049272], [20.0270895, 50.5085582], [20.007833, 50.5154031], [19.9708712, 50.5204879], [19.9720951, 50.5160976], [19.9499664, 50.5047826], [19.9522932, 50.4942474], [19.964063, 50.4887232], [19.9730067, 50.4755367], [19.9376571, 50.478934], [19.9280394, 50.4751535], [19.9005597, 50.4735248], [19.8920803, 50.4661706], [19.8945116, 50.461147], [19.9030069, 50.45675], [19.8997814, 50.453399], [19.8529157, 50.4473555], [19.8502858, 50.4437308], [19.8535121, 50.4351436], [19.84171, 50.4343366], [19.8411908, 50.4385518], [19.8336043, 50.4391004], [19.8319714, 50.4361448], [19.8252206, 50.4380316], [19.8200695, 50.4344825], [19.8107478, 50.4353121], [19.8054253, 50.4370198], [19.80086, 50.443879], [19.7819722, 50.4401074], [19.7677171, 50.444892], [19.748745, 50.4421432], [19.7317726, 50.4443228], [19.7247777, 50.4408765], [19.7111652, 50.4448913], [19.7098042, 50.441435], [19.70737, 50.4429464], [19.7082043, 50.4482558], [19.7007814, 50.4497214], [19.6943543, 50.4351573], [19.6792714, 50.4346019], [19.6650192, 50.4265553], [19.6717448, 50.4158297], [19.6545403, 50.4141454], [19.658161, 50.4081758], [19.6511073, 50.4127344], [19.6453269, 50.4092009], [19.6440475, 50.4112721], [19.6365641, 50.4093605], [19.6271365, 50.4145608], [19.6136713, 50.4045197], [19.6000039, 50.4052939], [19.5888191, 50.4102482], [19.5660312, 50.407307], [19.5743465, 50.411517], [19.5572414, 50.4107609], [19.5544478, 50.4120256], [19.5571654, 50.4144079], [19.5462091, 50.413509], [19.5453049, 50.4189064], [19.537447, 50.4202346], [19.5179121, 50.4163495], [19.5195101, 50.4149775], [19.504467, 50.4010591], [19.4875566, 50.3969791], [19.4916872, 50.3659786], [19.4603471, 50.3729063], [19.4564266, 50.3662145], [19.484154, 50.3540977], [19.487733, 50.3472194], [19.4806412, 50.3336021], [19.483944, 50.3235974], [19.4583548, 50.3226266], [19.4512556, 50.3187925], [19.4153566, 50.3317859], [19.4146904, 50.3228117], [19.4052876, 50.3142192], [19.3998873, 50.3135619], [19.3984436, 50.3091153], [19.4026705, 50.3075929], [19.4030928, 50.3039859], [19.4125313, 50.3029228], [19.4091864, 50.2993521], [19.414298, 50.2979996], [19.400299, 50.2990049], [19.4040432, 50.2969832], [19.4007528, 50.2974139], [19.3964145, 50.2905084], [19.3875269, 50.2884421], [19.3840454, 50.2822965], [19.3869363, 50.2781589], [19.3825665, 50.2735027], [19.3762285, 50.2728863], [19.3756301, 50.2698676], [19.3618441, 50.2708115], [19.3714799, 50.2682923], [19.3607414, 50.2635273], [19.3632092, 50.2606378], [19.3591293, 50.2592412], [19.3522376, 50.2668667], [19.3521817, 50.2646682], [19.3439123, 50.2656684], [19.3365195, 50.2635426], [19.3363649, 50.2609707], [19.3307477, 50.2625334], [19.3234428, 50.2595543], [19.3401212, 50.2496222], [19.3970166, 50.2316107], [19.4110783, 50.2332891], [19.4294093, 50.225321], [19.4419756, 50.2265744], [19.4164527, 50.2105723], [19.4165003, 50.2012734], [19.4124142, 50.2062141], [19.405462, 50.2068988], [19.4042355, 50.2037478], [19.3997031, 50.2033238], [19.4024113, 50.201014], [19.3832078, 50.1996635], [19.3734396, 50.192418], [19.3352271, 50.188509], [19.3390141, 50.1816424], [19.3491156, 50.1776014], [19.3676867, 50.179104], [19.36655, 50.1732209], [19.3616417, 50.1713939], [19.3485944, 50.1731368], [19.3450044, 50.1646234], [19.3498178, 50.1650606], [19.3489194, 50.1611243], [19.3546179, 50.1539378], [19.3499543, 50.1506172], [19.3461418, 50.1547584], [19.3435603, 50.1491219], [19.3316418, 50.144154], [19.3150137, 50.1422329], [19.2880071, 50.1404373], [19.2707037, 50.1438232], [19.2778168, 50.119726], [19.2591775, 50.1169337], [19.2543985, 50.1305921], [19.2611877, 50.1322843], [19.2538106, 50.1341934], [19.2504424, 50.1317037], [19.2407725, 50.1176699], [19.2404454, 50.1118662], [19.2325368, 50.1075879], [19.2298477, 50.1007642], [19.223244, 50.0955081], [19.2238543, 50.0888807], [19.2119508, 50.0764633], [19.2291478, 50.0714158], [19.2335705, 50.0657427], [19.2234924, 50.0676238], [19.2187069, 50.0589801], [19.2151644, 50.0595172], [19.2166881, 50.0616072], [19.2134738, 50.0652816], [19.2072232, 50.061418], [19.1953237, 50.0651626], [19.1780989, 50.0572802], [19.1680457, 50.0603676], [19.1632074, 50.0572007], [19.1656238, 50.0547663], [19.1601907, 50.0546028], [19.159928, 50.050566], [19.1499897, 50.0520336], [19.1458786, 50.04531], [19.1547299, 50.0472628], [19.1504948, 50.0456671], [19.1533057, 50.0421535], [19.1489241, 50.0441057], [19.1489756, 50.0397462], [19.1447526, 50.0398754], [19.1434014, 50.0347849], [19.145898, 50.0312305], [19.1362632, 50.0352995], [19.139, 50.0283399], [19.1429983, 50.0281627], [19.141974, 50.0239615], [19.1190232, 50.0092446], [19.1219659, 50.0023827], [19.1130674, 50.0027226], [19.1175431, 50.0022296], [19.11748, 49.9997054], [19.1112328, 49.9959881], [19.1232855, 49.9883045], [19.1194118, 49.9871558], [19.121449, 49.9836209], [19.1147913, 49.9848578], [19.1181114, 49.9821734], [19.1156831, 49.9776843], [19.1104198, 49.9785434], [19.1140677, 49.9754575], [19.1101823, 49.9723432], [19.1227233, 49.9721395], [19.1239762, 49.970527], [19.1176137, 49.9677758], [19.1236567, 49.9672712], [19.124342, 49.9634682], [19.1143605, 49.9579899], [19.1085901, 49.9613379], [19.1025532, 49.9576618], [19.1033952, 49.955243], [19.099457, 49.9584416], [19.0908406, 49.9565244], [19.0831232, 49.9505996], [19.0980334, 49.9522145], [19.0995712, 49.9470695], [19.1065342, 49.9452632], [19.1046099, 49.9426774], [19.11348, 49.9433706], [19.1216844, 49.938341], [19.1409385, 49.9380274], [19.1616539, 49.9395097], [19.1603514, 49.9423319], [19.1663155, 49.9467964], [19.1885257, 49.9521761], [19.184936, 49.9500563], [19.1861126, 49.9451845], [19.1837035, 49.9443304], [19.1874009, 49.939242], [19.182485, 49.932869], [19.186427, 49.932138], [19.1856652, 49.9184488], [19.191563, 49.9198813], [19.1944956, 49.9132576], [19.193101, 49.9087916], [19.1967781, 49.9010084], [19.1938629, 49.8912027], [19.1961755, 49.8874192], [19.1729108, 49.8798567], [19.1657736, 49.87493], [19.1663148, 49.8711541], [19.1572188, 49.8663388], [19.1664297, 49.8561793], [19.1709431, 49.8530309], [19.193195, 49.8584528], [19.1969454, 49.8606243], [19.1930923, 49.8682286], [19.202613, 49.8715773], [19.2212094, 49.8686743], [19.2209496, 49.863135], [19.237601, 49.8618242], [19.237382, 49.8649444], [19.2708556, 49.8606639], [19.2946297, 49.8499473], [19.2889078, 49.8385985], [19.2865705, 49.816413], [19.2965386, 49.8102002], [19.2944145, 49.8073391], [19.2973911, 49.8018536], [19.3157297, 49.7845355], [19.3167844, 49.7778868], [19.3499196, 49.771424], [19.3660362, 49.7777562], [19.3746107, 49.7698895], [19.3894263, 49.7689934], [19.3999991, 49.7616719], [19.4090044, 49.764294], [19.4114215, 49.7742261], [19.4149519, 49.7752652], [19.4313739, 49.7621735], [19.4446082, 49.7451421], [19.4449353, 49.7340338], [19.4282477, 49.7274733], [19.4284466, 49.718095], [19.4105355, 49.7101406], [19.3982654, 49.7118741], [19.3998393, 49.7095991], [19.3944095, 49.7064972], [19.3910923, 49.697189], [19.3702167, 49.6933022], [19.3895886, 49.6842363], [19.391772, 49.6773284], [19.4070757, 49.678636], [19.4118648, 49.6727728], [19.4410575, 49.6805284], [19.4610337, 49.6753915], [19.4649849, 49.6678822], [19.4777776, 49.6608127], [19.4684684, 49.6438614], [19.4754004, 49.6388036], [19.4807649, 49.6243829], [19.4673762, 49.6137628], [19.4746169, 49.6046527], [19.4688723, 49.5960652], [19.4784694, 49.588031], [19.4972272, 49.5815758], [19.5102291, 49.5814845], [19.5215944, 49.5722887], [19.5293313, 49.5730189], [19.527408, 49.5611735], [19.530449, 49.5357702], [19.5516137, 49.5076205], [19.5536443, 49.4899404], [19.5656288, 49.480522], [19.5690548, 49.474488], [19.5669128, 49.47114], [19.5805818, 49.461219], [19.5814677, 49.4554092], [19.5974358, 49.4586318], [19.611446, 49.446873], [19.62543, 49.449612], [19.6411189, 49.4575599], [19.6428876, 49.4545591], [19.6415676, 49.4494855], [19.6377852, 49.4481295], [19.637791, 49.440544], [19.648596, 49.435365], [19.631728, 49.408797], [19.63868, 49.408623], [19.639481, 49.411262], [19.680087, 49.402154], [19.685373, 49.403584], [19.690096, 49.399865], [19.699767, 49.399677], [19.710567, 49.392879], [19.709593, 49.390871], [19.716499, 49.390963], [19.717643, 49.386422], [19.729639, 49.391737], [19.7462787, 49.4079369], [19.76758, 49.412993], [19.7905922, 49.4106881], [19.7911317, 49.3835114], [19.8038175, 49.3648155], [19.802451, 49.353136], [19.79472, 49.344528], [19.804964, 49.322768], [19.792474, 49.29974], [19.794501, 49.296043], [19.8098793, 49.2953969], [19.822802, 49.276794], [19.806343, 49.274489], [19.792472, 49.267969], [19.792178, 49.263418], [19.788786, 49.261621], [19.790499, 49.255259], [19.785023, 49.246663], [19.778433, 49.245401], [19.7667676, 49.2365983], [19.7691856, 49.2307081], [19.7669425, 49.2226128], [19.758386, 49.2159804], [19.7631071, 49.2075775], [19.778588, 49.204955], [19.783829, 49.199363], [19.795032, 49.198366], [19.807521, 49.205652], [19.819834, 49.199528], [19.8294593, 49.2016922], [19.841, 49.192616], [19.851147, 49.196252], [19.869438, 49.195797], [19.88838, 49.209188], [19.902332, 49.213313], [19.905224, 49.21949], [19.9036349, 49.2307623], [19.9322171, 49.2364897], [19.971166, 49.229955], [19.9815609, 49.2318014], [20.008629, 49.22005], [20.00647, 49.213158], [20.020529, 49.201505], [20.040097, 49.197289], [20.0471922, 49.1903658], [20.060181, 49.187041], [20.069332, 49.180697], [20.087901, 49.17951], [20.089253, 49.187848], [20.08587, 49.189192], [20.084375, 49.196185], [20.0871772, 49.2076078], [20.0961645, 49.2200329], [20.1016245, 49.2226589], [20.0978335, 49.2345519], [20.100767, 49.250088], [20.125144, 49.270926], [20.128666, 49.277071], [20.127879, 49.286609], [20.132117, 49.293444], [20.129984, 49.296], [20.135933, 49.303638], [20.134205, 49.305921], [20.145146, 49.31262], [20.145504, 49.317513], [20.1518647, 49.3184472], [20.158916, 49.3068176], [20.1577195, 49.3028155], [20.1758037, 49.3140828], [20.1674508, 49.3231808], [20.173579, 49.324976], [20.1705837, 49.3277346], [20.1841559, 49.3278079], [20.1932141, 49.340978], [20.2123248, 49.3446654], [20.220823, 49.35179], [20.2318153, 49.3463209], [20.2531904, 49.3517581], [20.2539729, 49.3489086], [20.2686569, 49.345694], [20.2730539, 49.3513721], [20.2928163, 49.3515563], [20.3084345, 49.3439398], [20.3164888, 49.3445299], [20.3236537, 49.3518116], [20.3262156, 49.3658616], [20.321378, 49.378384], [20.331276, 49.391429], [20.31751, 49.388727], [20.320659, 49.399585], [20.325081, 49.403028], [20.362271, 49.398262], [20.368991, 49.400991], [20.371134, 49.407381], [20.375681, 49.40786], [20.380912, 49.403257], [20.3824786, 49.391022], [20.393036, 49.390576], [20.412285, 49.395203], [20.416875, 49.40579], [20.427368, 49.402484], [20.430756, 49.396256], [20.43327, 49.396615], [20.436988, 49.406275], [20.428727, 49.408273], [20.432295, 49.417581], [20.446352, 49.411918], [20.450929, 49.412771], [20.445978, 49.416334], [20.47196, 49.415436], [20.490145, 49.406431], [20.5048874, 49.4032896], [20.5099362, 49.3934459], [20.546507, 49.385542], [20.557681, 49.378099], [20.575525, 49.376106], [20.581692, 49.383878], [20.586895, 49.385489], [20.592135, 49.38303], [20.600198, 49.388295], [20.605774, 49.4013], [20.613598, 49.401824], [20.611274, 49.412454], [20.614934, 49.417845], [20.621964, 49.416821], [20.624669, 49.410459], [20.638347, 49.407507], [20.642596, 49.400994], [20.646988, 49.40067], [20.6657, 49.403552], [20.665767, 49.406311], [20.691722, 49.419777], [20.72292, 49.419656], [20.728137, 49.414822], [20.743119, 49.415142], [20.746107, 49.411643], [20.742269, 49.403833], [20.758027, 49.400395], [20.747534, 49.391002], [20.761363, 49.384246], [20.757594, 49.375281], [20.76143, 49.371605], [20.785406, 49.3744], [20.788349, 49.371598], [20.781728, 49.36628], [20.782476, 49.361031], [20.798112, 49.363262], [20.809318, 49.359372], [20.810597, 49.35507], [20.80688, 49.353151], [20.804737, 49.359506], [20.797871, 49.358704], [20.802218, 49.355276], [20.79738, 49.343172], [20.811836, 49.347687], [20.825903, 49.334404], [20.83733, 49.33402], [20.854385, 49.347281], [20.865549, 49.347484], [20.882386, 49.333097], [20.879638, 49.322615], [20.872738, 49.319789], [20.884187, 49.319095], [20.897172, 49.325355], [20.903575, 49.323535], [20.907616, 49.31958], [20.903259, 49.315917], [20.91024, 49.311474], [20.91134, 49.306266], [20.923871, 49.299469], [20.924084, 49.295969], [20.969607, 49.309888], [20.986545, 49.306621], [20.994138, 49.31268], [20.988183, 49.323233], [20.989065, 49.328446], [21.008091, 49.334852], [21.006952, 49.340167], [21.011312, 49.347564], [21.016251, 49.346899], [21.026587, 49.356491], [21.0425476, 49.3648814], [21.0489285, 49.3656484], [21.054447, 49.3618332], [21.066206, 49.3655316], [21.0753304, 49.3593162], [21.0789581, 49.3639247], [21.0941092, 49.3650563], [21.1041047, 49.3764011], [21.0679564, 49.3955159], [21.06723, 49.402083], [21.054315, 49.404219], [21.047217, 49.416945], [21.048728, 49.419392], [21.0637265, 49.4204774], [21.0963873, 49.429488], [21.113728, 49.4239391], [21.1240235, 49.4365799], [21.1522517, 49.4269582], [21.1552287, 49.4209919], [21.1794218, 49.4090281], [21.1800294, 49.4021684], [21.1921278, 49.4009926], [21.2018413, 49.4046371], [21.2081942, 49.402482], [21.2272548, 49.4169518], [21.2234581, 49.4255179], [21.2327486, 49.4365452], [21.2406693, 49.4341837], [21.2585653, 49.446347], [21.2659192, 49.4469846], [21.2673438, 49.4571872], [21.2775246, 49.4609398], [21.3071819, 49.4479956], [21.344684, 49.4504234], [21.3684956, 49.4391183], [21.3727513, 49.4326443], [21.3986625, 49.4338417], [21.3926227, 49.4468625], [21.3921359, 49.4557948], [21.4113723, 49.4678098], [21.4078943, 49.4695433], [21.4091673, 49.4740228], [21.3888416, 49.4854531], [21.3907175, 49.4890082], [21.4015349, 49.4920248], [21.4217125, 49.4924317], [21.4185489, 49.4977189], [21.4108802, 49.5002402], [21.4075598, 49.5096257], [21.3987629, 49.5083446], [21.3927887, 49.5116651], [21.3874441, 49.5194731], [21.3893448, 49.5208844], [21.3825818, 49.5252668], [21.3917302, 49.5275103], [21.3848078, 49.530718], [21.3804695, 49.539067], [21.3768639, 49.537824], [21.3586406, 49.5447462], [21.3614083, 49.5486301], [21.3685267, 49.5494723], [21.3644821, 49.5538993], [21.3802884, 49.5697632], [21.372083, 49.5711571], [21.3638287, 49.5769778], [21.3475184, 49.5792629], [21.3268166, 49.59219], [21.3312501, 49.600601], [21.345068, 49.6082237], [21.3439942, 49.6117435], [21.3627979, 49.6341425], [21.3556057, 49.6457041], [21.3576986, 49.6497033], [21.3417217, 49.659324], [21.3486775, 49.6926739], [21.343461, 49.6915941], [21.340208, 49.6977927], [21.334972, 49.6979808], [21.3330988, 49.6943378], [21.3203964, 49.6984492], [21.3314019, 49.7187971], [21.3223266, 49.7224134], [21.3222195, 49.7270902], [21.3157595, 49.7282526], [21.3190203, 49.7394867], [21.31254, 49.7477686], [21.2905491, 49.7487933], [21.28132, 49.7551939], [21.2578189, 49.7521313], [21.2530361, 49.763817], [21.2417725, 49.7761044], [21.2514687, 49.7921578], [21.2705885, 49.7941295], [21.2698301, 49.7983039], [21.2803983, 49.8057797], [21.2843877, 49.8015253], [21.3083977, 49.7961386], [21.3213984, 49.8032153], [21.3302973, 49.8039397], [21.3357071, 49.8078007], [21.3321371, 49.8108138], [21.3489532, 49.8149635], [21.3400653, 49.8194548], [21.3369781, 49.8268621], [21.3225127, 49.8295913], [21.3167776, 49.8353178], [21.2971493, 49.8428642], [21.2827049, 49.8457062], [21.2698099, 49.8429836], [21.2686292, 49.8451968], [21.2644469, 49.8429284], [21.2648448, 49.8400956], [21.2521295, 49.8408931], [21.2249575, 49.8525994], [21.2283925, 49.8619986], [21.2263978, 49.8858592], [21.232354, 49.8835571], [21.26112, 49.8848341], [21.2796546, 49.8920526], [21.2881766, 49.9094323], [21.2847187, 49.9240646], [21.2779107, 49.9281277], [21.260157, 49.9269971], [21.2485165, 49.9309595], [21.2308004, 49.9287177], [21.1925255, 49.9316035], [21.1858195, 49.927056], [21.1797066, 49.9283287], [21.1717966, 49.9367826], [21.1710359, 49.9439235], [21.1610379, 49.9509072], [21.1606844, 49.9664606], [21.1504352, 49.9764832], [21.149069, 49.9934036], [21.1530495, 49.9962674], [21.1544412, 50.0034056], [21.1787856, 50.0118035], [21.1929048, 50.0292592], [21.173739, 50.0352089], [21.1729038, 50.0392367], [21.1513915, 50.0453218], [21.1478053, 50.0499809], [21.144623, 50.0492501], [21.1450327, 50.0530123], [21.1663512, 50.0597023], [21.1694003, 50.0653506], [21.1653334, 50.0671214], [21.1709481, 50.0673089], [21.1797214, 50.0761166], [21.1790256, 50.0806529], [21.1690204, 50.0790047], [21.1600886, 50.0895013], [21.1990053, 50.0949579], [21.1845926, 50.1002919], [21.1868712, 50.1062209], [21.176904, 50.1118631], [21.1809685, 50.1178391], [21.1950191, 50.1198444], [21.1400033, 50.1276085], [21.1442313, 50.134718], [21.1524562, 50.137799], [21.1642101, 50.1359561], [21.1757591, 50.1426466], [21.1523921, 50.147641], [21.1710581, 50.1766197], [21.1650428, 50.1806736], [21.1678406, 50.1886749], [21.1665969, 50.2014916], [21.1709836, 50.2082563], [21.1630961, 50.216706], [21.1629876, 50.2227203], [21.1551391, 50.2252704], [21.1421116, 50.2376794], [21.1826796, 50.2400044], [21.1642286, 50.2460137], [21.1457267, 50.2571205], [21.1510929, 50.2583315], [21.1592813, 50.2679056], [21.1775412, 50.2797587], [21.1832069, 50.2865782], [21.1838233, 50.29799], [21.1939214, 50.304141], [21.2226395, 50.3108625], [21.2185552, 50.3173479], [21.2194717, 50.3228157], [21.2132799, 50.330402], [21.2194046, 50.335591], [21.2188813, 50.341335], [21.2088306, 50.3548959]]]}}, {"type": "Feature", "properties": {"name": "Lubusz Voivodeship", "country": "POL"}, "geometry": {"type": "Polygon", "coordinates": [[[16.4168401, 51.7827507], [16.4092586, 51.7844759], [16.40147, 51.7900215], [16.3937115, 51.7864464], [16.3885289, 51.7913405], [16.3880461, 51.7943275], [16.401915, 51.8047508], [16.4009116, 51.8140338], [16.3938788, 51.8197041], [16.400616, 51.8306554], [16.4007002, 51.8378931], [16.3794839, 51.8390021], [16.3870767, 51.8463273], [16.3726454, 51.8539044], [16.3575821, 51.8574241], [16.3415049, 51.8697008], [16.3350054, 51.8712284], [16.3374966, 51.8745126], [16.3444704, 51.8732766], [16.3516394, 51.8806114], [16.3125821, 51.8864365], [16.2925643, 51.8948842], [16.2869301, 51.9002602], [16.2788794, 51.8999922], [16.27274, 51.8950875], [16.2690595, 51.8979997], [16.2574138, 51.8975474], [16.2557684, 51.9022329], [16.2536765, 51.8993776], [16.2481425, 51.9007383], [16.2459028, 51.8914386], [16.239593, 51.88376], [16.2147897, 51.8697462], [16.2001604, 51.8719599], [16.1928888, 51.885077], [16.1857463, 51.8846638], [16.1879505, 51.8812502], [16.1723028, 51.8834213], [16.1616475, 51.8924405], [16.1231734, 51.8964497], [16.0989702, 51.8934855], [16.0982159, 51.8959455], [16.1017504, 51.896257], [16.0997415, 51.90313], [16.1087116, 51.9036069], [16.1183391, 51.9133654], [16.1331347, 51.9169898], [16.13243, 51.9200363], [16.1253187, 51.9198096], [16.1381734, 51.9254696], [16.1340952, 51.9319468], [16.1269616, 51.9315582], [16.1261665, 51.9338962], [16.1310032, 51.940436], [16.1262773, 51.9407846], [16.1305857, 51.9436696], [16.1239669, 51.9514368], [16.1373294, 51.9543659], [16.1309491, 51.9718226], [16.1333568, 51.9723394], [16.1302548, 51.9789536], [16.1278201, 51.9772749], [16.1227466, 51.9930872], [16.1060472, 51.9968269], [16.0606447, 51.9771582], [16.0100257, 51.9814895], [16.0056793, 51.9931276], [15.9880267, 52.0039008], [15.9854607, 52.0038797], [15.989761, 51.9964688], [15.9835949, 51.9951592], [15.9796647, 51.9995841], [15.9719257, 51.9996631], [15.9648909, 52.0186244], [15.9667221, 52.0295623], [15.9643437, 52.0338585], [15.9944481, 52.0351801], [15.9892907, 52.0457191], [15.9917063, 52.0503824], [16.0055273, 52.0542827], [16.0028138, 52.0579727], [15.9892082, 52.0610736], [15.985992, 52.070017], [15.9697419, 52.0754157], [15.9722201, 52.077492], [15.9674633, 52.0819485], [15.9460906, 52.0877381], [15.9324315, 52.0876401], [15.9244475, 52.0674756], [15.8978737, 52.0768238], [15.891338, 52.0834722], [15.8778311, 52.0879665], [15.8603406, 52.08647], [15.8341412, 52.108479], [15.8332961, 52.111123], [15.8553864, 52.1168827], [15.8567849, 52.1239919], [15.8749767, 52.1304718], [15.88355, 52.1548784], [15.8809569, 52.1562218], [15.8830847, 52.1628462], [15.8584166, 52.1690141], [15.8581419, 52.1741049], [15.8621195, 52.1774193], [15.8581135, 52.1876907], [15.8612121, 52.1978548], [15.8495047, 52.2132902], [15.8608515, 52.2273711], [15.8575518, 52.2481425], [15.8512792, 52.2556372], [15.8549268, 52.2611197], [15.8525436, 52.2623092], [15.8660343, 52.2721163], [15.8711588, 52.2774909], [15.8704887, 52.28083], [15.8814212, 52.2841793], [15.8783804, 52.2944232], [15.8838074, 52.3043795], [15.8819381, 52.3087669], [15.8898976, 52.3075503], [15.8921889, 52.310684], [15.8876987, 52.3227399], [15.8823903, 52.3269765], [15.8879469, 52.3336741], [15.8813806, 52.3426359], [15.8809825, 52.3505414], [15.8903404, 52.3533952], [15.8882716, 52.366591], [15.8908233, 52.3712064], [15.8881674, 52.3720047], [15.9003119, 52.3825773], [15.9007383, 52.3861166], [15.8965597, 52.3941311], [15.8702948, 52.3965768], [15.8611703, 52.4027165], [15.8435794, 52.4029053], [15.838883, 52.4120631], [15.807045, 52.4360379], [15.804366, 52.444721], [15.8248936, 52.4499315], [15.825756, 52.4547155], [15.8333297, 52.4443546], [15.8317231, 52.4394367], [15.8344302, 52.4382924], [15.8314812, 52.4353925], [15.8532342, 52.4316264], [15.8563697, 52.4327293], [15.8566109, 52.4394198], [15.8615554, 52.4402285], [15.8688766, 52.4349707], [15.8785598, 52.4374348], [15.8752663, 52.4426732], [15.8987056, 52.4492901], [15.8959494, 52.4490227], [15.8926467, 52.4604686], [15.8797716, 52.4653846], [15.8776753, 52.4695082], [15.8788435, 52.4724325], [15.8857243, 52.4647801], [15.8928131, 52.4681337], [15.8911676, 52.4753188], [15.8844949, 52.4831935], [15.8850867, 52.4881693], [15.8676827, 52.5024945], [15.8725434, 52.5017677], [15.8699852, 52.5039479], [15.8760397, 52.5065432], [15.8769778, 52.5110068], [15.8631631, 52.5104359], [15.8349942, 52.5292669], [15.8586938, 52.5443233], [15.8561503, 52.5488501], [15.8420403, 52.5554496], [15.8433065, 52.5595922], [15.8246731, 52.5671449], [15.826061, 52.575792], [15.8299201, 52.5779174], [15.828473, 52.582644], [15.836131, 52.587187], [15.8319613, 52.5861393], [15.8105977, 52.5942174], [15.8069735, 52.5967038], [15.8059323, 52.6044422], [15.7959981, 52.6057077], [15.7844831, 52.6185758], [15.786292, 52.621907], [15.7994976, 52.6224195], [15.8003417, 52.6245426], [15.79395, 52.6273976], [15.7956384, 52.636364], [15.776287, 52.6378939], [15.785828, 52.6675356], [15.7932898, 52.6649385], [15.8141467, 52.6678502], [15.8127327, 52.6796239], [15.800453, 52.6951312], [15.793275, 52.7069276], [15.7947572, 52.7085669], [15.8368867, 52.7063135], [15.8859668, 52.7151046], [15.905551, 52.7141689], [15.9200998, 52.7232849], [15.9454839, 52.7302068], [15.9485236, 52.7445646], [15.9455684, 52.7513736], [15.9488951, 52.7558376], [15.9395292, 52.761797], [15.9364454, 52.7661409], [15.9384676, 52.7681496], [15.9272613, 52.7784258], [15.9259852, 52.7839964], [15.938461, 52.7860834], [15.9340384, 52.8038569], [15.927224, 52.8020271], [15.9039536, 52.8061459], [15.8936731, 52.8122978], [15.897583, 52.8212268], [15.8949286, 52.825611], [15.904396, 52.8261991], [15.9023854, 52.8357801], [15.9186075, 52.8410554], [15.9229998, 52.8309916], [15.9518737, 52.8430221], [15.9470532, 52.8543282], [15.969964, 52.8538402], [15.9630911, 52.8570798], [15.9740905, 52.8590336], [15.9715308, 52.8668521], [15.9613828, 52.8692987], [15.9632573, 52.8741236], [15.9756475, 52.8729729], [15.9793048, 52.8776314], [15.9760424, 52.883818], [15.9780055, 52.8861355], [15.9719196, 52.8925554], [15.9739437, 52.8947745], [15.9672904, 52.8999659], [15.9745572, 52.9018891], [15.9721088, 52.9048108], [15.9763261, 52.9100492], [15.9795132, 52.9089626], [15.9778108, 52.9220849], [15.9722327, 52.9289033], [15.9797582, 52.9337057], [15.9665983, 52.9474952], [15.9695595, 52.9492901], [15.9605449, 52.9560957], [15.9620374, 52.9631911], [15.9587117, 52.9643], [15.9613991, 52.9707707], [15.9459849, 52.9713018], [15.9564024, 52.9759888], [15.9515088, 52.9808414], [15.9551884, 52.9822523], [15.9512538, 52.9855642], [15.9553723, 52.9886375], [15.9509812, 52.9912144], [15.9537065, 52.9935629], [15.949449, 52.9985263], [15.9558024, 53.0081087], [15.9566858, 53.0116285], [15.9540261, 53.013029], [15.9586745, 53.01426], [15.9546243, 53.0172794], [15.9579075, 53.0228847], [15.9556837, 53.0252006], [15.9570846, 53.0319178], [15.9516018, 53.0343982], [15.9565404, 53.0375748], [15.9542146, 53.0377079], [15.9566504, 53.0410701], [15.9652263, 53.0419434], [15.9747118, 53.0514416], [15.9724602, 53.0565881], [15.9886075, 53.0545938], [15.9853266, 53.0644044], [15.9947512, 53.0738934], [15.9923387, 53.0807447], [15.9979242, 53.0863844], [15.9886396, 53.0930321], [15.9855196, 53.0922601], [15.986002, 53.0959913], [15.9809842, 53.097278], [15.9842651, 53.1004946], [15.9791507, 53.1030357], [15.9848999, 53.1141736], [15.9814526, 53.1156604], [15.9794924, 53.110275], [15.9164279, 53.1192551], [15.9118247, 53.1239104], [15.8803848, 53.1186273], [15.8753091, 53.1210912], [15.8482271, 53.1152592], [15.8601451, 53.0937945], [15.811489, 53.0843605], [15.8092852, 53.0806014], [15.8135697, 53.0804444], [15.8217196, 53.0652074], [15.7916845, 53.0590516], [15.8087357, 53.0453298], [15.7880908, 53.0427803], [15.7902976, 53.0410123], [15.7851449, 53.039835], [15.7780108, 53.0296399], [15.7627587, 53.0266649], [15.7676023, 53.0202493], [15.7783199, 53.0149798], [15.7737855, 53.0133058], [15.7729611, 53.0031365], [15.7667263, 52.9987642], [15.7634801, 53.0005008], [15.7606754, 52.9950792], [15.7434551, 52.9912208], [15.7210263, 52.9866296], [15.7076886, 52.9908785], [15.704451, 52.9955929], [15.6987121, 52.9933158], [15.6920865, 52.998176], [15.6610904, 52.9900423], [15.633436, 52.9763762], [15.6154503, 52.9842876], [15.6108096, 52.9821459], [15.6025752, 52.9850414], [15.5880231, 52.981059], [15.582886, 52.9880081], [15.5722243, 52.9868604], [15.5549019, 53.011285], [15.5468526, 53.0143623], [15.5404971, 53.0083093], [15.5307704, 53.0052094], [15.5009143, 53.0005763], [15.4650266, 52.9886269], [15.4530512, 52.9872861], [15.4438475, 52.9899176], [15.4121895, 52.9803333], [15.404922, 52.9744986], [15.388803, 52.971581], [15.3863843, 52.9650133], [15.3906038, 52.9627359], [15.3809189, 52.9589658], [15.3715635, 52.94809], [15.3656339, 52.9455493], [15.3620103, 52.9480106], [15.3629986, 52.9440407], [15.3516472, 52.9417235], [15.2878423, 52.95802], [15.2838793, 52.9538501], [15.2829569, 52.94603], [15.2921112, 52.9327183], [15.3051597, 52.9239913], [15.32297, 52.9029797], [15.3316701, 52.9044095], [15.3327147, 52.9000548], [15.3268178, 52.8948533], [15.2856001, 52.8859915], [15.2875307, 52.8796246], [15.2810913, 52.8870369], [15.2764771, 52.8826549], [15.1664884, 52.8542992], [15.1591947, 52.8571752], [15.1575631, 52.8528285], [15.071757, 52.8305847], [15.0651783, 52.8390447], [15.0491139, 52.8435192], [15.0375173, 52.8620438], [15.0280746, 52.856947], [15.0086951, 52.8545379], [15.0095951, 52.8477455], [14.9908335, 52.8425327], [14.9881053, 52.8508559], [14.9816172, 52.8489458], [14.9790684, 52.8537432], [14.9830961, 52.8615416], [14.978302, 52.8661663], [14.9488741, 52.8715052], [14.9546143, 52.8743816], [14.9489197, 52.8784841], [14.9445266, 52.8764518], [14.9314725, 52.8818401], [14.9338671, 52.8850906], [14.9232677, 52.8829258], [14.9253625, 52.8896666], [14.9125005, 52.8882151], [14.9041836, 52.8838858], [14.9018797, 52.8760042], [14.892996, 52.8656099], [14.8940038, 52.8618088], [14.8903984, 52.8607263], [14.895352, 52.8552499], [14.9103512, 52.855151], [14.9186275, 52.8486546], [14.9191542, 52.8438716], [14.8957795, 52.8330309], [14.8949087, 52.8404351], [14.8879694, 52.8466799], [14.8655948, 52.84733], [14.8629998, 52.843242], [14.8729441, 52.8337181], [14.8511319, 52.8284443], [14.8569726, 52.8207225], [14.8541845, 52.8194725], [14.8581621, 52.8176547], [14.8543767, 52.8163265], [14.8548702, 52.8122778], [14.8677596, 52.8122497], [14.8637889, 52.806258], [14.8653174, 52.8037899], [14.8615157, 52.8026887], [14.8654188, 52.7919734], [14.8444159, 52.7903891], [14.8505343, 52.7852765], [14.8488138, 52.7773668], [14.8361973, 52.7773154], [14.8394049, 52.7757973], [14.8294091, 52.7733149], [14.8155167, 52.7744279], [14.8009463, 52.7584532], [14.7913307, 52.7570273], [14.7894058, 52.7519692], [14.7996767, 52.7374958], [14.7952128, 52.7358559], [14.7980129, 52.7274903], [14.7915993, 52.6971131], [14.7636071, 52.6704473], [14.7526052, 52.6689733], [14.7493844, 52.6625754], [14.7492236, 52.6443518], [14.7422959, 52.6432163], [14.7434676, 52.6413093], [14.7301273, 52.6419612], [14.7325317, 52.6404777], [14.7218491, 52.6309619], [14.6916573, 52.6330623], [14.6899527, 52.6357907], [14.6699814, 52.6377455], [14.6582806, 52.642348], [14.6624826, 52.6480397], [14.6472427, 52.651227], [14.6503621, 52.6532788], [14.6290257, 52.6604905], [14.6285057, 52.6548369], [14.5827082, 52.6323866], [14.5745446, 52.6356069], [14.5716125, 52.6289815], [14.5687657, 52.6297987], [14.5640549, 52.6246854], [14.5962113, 52.6106429], [14.609414, 52.5980025], [14.6142877, 52.5862639], [14.6390136, 52.5733174], [14.637479, 52.5665272], [14.6153787, 52.5540644], [14.6136653, 52.5447224], [14.6038381, 52.5310308], [14.6122974, 52.5107862], [14.629926, 52.5031952], [14.6352684, 52.4947612], [14.6263101, 52.4838164], [14.6128203, 52.476832], [14.6087608, 52.4638329], [14.5788254, 52.4415686], [14.5594594, 52.4390887], [14.5481154, 52.4323373], [14.5439612, 52.425505], [14.5465301, 52.4126915], [14.5355281, 52.4007287], [14.5346465, 52.3940605], [14.5514734, 52.375667], [14.5525283, 52.3519878], [14.5626074, 52.339391], [14.5614399, 52.3278059], [14.5749323, 52.3226189], [14.5780759, 52.3128892], [14.5848295, 52.3063473], [14.583445, 52.3016589], [14.5744976, 52.2952201], [14.576952, 52.2875915], [14.5864567, 52.2843088], [14.5919141, 52.2753664], [14.5986799, 52.2723256], [14.689475, 52.2567582], [14.6988057, 52.2523481], [14.7051845, 52.2429511], [14.7155504, 52.2361278], [14.708392, 52.2116715], [14.6858141, 52.193906], [14.7028631, 52.1784994], [14.7055672, 52.1689142], [14.680016, 52.1433834], [14.6841094, 52.1256432], [14.6818121, 52.1156403], [14.7002558, 52.0981084], [14.7208928, 52.094625], [14.741175, 52.0851873], [14.7591818, 52.06569], [14.7572024, 52.0604394], [14.7454372, 52.0537059], [14.7458683, 52.0465394], [14.7498591, 52.0430343], [14.7484224, 52.031928], [14.7402172, 52.0287557], [14.7415102, 52.0235596], [14.7265843, 52.0137258], [14.7252151, 52.0082063], [14.7140288, 52.0036828], [14.7216594, 51.9944745], [14.7162525, 51.9825599], [14.7070754, 51.9796121], [14.7048546, 51.976008], [14.7072324, 51.9657165], [14.7212866, 51.9513151], [14.7193663, 51.9419306], [14.7033945, 51.930887], [14.7055167, 51.9236617], [14.6987665, 51.9132741], [14.691023, 51.907773], [14.6941836, 51.9018952], [14.6746104, 51.8944701], [14.6749038, 51.8897749], [14.6628032, 51.8902347], [14.6548339, 51.8837971], [14.6521474, 51.8737906], [14.6464132, 51.8719786], [14.6438847, 51.8671973], [14.6349672, 51.8655384], [14.6243792, 51.858191], [14.6111046, 51.8571313], [14.6071538, 51.8520417], [14.6124817, 51.845501], [14.6049865, 51.8480951], [14.6044673, 51.8398661], [14.5962723, 51.8422094], [14.5904025, 51.8384573], [14.5931794, 51.8300591], [14.5898156, 51.8271012], [14.5903897, 51.8204437], [14.5969142, 51.817527], [14.6071862, 51.8037926], [14.6321324, 51.8015729], [14.636309, 51.7974683], [14.6454747, 51.7955276], [14.6538038, 51.783596], [14.6545502, 51.7674264], [14.6508478, 51.7612926], [14.664145, 51.756807], [14.6573496, 51.7533273], [14.659991, 51.7489946], [14.6561983, 51.7411809], [14.6681634, 51.725857], [14.677818, 51.7225847], [14.6899816, 51.7087743], [14.7283506, 51.6887282], [14.7362521, 51.6885742], [14.7393902, 51.6838995], [14.7376744, 51.6784963], [14.7465241, 51.6762425], [14.7575189, 51.6611674], [14.7509844, 51.652635], [14.7559094, 51.6452536], [14.7533245, 51.62776], [14.7626829, 51.6201362], [14.7649338, 51.6073984], [14.7519028, 51.595581], [14.7417889, 51.5928111], [14.7306899, 51.5844233], [14.7267289, 51.5747713], [14.7113723, 51.5630445], [14.7163981, 51.5551335], [14.7297178, 51.5495275], [14.7312485, 51.5442045], [14.7264849, 51.5395549], [14.728937, 51.5315902], [14.7358349, 51.5259193], [14.7516242, 51.5218143], [14.7606978, 51.523288], [14.7652599, 51.5189293], [14.7963332, 51.5177786], [14.8047406, 51.5146229], [14.81202, 51.5060388], [14.8188843, 51.5077676], [14.8318307, 51.5040118], [14.8522055, 51.4893995], [14.8645932, 51.4905525], [14.8721599, 51.4847176], [14.8874529, 51.4879284], [14.897941, 51.4819937], [14.9161074, 51.4837632], [14.9245841, 51.4805025], [14.9271861, 51.4731151], [14.9490402, 51.4712855], [14.9563195, 51.4634989], [14.9560641, 51.4582772], [14.9741189, 51.4416733], [14.9704108, 51.4322312], [14.9637622, 51.4342579], [14.9586262, 51.431443], [14.9662695, 51.4264356], [14.964092, 51.4232594], [14.9670244, 51.417549], [14.9645862, 51.412269], [14.9587107, 51.4097849], [14.9692143, 51.3983268], [14.958329, 51.3956954], [14.9659916, 51.3912247], [14.9646652, 51.3869017], [14.9688581, 51.3794933], [14.9837531, 51.3737981], [14.974183, 51.36395], [15.0123505, 51.3634054], [15.0090426, 51.3742009], [15.0133991, 51.3843302], [15.0182041, 51.3866205], [15.0179289, 51.3934623], [15.0711554, 51.3969845], [15.0829901, 51.4079487], [15.0828391, 51.4187169], [15.0879341, 51.4272624], [15.092733, 51.4294932], [15.0953577, 51.425389], [15.1076055, 51.4277185], [15.1297235, 51.4379415], [15.1505582, 51.4424315], [15.18717, 51.4640335], [15.2024196, 51.4628307], [15.2009298, 51.4460435], [15.2182425, 51.444364], [15.2520447, 51.4490452], [15.2719663, 51.4383637], [15.2755167, 51.4297972], [15.2897274, 51.4313703], [15.2927788, 51.4231481], [15.3151934, 51.4176686], [15.3216531, 51.4083019], [15.3336595, 51.4098955], [15.3245284, 51.418351], [15.3284044, 51.4219974], [15.328373, 51.4295572], [15.3432834, 51.4469496], [15.3336586, 51.4516014], [15.3394114, 51.47409], [15.3724909, 51.4696599], [15.3820688, 51.4721395], [15.3801458, 51.4811352], [15.3706252, 51.4801196], [15.3714731, 51.4883595], [15.367014, 51.4939624], [15.371215, 51.5078875], [15.3823884, 51.512438], [15.3799214, 51.514092], [15.3846999, 51.5183964], [15.3851523, 51.5279336], [15.3965393, 51.5310458], [15.4058137, 51.5195914], [15.4369624, 51.5273278], [15.4500606, 51.5259532], [15.457629, 51.5210553], [15.462488, 51.5222734], [15.4705773, 51.5182411], [15.469214, 51.51457], [15.482269, 51.5129659], [15.4858041, 51.5136139], [15.4840758, 51.5235317], [15.4882566, 51.5224393], [15.4876635, 51.5275635], [15.5959435, 51.4695506], [15.5902508, 51.4644654], [15.5928437, 51.4624042], [15.5872825, 51.4602475], [15.5878429, 51.456753], [15.5808784, 51.4530768], [15.5908852, 51.4489345], [15.5927994, 51.4520508], [15.5970796, 51.4514826], [15.5997604, 51.4456744], [15.6234498, 51.4635233], [15.6241414, 51.4719949], [15.634509, 51.4721352], [15.6346609, 51.4789114], [15.6459095, 51.4790818], [15.6560092, 51.4723987], [15.6641919, 51.4827069], [15.6592032, 51.4881177], [15.6673281, 51.4888512], [15.6676323, 51.4989829], [15.6731086, 51.4989214], [15.6732845, 51.5056897], [15.6788106, 51.5056273], [15.6789279, 51.5123821], [15.7009696, 51.5124844], [15.7006014, 51.5173923], [15.7140322, 51.5173973], [15.714066, 51.5216386], [15.7106963, 51.5235121], [15.7123086, 51.5465492], [15.7031573, 51.5464326], [15.7028197, 51.5519088], [15.7063901, 51.5545313], [15.7037765, 51.5570557], [15.7235584, 51.552134], [15.7424689, 51.5557128], [15.7698153, 51.5696573], [15.8236206, 51.5727437], [15.8158121, 51.6029198], [15.8340398, 51.62222], [15.830041, 51.6369864], [15.8375846, 51.6450137], [15.8571889, 51.6504205], [15.8545094, 51.6589343], [15.842831, 51.6613373], [15.8497115, 51.6651966], [15.8342589, 51.6721893], [15.844797, 51.6754112], [15.8424709, 51.6816395], [15.8525436, 51.6839404], [15.8549412, 51.6888442], [15.8685146, 51.6887811], [15.8686837, 51.6910916], [15.8623493, 51.692523], [15.8656273, 51.6926127], [15.8626054, 51.7018154], [15.8658951, 51.7022012], [15.8650745, 51.7069949], [15.8681799, 51.7066243], [15.8695265, 51.7196623], [15.8823854, 51.7199046], [15.8946777, 51.7303178], [15.9124271, 51.7255388], [15.9265703, 51.7296416], [15.9297217, 51.7377115], [15.9631848, 51.7336639], [15.9640324, 51.7373428], [15.9592011, 51.7394667], [15.9608029, 51.7435848], [15.9800854, 51.7453158], [15.9737124, 51.7463486], [15.9765782, 51.7481191], [15.9687397, 51.7683834], [15.9770634, 51.7681396], [15.9799896, 51.7736798], [15.9890238, 51.7692251], [16.0081859, 51.773359], [16.0085706, 51.7757124], [16.0043056, 51.7798204], [15.9984108, 51.7771646], [15.9822664, 51.7785031], [15.9718716, 51.7825291], [15.9659657, 51.7914615], [15.9821627, 51.7993894], [15.9792446, 51.802309], [15.9948226, 51.8047537], [15.9962221, 51.8012279], [16.0013545, 51.8036461], [16.0039076, 51.8005343], [16.0289526, 51.8024476], [16.0349442, 51.7953831], [16.0352369, 51.7816806], [16.0700225, 51.7826431], [16.0726683, 51.7776554], [16.07781, 51.776986], [16.0786309, 51.7728341], [16.0958956, 51.7671083], [16.1163571, 51.7635593], [16.1339629, 51.7651963], [16.133467, 51.7583348], [16.1605154, 51.7588897], [16.1778296, 51.7639684], [16.1617385, 51.7182506], [16.1586183, 51.7179549], [16.1612283, 51.7155011], [16.1600306, 51.7117118], [16.1723257, 51.7091868], [16.1734933, 51.7121586], [16.1830639, 51.7115237], [16.1853838, 51.7159846], [16.1997077, 51.7180593], [16.2022692, 51.7144742], [16.2175391, 51.7146443], [16.2278214, 51.6987469], [16.2232949, 51.6954182], [16.2380542, 51.6883264], [16.2521192, 51.6859449], [16.2553904, 51.6792972], [16.2653867, 51.6725347], [16.2696529, 51.6634149], [16.275983, 51.6724301], [16.2679262, 51.677428], [16.269146, 51.6845405], [16.2764208, 51.6883216], [16.2996305, 51.6900368], [16.2973057, 51.6946502], [16.3022274, 51.6953488], [16.3026657, 51.6984888], [16.3265251, 51.7020539], [16.3501446, 51.7107673], [16.3478857, 51.7125079], [16.3504564, 51.7158333], [16.3559481, 51.7160268], [16.3693148, 51.7288269], [16.3616299, 51.7359419], [16.3617237, 51.7415347], [16.3707282, 51.7450278], [16.3779741, 51.7530437], [16.3759206, 51.7598173], [16.3794855, 51.7657688], [16.3771497, 51.7671797], [16.3832612, 51.7704401], [16.3951652, 51.7672187], [16.4081705, 51.7728913], [16.4110325, 51.7788151], [16.4086411, 51.7799893], [16.4168401, 51.7827507]]]}}, {"type": "Feature", "properties": {"name": "Kuyavian-Pomeranian Voivodeship", "country": "POL"}, "geometry": {"type": "Polygon", "coordinates": [[[19.2891889, 52.3927124], [19.2881479, 52.3976591], [19.2905205, 52.3977982], [19.2803529, 52.4055271], [19.2861929, 52.4055456], [19.2929705, 52.4112495], [19.2934053, 52.4182833], [19.2979913, 52.4179074], [19.2963235, 52.4242607], [19.2867292, 52.4329679], [19.2618397, 52.4356744], [19.2592144, 52.4425912], [19.2680653, 52.4487744], [19.283722, 52.45003], [19.2991147, 52.4453133], [19.3032605, 52.4482411], [19.3191036, 52.4487058], [19.3207533, 52.4547148], [19.3302712, 52.4621905], [19.333151, 52.4667521], [19.3312587, 52.4711368], [19.3388879, 52.4797861], [19.3581246, 52.4811752], [19.3539665, 52.4884639], [19.3637712, 52.5000546], [19.3636073, 52.5037545], [19.3956741, 52.5128547], [19.3847668, 52.5195299], [19.3331195, 52.5248711], [19.3216732, 52.5292499], [19.3195677, 52.5348941], [19.3310578, 52.5328433], [19.3291916, 52.5378636], [19.3322876, 52.5332884], [19.3380805, 52.5339703], [19.3435926, 52.5277822], [19.3488362, 52.5281433], [19.3553546, 52.5371004], [19.3466329, 52.5446972], [19.3494164, 52.5450961], [19.3411146, 52.5670549], [19.3781824, 52.5685747], [19.390559, 52.573358], [19.3948546, 52.5772846], [19.3977125, 52.5927208], [19.4050981, 52.5918983], [19.4144844, 52.5959272], [19.4261045, 52.6114465], [19.3678984, 52.6283338], [19.3733317, 52.6341901], [19.3727408, 52.6373442], [19.3813611, 52.6395987], [19.3837429, 52.6443086], [19.4029592, 52.644455], [19.4056421, 52.6517968], [19.4100509, 52.6542006], [19.4105106, 52.6601957], [19.4140742, 52.6608719], [19.415916, 52.6716286], [19.4303232, 52.6715619], [19.4321657, 52.6766477], [19.4432074, 52.6757581], [19.4458365, 52.670573], [19.4508974, 52.6722212], [19.4438201, 52.6828671], [19.436487, 52.6822674], [19.4366694, 52.6930922], [19.4469625, 52.7060537], [19.4394714, 52.7117222], [19.4427398, 52.7163347], [19.4397009, 52.7192981], [19.4418944, 52.7233974], [19.4568244, 52.7255751], [19.4647832, 52.720762], [19.4908701, 52.715848], [19.4942584, 52.7109831], [19.4919126, 52.7075777], [19.5271102, 52.7048533], [19.5194571, 52.7114509], [19.5032713, 52.713481], [19.5023876, 52.7226375], [19.5070642, 52.7238737], [19.5025387, 52.726679], [19.504999, 52.7292408], [19.4984163, 52.7324804], [19.5010622, 52.7369778], [19.5092161, 52.7369886], [19.5135153, 52.742214], [19.5191003, 52.7418671], [19.522743, 52.7492005], [19.4975302, 52.749496], [19.4986933, 52.7540236], [19.5035917, 52.7551318], [19.4973523, 52.7603465], [19.5063014, 52.760945], [19.5003488, 52.7633767], [19.5044223, 52.7676584], [19.4908606, 52.7743028], [19.4946369, 52.7783628], [19.4928192, 52.7797214], [19.4677479, 52.7859817], [19.4630362, 52.794838], [19.465739, 52.8044635], [19.4524953, 52.8046538], [19.4376426, 52.8147951], [19.4237309, 52.8155332], [19.4312082, 52.8235945], [19.423378, 52.8299519], [19.4273221, 52.8375017], [19.4257201, 52.840774], [19.4439911, 52.8373523], [19.4552892, 52.8447422], [19.4735255, 52.8502709], [19.4633685, 52.8559799], [19.4644571, 52.859646], [19.4739471, 52.8648727], [19.4889829, 52.8667946], [19.5160915, 52.8601164], [19.4585727, 52.9067444], [19.4644528, 52.915822], [19.472448, 52.9175708], [19.4507992, 52.9254431], [19.4447708, 52.9384916], [19.4448782, 52.947468], [19.4577386, 52.9418489], [19.4845939, 52.9440058], [19.4869743, 52.9402791], [19.528887, 52.9364264], [19.5407684, 52.9484102], [19.5825494, 52.9568595], [19.5860842, 52.9630274], [19.5827051, 52.9682812], [19.5592995, 52.9790728], [19.5547068, 52.9900872], [19.6121003, 52.9768776], [19.6240087, 52.9772254], [19.6355223, 52.9699192], [19.6460311, 52.970875], [19.6545949, 52.9613049], [19.6712684, 52.9556191], [19.681072, 52.9564728], [19.6848059, 52.9630391], [19.6816136, 52.9650803], [19.6798641, 52.978431], [19.6648755, 52.9868483], [19.6718821, 52.9910112], [19.6702179, 52.9934593], [19.6775606, 53.0005998], [19.6804405, 53.0096878], [19.6786888, 53.0148017], [19.690281, 53.0215204], [19.6782648, 53.0242473], [19.6812003, 53.0265602], [19.6755781, 53.0291301], [19.6781181, 53.0320482], [19.6657476, 53.0401736], [19.6521787, 53.0377623], [19.6515549, 53.0504651], [19.6547806, 53.0537901], [19.6458061, 53.0543484], [19.6485123, 53.0616797], [19.6457838, 53.0620622], [19.6468419, 53.0662792], [19.6615569, 53.0694415], [19.6580827, 53.0716377], [19.6596015, 53.0744853], [19.646086, 53.0775381], [19.6469938, 53.0873023], [19.6365589, 53.0944129], [19.6386656, 53.0948645], [19.6385221, 53.1066244], [19.6342403, 53.1116819], [19.6506431, 53.1123726], [19.6522091, 53.1069545], [19.6670528, 53.1061096], [19.6726904, 53.1128024], [19.6827173, 53.1129485], [19.6846953, 53.1231471], [19.6912158, 53.1225679], [19.6928553, 53.1195335], [19.7104297, 53.1213245], [19.7119563, 53.1346507], [19.7326079, 53.1445061], [19.7615952, 53.1517965], [19.7507662, 53.1784383], [19.7465944, 53.1797277], [19.7511129, 53.1843393], [19.7416812, 53.1885556], [19.7468638, 53.1932878], [19.7364695, 53.2032241], [19.7422205, 53.2036484], [19.7459426, 53.2110357], [19.7527408, 53.2125577], [19.7425973, 53.2218232], [19.7436577, 53.2282023], [19.7168943, 53.231056], [19.7001264, 53.2365089], [19.6950679, 53.2328217], [19.6895399, 53.2338967], [19.6918551, 53.2521622], [19.6832172, 53.2541788], [19.68582, 53.2556955], [19.6827996, 53.2584516], [19.6908765, 53.2597223], [19.7131601, 53.2745259], [19.7305661, 53.2709455], [19.7170291, 53.280934], [19.7195453, 53.2842602], [19.7257352, 53.2841914], [19.712152, 53.2886849], [19.7181228, 53.3020684], [19.6897564, 53.3068241], [19.6850528, 53.304134], [19.6843175, 53.3071477], [19.6893038, 53.3082436], [19.6891462, 53.3128629], [19.6870718, 53.3124935], [19.6901103, 53.3362915], [19.6415275, 53.344606], [19.6123963, 53.3382598], [19.6087897, 53.3419587], [19.5876269, 53.3317948], [19.5197281, 53.3304532], [19.5225562, 53.3368396], [19.5188879, 53.338998], [19.5218421, 53.3398457], [19.5200934, 53.342153], [19.5252804, 53.34447], [19.522076, 53.3446043], [19.5287836, 53.3529984], [19.5251234, 53.3514694], [19.5211087, 53.35707], [19.5238629, 53.3595396], [19.5183127, 53.3585443], [19.5198831, 53.3702599], [19.5085407, 53.3710641], [19.4975504, 53.3634418], [19.484633, 53.3599955], [19.4785712, 53.3622048], [19.4814816, 53.3714364], [19.4731944, 53.371627], [19.4664809, 53.3699367], [19.4655796, 53.3653764], [19.4579557, 53.3597883], [19.4287345, 53.3592292], [19.4396147, 53.3717757], [19.4473617, 53.375643], [19.4178399, 53.378856], [19.4125954, 53.3873893], [19.4079585, 53.3893779], [19.4110639, 53.3917072], [19.4080324, 53.3924601], [19.3991744, 53.3908948], [19.3947641, 53.394632], [19.3974384, 53.3887003], [19.3928491, 53.3883627], [19.3894529, 53.3907821], [19.3923807, 53.3924659], [19.3879983, 53.4035822], [19.3817674, 53.406366], [19.3829039, 53.4096068], [19.3692067, 53.4128363], [19.3295139, 53.4050467], [19.3199599, 53.4103431], [19.3073788, 53.41149], [19.3077342, 53.4067684], [19.2966858, 53.4032882], [19.2922181, 53.3988153], [19.3002097, 53.4029248], [19.3051359, 53.4000623], [19.3002987, 53.3948991], [19.2959055, 53.3950116], [19.2912283, 53.3891723], [19.2917379, 53.3850559], [19.2875263, 53.3905999], [19.2591984, 53.3964829], [19.2471468, 53.4095464], [19.2316502, 53.4145804], [19.2372931, 53.4159007], [19.2328355, 53.4174842], [19.2324992, 53.4211791], [19.2395067, 53.4172338], [19.2497211, 53.4226106], [19.2545881, 53.4315269], [19.2461847, 53.434713], [19.2409665, 53.4410031], [19.2456757, 53.4440265], [19.2416786, 53.4530167], [19.2464851, 53.4552633], [19.2436435, 53.4593655], [19.2341062, 53.4530739], [19.225816, 53.4530589], [19.2258743, 53.4611528], [19.2366431, 53.4675332], [19.230725, 53.4768349], [19.2232379, 53.4804013], [19.225816, 53.4885447], [19.2058504, 53.4966589], [19.1891991, 53.5115588], [19.1916573, 53.5140886], [19.1894787, 53.5153178], [19.2017437, 53.5191441], [19.2042814, 53.523077], [19.2188393, 53.5242589], [19.2199851, 53.5283625], [19.213791, 53.5317742], [19.2115037, 53.5380203], [19.2135739, 53.540779], [19.2088086, 53.5413926], [19.2106745, 53.5429324], [19.2078912, 53.5480953], [19.1952071, 53.5439664], [19.1892146, 53.5477704], [19.1997008, 53.5700594], [19.1741451, 53.5811387], [19.1613396, 53.5841405], [19.1577339, 53.5814956], [19.085556, 53.5982083], [19.0497684, 53.5966753], [19.0245675, 53.5931481], [19.0246592, 53.5905884], [18.9888332, 53.5950544], [18.9872696, 53.5898909], [18.9768117, 53.5873738], [18.9420457, 53.5881504], [18.9267527, 53.5916779], [18.9142126, 53.5789825], [18.9031154, 53.5779155], [18.9085514, 53.5915209], [18.8901397, 53.5994978], [18.8298843, 53.6048037], [18.7679386, 53.6058324], [18.7635737, 53.6109084], [18.7649394, 53.6053873], [18.7615772, 53.6048822], [18.7393698, 53.6357147], [18.7405063, 53.6464686], [18.7465552, 53.657461], [18.7743777, 53.6805118], [18.7889714, 53.7021054], [18.782368, 53.7039851], [18.7506573, 53.6926067], [18.7531713, 53.6903639], [18.7488361, 53.6856906], [18.741008, 53.6927675], [18.7339944, 53.6859976], [18.7255001, 53.6837621], [18.7190444, 53.688515], [18.7114651, 53.6860354], [18.6959323, 53.6923208], [18.6965525, 53.6999531], [18.6878546, 53.6991403], [18.6781057, 53.690745], [18.6634018, 53.6965545], [18.6535585, 53.6948335], [18.6551843, 53.6936423], [18.6373278, 53.6773832], [18.6299786, 53.6744253], [18.6094962, 53.6706092], [18.5855871, 53.6735758], [18.5787242, 53.677407], [18.5708968, 53.6753998], [18.5670875, 53.6733447], [18.5824224, 53.6662377], [18.5833946, 53.6593523], [18.5534285, 53.65511], [18.5459359, 53.6596941], [18.5434218, 53.6663984], [18.5282989, 53.6683269], [18.5322595, 53.6694056], [18.5288587, 53.672988], [18.5329769, 53.6754339], [18.5297666, 53.6791611], [18.5144732, 53.6809601], [18.5124578, 53.6889627], [18.5232296, 53.6914833], [18.5158298, 53.7040334], [18.5081074, 53.6999058], [18.4941984, 53.6992084], [18.4902068, 53.702068], [18.4703758, 53.7036936], [18.4684465, 53.6897442], [18.4602094, 53.6863849], [18.455058, 53.6865223], [18.4556568, 53.6936626], [18.4185174, 53.6872154], [18.4202107, 53.6919574], [18.3539987, 53.6874046], [18.3489616, 53.6895583], [18.3517072, 53.691383], [18.3412337, 53.693256], [18.2637615, 53.7009832], [18.2541991, 53.7113094], [18.274116, 53.7167747], [18.2766764, 53.7206876], [18.2659167, 53.7248697], [18.2738753, 53.731785], [18.2648818, 53.7409884], [18.2676351, 53.7423304], [18.2595766, 53.7425142], [18.2561326, 53.7461357], [18.2190343, 53.739837], [18.2212563, 53.7517077], [18.2168752, 53.7517791], [18.2141436, 53.7508555], [18.2155157, 53.7476804], [18.2082188, 53.7451325], [18.204905, 53.740205], [18.1961887, 53.7388464], [18.1952306, 53.7426862], [18.1979402, 53.7414397], [18.2006161, 53.7447354], [18.2015207, 53.7561909], [18.181363, 53.7533027], [18.1788993, 53.7435487], [18.1749283, 53.7436695], [18.1777503, 53.7459588], [18.1705652, 53.7452561], [18.1548796, 53.7532406], [18.1518069, 53.7682609], [18.1305309, 53.769382], [18.1255795, 53.7642728], [18.110799, 53.7582198], [18.1073598, 53.7613713], [18.1103573, 53.7643096], [18.1090234, 53.7691225], [18.0994203, 53.7674478], [18.0942291, 53.7749088], [18.0720363, 53.781075], [18.070395, 53.7732157], [18.0576841, 53.7604691], [18.0499494, 53.7412277], [18.0415757, 53.7397802], [18.0469377, 53.736167], [18.0319345, 53.7249467], [18.0277673, 53.7290155], [18.0148304, 53.7241873], [17.9912424, 53.7245053], [17.9863675, 53.7314892], [17.9733608, 53.7368807], [17.9536231, 53.7381013], [17.9481925, 53.7487559], [17.9351847, 53.7434676], [17.9287226, 53.7499611], [17.9008638, 53.7479059], [17.875554, 53.7577595], [17.8635637, 53.7581853], [17.8592658, 53.7544617], [17.8669454, 53.7455225], [17.8760507, 53.74599], [17.889393, 53.7276811], [17.904095, 53.721883], [17.8924042, 53.7171527], [17.8985443, 53.7105714], [17.8744095, 53.7055738], [17.8518377, 53.688042], [17.8326118, 53.6930745], [17.8241586, 53.6917011], [17.8072377, 53.6790267], [17.7981079, 53.678803], [17.7721897, 53.699905], [17.7631514, 53.6948642], [17.7626056, 53.6897002], [17.7668766, 53.6890909], [17.763906, 53.6836734], [17.7587003, 53.6866601], [17.7539061, 53.6793277], [17.7467143, 53.6811142], [17.7406906, 53.6779756], [17.7401777, 53.6740224], [17.7442202, 53.6700058], [17.7335157, 53.6629056], [17.7383352, 53.6560355], [17.7333232, 53.6550602], [17.7329736, 53.6479808], [17.7236338, 53.6404165], [17.7119263, 53.6362211], [17.7117778, 53.6293225], [17.7193433, 53.6237355], [17.7150206, 53.6199002], [17.7196875, 53.6170057], [17.7109628, 53.6090405], [17.7260661, 53.6097429], [17.7287591, 53.6136359], [17.7350575, 53.6137244], [17.735683, 53.6012599], [17.7318592, 53.6004867], [17.7304476, 53.5929049], [17.704751, 53.5952378], [17.7007133, 53.5917395], [17.6928075, 53.5949236], [17.6871812, 53.5927175], [17.6686389, 53.6018456], [17.6569711, 53.5939901], [17.6550426, 53.5887068], [17.6742402, 53.5835783], [17.6748639, 53.5719995], [17.671974, 53.5702019], [17.6566976, 53.5711521], [17.6507375, 53.5816418], [17.604345, 53.5968827], [17.5793114, 53.578484], [17.544077, 53.5802699], [17.5292466, 53.5929712], [17.5239387, 53.6055403], [17.5102134, 53.6131828], [17.5145946, 53.6177513], [17.5086293, 53.6171615], [17.4997321, 53.6076576], [17.4810279, 53.602023], [17.4462829, 53.601243], [17.4219839, 53.5840966], [17.4248534, 53.5787892], [17.4171429, 53.5684051], [17.420109, 53.5646834], [17.4132429, 53.5607746], [17.4216177, 53.5549136], [17.4177869, 53.5525126], [17.4225838, 53.54999], [17.4199199, 53.5422503], [17.4228043, 53.5374873], [17.4171167, 53.5329459], [17.4109625, 53.5334677], [17.404813, 53.5255749], [17.4020333, 53.5121207], [17.3938257, 53.5078117], [17.3955084, 53.4971313], [17.3906529, 53.4909643], [17.394055, 53.4903003], [17.3824878, 53.4685956], [17.3733463, 53.466984], [17.3628985, 53.4585272], [17.3459295, 53.4534281], [17.3444212, 53.44983], [17.3388576, 53.4497695], [17.339963, 53.4479267], [17.3347586, 53.4450394], [17.3368732, 53.4425826], [17.3287803, 53.4351129], [17.2946506, 53.4217644], [17.2901327, 53.4149567], [17.2939554, 53.412088], [17.2959957, 53.4037261], [17.2895866, 53.3969409], [17.2671813, 53.3885043], [17.2585057, 53.3808176], [17.2480552, 53.3802861], [17.2472903, 53.3749929], [17.2575261, 53.3665089], [17.2572409, 53.3633914], [17.3252379, 53.3471596], [17.3381565, 53.3476822], [17.3421435, 53.3371712], [17.3545764, 53.3334594], [17.3577544, 53.3273171], [17.3534417, 53.3239101], [17.3550069, 53.3209926], [17.3788287, 53.3118319], [17.3806043, 53.3059941], [17.3846765, 53.3069539], [17.3882965, 53.2981884], [17.4013897, 53.2936422], [17.3923288, 53.2909358], [17.3953741, 53.2884199], [17.407105, 53.2816655], [17.41054, 53.2871182], [17.4201211, 53.2833478], [17.4387932, 53.2675148], [17.4183091, 53.2533691], [17.4279069, 53.246423], [17.4126628, 53.2414132], [17.417279, 53.2309366], [17.4092078, 53.2272528], [17.3688987, 53.2267682], [17.363704, 53.2233523], [17.3319509, 53.2177871], [17.3320872, 53.214584], [17.321557, 53.2162727], [17.3211305, 53.2114723], [17.3342867, 53.208502], [17.3457576, 53.2010926], [17.3443091, 53.1977888], [17.347128, 53.1962625], [17.3352399, 53.1794906], [17.3369026, 53.1714907], [17.3468279, 53.1634471], [17.3352514, 53.1554321], [17.353127, 53.1547713], [17.3513179, 53.1510301], [17.3741166, 53.1485642], [17.3928022, 53.1419569], [17.3871064, 53.1375908], [17.3870634, 53.1337421], [17.3526047, 53.1311187], [17.3569949, 53.1239071], [17.3596283, 53.1241123], [17.3609444, 53.117441], [17.3571521, 53.0872049], [17.3344961, 53.0774298], [17.3239495, 53.0782637], [17.3306278, 53.0512214], [17.3366944, 53.0427421], [17.3334059, 53.0191223], [17.3154168, 53.019142], [17.3015565, 52.9948032], [17.3170029, 52.9899736], [17.3169189, 52.9740437], [17.3685957, 52.973261], [17.3947822, 52.9823334], [17.4110324, 52.9710021], [17.4256401, 52.9675789], [17.4580624, 52.9505858], [17.4699273, 52.9483135], [17.4853953, 52.949986], [17.4912583, 52.9457837], [17.4983485, 52.9324693], [17.5186518, 52.928045], [17.5095826, 52.9177682], [17.519, 52.8968238], [17.5182567, 52.8857274], [17.528441, 52.8848029], [17.5232778, 52.8740556], [17.5271481, 52.8581814], [17.5133298, 52.8548839], [17.5158053, 52.8388202], [17.5123356, 52.8318058], [17.5196704, 52.8269395], [17.5209605, 52.8215265], [17.5140223, 52.8181761], [17.5132042, 52.8095585], [17.504503, 52.8040637], [17.5070785, 52.8010952], [17.5053575, 52.7985847], [17.5098324, 52.7958131], [17.5033421, 52.7867256], [17.4982122, 52.7849175], [17.4604109, 52.7867611], [17.4602958, 52.790743], [17.4528332, 52.7972304], [17.4430585, 52.7878505], [17.4325009, 52.783911], [17.4270086, 52.7863072], [17.4107468, 52.7852505], [17.4130388, 52.7775418], [17.4081165, 52.771485], [17.422518, 52.7666043], [17.4138609, 52.7667292], [17.4142865, 52.7624477], [17.4078471, 52.7618044], [17.4096728, 52.7570469], [17.4043654, 52.7567183], [17.4157775, 52.7558386], [17.4187475, 52.7512701], [17.4390536, 52.7504387], [17.4585227, 52.7389479], [17.4706176, 52.7371843], [17.4692521, 52.7335923], [17.4892723, 52.7281021], [17.4874753, 52.7212529], [17.4802852, 52.7163271], [17.4800646, 52.7114493], [17.5002675, 52.7111076], [17.500424, 52.7086595], [17.4952735, 52.7039381], [17.4778607, 52.706757], [17.4750046, 52.7045447], [17.4717777, 52.6856958], [17.4672015, 52.680384], [17.4846538, 52.6820012], [17.4821256, 52.6877963], [17.4851868, 52.6887979], [17.4897441, 52.6843659], [17.5007865, 52.6847422], [17.5061474, 52.6731457], [17.5244726, 52.6725297], [17.5236103, 52.6781221], [17.5273101, 52.6814607], [17.5461364, 52.6908909], [17.5574294, 52.6881721], [17.5669007, 52.6928543], [17.5743746, 52.6916573], [17.5778991, 52.6945352], [17.579077, 52.7050002], [17.6140184, 52.7029716], [17.6276354, 52.70818], [17.6403786, 52.6923787], [17.6477242, 52.6904315], [17.6310219, 52.6782286], [17.6303666, 52.67318], [17.6360121, 52.6712804], [17.6387908, 52.6638368], [17.6303251, 52.6549218], [17.6351483, 52.650707], [17.634517, 52.6471256], [17.6381473, 52.6485471], [17.6465348, 52.6448043], [17.6815962, 52.6507039], [17.675394, 52.6401999], [17.6823857, 52.6250614], [17.6748956, 52.6159555], [17.6780621, 52.6023977], [17.6897266, 52.6021202], [17.7032964, 52.6162605], [17.7047201, 52.6127621], [17.6993885, 52.6098227], [17.7039926, 52.6038391], [17.7136225, 52.6149687], [17.7491129, 52.6325036], [17.7445496, 52.6424873], [17.7238166, 52.6330976], [17.7156779, 52.6396711], [17.7358896, 52.6503485], [17.7495648, 52.6512044], [17.7609241, 52.6569327], [17.765301, 52.6555966], [17.7604515, 52.6494941], [17.7665444, 52.6385065], [17.7599651, 52.6394228], [17.7609972, 52.6341859], [17.7780731, 52.6369087], [17.7802789, 52.6485613], [17.785646, 52.6516146], [17.8136474, 52.6445594], [17.8182043, 52.6408682], [17.8270069, 52.6426252], [17.828852, 52.6364415], [17.8254991, 52.6345327], [17.8446317, 52.6281816], [17.8768346, 52.6338769], [17.8764852, 52.6285714], [17.9013845, 52.6116237], [17.9154941, 52.6125276], [17.9089957, 52.6081017], [17.9077528, 52.5951282], [17.9210001, 52.5982757], [17.9075956, 52.5932197], [17.9004438, 52.586407], [17.9181247, 52.5804162], [17.9163766, 52.5756212], [17.932721, 52.5711931], [17.9285902, 52.5834388], [17.9336414, 52.5876989], [17.9367095, 52.5870181], [17.932518, 52.5825502], [17.9464347, 52.5782193], [17.9462556, 52.5687014], [17.960115, 52.5699525], [17.9596931, 52.5753399], [17.9702199, 52.5755177], [17.9720903, 52.5672988], [17.964703, 52.5652788], [17.9741996, 52.563071], [17.9762526, 52.5676945], [17.9824846, 52.5671195], [17.9811409, 52.5645391], [17.9835691, 52.5643256], [17.9864627, 52.5776031], [17.9915586, 52.5638106], [17.9854095, 52.5553838], [17.9900755, 52.5498416], [17.987369, 52.5431467], [17.9945001, 52.5414763], [17.9982482, 52.5421095], [17.9982273, 52.5503981], [18.002569, 52.5549735], [18.0226916, 52.5550335], [18.0595917, 52.5427378], [18.0589472, 52.5477318], [18.0626745, 52.5475595], [18.0644486, 52.5517493], [18.0953974, 52.5531214], [18.1053822, 52.5445077], [18.1068187, 52.5385449], [18.1011987, 52.5370405], [18.1000689, 52.5331178], [18.0917707, 52.5316521], [18.0902488, 52.5205171], [18.1063022, 52.5137529], [18.1241804, 52.5163529], [18.1249844, 52.5071207], [18.1360942, 52.5049813], [18.1546163, 52.5095076], [18.1829124, 52.5036887], [18.1987083, 52.5047946], [18.2026002, 52.500637], [18.2001602, 52.4863138], [18.2045789, 52.4831702], [18.220291, 52.4827111], [18.2413762, 52.4880022], [18.2601806, 52.4811603], [18.2755411, 52.4914214], [18.2988884, 52.4991895], [18.3452325, 52.5217407], [18.3400202, 52.5303265], [18.3399254, 52.5374735], [18.3524739, 52.5433603], [18.3771504, 52.5374638], [18.3859491, 52.5319721], [18.3846855, 52.5297373], [18.38803, 52.5268696], [18.3832787, 52.5224091], [18.3758809, 52.5038576], [18.3870145, 52.4849207], [18.3844396, 52.4750953], [18.3900572, 52.4705644], [18.3999584, 52.4741102], [18.403478, 52.4703376], [18.4049872, 52.4728475], [18.4196612, 52.473178], [18.4228983, 52.4795256], [18.441047, 52.4807366], [18.4634626, 52.4765809], [18.4669187, 52.4816314], [18.4621865, 52.4904586], [18.4725292, 52.4894842], [18.486312, 52.498112], [18.4855412, 52.5028181], [18.4905171, 52.5047734], [18.5255723, 52.499454], [18.5322724, 52.4970088], [18.5304316, 52.4940006], [18.5332197, 52.4915209], [18.5397034, 52.4909425], [18.5357458, 52.4833429], [18.5382818, 52.4812268], [18.5426502, 52.4856835], [18.5595839, 52.4841938], [18.5626983, 52.4729811], [18.5601482, 52.4633287], [18.5740619, 52.4651774], [18.5889613, 52.4615602], [18.5928522, 52.4694853], [18.6024715, 52.4638532], [18.6086892, 52.4554615], [18.6260037, 52.4556762], [18.6501786, 52.4502654], [18.6487422, 52.4394668], [18.6579868, 52.4218513], [18.6695989, 52.4241926], [18.6700673, 52.421531], [18.6848207, 52.4280484], [18.6770566, 52.4175626], [18.6832195, 52.4096225], [18.6794968, 52.4006776], [18.7150114, 52.3988217], [18.7183326, 52.3899899], [18.7246184, 52.388535], [18.7320201, 52.3803186], [18.7325454, 52.3736242], [18.7399155, 52.3735909], [18.7423895, 52.3647087], [18.754565, 52.3613129], [18.7511321, 52.3463201], [18.7557901, 52.3317835], [18.7612923, 52.3335178], [18.7601394, 52.3364495], [18.7722473, 52.3328446], [18.7785519, 52.3343947], [18.7804217, 52.3419621], [18.8142219, 52.3523691], [18.8191405, 52.3474209], [18.8244522, 52.3482172], [18.8277646, 52.3436984], [18.8355911, 52.3431272], [18.8555288, 52.3483889], [18.8775238, 52.3632137], [18.8897543, 52.359487], [18.8928797, 52.3631486], [18.912511, 52.3662306], [18.9102369, 52.3783151], [18.9205463, 52.3757683], [18.9300488, 52.3783011], [18.9262809, 52.3814299], [18.9208653, 52.3988323], [18.9244199, 52.3998951], [18.9316051, 52.3938284], [18.9408357, 52.3915465], [18.9445689, 52.3846574], [18.9528415, 52.3790714], [18.9753539, 52.3749988], [18.9768584, 52.3706967], [18.9735499, 52.3698985], [18.9799909, 52.364552], [18.9669265, 52.3612026], [18.9694492, 52.3553329], [18.9822312, 52.3565012], [18.9993372, 52.352956], [19.0080623, 52.3493235], [19.0053237, 52.3398436], [19.0200076, 52.3378525], [19.0290131, 52.332093], [19.0640166, 52.3306357], [19.055172, 52.3376208], [19.0764926, 52.3395123], [19.0998739, 52.3479162], [19.124199, 52.3427891], [19.1509673, 52.3466186], [19.1595214, 52.3407887], [19.1805193, 52.3490418], [19.1873953, 52.3485282], [19.1992777, 52.3603054], [19.2060188, 52.3559996], [19.2006637, 52.3512546], [19.218357, 52.3411909], [19.2249321, 52.344198], [19.2091688, 52.3534485], [19.2123071, 52.356529], [19.2071285, 52.358396], [19.2100101, 52.3656092], [19.2248199, 52.3615018], [19.2367041, 52.3622141], [19.236304, 52.3692602], [19.2639135, 52.3841422], [19.2614415, 52.387611], [19.2705594, 52.3929825], [19.2891889, 52.3927124]]]}}, {"type": "Feature", "properties": {"name": "Pomeranian Voivodeship", "country": "POL"}, "geometry": {"type": "Polygon", "coordinates": [[[17.3906529, 53.4909643], [17.3955084, 53.4971313], [17.3938257, 53.5078117], [17.4020333, 53.5121207], [17.404813, 53.5255749], [17.4109625, 53.5334677], [17.4171167, 53.5329459], [17.4228043, 53.5374873], [17.4199199, 53.5422503], [17.4225838, 53.54999], [17.4177869, 53.5525126], [17.4216177, 53.5549136], [17.4132429, 53.5607746], [17.420109, 53.5646834], [17.4171429, 53.5684051], [17.4248534, 53.5787892], [17.4219839, 53.5840966], [17.4462829, 53.601243], [17.4810279, 53.602023], [17.4997321, 53.6076576], [17.5086293, 53.6171615], [17.5145946, 53.6177513], [17.5102134, 53.6131828], [17.5239387, 53.6055403], [17.5292466, 53.5929712], [17.544077, 53.5802699], [17.5793114, 53.578484], [17.604345, 53.5968827], [17.6507375, 53.5816418], [17.6566976, 53.5711521], [17.671974, 53.5702019], [17.6748639, 53.5719995], [17.6742402, 53.5835783], [17.6550426, 53.5887068], [17.6569711, 53.5939901], [17.6686389, 53.6018456], [17.6871812, 53.5927175], [17.6928075, 53.5949236], [17.7007133, 53.5917395], [17.704751, 53.5952378], [17.7304476, 53.5929049], [17.7318592, 53.6004867], [17.735683, 53.6012599], [17.7350575, 53.6137244], [17.7287591, 53.6136359], [17.7260661, 53.6097429], [17.7109628, 53.6090405], [17.7196875, 53.6170057], [17.7150206, 53.6199002], [17.7193433, 53.6237355], [17.7117778, 53.6293225], [17.7119263, 53.6362211], [17.7236338, 53.6404165], [17.7329736, 53.6479808], [17.7333232, 53.6550602], [17.7383352, 53.6560355], [17.7335157, 53.6629056], [17.7442202, 53.6700058], [17.7401777, 53.6740224], [17.7406906, 53.6779756], [17.7467143, 53.6811142], [17.7539061, 53.6793277], [17.7587003, 53.6866601], [17.763906, 53.6836734], [17.7668766, 53.6890909], [17.7626056, 53.6897002], [17.7631514, 53.6948642], [17.7721897, 53.699905], [17.7981079, 53.678803], [17.8072377, 53.6790267], [17.8241586, 53.6917011], [17.8326118, 53.6930745], [17.8518377, 53.688042], [17.8744095, 53.7055738], [17.8985443, 53.7105714], [17.8924042, 53.7171527], [17.904095, 53.721883], [17.889393, 53.7276811], [17.8760507, 53.74599], [17.8669454, 53.7455225], [17.8592658, 53.7544617], [17.8635637, 53.7581853], [17.875554, 53.7577595], [17.9008638, 53.7479059], [17.9287226, 53.7499611], [17.9351847, 53.7434676], [17.9481925, 53.7487559], [17.9536231, 53.7381013], [17.9733608, 53.7368807], [17.9863675, 53.7314892], [17.9912424, 53.7245053], [18.0148304, 53.7241873], [18.0277673, 53.7290155], [18.0319345, 53.7249467], [18.0469377, 53.736167], [18.0415757, 53.7397802], [18.0499494, 53.7412277], [18.0576841, 53.7604691], [18.070395, 53.7732157], [18.0720363, 53.781075], [18.0942291, 53.7749088], [18.0994203, 53.7674478], [18.1090234, 53.7691225], [18.1103573, 53.7643096], [18.1073598, 53.7613713], [18.110799, 53.7582198], [18.1255795, 53.7642728], [18.1305309, 53.769382], [18.1518069, 53.7682609], [18.1548796, 53.7532406], [18.1705652, 53.7452561], [18.1777503, 53.7459588], [18.1749283, 53.7436695], [18.1788993, 53.7435487], [18.181363, 53.7533027], [18.2015207, 53.7561909], [18.2006161, 53.7447354], [18.1979402, 53.7414397], [18.1952306, 53.7426862], [18.1961887, 53.7388464], [18.204905, 53.740205], [18.2082188, 53.7451325], [18.2155157, 53.7476804], [18.2141436, 53.7508555], [18.2168752, 53.7517791], [18.2212563, 53.7517077], [18.2190343, 53.739837], [18.2561326, 53.7461357], [18.2595766, 53.7425142], [18.2676351, 53.7423304], [18.2648818, 53.7409884], [18.2738753, 53.731785], [18.2659167, 53.7248697], [18.2766764, 53.7206876], [18.274116, 53.7167747], [18.2541991, 53.7113094], [18.2637615, 53.7009832], [18.3412337, 53.693256], [18.3517072, 53.691383], [18.3489616, 53.6895583], [18.3539987, 53.6874046], [18.4202107, 53.6919574], [18.4185174, 53.6872154], [18.4556568, 53.6936626], [18.455058, 53.6865223], [18.4602094, 53.6863849], [18.4684465, 53.6897442], [18.4703758, 53.7036936], [18.4902068, 53.702068], [18.4941984, 53.6992084], [18.5081074, 53.6999058], [18.5158298, 53.7040334], [18.5232296, 53.6914833], [18.5124578, 53.6889627], [18.5144732, 53.6809601], [18.5297666, 53.6791611], [18.5329769, 53.6754339], [18.5288587, 53.672988], [18.5322595, 53.6694056], [18.5282989, 53.6683269], [18.5434218, 53.6663984], [18.5459359, 53.6596941], [18.5534285, 53.65511], [18.5833946, 53.6593523], [18.5824224, 53.6662377], [18.5670875, 53.6733447], [18.5708968, 53.6753998], [18.5787242, 53.677407], [18.5855871, 53.6735758], [18.6094962, 53.6706092], [18.6299786, 53.6744253], [18.6373278, 53.6773832], [18.6551843, 53.6936423], [18.6535585, 53.6948335], [18.6634018, 53.6965545], [18.6781057, 53.690745], [18.6878546, 53.6991403], [18.6965525, 53.6999531], [18.6959323, 53.6923208], [18.7114651, 53.6860354], [18.7190444, 53.688515], [18.7255001, 53.6837621], [18.7339944, 53.6859976], [18.741008, 53.6927675], [18.7488361, 53.6856906], [18.7531713, 53.6903639], [18.7506573, 53.6926067], [18.782368, 53.7039851], [18.7889714, 53.7021054], [18.7743777, 53.6805118], [18.7465552, 53.657461], [18.7405063, 53.6464686], [18.7393698, 53.6357147], [18.7615772, 53.6048822], [18.7649394, 53.6053873], [18.7635737, 53.6109084], [18.7679386, 53.6058324], [18.8298843, 53.6048037], [18.8901397, 53.5994978], [18.9085514, 53.5915209], [18.9031154, 53.5779155], [18.9142126, 53.5789825], [18.9267527, 53.5916779], [18.9420457, 53.5881504], [18.9768117, 53.5873738], [18.9872696, 53.5898909], [18.9888332, 53.5950544], [18.9934333, 53.5954439], [19.0246592, 53.5905884], [19.0245675, 53.5931481], [19.0497684, 53.5966753], [19.085556, 53.5982083], [19.1292765, 53.5882606], [19.1304406, 53.5996976], [19.1276405, 53.6021858], [19.1303619, 53.6082784], [19.1386174, 53.6100128], [19.1628559, 53.624325], [19.1790834, 53.6403803], [19.1844672, 53.6371162], [19.1934561, 53.6411148], [19.202701, 53.6349809], [19.2122802, 53.6433662], [19.2108274, 53.6502357], [19.2152052, 53.6483881], [19.213691, 53.6697068], [19.2236603, 53.6687366], [19.2129456, 53.6914251], [19.2262058, 53.7052023], [19.2373375, 53.7077375], [19.2378514, 53.7113666], [19.2638789, 53.7299448], [19.2777836, 53.7323393], [19.2811405, 53.737], [19.2893074, 53.739508], [19.3041696, 53.7540444], [19.300346, 53.7556235], [19.29944, 53.7622501], [19.3040738, 53.7673477], [19.2986437, 53.7708976], [19.3029493, 53.778165], [19.2987131, 53.7788952], [19.3048583, 53.7884525], [19.3159515, 53.7908956], [19.3088599, 53.794548], [19.3123269, 53.8009057], [19.3097197, 53.8013776], [19.3217737, 53.8130739], [19.37053, 53.8141995], [19.454206, 53.7975526], [19.4563379, 53.796573], [19.4548914, 53.7897537], [19.4618488, 53.7855512], [19.4604619, 53.783177], [19.4708131, 53.7785294], [19.4746159, 53.779747], [19.4808718, 53.7751068], [19.4825266, 53.7802121], [19.4718824, 53.7848599], [19.5003746, 53.8066453], [19.479621, 53.8168421], [19.5185824, 53.8466391], [19.5122658, 53.8472111], [19.5141792, 53.8566794], [19.5243998, 53.8600839], [19.5296753, 53.8691624], [19.5264501, 53.8699359], [19.5304001, 53.8743016], [19.5379549, 53.8752298], [19.5371445, 53.878345], [19.539741, 53.8789219], [19.5342793, 53.8813311], [19.5420575, 53.8838873], [19.5571801, 53.8978283], [19.5548621, 53.8983347], [19.5607386, 53.9194212], [19.5559152, 53.9257705], [19.581343, 53.927063], [19.5820746, 53.9395778], [19.5749771, 53.9436946], [19.5759814, 53.9483463], [19.5666239, 53.9434168], [19.5578003, 53.9442592], [19.5591047, 53.9473151], [19.5556224, 53.9480825], [19.5349903, 53.9443903], [19.4890438, 53.9465323], [19.4842481, 53.9427056], [19.4586751, 53.9420542], [19.4414192, 53.9333443], [19.4167311, 53.9263044], [19.4005458, 53.930193], [19.4017131, 53.9343249], [19.3743251, 53.9353602], [19.3695635, 53.9377981], [19.3724409, 53.9490855], [19.3658825, 53.9606215], [19.3778351, 53.9847614], [19.384147, 53.9901668], [19.4107388, 53.9993944], [19.4045708, 54.0024668], [19.3890489, 54.0006655], [19.3720146, 54.0019269], [19.3667032, 54.0059559], [19.3602076, 54.0045251], [19.3248041, 54.0201876], [19.3199077, 54.027269], [19.2929411, 54.024843], [19.2849819, 54.0138964], [19.2789019, 54.0129506], [19.271029, 54.0176192], [19.2712915, 54.0238411], [19.2582081, 54.0352357], [19.2664068, 54.0370876], [19.271161, 54.0417311], [19.2824587, 54.0417684], [19.2748818, 54.0529898], [19.2667297, 54.0508121], [19.2375624, 54.0649041], [19.2329378, 54.0640489], [19.2207306, 54.069509], [19.2259716, 54.0770501], [19.2553548, 54.0857355], [19.2319012, 54.1121365], [19.2171534, 54.1155713], [19.2379849, 54.1268892], [19.2578105, 54.1512312], [19.2550502, 54.1588332], [19.2467523, 54.161403], [19.2470023, 54.1671583], [19.2587339, 54.1754056], [19.285288, 54.1864793], [19.317997, 54.1903635], [19.3262703, 54.2020801], [19.3247121, 54.2100613], [19.3141237, 54.2190234], [19.3174565, 54.2257252], [19.3047308, 54.2348147], [19.2997797, 54.2463878], [19.2887687, 54.254838], [19.2534326, 54.2702766], [19.2595543, 54.2844563], [19.2467713, 54.2906877], [19.2503957, 54.2945046], [19.2470994, 54.2968275], [19.2510186, 54.2946094], [19.2525896, 54.2997474], [19.2583799, 54.3002593], [19.2657055, 54.3064151], [19.2592572, 54.307298], [19.2556668, 54.3168392], [19.2474671, 54.3187835], [19.2508782, 54.3261352], [19.2488288, 54.3290258], [19.2446875, 54.3312941], [19.229025, 54.3297514], [19.2245119, 54.332392], [19.2249462, 54.3359729], [19.2472326, 54.3435224], [19.2903475, 54.3514141], [19.3494057, 54.3510435], [19.3884728, 54.3638135], [19.4109298, 54.3662712], [19.4389717, 54.3772525], [19.4428593, 54.3756733], [19.4455145, 54.3778456], [19.4436349, 54.3794091], [19.4492323, 54.3785463], [19.462944, 54.385741], [19.5388111, 54.4053768], [19.593258, 54.4248255], [19.648615891827397, 54.4532277146658], [19.6390049, 54.4583961], [19.58767, 54.43382], [19.5347798, 54.413837], [19.4296335, 54.3849829], [19.3376337, 54.3677605], [19.2344004, 54.3553071], [19.0965775, 54.3462027], [18.9898791, 54.3451571], [18.9757635, 54.3479896], [18.9557685, 54.3572994], [18.9555248, 54.3618538], [18.9538452, 54.3586832], [18.95001, 54.36435], [18.9530867, 54.366047], [18.9499457, 54.3646512], [18.947579, 54.3616309], [18.9443737, 54.3607896], [18.9321498, 54.3507311], [18.9072467, 54.3465031], [18.8624958, 54.3504317], [18.7814023, 54.3706894], [18.7272157, 54.3763022], [18.717773, 54.3800913], [18.7250012, 54.3869643], [18.7219159, 54.3889852], [18.7148411, 54.3845341], [18.7066683, 54.3848803], [18.6924315, 54.3934189], [18.6805314, 54.4065835], [18.6590162, 54.4165088], [18.6588176, 54.4102142], [18.6493232, 54.4081172], [18.6134849, 54.4182605], [18.5835436, 54.4356766], [18.565635, 54.4537139], [18.5620315, 54.4712712], [18.5639982, 54.4799515], [18.5689983, 54.4856339], [18.5512821, 54.5127201], [18.5507421, 54.5179091], [18.5598769, 54.5190457], [18.5502533, 54.5195348], [18.5498757, 54.5218709], [18.5598354, 54.5242111], [18.5496395, 54.5236172], [18.5523553, 54.5251906], [18.548057, 54.5264275], [18.5597643, 54.5271847], [18.559664, 54.5294931], [18.5486954, 54.5288389], [18.5481366, 54.5322688], [18.5558118, 54.5338714], [18.5477383, 54.5348475], [18.5253568, 54.5288473], [18.5382203, 54.5341098], [18.5209043, 54.5317819], [18.5318901, 54.5363347], [18.5202061, 54.5335615], [18.5180816, 54.5355352], [18.5248794, 54.5381196], [18.5162362, 54.5360531], [18.5144338, 54.5376516], [18.5189914, 54.5393546], [18.5025265, 54.5451032], [18.525366, 54.5428792], [18.5267676, 54.5398774], [18.539002, 54.5370619], [18.533454, 54.5384406], [18.5400192, 54.5397618], [18.5479157, 54.5357634], [18.5529882, 54.5436341], [18.560341717983, 54.541838209477525], [18.5595067, 54.5509958], [18.55165, 54.5612631], [18.54930006737936, 54.572645263737186], [18.5418538, 54.5852034], [18.5309733, 54.5908838], [18.5119309, 54.6140313], [18.5110694, 54.6249293], [18.5159572, 54.6415536], [18.5134013, 54.6348943], [18.5054531, 54.6327844], [18.4820804, 54.6303956], [18.4689567, 54.6338592], [18.4683587, 54.6396268], [18.4762818, 54.6408621], [18.4708814, 54.6445275], [18.4743106, 54.6497989], [18.464077, 54.6600852], [18.4666656, 54.6658365], [18.465926, 54.6858451], [18.4723253, 54.6947684], [18.4477862, 54.7036669], [18.418773, 54.7229951], [18.4107097, 54.7223821], [18.3937755, 54.7297529], [18.3966751, 54.7470693], [18.4033211, 54.7578841], [18.4175257, 54.7697065], [18.4193856, 54.7845331], [18.4222182, 54.7882735], [18.4270469, 54.7878504], [18.49596590802691, 54.76191983806051], [18.5227056, 54.755005], [18.5283126, 54.7490394], [18.543073, 54.7471406], [18.6182851, 54.7220378], [18.6540157, 54.6998131], [18.6684286, 54.6986844], [18.673168450436766, 54.69307007589094], [18.6761167, 54.6968501], [18.6787815, 54.6952143], [18.67505177009219, 54.692877676150204], [18.6771112, 54.6924411], [18.6869833, 54.6946243], [18.7021096, 54.6876333], [18.7641692, 54.6375545], [18.7777774, 54.620952], [18.7790594, 54.6130661], [18.7882935, 54.6099955], [18.7798526, 54.6129236], [18.7813899, 54.6154795], [18.7937756, 54.6116709], [18.7963965, 54.6098787], [18.79319819646333, 54.6069938891214], [18.7954965, 54.608828], [18.8005144, 54.6060076], [18.8035991, 54.6000827], [18.8008556, 54.599718776939135], [18.8113805, 54.5928094], [18.822514280556597, 54.598950196874604], [18.8282618, 54.6063155], [18.824652867255818, 54.62377414468335], [18.7808118, 54.6548425], [18.6977917, 54.6956757], [18.43489, 54.7877381], [18.41918, 54.7943058], [18.42140114904114, 54.79683090732121], [18.4190219, 54.7943432], [18.4133179, 54.7969053], [18.4187303, 54.7979239], [18.423597707501525, 54.79661762594094], [18.4216362, 54.7975373], [18.358524, 54.8175642], [18.3364088, 54.8327098], [18.32902562588428, 54.83462870120765], [18.06828251208796, 54.83387410667693], [17.9572786, 54.8300811], [17.7631875, 54.8030022], [17.6125172, 54.7742621], [17.5509333, 54.7690654], [17.4750799, 54.7570721], [17.3489632, 54.7486284], [17.2419717, 54.7295697], [17.1732959, 54.7051421], [17.050434, 54.6694187], [16.9593469, 54.6153582], [16.90554, 54.59561], [16.8735861, 54.5896097], [16.8534936, 54.5892942], [16.8509562, 54.5920602], [16.8532148, 54.5890377], [16.8502174, 54.5918447], [16.8457088, 54.587813], [16.8334532, 54.5871137], [16.7684028, 54.5698958], [16.6997356, 54.5700335], [16.7121548, 54.5545691], [16.7474958, 54.530414], [16.7483982, 54.527854], [16.7413563, 54.5247705], [16.7391282, 54.5173628], [16.7527036, 54.4968298], [16.7627473, 54.4877083], [16.7611766, 54.4857719], [16.7676142, 54.4874946], [16.7789454, 54.4846018], [16.7933102, 54.4874424], [16.7931641, 54.4843945], [16.7994553, 54.4843255], [16.8006562, 54.4806656], [16.8120878, 54.4839889], [16.8116595, 54.4743053], [16.8171558, 54.4687425], [16.8197492, 54.4729802], [16.8274744, 54.4648207], [16.8238305, 54.4639562], [16.8281635, 54.4587463], [16.8210611, 54.4563122], [16.8221196, 54.4537095], [16.8411214, 54.4384264], [16.839618, 54.4320035], [16.8244068, 54.4157386], [16.840312, 54.405134], [16.8405399, 54.3986877], [16.858522, 54.3825773], [16.8573132, 54.3781277], [16.8507267, 54.3740809], [16.8439108, 54.3722264], [16.8445605, 54.3761935], [16.8383866, 54.3766361], [16.8375317, 54.3703962], [16.8215896, 54.3682537], [16.8080263, 54.3703901], [16.8080547, 54.3681505], [16.8098472, 54.3594493], [16.8162308, 54.3602798], [16.8281898, 54.3460621], [16.8227832, 54.3379489], [16.8243484, 54.3314183], [16.8139771, 54.3185089], [16.8380632, 54.3164577], [16.8381065, 54.3138754], [16.8543956, 54.3075477], [16.8546782, 54.2997165], [16.8643173, 54.2855078], [16.8654763, 54.2766188], [16.8621985, 54.2659452], [16.865104, 54.2609923], [16.8313581, 54.2458654], [16.7720779, 54.2403453], [16.7607876, 54.2339731], [16.7545992, 54.2357837], [16.7405766, 54.2303423], [16.7337386, 54.2328018], [16.7298368, 54.2305182], [16.7289479, 54.2251488], [16.7119035, 54.2140471], [16.7195121, 54.209395], [16.7198054, 54.2024101], [16.7326697, 54.2036601], [16.7354994, 54.188726], [16.7350693, 54.1845478], [16.7287285, 54.1841491], [16.7310989, 54.178236], [16.749125, 54.1727092], [16.7567997, 54.1578053], [16.775334, 54.1551254], [16.7775324, 54.1364131], [16.7747668, 54.1335774], [16.7841859, 54.1311444], [16.7773678, 54.1273503], [16.779117, 54.1192041], [16.7931617, 54.1212185], [16.8045745, 54.1159964], [16.7991687, 54.101287], [16.7935446, 54.1008365], [16.7922831, 54.0792011], [16.7982536, 54.0798907], [16.7933806, 54.0751323], [16.8037513, 54.0787565], [16.8127939, 54.0731254], [16.8089294, 54.0705349], [16.8114245, 54.0602847], [16.7976805, 54.0550996], [16.794766, 54.0491552], [16.7976677, 54.0353234], [16.7860164, 54.0284086], [16.7829052, 54.0227082], [16.7886925, 54.0131182], [16.7898227, 54.0159087], [16.7926758, 54.0119185], [16.7961745, 54.0125507], [16.7899091, 54.0105522], [16.7914069, 54.008211], [16.7992113, 54.00741], [16.801528, 54.0040221], [16.8011208, 53.9994843], [16.7958277, 53.9953863], [16.7988898, 53.9867283], [16.7906939, 53.985031], [16.7878059, 53.9801359], [16.8053148, 53.981125], [16.8054746, 53.977548], [16.8139481, 53.9795416], [16.8105626, 53.9857548], [16.8024112, 53.9872076], [16.803983, 53.9893239], [16.8072939, 53.9874363], [16.8036128, 53.9942186], [16.8129466, 53.9954583], [16.8151392, 53.9982979], [16.8129887, 54.0010183], [16.8180066, 54.0009517], [16.8145859, 54.0050184], [16.8250683, 54.0042836], [16.8287578, 53.9951574], [16.8421909, 53.9978311], [16.8472351, 53.9838901], [16.8741195, 53.9772703], [16.8766005, 53.9713759], [16.8744094, 53.969602], [16.8799987, 53.963588], [16.8759488, 53.951969], [16.8625048, 53.9507867], [16.8585561, 53.9470698], [16.8706614, 53.9466772], [16.8754734, 53.9441677], [16.87607, 53.9397447], [16.8809272, 53.9411002], [16.9089236, 53.9251594], [16.9219125, 53.9253959], [16.9232945, 53.9208849], [16.9348469, 53.9141862], [16.9505946, 53.912299], [16.9551886, 53.9068637], [16.9820776, 53.9048969], [16.9763221, 53.8796484], [16.950511, 53.8792272], [16.9546838, 53.8746794], [16.9119713, 53.8774135], [16.9018906, 53.8771458], [16.9017335, 53.8744533], [16.8927245, 53.8788508], [16.8957448, 53.872835], [16.8724027, 53.8686644], [16.8709571, 53.8577889], [16.8607795, 53.8522181], [16.8701777, 53.850137], [16.8716974, 53.8377432], [16.8740938, 53.8367172], [16.8686285, 53.8341619], [16.8727565, 53.829542], [16.8788854, 53.8311099], [16.8944615, 53.8232263], [16.9104098, 53.8198482], [16.9115727, 53.8174835], [16.9067919, 53.8130081], [16.9103668, 53.8082015], [16.9095053, 53.8018683], [16.9180808, 53.7981301], [16.9357391, 53.8016589], [16.9403458, 53.8067108], [16.948292, 53.8051698], [16.930758, 53.7772511], [16.9036235, 53.7653979], [16.9007312, 53.7610336], [16.8576525, 53.7470889], [16.8773048, 53.7190406], [16.8803668, 53.6888336], [16.8988887, 53.6339146], [16.8943282, 53.628133], [16.901523, 53.6259559], [16.8966601, 53.6211399], [16.9098293, 53.6129303], [16.931354, 53.5878835], [16.9410748, 53.5836772], [16.9388152, 53.5724414], [16.9503956, 53.5572599], [16.9527964, 53.5419891], [16.9813239, 53.5560015], [17.0007007, 53.552022], [17.0064521, 53.5346264], [16.9930159, 53.5315684], [16.9925519, 53.5270244], [16.9898037, 53.527], [17.0006473, 53.5250558], [16.9996048, 53.5180306], [17.0123279, 53.5200377], [17.0324686, 53.5155366], [17.0585094, 53.5204263], [17.0897819, 53.542727], [17.1011943, 53.5425009], [17.1178059, 53.5364511], [17.1318293, 53.5364559], [17.1610569, 53.5278333], [17.1834589, 53.534492], [17.197095, 53.5323178], [17.2084107, 53.536361], [17.2445435, 53.5312309], [17.2712076, 53.5372847], [17.2958432, 53.5245806], [17.3050022, 53.5284488], [17.3100282, 53.5242471], [17.3050575, 53.5129152], [17.3244743, 53.5129722], [17.3266551, 53.5026513], [17.338795, 53.5025075], [17.3365071, 53.4977341], [17.3412388, 53.4953429], [17.3507778, 53.4934806], [17.3631233, 53.4972486], [17.3733008, 53.4947151], [17.3863701, 53.4967106], [17.3870395, 53.4910986], [17.3906529, 53.4909643]]]}}, {"type": "Feature", "properties": {"name": "West Pomeranian Voivodeship", "country": "POL"}, "geometry": {"type": "Polygon", "coordinates": [[[16.8922455, 53.655871], [16.8803668, 53.6888336], [16.8773048, 53.7190406], [16.8576525, 53.7470889], [16.9007312, 53.7610336], [16.9036235, 53.7653979], [16.930758, 53.7772511], [16.948292, 53.8051698], [16.9403458, 53.8067108], [16.9357391, 53.8016589], [16.9180808, 53.7981301], [16.9095053, 53.8018683], [16.9103668, 53.8082015], [16.9067919, 53.8130081], [16.9115727, 53.8174835], [16.9104098, 53.8198482], [16.8944615, 53.8232263], [16.8788854, 53.8311099], [16.8727565, 53.829542], [16.8686285, 53.8341619], [16.8740938, 53.8367172], [16.8716974, 53.8377432], [16.8701777, 53.850137], [16.8607795, 53.8522181], [16.8709571, 53.8577889], [16.8724027, 53.8686644], [16.8957448, 53.872835], [16.8927245, 53.8788508], [16.9017335, 53.8744533], [16.9018906, 53.8771458], [16.9119713, 53.8774135], [16.9546838, 53.8746794], [16.950511, 53.8792272], [16.9763221, 53.8796484], [16.9820776, 53.9048969], [16.9551886, 53.9068637], [16.9505946, 53.912299], [16.9348469, 53.9141862], [16.9232945, 53.9208849], [16.9219125, 53.9253959], [16.9089236, 53.9251594], [16.8809272, 53.9411002], [16.87607, 53.9397447], [16.8754734, 53.9441677], [16.8706614, 53.9466772], [16.8585561, 53.9470698], [16.8625048, 53.9507867], [16.8759488, 53.951969], [16.8799987, 53.963588], [16.8744094, 53.969602], [16.8766005, 53.9713759], [16.8741195, 53.9772703], [16.8472351, 53.9838901], [16.8421909, 53.9978311], [16.8287578, 53.9951574], [16.8250683, 54.0042836], [16.8145859, 54.0050184], [16.8180066, 54.0009517], [16.8129887, 54.0010183], [16.8151392, 53.9982979], [16.8129466, 53.9954583], [16.8036128, 53.9942186], [16.8072939, 53.9874363], [16.803983, 53.9893239], [16.8024112, 53.9872076], [16.8105626, 53.9857548], [16.8139481, 53.9795416], [16.8054746, 53.977548], [16.8053148, 53.981125], [16.7878059, 53.9801359], [16.7906939, 53.985031], [16.7988898, 53.9867283], [16.7958277, 53.9953863], [16.8011208, 53.9994843], [16.801528, 54.0040221], [16.7992113, 54.00741], [16.7914069, 54.008211], [16.7899091, 54.0105522], [16.7961745, 54.0125507], [16.7926758, 54.0119185], [16.7898227, 54.0159087], [16.7886925, 54.0131182], [16.7829052, 54.0227082], [16.7860164, 54.0284086], [16.7976677, 54.0353234], [16.794766, 54.0491552], [16.7976805, 54.0550996], [16.8114245, 54.0602847], [16.8089294, 54.0705349], [16.8127939, 54.0731254], [16.8037513, 54.0787565], [16.7933806, 54.0751323], [16.7982536, 54.0798907], [16.7922831, 54.0792011], [16.7935446, 54.1008365], [16.7991687, 54.101287], [16.8045745, 54.1159964], [16.7931617, 54.1212185], [16.779117, 54.1192041], [16.7773678, 54.1273503], [16.7841859, 54.1311444], [16.7747668, 54.1335774], [16.7775324, 54.1364131], [16.775334, 54.1551254], [16.7567997, 54.1578053], [16.749125, 54.1727092], [16.7310989, 54.178236], [16.7287285, 54.1841491], [16.7350693, 54.1845478], [16.7354994, 54.188726], [16.7326697, 54.2036601], [16.7198054, 54.2024101], [16.7195121, 54.209395], [16.7119035, 54.2140471], [16.7289479, 54.2251488], [16.7298368, 54.2305182], [16.7337386, 54.2328018], [16.7405766, 54.2303423], [16.7545992, 54.2357837], [16.7607876, 54.2339731], [16.7720779, 54.2403453], [16.8313581, 54.2458654], [16.865104, 54.2609923], [16.8621985, 54.2659452], [16.8654763, 54.2766188], [16.8643173, 54.2855078], [16.8546782, 54.2997165], [16.8543956, 54.3075477], [16.8381065, 54.3138754], [16.8380632, 54.3164577], [16.8139771, 54.3185089], [16.8243484, 54.3314183], [16.8227832, 54.3379489], [16.8281898, 54.3460621], [16.8162308, 54.3602798], [16.8098472, 54.3594493], [16.8080547, 54.3681505], [16.8080263, 54.3703901], [16.8215896, 54.3682537], [16.8375317, 54.3703962], [16.8383866, 54.3766361], [16.8445605, 54.3761935], [16.8439108, 54.3722264], [16.8507267, 54.3740809], [16.8573132, 54.3781277], [16.858522, 54.3825773], [16.8405399, 54.3986877], [16.840312, 54.405134], [16.8244068, 54.4157386], [16.839618, 54.4320035], [16.8411214, 54.4384264], [16.8221196, 54.4537095], [16.8210611, 54.4563122], [16.8281635, 54.4587463], [16.8238305, 54.4639562], [16.8274744, 54.4648207], [16.8197492, 54.4729802], [16.8171558, 54.4687425], [16.8116595, 54.4743053], [16.8120878, 54.4839889], [16.8006562, 54.4806656], [16.7994553, 54.4843255], [16.7931641, 54.4843945], [16.7933102, 54.4874424], [16.7789454, 54.4846018], [16.7676142, 54.4874946], [16.7611766, 54.4857719], [16.7627473, 54.4877083], [16.7527036, 54.4968298], [16.7391282, 54.5173628], [16.7413563, 54.5247705], [16.7483982, 54.527854], [16.7474958, 54.530414], [16.7121548, 54.5545691], [16.6997356, 54.5700335], [16.5989053, 54.5575236], [16.5337503, 54.541759], [16.4778252, 54.5154876], [16.4328152, 54.4880177], [16.3926035, 54.4460636], [16.3824467, 54.4412581], [16.3720435, 54.4420042], [16.3773308, 54.44033], [16.3735452, 54.4386781], [16.3713877, 54.4414787], [16.373312, 54.4384815], [16.3711259, 54.4350071], [16.3360267, 54.4014684], [16.2679681, 54.3531183], [16.1898682, 54.3078539], [16.0982093, 54.2733326], [16.0110063, 54.2557999], [15.8502956, 54.2413832], [15.7577419, 54.2177278], [15.6629609, 54.1990536], [15.5807975, 54.1871751], [15.556467, 54.1869182], [15.5491258, 54.1907384], [15.5525502, 54.1881095], [15.5484093, 54.1892792], [15.5508231, 54.1863944], [15.5400047, 54.1803025], [15.4895666, 54.1670174], [15.4301095, 54.1655475], [15.2845348, 54.148459], [15.2512045, 54.1362213], [15.0425425, 54.0908831], [14.9229545, 54.0603067], [14.7289749, 54.0234409], [14.6714047, 54.0038521], [14.5037178, 53.9647574], [14.4486761, 53.9334048], [14.3879761, 53.9151703], [14.3385501, 53.9112615], [14.2784151, 53.9247904], [14.252901, 53.9225783], [14.2266821, 53.9289857], [14.2076405, 53.9158717], [14.1853191, 53.9140999], [14.1853157, 53.9119754], [14.205753, 53.9105534], [14.2039551, 53.906636], [14.2122972, 53.9002959], [14.2154008, 53.8808073], [14.213932, 53.8653704], [14.2240219, 53.8641549], [14.2391783, 53.8548458], [14.27373, 53.82614], [14.3112579, 53.8202326], [14.3099061, 53.8178955], [14.3135539, 53.8152732], [14.3113008, 53.8121504], [14.3043281, 53.8141331], [14.312481, 53.809344], [14.3409027, 53.8085051], [14.3372427, 53.8212951], [14.3430127, 53.8259451], [14.3393027, 53.8274551], [14.3425027, 53.8308051], [14.3394627, 53.8315551], [14.3468227, 53.8315951], [14.3467727, 53.8344151], [14.3709327, 53.8405551], [14.3874627, 53.8362851], [14.4167727, 53.8461651], [14.414755, 53.849739], [14.4194827, 53.8534851], [14.4148662, 53.8573083], [14.4169327, 53.8660251], [14.437153, 53.8627062], [14.4705447, 53.8655235], [14.52234, 53.8571], [14.54009, 53.85897], [14.56877, 53.85139], [14.57531, 53.84808], [14.58385, 53.83748], [14.58198, 53.82953], [14.56985, 53.83], [14.57316, 53.82438], [14.57281, 53.81541], [14.5786344, 53.8112704], [14.57985, 53.80442], [14.5866, 53.80047], [14.59626, 53.8073], [14.5947, 53.81267], [14.58796, 53.81444], [14.58708, 53.81777], [14.59456, 53.8274], [14.61725, 53.83196], [14.61759, 53.84169], [14.6211024, 53.8471429], [14.6243434, 53.8466634], [14.61965, 53.83017], [14.60565, 53.82244], [14.61274, 53.80478], [14.61031, 53.78608], [14.61649, 53.77252], [14.61481, 53.76714], [14.60816, 53.76187], [14.58999, 53.7627], [14.58014, 53.75396], [14.57493, 53.75573], [14.57533, 53.75906], [14.56749, 53.76467], [14.56302, 53.75825], [14.55549, 53.75541], [14.55833, 53.75234], [14.55175, 53.74092], [14.55436, 53.73875], [14.54809, 53.71926], [14.53855, 53.70308], [14.54558, 53.69158], [14.5444257, 53.6760061], [14.56117, 53.66615], [14.5714383, 53.6647507], [14.5685913, 53.6625747], [14.5699699, 53.6592374], [14.5834563, 53.6545096], [14.6066845, 53.6578117], [14.6101854, 53.6545637], [14.6061367, 53.6496341], [14.6130728, 53.6540093], [14.6192045, 53.6547028], [14.6104117, 53.6509598], [14.6197874, 53.6508297], [14.6232398, 53.6459538], [14.6216086, 53.642154], [14.6150405, 53.6420887], [14.614316, 53.6381322], [14.6111778, 53.6375769], [14.618831, 53.6344731], [14.6180035, 53.6302634], [14.6086723, 53.6320024], [14.6104128, 53.6291846], [14.6076888, 53.6266641], [14.5945533, 53.6259716], [14.5932571, 53.6100129], [14.5982176, 53.6013593], [14.5971654, 53.5929398], [14.5834466, 53.5954123], [14.5752418, 53.6026129], [14.5706969, 53.5990191], [14.56829, 53.5998183], [14.572157, 53.6058], [14.5532303, 53.6273473], [14.5426238, 53.645636], [14.5231758, 53.6593107], [14.5187113, 53.6577322], [14.5209447, 53.6596137], [14.5103586, 53.6657169], [14.4691815, 53.6732763], [14.4054075, 53.6798816], [14.3527055, 53.7084681], [14.3410555, 53.7183607], [14.3312321, 53.7338086], [14.3014589, 53.7430306], [14.2850776, 53.7420491], [14.2954801, 53.7419952], [14.2936047, 53.7392253], [14.3029328, 53.7376438], [14.2986508, 53.7327776], [14.3031389, 53.7262365], [14.2767552, 53.7265691], [14.2866037, 53.7201421], [14.3005607, 53.7201917], [14.3096632, 53.7109653], [14.3086299, 53.704068], [14.3039398, 53.6995599], [14.2673271, 53.6981978], [14.2721165, 53.6894996], [14.2836998, 53.6825852], [14.281164, 53.6729554], [14.2706609, 53.6666774], [14.272218, 53.663409], [14.279081, 53.6630851], [14.2847907, 53.6586981], [14.2838985, 53.6344457], [14.3111123, 53.6184586], [14.3169455, 53.6180635], [14.3118808, 53.5797268], [14.3138581, 53.5650795], [14.3026103, 53.5534048], [14.3072504, 53.5514015], [14.3057479, 53.543567], [14.3158585, 53.5369428], [14.3193659, 53.5298297], [14.3157825, 53.5251476], [14.3269366, 53.503824], [14.3506549, 53.4960036], [14.3541997, 53.4886251], [14.3580532, 53.4573277], [14.3712744, 53.4564396], [14.3686646, 53.4326036], [14.3733277, 53.4089502], [14.3948439, 53.3757201], [14.3902904, 53.3537477], [14.4055017, 53.3470804], [14.4154534, 53.324377], [14.4068027, 53.3087286], [14.4149147, 53.3019391], [14.4212047, 53.2761369], [14.4452493, 53.2744333], [14.449841, 53.2607222], [14.435082, 53.2483355], [14.4305278, 53.2391186], [14.4094315, 53.2239066], [14.404364, 53.2094883], [14.3807878, 53.2032862], [14.3762473, 53.1991306], [14.3667773, 53.1684511], [14.3706346, 53.1576126], [14.3864198, 53.1406746], [14.3777081, 53.1112494], [14.3696228, 53.1021499], [14.3680499, 53.0864315], [14.3499848, 53.0573918], [14.3372475, 53.0469444], [14.257073, 53.0019791], [14.1727787, 52.9745691], [14.161376, 52.9654914], [14.1439364, 52.961109], [14.140041, 52.950481], [14.1439113, 52.944503], [14.1431128, 52.9349857], [14.1528317, 52.9006435], [14.1608139, 52.8867713], [14.1566511, 52.8742105], [14.1304236, 52.8529282], [14.123555, 52.8443832], [14.1229707, 52.83862], [14.1278582, 52.8298662], [14.1417447, 52.8240545], [14.2176081, 52.8162906], [14.2488505, 52.7922457], [14.2802902, 52.7742682], [14.3516327, 52.750652], [14.4250523, 52.6947366], [14.4327052, 52.6816353], [14.4549042, 52.6752044], [14.4666029, 52.6605782], [14.512737, 52.6406471], [14.5640549, 52.6246854], [14.5687657, 52.6297987], [14.5716125, 52.6289815], [14.5745446, 52.6356069], [14.5827082, 52.6323866], [14.6285057, 52.6548369], [14.6290257, 52.6604905], [14.6503621, 52.6532788], [14.6472427, 52.651227], [14.6624826, 52.6480397], [14.6582806, 52.642348], [14.6699814, 52.6377455], [14.7218491, 52.6309619], [14.7325317, 52.6404777], [14.7301273, 52.6419612], [14.7434676, 52.6413093], [14.7422959, 52.6432163], [14.7492236, 52.6443518], [14.7493844, 52.6625754], [14.7526052, 52.6689733], [14.7636071, 52.6704473], [14.7915993, 52.6971131], [14.7980129, 52.7274903], [14.7952128, 52.7358559], [14.7996767, 52.7374958], [14.7894058, 52.7519692], [14.7913307, 52.7570273], [14.8009463, 52.7584532], [14.8155167, 52.7744279], [14.8294091, 52.7733149], [14.8394049, 52.7757973], [14.8361973, 52.7773154], [14.8488138, 52.7773668], [14.8505343, 52.7852765], [14.8444159, 52.7903891], [14.8654188, 52.7919734], [14.8615157, 52.8026887], [14.8653174, 52.8037899], [14.8637889, 52.806258], [14.8677596, 52.8122497], [14.8548702, 52.8122778], [14.8543767, 52.8163265], [14.8581621, 52.8176547], [14.8541845, 52.8194725], [14.8569726, 52.8207225], [14.8511319, 52.8284443], [14.8729441, 52.8337181], [14.8629998, 52.843242], [14.8655948, 52.84733], [14.8879694, 52.8466799], [14.8949087, 52.8404351], [14.8957795, 52.8330309], [14.9191542, 52.8438716], [14.9186275, 52.8486546], [14.9103512, 52.855151], [14.895352, 52.8552499], [14.8903984, 52.8607263], [14.8940038, 52.8618088], [14.892996, 52.8656099], [14.9018797, 52.8760042], [14.9041836, 52.8838858], [14.9125005, 52.8882151], [14.9253625, 52.8896666], [14.9232677, 52.8829258], [14.9338671, 52.8850906], [14.9314725, 52.8818401], [14.9445266, 52.8764518], [14.9489197, 52.8784841], [14.9546143, 52.8743816], [14.9488741, 52.8715052], [14.978302, 52.8661663], [14.9830961, 52.8615416], [14.9790684, 52.8537432], [14.9816172, 52.8489458], [14.9881053, 52.8508559], [14.9908335, 52.8425327], [15.0095951, 52.8477455], [15.0086951, 52.8545379], [15.0280746, 52.856947], [15.0375173, 52.8620438], [15.0491139, 52.8435192], [15.0651783, 52.8390447], [15.071757, 52.8305847], [15.1575631, 52.8528285], [15.1591947, 52.8571752], [15.1664884, 52.8542992], [15.2764771, 52.8826549], [15.2810913, 52.8870369], [15.2875307, 52.8796246], [15.2856001, 52.8859915], [15.3268178, 52.8948533], [15.3327147, 52.9000548], [15.3316701, 52.9044095], [15.32297, 52.9029797], [15.3051597, 52.9239913], [15.2921112, 52.9327183], [15.2829569, 52.94603], [15.2838793, 52.9538501], [15.2878423, 52.95802], [15.3516472, 52.9417235], [15.3629986, 52.9440407], [15.3620103, 52.9480106], [15.3656339, 52.9455493], [15.3715635, 52.94809], [15.3809189, 52.9589658], [15.3906038, 52.9627359], [15.3863843, 52.9650133], [15.388803, 52.971581], [15.404922, 52.9744986], [15.4121895, 52.9803333], [15.4438475, 52.9899176], [15.4530512, 52.9872861], [15.4650266, 52.9886269], [15.5009143, 53.0005763], [15.5307704, 53.0052094], [15.5404971, 53.0083093], [15.5468526, 53.0143623], [15.5549019, 53.011285], [15.5722243, 52.9868604], [15.582886, 52.9880081], [15.5880231, 52.981059], [15.6025752, 52.9850414], [15.6108096, 52.9821459], [15.6154503, 52.9842876], [15.633436, 52.9763762], [15.681895, 52.9971916], [15.6951266, 52.9976178], [15.6987121, 52.9933158], [15.704451, 52.9955929], [15.7076886, 52.9908785], [15.7210263, 52.9866296], [15.7606754, 52.9950792], [15.7634801, 53.0005008], [15.7667263, 52.9987642], [15.7729611, 53.0031365], [15.7737855, 53.0133058], [15.7783199, 53.0149798], [15.7676023, 53.0202493], [15.7627587, 53.0266649], [15.7780108, 53.0296399], [15.7851449, 53.039835], [15.7902976, 53.0410123], [15.7880908, 53.0427803], [15.8087357, 53.0453298], [15.7916845, 53.0590516], [15.8217196, 53.0652074], [15.8135697, 53.0804444], [15.8092852, 53.0806014], [15.811489, 53.0843605], [15.8601451, 53.0937945], [15.8482271, 53.1152592], [15.8753091, 53.1210912], [15.8803848, 53.1186273], [15.9118247, 53.1239104], [15.9164279, 53.1192551], [15.9794924, 53.110275], [15.9814526, 53.1156604], [15.9848999, 53.1141736], [15.9791507, 53.1030357], [15.9842651, 53.1004946], [15.9809842, 53.097278], [15.986002, 53.0959913], [15.9855196, 53.0922601], [15.9886396, 53.0930321], [15.9979242, 53.0863844], [15.9923387, 53.0807447], [15.9947512, 53.0738934], [15.9853266, 53.0644044], [15.9886075, 53.0545938], [15.9724602, 53.0565881], [15.9747118, 53.0514416], [15.9624976, 53.0413812], [16.010057, 53.033693], [16.0238398, 53.0355208], [16.0735151, 53.0162033], [16.1250683, 53.0118425], [16.1430315, 53.0154961], [16.1863359, 53.0341072], [16.2285864, 53.0393275], [16.2709279, 53.0491515], [16.2879927, 53.0442125], [16.2859819, 53.0410268], [16.2948681, 53.0381293], [16.3168874, 53.0367049], [16.317301, 53.0439487], [16.3103551, 53.0452855], [16.312827, 53.0496542], [16.3241954, 53.049658], [16.3641426, 53.0779887], [16.3592561, 53.0934891], [16.3460106, 53.1123816], [16.3599759, 53.1144064], [16.3668112, 53.1211819], [16.3630094, 53.1230055], [16.3723912, 53.1283997], [16.3752989, 53.1266354], [16.3905264, 53.130953], [16.3914906, 53.1409206], [16.3983465, 53.148381], [16.3915686, 53.1577758], [16.401753, 53.1604748], [16.3991796, 53.1636597], [16.4095179, 53.1636347], [16.4113565, 53.1611845], [16.4053171, 53.1585106], [16.4127758, 53.155791], [16.4112364, 53.1542464], [16.4164669, 53.1522477], [16.4166517, 53.1488713], [16.4247716, 53.1486454], [16.4325402, 53.1563783], [16.4471225, 53.1550435], [16.445555, 53.1620952], [16.44937, 53.159838], [16.47243, 53.1698302], [16.4764994, 53.1702831], [16.483843, 53.1641787], [16.4995193, 53.1632982], [16.501091, 53.1726615], [16.5077929, 53.1762174], [16.5058798, 53.1778364], [16.5102383, 53.1823058], [16.5156829, 53.1817189], [16.5129985, 53.1849029], [16.5205328, 53.1858019], [16.5278998, 53.199717], [16.5396482, 53.201419], [16.5308543, 53.2069339], [16.5289694, 53.2154505], [16.535688, 53.2200898], [16.5450522, 53.2171706], [16.5564188, 53.2212896], [16.5506679, 53.2233426], [16.5585767, 53.2290435], [16.5565519, 53.2297995], [16.5593652, 53.2331568], [16.569341, 53.2298498], [16.5769301, 53.2313232], [16.5795412, 53.2270547], [16.5960683, 53.2296979], [16.6004188, 53.2228078], [16.5964561, 53.2176034], [16.6095561, 53.2087058], [16.6207379, 53.2062722], [16.6256585, 53.2085802], [16.6202212, 53.2135341], [16.6299224, 53.2183722], [16.6383243, 53.2149773], [16.6250449, 53.2264464], [16.6345301, 53.2278163], [16.6324796, 53.2337804], [16.6206659, 53.2335967], [16.6222437, 53.2408762], [16.6293667, 53.2493801], [16.644597, 53.2555524], [16.6300393, 53.2600092], [16.6455924, 53.2678873], [16.6608549, 53.2668835], [16.6508571, 53.2756262], [16.6513597, 53.2807798], [16.6618378, 53.2785553], [16.673721, 53.2922235], [16.7138335, 53.2989782], [16.713306, 53.3017082], [16.7054615, 53.3035387], [16.6972995, 53.3009381], [16.6955812, 53.3063847], [16.6859518, 53.307807], [16.6809992, 53.3118314], [16.6821732, 53.3167587], [16.6782416, 53.3196373], [16.6700236, 53.3178912], [16.6567533, 53.3208423], [16.6540731, 53.3251697], [16.6453962, 53.3286601], [16.6369174, 53.3283288], [16.6384362, 53.3355532], [16.6290166, 53.3393344], [16.6316407, 53.3429893], [16.6285436, 53.3475905], [16.585095, 53.3466757], [16.5719853, 53.3585128], [16.5625974, 53.352976], [16.5512175, 53.3564902], [16.5454565, 53.3635227], [16.5466087, 53.3665697], [16.5414761, 53.3663197], [16.543434, 53.369052], [16.5354719, 53.3782651], [16.5253762, 53.3672844], [16.508375, 53.3760988], [16.5100826, 53.3796418], [16.5054054, 53.3827417], [16.4994661, 53.3850886], [16.4961995, 53.3832731], [16.4872163, 53.388011], [16.4915223, 53.3826531], [16.4753208, 53.3877638], [16.4772198, 53.3973792], [16.472453, 53.4049482], [16.466588, 53.404063], [16.4438447, 53.4530589], [16.4599328, 53.4526502], [16.4639047, 53.4598116], [16.4506527, 53.4605409], [16.4478686, 53.4572035], [16.4362487, 53.4605548], [16.4544722, 53.4884739], [16.4824226, 53.476652], [16.4900927, 53.4702891], [16.5322622, 53.4782923], [16.5803229, 53.478747], [16.5844148, 53.4836939], [16.6417486, 53.4841724], [16.652079, 53.4870526], [16.6952124, 53.5180045], [16.7007914, 53.5148753], [16.7105676, 53.5160497], [16.7218961, 53.5221993], [16.7205178, 53.5261425], [16.7298168, 53.529281], [16.7169072, 53.5341574], [16.718547, 53.5436598], [16.7273503, 53.5552395], [16.7254983, 53.5606123], [16.727708, 53.5672537], [16.7403277, 53.5667676], [16.7464438, 53.5756683], [16.7380383, 53.588436], [16.7440414, 53.5960073], [16.7405926, 53.5988408], [16.7494552, 53.6009192], [16.7538232, 53.6107326], [16.7628283, 53.618115], [16.7583681, 53.624088], [16.8138823, 53.6306819], [16.8162827, 53.6340335], [16.813397, 53.6399325], [16.8258522, 53.6432094], [16.8411496, 53.6258004], [16.849118, 53.6272502], [16.855364, 53.6322612], [16.8534865, 53.6384743], [16.8665919, 53.6503587], [16.8696921, 53.6476385], [16.8922455, 53.655871]]]}}, {"type": "Feature", "properties": {"name": "Warmian-Masurian Voivodeship", "country": "POL"}, "geometry": {"type": "Polygon", "coordinates": [[[22.7919888, 54.3633414], [22.680602, 54.3602413], [22.6415445, 54.3537698], [22.5713678, 54.3538721], [22.528228, 54.3491598], [22.3292505, 54.3445398], [22.318666, 54.3405375], [22.2319987, 54.340287], [22.2256825, 54.3437819], [22.1794812, 54.3372034], [21.7967046, 54.3317862], [21.5792591, 54.3256187], [21.5703702, 54.3220342], [21.5304787, 54.3254776], [21.4461125, 54.3182154], [21.4369797, 54.3262509], [21.3794991, 54.3310432], [21.3238986, 54.3292988], [21.3029135, 54.3335369], [21.2743252, 54.3283928], [21.2613321, 54.3291379], [21.1967602, 54.3377825], [21.1641161, 54.3372958], [21.143218, 54.3425504], [21.0988294, 54.3467434], [21.0380813, 54.3485955], [20.9513452, 54.357132], [20.8184429, 54.3600101], [20.6927699, 54.3721197], [20.6481065, 54.37118], [20.6310833, 54.3663285], [20.6168789, 54.3725557], [20.5844093, 54.3778998], [20.5151973, 54.3805782], [20.3324287, 54.4010536], [19.8038606, 54.4424045], [19.7943266, 54.4363594], [19.7824344, 54.4338728], [19.7543649, 54.4330137], [19.7445569, 54.4297395], [19.7423619, 54.4257509], [19.7491938, 54.4208386], [19.7455026, 54.4134983], [19.7216953, 54.4032949], [19.7165777, 54.398199], [19.7109242, 54.3871046], [19.7126941, 54.3860278], [19.6900007, 54.376046], [19.688341, 54.3679764], [19.6762383, 54.3606962], [19.6775461, 54.3589938], [19.6761488, 54.3605242], [19.675113, 54.36098], [19.6715772, 54.3563817], [19.6461507, 54.3450279], [19.6286918, 54.3406256], [19.5690699, 54.3398217], [19.5513494, 54.3358065], [19.5341959, 54.326777], [19.5259387, 54.3270241], [19.5219729, 54.3253417], [19.5231552, 54.3233755], [19.4970284, 54.3209165], [19.4680428, 54.3007212], [19.4650334, 54.3014802], [19.45951, 54.29508], [19.42862, 54.28392], [19.40811, 54.27084], [19.40696, 54.26673], [19.39832, 54.26379], [19.39059, 54.23756], [19.3863, 54.23545], [19.3836, 54.2262], [19.37747, 54.22637], [19.3783868, 54.2215835], [19.3743254, 54.2198268], [19.3610989, 54.22139], [19.3713244, 54.235655], [19.3806285, 54.2387157], [19.3760488, 54.2397766], [19.3799751, 54.2465033], [19.3790698, 54.2404398], [19.3838054, 54.2419863], [19.3841923, 54.2565796], [19.4053112, 54.2830629], [19.38745, 54.26749], [19.3774143, 54.2648349], [19.3208522, 54.2768273], [19.3097496, 54.2755374], [19.2899557, 54.2773489], [19.28958, 54.27946], [19.2778, 54.27853], [19.2738852, 54.2730949], [19.2657233, 54.2724703], [19.258571383550972, 54.28162911140202], [19.2534326, 54.2702766], [19.2887687, 54.254838], [19.2997797, 54.2463878], [19.3047308, 54.2348147], [19.3174565, 54.2257252], [19.3141237, 54.2190234], [19.3247121, 54.2100613], [19.3262703, 54.2020801], [19.317997, 54.1903635], [19.285288, 54.1864793], [19.2587339, 54.1754056], [19.2470023, 54.1671583], [19.2467523, 54.161403], [19.2550502, 54.1588332], [19.2578105, 54.1512312], [19.2379849, 54.1268892], [19.2171534, 54.1155713], [19.2319012, 54.1121365], [19.2553548, 54.0857355], [19.2259716, 54.0770501], [19.2207306, 54.069509], [19.2329378, 54.0640489], [19.2375624, 54.0649041], [19.2667297, 54.0508121], [19.2748818, 54.0529898], [19.2824587, 54.0417684], [19.271161, 54.0417311], [19.2664068, 54.0370876], [19.2582081, 54.0352357], [19.2712915, 54.0238411], [19.271029, 54.0176192], [19.2789019, 54.0129506], [19.2849819, 54.0138964], [19.2929411, 54.024843], [19.3199077, 54.027269], [19.3248041, 54.0201876], [19.3602076, 54.0045251], [19.3667032, 54.0059559], [19.3720146, 54.0019269], [19.3890489, 54.0006655], [19.4045708, 54.0024668], [19.4107388, 53.9993944], [19.384147, 53.9901668], [19.3778351, 53.9847614], [19.3658825, 53.9606215], [19.3724409, 53.9490855], [19.3695635, 53.9377981], [19.3743251, 53.9353602], [19.4017131, 53.9343249], [19.4005458, 53.930193], [19.4167311, 53.9263044], [19.4414192, 53.9333443], [19.4586751, 53.9420542], [19.4842481, 53.9427056], [19.4890438, 53.9465323], [19.5349903, 53.9443903], [19.5556224, 53.9480825], [19.5591047, 53.9473151], [19.5578003, 53.9442592], [19.5666239, 53.9434168], [19.5759814, 53.9483463], [19.5749771, 53.9436946], [19.5820746, 53.9395778], [19.581343, 53.927063], [19.5559152, 53.9257705], [19.5607386, 53.9194212], [19.5548621, 53.8983347], [19.5571801, 53.8978283], [19.5420575, 53.8838873], [19.5342793, 53.8813311], [19.539741, 53.8789219], [19.5371445, 53.878345], [19.5379549, 53.8752298], [19.5304001, 53.8743016], [19.5264501, 53.8699359], [19.5296753, 53.8691624], [19.5243998, 53.8600839], [19.5141792, 53.8566794], [19.5122658, 53.8472111], [19.5185824, 53.8466391], [19.479621, 53.8168421], [19.5003746, 53.8066453], [19.4718824, 53.7848599], [19.4825266, 53.7802121], [19.4808718, 53.7751068], [19.4746159, 53.779747], [19.4708131, 53.7785294], [19.4604619, 53.783177], [19.4618488, 53.7855512], [19.4548914, 53.7897537], [19.4563379, 53.796573], [19.454206, 53.7975526], [19.37053, 53.8141995], [19.3217737, 53.8130739], [19.3097197, 53.8013776], [19.3123269, 53.8009057], [19.3088599, 53.794548], [19.3159515, 53.7908956], [19.3048583, 53.7884525], [19.2987131, 53.7788952], [19.3029493, 53.778165], [19.2986437, 53.7708976], [19.3040738, 53.7673477], [19.29944, 53.7622501], [19.300346, 53.7556235], [19.3041696, 53.7540444], [19.2893074, 53.739508], [19.2811405, 53.737], [19.2777836, 53.7323393], [19.2638789, 53.7299448], [19.2378514, 53.7113666], [19.2373375, 53.7077375], [19.2262058, 53.7052023], [19.2129456, 53.6914251], [19.2236603, 53.6687366], [19.213691, 53.6697068], [19.2152052, 53.6483881], [19.2108274, 53.6502357], [19.2122802, 53.6433662], [19.202701, 53.6349809], [19.1934561, 53.6411148], [19.1844672, 53.6371162], [19.1790834, 53.6403803], [19.1628559, 53.624325], [19.1386174, 53.6100128], [19.1303619, 53.6082784], [19.1276405, 53.6021858], [19.1304406, 53.5996976], [19.1292765, 53.5882606], [19.1577339, 53.5814956], [19.1613396, 53.5841405], [19.1741451, 53.5811387], [19.1997008, 53.5700594], [19.1892146, 53.5477704], [19.1952071, 53.5439664], [19.2078912, 53.5480953], [19.2106745, 53.5429324], [19.2088086, 53.5413926], [19.2135739, 53.540779], [19.2115037, 53.5380203], [19.213791, 53.5317742], [19.2199851, 53.5283625], [19.2188393, 53.5242589], [19.2042814, 53.523077], [19.2017437, 53.5191441], [19.1894787, 53.5153178], [19.1916573, 53.5140886], [19.1891991, 53.5115588], [19.2058504, 53.4966589], [19.225816, 53.4885447], [19.2232379, 53.4804013], [19.230725, 53.4768349], [19.2366431, 53.4675332], [19.2258743, 53.4611528], [19.225816, 53.4530589], [19.2341062, 53.4530739], [19.2436435, 53.4593655], [19.2464851, 53.4552633], [19.2416786, 53.4530167], [19.2456757, 53.4440265], [19.2409665, 53.4410031], [19.2461847, 53.434713], [19.2545881, 53.4315269], [19.2497211, 53.4226106], [19.2395067, 53.4172338], [19.2324992, 53.4211791], [19.2328355, 53.4174842], [19.2372931, 53.4159007], [19.2316502, 53.4145804], [19.2471468, 53.4095464], [19.2591984, 53.3964829], [19.2875263, 53.3905999], [19.2917379, 53.3850559], [19.2912283, 53.3891723], [19.2959055, 53.3950116], [19.3002987, 53.3948991], [19.3051359, 53.4000623], [19.3002097, 53.4029248], [19.2922181, 53.3988153], [19.2966858, 53.4032882], [19.3077342, 53.4067684], [19.3073788, 53.41149], [19.3199599, 53.4103431], [19.3295139, 53.4050467], [19.3692067, 53.4128363], [19.3829039, 53.4096068], [19.3817674, 53.406366], [19.3879983, 53.4035822], [19.3923807, 53.3924659], [19.3894529, 53.3907821], [19.3928491, 53.3883627], [19.3974384, 53.3887003], [19.3947641, 53.394632], [19.3991744, 53.3908948], [19.4080324, 53.3924601], [19.4110639, 53.3917072], [19.4079585, 53.3893779], [19.4125954, 53.3873893], [19.4178399, 53.378856], [19.4473617, 53.375643], [19.4396147, 53.3717757], [19.4287345, 53.3592292], [19.4579557, 53.3597883], [19.4655796, 53.3653764], [19.4664809, 53.3699367], [19.4731944, 53.371627], [19.4814816, 53.3714364], [19.4785712, 53.3622048], [19.484633, 53.3599955], [19.4975504, 53.3634418], [19.5085407, 53.3710641], [19.5198831, 53.3702599], [19.5183127, 53.3585443], [19.5238629, 53.3595396], [19.5211087, 53.35707], [19.5251234, 53.3514694], [19.5287836, 53.3529984], [19.522076, 53.3446043], [19.5252804, 53.34447], [19.5200934, 53.342153], [19.5218421, 53.3398457], [19.5188879, 53.338998], [19.5225562, 53.3368396], [19.5197281, 53.3304532], [19.5876269, 53.3317948], [19.6087897, 53.3419587], [19.6123963, 53.3382598], [19.6415275, 53.344606], [19.6901103, 53.3362915], [19.6870718, 53.3124935], [19.6891462, 53.3128629], [19.6893038, 53.3082436], [19.6843175, 53.3071477], [19.6850528, 53.304134], [19.6897564, 53.3068241], [19.7181228, 53.3020684], [19.712152, 53.2886849], [19.7257352, 53.2841914], [19.7195453, 53.2842602], [19.7170291, 53.280934], [19.7305661, 53.2709455], [19.7131601, 53.2745259], [19.6908765, 53.2597223], [19.6827996, 53.2584516], [19.68582, 53.2556955], [19.6832172, 53.2541788], [19.6918551, 53.2521622], [19.6895399, 53.2338967], [19.6950679, 53.2328217], [19.7001264, 53.2365089], [19.7168943, 53.231056], [19.7436577, 53.2282023], [19.7425973, 53.2218232], [19.7527408, 53.2125577], [19.7459426, 53.2110357], [19.7422205, 53.2036484], [19.7364695, 53.2032241], [19.7468638, 53.1932878], [19.7416812, 53.1885556], [19.7511129, 53.1843393], [19.7465944, 53.1797277], [19.7507662, 53.1784383], [19.7615952, 53.1517965], [19.7776474, 53.1549828], [19.8410694, 53.1409934], [19.8388853, 53.1632224], [19.8254222, 53.1732772], [19.8471163, 53.19226], [19.8722544, 53.1982048], [19.871057, 53.2015987], [19.8822161, 53.2026059], [19.8835776, 53.2087347], [19.8931105, 53.2131575], [19.8964028, 53.209663], [19.9134215, 53.2114621], [19.9137989, 53.2062715], [19.9178926, 53.2065445], [19.9157826, 53.1918679], [19.9186049, 53.1913367], [19.9113718, 53.1889065], [19.9073918, 53.1770133], [19.928081, 53.171498], [19.9264602, 53.1673756], [19.9421719, 53.1656491], [19.9545516, 53.1603133], [19.9637554, 53.1500487], [19.9738431, 53.1479691], [19.9781653, 53.1439146], [20.0196928, 53.1530935], [20.0256235, 53.1450348], [20.0308178, 53.1458609], [20.0343659, 53.1476741], [20.0388327, 53.1592452], [20.0523295, 53.1552251], [20.0761666, 53.1572924], [20.0774381, 53.1653644], [20.1041424, 53.1680567], [20.1104151, 53.1630674], [20.1191145, 53.162175], [20.127064, 53.1467398], [20.1405184, 53.1413011], [20.1590943, 53.1456547], [20.1643081, 53.1497573], [20.1652599, 53.1557753], [20.2237916, 53.1502406], [20.2579619, 53.1411629], [20.2753722, 53.1426831], [20.2902601, 53.1391137], [20.3537982, 53.1470743], [20.3536967, 53.1533484], [20.3610461, 53.1554517], [20.3253827, 53.1602967], [20.3762809, 53.177435], [20.3830297, 53.1891033], [20.3968915, 53.1946793], [20.4142114, 53.2116247], [20.410819, 53.2138831], [20.4194866, 53.2220281], [20.4236296, 53.221858], [20.4584506, 53.2467071], [20.4642253, 53.2433192], [20.4606508, 53.2416015], [20.4735352, 53.2342609], [20.507371, 53.2345423], [20.5072912, 53.2287126], [20.5255249, 53.2227477], [20.5359473, 53.2271524], [20.5298167, 53.2278487], [20.5317986, 53.2322821], [20.5547128, 53.2245181], [20.5620676, 53.2264742], [20.5749093, 53.24036], [20.5795562, 53.2398892], [20.5824575, 53.2331641], [20.5982152, 53.2354185], [20.6135736, 53.242543], [20.6108117, 53.2451877], [20.6117986, 53.2523249], [20.6573417, 53.2515138], [20.6662625, 53.2653677], [20.6760742, 53.2696618], [20.6870189, 53.2877498], [20.6921187, 53.2885266], [20.6923682, 53.3026253], [20.7138337, 53.2998529], [20.713625, 53.3092446], [20.7165796, 53.312097], [20.7213707, 53.3076131], [20.7388375, 53.3046439], [20.7470741, 53.3076704], [20.7395391, 53.3149764], [20.7425322, 53.3179575], [20.7517843, 53.3128767], [20.7643482, 53.31555], [20.7703474, 53.3114958], [20.7883045, 53.3107586], [20.797867, 53.3059385], [20.8247227, 53.3043919], [20.8514131, 53.2925506], [20.8512641, 53.2980917], [20.8550797, 53.2974676], [20.8511475, 53.3015587], [20.8652505, 53.3036228], [20.8731629, 53.3124098], [20.8722693, 53.3212447], [20.8864751, 53.318682], [20.9039729, 53.3094505], [20.9081261, 53.3178302], [20.906626, 53.3207385], [20.9169855, 53.321892], [20.9155326, 53.3171128], [20.9193295, 53.3157125], [20.9209761, 53.3209084], [20.9271094, 53.3201773], [20.9297773, 53.3242191], [20.9160793, 53.3253809], [20.9206938, 53.3353561], [20.9123261, 53.3374876], [20.9095311, 53.3427339], [20.9148381, 53.3455291], [20.9144001, 53.348221], [20.9226923, 53.3500474], [20.9186619, 53.3522682], [20.9317229, 53.3525309], [20.9329074, 53.3583487], [20.9363204, 53.359772], [20.9498512, 53.3579527], [20.947287, 53.3550583], [20.9605841, 53.3544431], [20.9593717, 53.351542], [20.963266, 53.3500032], [20.9666121, 53.3541604], [20.968781, 53.3517469], [20.9743834, 53.3542965], [20.9738903, 53.3517534], [20.9917041, 53.3613587], [20.9894455, 53.3630906], [20.9977318, 53.3617746], [21.0010518, 53.3567425], [21.031072, 53.3513611], [21.0377673, 53.3434344], [21.0558096, 53.3345945], [21.0917875, 53.3497394], [21.1141498, 53.3543752], [21.1361672, 53.36553], [21.140894, 53.3710183], [21.1413519, 53.3773187], [21.1758473, 53.3935868], [21.2000048, 53.3990928], [21.2502696, 53.4197309], [21.2813523, 53.4267015], [21.2918602, 53.422102], [21.2840794, 53.4150477], [21.2913792, 53.4085128], [21.2950823, 53.4090369], [21.2937762, 53.414779], [21.3025228, 53.4238908], [21.337562, 53.417397], [21.3393442, 53.419429], [21.3516253, 53.4142947], [21.3549603, 53.4202041], [21.3741124, 53.421363], [21.3877408, 53.4308348], [21.3993898, 53.4290027], [21.3948401, 53.4273895], [21.3978607, 53.4262136], [21.4099885, 53.4267102], [21.4235581, 53.4295223], [21.4260545, 53.4337386], [21.4335406, 53.4358565], [21.4374778, 53.4330342], [21.4351217, 53.4390808], [21.4459516, 53.4393242], [21.4375528, 53.440487], [21.4362881, 53.4438311], [21.4334986, 53.4423888], [21.434719, 53.4449503], [21.4292196, 53.4450215], [21.42482, 53.4493921], [21.4459827, 53.4459091], [21.4325987, 53.4628345], [21.5178853, 53.4769998], [21.5658903, 53.480948], [21.6478932, 53.4811803], [21.6867348, 53.4927567], [21.7906104, 53.4792694], [21.8286991, 53.4640436], [21.8608857, 53.4589662], [21.8811326, 53.4613433], [21.8910411, 53.466531], [21.9023555, 53.4825847], [21.901983, 53.4931624], [21.9201506, 53.5030377], [21.9220344, 53.5077594], [21.933948, 53.5111501], [21.9525733, 53.509438], [21.9899321, 53.5221066], [22.0096582, 53.5135538], [22.0198214, 53.4973888], [22.03012, 53.4968563], [22.0482288, 53.515435], [22.0504905, 53.5251199], [22.0541786, 53.5275745], [22.0756965, 53.5358176], [22.1010037, 53.5333036], [22.1747366, 53.5578202], [22.2279058, 53.5858442], [22.239086, 53.5961474], [22.2720098, 53.6105633], [22.2808373, 53.6217122], [22.2984284, 53.6242511], [22.3248466, 53.6340762], [22.3265869, 53.6317936], [22.3529264, 53.6472005], [22.3499494, 53.6483726], [22.3599098, 53.6558448], [22.396231, 53.6680978], [22.400688, 53.6671081], [22.4230416, 53.6815356], [22.4448263, 53.672329], [22.4422958, 53.6679446], [22.4376321, 53.6673921], [22.4410883, 53.66456], [22.4755256, 53.663159], [22.4684956, 53.667568], [22.4669701, 53.674286], [22.4716202, 53.6782921], [22.4654385, 53.6900675], [22.4758809, 53.6927327], [22.4675853, 53.6989595], [22.5139118, 53.697679], [22.5663696, 53.7214144], [22.584674, 53.7343158], [22.5848258, 53.7268971], [22.5969865, 53.7182817], [22.6068375, 53.7170196], [22.6108391, 53.7191937], [22.6165321, 53.7325065], [22.6264123, 53.7416067], [22.622235, 53.7443848], [22.6265005, 53.7472752], [22.6238448, 53.7513046], [22.6290425, 53.7574142], [22.640675, 53.7547515], [22.6384829, 53.7497095], [22.6415419, 53.7475782], [22.6676794, 53.7566032], [22.6802509, 53.7564095], [22.6968016, 53.7615888], [22.7035022, 53.7673548], [22.7094644, 53.7803594], [22.7267277, 53.8035257], [22.7243965, 53.8227257], [22.7267123, 53.8331741], [22.7549863, 53.8472517], [22.7594081, 53.8540604], [22.7790181, 53.8656001], [22.7854375, 53.883422], [22.7750056, 53.8963497], [22.780341, 53.9010049], [22.7753779, 53.9053833], [22.7828059, 53.9154896], [22.78163, 53.9197402], [22.7457599, 53.9462987], [22.71461, 53.9568946], [22.7080294, 53.9679662], [22.6965309, 53.9735146], [22.6909608, 54.0004026], [22.6799165, 54.0053546], [22.6709918, 54.0207029], [22.6703362, 54.0293068], [22.6327211, 54.0461044], [22.5998581, 54.0527916], [22.5968683, 54.066548], [22.6016345, 54.0681689], [22.604717, 54.0738053], [22.6038404, 54.0819399], [22.6233768, 54.0869481], [22.6250125, 54.0918782], [22.6354579, 54.0930237], [22.6367753, 54.1065871], [22.6205126, 54.1128948], [22.6128535, 54.1201258], [22.6019257, 54.1365204], [22.5937322, 54.1411781], [22.5914095, 54.1506508], [22.5782363, 54.1464727], [22.5808253, 54.1419999], [22.5471289, 54.1377288], [22.5461257, 54.1476461], [22.538899, 54.1478235], [22.5354239, 54.1529269], [22.5377161, 54.15496], [22.5337679, 54.1552453], [22.5368532, 54.1603973], [22.5191024, 54.1612616], [22.5159587, 54.1719283], [22.503774, 54.1804712], [22.5006175, 54.1864496], [22.509939, 54.187203], [22.5103339, 54.1908141], [22.4882101, 54.1936756], [22.4842133, 54.199617], [22.4765552, 54.2013057], [22.4838694, 54.2028095], [22.4838998, 54.2080671], [22.488182, 54.2065343], [22.4973627, 54.2105132], [22.4923508, 54.214395], [22.5101378, 54.2202311], [22.518315, 54.2175037], [22.5149005, 54.2242664], [22.5277887, 54.2293502], [22.5320786, 54.2491207], [22.5527318, 54.2513977], [22.5523133, 54.2492693], [22.5589665, 54.2474073], [22.5660247, 54.2498371], [22.5627023, 54.2519538], [22.5687523, 54.2584368], [22.5793586, 54.2582816], [22.5760261, 54.2671515], [22.610697, 54.2599231], [22.6446924, 54.2878457], [22.6944545, 54.2754487], [22.7456609, 54.2912078], [22.7513023, 54.2981644], [22.7680038, 54.2894436], [22.7791376, 54.2935671], [22.7900009, 54.2998942], [22.7839942, 54.305829], [22.7953394, 54.3249265], [22.7765019, 54.3280246], [22.7817749, 54.3333702], [22.8029918, 54.3409906], [22.8058453, 54.348984], [22.7919888, 54.3633414]]]}}, {"type": "Feature", "properties": {"name": "Silesian Voivodeship", "country": "POL"}, "geometry": {"type": "Polygon", "coordinates": [[[18.6729514, 51.0569019], [18.6754172, 51.0533445], [18.6719615, 51.0490599], [18.6954867, 51.0157757], [18.6797845, 51.0082902], [18.6561789, 51.0050126], [18.6681899, 50.9889944], [18.6635745, 50.982068], [18.663569, 50.9704726], [18.6445638, 50.9690479], [18.6381999, 50.9644858], [18.6222213, 50.9656491], [18.6123848, 50.955138], [18.6303131, 50.9311747], [18.6492627, 50.9311579], [18.6549504, 50.9165789], [18.6503674, 50.9060154], [18.6339022, 50.8878912], [18.6285466, 50.8724406], [18.6234918, 50.8701838], [18.617529, 50.8593597], [18.6179564, 50.8548692], [18.5881916, 50.851634], [18.5579719, 50.834084], [18.5629023, 50.8197425], [18.5605953, 50.8080736], [18.5043979, 50.8004633], [18.5036385, 50.7969299], [18.5210418, 50.7969023], [18.5221807, 50.7916514], [18.5167881, 50.7919704], [18.5160918, 50.7888591], [18.5251538, 50.7862216], [18.5271989, 50.7801066], [18.5250664, 50.7763858], [18.5343301, 50.7787856], [18.5380503, 50.7742155], [18.5348857, 50.7714247], [18.5500283, 50.7595758], [18.5817186, 50.7524524], [18.5773728, 50.7480577], [18.5721596, 50.7489628], [18.5704945, 50.7447085], [18.5517381, 50.752303], [18.5470504, 50.7424203], [18.5483026, 50.7320238], [18.5089518, 50.7260606], [18.5068936, 50.7131887], [18.483883, 50.7082627], [18.484114, 50.7030304], [18.4782635, 50.7030993], [18.4936793, 50.7004618], [18.4925363, 50.6967202], [18.5009109, 50.6938092], [18.4993045, 50.6894587], [18.4947791, 50.6906264], [18.4933817, 50.6869923], [18.4840528, 50.6856597], [18.4870257, 50.678643], [18.4975157, 50.6790162], [18.503918, 50.6736552], [18.508878, 50.6737025], [18.4967618, 50.6706508], [18.4940853, 50.6642885], [18.522834, 50.6594085], [18.5132674, 50.6580867], [18.5063537, 50.6413259], [18.5168622, 50.6396293], [18.5132042, 50.6307226], [18.5174677, 50.6254593], [18.5872507, 50.6138227], [18.5901322, 50.6063877], [18.6017269, 50.6044531], [18.5908003, 50.5777914], [18.5954597, 50.5775953], [18.5908423, 50.57581], [18.5953858, 50.5727009], [18.6004474, 50.574422], [18.5980289, 50.5686187], [18.6162587, 50.5692661], [18.6053773, 50.552739], [18.6074733, 50.5500111], [18.5814402, 50.5484312], [18.5798588, 50.5456048], [18.5727307, 50.548117], [18.5568761, 50.5397574], [18.4778553, 50.5527135], [18.4370475, 50.5459248], [18.4298677, 50.5316219], [18.4381302, 50.5273735], [18.4466766, 50.5088121], [18.4474883, 50.4988977], [18.466544, 50.4995009], [18.4703638, 50.4796016], [18.4743684, 50.4792826], [18.4749278, 50.473032], [18.4859927, 50.4698656], [18.4812912, 50.4582755], [18.4519653, 50.4626276], [18.453278, 50.4710151], [18.4504469, 50.47396], [18.452705, 50.4769294], [18.4400429, 50.480727], [18.4099484, 50.4746146], [18.3837508, 50.4835642], [18.3796091, 50.4817426], [18.3838095, 50.4611716], [18.386888, 50.4587627], [18.3829701, 50.4572327], [18.3861536, 50.4516894], [18.3824814, 50.4524264], [18.3816494, 50.449144], [18.3875008, 50.4451889], [18.3891159, 50.4395886], [18.3856259, 50.431304], [18.3759568, 50.4264711], [18.3669289, 50.4268828], [18.3648765, 50.4191214], [18.3780671, 50.4135485], [18.3855518, 50.4042488], [18.3847094, 50.4001651], [18.3963101, 50.3889604], [18.3849251, 50.3846473], [18.3850122, 50.3800847], [18.3738435, 50.3798922], [18.3765133, 50.3761043], [18.3882187, 50.3745068], [18.3885626, 50.3703627], [18.372468, 50.3715826], [18.3727613, 50.3610964], [18.3577446, 50.3565689], [18.3716046, 50.347035], [18.393885, 50.3384569], [18.4001401, 50.3312929], [18.398107, 50.3231873], [18.4067194, 50.3227971], [18.4090482, 50.3171713], [18.3919915, 50.3139608], [18.3932337, 50.3053619], [18.407642, 50.2899147], [18.3936904, 50.2759182], [18.4061096, 50.2770978], [18.4220857, 50.2728347], [18.4276464, 50.2673152], [18.4260473, 50.2616052], [18.4202695, 50.2614801], [18.4258663, 50.2489656], [18.405858, 50.2547221], [18.3765993, 50.2539082], [18.3533246, 50.2582353], [18.3621075, 50.2472726], [18.3468515, 50.2472515], [18.3249348, 50.2408807], [18.312999, 50.240666], [18.3132489, 50.2357876], [18.308436, 50.2307615], [18.2751927, 50.2248717], [18.2712324, 50.2203588], [18.2528335, 50.2230548], [18.2488702, 50.2169091], [18.2374014, 50.2146684], [18.2354098, 50.2013874], [18.2413077, 50.1971962], [18.2494081, 50.1977647], [18.2490326, 50.1925715], [18.1850959, 50.186831], [18.185994, 50.1809576], [18.1623579, 50.1891237], [18.1454498, 50.1795098], [18.1379362, 50.1795595], [18.1335998, 50.1844187], [18.120483, 50.1791899], [18.122865, 50.174791], [18.1103456, 50.1672107], [18.1037496, 50.1707944], [18.1015257, 50.1808751], [18.1008184, 50.1775988], [18.0832664, 50.1757124], [18.0710959, 50.170593], [18.0597806, 50.1746524], [18.0578854, 50.1733347], [18.064085, 50.1678154], [18.0563708, 50.1637948], [18.0587993, 50.1629871], [18.0565573, 50.1606512], [18.0660572, 50.1569909], [18.0557378, 50.1449386], [18.0534808, 50.1456995], [18.0501646, 50.1380885], [18.0546883, 50.1336005], [18.0680689, 50.1297738], [18.0607141, 50.1159282], [18.0726242, 50.1094264], [18.0613861, 50.1001094], [18.0569693, 50.0868607], [18.0350358, 50.065767], [18.0460432, 50.0625537], [18.0496862, 50.0583038], [18.061737, 50.0591549], [18.0637704, 50.052737], [18.0675663, 50.0530619], [18.0662064, 50.0480748], [18.0892878, 50.0441014], [18.0858125, 50.0318466], [18.1030832, 50.0225585], [18.0932813, 50.0149976], [18.0947726, 50.0118522], [18.1046005, 50.0010216], [18.1158785, 49.9947127], [18.1343855, 49.9973853], [18.1361233, 49.9938738], [18.1469291, 49.9916146], [18.1538614, 49.9823234], [18.1690164, 49.9864524], [18.1720056, 49.9900136], [18.1679473, 49.9984845], [18.1731417, 50.0002385], [18.1900858, 49.9987534], [18.1932343, 49.9945083], [18.206576, 49.9979264], [18.2138453, 49.986133], [18.2143187, 49.9719924], [18.2216398, 49.9676912], [18.2358769, 49.9710661], [18.276154, 49.9646593], [18.2818288, 49.9501758], [18.2792041, 49.940051], [18.28969, 49.9287287], [18.2990301, 49.9287305], [18.2991193, 49.9238115], [18.3179638, 49.9156826], [18.3301825, 49.9236631], [18.3303897, 49.9305811], [18.3399331, 49.925651], [18.3449655, 49.9298705], [18.3500065, 49.9295874], [18.340875, 49.9320641], [18.3420364, 49.9347082], [18.3516001, 49.9355392], [18.3464562, 49.9402024], [18.334582, 49.9401456], [18.3329582, 49.949387], [18.3768366, 49.9356015], [18.3977004, 49.9342479], [18.4307384, 49.9381508], [18.4328772, 49.9281787], [18.445475, 49.9230154], [18.4628994, 49.9224753], [18.4670531, 49.9160592], [18.4830787, 49.9108436], [18.4910121, 49.9033589], [18.4956002, 49.9063319], [18.4982213, 49.9030429], [18.5192506, 49.9023732], [18.5237418, 49.8994681], [18.5343963, 49.8996018], [18.5470752, 49.9091502], [18.5398748, 49.912053], [18.5429939, 49.9224299], [18.5393909, 49.9257022], [18.5447594, 49.9258973], [18.559667, 49.9178848], [18.5737618, 49.9210846], [18.5761496, 49.9132732], [18.5737167, 49.9077866], [18.5800627, 49.9055424], [18.5708735, 49.8916705], [18.5730132, 49.8871293], [18.5660165, 49.8830784], [18.5714155, 49.8759703], [18.5695552, 49.8734519], [18.5802944, 49.8667903], [18.5999768, 49.8661543], [18.6057282, 49.8615992], [18.6038773, 49.8571109], [18.5837303, 49.8522974], [18.5896786, 49.8458961], [18.5694534, 49.8344243], [18.5688359, 49.8293942], [18.5824236, 49.8178825], [18.5853032, 49.8048573], [18.5929463, 49.8017464], [18.5926357, 49.7975475], [18.5999094, 49.7893285], [18.5972462, 49.784371], [18.6104699, 49.7707268], [18.6143378, 49.7618924], [18.6133401, 49.7549844], [18.6292472, 49.7469284], [18.6262291, 49.7299197], [18.6288125, 49.7259605], [18.6252246, 49.7223799], [18.6417004, 49.7122897], [18.652316, 49.7109963], [18.6525843, 49.7076217], [18.6586095, 49.7108282], [18.666889, 49.7096573], [18.6682238, 49.7034383], [18.693662, 49.7065983], [18.7095575, 49.7044935], [18.7076426, 49.7022676], [18.7114765, 49.6996723], [18.7091597, 49.6954702], [18.7151535, 49.6953878], [18.7170687, 49.6835117], [18.7297699, 49.6841863], [18.7381659, 49.6807969], [18.7399853, 49.6768504], [18.7512638, 49.6769103], [18.7640198, 49.6846575], [18.7669791, 49.6822846], [18.780614, 49.6853671], [18.793774, 49.6793507], [18.8045887, 49.6788782], [18.8101578, 49.6725619], [18.8066013, 49.665651], [18.8094022, 49.6573336], [18.8063698, 49.6511899], [18.8202442, 49.6242113], [18.8187841, 49.6185671], [18.8242539, 49.6144516], [18.8247471, 49.6001454], [18.8292888, 49.5949421], [18.8390807, 49.5953186], [18.8317108, 49.5841332], [18.837021, 49.5630734], [18.8452163, 49.5611104], [18.8491318, 49.5543835], [18.8591815, 49.5505841], [18.8573027, 49.5378443], [18.8439619, 49.534008], [18.8447492, 49.5283198], [18.8372284, 49.5236291], [18.8430039, 49.5185361], [18.850896, 49.5171415], [18.86677, 49.519423], [18.875497, 49.515868], [18.897157, 49.514421], [18.930851, 49.519946], [18.941662, 49.5189], [18.949175, 49.512623], [18.971646, 49.504336], [18.973333, 49.496807], [18.966231, 49.493092], [18.960451, 49.48275], [18.970198, 49.476808], [18.964587, 49.472438], [18.966205, 49.467957], [18.960783, 49.454705], [18.973874, 49.451654], [18.977787, 49.440532], [18.988972, 49.431299], [18.985723, 49.4218487], [18.968751, 49.4133304], [18.97315, 49.406938], [18.971181, 49.402063], [18.9798538, 49.3952215], [18.9896423, 49.3983803], [19.0259001, 49.3940109], [19.044693, 49.4004467], [19.0443084, 49.4047359], [19.0539125, 49.4151627], [19.0701891, 49.4123937], [19.072731, 49.417984], [19.091472, 49.415973], [19.093639, 49.410796], [19.102998, 49.409791], [19.107287, 49.403682], [19.120358, 49.402659], [19.137516, 49.409956], [19.150658, 49.403645], [19.1756, 49.413744], [19.187451, 49.409665], [19.197397, 49.414564], [19.190998, 49.42104], [19.193406, 49.42601], [19.1857359, 49.4347198], [19.198581, 49.448161], [19.208989, 49.451828], [19.219007, 49.448612], [19.225311, 49.454314], [19.228263, 49.463736], [19.227127, 49.466946], [19.219982, 49.469307], [19.220465, 49.473491], [19.2315404, 49.4868292], [19.2278291, 49.4919351], [19.2355148, 49.4956578], [19.2370299, 49.5016992], [19.2332716, 49.5104924], [19.2610254, 49.5272866], [19.2606883, 49.5312291], [19.274714, 49.531892], [19.2815232, 49.5353366], [19.2979627, 49.533441], [19.3103499, 49.5370103], [19.3155709, 49.5365851], [19.3187944, 49.5310826], [19.3622997, 49.5360882], [19.3685743, 49.5450334], [19.3665935, 49.5537032], [19.3734541, 49.5578504], [19.3713627, 49.5674421], [19.4000179, 49.5741342], [19.4076416, 49.5808269], [19.4099851, 49.5921592], [19.442018, 49.598501], [19.4451311, 49.6016067], [19.4420658, 49.6055722], [19.4462324, 49.6133009], [19.4549414, 49.6109081], [19.4673762, 49.6137628], [19.4807649, 49.6243829], [19.4754004, 49.6388036], [19.4684684, 49.6438614], [19.4777776, 49.6608127], [19.4649849, 49.6678822], [19.4610337, 49.6753915], [19.4410575, 49.6805284], [19.4118648, 49.6727728], [19.4070757, 49.678636], [19.391772, 49.6773284], [19.3895886, 49.6842363], [19.3702167, 49.6933022], [19.3910923, 49.697189], [19.3944095, 49.7064972], [19.3998393, 49.7095991], [19.3982654, 49.7118741], [19.4105355, 49.7101406], [19.4284466, 49.718095], [19.4282477, 49.7274733], [19.4449353, 49.7340338], [19.4446082, 49.7451421], [19.4201846, 49.7721691], [19.4114215, 49.7742261], [19.4090044, 49.764294], [19.3999991, 49.7616719], [19.3894263, 49.7689934], [19.3746107, 49.7698895], [19.3660362, 49.7777562], [19.3499196, 49.771424], [19.3167844, 49.7778868], [19.3157297, 49.7845355], [19.2973911, 49.8018536], [19.2944145, 49.8073391], [19.2965386, 49.8102002], [19.2865705, 49.816413], [19.2889078, 49.8385985], [19.2946297, 49.8499473], [19.2708556, 49.8606639], [19.237382, 49.8649444], [19.237601, 49.8618242], [19.2209496, 49.863135], [19.2212094, 49.8686743], [19.202613, 49.8715773], [19.1930923, 49.8682286], [19.1969454, 49.8606243], [19.193195, 49.8584528], [19.1709431, 49.8530309], [19.1664297, 49.8561793], [19.1572188, 49.8663388], [19.1663148, 49.8711541], [19.1657736, 49.87493], [19.1729108, 49.8798567], [19.1961755, 49.8874192], [19.1938629, 49.8912027], [19.1967781, 49.9010084], [19.193101, 49.9087916], [19.1944956, 49.9132576], [19.191563, 49.9198813], [19.1856652, 49.9184488], [19.186427, 49.932138], [19.182485, 49.932869], [19.1874009, 49.939242], [19.1837035, 49.9443304], [19.1861126, 49.9451845], [19.184936, 49.9500563], [19.1885257, 49.9521761], [19.1663155, 49.9467964], [19.1603514, 49.9423319], [19.1616539, 49.9395097], [19.1409385, 49.9380274], [19.1216844, 49.938341], [19.11348, 49.9433706], [19.1046099, 49.9426774], [19.1065342, 49.9452632], [19.0995712, 49.9470695], [19.0980334, 49.9522145], [19.0831232, 49.9505996], [19.0908406, 49.9565244], [19.099457, 49.9584416], [19.1033952, 49.955243], [19.1025532, 49.9576618], [19.1085901, 49.9613379], [19.1143605, 49.9579899], [19.124342, 49.9634682], [19.1236567, 49.9672712], [19.1176137, 49.9677758], [19.1239762, 49.970527], [19.1227233, 49.9721395], [19.1101823, 49.9723432], [19.1140677, 49.9754575], [19.1104198, 49.9785434], [19.1156831, 49.9776843], [19.1181114, 49.9821734], [19.1147913, 49.9848578], [19.121449, 49.9836209], [19.1194118, 49.9871558], [19.1232855, 49.9883045], [19.1112328, 49.9959881], [19.11748, 49.9997054], [19.1175431, 50.0022296], [19.1130674, 50.0027226], [19.1219659, 50.0023827], [19.1190232, 50.0092446], [19.141974, 50.0239615], [19.1429983, 50.0281627], [19.139, 50.0283399], [19.1362632, 50.0352995], [19.145898, 50.0312305], [19.1434014, 50.0347849], [19.1447526, 50.0398754], [19.1489756, 50.0397462], [19.1489241, 50.0441057], [19.1533057, 50.0421535], [19.1504948, 50.0456671], [19.1547299, 50.0472628], [19.1458786, 50.04531], [19.1499897, 50.0520336], [19.159928, 50.050566], [19.1601907, 50.0546028], [19.1656238, 50.0547663], [19.1632074, 50.0572007], [19.1680457, 50.0603676], [19.1780989, 50.0572802], [19.1953237, 50.0651626], [19.2072232, 50.061418], [19.2134738, 50.0652816], [19.2166881, 50.0616072], [19.2151644, 50.0595172], [19.2187069, 50.0589801], [19.2234924, 50.0676238], [19.2335705, 50.0657427], [19.2291478, 50.0714158], [19.2119508, 50.0764633], [19.2238543, 50.0888807], [19.223244, 50.0955081], [19.2298477, 50.1007642], [19.2325368, 50.1075879], [19.2404454, 50.1118662], [19.2407725, 50.1176699], [19.2504424, 50.1317037], [19.2538106, 50.1341934], [19.2611877, 50.1322843], [19.2543985, 50.1305921], [19.2591775, 50.1169337], [19.2778168, 50.119726], [19.2707037, 50.1438232], [19.2880071, 50.1404373], [19.3150137, 50.1422329], [19.3316418, 50.144154], [19.3435603, 50.1491219], [19.3461418, 50.1547584], [19.3499543, 50.1506172], [19.3546179, 50.1539378], [19.3489194, 50.1611243], [19.3498178, 50.1650606], [19.3450044, 50.1646234], [19.3485944, 50.1731368], [19.3616417, 50.1713939], [19.36655, 50.1732209], [19.3676867, 50.179104], [19.3491156, 50.1776014], [19.3390141, 50.1816424], [19.3352271, 50.188509], [19.3734396, 50.192418], [19.3832078, 50.1996635], [19.4024113, 50.201014], [19.3997031, 50.2033238], [19.4042355, 50.2037478], [19.405462, 50.2068988], [19.4124142, 50.2062141], [19.4165003, 50.2012734], [19.4164527, 50.2105723], [19.4419756, 50.2265744], [19.4294093, 50.225321], [19.4110783, 50.2332891], [19.3970166, 50.2316107], [19.3401212, 50.2496222], [19.3234428, 50.2595543], [19.3307477, 50.2625334], [19.3363649, 50.2609707], [19.3365195, 50.2635426], [19.3439123, 50.2656684], [19.3521817, 50.2646682], [19.3522376, 50.2668667], [19.3591293, 50.2592412], [19.3632092, 50.2606378], [19.3607414, 50.2635273], [19.3714799, 50.2682923], [19.3624517, 50.2692106], [19.3618441, 50.2708115], [19.3756301, 50.2698676], [19.3762285, 50.2728863], [19.3825665, 50.2735027], [19.3869363, 50.2781589], [19.3840454, 50.2822965], [19.3875269, 50.2884421], [19.3964145, 50.2905084], [19.4007528, 50.2974139], [19.4040432, 50.2969832], [19.400299, 50.2990049], [19.414298, 50.2979996], [19.4091864, 50.2993521], [19.4125313, 50.3029228], [19.4030928, 50.3039859], [19.4026705, 50.3075929], [19.3984436, 50.3091153], [19.3998873, 50.3135619], [19.4052876, 50.3142192], [19.4146904, 50.3228117], [19.4153566, 50.3317859], [19.4512556, 50.3187925], [19.4583548, 50.3226266], [19.483944, 50.3235974], [19.4806412, 50.3336021], [19.487733, 50.3472194], [19.484154, 50.3540977], [19.4564266, 50.3662145], [19.4603471, 50.3729063], [19.4916872, 50.3659786], [19.4875566, 50.3969791], [19.504467, 50.4010591], [19.5195101, 50.4149775], [19.5179121, 50.4163495], [19.537447, 50.4202346], [19.5453049, 50.4189064], [19.5462091, 50.413509], [19.5571654, 50.4144079], [19.5544478, 50.4120256], [19.5572414, 50.4107609], [19.5743465, 50.411517], [19.5660312, 50.407307], [19.5888191, 50.4102482], [19.6048142, 50.404201], [19.6136713, 50.4045197], [19.6271365, 50.4145608], [19.6365641, 50.4093605], [19.6440475, 50.4112721], [19.6453269, 50.4092009], [19.6511073, 50.4127344], [19.658161, 50.4081758], [19.6545403, 50.4141454], [19.6717448, 50.4158297], [19.6650192, 50.4265553], [19.6792714, 50.4346019], [19.6943543, 50.4351573], [19.7007814, 50.4497214], [19.7082043, 50.4482558], [19.70737, 50.4429464], [19.7098042, 50.441435], [19.7111652, 50.4448913], [19.7247777, 50.4408765], [19.7317726, 50.4443228], [19.748745, 50.4421432], [19.7677171, 50.444892], [19.7819722, 50.4401074], [19.80086, 50.443879], [19.8054253, 50.4370198], [19.8107478, 50.4353121], [19.8200695, 50.4344825], [19.8252206, 50.4380316], [19.8319714, 50.4361448], [19.8336043, 50.4391004], [19.8411908, 50.4385518], [19.84171, 50.4343366], [19.8535121, 50.4351436], [19.8502858, 50.4437308], [19.8529157, 50.4473555], [19.8997814, 50.453399], [19.9030069, 50.45675], [19.8945116, 50.461147], [19.8920803, 50.4661706], [19.9005597, 50.4735248], [19.9280394, 50.4751535], [19.9376571, 50.478934], [19.9705222, 50.4740194], [19.9740656, 50.4769743], [19.9676558, 50.480042], [19.964063, 50.4887232], [19.9522932, 50.4942474], [19.9499664, 50.5047826], [19.9350919, 50.5022983], [19.9121706, 50.5114446], [19.901231, 50.53973], [19.8548619, 50.5434248], [19.8442301, 50.5559882], [19.7886432, 50.5544802], [19.7897661, 50.5684732], [19.8041548, 50.5657047], [19.8169127, 50.5728535], [19.8249459, 50.5828549], [19.8426746, 50.5917684], [19.8410698, 50.5965802], [19.8571108, 50.6188662], [19.861923, 50.6216883], [19.8984057, 50.6158635], [19.8995571, 50.6209256], [19.9034722, 50.6196195], [19.9089662, 50.6299159], [19.9115019, 50.6293421], [19.9150577, 50.6357084], [19.9203677, 50.6344691], [19.9221834, 50.6394197], [19.9098346, 50.6420355], [19.8888983, 50.6364905], [19.8847529, 50.6402021], [19.8858182, 50.6433391], [19.8787755, 50.6463691], [19.8578204, 50.6457675], [19.8310998, 50.6514329], [19.8332998, 50.6528896], [19.8283758, 50.6546263], [19.8417379, 50.6582952], [19.8386543, 50.6585771], [19.8412683, 50.6628008], [19.8328727, 50.6672251], [19.8369807, 50.6703945], [19.8532922, 50.6645631], [19.8658195, 50.6648355], [19.8586344, 50.6739342], [19.8615643, 50.6794929], [19.8730272, 50.6829606], [19.8716583, 50.6930447], [19.8504643, 50.6906067], [19.8488502, 50.7002671], [19.8433367, 50.7057324], [19.808266, 50.7059143], [19.8099034, 50.7114322], [19.8061266, 50.7120075], [19.8107676, 50.7254125], [19.8043788, 50.725015], [19.8017186, 50.7170756], [19.7792473, 50.7217685], [19.7589927, 50.715701], [19.7129538, 50.7291559], [19.7132132, 50.7323193], [19.7194681, 50.7330489], [19.7126688, 50.7427434], [19.7082577, 50.7437679], [19.7043035, 50.7523931], [19.7112418, 50.7543132], [19.7057957, 50.7618188], [19.722452, 50.7594836], [19.7222477, 50.7666435], [19.7265748, 50.7710285], [19.7342588, 50.769728], [19.7375502, 50.76499], [19.7339854, 50.7623583], [19.7429765, 50.7570123], [19.7417226, 50.7546818], [19.7657843, 50.7716629], [19.7702799, 50.7709379], [19.7696072, 50.7741744], [19.7628535, 50.7747507], [19.7646898, 50.7777214], [19.7955185, 50.7838396], [19.787207, 50.7923556], [19.7753634, 50.7983653], [19.7855105, 50.8074003], [19.7907105, 50.8055081], [19.7909544, 50.8107369], [19.7887336, 50.8104151], [19.7898, 50.8061327], [19.7841445, 50.8100752], [19.782937, 50.8055586], [19.7826504, 50.8095929], [19.7786613, 50.8091619], [19.7841678, 50.8178164], [19.7884386, 50.8195085], [19.7968564, 50.8166143], [19.7976155, 50.8122794], [19.7943101, 50.8113412], [19.8046213, 50.8079359], [19.8069945, 50.8022327], [19.8233724, 50.8056131], [19.8204609, 50.8076429], [19.8186111, 50.8207417], [19.8321599, 50.8197014], [19.8256458, 50.8250105], [19.8253847, 50.8322219], [19.8194176, 50.8385536], [19.8030929, 50.8449876], [19.8052461, 50.8470715], [19.800025, 50.8462343], [19.74706, 50.86597], [19.7435473, 50.8596081], [19.7472237, 50.8571495], [19.7425971, 50.8547547], [19.7427723, 50.8518429], [19.7294026, 50.849961], [19.7279013, 50.8432775], [19.682928, 50.8452178], [19.678482, 50.8501828], [19.6701348, 50.848713], [19.6675234, 50.8541004], [19.6613982, 50.8545411], [19.657776, 50.8632821], [19.6612618, 50.8745227], [19.6387999, 50.8797751], [19.6182406, 50.8805087], [19.6138539, 50.8772407], [19.5876707, 50.905336], [19.5775496, 50.9047861], [19.5744475, 50.908121], [19.5643305, 50.9075843], [19.552595, 50.9001576], [19.5250777, 50.8941304], [19.5091803, 50.8810691], [19.5031895, 50.8864495], [19.4976027, 50.879671], [19.4897866, 50.8789306], [19.483798, 50.8846337], [19.4711159, 50.8858845], [19.4671608, 50.8885912], [19.4735959, 50.891759], [19.4731258, 50.8941456], [19.4639206, 50.8953102], [19.4628051, 50.9099735], [19.4681953, 50.9105397], [19.4697671, 50.9174178], [19.4647869, 50.9273371], [19.4464786, 50.9354797], [19.4380245, 50.9439034], [19.4322906, 50.9648991], [19.4134792, 50.9751648], [19.4098064, 50.9740194], [19.4100695, 50.9711751], [19.4034345, 50.9748845], [19.4107225, 50.9806915], [19.400969, 50.9884361], [19.403759, 50.9898659], [19.4006642, 50.9915941], [19.4020745, 50.9939734], [19.395718, 50.9946325], [19.3921215, 51.0009484], [19.3787157, 50.9951965], [19.356246, 50.9925972], [19.3516262, 50.9958593], [19.3621693, 51.0039463], [19.3473871, 51.010862], [19.3265607, 51.012266], [19.3258848, 51.0188644], [19.3185809, 51.0201282], [19.3185207, 51.0282062], [19.3314169, 51.0388486], [19.3226874, 51.0461906], [19.3106375, 51.0477166], [19.3012492, 51.043266], [19.2917684, 51.0454778], [19.2609317, 51.0309981], [19.2568514, 51.0336484], [19.261876, 51.035172], [19.2499294, 51.0380803], [19.2505698, 51.0400136], [19.2431423, 51.0368447], [19.2473699, 51.0301986], [19.2431525, 51.0235791], [19.2516239, 51.015876], [19.2570099, 51.0029619], [19.2506091, 51.0053515], [19.2460633, 50.9947798], [19.2407332, 50.9903941], [19.2042543, 50.9824184], [19.2064715, 50.9855243], [19.1795087, 50.9913833], [19.1786261, 50.9894331], [19.1649635, 50.9945202], [19.1638351, 51.0032569], [19.1611343, 51.0031952], [19.1617045, 51.0006024], [19.1449226, 51.0018059], [19.1498005, 51.0095777], [19.1326561, 51.0108498], [19.1273426, 51.005881], [19.132843, 50.9995647], [19.1235607, 50.9995986], [19.1090592, 51.0142251], [19.1044851, 51.0262075], [19.0891495, 51.0334423], [19.0726756, 51.0355342], [19.0561302, 51.0241525], [19.0497363, 51.0264291], [19.0467525, 51.0285933], [19.0539044, 51.031443], [19.0529396, 51.0332652], [19.0566042, 51.0320567], [19.0565481, 51.0360197], [19.0536589, 51.0365568], [19.0563353, 51.0399186], [19.0167124, 51.0518608], [19.0090582, 51.0603373], [19.011631, 51.0665059], [18.9932573, 51.0761494], [18.966956, 51.0818873], [18.9556219, 51.0901454], [18.9324046, 51.0931082], [18.9230197, 51.0994297], [18.900524, 51.079484], [18.89551, 51.0666285], [18.9003275, 51.0624265], [18.8933129, 51.0602118], [18.8835335, 51.0589797], [18.8746542, 51.0673722], [18.8564655, 51.07644], [18.8573888, 51.0725985], [18.8179058, 51.0682458], [18.8166391, 51.0729492], [18.8006881, 51.0711882], [18.8028871, 51.0633928], [18.7774496, 51.0657937], [18.749406, 51.0623156], [18.731837, 51.0664654], [18.7100853, 51.0656443], [18.6729514, 51.0569019]]]}}, {"type": "Feature", "properties": {"name": "Groningen", "country": "NLD"}, "geometry": {"type": "Polygon", "coordinates": [[[6.290566262000027, 53.099829578000026], [6.344434341000067, 53.08713554700006], [6.356621543000074, 53.10708518400003], [6.363559534000046, 53.10755224500008], [6.365856105000034, 53.12222819700003], [6.382613289000062, 53.14957115100003], [6.38141528400007, 53.15350615500006], [6.402922438000076, 53.16720615200006], [6.407810434000055, 53.17808900400007], [6.442867630000023, 53.18774106600006], [6.447712920000072, 53.19644120900006], [6.482256078000034, 53.20366739800005], [6.488925075000054, 53.20313228600003], [6.494227956000032, 53.198218309000026], [6.506860054000072, 53.20014483700004], [6.530492699000035, 53.195560200000045], [6.534282502000053, 53.18408610000006], [6.541744507000033, 53.17861130700004], [6.548188883000023, 53.18109866600008], [6.559497278000038, 53.169106826000075], [6.56368787200006, 53.15763944400004], [6.581515072000059, 53.16358559000008], [6.587089655000057, 53.15622710200006], [6.584521664000022, 53.153510495000035], [6.587964501000044, 53.14543720200004], [6.599984722000045, 53.14472467500008], [6.614400631000024, 53.13555811900005], [6.613641460000053, 53.13269543900003], [6.619019704000038, 53.13155365700004], [6.630830735000075, 53.11921229300003], [6.628056096000023, 53.11564816600003], [6.636597373000029, 53.11284403800005], [6.63483177300003, 53.10620327700008], [6.695366931000024, 53.121177300000056], [6.737450873000057, 53.11946305600003], [6.743253682000045, 53.11656963300004], [6.936610574000042, 52.99276093900005], [7.016197300000044, 52.92442638000006], [7.026113827000074, 52.919161203000044], [7.045571623000058, 52.91590951900008], [7.014799327000048, 52.87298720300004], [7.040241957000035, 52.872903887000064], [7.043486167000026, 52.86521923600003], [7.046432975000073, 52.86585626100003], [7.062747113000057, 52.85144825500004], [7.069557203000045, 52.847748369000044], [7.076260122000065, 52.85003137400008], [7.072192743000073, 52.84521166300004], [7.072147623000035, 52.83840584200004], [7.092739506000044, 52.838196905000075], [7.08725781000004, 52.849887874000046], [7.181516094000074, 52.94158566500005], [7.209562779000066, 53.000508842000045], [7.217445762000068, 53.007039355000074], [7.21296852100005, 53.01087969200006], [7.199219464000066, 53.08138803200006], [7.202793438000072, 53.113412373000074], [7.182898588000057, 53.12176670500003], [7.185872692000032, 53.12422753100003], [7.180936387000031, 53.127835239000035], [7.178902020000066, 53.13828753300004], [7.189601025000059, 53.14796343800003], [7.190900138000075, 53.161841656000036], [7.203654540000059, 53.17656618800004], [7.227498050000065, 53.180280528000026], [7.208042341000066, 53.18847853300008], [7.217622362000043, 53.197819379000066], [7.217024877000028, 53.21476865100004], [7.210491119000039, 53.22839914300005], [7.212503973000025, 53.22819068200005], [7.187599916000067, 53.332183229000066], [7.111171976000037, 53.33181874500008], [7.06173504700007, 53.32404178100006], [7.005910586000027, 53.32654148300003], [6.995356621000042, 53.33181863600004], [6.993690255000047, 53.34876099600007], [6.952030031000049, 53.394033], [6.93203305000003, 53.438471750000076], [6.915924519000043, 53.45735825700007], [6.890928480000071, 53.46513505300004], [6.87426442900005, 53.46457944600007], [6.85760037700004, 53.46874560900005], [6.820106439000028, 53.49374250800008], [6.637131665000027, 53.57642307900005], [6.612607836000052, 53.56430789900003], [6.428587743000037, 53.566036016000055], [6.352528883000048, 53.53971340100003], [6.352124057000026, 53.52174644000007], [6.367249982000033, 53.523870712000075], [6.404449535000026, 53.52088548200004], [6.416010137000058, 53.512989094000034], [6.418681398000047, 53.50564540700003], [6.415015825000069, 53.497507048000045], [6.40899169000005, 53.49485273100004], [6.351567954000075, 53.49704169200004], [6.350426765000066, 53.44626881500005], [6.194020575000025, 53.41328919800003], [6.167944974000022, 53.39075943200004], [6.170524099000033, 53.37478251600004], [6.178588655000055, 53.36482812700007], [6.218892095000058, 53.35740708700007], [6.224972509000054, 53.35430755300007], [6.232418878000033, 53.34343976000008], [6.254046653000046, 53.34859377400005], [6.286980637000056, 53.34138207700005], [6.280503444000033, 53.31258173800006], [6.294361163000076, 53.30817288000003], [6.278427960000045, 53.30282990900008], [6.268716901000062, 53.28977362900008], [6.259903782000038, 53.29107599200006], [6.253227749000075, 53.28792822200006], [6.251408881000032, 53.27725527400003], [6.255529661000025, 53.268982951000055], [6.245215556000062, 53.26762860600007], [6.238843724000048, 53.26280696500004], [6.237731883000038, 53.25766604800003], [6.232104832000061, 53.25669572500004], [6.235100831000068, 53.253355181000074], [6.229480916000057, 53.24982590700006], [6.231043623000062, 53.24506743100005], [6.21797833100004, 53.24193244700007], [6.224972169000068, 53.238593181000056], [6.215542601000038, 53.23698546900005], [6.216753475000075, 53.23434196800008], [6.214302135000025, 53.23406724100005], [6.224720268000056, 53.22998447700007], [6.225339560000066, 53.225455741000076], [6.230173445000048, 53.22244081100007], [6.229980463000061, 53.21778860900008], [6.219057625000062, 53.20599388100004], [6.209426136000047, 53.19988481200005], [6.199621322000041, 53.19835563400005], [6.199431921000041, 53.19325390500006], [6.192854229000034, 53.18906861500005], [6.177780987000062, 53.167929223000044], [6.175316933000033, 53.13548242400003], [6.20504818400002, 53.11548468500007], [6.262651233000042, 53.11412360400004], [6.283050912000022, 53.10686366300007], [6.290566262000027, 53.099829578000026]]]}}, {"type": "Feature", "properties": {"name": "Drenthe", "country": "NLD"}, "geometry": {"type": "Polygon", "coordinates": [[[6.315158277000023, 53.09405334600007], [6.305274461000067, 53.08119007000005], [6.367811370000027, 53.067360690000044], [6.362522094000042, 53.033969711000054], [6.427615260000039, 52.97181621400006], [6.393436082000051, 52.93284407700003], [6.334460428000057, 52.90657032200005], [6.30298532200004, 52.92497269200004], [6.256592999000077, 52.92764147100007], [6.232290934000048, 52.91343836200008], [6.206899907000036, 52.890744003000066], [6.119820037000068, 52.854215355000065], [6.151962468000022, 52.828829918000054], [6.149199282000041, 52.82840267000006], [6.177230132000034, 52.813851191000026], [6.20173113200002, 52.79369619500005], [6.168526120000024, 52.76709395900008], [6.126617680000038, 52.75693582500003], [6.120558424000023, 52.752468702000044], [6.156607553000072, 52.69195796500003], [6.169651714000054, 52.68612139900006], [6.163955867000027, 52.67947542600007], [6.183147579000035, 52.67506389300007], [6.180548980000026, 52.681588515000044], [6.185871448000057, 52.68250417000007], [6.194230480000044, 52.67663023700004], [6.201682229000028, 52.684620978000055], [6.216650256000037, 52.68640656400004], [6.237075117000074, 52.67754835100004], [6.24376124500003, 52.67871899100004], [6.252001936000056, 52.669882045000065], [6.265401372000042, 52.66918017300003], [6.270067509000057, 52.664794750000056], [6.279163062000066, 52.66905366000003], [6.295367159000023, 52.66228662200007], [6.297563281000066, 52.66637003300008], [6.325021957000047, 52.66995238800007], [6.329290310000033, 52.66539900400005], [6.325876122000068, 52.66286527400007], [6.326290110000059, 52.658986610000056], [6.364441159000023, 52.64317498300005], [6.363019198000075, 52.63905887900006], [6.375205996000034, 52.627408468000056], [6.373252617000048, 52.62383778200007], [6.377178094000044, 52.62036102700006], [6.376510456000062, 52.61692422600004], [6.382796175000067, 52.61566142100003], [6.38383690400002, 52.61219801400006], [6.39603532700005, 52.61778825300007], [6.403766877000066, 52.61627147000007], [6.40950237900006, 52.62173355500005], [6.418808668000054, 52.619023481000056], [6.431243119000044, 52.62837822700004], [6.434934594000026, 52.61928582300004], [6.441879908000033, 52.615637537000055], [6.459788573000026, 52.61576005000006], [6.463285244000076, 52.62351390300006], [6.47007351700006, 52.625007553000046], [6.478016582000066, 52.61863157500005], [6.491850861000046, 52.619144524000035], [6.518604769000035, 52.61408814600003], [6.513862028000062, 52.64629397400006], [6.552822116000073, 52.66559508900008], [6.614527606000024, 52.67404934000007], [6.708547188000068, 52.64871551700003], [6.701153423000051, 52.641736080000044], [6.706526186000076, 52.63954230300004], [6.700774741000032, 52.62852177500008], [6.707171677000076, 52.62676060600006], [6.726398765000056, 52.63322057600004], [6.741984651000053, 52.64533316200004], [6.758848922000027, 52.64882578000004], [6.76787977400005, 52.64685144100008], [6.777431422000063, 52.65166123200004], [6.78974613500003, 52.65279734000006], [6.818861303000062, 52.647680122000054], [6.837460526000029, 52.651943912000036], [6.850989311000035, 52.648604473000034], [6.872811012000057, 52.65327114400003], [6.879950597000061, 52.65054888900005], [6.896813, 52.65141765200008], [6.914464088000045, 52.64648205700007], [6.918972462000056, 52.63991205000008], [6.93885461800005, 52.63787195800006], [6.968000936000067, 52.64173933600006], [6.97598507400005, 52.646254756000076], [7.041922796000051, 52.63280747500005], [7.055729216000032, 52.64341952400008], [7.071550864000073, 52.81042197000005], [7.092739506000044, 52.838196905000075], [7.072147623000035, 52.83840584200004], [7.072192743000073, 52.84521166300004], [7.076260122000065, 52.85003137400008], [7.069557203000045, 52.847748369000044], [7.062747113000057, 52.85144825500004], [7.046432975000073, 52.86585626100003], [7.043486167000026, 52.86521923600003], [7.040241957000035, 52.872903887000064], [7.014799327000048, 52.87298720300004], [7.045571623000058, 52.91590951900008], [7.026113827000074, 52.919161203000044], [7.016197300000044, 52.92442638000006], [6.936610574000042, 52.99276093900005], [6.743253682000045, 53.11656963300004], [6.737450873000057, 53.11946305600003], [6.695366931000024, 53.121177300000056], [6.63483177300003, 53.10620327700008], [6.636597373000029, 53.11284403800005], [6.628056096000023, 53.11564816600003], [6.630830735000075, 53.11921229300003], [6.619019704000038, 53.13155365700004], [6.613641460000053, 53.13269543900003], [6.614400631000024, 53.13555811900005], [6.599984722000045, 53.14472467500008], [6.587964501000044, 53.14543720200004], [6.584521664000022, 53.153510495000035], [6.587089655000057, 53.15622710200006], [6.581515072000059, 53.16358559000008], [6.56368787200006, 53.15763944400004], [6.559497278000038, 53.169106826000075], [6.548188883000023, 53.18109866600008], [6.541744507000033, 53.17861130700004], [6.534282502000053, 53.18408610000006], [6.530492699000035, 53.195560200000045], [6.506860054000072, 53.20014483700004], [6.494227956000032, 53.198218309000026], [6.488925075000054, 53.20313228600003], [6.482256078000034, 53.20366739800005], [6.447712920000072, 53.19644120900006], [6.442867630000023, 53.18774106600006], [6.407810434000055, 53.17808900400007], [6.402922438000076, 53.16720615200006], [6.38141528400007, 53.15350615500006], [6.382613289000062, 53.14957115100003], [6.365856105000034, 53.12222819700003], [6.363559534000046, 53.10755224500008], [6.356621543000074, 53.10708518400003], [6.344434341000067, 53.08713554700006], [6.315158277000023, 53.09405334600007]]]}}, {"type": "Feature", "properties": {"name": "Utrecht", "country": "NLD"}, "geometry": {"type": "Polygon", "coordinates": [[[5.02690721700003, 51.85860785800003], [5.06063920400004, 51.85862286200006], [5.063291063000065, 51.86167825600006], [5.051994377000028, 51.867055554000046], [5.05482173200005, 51.87274221000007], [5.08053177000005, 51.875524865000045], [5.09097398800003, 51.88897652700007], [5.112736191000067, 51.88777628200006], [5.11767068100005, 51.89256998500008], [5.116947266000068, 51.89810407700003], [5.132276907000062, 51.91488176000007], [5.136435100000028, 51.914508426000054], [5.135674096000059, 51.91822273200006], [5.180226036000022, 51.967448371000046], [5.196103702000073, 51.960806509000065], [5.210274728000059, 51.959846748000075], [5.219737004000024, 51.96387052600005], [5.229911972000025, 51.97564911200004], [5.236866554000073, 51.97875765600003], [5.245259641000075, 51.97799967800006], [5.27241239600005, 51.964849263000076], [5.300893676000044, 51.96156864200003], [5.321610813000063, 51.954919191000045], [5.335220251000067, 51.95804410200003], [5.354037086000062, 51.969981748000066], [5.387069434000068, 51.96983070400006], [5.418155120000051, 51.97660565900003], [5.43732228500005, 51.98556139900006], [5.48621356600006, 51.983826399000066], [5.512480989000039, 51.973081335000074], [5.538941848000036, 51.967826983000066], [5.556933556000047, 51.95571096400005], [5.590991772000052, 51.94977570800006], [5.605782412000053, 51.943159628000046], [5.627290228000049, 51.95244829200004], [5.624978407000071, 51.96006491400004], [5.618329367000058, 51.966257459000076], [5.626064261000067, 51.97406989800004], [5.615083053000035, 51.98268694200004], [5.613905228000021, 51.990179642000044], [5.609972212000059, 51.99369137100007], [5.591997543000048, 52.00139215100006], [5.591112557000031, 52.007301331000065], [5.586014463000026, 52.01177614000005], [5.586922080000022, 52.01571303700007], [5.589621451000028, 52.015594674000056], [5.58650237300003, 52.02917090900007], [5.590029969000057, 52.03438693100003], [5.567385563000073, 52.040605578000054], [5.570852760000037, 52.04799690400006], [5.557903088000046, 52.048865051000064], [5.559211786000049, 52.07104270000008], [5.562739232000069, 52.07833221900006], [5.560777739000059, 52.08439415300006], [5.554905099000052, 52.08655042100003], [5.554429258000027, 52.09539205900006], [5.550462498000059, 52.09664097600006], [5.554235799000026, 52.10015138500006], [5.550342616000023, 52.10541973900007], [5.544012642000041, 52.101949079000065], [5.531543289000069, 52.102267151000035], [5.539160163000076, 52.09781386800006], [5.535079149000069, 52.09287476600008], [5.538293896000027, 52.092689868000036], [5.537127388000044, 52.088658992000035], [5.53085601600003, 52.08977451900006], [5.526634086000058, 52.08490350900007], [5.531244926000056, 52.08241887400004], [5.522654284000055, 52.077542193000056], [5.509922516000074, 52.07905027100003], [5.499882265000053, 52.071335274000035], [5.484149538000054, 52.069621717000075], [5.459242748000065, 52.08022591000008], [5.471885685000075, 52.08938161300006], [5.486082608000061, 52.093656957000064], [5.484301714000026, 52.105542369000034], [5.493941107000069, 52.11250397500004], [5.486447113000054, 52.11536003700007], [5.507702104000032, 52.11389723700006], [5.503756039000052, 52.11658592500004], [5.50535400900003, 52.11975075400005], [5.496917738000036, 52.11955780100004], [5.494695009000054, 52.12469823200007], [5.49791317100005, 52.13028326300008], [5.511927660000026, 52.13210501900005], [5.514079540000068, 52.13592345400008], [5.497306413000047, 52.14144393500004], [5.498982667000064, 52.14739382300007], [5.481341976000067, 52.15050147100004], [5.484317545000067, 52.15806439000005], [5.472433580000029, 52.16285143500005], [5.479922651000038, 52.165815131000045], [5.448824666000064, 52.16770487800005], [5.439875862000065, 52.171198093000044], [5.438086603000045, 52.18458552100003], [5.441039888000034, 52.205694203000064], [5.434714454000073, 52.20587655300005], [5.409670497000036, 52.21858037900006], [5.407222370000056, 52.21340545900006], [5.393215514000076, 52.22063471700005], [5.404643975000056, 52.249631289000035], [5.335461526000074, 52.29021899500003], [5.305834466000022, 52.27732916100007], [5.265977593000059, 52.28192665500006], [5.222901212000068, 52.22526163600003], [5.217214007000052, 52.20623350000005], [5.192585782000037, 52.177833544000066], [5.121176155000057, 52.18094795800005], [5.046223104000035, 52.16601484300003], [5.042049251000037, 52.18337048200004], [5.032503147000057, 52.184113883000066], [5.037200791000032, 52.19794956900006], [5.02129259700007, 52.20188626100003], [5.02262064100006, 52.20394198400004], [5.036649554000064, 52.20213850200008], [5.036444249000056, 52.20956847900004], [5.033400112000038, 52.20983675800005], [5.033787418000031, 52.21371452500006], [5.037289800000053, 52.214215710000076], [5.03666490300003, 52.224360681000064], [5.042794985000057, 52.224040036000076], [5.037101070000062, 52.22534217500004], [5.04248371500006, 52.22878040400008], [5.041584797000041, 52.23088874200005], [5.057729173000041, 52.235353287000066], [5.045853324000063, 52.243382120000035], [5.042942413000048, 52.255977391000044], [5.035731973000054, 52.25265467200006], [5.031858484000054, 52.25511742900005], [5.032487963000051, 52.260166189000074], [5.026580960000047, 52.26414849300005], [5.027749182000036, 52.26757425900007], [5.022885778000045, 52.27248384300003], [5.048600761000046, 52.27702998700005], [5.050752512000031, 52.28181816500006], [5.060517967000067, 52.28516904600008], [5.065879213000073, 52.28054357100007], [5.06547065500007, 52.285198491000074], [5.059539428000051, 52.28932045600004], [5.050403396000036, 52.28787231600006], [5.042777666000063, 52.28248849600004], [5.030527382000059, 52.28848751700008], [5.024380550000046, 52.28135781200007], [5.021866124000042, 52.28265363000003], [5.021542172000068, 52.302457133000075], [5.014263602000028, 52.30367731200005], [5.003833461000056, 52.29850961400007], [4.997474300000022, 52.28911868900008], [4.983504874000062, 52.29036846100007], [4.967673391000062, 52.27958267100007], [4.926443904000052, 52.27977996900006], [4.929421142000024, 52.268403815000056], [4.918117523000035, 52.26169587500004], [4.917600341000025, 52.25707704600006], [4.910804883000026, 52.252614433000076], [4.898568460000035, 52.250932713000054], [4.891325430000052, 52.25330338900005], [4.887016549000066, 52.25089931400004], [4.882718928000031, 52.25371198200003], [4.873853137000026, 52.250743112000066], [4.870036730000038, 52.25336178100008], [4.857522079000034, 52.247723550000046], [4.851626066000051, 52.23899544600005], [4.847280117000025, 52.239765824000074], [4.842826521000063, 52.235339742000065], [4.814455647000045, 52.227224625000076], [4.794576081000059, 52.226731176000044], [4.794430232000025, 52.22342391300003], [4.802150007000023, 52.21763412300004], [4.802925330000051, 52.20102828200004], [4.813594555000066, 52.201847652000026], [4.843921008000052, 52.18012217800003], [4.85558198800004, 52.178917726000066], [4.892272753000043, 52.161593295000046], [4.873623580000071, 52.15608305000006], [4.874518561000059, 52.13883194500005], [4.855238711000027, 52.13721015800007], [4.837366431000021, 52.14065014000005], [4.832857865000051, 52.14476290500005], [4.813110987000073, 52.14017379100005], [4.807485383000028, 52.135022133000064], [4.806415687000026, 52.12742241500007], [4.792345142000045, 52.12316469000007], [4.825379804000022, 52.10708774200003], [4.823055894000049, 52.105193360000044], [4.823348018000047, 52.09336908000006], [4.826276043000064, 52.07464412000007], [4.834035778000043, 52.07273638500004], [4.829808376000074, 52.06682393600005], [4.873200727000039, 52.06874585200006], [4.867858742000067, 52.063054546000046], [4.829491002000054, 52.04981390200004], [4.817193791000022, 52.036931577000075], [4.806705234000049, 52.033167786000035], [4.809934309000027, 52.02676496200007], [4.798701037000058, 52.02227216600005], [4.803089668000041, 52.01463975900003], [4.847191439000028, 52.017986808000046], [4.857127182000056, 52.00595969600005], [4.817806564000023, 51.99976709300006], [4.845622078000076, 51.97498483600003], [4.860806032000028, 51.96778386600005], [4.871222764000038, 51.95464324100004], [4.877792636000038, 51.938030352000055], [4.91401107300004, 51.942435713000066], [4.926301061000061, 51.95092777500008], [4.929475235000041, 51.95019128400003], [4.939234728000031, 51.928937888000064], [4.947695920000058, 51.93372444700003], [4.956157091000023, 51.91559092700004], [4.973740245000045, 51.90766732700007], [4.973410283000021, 51.89724998400004], [4.994967658000064, 51.90229230400007], [4.999451780000072, 51.884283527000036], [4.995046865000063, 51.877616345000035], [4.996237557000029, 51.87311923900006], [5.02695538200004, 51.88191827600008], [5.021748252000066, 51.86881971200006], [5.027387191000059, 51.86373915200005], [5.02690721700003, 51.85860785800003]]]}}, {"type": "Feature", "properties": {"name": "Flevoland", "country": "NLD"}, "geometry": {"type": "Polygon", "coordinates": [[[5.404643975000056, 52.249631289000035], [5.533281799000065, 52.27274170100003], [5.575605108000047, 52.35076117400007], [5.585682819000056, 52.35994803900007], [5.598291244000052, 52.363590403000046], [5.606837986000073, 52.36312570500007], [5.611638857000059, 52.359500979000074], [5.644868378000069, 52.37086467000006], [5.652555626000037, 52.36542823500008], [5.677659701000039, 52.37872144200003], [5.71558464900005, 52.388037213000075], [5.733472859000074, 52.39716056800006], [5.729447810000067, 52.400973384000054], [5.733397916000058, 52.40253346700007], [5.739428758000031, 52.39842121200007], [5.811475913000038, 52.43692306000003], [5.809587385000043, 52.437658793000026], [5.822412196000073, 52.44970644300008], [5.815609180000024, 52.45521527000005], [5.831386468000062, 52.47340179400004], [5.841473631000042, 52.47227486700007], [5.864311658000076, 52.51817352900008], [5.855077781000034, 52.55082422100003], [5.812007266000023, 52.57916909700003], [5.777931330000058, 52.580852116000074], [5.777969021000047, 52.607534576000035], [5.837215509000032, 52.60733120300006], [5.840526170000032, 52.61041317400003], [5.905471736000038, 52.61921527000004], [5.915665469000032, 52.61353389900006], [5.932691937000072, 52.61492277200006], [5.955286806000061, 52.62484241200008], [5.988627776000044, 52.62932452600006], [6.017302618000031, 52.64323210300006], [6.006916733000025, 52.65128646900007], [5.984049423000044, 52.65719181800006], [5.966853039000057, 52.66658040100003], [5.933085396000024, 52.67126372700005], [5.933871655000075, 52.67551069000007], [5.944708881000054, 52.68271285000003], [5.962106075000065, 52.69035099800004], [5.964826266000046, 52.698104777000026], [5.959012877000021, 52.70386378300003], [5.954840217000026, 52.70376797700004], [5.951162529000044, 52.71191958000003], [5.94255615700007, 52.715002337000044], [5.922574874000077, 52.750691852000045], [5.906010237000032, 52.76132578000005], [5.896086188000027, 52.762822207000056], [5.860258331000068, 52.78181672200003], [5.849699500000042, 52.78473892800008], [5.81879264500003, 52.78469687100005], [5.818657382000026, 52.787635969000064], [5.805927033000046, 52.79485964000003], [5.795177998000042, 52.806522174000065], [5.789807636000035, 52.80369181900005], [5.784383129000048, 52.81747612100003], [5.748808301000054, 52.83968001100004], [5.724682857000062, 52.84398268600006], [5.728664339000034, 52.833398454000076], [5.713220829000022, 52.83818925400004], [5.709636787000022, 52.83481715400006], [5.703300684000055, 52.83639331100005], [5.703103959000032, 52.83434613800006], [5.66029668300007, 52.831250907000026], [5.631353329000035, 52.80305503500006], [5.377260482000054, 52.76480540600005], [5.361147417000041, 52.67572641800007], [5.301635740000052, 52.692426555000054], [5.287619248000055, 52.691656161000026], [5.262266139000076, 52.67682910500008], [5.257186353000066, 52.64447045500003], [5.060426670000027, 52.578936372000044], [5.100720394000064, 52.50804050100004], [5.151022285000067, 52.46635985300003], [5.185488692000035, 52.415644575000044], [5.13732979100007, 52.41555276500003], [5.079161121000027, 52.388654228000064], [5.079287904000068, 52.37040788100006], [5.148878694000075, 52.318729363000045], [5.220405171000039, 52.326053939000076], [5.287397015000067, 52.31505659700008], [5.307259670000064, 52.30679087100003], [5.404643975000056, 52.249631289000035]]]}}, {"type": "Feature", "properties": {"name": "Overijssel", "country": "NLD"}, "geometry": {"type": "Polygon", "coordinates": [[[6.119820037000068, 52.854215355000065], [6.082346235000045, 52.83906999100003], [6.05260781000004, 52.837339787000076], [6.059951636000051, 52.82611923600007], [6.031169177000038, 52.81499145500004], [6.024559682000074, 52.82254537500006], [5.996508680000034, 52.816562170000054], [5.986479802000076, 52.82169396300003], [5.973128480000071, 52.842470270000035], [5.969976969000072, 52.84237587100006], [5.95809841800002, 52.83939537400005], [5.955784494000056, 52.83323508800004], [5.945933702000048, 52.83745268100006], [5.927079837000065, 52.833827272000065], [5.93068979100002, 52.83193889900008], [5.922841881000068, 52.83079227300004], [5.926408347000063, 52.82834998100003], [5.922905588000049, 52.82745251100005], [5.924079720000066, 52.82348861600008], [5.900658079000038, 52.811825215000056], [5.897882366000033, 52.807803644000046], [5.878763469000035, 52.800849061000065], [5.857027677000076, 52.807229144000075], [5.836475139000072, 52.80579338100006], [5.833630330000062, 52.81165607500003], [5.824199097000076, 52.81327730700008], [5.819745175000037, 52.81727872100004], [5.795177998000042, 52.806522174000065], [5.805927033000046, 52.79485964000003], [5.818657382000026, 52.787635969000064], [5.81879264500003, 52.78469687100005], [5.849699500000042, 52.78473892800008], [5.860258331000068, 52.78181672200003], [5.896086188000027, 52.762822207000056], [5.906010237000032, 52.76132578000005], [5.922574874000077, 52.750691852000045], [5.94255615700007, 52.715002337000044], [5.951162529000044, 52.71191958000003], [5.954840217000026, 52.70376797700004], [5.959012877000021, 52.70386378300003], [5.964826266000046, 52.698104777000026], [5.962106075000065, 52.69035099800004], [5.944708881000054, 52.68271285000003], [5.933871655000075, 52.67551069000007], [5.933085396000024, 52.67126372700005], [5.966853039000057, 52.66658040100003], [5.984049423000044, 52.65719181800006], [6.006916733000025, 52.65128646900007], [6.017302618000031, 52.64323210300006], [5.988627776000044, 52.62932452600006], [5.955286806000061, 52.62484241200008], [5.932691937000072, 52.61492277200006], [5.915665469000032, 52.61353389900006], [5.905471736000038, 52.61921527000004], [5.840526170000032, 52.61041317400003], [5.837215509000032, 52.60733120300006], [5.777969021000047, 52.607534576000035], [5.777931330000058, 52.580852116000074], [5.812007266000023, 52.57916909700003], [5.855077781000034, 52.55082422100003], [5.864311658000076, 52.51817352900008], [5.876206891000038, 52.522025083000074], [5.887278101000049, 52.516906249000044], [5.91021835600003, 52.497304745000065], [5.925560441000073, 52.474057652000056], [5.952986443000043, 52.48444783800005], [5.958698105000053, 52.48383837200004], [5.965361775000076, 52.47645647500008], [6.007122563000053, 52.50402695100007], [6.022852526000065, 52.505332285000065], [6.027858618000039, 52.50960661000005], [6.05466701000006, 52.49954718200007], [6.068142416000057, 52.48391079600003], [6.098925185000041, 52.47054879900003], [6.103351652000072, 52.45643213400007], [6.102545367000062, 52.44526490000004], [6.119473145000029, 52.43291828400004], [6.116386060000025, 52.430199790000074], [6.118245902000069, 52.42664419400006], [6.11077554700006, 52.40774754500006], [6.130553966000036, 52.39997847400008], [6.125328076000073, 52.39295303600005], [6.126006560000064, 52.384521362000044], [6.122216602000037, 52.38020602700004], [6.078507290000061, 52.36952325400006], [6.079094785000052, 52.36287327000008], [6.09485838300003, 52.35696821000005], [6.076070988000026, 52.35057049900007], [6.075633181000057, 52.333300370000075], [6.070706363000056, 52.321882103000064], [6.066191404000051, 52.31893869800007], [6.079822343000046, 52.31759462900004], [6.08099076700006, 52.311902693000036], [6.084781115000055, 52.31174107800007], [6.084127034000062, 52.301567670000054], [6.101321036000058, 52.30122499400005], [6.111322217000065, 52.28821103700005], [6.112627843000041, 52.27792778200006], [6.130069568000067, 52.26069157400008], [6.123895406000031, 52.251457017000064], [6.153747998000028, 52.246790317000034], [6.153604227000073, 52.24401792000003], [6.142237073000047, 52.23845603700005], [6.141942318000076, 52.233439961000045], [6.147682871000029, 52.227690910000035], [6.161375238000062, 52.22476051400008], [6.163909292000028, 52.217496306000044], [6.168671655000026, 52.220699238000066], [6.162499896000043, 52.22791701300008], [6.168435934000058, 52.22727908300004], [6.163028313000041, 52.228522199000054], [6.178672541000026, 52.233560768000075], [6.189135789000034, 52.229166484000075], [6.217224313000031, 52.22640133700003], [6.215113704000032, 52.23154935600007], [6.222494986000072, 52.22886233400004], [6.250429232000045, 52.226906076000034], [6.260058138000034, 52.22914191500007], [6.27129086900004, 52.226413355000034], [6.292731813000046, 52.23086910100005], [6.29794227800005, 52.22552954000008], [6.320429240000067, 52.22566879000004], [6.338708412000074, 52.227152567000076], [6.338024743000062, 52.23622189000008], [6.349476859000049, 52.238796861000026], [6.350891956000055, 52.24167974100004], [6.366851487000076, 52.24153181100007], [6.381851674000075, 52.246112485000026], [6.389863535000075, 52.24255887900006], [6.413827099000059, 52.24261271200004], [6.431676260000074, 52.22113823600006], [6.446476312000073, 52.21269824700005], [6.457013579000034, 52.20107000100006], [6.470293337000044, 52.19937348500008], [6.469326390000049, 52.19442882300007], [6.47297327900003, 52.18831969200005], [6.479171947000054, 52.18227745200005], [6.492401065000024, 52.17737181900003], [6.514163317000055, 52.18131131900003], [6.555349485000022, 52.17725558600006], [6.590415233000044, 52.18246357700008], [6.606327055000065, 52.17308253200008], [6.602851534000024, 52.16912140200003], [6.612147433000075, 52.16316640600007], [6.630545417000064, 52.17359961300008], [6.640280494000024, 52.16740525200004], [6.645041101000061, 52.174194355000054], [6.673397802000068, 52.16323976700005], [6.674280556000042, 52.15853798000006], [6.670351819000075, 52.15642423200006], [6.673469371000067, 52.15497241500003], [6.671309587000053, 52.150458177000075], [6.673879964000037, 52.14120381200007], [6.662399124000046, 52.13016746400007], [6.716272577000041, 52.118270308000035], [6.822711077000065, 52.11840386700004], [6.855474902000026, 52.12046163400004], [6.873459639000032, 52.130283176000034], [6.880459466000048, 52.15600899100008], [6.905721415000073, 52.16991475000003], [6.908062163000068, 52.17595902700003], [6.951246664000053, 52.181057542000076], [6.974086248000049, 52.20540261900004], [6.985315843000024, 52.22534661700007], [7.003477537000038, 52.228589595000074], [7.019172538000021, 52.22505179400008], [7.039095701000065, 52.22757413800008], [7.061285112000064, 52.23471091300007], [7.065791122000064, 52.24123483300008], [7.042396339000049, 52.25614380600007], [7.028585877000069, 52.273626851000074], [7.026455270000042, 52.29196746200006], [7.039494813000033, 52.307626534000065], [7.041314797000041, 52.311142636000056], [7.038685200000032, 52.312379942000064], [7.047422676000053, 52.31520624800004], [7.047181743000067, 52.323744376000036], [7.055494747000068, 52.33216877400008], [7.05623278500002, 52.33795400300005], [7.072257440000044, 52.351879464000035], [7.072155365000071, 52.37361171900005], [7.058729901000049, 52.39941078800007], [7.036075607000043, 52.40266322800005], [7.021991119000063, 52.42298483700006], [7.010783713000023, 52.42913729300005], [6.99390805400003, 52.46548612700008], [6.987624148000066, 52.46976751300008], [6.977534682000055, 52.46568149600006], [6.961786411000048, 52.44362516000007], [6.941658519000043, 52.43542648000005], [6.861816890000057, 52.45135857300005], [6.852542423000045, 52.44991433700005], [6.85429842700006, 52.45970684300005], [6.774587445000066, 52.45960108000003], [6.752735319000067, 52.46411120600004], [6.697525097000039, 52.48632373600003], [6.705333497000026, 52.52100808700004], [6.680880881000064, 52.55331798900005], [6.716265142000054, 52.54852530900007], [6.725974303000044, 52.56325551300006], [6.752273266000032, 52.55903931000006], [6.766660758000057, 52.56353318300006], [6.718772386000069, 52.58863635900008], [6.727289493000058, 52.614928140000075], [6.714208319000022, 52.62680777000003], [6.700774741000032, 52.62852177500008], [6.706526186000076, 52.63954230300004], [6.701153423000051, 52.641736080000044], [6.708547188000068, 52.64871551700003], [6.614527606000024, 52.67404934000007], [6.552822116000073, 52.66559508900008], [6.513862028000062, 52.64629397400006], [6.518604769000035, 52.61408814600003], [6.491850861000046, 52.619144524000035], [6.478016582000066, 52.61863157500005], [6.47007351700006, 52.625007553000046], [6.463285244000076, 52.62351390300006], [6.459788573000026, 52.61576005000006], [6.441879908000033, 52.615637537000055], [6.434934594000026, 52.61928582300004], [6.431243119000044, 52.62837822700004], [6.418808668000054, 52.619023481000056], [6.40950237900006, 52.62173355500005], [6.403766877000066, 52.61627147000007], [6.39603532700005, 52.61778825300007], [6.38383690400002, 52.61219801400006], [6.382796175000067, 52.61566142100003], [6.376510456000062, 52.61692422600004], [6.377178094000044, 52.62036102700006], [6.373252617000048, 52.62383778200007], [6.375205996000034, 52.627408468000056], [6.363019198000075, 52.63905887900006], [6.364441159000023, 52.64317498300005], [6.326290110000059, 52.658986610000056], [6.325876122000068, 52.66286527400007], [6.329290310000033, 52.66539900400005], [6.325021957000047, 52.66995238800007], [6.297563281000066, 52.66637003300008], [6.295367159000023, 52.66228662200007], [6.279163062000066, 52.66905366000003], [6.270067509000057, 52.664794750000056], [6.265401372000042, 52.66918017300003], [6.252001936000056, 52.669882045000065], [6.24376124500003, 52.67871899100004], [6.237075117000074, 52.67754835100004], [6.216650256000037, 52.68640656400004], [6.201682229000028, 52.684620978000055], [6.194230480000044, 52.67663023700004], [6.185871448000057, 52.68250417000007], [6.180548980000026, 52.681588515000044], [6.183147579000035, 52.67506389300007], [6.163955867000027, 52.67947542600007], [6.169651714000054, 52.68612139900006], [6.156607553000072, 52.69195796500003], [6.120558424000023, 52.752468702000044], [6.126617680000038, 52.75693582500003], [6.168526120000024, 52.76709395900008], [6.20173113200002, 52.79369619500005], [6.177230132000034, 52.813851191000026], [6.149199282000041, 52.82840267000006], [6.151962468000022, 52.828829918000054], [6.119820037000068, 52.854215355000065]]]}}, {"type": "Feature", "properties": {"name": "Noord-Holland", "country": "NLD"}, "geometry": {"type": "Polygon", "coordinates": [[[5.335461526000074, 52.29021899500003], [5.287397015000067, 52.31505659700008], [5.22932062600006, 52.32525638300007], [5.148878694000075, 52.318729363000045], [5.079287904000068, 52.37040788100006], [5.079161121000027, 52.388654228000064], [5.13732979100007, 52.41555276500003], [5.185488692000035, 52.415644575000044], [5.151022285000067, 52.46635985300003], [5.100720394000064, 52.50804050100004], [5.060426670000027, 52.578936372000044], [5.257186353000066, 52.64447045500003], [5.262266139000076, 52.67682910500008], [5.287619248000055, 52.691656161000026], [5.301635740000052, 52.692426555000054], [5.361147417000041, 52.67572641800007], [5.377260482000054, 52.76480540600005], [5.238682151000035, 52.87406116600005], [5.169134080000049, 52.99761264300008], [5.050952065000047, 53.14326616900007], [4.818376089000026, 53.21427554200005], [4.818789239000068, 53.18282712200005], [4.71554945400004, 53.087940866000054], [4.68635230700005, 53.04733573100003], [4.687075743000037, 53.00240792100004], [4.612999760000037, 52.97948482400005], [4.613328616000047, 52.96097441000006], [4.646200459000056, 52.94107047800003], [4.629449525000041, 52.88972281200006], [4.693841838000026, 52.88339193000007], [4.656363051000028, 52.79701979500004], [4.636552096000059, 52.76341099700005], [4.629716090000045, 52.74489930400006], [4.596583707000036, 52.584007960000065], [4.576847843000053, 52.51384305800008], [4.56422305500007, 52.489327468000056], [4.554702855000073, 52.47807123300004], [4.536861117000058, 52.47660545400004], [4.518590320000044, 52.46707175100005], [4.518618263000064, 52.45965696900004], [4.524409912000067, 52.453156094000065], [4.543317917000024, 52.449112857000046], [4.543229115000031, 52.43526192600007], [4.477649615000075, 52.332510952000064], [4.563707248000071, 52.309298186000035], [4.568954885000039, 52.31651271900006], [4.583272211000065, 52.31839522100006], [4.611675640000044, 52.313560144000064], [4.588439273000063, 52.28050192200004], [4.567971525000075, 52.26807254700003], [4.569520314000044, 52.259691530000055], [4.562936354000044, 52.234758621000026], [4.550469766000049, 52.22674518200006], [4.556980475000046, 52.21909629600003], [4.619637126000043, 52.21457880200006], [4.632936469000072, 52.216270688000066], [4.670347531000061, 52.230756186000065], [4.676698480000027, 52.22592591800003], [4.685062043000073, 52.226445401000035], [4.704875650000076, 52.23381394300003], [4.724154354000063, 52.23237177000004], [4.724296287000072, 52.21305350100005], [4.734338713000056, 52.20651686000008], [4.74347874700004, 52.21472504800005], [4.762074576000032, 52.21813075000006], [4.776607685000045, 52.22746389300005], [4.814455647000045, 52.227224625000076], [4.830107652000038, 52.23091319400004], [4.847280117000025, 52.239765824000074], [4.851626066000051, 52.23899544600005], [4.857522079000034, 52.247723550000046], [4.870036730000038, 52.25336178100008], [4.873853137000026, 52.250743112000066], [4.882718928000031, 52.25371198200003], [4.887016549000066, 52.25089931400004], [4.891325430000052, 52.25330338900005], [4.898568460000035, 52.250932713000054], [4.910804883000026, 52.252614433000076], [4.917600341000025, 52.25707704600006], [4.918117523000035, 52.26169587500004], [4.929421142000024, 52.268403815000056], [4.926443904000052, 52.27977996900006], [4.967673391000062, 52.27958267100007], [4.983504874000062, 52.29036846100007], [4.997474300000022, 52.28911868900008], [5.003833461000056, 52.29850961400007], [5.014263602000028, 52.30367731200005], [5.021542172000068, 52.302457133000075], [5.021866124000042, 52.28265363000003], [5.024380550000046, 52.28135781200007], [5.030527382000059, 52.28848751700008], [5.042777666000063, 52.28248849600004], [5.050403396000036, 52.28787231600006], [5.059539428000051, 52.28932045600004], [5.06547065500007, 52.285198491000074], [5.065879213000073, 52.28054357100007], [5.060517967000067, 52.28516904600008], [5.050752512000031, 52.28181816500006], [5.048600761000046, 52.27702998700005], [5.022885778000045, 52.27248384300003], [5.027749182000036, 52.26757425900007], [5.026580960000047, 52.26414849300005], [5.032487963000051, 52.260166189000074], [5.031858484000054, 52.25511742900005], [5.035731973000054, 52.25265467200006], [5.042942413000048, 52.255977391000044], [5.045853324000063, 52.243382120000035], [5.057729173000041, 52.235353287000066], [5.041584797000041, 52.23088874200005], [5.04248371500006, 52.22878040400008], [5.037101070000062, 52.22534217500004], [5.042794985000057, 52.224040036000076], [5.03666490300003, 52.224360681000064], [5.037289800000053, 52.214215710000076], [5.033787418000031, 52.21371452500006], [5.033400112000038, 52.20983675800005], [5.036444249000056, 52.20956847900004], [5.036649554000064, 52.20213850200008], [5.02262064100006, 52.20394198400004], [5.02129259700007, 52.20188626100003], [5.037200791000032, 52.19794956900006], [5.032503147000057, 52.184113883000066], [5.042049251000037, 52.18337048200004], [5.046223104000035, 52.16601484300003], [5.121176155000057, 52.18094795800005], [5.192585782000037, 52.177833544000066], [5.217214007000052, 52.20623350000005], [5.222901212000068, 52.22526163600003], [5.265977593000059, 52.28192665500006], [5.305834466000022, 52.27732916100007], [5.335461526000074, 52.29021899500003]]]}}, {"type": "Feature", "properties": {"name": "Gelderland", "country": "NLD"}, "geometry": {"type": "Polygon", "coordinates": [[[5.06063920400004, 51.85862286200006], [5.005247201000032, 51.85793343200004], [4.993967173000044, 51.861222809000026], [4.998482384000056, 51.85445284800005], [4.999295504000031, 51.844600021000076], [5.031414086000041, 51.84108498900008], [5.026350715000035, 51.81885693100003], [5.000362928000072, 51.82093355400008], [5.009323900000027, 51.81751215300005], [5.015999975000057, 51.80820721400005], [5.050835300000074, 51.79661773400005], [5.068411080000033, 51.77992215000006], [5.079993638000076, 51.779943451000065], [5.097311973000046, 51.78758733900003], [5.137580343000025, 51.77290518800004], [5.139598500000034, 51.76931089500005], [5.135890306000022, 51.76031958300007], [5.142713528000058, 51.75521003400007], [5.126335666000045, 51.745021207000036], [5.128054502000055, 51.73760682400007], [5.165671351000071, 51.74291996100004], [5.196195312000043, 51.74025921400005], [5.219242887000064, 51.74352707200006], [5.248231762000046, 51.73361475200005], [5.272824682000021, 51.74006806800003], [5.30033833300007, 51.737287253000034], [5.357567774000074, 51.757890184000075], [5.36187299300002, 51.777665727000056], [5.367186532000062, 51.787554], [5.403156510000031, 51.82161153900006], [5.413309673000072, 51.82195125000004], [5.43215404700004, 51.81062915800004], [5.458254925000062, 51.81034656300005], [5.472762076000038, 51.81377041500008], [5.481839065000031, 51.827066185000035], [5.493104423000034, 51.830750754000064], [5.50505107400005, 51.82794398900006], [5.516284536000057, 51.81974378500007], [5.538028476000022, 51.816257334000056], [5.54673691000005, 51.81819629200004], [5.556674606000058, 51.82719453400006], [5.587397160000023, 51.82970200400007], [5.619260545000031, 51.819630258000075], [5.638111999000046, 51.81902517800006], [5.645167430000072, 51.81513586700004], [5.651740741000026, 51.80343626800004], [5.66262037100006, 51.79489016200006], [5.690127620000055, 51.789725814000064], [5.704531246000045, 51.77687010400007], [5.729135720000045, 51.77310657700008], [5.74640505900004, 51.758385618000034], [5.760849036000025, 51.75354053800004], [5.781113833000063, 51.75230559800008], [5.847802972000068, 51.75927107700005], [5.864468023000029, 51.75768113200007], [5.869243875000052, 51.762859881000054], [5.867892397000048, 51.77552044500004], [5.893408414000021, 51.77785228700003], [5.911113666000062, 51.76240497600003], [5.915283854000052, 51.75228615700007], [5.933322213000054, 51.74809785400004], [5.929947244000061, 51.74442773900006], [5.935889588000066, 51.74102787500004], [5.952464979000069, 51.74455302000007], [5.951987107000036, 51.74894866900007], [5.978768770000045, 51.75985977700003], [5.990500050000037, 51.766276547000075], [5.992065954000054, 51.770245146000036], [5.982358850000026, 51.77369624200003], [5.983430976000022, 51.77872426700003], [5.990225806000069, 51.78340053900007], [5.974547486000063, 51.78506120800006], [5.972631596000042, 51.78956452300008], [5.97678124600003, 51.794275397000035], [5.974391066000067, 51.79562230400006], [5.979064510000057, 51.797649887000034], [5.946569140000065, 51.81347916000004], [5.948077216000058, 51.816445421000026], [5.958150078000074, 51.816930514000035], [5.945044014000075, 51.82354325700004], [5.962977606000038, 51.83691317300003], [5.98673677000005, 51.830669089000025], [6.002256252000052, 51.832489760000044], [6.015697863000071, 51.83793657800004], [6.017838570000038, 51.84155899600006], [6.029152793000037, 51.845122512000046], [6.035670217000074, 51.84263735800005], [6.055304509000052, 51.85235353100006], [6.051423496000041, 51.856660635000026], [6.059596094000028, 51.857627043000036], [6.063485608000065, 51.86545071000006], [6.101097839000033, 51.84901031000004], [6.135771496000075, 51.84716911600003], [6.166560299000025, 51.84072143700007], [6.16359794300007, 51.85367970200008], [6.167000944000051, 51.86162152000003], [6.144539702000031, 51.869744334000075], [6.13712775700003, 51.885802589000036], [6.11822474500002, 51.89201240500006], [6.103448421000053, 51.89247396500008], [6.117889999000056, 51.90165897800006], [6.12567322700005, 51.898201190000066], [6.156226117000074, 51.90524486400005], [6.16563370800003, 51.89859649200008], [6.169770105000055, 51.90128710500005], [6.191085948000023, 51.89165718000004], [6.191428416000065, 51.88735096400006], [6.182010907000063, 51.88577766700007], [6.184799302000044, 51.88157228300008], [6.215057737000052, 51.867626245000054], [6.233737976000043, 51.87020058100006], [6.26184220600004, 51.86813825200005], [6.269828288000042, 51.874094064000076], [6.279907563000052, 51.874069862000056], [6.299006955000038, 51.867826380000054], [6.306203519000064, 51.84907834100005], [6.320427295000059, 51.85168153200004], [6.347207408000031, 51.85068131200006], [6.36025784800006, 51.84579927900006], [6.363330847000043, 51.83515607600003], [6.388068689000022, 51.83369362700006], [6.401818499000058, 51.82726290200003], [6.407491272000073, 51.828089731000034], [6.402957899000057, 51.83657645400007], [6.408141350000051, 51.835893947000045], [6.402377622000074, 51.844541261000074], [6.408953449000023, 51.85334644200003], [6.387984230000029, 51.86191062100005], [6.390566445000047, 51.873968296000044], [6.396746241000073, 51.87033413100005], [6.412253643000042, 51.871096683000076], [6.427360879000048, 51.86586206700008], [6.432362955000031, 51.85938325200004], [6.451172725000049, 51.86523813100007], [6.46190024200007, 51.85637566400004], [6.47250787300004, 51.853823411000064], [6.500291013000037, 51.862272802000064], [6.501150224000071, 51.86811470100008], [6.524572509000052, 51.87369265800004], [6.544150640000055, 51.88461018800007], [6.549586229000056, 51.883149884000034], [6.548363005000056, 51.88534704800003], [6.552425533000076, 51.88619181000007], [6.555862835000028, 51.88180508800008], [6.56061098400005, 51.882219633000034], [6.58577985200003, 51.894082354000034], [6.625309703000028, 51.90194224600003], [6.634173475000068, 51.90100575200006], [6.637716803000046, 51.90445503900003], [6.684224142000062, 51.917591110000046], [6.69534576500007, 51.915868603000035], [6.697666817000027, 51.90987050200005], [6.703326704000062, 51.90970596000005], [6.703220593000026, 51.90639586200007], [6.721969065000053, 51.896063757000036], [6.732497349000027, 51.89872307300004], [6.737132, 51.90468165400006], [6.751263827000059, 51.90724028300008], [6.754624785000033, 51.91309179900003], [6.770035288000031, 51.91619929400008], [6.793990314000041, 51.93529390300006], [6.798872365000022, 51.958744386000035], [6.813836919000039, 51.96363339700008], [6.828528547000076, 51.96410575900006], [6.832801320000044, 51.97180692900008], [6.826607205000073, 51.99352758100008], [6.807798432000027, 51.99496762900003], [6.811410299000045, 51.998096641000075], [6.766306981000071, 52.01878222100004], [6.752977127000065, 52.02840552100008], [6.714134146000049, 52.04006457600008], [6.687852839000072, 52.03985600100003], [6.686806713000067, 52.05551859800005], [6.695873773000073, 52.06426485700007], [6.694662771000026, 52.06980029200008], [6.73547065200006, 52.074633798000036], [6.750923608000051, 52.08503626600003], [6.744501559000071, 52.09309018400006], [6.755265128000076, 52.095241188000045], [6.76057271600007, 52.11877971600006], [6.716272577000041, 52.118270308000035], [6.662399124000046, 52.13016746400007], [6.673879964000037, 52.14120381200007], [6.671309587000053, 52.150458177000075], [6.673469371000067, 52.15497241500003], [6.670351819000075, 52.15642423200006], [6.674280556000042, 52.15853798000006], [6.671339361000037, 52.165683270000045], [6.645041101000061, 52.174194355000054], [6.640280494000024, 52.16740525200004], [6.630545417000064, 52.17359961300008], [6.612147433000075, 52.16316640600007], [6.602851534000024, 52.16912140200003], [6.606327055000065, 52.17308253200008], [6.590415233000044, 52.18246357700008], [6.555349485000022, 52.17725558600006], [6.514163317000055, 52.18131131900003], [6.492401065000024, 52.17737181900003], [6.479171947000054, 52.18227745200005], [6.47297327900003, 52.18831969200005], [6.469326390000049, 52.19442882300007], [6.470293337000044, 52.19937348500008], [6.457013579000034, 52.20107000100006], [6.446476312000073, 52.21269824700005], [6.431676260000074, 52.22113823600006], [6.416807576000053, 52.23712608500006], [6.416639982000049, 52.24213652700007], [6.389863535000075, 52.24255887900006], [6.381851674000075, 52.246112485000026], [6.366851487000076, 52.24153181100007], [6.350891956000055, 52.24167974100004], [6.349476859000049, 52.238796861000026], [6.338024743000062, 52.23622189000008], [6.338708412000074, 52.227152567000076], [6.320429240000067, 52.22566879000004], [6.29794227800005, 52.22552954000008], [6.292731813000046, 52.23086910100005], [6.27129086900004, 52.226413355000034], [6.260058138000034, 52.22914191500007], [6.250429232000045, 52.226906076000034], [6.222494986000072, 52.22886233400004], [6.215113704000032, 52.23154935600007], [6.217224313000031, 52.22640133700003], [6.189135789000034, 52.229166484000075], [6.178672541000026, 52.233560768000075], [6.163028313000041, 52.228522199000054], [6.168435934000058, 52.22727908300004], [6.162499896000043, 52.22791701300008], [6.168671655000026, 52.220699238000066], [6.163909292000028, 52.217496306000044], [6.161375238000062, 52.22476051400008], [6.147682871000029, 52.227690910000035], [6.141942318000076, 52.233439961000045], [6.142237073000047, 52.23845603700005], [6.153604227000073, 52.24401792000003], [6.153747998000028, 52.246790317000034], [6.123895406000031, 52.251457017000064], [6.130069568000067, 52.26069157400008], [6.112627843000041, 52.27792778200006], [6.111322217000065, 52.28821103700005], [6.101321036000058, 52.30122499400005], [6.084127034000062, 52.301567670000054], [6.084781115000055, 52.31174107800007], [6.08099076700006, 52.311902693000036], [6.079822343000046, 52.31759462900004], [6.066191404000051, 52.31893869800007], [6.070706363000056, 52.321882103000064], [6.075633181000057, 52.333300370000075], [6.076070988000026, 52.35057049900007], [6.09485838300003, 52.35696821000005], [6.079094785000052, 52.36287327000008], [6.078507290000061, 52.36952325400006], [6.122216602000037, 52.38020602700004], [6.126006560000064, 52.384521362000044], [6.125328076000073, 52.39295303600005], [6.130553966000036, 52.39997847400008], [6.11077554700006, 52.40774754500006], [6.118245902000069, 52.42664419400006], [6.116386060000025, 52.430199790000074], [6.119473145000029, 52.43291828400004], [6.102545367000062, 52.44526490000004], [6.103351652000072, 52.45643213400007], [6.098925185000041, 52.47054879900003], [6.068142416000057, 52.48391079600003], [6.05466701000006, 52.49954718200007], [6.027858618000039, 52.50960661000005], [6.022852526000065, 52.505332285000065], [6.007122563000053, 52.50402695100007], [5.965361775000076, 52.47645647500008], [5.958698105000053, 52.48383837200004], [5.952986443000043, 52.48444783800005], [5.925560441000073, 52.474057652000056], [5.91021835600003, 52.497304745000065], [5.887278101000049, 52.516906249000044], [5.876206891000038, 52.522025083000074], [5.864311658000076, 52.51817352900008], [5.841473631000042, 52.47227486700007], [5.831386468000062, 52.47340179400004], [5.815609180000024, 52.45521527000005], [5.822412196000073, 52.44970644300008], [5.804331696000077, 52.43214773700004], [5.739428758000031, 52.39842121200007], [5.733397916000058, 52.40253346700007], [5.729447810000067, 52.400973384000054], [5.733472859000074, 52.39716056800006], [5.71558464900005, 52.388037213000075], [5.677659701000039, 52.37872144200003], [5.652555626000037, 52.36542823500008], [5.644868378000069, 52.37086467000006], [5.611638857000059, 52.359500979000074], [5.606837986000073, 52.36312570500007], [5.598291244000052, 52.363590403000046], [5.585682819000056, 52.35994803900007], [5.575605108000047, 52.35076117400007], [5.533281799000065, 52.27274170100003], [5.404643975000056, 52.249631289000035], [5.393215514000076, 52.22063471700005], [5.407222370000056, 52.21340545900006], [5.409670497000036, 52.21858037900006], [5.434714454000073, 52.20587655300005], [5.441039888000034, 52.205694203000064], [5.438086603000045, 52.18458552100003], [5.439875862000065, 52.171198093000044], [5.448824666000064, 52.16770487800005], [5.479922651000038, 52.165815131000045], [5.472433580000029, 52.16285143500005], [5.484317545000067, 52.15806439000005], [5.481341976000067, 52.15050147100004], [5.498982667000064, 52.14739382300007], [5.497306413000047, 52.14144393500004], [5.514079540000068, 52.13592345400008], [5.511927660000026, 52.13210501900005], [5.49791317100005, 52.13028326300008], [5.494695009000054, 52.12469823200007], [5.496917738000036, 52.11955780100004], [5.50535400900003, 52.11975075400005], [5.503756039000052, 52.11658592500004], [5.507702104000032, 52.11389723700006], [5.486447113000054, 52.11536003700007], [5.493941107000069, 52.11250397500004], [5.484301714000026, 52.105542369000034], [5.486082608000061, 52.093656957000064], [5.471885685000075, 52.08938161300006], [5.459242748000065, 52.08022591000008], [5.484149538000054, 52.069621717000075], [5.499882265000053, 52.071335274000035], [5.509922516000074, 52.07905027100003], [5.522654284000055, 52.077542193000056], [5.531244926000056, 52.08241887400004], [5.526634086000058, 52.08490350900007], [5.53085601600003, 52.08977451900006], [5.537127388000044, 52.088658992000035], [5.538293896000027, 52.092689868000036], [5.535079149000069, 52.09287476600008], [5.539160163000076, 52.09781386800006], [5.531543289000069, 52.102267151000035], [5.544012642000041, 52.101949079000065], [5.550342616000023, 52.10541973900007], [5.554235799000026, 52.10015138500006], [5.550462498000059, 52.09664097600006], [5.554429258000027, 52.09539205900006], [5.554905099000052, 52.08655042100003], [5.560777739000059, 52.08439415300006], [5.562739232000069, 52.07833221900006], [5.559211786000049, 52.07104270000008], [5.557903088000046, 52.048865051000064], [5.570852760000037, 52.04799690400006], [5.567385563000073, 52.040605578000054], [5.590029969000057, 52.03438693100003], [5.58650237300003, 52.02917090900007], [5.589621451000028, 52.015594674000056], [5.586922080000022, 52.01571303700007], [5.586014463000026, 52.01177614000005], [5.591112557000031, 52.007301331000065], [5.591997543000048, 52.00139215100006], [5.609972212000059, 51.99369137100007], [5.613905228000021, 51.990179642000044], [5.615083053000035, 51.98268694200004], [5.626064261000067, 51.97406989800004], [5.618329367000058, 51.966257459000076], [5.624978407000071, 51.96006491400004], [5.627290228000049, 51.95244829200004], [5.605782412000053, 51.943159628000046], [5.590991772000052, 51.94977570800006], [5.556933556000047, 51.95571096400005], [5.538941848000036, 51.967826983000066], [5.512480989000039, 51.973081335000074], [5.48621356600006, 51.983826399000066], [5.43732228500005, 51.98556139900006], [5.418155120000051, 51.97660565900003], [5.387069434000068, 51.96983070400006], [5.354037086000062, 51.969981748000066], [5.335220251000067, 51.95804410200003], [5.321610813000063, 51.954919191000045], [5.300893676000044, 51.96156864200003], [5.27241239600005, 51.964849263000076], [5.245259641000075, 51.97799967800006], [5.236866554000073, 51.97875765600003], [5.229911972000025, 51.97564911200004], [5.219737004000024, 51.96387052600005], [5.210274728000059, 51.959846748000075], [5.196103702000073, 51.960806509000065], [5.180226036000022, 51.967448371000046], [5.135674096000059, 51.91822273200006], [5.136435100000028, 51.914508426000054], [5.132276907000062, 51.91488176000007], [5.116947266000068, 51.89810407700003], [5.11767068100005, 51.89256998500008], [5.112736191000067, 51.88777628200006], [5.09097398800003, 51.88897652700007], [5.08053177000005, 51.875524865000045], [5.05482173200005, 51.87274221000007], [5.051994377000028, 51.867055554000046], [5.063291063000065, 51.86167825600006], [5.06063920400004, 51.85862286200006]]]}}, {"type": "Feature", "properties": {"name": "Zuid-Holland", "country": "NLD"}, "geometry": {"type": "Polygon", "coordinates": [[[4.794576081000059, 52.226731176000044], [4.776607685000045, 52.22746389300005], [4.762074576000032, 52.21813075000006], [4.74347874700004, 52.21472504800005], [4.734338713000056, 52.20651686000008], [4.724296287000072, 52.21305350100005], [4.724154354000063, 52.23237177000004], [4.704875650000076, 52.23381394300003], [4.685062043000073, 52.226445401000035], [4.676698480000027, 52.22592591800003], [4.670347531000061, 52.230756186000065], [4.632936469000072, 52.216270688000066], [4.619637126000043, 52.21457880200006], [4.556980475000046, 52.21909629600003], [4.550469766000049, 52.22674518200006], [4.562936354000044, 52.234758621000026], [4.569520314000044, 52.259691530000055], [4.567971525000075, 52.26807254700003], [4.588439273000063, 52.28050192200004], [4.611675640000044, 52.313560144000064], [4.583272211000065, 52.31839522100006], [4.568954885000039, 52.31651271900006], [4.563707248000071, 52.309298186000035], [4.477649615000075, 52.332510952000064], [4.420523273000072, 52.25808489700006], [4.360001101000023, 52.19267787200005], [4.28690873100004, 52.13271508100007], [4.256907281000053, 52.11358799300007], [4.243142614000021, 52.110625897000034], [4.237587390000044, 52.104305003000036], [4.238716603000057, 52.09998036600007], [4.143633209000029, 52.03176194000008], [4.119964818000028, 52.01065483500008], [4.110163549000049, 52.004436267000074], [4.032775603000061, 52.003570480000064], [3.953129317000048, 51.98914244000008], [3.940748335000023, 51.92157043700007], [3.972616443000049, 51.91096449600008], [3.953146430000061, 51.85003165400008], [3.860366434000071, 51.828363109000065], [3.773676085000034, 51.78152012700008], [3.826213720000055, 51.76584074400006], [3.847429645000034, 51.753400757000065], [3.875896003000037, 51.74769186600008], [3.886172267000063, 51.74935831200003], [3.905058297000039, 51.76463423000007], [3.940330642000049, 51.77379981000007], [3.958938896000063, 51.772133352000026], [3.974492223000027, 51.763800952000054], [4.013336849000041, 51.75901190700006], [4.018885606000026, 51.742717834000075], [4.03503833700006, 51.73019368100006], [4.036704586000042, 51.711029308000036], [4.047813960000042, 51.69436452300005], [4.151824857000065, 51.68523335300006], [4.193764463000036, 51.66439950900008], [4.242786416000058, 51.64706322900008], [4.27500281500005, 51.64377810900004], [4.330464294000024, 51.65332613800007], [4.365037908000033, 51.66459086700007], [4.378193181000029, 51.67685819600007], [4.379431314000044, 51.68359162000007], [4.423549961000049, 51.70947465000006], [4.50043081900003, 51.69290380900003], [4.514917279000031, 51.69247325200007], [4.589299797000024, 51.70332297200008], [4.617062920000023, 51.71345057000008], [4.675222329000064, 51.72420965800006], [4.736630270000035, 51.75556872700008], [4.74478765200007, 51.76348778300007], [4.755239109000058, 51.781611748000046], [4.773538422000058, 51.793324651000034], [4.797193478000054, 51.79977024900006], [4.836107640000023, 51.79783936600006], [4.854412627000045, 51.800683381000056], [4.889400180000052, 51.818895172000055], [4.922727723000037, 51.82807259400005], [5.026350715000035, 51.81885693100003], [5.031414086000041, 51.84108498900008], [4.999295504000031, 51.844600021000076], [4.998482384000056, 51.85445284800005], [4.993967173000044, 51.861222809000026], [5.005247201000032, 51.85793343200004], [5.02690721700003, 51.85860785800003], [5.027387191000059, 51.86373915200005], [5.021748252000066, 51.86881971200006], [5.02695538200004, 51.88191827600008], [4.996237557000029, 51.87311923900006], [4.995046865000063, 51.877616345000035], [4.999451780000072, 51.884283527000036], [4.994967658000064, 51.90229230400007], [4.973410283000021, 51.89724998400004], [4.973740245000045, 51.90766732700007], [4.956157091000023, 51.91559092700004], [4.947695920000058, 51.93372444700003], [4.939234728000031, 51.928937888000064], [4.929475235000041, 51.95019128400003], [4.926301061000061, 51.95092777500008], [4.91401107300004, 51.942435713000066], [4.877792636000038, 51.938030352000055], [4.871222764000038, 51.95464324100004], [4.860806032000028, 51.96778386600005], [4.845622078000076, 51.97498483600003], [4.817806564000023, 51.99976709300006], [4.857127182000056, 52.00595969600005], [4.847191439000028, 52.017986808000046], [4.803089668000041, 52.01463975900003], [4.798701037000058, 52.02227216600005], [4.809934309000027, 52.02676496200007], [4.806705234000049, 52.033167786000035], [4.817193791000022, 52.036931577000075], [4.829491002000054, 52.04981390200004], [4.867858742000067, 52.063054546000046], [4.873200727000039, 52.06874585200006], [4.829808376000074, 52.06682393600005], [4.834035778000043, 52.07273638500004], [4.826276043000064, 52.07464412000007], [4.823348018000047, 52.09336908000006], [4.823055894000049, 52.105193360000044], [4.825379804000022, 52.10708774200003], [4.792345142000045, 52.12316469000007], [4.806415687000026, 52.12742241500007], [4.807485383000028, 52.135022133000064], [4.813110987000073, 52.14017379100005], [4.832857865000051, 52.14476290500005], [4.837366431000021, 52.14065014000005], [4.855238711000027, 52.13721015800007], [4.874518561000059, 52.13883194500005], [4.873623580000071, 52.15608305000006], [4.892272753000043, 52.161593295000046], [4.85558198800004, 52.178917726000066], [4.843921008000052, 52.18012217800003], [4.813594555000066, 52.201847652000026], [4.802925330000051, 52.20102828200004], [4.802150007000023, 52.21763412300004], [4.794430232000025, 52.22342391300003], [4.794576081000059, 52.226731176000044]]]}}, {"type": "Feature", "properties": {"name": "Frysl\u00e2n", "country": "NLD"}, "geometry": {"type": "Polygon", "coordinates": [[[6.352528883000048, 53.53971340100003], [6.32207263600003, 53.52647575600008], [6.186128817000053, 53.51397575300007], [6.125992810000071, 53.523344261000034], [6.110461423000061, 53.496483599000044], [6.004928668000048, 53.492578510000044], [5.959612, 53.48381753900003], [5.83901634800003, 53.47534508600006], [5.70344441900005, 53.47128446100004], [5.61321109000005, 53.49394960200004], [5.552857619000065, 53.47158603500003], [5.357120409000061, 53.43126499500005], [5.176694339000051, 53.408622818000026], [5.161775233000071, 53.38613329100008], [5.101779210000075, 53.36803577500007], [5.087069644000053, 53.32307383800003], [5.027117799000052, 53.313923877000036], [4.840601849000052, 53.23235024100006], [4.818376089000026, 53.21427554200005], [5.050952065000047, 53.14326616900007], [5.169134080000049, 52.99761264300008], [5.238682151000035, 52.87406116600005], [5.377260482000054, 52.76480540600005], [5.631353329000035, 52.80305503500006], [5.66029668300007, 52.831250907000026], [5.703103959000032, 52.83434613800006], [5.703300684000055, 52.83639331100005], [5.709636787000022, 52.83481715400006], [5.713220829000022, 52.83818925400004], [5.728664339000034, 52.833398454000076], [5.724682857000062, 52.84398268600006], [5.748808301000054, 52.83968001100004], [5.784383129000048, 52.81747612100003], [5.789807636000035, 52.80369181900005], [5.819745175000037, 52.81727872100004], [5.824199097000076, 52.81327730700008], [5.833630330000062, 52.81165607500003], [5.836475139000072, 52.80579338100006], [5.857027677000076, 52.807229144000075], [5.878763469000035, 52.800849061000065], [5.897882366000033, 52.807803644000046], [5.900658079000038, 52.811825215000056], [5.924079720000066, 52.82348861600008], [5.922905588000049, 52.82745251100005], [5.926408347000063, 52.82834998100003], [5.922841881000068, 52.83079227300004], [5.93068979100002, 52.83193889900008], [5.927079837000065, 52.833827272000065], [5.945933702000048, 52.83745268100006], [5.955784494000056, 52.83323508800004], [5.95809841800002, 52.83939537400005], [5.969976969000072, 52.84237587100006], [5.973128480000071, 52.842470270000035], [5.986479802000076, 52.82169396300003], [5.996508680000034, 52.816562170000054], [6.024559682000074, 52.82254537500006], [6.031169177000038, 52.81499145500004], [6.059951636000051, 52.82611923600007], [6.05260781000004, 52.837339787000076], [6.082346235000045, 52.83906999100003], [6.206899907000036, 52.890744003000066], [6.232290934000048, 52.91343836200008], [6.256592999000077, 52.92764147100007], [6.30298532200004, 52.92497269200004], [6.334460428000057, 52.90657032200005], [6.393436082000051, 52.93284407700003], [6.427615260000039, 52.97181621400006], [6.362522094000042, 53.033969711000054], [6.367811370000027, 53.067360690000044], [6.305274461000067, 53.08119007000005], [6.315158277000023, 53.09405334600007], [6.290566262000027, 53.099829578000026], [6.273904148000042, 53.111253056000066], [6.262651233000042, 53.11412360400004], [6.20504818400002, 53.11548468500007], [6.175316933000033, 53.13548242400003], [6.177780987000062, 53.167929223000044], [6.192854229000034, 53.18906861500005], [6.199431921000041, 53.19325390500006], [6.199621322000041, 53.19835563400005], [6.209426136000047, 53.19988481200005], [6.219057625000062, 53.20599388100004], [6.229980463000061, 53.21778860900008], [6.230173445000048, 53.22244081100007], [6.225339560000066, 53.225455741000076], [6.224720268000056, 53.22998447700007], [6.214302135000025, 53.23406724100005], [6.216753475000075, 53.23434196800008], [6.215542601000038, 53.23698546900005], [6.224972169000068, 53.238593181000056], [6.21797833100004, 53.24193244700007], [6.231043623000062, 53.24506743100005], [6.229480916000057, 53.24982590700006], [6.235100831000068, 53.253355181000074], [6.232104832000061, 53.25669572500004], [6.237731883000038, 53.25766604800003], [6.238843724000048, 53.26280696500004], [6.245215556000062, 53.26762860600007], [6.255529661000025, 53.268982951000055], [6.251408881000032, 53.27725527400003], [6.253227749000075, 53.28792822200006], [6.259903782000038, 53.29107599200006], [6.268716901000062, 53.28977362900008], [6.278427960000045, 53.30282990900008], [6.294361163000076, 53.30817288000003], [6.280503444000033, 53.31258173800006], [6.286980637000056, 53.34138207700005], [6.254046653000046, 53.34859377400005], [6.232418878000033, 53.34343976000008], [6.224972509000054, 53.35430755300007], [6.218892095000058, 53.35740708700007], [6.178588655000055, 53.36482812700007], [6.170524099000033, 53.37478251600004], [6.167944974000022, 53.39075943200004], [6.194020575000025, 53.41328919800003], [6.350426765000066, 53.44626881500005], [6.351567954000075, 53.49704169200004], [6.402210530000048, 53.49400819700003], [6.415015825000069, 53.497507048000045], [6.418681398000047, 53.50564540700003], [6.416010137000058, 53.512989094000034], [6.404449535000026, 53.52088548200004], [6.367249982000033, 53.523870712000075], [6.352124057000026, 53.52174644000007], [6.352528883000048, 53.53971340100003]]]}}, {"type": "Feature", "properties": {"name": "Noord-Brabant", "country": "NLD"}, "geometry": {"type": "MultiPolygon", "coordinates": [[[[5.000362928000072, 51.82093355400008], [4.93606335000004, 51.828314617000046], [4.911272757000063, 51.825981901000034], [4.889400180000052, 51.818895172000055], [4.854412627000045, 51.800683381000056], [4.836107640000023, 51.79783936600006], [4.797193478000054, 51.79977024900006], [4.773538422000058, 51.793324651000034], [4.755239109000058, 51.781611748000046], [4.74478765200007, 51.76348778300007], [4.736630270000035, 51.75556872700008], [4.675222329000064, 51.72420965800006], [4.617062920000023, 51.71345057000008], [4.589299797000024, 51.70332297200008], [4.514917279000031, 51.69247325200007], [4.50043081900003, 51.69290380900003], [4.423549961000049, 51.70947465000006], [4.379431314000044, 51.68359162000007], [4.372196339000027, 51.66960612100007], [4.352392999000074, 51.65939195000004], [4.27500281500005, 51.64377810900004], [4.242786416000058, 51.64706322900008], [4.23816838700003, 51.63429810300005], [4.211944674000051, 51.62678882600005], [4.199272876000066, 51.61953883700005], [4.191893404000041, 51.60983520000008], [4.190393925000024, 51.59916253400007], [4.197224331000029, 51.587442312000064], [4.228121152000028, 51.56371631500008], [4.235201718000042, 51.55395261100006], [4.235656963000054, 51.54324144600008], [4.220101647000035, 51.51428374300008], [4.218927246000021, 51.504858367000054], [4.275851669000076, 51.425049425000054], [4.263732421000043, 51.41644919200007], [4.269061356000066, 51.40034752200006], [4.26634943800002, 51.38654080900005], [4.273698110000055, 51.383150053000065], [4.277425009000069, 51.37603540900005], [4.334505319000073, 51.37764125000007], [4.341353961000038, 51.35756326500007], [4.384543292000046, 51.35435180800005], [4.421853438000028, 51.36523036700004], [4.431351296000059, 51.36385291300007], [4.425080603000026, 51.37128935700008], [4.431691295000064, 51.375048821000064], [4.391610840000055, 51.408171166000045], [4.383659516000023, 51.421076209000034], [4.391329877000032, 51.42735243700008], [4.39520083900004, 51.42690222500005], [4.392561746000069, 51.43279981100005], [4.397204871000042, 51.431597519000036], [4.398817542000074, 51.435243323000066], [4.395414509000034, 51.43551234100005], [4.396969304000038, 51.441312656000036], [4.392033423000044, 51.446375946000046], [4.379327485000033, 51.44678859700008], [4.382708525000055, 51.45023203900007], [4.442558903000076, 51.468689106000056], [4.464712040000052, 51.47100741600008], [4.476513215000068, 51.478273741000066], [4.538183515000071, 51.48239757600004], [4.548159804000022, 51.47331246200008], [4.529895547000024, 51.449520319000044], [4.535408008000047, 51.42302946800004], [4.574727434000067, 51.43284848700006], [4.63009385600003, 51.42591713000007], [4.64128979700007, 51.42201468800005], [4.651715992000049, 51.42688562700005], [4.669689057000028, 51.42636290000007], [4.666585672000053, 51.444399445000045], [4.693096291000074, 51.451730163000036], [4.703248168000073, 51.46696848500005], [4.716897489000075, 51.46886476800006], [4.716028055000038, 51.471123644000045], [4.729151260000037, 51.48390727700007], [4.74656082000007, 51.489504683000064], [4.752698955000028, 51.49980756700006], [4.773756990000038, 51.50511450300007], [4.780943824000076, 51.50404558900004], [4.783060388000024, 51.49956425900007], [4.798541382000053, 51.49971954400007], [4.815648673000055, 51.49463253500005], [4.821142307000059, 51.48307026800006], [4.841733780000027, 51.480830569000034], [4.836108190000061, 51.461245527000074], [4.844019971000023, 51.45906559100007], [4.838470637000057, 51.45604984400006], [4.83520937000003, 51.45873585800007], [4.823362183000029, 51.44861892800003], [4.828152418000059, 51.422210998000025], [4.841468534000057, 51.42244225300004], [4.836490581000021, 51.417254316000026], [4.826221361000023, 51.42307635600008], [4.805671162000067, 51.428622433000044], [4.792851996000024, 51.42857338600004], [4.786652796000055, 51.432719245000044], [4.766568968000058, 51.430488955000044], [4.770146976000035, 51.42663805300003], [4.76857645900003, 51.41964645100006], [4.771192924000047, 51.41490921500008], [4.789333545000034, 51.40898714100007], [4.839329846000055, 51.41461762300003], [4.859905834000074, 51.41331468300007], [4.860356132000049, 51.41050079000007], [4.867365661000065, 51.40911361500008], [4.868720642000028, 51.412887813000054], [4.882933524000066, 51.41647883200005], [4.897132082000041, 51.411693212000046], [4.899992971000074, 51.41467076200007], [4.903186510000069, 51.41355238800003], [4.899892612000031, 51.41062707900005], [4.903847152000026, 51.41241422100006], [4.90980376300007, 51.40743547000005], [4.91016094500003, 51.40226025800007], [4.924274911000055, 51.397820368000055], [4.913848270000074, 51.39507681100008], [4.920958773000052, 51.39368698900006], [4.927853149000043, 51.395438753000064], [4.924427403000038, 51.398783550000076], [4.927896951000037, 51.39973468000005], [4.928978044000075, 51.39605087500007], [4.963218048000044, 51.42229299500008], [5.004581131000066, 51.44392497300004], [5.005492227000047, 51.45099641100006], [5.010994838000045, 51.45552741100005], [5.007250673000044, 51.464383214000065], [5.01079958300005, 51.47226308300003], [5.022278046000054, 51.48177846200008], [5.038787357000047, 51.48700048000006], [5.037887787000045, 51.47934973100007], [5.045767580000074, 51.47111492600004], [5.079323093000028, 51.47132120800006], [5.104572111000039, 51.43134883100004], [5.071181326000044, 51.39348743200003], [5.131686934000072, 51.34704507100008], [5.134353252000039, 51.315500401000065], [5.162639763000072, 51.310316527000055], [5.200254907000044, 51.32266109600005], [5.242192256000067, 51.305218394000065], [5.225971662000063, 51.268259588000035], [5.237913848000062, 51.261352972000054], [5.263119277000044, 51.26680156500004], [5.296153076000053, 51.26148136000006], [5.336474678000059, 51.26306688400007], [5.342562540000074, 51.26567627800006], [5.346139323000045, 51.27576404200005], [5.417410235000034, 51.26228528200005], [5.433296317000043, 51.27633268100004], [5.438369870000031, 51.276025710000056], [5.441780110000025, 51.28210538400003], [5.464834740000072, 51.28456481500007], [5.476886037000043, 51.29139080900006], [5.483014980000064, 51.30016414900007], [5.487568721000059, 51.29973800800008], [5.515772315000049, 51.29520192800004], [5.528683723000029, 51.281755944000054], [5.556213172000071, 51.26664332100006], [5.554864941000062, 51.24449666600003], [5.560449342000027, 51.22232673800005], [5.566044028000022, 51.220908816000076], [5.618780309000044, 51.22942461200006], [5.625970518000031, 51.273600868000074], [5.672046300000034, 51.31508145000004], [5.87454150800005, 51.35331217400005], [5.931285679000041, 51.38475214200008], [5.871693703000062, 51.45011147100007], [5.860722297000052, 51.491966055000034], [5.852550853000025, 51.50417615300006], [5.838237324000033, 51.566414087000055], [5.89146484500003, 51.560204052000074], [5.906661218000067, 51.55203023400003], [5.935443505000023, 51.553599527000074], [6.004251393000061, 51.570242800000074], [6.031667316000039, 51.55233806700005], [6.034319111000059, 51.55749653600003], [6.048119253000038, 51.558461805000036], [6.037657532000026, 51.56995785300006], [6.038570990000039, 51.58428478800005], [6.024942139000075, 51.59806298800004], [6.023916815000064, 51.61577975000006], [6.020628889000022, 51.62129065500005], [5.996351055000048, 51.63671840900008], [5.973929978000058, 51.644610029000035], [5.965104219000068, 51.65224957100003], [5.96439151200002, 51.67737128300007], [5.955289804000074, 51.70930413600007], [5.94295556000003, 51.71444604900006], [5.907435793000047, 51.71850698900005], [5.89039439000004, 51.72366264900006], [5.885403156000052, 51.72831350200005], [5.879559565000022, 51.74991295700005], [5.864468023000029, 51.75768113200007], [5.847802972000068, 51.75927107700005], [5.781113833000063, 51.75230559800008], [5.760849036000025, 51.75354053800004], [5.74640505900004, 51.758385618000034], [5.729135720000045, 51.77310657700008], [5.704531246000045, 51.77687010400007], [5.690127620000055, 51.789725814000064], [5.66262037100006, 51.79489016200006], [5.651740741000026, 51.80343626800004], [5.645167430000072, 51.81513586700004], [5.638111999000046, 51.81902517800006], [5.619260545000031, 51.819630258000075], [5.587397160000023, 51.82970200400007], [5.556674606000058, 51.82719453400006], [5.54673691000005, 51.81819629200004], [5.538028476000022, 51.816257334000056], [5.516284536000057, 51.81974378500007], [5.50505107400005, 51.82794398900006], [5.493104423000034, 51.830750754000064], [5.481839065000031, 51.827066185000035], [5.472762076000038, 51.81377041500008], [5.44520330000006, 51.809535819000075], [5.423456148000071, 51.81377811200008], [5.413309673000072, 51.82195125000004], [5.403156510000031, 51.82161153900006], [5.367186532000062, 51.787554], [5.36187299300002, 51.777665727000056], [5.357567774000074, 51.757890184000075], [5.30033833300007, 51.737287253000034], [5.272824682000021, 51.74006806800003], [5.248231762000046, 51.73361475200005], [5.219242887000064, 51.74352707200006], [5.196195312000043, 51.74025921400005], [5.165671351000071, 51.74291996100004], [5.128054502000055, 51.73760682400007], [5.126335666000045, 51.745021207000036], [5.142713528000058, 51.75521003400007], [5.135890306000022, 51.76031958300007], [5.139598500000034, 51.76931089500005], [5.137580343000025, 51.77290518800004], [5.097311973000046, 51.78758733900003], [5.079993638000076, 51.779943451000065], [5.068411080000033, 51.77992215000006], [5.050835300000074, 51.79661773400005], [5.015999975000057, 51.80820721400005], [5.009323900000027, 51.81751215300005], [5.000362928000072, 51.82093355400008]], [[4.940998060000027, 51.434642094000026], [4.942188959000021, 51.43645464600007], [4.942755017000025, 51.43511315900008], [4.940998060000027, 51.434642094000026]], [[4.93988052800006, 51.43944618900008], [4.936248047000049, 51.43422617300007], [4.939936131000024, 51.43411685900003], [4.93969673600003, 51.43074253800006], [4.936152065000044, 51.42946506700008], [4.915011354000058, 51.43535531200007], [4.921205066000027, 51.43689634900005], [4.91918895200007, 51.440670229000034], [4.922368725000069, 51.44266298800005], [4.918302119000032, 51.44578480200005], [4.923034141000073, 51.44737792300003], [4.92373215300006, 51.44389403200006], [4.92805432800003, 51.443618798000045], [4.925789574000021, 51.44277966300007], [4.92829951300007, 51.438553408000075], [4.935545098000034, 51.44634654600003], [4.938116912000055, 51.44471727300004], [4.939524755000036, 51.44182757300007], [4.934268947000021, 51.44211273700006], [4.934659606000025, 51.43854875800008], [4.93988052800006, 51.43944618900008]], [[4.95239993000007, 51.45015068200007], [4.94013181400004, 51.445162941000035], [4.933081476000041, 51.44952953500007], [4.947623288000045, 51.45057270400008], [4.951468612000042, 51.45371260600007], [4.95239993000007, 51.45015068200007]], [[4.935715710000068, 51.409291350000046], [4.936394188000065, 51.40534230500003], [4.928494494000063, 51.40511447400007], [4.932381562000046, 51.40650776900003], [4.927265342000055, 51.40824304400007], [4.935715710000068, 51.409291350000046]], [[4.888586017000023, 51.42469396400003], [4.892306011000073, 51.424102246000075], [4.889366628000062, 51.42345378300007], [4.888586017000023, 51.42469396400003]], [[4.839983754000059, 51.41878647100003], [4.840856647000066, 51.41745365700007], [4.838749490000055, 51.41817843100006], [4.839983754000059, 51.41878647100003]], [[4.948143993000031, 51.44369743900006], [4.943903413000044, 51.44378891800005], [4.949787085000025, 51.44495565500006], [4.948143993000031, 51.44369743900006]], [[4.931688352000037, 51.447083967000026], [4.93325776000006, 51.44828176800007], [4.934073116000036, 51.44740052900005], [4.931688352000037, 51.447083967000026]], [[4.92961185300004, 51.44945741600003], [4.930736231000026, 51.450425919000054], [4.93181250300006, 51.44926994000008], [4.92961185300004, 51.44945741600003]]], [[[4.871246498000062, 51.41134862500007], [4.872201240000038, 51.41292481200003], [4.869232639000074, 51.41178572800004], [4.871246498000062, 51.41134862500007]]], [[[4.93216015400003, 51.43883887100003], [4.932385921000048, 51.44003044200008], [4.930634094000027, 51.43988607400007], [4.93216015400003, 51.43883887100003]]], [[[4.922319992000041, 51.437682101000064], [4.924119511000072, 51.44185601200007], [4.921502891000046, 51.43924972600007], [4.922319992000041, 51.437682101000064]]]]}}, {"type": "Feature", "properties": {"name": "Limburg", "country": "NLD"}, "geometry": {"type": "Polygon", "coordinates": [[[5.864468023000029, 51.75768113200007], [5.879559565000022, 51.74991295700005], [5.885403156000052, 51.72831350200005], [5.89039439000004, 51.72366264900006], [5.907435793000047, 51.71850698900005], [5.94295556000003, 51.71444604900006], [5.955289804000074, 51.70930413600007], [5.96439151200002, 51.67737128300007], [5.965104219000068, 51.65224957100003], [5.973929978000058, 51.644610029000035], [5.996351055000048, 51.63671840900008], [6.020628889000022, 51.62129065500005], [6.023916815000064, 51.61577975000006], [6.024942139000075, 51.59806298800004], [6.038570990000039, 51.58428478800005], [6.037657532000026, 51.56995785300006], [6.048119253000038, 51.558461805000036], [6.034319111000059, 51.55749653600003], [6.031667316000039, 51.55233806700005], [6.004251393000061, 51.570242800000074], [5.935443505000023, 51.553599527000074], [5.906661218000067, 51.55203023400003], [5.89146484500003, 51.560204052000074], [5.838237324000033, 51.566414087000055], [5.852550853000025, 51.50417615300006], [5.860722297000052, 51.491966055000034], [5.871693703000062, 51.45011147100007], [5.931285679000041, 51.38475214200008], [5.87454150800005, 51.35331217400005], [5.672046300000034, 51.31508145000004], [5.625970518000031, 51.273600868000074], [5.618780309000044, 51.22942461200006], [5.566044028000022, 51.220908816000076], [5.652732839000066, 51.19766040300004], [5.654082251000034, 51.19424112200005], [5.649739062000037, 51.19361713300003], [5.658042789000035, 51.18474446400006], [5.671035958000061, 51.18576763600004], [5.676540157000034, 51.182725007000045], [5.689410573000032, 51.18541906300004], [5.709338245000026, 51.18042011400007], [5.717782365000062, 51.18437842000003], [5.739739268000051, 51.184747095000034], [5.745640049000031, 51.18949831800006], [5.749088734000054, 51.18867773100004], [5.776727053000059, 51.178484884000056], [5.772950684000023, 51.17336917800003], [5.779734470000051, 51.17179856800004], [5.769563527000059, 51.169082728000035], [5.770187086000021, 51.16422328400006], [5.77940084200003, 51.16331575700008], [5.774757609000062, 51.15468165300007], [5.777644544000054, 51.15130331900008], [5.79877883100005, 51.15766643100005], [5.804933764000054, 51.16287561000007], [5.815054702000054, 51.15884761700005], [5.815969361000043, 51.16317022700008], [5.824309137000057, 51.167840633000026], [5.838608671000031, 51.15708606700008], [5.836352349000038, 51.153684431000045], [5.855781162000028, 51.14462550300004], [5.845838382000068, 51.14075826200008], [5.841349118000039, 51.13147815800005], [5.824897142000054, 51.12934457600005], [5.809848158000023, 51.118421709000074], [5.807666768000047, 51.11304583100008], [5.810860755000022, 51.10886643100008], [5.82996795400004, 51.10648466400005], [5.833780059000048, 51.10278569600007], [5.832418683000071, 51.097363648000055], [5.824140686000021, 51.09234964500007], [5.80825569700005, 51.09633860800005], [5.796020438000028, 51.091478058000064], [5.796431960000064, 51.086988828000074], [5.804863187000024, 51.079633114000046], [5.796617806000029, 51.071824056000025], [5.800340050000045, 51.06118728100006], [5.793176992000042, 51.058526087000075], [5.773555997000074, 51.06235272600003], [5.770757010000068, 51.04919066400004], [5.75838408900006, 51.035014284000056], [5.75972659200005, 51.03062135600004], [5.772852715000056, 51.02742954000007], [5.776407482000025, 51.02330759800003], [5.766274888000055, 51.01056147500003], [5.767626299000028, 50.99973819600007], [5.749882152000055, 50.982536561000074], [5.737293442000066, 50.97869094300006], [5.734294460000058, 50.97274162300005], [5.72012571700003, 50.962421246000076], [5.722010536000028, 50.95713459700005], [5.728098718000069, 50.954964450000034], [5.744631979000076, 50.96153883300008], [5.750521389000028, 50.960740901000065], [5.756799580000063, 50.95689950800005], [5.758819933000041, 50.951656849000074], [5.746586669000067, 50.94730342400004], [5.743573627000046, 50.93835534800007], [5.728089262000026, 50.92558884700003], [5.726643458000069, 50.91307082800006], [5.722775331000037, 50.90916288900007], [5.699463524000066, 50.91076247800004], [5.696252762000029, 50.90771274000008], [5.695742075000055, 50.89774503400008], [5.682513653000058, 50.88852430000003], [5.679348471000026, 50.88048902000003], [5.669629073000067, 50.881822484000054], [5.644157119000056, 50.87134981300005], [5.649469912000029, 50.86834345700004], [5.64166251000006, 50.86416148200004], [5.644003180000027, 50.862920348000046], [5.640323766000051, 50.85372482400004], [5.642706245000056, 50.850080364000064], [5.638863870000023, 50.84767427600008], [5.645343411000056, 50.83939481400006], [5.643729375000021, 50.83793582100003], [5.651380207000045, 50.83199143400003], [5.648894010000049, 50.826702219000026], [5.656175537000024, 50.82428919900008], [5.653988667000021, 50.82008169900007], [5.678280809000057, 50.81646783600007], [5.680600023000068, 50.81203114300007], [5.693853901000068, 50.81151536900006], [5.698284302000047, 50.777477677000036], [5.68283019100005, 50.76125823700005], [5.682059813000023, 50.75753503300007], [5.688472880000063, 50.75571230600008], [5.699025267000025, 50.75527340200006], [5.702550611000049, 50.75891190400006], [5.715630997000062, 50.75987680800006], [5.720264693000047, 50.76471389900007], [5.730385871000067, 50.75741478300006], [5.739177344000041, 50.75707260000007], [5.744894185000021, 50.76882068000003], [5.765809535000074, 50.782545019000054], [5.773573803000033, 50.78324432200003], [5.777365812000028, 50.78295460800007], [5.784501412000054, 50.76716819200004], [5.793220399000063, 50.770198030000074], [5.807694520000041, 50.75604374800008], [5.830759005000061, 50.75855833000003], [5.845036786000037, 50.76536984100005], [5.848919229000046, 50.75340670800006], [5.863126086000022, 50.763371919000065], [5.886476111000036, 50.770155782000074], [5.889737556000057, 50.75632664700004], [5.901629231000072, 50.75139942200008], [5.904849248000062, 50.75522273400003], [5.913132113000074, 50.75575854300007], [5.91508009000006, 50.75036639400008], [5.921449292000034, 50.751356369000064], [5.931062796000049, 50.75694148000008], [5.960662275000061, 50.76247413300007], [5.972819379000043, 50.759646909000026], [5.974139190000074, 50.755211031000044], [5.983189239000069, 50.752818784000056], [6.021007749000034, 50.75428670500003], [6.018359932000067, 50.763355809000075], [6.027641967000022, 50.774182934000066], [6.00657736900007, 50.78189065500004], [5.98826822500007, 50.79404882800003], [5.979905107000036, 50.795176653000055], [5.974861111000052, 50.798035740000046], [5.97574058400005, 50.802351714000054], [5.985513195000067, 50.81057327900004], [6.003691407000076, 50.80147058700004], [6.025027675000047, 50.81413115200007], [6.022100060000071, 50.816809188000036], [6.026353623000034, 50.820031775000075], [6.02274316300003, 50.826604907000046], [6.025268953000023, 50.82782038000005], [6.018767367000066, 50.82969433300008], [6.016314359000035, 50.83388290200003], [6.018944376000036, 50.846254851000026], [6.055076420000034, 50.857257067000035], [6.056697602000042, 50.85105209100004], [6.07416977400004, 50.84653720800003], [6.077297388000034, 50.860755262000055], [6.088101207000022, 50.87242642100006], [6.085072598000068, 50.87636790100004], [6.086679979000053, 50.879449865000026], [6.079635793000023, 50.88222992200008], [6.075180482000064, 50.892952198000046], [6.081263254000021, 50.90906597900005], [6.094147699000075, 50.92070187600007], [6.089434676000053, 50.91852483000008], [6.07746346600004, 50.922578129000044], [6.054021394000074, 50.92224698700005], [6.056159059000038, 50.927152213000056], [6.050869375000048, 50.92990510100003], [6.04558073100003, 50.928079783000044], [6.018200088000071, 50.934701105000045], [6.015076918000034, 50.94788266100005], [6.016851174000067, 50.95264243200006], [6.005196674000047, 50.95677638400008], [6.015205248000029, 50.96236421100008], [6.026509965000059, 50.98327180800004], [5.981355198000074, 50.983217137000054], [5.967573794000032, 50.97939580700006], [5.955182948000072, 50.988416904000076], [5.933884285000033, 50.98535317200003], [5.905598785000052, 50.97472040700006], [5.897083486000042, 50.97486510600004], [5.892607856000041, 50.980312851000065], [5.903723284000023, 50.98719778100008], [5.905515220000041, 51.00217189700004], [5.895474360000037, 51.00453048700007], [5.895737320000023, 51.01101894700008], [5.884259387000043, 51.01338146300003], [5.878805502000034, 51.017962784000076], [5.874597281000035, 51.029205122000064], [5.878112862000023, 51.037354967000056], [5.867282771000021, 51.04627955300003], [5.866312780000044, 51.051103124000065], [5.891997927000034, 51.05312741500006], [5.913205251000022, 51.066882501000066], [5.918729205000034, 51.06395231700003], [5.926314159000071, 51.04823048700007], [5.938127081000061, 51.03511683100004], [5.949798906000069, 51.03696675600003], [5.957775936000075, 51.03472564800006], [5.957827702000031, 51.04098060200005], [5.969195415000058, 51.04677164900005], [5.969975968000028, 51.06070329600004], [5.981727299000056, 51.06947727700003], [5.980291584000042, 51.07231648800007], [5.98844938600007, 51.07461325200006], [5.997791168000049, 51.084245053000075], [6.017572598000072, 51.09457193800006], [6.020673306000049, 51.09283762600006], [6.036689781000064, 51.09659348900004], [6.05683, 51.109548860000075], [6.060291312000061, 51.11592573400003], [6.075881473000038, 51.11919122900008], [6.080899244000022, 51.12597866600004], [6.086990246000028, 51.124594193000064], [6.08442221100006, 51.12601796400003], [6.08877043800004, 51.12789677100005], [6.087101360000077, 51.129301815000076], [6.091994186000022, 51.135046842000065], [6.116386727000076, 51.139153933000046], [6.125828551000041, 51.14511610300008], [6.163338485000054, 51.14869673100003], [6.162847503000023, 51.15267046300005], [6.175420980000069, 51.15846327200006], [6.138800658000036, 51.17333851400008], [6.180723564000061, 51.186357807000036], [6.165169623000054, 51.19441344300003], [6.122404693000021, 51.181302121000044], [6.100087639000037, 51.16988628900003], [6.082188525000049, 51.17163283600007], [6.073143641000058, 51.18279373400003], [6.067985730000032, 51.220550254000045], [6.086023202000035, 51.222669659000076], [6.072661789000051, 51.24255961000006], [6.08561535900003, 51.24762524300007], [6.124500469000054, 51.274728663000076], [6.12900914100004, 51.28570211600004], [6.153822013000024, 51.30744787300006], [6.159588145000043, 51.31969095800008], [6.169376713000077, 51.32937331000005], [6.168555510000033, 51.33298828300008], [6.194234673000039, 51.33487850500006], [6.189879941000072, 51.33946093900005], [6.226388280000037, 51.360335503000044], [6.214422954000042, 51.38963346400004], [6.226666311000031, 51.400267185000075], [6.205255198000032, 51.39951925400004], [6.214759584000035, 51.43387980500006], [6.213934745000074, 51.446262698000055], [6.220591554000066, 51.446645294000064], [6.223554834000026, 51.474963898000055], [6.212761779000061, 51.491307137000035], [6.212021850000042, 51.51338993500008], [6.199927201000037, 51.52738045900003], [6.176900301000046, 51.53855478300005], [6.15703108200006, 51.56657467300005], [6.130558671000074, 51.581086853000045], [6.121484276000047, 51.59274381500006], [6.091422682000029, 51.60584785900005], [6.093932941000048, 51.62215336000003], [6.097228016000031, 51.62088285600004], [6.100011073000076, 51.624077861000046], [6.111681515000043, 51.64472927800006], [6.109411025000043, 51.64686585900006], [6.117246496000064, 51.65073040300007], [6.118086449000032, 51.65597227200004], [6.102836810000042, 51.66050406700003], [6.099653378000028, 51.65811519500005], [6.087887263000027, 51.659849079000026], [6.085343733000059, 51.662913400000036], [6.079543872000045, 51.66159257400005], [6.075723150000044, 51.66482505600004], [6.032348223000042, 51.67405496200007], [6.034671222000043, 51.675145146000034], [6.029821809000055, 51.67809872000004], [6.032233069000029, 51.68479557400008], [6.028246413000033, 51.68962371900005], [6.031739325000046, 51.69216739400008], [6.031110344000069, 51.69642750400004], [6.026052526000058, 51.708687344000055], [6.03151865500007, 51.71298886800008], [6.042007897000076, 51.713343878000046], [6.044937894000043, 51.71691264400005], [6.037879565000026, 51.71992906200006], [6.035423015000049, 51.71777355000006], [6.029520856000033, 51.72548404400004], [5.99419546200005, 51.738308662000065], [5.955154015000062, 51.73811684100008], [5.953286805000062, 51.74802340800005], [5.952464979000069, 51.74455302000007], [5.946133259000021, 51.742360665000035], [5.932765839000069, 51.74193771400007], [5.929947244000061, 51.74442773900006], [5.933322213000054, 51.74809785400004], [5.915283854000052, 51.75228615700007], [5.911113666000062, 51.76240497600003], [5.893408414000021, 51.77785228700003], [5.867892397000048, 51.77552044500004], [5.869243875000052, 51.762859881000054], [5.864468023000029, 51.75768113200007]]]}}, {"type": "Feature", "properties": {"name": "Zeeland", "country": "NLD"}, "geometry": {"type": "Polygon", "coordinates": [[[3.773676085000034, 51.78152012700008], [3.685365288000071, 51.73363597600007], [3.570921002000034, 51.604741716000035], [3.485919791000072, 51.57362905000008], [3.452584203000072, 51.61640810700004], [3.387303705000022, 51.59251857500004], [3.307940336000058, 51.43337658400003], [3.352558384000076, 51.37861129100003], [3.363064620000046, 51.37288070900007], [3.374992486000053, 51.35888734100007], [3.374073227000054, 51.348507985000026], [3.383515588000023, 51.34120517700006], [3.385342812000033, 51.33412504200004], [3.358381074000022, 51.31498161900004], [3.378082450000022, 51.30265057500003], [3.366006096000035, 51.29823283700006], [3.370290128000022, 51.291940658000044], [3.380799362000062, 51.28696172900004], [3.381829276000076, 51.28199627600003], [3.375501695000025, 51.279079308000064], [3.376959423000073, 51.27596778800006], [3.387982577000059, 51.27319213200008], [3.407508493000023, 51.25692058200008], [3.416845809000051, 51.26001048300003], [3.424601747000054, 51.25420839900005], [3.427481923000073, 51.24465741700004], [3.448279396000032, 51.241493071000036], [3.527596470000049, 51.246040923000066], [3.51541721500007, 51.28715119100008], [3.529132064000066, 51.288744337000026], [3.533667739000066, 51.283489415000076], [3.538109371000075, 51.28366581700004], [3.543428823000056, 51.291198379000036], [3.555046363000031, 51.28963597200004], [3.56263812900005, 51.29585908200005], [3.581813873000044, 51.28691319100005], [3.58338687600002, 51.29225489000004], [3.587929682000038, 51.29296111900004], [3.581114671000023, 51.29832192400005], [3.590018763000046, 51.30595285600003], [3.614732489000062, 51.29772724900005], [3.621229336000056, 51.29276579000003], [3.640816787000063, 51.28808657600007], [3.658101449000071, 51.29018925100007], [3.677911937000033, 51.280527445000075], [3.689933521000057, 51.28060973100003], [3.693719295000051, 51.27608149800005], [3.712702229000058, 51.27210387900004], [3.752413722000028, 51.27026747900004], [3.762514961000022, 51.261781633000055], [3.769343371000048, 51.25985056600007], [3.773784833000036, 51.26397601900004], [3.795474551000041, 51.25605412700003], [3.789452824000023, 51.24578709100007], [3.788456638000071, 51.226373641000066], [3.78962862000003, 51.21588202100003], [3.799292782000066, 51.21086519900007], [3.804991011000027, 51.21012145600008], [3.806028375000039, 51.21338013800005], [3.825117540000065, 51.208931660000076], [3.836366526000063, 51.21379653100007], [3.859574665000025, 51.210831487000064], [3.888549105000038, 51.22301884900003], [3.893347025000025, 51.218663237000044], [3.890244546000076, 51.21399669200008], [3.87762630900005, 51.20801380700004], [3.886350213000071, 51.20016290700005], [3.918628926000054, 51.207764240000074], [3.916005054000038, 51.214634681000064], [3.929418681000072, 51.22026109400008], [3.935980192000045, 51.211893485000076], [3.958562366000024, 51.21580796100005], [3.964291424000066, 51.22395511500008], [3.97891861100004, 51.22536683100003], [3.986204873000077, 51.23416008100003], [4.014750713000069, 51.24506276800008], [4.020934015000023, 51.24536594600005], [4.024490429000025, 51.24150023200008], [4.036537299000031, 51.24567873500007], [4.04055210000007, 51.241317941000034], [4.061848243000043, 51.24457314600005], [4.166132142000038, 51.292892933000076], [4.242049369000028, 51.35396732900006], [4.226746500000047, 51.359758904000046], [4.217577296000059, 51.37388541400003], [4.277425009000069, 51.37603540900005], [4.273698110000055, 51.383150053000065], [4.26634943800002, 51.38654080900005], [4.269061356000066, 51.40034752200006], [4.263732421000043, 51.41644919200007], [4.275851669000076, 51.425049425000054], [4.218927246000021, 51.504858367000054], [4.220101647000035, 51.51428374300008], [4.235656963000054, 51.54324144600008], [4.235201718000042, 51.55395261100006], [4.228121152000028, 51.56371631500008], [4.197224331000029, 51.587442312000064], [4.190393925000024, 51.59916253400007], [4.191893404000041, 51.60983520000008], [4.199272876000066, 51.61953883700005], [4.211944674000051, 51.62678882600005], [4.23816838700003, 51.63429810300005], [4.242786416000058, 51.64706322900008], [4.193764463000036, 51.66439950900008], [4.151824857000065, 51.68523335300006], [4.047813960000042, 51.69436452300005], [4.036704586000042, 51.711029308000036], [4.03503833700006, 51.73019368100006], [4.018885606000026, 51.742717834000075], [4.013336849000041, 51.75901190700006], [3.974492223000027, 51.763800952000054], [3.958938896000063, 51.772133352000026], [3.940330642000049, 51.77379981000007], [3.905058297000039, 51.76463423000007], [3.886172267000063, 51.74935831200003], [3.875896003000037, 51.74769186600008], [3.847429645000034, 51.753400757000065], [3.826213720000055, 51.76584074400006], [3.773676085000034, 51.78152012700008]]]}}, {"type": "Feature", "properties": {"name": "Nordjylland", "country": "DNK"}, "geometry": {"type": "MultiPolygon", "coordinates": [[[[10.167429396644229, 56.62741399301352], [10.19732373529279, 56.638857762286364], [10.195124356715574, 56.641497016579024], [10.161999498474643, 56.66113390859012], [10.117469374671723, 56.66272072814658], [10.1075517524439, 56.64427395080283], [10.086030512209522, 56.63296786146311], [10.067682911088049, 56.6334637425745], [10.053798239969092, 56.639910197022594], [10.02855789139928, 56.61947989523332], [10.009714409166417, 56.61630625612041], [9.988887402487988, 56.60857051078271], [9.982936829151292, 56.60182652766779], [9.965481814030323, 56.59924794588856], [9.950407028244031, 56.59111549566174], [9.936720709569634, 56.59329737255186], [9.917083817558549, 56.58883444254934], [9.856288793301989, 56.58695009432606], [9.847561285741504, 56.58080116854482], [9.815031484834243, 56.582586340545824], [9.80908091149755, 56.580404463655704], [9.803427866827692, 56.58337975032406], [9.821676291726888, 56.58883444254936], [9.841313183737977, 56.588636090104806], [9.93582812356914, 56.599644650777726], [9.981845890706241, 56.62265353434628], [10.01224340283452, 56.62820740279387], [10.019284914616273, 56.6390176110222], [10.039417687738762, 56.642092073912835], [10.044525263186092, 56.646356651470796], [10.061137280417697, 56.65091875769561], [10.074674834758673, 56.64308383613563], [10.079831998317141, 56.643877245913856], [10.095601017659382, 56.65022452413966], [10.104006202497464, 56.661034732368], [10.133932627569923, 56.67169617626291], [10.156792746805056, 56.67377887693075], [10.167801307477939, 56.66455548825888], [10.18471085337638, 56.66098514425687], [10.196215295160659, 56.663762078480666], [10.208314794278603, 56.67477063915357], [10.224579694732235, 56.6819113271576], [10.23489402184917, 56.68230803204671], [10.242629767186871, 56.67715086848829], [10.323954269455026, 56.680126155156636], [10.330896605014502, 56.68072121249031], [10.336450473462083, 56.689250367606235], [10.338235645463092, 56.69817622761128], [10.320978982786679, 56.70868890717277], [10.31125971300341, 56.718606529400596], [10.291821173436876, 56.746772576527604], [10.275357920538688, 56.78604636054978], [10.275357920538688, 56.82174980056995], [10.270994166758447, 56.82512179212741], [10.27198592898123, 56.856858183256435], [10.269010642312884, 56.876693427712084], [10.276845563872866, 56.9148762732892], [10.281407670097664, 56.925091424183854], [10.293903874104723, 56.938281861746866], [10.295589869883452, 56.94343902530533], [10.291920349659158, 56.951174770643036], [10.306697606778615, 56.95970392575897], [10.315970583561626, 56.98132434221562], [10.313441589893532, 56.982861573660934], [10.240943771408142, 56.95930722086985], [10.191454836491308, 56.96347262220555], [10.139585672239795, 56.98271280932752], [10.127188644455016, 56.993820546222686], [10.096890308549012, 57.00879615578671], [10.07229460542401, 57.014498788567714], [10.070112728533891, 57.018763366125675], [10.0550379427476, 57.023523824795035], [10.042640914962819, 57.032251332355514], [10.02578095717552, 57.048417056586906], [10.002077840051022, 57.04811952792007], [9.976986255814632, 57.03557373580188], [9.968457100698703, 57.024763527573555], [9.945051512241042, 57.012911969011284], [9.929084140454249, 57.01221773545536], [9.907860428886707, 57.02134194790496], [9.885644955096382, 57.02223453390546], [9.855792912190637, 57.00537457611815], [9.838833778181058, 57.00319269922803], [9.801543518604442, 57.01043256345434], [9.774369233700206, 57.011325149454876], [9.747393301240526, 57.00358940411717], [9.726169589672985, 57.003986109006284], [9.700383771880643, 56.999027297892376], [9.678366650534874, 56.98930802810911], [9.673209486976406, 56.98355580721697], [9.674796306532858, 56.96907607876435], [9.647026964294946, 56.9455713140844], [9.635324170066115, 56.943191084749714], [9.632051354730933, 56.93396769607784], [9.621042794058049, 56.9223640780713], [9.580578895368529, 56.91383492295537], [9.576810198921956, 56.881701826937224], [9.570859625585262, 56.880511712269886], [9.565107404693125, 56.880511712269886], [9.556776602021753, 56.88963592471948], [9.5428919309028, 56.911256341176134], [9.550230971351388, 56.91839702918017], [9.557570011799978, 56.91998384873662], [9.565702462026794, 56.912843160732585], [9.573636559809051, 56.912248103398916], [9.575620084254616, 56.91661185717916], [9.567685986472357, 56.92791794651888], [9.585339354037885, 56.943389437194284], [9.570859625585262, 56.952910354532996], [9.526726206671446, 56.96927443120888], [9.48963429953939, 56.976514295435216], [9.424078816613475, 56.97859699610306], [9.302885472989471, 56.96134033342665], [9.296637370985945, 56.958860927869694], [9.284240343201168, 56.93704215896849], [9.26500015607919, 56.93793474496899], [9.248388138847588, 56.931091585631805], [9.230536418837506, 56.91105798873161], [9.205544010823395, 56.901189954614935], [9.203858015044666, 56.896429495945576], [9.187245997813061, 56.88685899049574], [9.173063798027277, 56.854329189588476], [9.199047968264175, 56.839849461135856], [9.210354057603894, 56.83687417446751], [9.216899688274257, 56.827551609573355], [9.217990626719313, 56.819518335568816], [9.218040214830456, 56.81069165178608], [9.214073165939327, 56.80315425889293], [9.20038684726493, 56.79303828422055], [9.189973343925715, 56.7804429039912], [9.174997734361702, 56.77181457265299], [9.194138745261405, 56.74989662752951], [9.19493215503963, 56.73759877596701], [9.189774991481162, 56.7289704446288], [9.210304469492758, 56.72857373973969], [9.241743331954957, 56.718061060178194], [9.24670214306887, 56.7122096630638], [9.247892257736208, 56.699167989834216], [9.241445803288123, 56.68865531027272], [9.217147628829954, 56.669712651817576], [9.191758515926724, 56.658803267366984], [9.179063959475108, 56.64670376824903], [9.16488175968932, 56.642736719357906], [9.167261989023999, 56.632620744685525], [9.175791144139925, 56.626719759459974], [9.181989658032315, 56.6252321161258], [9.206535773046184, 56.635744795687316], [9.226866898613224, 56.638571318022265], [9.2338092341727, 56.64511694869263], [9.241544979510403, 56.64700129691592], [9.248090610180768, 56.646009534693135], [9.281711349533088, 56.65424116114224], [9.294306729762425, 56.653844456253125], [9.30918316310416, 56.64729882558276], [9.32110910383291, 56.623595708455866], [9.356217486519407, 56.6230006511222], [9.364944994079892, 56.61526490578449], [9.395689622986144, 56.61645502045184], [9.393309393651466, 56.61169456178248], [9.39529291809703, 56.606934103113126], [9.407392417214975, 56.600586824887316], [9.421475440778485, 56.59800824310808], [9.421872145667598, 56.588884030658484], [9.454798651463975, 56.585611215323276], [9.462137691912565, 56.60683492689082], [9.480187764367203, 56.623199003566725], [9.493576554374766, 56.623694884678116], [9.497047722154502, 56.629000812570006], [9.51405644427522, 56.630587632126456], [9.516188733054202, 56.62776110979153], [9.528337820283278, 56.62701728812439], [9.52486665250354, 56.61729801834113], [9.533594160064025, 56.61571119878467], [9.539247204733885, 56.610256506559374], [9.53210651672985, 56.598950417219626], [9.567611604305458, 56.59399160610572], [9.567909132972293, 56.57971023009765], [9.59458753676514, 56.57296624698273], [9.662027367914336, 56.5726687183159], [9.670854051697098, 56.56870166942477], [9.675019453032785, 56.55987498564201], [9.672044166364438, 56.5558087605286], [9.651316335908287, 56.55402358852759], [9.642985533236915, 56.54856889630229], [9.640902832569072, 56.534585048961056], [9.637431664789334, 56.53002294273626], [9.640406951457681, 56.525361660289185], [9.645266586349315, 56.52317978339906], [9.670060641918875, 56.53101470495906], [9.698623393935007, 56.53319658184918], [9.734128481510616, 56.51236957517075], [9.748211505074124, 56.49888160894091], [9.7642780530832, 56.498286551607244], [9.768443454418886, 56.50146019072014], [9.785898469539855, 56.5034437151657], [9.810494172664857, 56.501063485831025], [9.833503056233408, 56.49431950271611], [9.840643744237441, 56.49749314182901], [9.87436365981204, 56.49868325649635], [9.880710938037849, 56.51415474717175], [9.943390310517692, 56.52605589384514], [9.956878276747533, 56.54033726985321], [9.985044323874552, 56.5371636307403], [10.047227815243005, 56.54886642496915], [10.082931255263171, 56.56790825964658], [10.099989565495028, 56.57385883298327], [10.11446929394765, 56.575048947650615], [10.124188563730918, 56.586355036990334], [10.11843634283878, 56.59428913477259], [10.124188563730918, 56.5992479458865], [10.142436988630113, 56.598652888552834], [10.155329897526284, 56.604008404555856], [10.167429396644229, 56.62741399301352]]], [[[10.222918615124192, 56.671894471697435], [10.229166717142862, 56.667629894129135], [10.23829092961457, 56.66981177102455], [10.227579897582565, 56.6732829388127], [10.222918615124192, 56.671894471697435]]], [[[10.274936543835185, 56.673828408036556], [10.27880441651341, 56.67189447169744], [10.284308696863189, 56.67303499825641], [10.274936543835185, 56.673828408036556]]], [[[9.076416688753936, 56.863626903881496], [9.083755729220309, 56.85688292075024], [9.101607449273653, 56.84994058517394], [9.10378932616906, 56.85708127319528], [9.107558022624765, 56.85846974031053], [9.105574498174395, 56.8652137234418], [9.092284884356907, 56.87413958346847], [9.079987032764604, 56.86918077234254], [9.076416688753936, 56.863626903881496]]], [[[9.555537019741132, 56.9688528759737], [9.564958760880396, 56.96042289705962], [9.573983797129586, 56.961513835507326], [9.573091211126918, 56.96696852774585], [9.568033223778471, 56.96905122841874], [9.555537019741132, 56.9688528759737]]], [[[9.595604213638632, 56.93999259522079], [9.596794328308855, 56.93800907077041], [9.605918540780564, 56.93572801765249], [9.606414421893156, 56.93781071832538], [9.595604213638632, 56.93999259522079]]], [[[9.792072310447914, 57.039069641516846], [9.785725032206726, 57.03549929750618], [9.787014323099468, 57.03371412550084], [9.796733592906287, 57.0366894121764], [9.792072310447914, 57.039069641516846]]], [[[9.87756221425892, 57.026176732589455], [9.852371453739204, 57.037681174401605], [9.816469661187483, 57.03143307238294], [9.816965542300075, 57.025680851476864], [9.82212270587104, 57.02151545013108], [9.847610995058313, 57.01397805721967], [9.863280838216246, 57.015763229225], [9.87756221425892, 57.026176732589455]]], [[[8.549790947180343, 56.70950705408766], [8.55554316808642, 56.70603588629951], [8.560700331657385, 56.69413473959728], [8.564270675668054, 56.69244874381447], [8.589858141077844, 56.69681249760529], [8.589758964855326, 56.701176251396106], [8.57835369926569, 56.713870807878486], [8.562088798772649, 56.71406916032356], [8.549790947180343, 56.70950705408766]]], [[[8.930825994096683, 56.95467067615365], [8.925966359193273, 56.94376129167661], [8.907023700692228, 56.93245520230949], [8.885799989073254, 56.93235602608697], [8.87310543259088, 56.934240374314825], [8.87037808647162, 56.937562777769195], [8.86343575089532, 56.92967826807897], [8.840426867271011, 56.915942361260136], [8.830608421241672, 56.891594598631826], [8.824062790555447, 56.887429197286046], [8.75597831379645, 56.88321420782901], [8.747746687327409, 56.87642063658649], [8.728704852603848, 56.88078439037729], [8.708076198319986, 56.87860251348189], [8.66354607440915, 56.880784390377315], [8.64147936489877, 56.87612310791895], [8.650355636814181, 56.87051965134665], [8.648520876697587, 56.86496578288561], [8.653033394822183, 56.86045326476101], [8.65494253710566, 56.847833090445526], [8.636520553772835, 56.82933672494578], [8.651868074207583, 56.8298326060584], [8.651471369317507, 56.826857319382846], [8.643834800183578, 56.82189850825692], [8.624495436792458, 56.82388203270729], [8.615024107541931, 56.81441070345678], [8.667488329254255, 56.80583196020892], [8.672645492825222, 56.800079739302845], [8.668975972592035, 56.79303822750403], [8.622164795563272, 56.78183131435945], [8.603718018174819, 56.786790125485375], [8.581502544330661, 56.78738518282048], [8.5646425865025, 56.778260970348796], [8.54887356712205, 56.7836164863648], [8.544410637108715, 56.782128843027024], [8.55998130404413, 56.75078915671115], [8.553237320912869, 56.74811139870315], [8.536179010639675, 56.74880563226078], [8.527649855503078, 56.74245835401959], [8.509103901892106, 56.739383891121534], [8.504492207544992, 56.73303661288035], [8.504492207544988, 56.71776347461248], [8.523038161155961, 56.721432994845664], [8.54039400009671, 56.73254073176775], [8.545650339890194, 56.73204485065515], [8.5742626800868, 56.71721800538863], [8.59310616236533, 56.722028052180754], [8.59796579726874, 56.7121104299289], [8.596378977708444, 56.706655737690376], [8.623057381565937, 56.70764749991556], [8.656281416109657, 56.69891999233393], [8.650231666536024, 56.69683729166104], [8.623454086456013, 56.70437468457245], [8.614329873984303, 56.70020928322667], [8.615519988654526, 56.694258709875555], [8.638132167388763, 56.67769628071496], [8.625437610906387, 56.67422511292681], [8.62662772557661, 56.66886959691081], [8.645074502965063, 56.65677009776354], [8.664116337688629, 56.65677009776354], [8.709241518934574, 56.66510090045511], [8.736316627682145, 56.66316696411599], [8.772317596456384, 56.672192000365186], [8.778367346030016, 56.676357401710966], [8.772119244011348, 56.68220879883956], [8.780450046702907, 56.68984536797349], [8.803657282772251, 56.70640779713409], [8.833112620860268, 56.71664774210918], [8.835988731313304, 56.72686289302858], [8.847493173125464, 56.72854888881141], [8.843129419334646, 56.73003653214919], [8.84223683333198, 56.743425322189196], [8.851261869581169, 56.754334706666235], [8.870700409194807, 56.76048363246244], [8.86296466383836, 56.76385562402807], [8.860286905830359, 56.76891361137651], [8.878436154551256, 56.77129384071696], [8.88160979367185, 56.76306221424792], [8.884585080347406, 56.763558095360516], [8.88428755167985, 56.77972381963104], [8.853542922699095, 56.805311285040816], [8.84640223467776, 56.821278656866305], [8.845212120007536, 56.83218804134335], [8.834401911753012, 56.84661818171982], [8.83529449775568, 56.85043646628677], [8.85473303736932, 56.867891481450044], [8.864452307176139, 56.868288186340116], [8.871097114084883, 56.8655112521096], [8.86921276585703, 56.86045326476115], [8.872485581200143, 56.85797385919819], [8.880022974111554, 56.85678374452797], [8.883394965677185, 56.86184173187641], [8.892147267314446, 56.86204008432146], [8.889643067695852, 56.855370483357085], [8.896486227049637, 56.84170895870515], [8.899461513725194, 56.843990011823074], [8.916420647775873, 56.886734963728586], [8.9296606734821, 56.89640464542414], [8.918007467336173, 56.92670298140354], [8.920288520454099, 56.93523213654014], [8.93333019371529, 56.944157996566794], [8.93561124683322, 56.95610873138028], [8.930825994096683, 56.95467067615365]]], [[[11.190233901459068, 57.32464757425929], [11.187258614783516, 57.32702780359988], [11.16043144659224, 57.32811874204755], [11.148530299890012, 57.333623022397326], [11.138116796525564, 57.333821374842366], [11.123984184816665, 57.32702780359985], [11.1188270212457, 57.32970556160785], [11.049403665482703, 57.32757327282367], [11.029270892311434, 57.33173867416945], [11.002890017121496, 57.31934164635463], [10.93921888226458, 57.31884576524199], [10.928607026455094, 57.31656471212406], [10.909267663063972, 57.30109322141116], [10.876241980965288, 57.29058054182419], [10.876936214522917, 57.279671157347146], [10.914722355302493, 57.267274129532325], [10.92573091600205, 57.26915847776015], [10.947946389846209, 57.26449719530178], [10.951516733856877, 57.25983591284341], [10.971451154583109, 57.25011664303659], [10.97482314614874, 57.242876778792734], [10.970161863690368, 57.23762043899925], [10.979980309719707, 57.23692620544162], [10.982658067727707, 57.23375256632102], [10.99624521021275, 57.23821549633436], [11.009237295362686, 57.23672785299657], [11.024411257408026, 57.24297595501524], [11.061007283517378, 57.2502158192591], [11.082528523803905, 57.26568730997199], [11.091057678940503, 57.285522554475705], [11.070230672211602, 57.2940517096123], [11.07806559379057, 57.30168827874623], [11.096413194956504, 57.306349561204605], [11.117884847131771, 57.304266860531726], [11.139356499307041, 57.30828349754373], [11.162266206708832, 57.303820567530394], [11.175258291858764, 57.31393654222728], [11.17625005408395, 57.304415624865506], [11.184283328107954, 57.30034939974224], [11.178035226089284, 57.29380376905602], [11.179126164536989, 57.291621892160606], [11.188151200786178, 57.28983672015527], [11.190233901459068, 57.32464757425929]]], [[[10.931681489353169, 57.37845067497574], [10.926474737670944, 57.37934326097841], [10.920920869209905, 57.37507868341011], [10.931086432018057, 57.37577291696774], [10.931681489353169, 57.37845067497574]]], [[[10.96763287001615, 57.2350418572139], [10.959103714879554, 57.237620438999386], [10.961781472887555, 57.24257925012532], [10.950971264633031, 57.240992430565015], [10.956921837984146, 57.23791796766694], [10.95374819886355, 57.23434762365628], [10.956425956871552, 57.23196739431583], [10.965054288230668, 57.22988469364294], [10.96763287001615, 57.2350418572139]]], [[[10.987418526408604, 57.22785158108132], [10.984393651621787, 57.22378535595804], [10.997385736771719, 57.21723972527182], [11.005815715685797, 57.221305950395084], [11.029320480422697, 57.221305950395084], [11.037750459336776, 57.22477711818323], [11.028775011198848, 57.232165746760884], [10.987418526408604, 57.22785158108132]]], [[[10.604300778819377, 57.515462626385194], [10.608614944498935, 57.50916493625527], [10.619276388419681, 57.50951205303408], [10.61585480874279, 57.51357827815735], [10.604300778819377, 57.515462626385194]]], [[[8.401472788702536, 56.67097714865111], [8.404803815858813, 56.67141709563401], [8.398076120782632, 56.67333252692466], [8.397580239670038, 56.67799380938303], [8.419200656179088, 56.67908474783074], [8.428523221095833, 56.688506488970006], [8.441118601355692, 56.688704841415046], [8.449746932714806, 56.69257271409327], [8.481284971475711, 56.6852336736269], [8.492541472731567, 56.676456577934005], [8.51093866200876, 56.672192000365705], [8.51376518435054, 56.68344850162154], [8.527054798168027, 56.69168012809058], [8.545997456669074, 56.68672131696465], [8.544509813331295, 56.69435788609859], [8.541038645543146, 56.69644058677147], [8.53032761351114, 56.692969418983324], [8.51133536689883, 56.69346530009594], [8.513070950792907, 56.69976299022587], [8.518922347921505, 56.704622625129275], [8.5122279529015, 56.70774667613861], [8.484756139263856, 56.71161454881683], [8.460656317191845, 56.708738438363795], [8.481284971475707, 56.71964782284084], [8.482127969367113, 56.729019975868844], [8.489020716832155, 56.74389640924663], [8.499037515306528, 56.751384214046745], [8.478012156132591, 56.764574651641716], [8.467797005213173, 56.777566736791634], [8.485648725266516, 56.79194728905683], [8.518079350030087, 56.80146820641861], [8.535633541415873, 56.8008731490835], [8.534046721855576, 56.810989123780395], [8.55725395792492, 56.81386523423342], [8.57867602198893, 56.81227841467312], [8.606842069184202, 56.83181613050928], [8.613982757205536, 56.83320459762456], [8.623007793454727, 56.8460479184407], [8.63490894015695, 56.8544778973548], [8.628859190583318, 56.862263230822506], [8.634809763934433, 56.87287508663199], [8.631140243701246, 56.87961906976325], [8.646066265190292, 56.891867333244285], [8.649264698366515, 56.90704129528963], [8.66833132714571, 56.91574400881563], [8.6661494502503, 56.931513028196086], [8.678149773175047, 56.94391005601091], [8.702497535803355, 56.94043888822277], [8.723324542532252, 56.9422240602281], [8.760862742755531, 56.93364531698025], [8.777921053028725, 56.93433955053787], [8.78863208506073, 56.93652142743327], [8.79349171996414, 56.938901656773716], [8.794781010856878, 56.944455525234766], [8.815161724584444, 56.95139786081107], [8.855328094704468, 56.95680296493832], [8.857857088378692, 56.96047248517151], [8.855724799594544, 56.96429076973847], [8.83802184387498, 56.970588459868424], [8.82696369506416, 56.98164660867924], [8.814368314804302, 56.982886311460724], [8.813326964467857, 56.98858894425555], [8.819624654597787, 56.9929031099351], [8.845460060563873, 56.97648944510827], [8.856369445040919, 56.98035731778651], [8.862964663838403, 56.9795143198951], [8.864700247732477, 56.97410921576784], [8.872435993088926, 56.97832420522488], [8.89916398505768, 56.9726711605413], [8.90670137796909, 56.96791070186041], [8.898271399055012, 56.96255518584441], [8.898767280167604, 56.95779472716352], [8.911660189095015, 56.95531532160056], [8.922172868681983, 56.96096836628412], [8.92237122112702, 56.96523294385242], [8.935958363612064, 56.98219207790309], [8.952719145217703, 56.986704596027685], [8.96739722615045, 56.98650624358265], [8.975182559618151, 56.983283016350796], [8.988918466436973, 56.99374610782651], [9.003794899814757, 56.999200800065026], [9.031415477786181, 56.99999420984517], [9.039349575587666, 56.99652304205702], [9.039547928032704, 56.98759718203035], [9.043812505601004, 56.98244001845938], [9.051697015291229, 56.9833821925733], [9.094243614751694, 57.003514965744564], [9.139815088998976, 57.01174659221362], [9.151815411923721, 57.00777954331287], [9.1698654844221, 56.993398991047684], [9.190990019818553, 56.985564069468715], [9.237801196847316, 56.957199669828405], [9.25842985113118, 56.95739802227345], [9.284414021431036, 56.96553047251998], [9.302265741484378, 56.96622470607761], [9.311290777733568, 56.976142328329466], [9.356515135202034, 56.98655583169391], [9.38448282995227, 56.9866550079164], [9.430897302090958, 56.999498328732564], [9.459658406621342, 57.00138267696042], [9.464220512857196, 56.99890327139745], [9.485840929366244, 57.00574643075124], [9.495411434839285, 57.00574643075123], [9.501957065525511, 57.00177938185049], [9.552884055788791, 57.00386208252337], [9.57301682896006, 56.99929997628751], [9.584422094549694, 57.00058926718025], [9.59374465946644, 57.009713479651964], [9.613679080192668, 57.00768036709033], [9.629795216351935, 57.01809387045478], [9.633514324696385, 57.02349897458204], [9.619480889210008, 57.037036528955824], [9.630935742910902, 57.04378051208709], [9.673482342371369, 57.05726847834962], [9.689548890419376, 57.05746683079465], [9.690887769423377, 57.05503701334295], [9.683201612178188, 57.053747722450204], [9.672589756368698, 57.04392927642087], [9.662027488670471, 57.04586321275998], [9.6544405076478, 57.042540809305606], [9.65657279643195, 57.03173060105108], [9.67715186260455, 57.032375246497445], [9.701747565789153, 57.0214658620204], [9.744294165249618, 57.02454032491845], [9.764873231422214, 57.03138348427226], [9.780146369690078, 57.056078363679404], [9.793733512175121, 57.05806188812978], [9.78282412769808, 57.06723568871274], [9.79184916394727, 57.06956632994193], [9.84297450665559, 57.052805548336266], [9.887008749453837, 57.02870572626426], [9.905157998174735, 57.02692055425893], [9.937092741825714, 57.017399636897146], [9.955638695436686, 57.02116833335285], [9.971110186149582, 57.04551609598112], [9.987722203421441, 57.05449154411905], [10.0059210402536, 57.06064046991521], [10.029872097991833, 57.05731806646083], [10.04048395380132, 57.0534501937826], [10.043955121589471, 57.04363174775327], [10.061162196196442, 57.03911922962867], [10.083774374930677, 57.02816025704036], [10.09522922863157, 57.02791231648406], [10.122948982825513, 57.019234397013676], [10.12870120373159, 57.01373011666391], [10.151710087355896, 57.004605904192196], [10.155280431366565, 56.99944874062123], [10.171148626969536, 56.995878396610564], [10.191380576363324, 56.98239043034804], [10.23938186806231, 56.96929916897559], [10.26635780058736, 56.97405962765648], [10.301267830913895, 56.991514642819745], [10.306821699374936, 56.99746521617086], [10.323086599867981, 56.99786192106093], [10.329830582999243, 57.00539931397235], [10.349269122612881, 57.01134988732346], [10.365434846883403, 57.03326783250004], [10.374757411800148, 57.052607195891156], [10.37882363692341, 57.05538413012168], [10.392435573464082, 57.08920322200049], [10.401956490825865, 57.09664143868937], [10.398410940870825, 57.10050931136758], [10.399799407986086, 57.106658237163735], [10.419833004934839, 57.15721331659258], [10.435304495647731, 57.18029658238378], [10.446858525571145, 57.18590003895608], [10.444230355674405, 57.19269361019858], [10.453255391923593, 57.20573528345978], [10.500512861953693, 57.241785840345266], [10.509438721980365, 57.24545536057845], [10.5165794100017, 57.24327348368304], [10.518067053339479, 57.249224057034155], [10.549605092100384, 57.26003426528868], [10.56031612413239, 57.26826589175772], [10.56309305836291, 57.274117288886316], [10.56497740659076, 57.2916714802721], [10.561506238802604, 57.31195301777716], [10.551390264105711, 57.328614623160256], [10.546530629202302, 57.34597046210101], [10.544299164195634, 57.345871285878495], [10.54167099429889, 57.357177375245605], [10.545985159978446, 57.36734293805376], [10.540778408296225, 57.36922728628161], [10.534927011167628, 57.37785561764072], [10.527935087480069, 57.41737734231437], [10.540034586627334, 57.433047185472304], [10.535968361504073, 57.43929528749097], [10.541423053742594, 57.444055746171856], [10.541323877520075, 57.4549651306489], [10.553225024222304, 57.45506430687142], [10.57087839183061, 57.465180281568294], [10.552034909552084, 57.47966001005599], [10.547919096317564, 57.48838751763762], [10.516182705111628, 57.50534665168832], [10.516232293222883, 57.51367745437987], [10.471850933645824, 57.53743015967303], [10.450825574471889, 57.55548023217141], [10.43823019421203, 57.57640641512281], [10.433271383086103, 57.59405978273113], [10.438527722879588, 57.61230820767457], [10.477107273439316, 57.654706042801266], [10.543952047416829, 57.701765160386316], [10.551266293827574, 57.702211453387626], [10.578068667963217, 57.71441012875742], [10.604102426374343, 57.71718706298795], [10.612482817177161, 57.725220337011955], [10.638566163699544, 57.734146197038626], [10.644318384605622, 57.73979924172218], [10.627359250555013, 57.748762292832815], [10.597308855131887, 57.749208585834154], [10.559076421350978, 57.74162160481148], [10.458065438715801, 57.700488266521866], [10.325293270819069, 57.639718036173626], [10.18389277156322, 57.599179755219176], [10.095601139466066, 57.58779928368515], [10.06064152102827, 57.590625806026935], [10.001061405350239, 57.58534467217785], [9.990350373318233, 57.58965883785741], [9.966919990748215, 57.5920018761144], [9.949663328029985, 57.5826297230864], [9.869404969956834, 57.50162754334436], [9.826635223995703, 57.47648637093591], [9.817560599635256, 57.474403670263015], [9.799708879581912, 57.45997352988657], [9.723615922854544, 57.35754928608049], [9.71007836848076, 57.34832589738626], [9.700259922451421, 57.334193285677365], [9.62892742440494, 57.261224379959295], [9.561388416869798, 57.20380134712104], [9.511552365054222, 57.17561050587013], [9.407194184909063, 57.132617613408314], [9.38034222266216, 57.12666704005719], [9.325225036997466, 57.12480748588497], [9.290934858061672, 57.11677421186096], [9.174006091712286, 57.11357577868471], [9.118219466545591, 57.119823880703386], [9.038072681722774, 57.140018639013704], [8.980128973716305, 57.14016740334748], [8.874022812649251, 57.10331103965403], [8.762003269314524, 57.09101318806171], [8.731556169001324, 57.09716211385787], [8.658314528671362, 57.11967511636957], [8.626454167187275, 57.124485163161715], [8.611453763531342, 57.120220585593415], [8.601040260166892, 57.12210493382126], [8.594692981925704, 57.110997196899184], [8.562907002608494, 57.08317826648272], [8.51708758780492, 57.050747641719134], [8.504839324323875, 57.04628471170581], [8.480640326029349, 57.045689654370705], [8.445581531369033, 57.012812736605795], [8.390092434869892, 56.97076201825795], [8.36252144500973, 56.96223286312135], [8.35627334299106, 56.95291029820461], [8.28030435654184, 56.88229682777132], [8.253179659683015, 56.850610024676634], [8.23423700118197, 56.814410703457355], [8.227840134829519, 56.808460130106205], [8.22139368036581, 56.79298863939331], [8.215095990235884, 56.732144026878146], [8.233096474623002, 56.71622624316393], [8.233840296291891, 56.70283745312393], [8.240584279423153, 56.70556479924319], [8.2413776892033, 56.72837533042246], [8.247129910109377, 56.74900398470632], [8.246931557664341, 56.77796344168174], [8.254865655465826, 56.780740375912266], [8.28362675999621, 56.76943428654515], [8.294139439583178, 56.76070677896352], [8.298503193373996, 56.735119313553724], [8.304652119170147, 56.72242475707135], [8.330834641915049, 56.70417633212793], [8.34868636196839, 56.68394438273415], [8.34947977174854, 56.67640698982273], [8.381712044067068, 56.67243994092199], [8.40127315935255, 56.66651658937496], [8.401472788702536, 56.67097714865111]]], [[[9.270330997833465, 56.956443451131946], [9.25961996580146, 56.95629468679817], [9.25485950712057, 56.9533937822895], [9.257686029462349, 56.94885647010928], [9.267950768493021, 56.95235243195305], [9.270330997833465, 56.956443451131946]]]]}}, {"type": "Feature", "properties": {"name": "Midtjylland", "country": "DNK"}, "geometry": {"type": "MultiPolygon", "coordinates": [[[[10.253018476470283, 55.72867906672786], [10.237943690683991, 55.72153837872382], [10.238340395573104, 55.71677792005447], [10.24468767379891, 55.714794395608905], [10.283366400487424, 55.71776968227725], [10.314904439171903, 55.71281087116334], [10.322045127175935, 55.718563092055476], [10.327995700512629, 55.738398336511125], [10.32680558584529, 55.7439522049587], [10.311730800058998, 55.759820400523225], [10.303201644943071, 55.75049783562907], [10.295267547160812, 55.73026588628431], [10.253018476470283, 55.72867906672786]]], [[[10.405154801445095, 55.92921338817445], [10.414279013894692, 55.92028752816941], [10.429750504570096, 55.91651883172284], [10.454742912584212, 55.92187434772586], [10.443238470799937, 55.92881668328534], [10.40654326855699, 55.93199032239824], [10.405154801445095, 55.92921338817445]]], [[[10.560068060643701, 55.97860314686901], [10.547175151747531, 55.973049278421435], [10.523174505956197, 55.95499920596679], [10.521984391288859, 55.93476725662204], [10.531505308627569, 55.917312241501065], [10.537257529519707, 55.91334519260994], [10.558282888642692, 55.91632047927828], [10.579903305099348, 55.90957649616336], [10.599341844665883, 55.89569182504441], [10.603507246001568, 55.88795607970671], [10.595573148219309, 55.872881293920415], [10.595077267107913, 55.86053385424675], [10.584366235101864, 55.84635165446096], [10.551439729305494, 55.841690372013915], [10.530711898849342, 55.828202405784076], [10.526844026180493, 55.79269731820848], [10.529025903070616, 55.7712752541964], [10.547274327969813, 55.75084495240708], [10.555307601974349, 55.748365546850124], [10.582581063100864, 55.75153918596304], [10.599936901999556, 55.74707625596052], [10.618978736676977, 55.74677872729367], [10.643475263579699, 55.779010999534115], [10.644913318802736, 55.787986447650304], [10.63678086857592, 55.80325958588115], [10.64590508102552, 55.82864869878438], [10.662269157701434, 55.84382266079294], [10.679525820377847, 55.85116170124153], [10.679426644155571, 55.866732368139225], [10.639656979021998, 55.85740980324507], [10.617937386343064, 55.87337717503186], [10.611292579450424, 55.88696431748398], [10.614466218563333, 55.892369421598154], [10.62309454990154, 55.893361183820936], [10.629689768683045, 55.89965887393561], [10.651508537584258, 55.899262169046494], [10.627507891792925, 55.90600615216141], [10.614614982896754, 55.905807799716854], [10.590614337105418, 55.91691553661205], [10.57653131354191, 55.932387027287454], [10.565423576646747, 55.95460250107778], [10.560068060643701, 55.97860314686901]]], [[[10.638367688132389, 55.876253285477965], [10.63271464346253, 55.87317882258734], [10.64109503424504, 55.86921177369621], [10.645954669136673, 55.87139365058633], [10.646004257247812, 55.87486481836607], [10.638367688132389, 55.876253285477965]]], [[[10.643921556579969, 55.88101374414732], [10.65671528925386, 55.883096444815166], [10.658202932588035, 55.88666678881718], [10.653144945251844, 55.886964317484015], [10.643921556579969, 55.88101374414732]]], [[[10.66693044014852, 55.91622130305612], [10.677343943487735, 55.91170878494246], [10.67922829171102, 55.91617171494498], [10.66802137859358, 55.918006475057126], [10.66693044014852, 55.91622130305612]]], [[[10.67917870359988, 55.90987402483031], [10.673079365929766, 55.90446892071617], [10.67342648270774, 55.89990681449137], [10.678335705710511, 55.89802246626809], [10.690683145384153, 55.88230303503699], [10.689988911828205, 55.88765855104001], [10.682352342712784, 55.89544388448883], [10.67917870359988, 55.90987402483031]]], [[[10.769478653984214, 55.93203991050952], [10.75286663675261, 55.933031672732305], [10.76471819531486, 55.92975885739712], [10.769478653984214, 55.93203991050952]]], [[[11.504919930288471, 56.720937170621774], [11.516473960183896, 56.710374902949155], [11.525796525078047, 56.69589517449655], [11.535515794861313, 56.69053965849352], [11.565268661544785, 56.69093636338263], [11.576971455773617, 56.694506707384654], [11.613468305572006, 56.723466164289896], [11.6194188789087, 56.72306945940078], [11.647386573591163, 56.736359073186065], [11.619617231353258, 56.73497060607417], [11.573004406882486, 56.726243098513685], [11.525796525078038, 56.729714266293406], [11.504919930288471, 56.720937170621774]]], [[[10.792933830553027, 56.121764023727856], [10.807165618449954, 56.12087143772735], [10.813116191786648, 56.125136015285314], [10.806124268116033, 56.12801212573138], [10.792933830553027, 56.121764023727856]]], [[[8.288833394249878, 55.98455372020599], [8.28585810758153, 55.974041040644494], [8.28764327958254, 55.97106575397615], [8.298552664033146, 55.9803883188703], [8.29716419692125, 55.98534712998421], [8.288833394249878, 55.98455372020599]]], [[[9.32110910383291, 56.623595708455866], [9.329241554059726, 56.610306094670584], [9.316150292719, 56.58908238310304], [9.313571710939764, 56.57341253998308], [9.298100220264358, 56.551197066192756], [9.287389188258308, 56.52322937151029], [9.287389188258308, 56.51549362617259], [9.29571999092968, 56.50617106127844], [9.309406309604077, 56.50398918438832], [9.351060322960937, 56.51192328217057], [9.355225724296622, 56.51628703595082], [9.369507100304688, 56.5172787981736], [9.371887329639366, 56.51410515906069], [9.367721928303679, 56.50755952839033], [9.367523575859122, 56.4908979230476], [9.370102157638357, 56.48732757904558], [9.366730166080897, 56.484748997266344], [9.339754233621218, 56.49248474260405], [9.322299218500248, 56.486732521711915], [9.304050793601052, 56.473442907926625], [9.301670564266376, 56.4772116043732], [9.308216194936739, 56.482567120376224], [9.304645850934723, 56.486137464378245], [9.292943056705889, 56.48693087415647], [9.283620491811734, 56.491988861492636], [9.266066300468486, 56.50736117594576], [9.260214903354077, 56.518865617730036], [9.248611285347524, 56.52888241618014], [9.260214903354077, 56.54594072641199], [9.290166122482104, 56.55724681575171], [9.294529876262347, 56.56706526175726], [9.285604016257306, 56.57658617909597], [9.263239778133565, 56.57866887976383], [9.256049502018392, 56.58352851465547], [9.243950002900448, 56.58456986498939], [9.203089399321811, 56.58452027687826], [9.192576719760318, 56.58005734687574], [9.17323735641606, 56.58094993287626], [9.152410349737634, 56.59473542777292], [9.151517763737129, 56.601231470332145], [9.159402273408249, 56.61060362333744], [9.155187283961425, 56.61437231978401], [9.145765542844991, 56.605545636001246], [9.14080673173108, 56.59418995855039], [9.117698671940252, 56.583776455211186], [9.117599495717974, 56.58020611120917], [9.124045950166058, 56.57713164831855], [9.14308778484348, 56.580007758764616], [9.152707878404469, 56.577925058096774], [9.155385636405981, 56.57326377564969], [9.152410349737634, 56.56850331698034], [9.13852567861868, 56.55947828075302], [9.13009569972503, 56.56007333808669], [9.115219266383296, 56.570387665203626], [9.09875601348511, 56.56523050164516], [9.091516149258801, 56.55362688363859], [9.091317796814245, 56.548767248746955], [9.098756013485112, 56.54043644607559], [9.096078255483599, 56.5308163525146], [9.072871019470492, 56.51673332895109], [9.062011223131023, 56.51812179606299], [9.056308590350028, 56.52233678550983], [9.059978110574322, 56.535923927961946], [9.05283742257029, 56.542866263521425], [9.046589320566762, 56.5575443444186], [9.046192615677647, 56.566470204423645], [9.058688819684706, 56.59096673132637], [9.07802818302896, 56.60237199688838], [9.10510329171092, 56.60981021355924], [9.101929652598017, 56.63043886779312], [9.122756659276446, 56.629546281792614], [9.125930298389349, 56.6420424857997], [9.150129296625238, 56.662076082699905], [9.18146898286516, 56.67001018048216], [9.136839682839955, 56.70472185827956], [9.123748421499227, 56.72197852095598], [9.113830799271405, 56.74121870807795], [9.117202790828864, 56.75054127297211], [9.11125221749217, 56.75430996941867], [9.081499350808699, 56.76561605875839], [9.075449601249726, 56.77077322231687], [9.034688173893372, 56.76849216920447], [9.04430826745436, 56.759169604310316], [9.04381238634297, 56.756491846308805], [9.036473345894379, 56.75450832186324], [9.02516725655466, 56.759764661643985], [8.963578822519876, 56.774740271208], [8.935412775392859, 56.76393006297971], [8.914486592492151, 56.74855774852658], [8.890287594256263, 56.74151623674485], [8.86797294424366, 56.741813765411685], [8.875014456025413, 56.73368131518487], [8.874221046247188, 56.73011097118285], [8.841790421562203, 56.702936686278626], [8.838715958671578, 56.69490341227409], [8.82959174622198, 56.68518414249082], [8.862419075796076, 56.68657260960271], [8.877493861582368, 56.680423683821466], [8.88929583203348, 56.68835778160373], [8.896238167592955, 56.6807212124883], [8.903973912930658, 56.68508496626854], [8.922817395163523, 56.67853933559818], [8.92351162871947, 56.67278711470605], [8.918354465161002, 56.66951429937086], [8.901891212262816, 56.66634066025796], [8.88929583203348, 56.66941512314858], [8.883345258696785, 56.675663225152114], [8.840005249561194, 56.66356372603418], [8.831476094445266, 56.66961347559315], [8.8185831855491, 56.671894528705565], [8.792003957978535, 56.65805944569776], [8.770879422633273, 56.62800905034744], [8.730117995276919, 56.60361169966699], [8.720696254160488, 56.60351252344473], [8.708398402597986, 56.598454536108534], [8.703836296373188, 56.59230561032729], [8.698381604147885, 56.59488419210652], [8.699075837703832, 56.599347122109045], [8.707406640375204, 56.60460346188979], [8.704530529929135, 56.608074629669524], [8.687373043474995, 56.61035568278195], [8.679141417025903, 56.60668616255766], [8.677157892580338, 56.60311581855564], [8.679438945692738, 56.592999843883256], [8.69500961259042, 56.5873467992134], [8.701257714593952, 56.56860249320281], [8.718018496158972, 56.55749475630765], [8.753027702623191, 56.54380843763325], [8.764928849296577, 56.5310147049594], [8.737556211947783, 56.51028687450323], [8.744300195062708, 56.47577354915043], [8.74311008039537, 56.464963340922104], [8.738647150392849, 56.45851688647402], [8.72783694216452, 56.454748190027445], [8.659206996347983, 56.44701244468974], [8.63798328478044, 56.449789378913536], [8.62518955210655, 56.45603748091709], [8.612594171877214, 56.46764109892364], [8.610808999876205, 56.482021651153985], [8.598610324535983, 56.47894718826336], [8.553881848288501, 56.48023647915299], [8.546840336506746, 56.46813698003505], [8.529087792718943, 56.4679386275905], [8.527600149384769, 56.47210402892618], [8.545650221839407, 56.47617025403959], [8.546146102950798, 56.48281506093223], [8.557055487401405, 56.489658220269426], [8.575998145856548, 56.489757396491704], [8.585221534528424, 56.48668293360108], [8.601089730092943, 56.503047010276994], [8.613585934100001, 56.498881608941346], [8.62890866044199, 56.50076595716462], [8.634958410000962, 56.50612147316764], [8.635355114890075, 56.51579115483977], [8.631784770888059, 56.523874016955446], [8.633421178555654, 56.53592392796226], [8.65157042723257, 56.55149459485996], [8.64036351411513, 56.55843693041943], [8.645024796562208, 56.56141221708778], [8.644727267895373, 56.56537926597891], [8.631536830332367, 56.55893281153082], [8.613288405433172, 56.54028768174252], [8.613784286544563, 56.53433710840582], [8.622710146549604, 56.525708777067614], [8.62360273255011, 56.51569197861752], [8.628264014997185, 56.514402687727895], [8.629553305886803, 56.50934470039171], [8.623206027661002, 56.500121311719845], [8.601139318204094, 56.504931358500336], [8.584229772305655, 56.52407236940006], [8.575898969634283, 56.52784106584663], [8.574212973855552, 56.529923766514464], [8.577485789190733, 56.53637022096255], [8.567617755074052, 56.54718042919089], [8.564146587294317, 56.564437091867305], [8.55165038328726, 56.54718042919089], [8.519219758602274, 56.52932870918084], [8.506822730817495, 56.53071717629274], [8.483813847248944, 56.5432133802998], [8.38850549763956, 56.57266871831644], [8.310305046373175, 56.57390842109494], [8.302966005924585, 56.56974301975925], [8.29989154303396, 56.55893281153094], [8.301379186368134, 56.55010612774818], [8.298106371032953, 56.54911436552539], [8.292850031252206, 56.550899537526405], [8.290965683028919, 56.555263291306645], [8.294436850808657, 56.56528008975675], [8.287792043916015, 56.566966085535476], [8.279262888800087, 56.5768837077633], [8.277775245465914, 56.58561121532379], [8.301974243701803, 56.58809062088074], [8.300684952812187, 56.59215684599415], [8.289180511027912, 56.59731400955262], [8.255411007342172, 56.59761153821944], [8.22749290077085, 56.60440510944551], [8.223228323212886, 56.61075238767132], [8.224517614102503, 56.623248591678376], [8.218666216988087, 56.630587632126975], [8.181673486078306, 56.63901761102067], [8.179689961632741, 56.646158299024705], [8.189210878971453, 56.657464388364424], [8.206070836758753, 56.65766274080898], [8.206665894092422, 56.662819904367446], [8.199128501199276, 56.66996059237148], [8.220352212766816, 56.6862254928251], [8.214401639430122, 56.69019254171623], [8.219162098099478, 56.69376288571824], [8.213013172318227, 56.70943272883821], [8.20547577942508, 56.71101954839466], [8.192384518084355, 56.703878860390624], [8.157871192731529, 56.65587756880796], [8.112646835372653, 56.53825456918599], [8.110266606037975, 56.51048522694808], [8.121374342933137, 56.48509611404485], [8.12454798204604, 56.46605427936743], [8.121175990488581, 56.37144016331399], [8.128713383381726, 56.3722335730922], [8.133672194495638, 56.391374583991905], [8.125043863157432, 56.40000291533011], [8.129308440715395, 56.40625101733364], [8.125043863157432, 56.41210241444806], [8.12960596938223, 56.42221838912044], [8.127622444936664, 56.43233436379284], [8.13396972316247, 56.43530965046119], [8.147259336947755, 56.4325327162374], [8.162532475178603, 56.43372283090474], [8.16669787651429, 56.415871110894656], [8.162929180067716, 56.41091229978075], [8.166896228958846, 56.40119302999748], [8.1885166454155, 56.37501050731602], [8.251592722784459, 56.34267905885332], [8.258733410788492, 56.329587797512595], [8.252386132562684, 56.324232281509566], [8.295924494142831, 56.3080665572782], [8.293643441030431, 56.30191763149695], [8.279362065022365, 56.28952060371217], [8.255857300342424, 56.27999968637346], [8.246435559225992, 56.28247909193041], [8.23919569499968, 56.29041318971267], [8.24484873966954, 56.29517364838203], [8.238402285221454, 56.30707479505542], [8.23810475655462, 56.31411630683717], [8.208153537426593, 56.31629818372733], [8.19149193208385, 56.321653699730355], [8.170863277849977, 56.32066193750757], [8.165111056957837, 56.33295978907006], [8.142102173389286, 56.326314982177415], [8.132184551161462, 56.328893563956655], [8.12732491626983, 56.34000130085181], [8.138631005609549, 56.36201842219758], [8.134862309162974, 56.36846487664567], [8.122068576489083, 56.3687624053125], [8.123754572267812, 56.31808335572833], [8.128019149825777, 56.3081657335005], [8.12682903515844, 56.28882637015627], [8.139226062943223, 56.22327088723038], [8.135060661607536, 56.190146028989446], [8.113489833262017, 56.09964772616057], [8.107638436147601, 56.03716670612529], [8.120531345043773, 56.00642207721904], [8.121324754821996, 55.99799209832539], [8.125688508602238, 55.99313246343376], [8.14582128172472, 55.996107750102105], [8.141556704166756, 56.02566226434102], [8.13124237704982, 56.024968030785075], [8.13064731971615, 56.033199657234164], [8.136697069275122, 56.0357782390134], [8.133027549050828, 56.04510080390755], [8.140366589499418, 56.049167029020964], [8.136002835719175, 56.06523357703004], [8.140465765721697, 56.066721220364215], [8.140366589499417, 56.08001083414949], [8.145424576835607, 56.084077059262896], [8.145226224391054, 56.089135046599125], [8.151970207505975, 56.09250703815658], [8.14324269994549, 56.10440818482997], [8.144234462168273, 56.11095381550034], [8.176169205741864, 56.09885431638239], [8.236071643997919, 56.09032516126646], [8.269394854683409, 56.06999403569942], [8.272568493796314, 56.062059937917155], [8.28228776357958, 56.061564056805764], [8.30777605270509, 56.0492662052433], [8.317693674932915, 56.0301251943436], [8.309660400928378, 56.01991004344894], [8.319677199378479, 56.00533113877405], [8.317594498710635, 55.994719282990275], [8.334156927831101, 55.96913181764249], [8.353397114953077, 55.95961090030381], [8.374918355187454, 55.938833481736516], [8.38161275019124, 55.93739542651347], [8.388356733306159, 55.91736182961326], [8.383001217303134, 55.91408901427808], [8.38389380330364, 55.909130203164224], [8.380720164190736, 55.90476644938398], [8.388257557083886, 55.893857064933385], [8.38627403263832, 55.88711308181846], [8.380521811746183, 55.88255097559367], [8.358901395289527, 55.87481523025596], [8.332818048830346, 55.85607092424536], [8.319925139934176, 55.8526989326879], [8.284717581025403, 55.83345874556592], [8.274799958797578, 55.8293925204525], [8.251691899006747, 55.83524391756692], [8.253873775896867, 55.83127686867579], [8.250501784339408, 55.82750817222922], [8.238402285221472, 55.82592135267273], [8.230765716106047, 55.826218881339564], [8.238203932776916, 55.83266533578765], [8.23403853144123, 55.848136826463055], [8.265973275014822, 55.84744259290711], [8.270337028795064, 55.852798108910136], [8.271824672129238, 55.865691017806306], [8.26557657012571, 55.87402182047768], [8.26051858278952, 55.871740767365274], [8.261113640123188, 55.86549266536175], [8.257344943676616, 55.86370749336074], [8.2423693341126, 55.86489760802808], [8.240683338333872, 55.87253417714351], [8.232253359440222, 55.87878227914703], [8.245939678114619, 55.88840237270802], [8.219955507877721, 55.888204020263466], [8.22164150365645, 55.87253417714351], [8.209641180760784, 55.8702531240311], [8.209938709427615, 55.866980308695936], [8.221244798767334, 55.85944291580279], [8.220649741433665, 55.85547586691166], [8.199227677421565, 55.835442270011455], [8.200814496978017, 55.828499934451976], [8.19833509142106, 55.82294606600442], [8.19273163486234, 55.82195430378164], [8.18658270908109, 55.81828478355734], [8.180681723855535, 55.83618609167856], [8.199525206088397, 55.852302227798766], [8.199227677421563, 55.858847858469126], [8.190202641194244, 55.85954209202507], [8.177508084742627, 55.90645244516269], [8.183359481857043, 55.910617846498376], [8.176516322519849, 55.93372590628921], [8.183458658079324, 55.94255259007197], [8.16451599962418, 55.949098220742336], [8.159953893399381, 55.96466888764002], [8.150730504727509, 55.9683384078643], [8.145275812502208, 55.98648765654126], [8.134366428051601, 55.98787612365315], [8.13218455116148, 55.98331401742835], [8.14111041116652, 55.972305456755464], [8.153904143840414, 55.935808606957075], [8.160747303177615, 55.903377982272104], [8.163325884956848, 55.86965806669749], [8.178202318298585, 55.80430093621619], [8.190771527024674, 55.80899389995502], [8.188892688591515, 55.8182172886269], [8.194016793409224, 55.82146255501144], [8.220662138461309, 55.81736327115728], [8.235009631950895, 55.81309318380919], [8.230910348096726, 55.802332563692], [8.24935712544048, 55.798404083331754], [8.283688627719128, 55.78491060731179], [8.33168440951167, 55.78593542827531], [8.353034846252124, 55.80386979513729], [8.36174582444223, 55.80352818814944], [8.384633492627994, 55.78610623176923], [8.42579713466359, 55.781494537433296], [8.42255186827904, 55.77534561165204], [8.444073108513416, 55.76817186490725], [8.452100872727826, 55.75775285177793], [8.466789973205257, 55.75433678189946], [8.463971715555518, 55.759887895451975], [8.466106759229563, 55.76099811816248], [8.50176198858612, 55.759802493705], [8.509747051927048, 55.762919657469105], [8.514230643642543, 55.76812916403378], [8.509063837951354, 55.778377373669194], [8.514743054124315, 55.78896719029248], [8.547537324957652, 55.80160664884283], [8.534556259419455, 55.81663735630811], [8.539680364237165, 55.82176146112582], [8.558127141580917, 55.82654395895568], [8.571108207119114, 55.827397976425296], [8.586309718078317, 55.81458771438102], [8.59587471373804, 55.81270887594786], [8.623886486741515, 55.82039503317442], [8.650361028299677, 55.81954101570481], [8.676152355882147, 55.822957085583305], [8.690670652865656, 55.81433150914016], [8.70646997605359, 55.81125704624954], [8.70416412888562, 55.79844678420526], [8.718426220628244, 55.79537232131464], [8.722610906229376, 55.787856967581995], [8.729870054721129, 55.78307446975214], [8.745413172668181, 55.778548177163145], [8.820908316982424, 55.788369378063784], [8.821164522223311, 55.791529242701365], [8.794262971930339, 55.807456668509744], [8.794604578918188, 55.81031762703297], [8.822018539692928, 55.81996802443966], [8.83653683667644, 55.84857760967188], [8.851738347635642, 55.850627251598965], [8.860620129319672, 55.861387871716154], [8.877188068230263, 55.86394992412501], [8.957807317362215, 55.85301850051389], [8.963614636155619, 55.84789439569619], [8.965322671094855, 55.840379041963544], [8.95849053133791, 55.82568994148611], [8.956440889410827, 55.81065923402083], [8.959515352301452, 55.80758477113021], [8.982061413499371, 55.805193522215276], [9.006657116624375, 55.79631174053124], [9.0220294310775, 55.80391249601084], [9.039707592698596, 55.801521247095934], [9.052944863477677, 55.813392089923624], [9.065925929015872, 55.8085241903468], [9.078821592807106, 55.828764404376734], [9.092571274067959, 55.83807319479557], [9.112640684603985, 55.831668063773435], [9.130831256706852, 55.84311189786632], [9.14628897290694, 55.84524694154037], [9.175496370367878, 55.87026965340018], [9.1897584621105, 55.8758207669527], [9.192320514519356, 55.88939964471963], [9.21512278095816, 55.91066467971312], [9.246636025587069, 55.911262491941855], [9.283700383768494, 55.894267544296426], [9.323668401346623, 55.88897263598479], [9.346299864291503, 55.89170549188759], [9.379179536871803, 55.88111567526433], [9.405654078429965, 55.84900461840669], [9.42563808721903, 55.8411476576862], [9.453052047993772, 55.81774757901868], [9.436996519564952, 55.80997602004515], [9.449550576368338, 55.80476651348048], [9.441010401672155, 55.793237277640635], [9.446134506489866, 55.78990660950913], [9.473890074252456, 55.78896719029255], [9.485248506598376, 55.78213505053561], [9.495496716233793, 55.782903666258264], [9.50326827520732, 55.76035760506036], [9.519494607130063, 55.742423238198384], [9.533158886643955, 55.737982347356365], [9.533671297125725, 55.732345832056886], [9.553313698926942, 55.7338830635022], [9.55553414434795, 55.7309794041055], [9.56356190856236, 55.73063779711765], [9.579788240485104, 55.73866556133206], [9.588840825663057, 55.73132101109334], [9.580129847472952, 55.72107280145793], [9.586961987229895, 55.71184941278609], [9.592086092047605, 55.709799770859], [9.624197148905246, 55.71509467917062], [9.642814729742922, 55.71287423374961], [9.648963655524172, 55.715436286158464], [9.669460074795008, 55.70945816387113], [9.674413376118794, 55.706042093992664], [9.675950607564106, 55.686570495685366], [9.663311149013758, 55.6706857707505], [9.707797194495825, 55.66143758802443], [9.72480591661654, 55.64879261968397], [9.743252693960292, 55.64066016945715], [9.805237832884194, 55.63897417367842], [9.81218016844367, 55.631833485674385], [9.835089875789942, 55.6308417234516], [9.850065485353957, 55.639172526123], [9.888446683375635, 55.64968520568449], [9.984449266540972, 55.658313537022735], [9.996747118103473, 55.662974819469795], [10.017375772337346, 55.66218140969157], [10.021739526117589, 55.66595010613814], [10.015094719224946, 55.67685949058875], [9.993771831435126, 55.680628187035325], [9.992581716767788, 55.68519029326012], [9.996251236992082, 55.69034745681859], [10.010830141666982, 55.69550462037706], [10.02947527145529, 55.696198853933005], [10.050004749466883, 55.70780247193957], [10.07658397703745, 55.70869505794008], [10.074005395258215, 55.71514151238817], [10.025012341452767, 55.71851350394563], [10.014003780779882, 55.72585254439422], [10.012218608778873, 55.73249735128687], [10.016086481447726, 55.73983639173545], [10.061261250695466, 55.7687958486407], [10.048566694243851, 55.7779200610903], [10.047971636910182, 55.783573105760155], [10.017028655559377, 55.780101937980405], [10.018218770226715, 55.79170555598696], [10.015838540892037, 55.79358990421024], [10.008301147998893, 55.786945097317606], [9.994614829324496, 55.783176400871035], [9.98142439176149, 55.786449216206215], [9.971308417089112, 55.785060749094335], [9.963671847973687, 55.78902779798547], [9.889388857487289, 55.79795365799054], [9.864594801917729, 55.80678034177331], [9.871834666144041, 55.81659878777886], [9.891967439266523, 55.82026830800315], [9.91180268372217, 55.81441691088873], [9.928365112842636, 55.81719384511253], [9.961093266194453, 55.816003730445196], [9.964316493418494, 55.8186814884467], [9.959456858526861, 55.824880002339086], [9.963622259862547, 55.83524391756719], [9.995110710435887, 55.83777291123529], [10.00334233688498, 55.83420256723328], [10.037161428681861, 55.834698448344675], [10.082187433596182, 55.843822660794274], [10.107774898943967, 55.84233501746012], [10.110551833167758, 55.83440091967786], [10.116998287615843, 55.831425633009516], [10.124138975619877, 55.83400421478875], [10.128006848288727, 55.84134325523734], [10.134850007625928, 55.84054984545912], [10.141990695629962, 55.83539268190065], [10.13762694184972, 55.822846889782454], [10.154387723414741, 55.809953980886306], [10.175016377648614, 55.80350752643822], [10.193463154992365, 55.802614940437714], [10.196735970327547, 55.805590227106066], [10.190190339657184, 55.81283009133237], [10.199909609440448, 55.819970779336394], [10.201198900330066, 55.825723000228535], [10.191876335435913, 55.834252155344466], [10.190587044546294, 55.843574720238614], [10.194454917215145, 55.84893023624164], [10.211314875002447, 55.854087399800136], [10.231844353014042, 55.87015394780921], [10.255844998805372, 55.87719545959099], [10.254258179248922, 55.883939442705916], [10.259216990362832, 55.912303842277495], [10.264770858810413, 55.92222146450531], [10.251927538025381, 55.93813924818096], [10.251183716358293, 55.95519755841284], [10.278060472595694, 55.98485124887403], [10.26467168258813, 55.990900998433], [10.27032472725799, 56.00141367799449], [10.269531317479764, 56.01192635755598], [10.25822522814005, 56.0200092196717], [10.252671359692469, 56.04262139835114], [10.2452331430216, 56.05640689324781], [10.235811401905169, 56.069597330810815], [10.209628879223718, 56.092705390601644], [10.210223936557389, 56.09558150104772], [10.233431172570496, 56.10262301282947], [10.22867071390114, 56.1043090086082], [10.228968242567975, 56.10678841416516], [10.221530025897108, 56.1052015946087], [10.227183070566966, 56.115218393058804], [10.219348149006986, 56.11789615106032], [10.228720302012277, 56.12523519150891], [10.22078620423002, 56.12880553551093], [10.24453890946566, 56.14809531074406], [10.2625889819203, 56.15781458052733], [10.279448939707601, 56.16237668675213], [10.305730638611331, 56.1897493241009], [10.33617773885075, 56.198675184105966], [10.347285475745913, 56.21136974055758], [10.356012983306398, 56.2149400845596], [10.347880533079582, 56.21732031389428], [10.346492065967686, 56.229221460567665], [10.361765204198536, 56.23775061568359], [10.379616924208618, 56.23775061568359], [10.388344431769102, 56.244296246353954], [10.389137841547328, 56.24786659035597], [10.38388150176658, 56.251436934358], [10.383088091988355, 56.255899864360515], [10.38844360799138, 56.26026361814076], [10.422560228455094, 56.26423066703189], [10.427122334679892, 56.267106777477956], [10.443387235133521, 56.26512325303241], [10.457073553807916, 56.26760265858936], [10.458164492252978, 56.263536433475956], [10.4535032098059, 56.25748668391698], [10.458957902031203, 56.25431304480408], [10.471801222816234, 56.2547097496932], [10.467685409591686, 56.25054434835751], [10.469470581592695, 56.24667647568866], [10.473040925594711, 56.246329358910685], [10.478396441597736, 56.256445333583066], [10.486033010713157, 56.258032153139524], [10.504578964279188, 56.251635286802575], [10.504777316723745, 56.2458334777993], [10.511322947394108, 56.24161848835247], [10.509240246726266, 56.238692789795266], [10.490198412048844, 56.237651439461345], [10.484892484156958, 56.233833154903635], [10.485239600934934, 56.22649411445507], [10.460792662143346, 56.21146891677993], [10.448891515469956, 56.19961735821766], [10.470908636815725, 56.20130335399639], [10.469817698370665, 56.195947837993366], [10.479388203820518, 56.1816664619853], [10.47700797448584, 56.177996941760995], [10.461635660032712, 56.169914079645345], [10.442445061021873, 56.17194719220206], [10.428461213680638, 56.17705476764939], [10.426477689235073, 56.18052593542913], [10.441453298799086, 56.19084026254606], [10.42151887812116, 56.19103861499062], [10.41457654256169, 56.189699735989876], [10.403865510555638, 56.17730270820512], [10.37217870753774, 56.16708755731048], [10.348277237968688, 56.16748426219959], [10.344310189077557, 56.16222792241884], [10.345797832411732, 56.159550164417325], [10.367319072646108, 56.15697158263809], [10.374558936872424, 56.15022759952317], [10.376839989984825, 56.13792974796069], [10.380807038875956, 56.13297093684678], [10.396675234440472, 56.13039235506755], [10.422461052232814, 56.132772584402225], [10.443188882688967, 56.15191359530194], [10.477999736708627, 56.15290535752472], [10.49684321894149, 56.144574554853335], [10.525405970957626, 56.14735148907716], [10.530166429626982, 56.143781145075145], [10.517471873175367, 56.12156567128482], [10.490495940715686, 56.11938379439469], [10.482462666711148, 56.1120447539461], [10.508992306170585, 56.07123373847865], [10.51771981373107, 56.07093620981181], [10.54747268041454, 56.080457127150524], [10.557886183753755, 56.09027557315606], [10.559671355754764, 56.09801131849376], [10.554117487307183, 56.1229045502856], [10.536464119741657, 56.13510322562582], [10.53408389040698, 56.14626055063215], [10.545637920302386, 56.160293986084504], [10.579258659654709, 56.184889689209506], [10.582829003656725, 56.19550154499328], [10.601474133445036, 56.208146513333745], [10.611738872450832, 56.21102262377981], [10.669806550594739, 56.20908868744539], [10.678335705710667, 56.198576007883894], [10.67873241059978, 56.19331966810315], [10.667029616370948, 56.17189760409105], [10.656616113031735, 56.168922317422705], [10.640747917467216, 56.1712033705351], [10.63777263079887, 56.16882314120043], [10.63777263079887, 56.16178162941867], [10.651756478140102, 56.149682130300725], [10.67050078415069, 56.143929909408584], [10.665641149259056, 56.14026038918429], [10.66712879259323, 56.13857439340556], [10.68051758260079, 56.14026038918429], [10.684385455269638, 56.1283592425109], [10.716419375065513, 56.128855123622294], [10.737841439077611, 56.159798104973106], [10.737841439077611, 56.20184882321909], [10.750734347973781, 56.219105485895504], [10.757478331088702, 56.226047821454976], [10.79635541022177, 56.240130845018484], [10.8140087777873, 56.25024681969086], [10.842373177358876, 56.2883304890457], [10.86181171692541, 56.29428106238239], [10.871332634264121, 56.302413512609206], [10.875498035599806, 56.311537725058805], [10.889481882941043, 56.319075117951954], [10.918044634957175, 56.34565434552252], [10.917449577623508, 56.384134719766486], [10.923796855849314, 56.39801939088544], [10.923796855849314, 56.40496172644491], [10.931532601187016, 56.41071394733705], [10.925879556517154, 56.41934227867526], [10.931532601187014, 56.420631569564875], [10.932722715854352, 56.42380520867778], [10.92895401940778, 56.42727637645751], [10.929350724296892, 56.431441777793204], [10.936714558801052, 56.43305339140521], [10.943805658693945, 56.44029325563152], [10.958830856369099, 56.444061952078094], [10.964087196149846, 56.449367879970005], [10.95714486059037, 56.45293822397202], [10.954764631255692, 56.46345090353351], [10.94365689436053, 56.465037723089964], [10.932350805020807, 56.47644298865197], [10.920052953458306, 56.47832733687525], [10.90349052433784, 56.488344135325356], [10.886035509216871, 56.49181530310509], [10.875919534544492, 56.50113786799925], [10.872150838097923, 56.519485469120745], [10.866894498317178, 56.52622945223566], [10.840513623191168, 56.53837853946476], [10.808777232062125, 56.54031247579922], [10.800347253168484, 56.544874582024], [10.781454182824483, 56.54467622957949], [10.740444814912426, 56.53629583879696], [10.717039226454762, 56.53570078146329], [10.66645935309286, 56.52568398301322], [10.637599072409893, 56.52350210612309], [10.588110137493057, 56.50882402522595], [10.539117083687609, 56.49969981277635], [10.497264717886193, 56.498311345664455], [10.47941299787611, 56.50406356655659], [10.425064428067635, 56.50346850922292], [10.399873667608965, 56.51259272167252], [10.365657870922972, 56.53153538012768], [10.351376494914906, 56.54452746524613], [10.342252282465308, 56.567040467703286], [10.33154125045926, 56.56991657814935], [10.320731042230932, 56.56793305370379], [10.308284426335012, 56.57432992004073], [10.300151976108198, 56.569271932704545], [10.303722320110214, 56.56143701114456], [10.300920591830849, 56.55543684969672], [10.272531398203705, 56.53941988979881], [10.264795652866004, 56.527221214458585], [10.253192034859454, 56.521766522233264], [10.251059746080474, 56.510361256671274], [10.236381665183295, 56.50262551133357], [10.229687270179515, 56.50242715888901], [10.228993036623569, 56.48105468298807], [10.233455966626089, 56.47282305653898], [10.230183151290907, 56.46419472520078], [10.233059261736976, 56.45070675897093], [10.221852348619535, 56.43741714518568], [10.229885622624073, 56.43890478851985], [10.242877707742522, 56.432755862738595], [10.274415746427001, 56.43255751029404], [10.254481325749076, 56.427896227846965], [10.217389418617016, 56.43295421518315], [10.213918250837278, 56.43642538296289], [10.227108688400282, 56.462707081866625], [10.224926811510162, 56.4819472689886], [10.220959762619032, 56.48383161721189], [10.218083652172963, 56.491269833882754], [10.220711822063336, 56.5117497237832], [10.229836034512934, 56.51323736711738], [10.236976722516967, 56.51908876423179], [10.243720705631887, 56.527320390680885], [10.245009996521505, 56.53664295557504], [10.257704552973118, 56.54745316380334], [10.283192842098623, 56.555585614030164], [10.280911788986224, 56.55880884125421], [10.293457581104422, 56.5727431004843], [10.349640911025046, 56.59714045116481], [10.36233546747666, 56.61281029428477], [10.363624758366276, 56.620546039622475], [10.354302193472122, 56.632843891184976], [10.356384894139966, 56.636116706520156], [10.367095926146016, 56.63790187852116], [10.366500868812343, 56.6464310336371], [10.358467594807808, 56.66299346275757], [10.359558533252867, 56.66943991720565], [10.35549230813946, 56.675489666764626], [10.346541654078717, 56.678192218819966], [10.318573959396256, 56.6744235223734], [10.286440863378107, 56.66153061347723], [10.258473168695645, 56.663514137922796], [10.211463639335761, 56.64288548368892], [10.200355902440599, 56.642092073910696], [10.183694297097858, 56.63078598457098], [10.167429396644229, 56.62741399301352], [10.155329897526284, 56.604008404555856], [10.142436988630113, 56.598652888552834], [10.124188563730918, 56.5992479458865], [10.11843634283878, 56.59428913477259], [10.124188563730918, 56.586355036990334], [10.11446929394765, 56.575048947650615], [10.099989565495028, 56.57385883298327], [10.082931255263171, 56.56790825964658], [10.047227815243005, 56.54886642496915], [9.985044323874552, 56.5371636307403], [9.956878276747533, 56.54033726985321], [9.943390310517692, 56.52605589384514], [9.880710938037849, 56.51415474717175], [9.87436365981204, 56.49868325649635], [9.840643744237441, 56.49749314182901], [9.833503056233408, 56.49431950271611], [9.810494172664857, 56.501063485831025], [9.785898469539855, 56.5034437151657], [9.768443454418886, 56.50146019072014], [9.7642780530832, 56.498286551607244], [9.748211505074124, 56.49888160894091], [9.734128481510616, 56.51236957517075], [9.698623393935007, 56.53319658184918], [9.670060641918875, 56.53101470495906], [9.645266586349315, 56.52317978339906], [9.637431664789334, 56.53002294273626], [9.640902832569072, 56.534585048961056], [9.642985533236915, 56.54856889630229], [9.651316335908287, 56.55402358852759], [9.672044166364438, 56.5558087605286], [9.675019453032785, 56.55987498564201], [9.670854051697098, 56.56870166942477], [9.662027367914336, 56.5726687183159], [9.59458753676514, 56.57296624698273], [9.567909132972293, 56.57971023009765], [9.567611604305458, 56.59399160610572], [9.53210651672985, 56.598950417219626], [9.539247204733885, 56.610256506559374], [9.533594160064025, 56.61571119878467], [9.52486665250354, 56.61729801834113], [9.528337820283278, 56.62701728812439], [9.516188733054202, 56.62776110979153], [9.51405644427522, 56.630587632126456], [9.497047722154502, 56.629000812570006], [9.493576554374766, 56.623694884678116], [9.480187764367203, 56.623199003566725], [9.462137691912565, 56.60683492689082], [9.454798651463975, 56.585611215323276], [9.421872145667598, 56.588884030658484], [9.421475440778485, 56.59800824310808], [9.407392417214975, 56.600586824887316], [9.39529291809703, 56.606934103113126], [9.393309393651466, 56.61169456178248], [9.395689622986144, 56.61645502045184], [9.364944994079892, 56.61526490578449], [9.356217486519407, 56.6230006511222], [9.32110910383291, 56.623595708455866]]], [[[9.992011453489727, 55.82733461384117], [9.990920515044666, 55.82455767961738], [9.993598273046178, 55.82326838872776], [10.002028251939828, 55.823070036283205], [10.007284591720575, 55.8244585033951], [10.007879649054244, 55.827632142508], [9.992011453489727, 55.82733461384117]]], [[[10.030987708845071, 55.806408430940444], [10.042839267407322, 55.80343314427211], [10.05310400641312, 55.80819360294146], [10.072740898424211, 55.80809442671918], [10.08860909398873, 55.81692111050194], [10.115188321559296, 55.82247497894952], [10.115188321559296, 55.82535108939559], [10.058360346193865, 55.82783049495254], [10.041004507295174, 55.81821040139155], [10.030987708845071, 55.806408430940444]]], [[[10.054194944858185, 55.790341882931386], [10.059649637083488, 55.78429213337242], [10.07928652909458, 55.77883744114711], [10.089204151322402, 55.78052343692584], [10.097634130216052, 55.786077305373425], [10.093567905102645, 55.79083776404278], [10.08087334865103, 55.79539987026758], [10.056872702859698, 55.793713874488844], [10.054194944858185, 55.790341882931386]]], [[[8.181549515800544, 56.33551357679488], [8.191020845028115, 56.334769755127795], [8.184971095469143, 56.337992982351835], [8.181549515800544, 56.33551357679488]]], [[[8.40127315935255, 56.66651658937496], [8.421258445047044, 56.66096035020101], [8.461920696181119, 56.6382489952993], [8.468565503073762, 56.62976942829451], [8.484780815416254, 56.62486020529174], [8.493012441865348, 56.616529402620365], [8.501839125648111, 56.5972892154984], [8.499954777424824, 56.59515692671941], [8.511657571653656, 56.588660884160184], [8.514037800988337, 56.5786440857101], [8.541955907559657, 56.565503236258266], [8.556435636012274, 56.56743717259254], [8.548997419341406, 56.57229680748418], [8.53521192444473, 56.57279268859557], [8.53025311333082, 56.57646220881986], [8.530550641997655, 56.58350372060162], [8.557625750679613, 56.5890575890492], [8.589957199142317, 56.58826417927097], [8.595114362700786, 56.59262793305122], [8.59263495714383, 56.59976862105525], [8.597197063368629, 56.605719194391945], [8.596800358479516, 56.62307503329063], [8.605131161150886, 56.62490979340278], [8.624470524495145, 56.61588475717547], [8.632801327166518, 56.60859530483804], [8.636470847390813, 56.62416597173572], [8.639743662725994, 56.625058557736224], [8.631214507610066, 56.63011654507242], [8.632007917388291, 56.634678651297214], [8.643809887839401, 56.64191851552353], [8.643413182950288, 56.64509215463643], [8.62199111893819, 56.646976502859715], [8.618817479825287, 56.649654260861226], [8.594717657811675, 56.65084437552857], [8.585196740472965, 56.642116867968085], [8.598288001813692, 56.639339933744296], [8.601362464704318, 56.62585196751445], [8.587626557918783, 56.62887684229394], [8.572254243465657, 56.64325739452429], [8.576617997245899, 56.65565442230907], [8.587130676807394, 56.66805145009385], [8.588023262807898, 56.672514380096366], [8.583957037694491, 56.67598554787611], [8.559857215680882, 56.67786989609943], [8.537344213223722, 56.67320861365235], [8.529509291663741, 56.666960511648824], [8.502285418648363, 56.65848094464404], [8.480565825969428, 56.66552245642579], [8.47253255196489, 56.67851454154424], [8.444019388059903, 56.67692772198781], [8.429539659607281, 56.6674068046491], [8.401472788702536, 56.67097714865111], [8.40127315935255, 56.66651658937496]]], [[[8.958322601789947, 56.807270015435286], [8.973694916280325, 56.80082356097158], [8.98172819030433, 56.787533947154095], [9.010588471057234, 56.771665751551126], [9.02734925266287, 56.775335271784314], [9.029134424668204, 56.78317019336328], [9.040341337812801, 56.79031088138462], [9.06555689238815, 56.78780668176606], [9.080582090099712, 56.79316219778206], [9.080135797098379, 56.79598872012384], [9.066399890279557, 56.80000535713584], [9.064614718274223, 56.80471622770547], [9.068532179063707, 56.8099229793877], [9.078896094316898, 56.81319579473081], [9.046019176551992, 56.81750996041037], [8.963603735639062, 56.81364208773212], [8.958322601789947, 56.807270015435286]]]]}}, {"type": "Feature", "properties": {"name": "Sj\u00e6lland", "country": "DNK"}, "geometry": {"type": "MultiPolygon", "coordinates": [[[[10.964018387965375, 54.828862284219625], [10.967968815143273, 54.84002653493977], [10.97466736557536, 54.842087627380415], [10.968312330550047, 54.84724035848202], [10.970201665287302, 54.84998848173621], [10.964018387965375, 54.85033199714298], [10.958865656863768, 54.84517926604138], [10.964018387965375, 54.828862284219625]]], [[[11.02447709955756, 54.84655332766849], [11.029372194104086, 54.853938908914124], [11.029458072955778, 54.862526794083465], [11.025078251519414, 54.865704311596126], [11.020440793527968, 54.86390085571056], [11.018465579939019, 54.859005761164035], [11.02447709955756, 54.84655332766849]]], [[[11.059215095067561, 54.85668703216829], [11.06342315880054, 54.851963695325146], [11.070636982342789, 54.85363833293317], [11.065527190667028, 54.85634351676151], [11.059215095067561, 54.85668703216829]]], [[[11.056123456406597, 54.86287030949021], [11.064281947317474, 54.865403735615175], [11.059043337364173, 54.872961074564195], [11.05608051698075, 54.871501134085406], [11.056123456406597, 54.86287030949021]]], [[[11.294265512152514, 54.98790991755587], [11.29916060669904, 54.984131248081354], [11.303712185838792, 54.98576294626353], [11.299074727847346, 54.98936985803466], [11.294265512152514, 54.98790991755587]]], [[[11.30811347698808, 54.985698537124755], [11.311042425154652, 54.978318018737], [11.315761368196076, 54.97696668504786], [11.320437411755305, 54.98001254828369], [11.319599773402077, 54.98565559769891], [11.30811347698808, 54.985698537124755]]], [[[11.349802107317629, 55.03769090209456], [11.378201564530569, 55.04858737057204], [11.380089141747138, 55.05270572086273], [11.367219297088706, 55.05322051464907], [11.34782873113667, 55.04386842753061], [11.349802107317629, 55.03769090209456]]], [[[11.35374885967955, 54.981406781455036], [11.36129916854583, 54.97205469433657], [11.373911616311092, 54.97445706533948], [11.372796229774028, 54.98029139491797], [11.364216333335074, 54.98449554417306], [11.35374885967955, 54.981406781455036]]], [[[11.368677879483338, 54.96561977200735], [11.382684560419928, 54.951033948061124], [11.41228520313432, 54.93970848476171], [11.440513062418484, 54.96240231084273], [11.46728233930802, 54.96064343207274], [11.47672022539087, 54.96484758132783], [11.472558975617979, 54.97256948812289], [11.457887352707367, 54.98110648507965], [11.445618100799658, 54.98363755452915], [11.431547070639777, 54.97900441045212], [11.41764763840867, 54.98475294106622], [11.414580325431743, 54.964161189612724], [11.389784424723166, 54.97205469433656], [11.368677879483338, 54.96561977200735]]], [[[11.477106320730623, 54.93254427123518], [11.478135908303297, 54.9282543230157], [11.488002789208096, 54.92344958100989], [11.512026499237168, 54.93194367848445], [11.503532401762603, 54.935461436024426], [11.483712840988618, 54.93048509608983], [11.477106320730623, 54.93254427123518]]], [[[11.4871447995642, 54.91795844728896], [11.477363717623792, 54.91238151460364], [11.483970237881787, 54.904917004701744], [11.512455494059115, 54.908949556028055], [11.525754333539494, 54.9061181902032], [11.52669812214778, 54.90946434981439], [11.516659643314203, 54.91160932392413], [11.504905185192836, 54.91915963279041], [11.4871447995642, 54.91795844728896]]], [[[11.54261383004204, 54.96847258757331], [11.571270684148148, 54.98897854006241], [11.560116818777507, 55.00236317850718], [11.552909705768785, 55.00588093604715], [11.520649295158316, 55.00828330705006], [11.511897800790583, 55.006996322584214], [11.50503388363942, 55.001161993005724], [11.505377079496979, 54.99507026653407], [11.52373805787634, 54.98751995766779], [11.531717361564567, 54.975679700582035], [11.54261383004204, 54.96847258757331]]], [[[11.300317554605977, 55.76940592014971], [11.304950698683012, 55.77043550772238], [11.304264306967895, 55.77798581658866], [11.291566060238242, 55.7867373109564], [11.298258379460627, 55.79188524881977], [11.29208085402458, 55.79617519703925], [11.282471370012951, 55.797033186683144], [11.276122246648125, 55.79085566124709], [11.300317554605977, 55.76940592014971]]], [[[11.210142843032566, 55.858808441043635], [11.217693151898844, 55.860352822402646], [11.214432791252042, 55.86618715198114], [11.17942681378111, 55.8763114297791], [11.157633876826164, 55.89312802679945], [11.138414908802908, 55.89638838744625], [11.111645631913369, 55.91028781967736], [11.084361561237495, 55.916293747184625], [11.080414808875576, 55.91337658239539], [11.079728417160458, 55.90788544867445], [11.08504795295261, 55.90153632530963], [11.122284703497673, 55.89398601644335], [11.132065785438082, 55.88214575935759], [11.14545042388285, 55.87270787327474], [11.208598461673553, 55.861210812046544], [11.210142843032566, 55.858808441043635]]], [[[11.773413044249923, 55.788410390762046], [11.791430826771727, 55.765587866234426], [11.81167938236766, 55.7551203925789], [11.833815515180161, 55.761812711801284], [11.84565577226592, 55.789268380405936], [11.844626184693244, 55.797161885129775], [11.827294793886557, 55.81226250286233], [11.820602474664172, 55.81380688422135], [11.824034433239754, 55.80213822506437], [11.81528293887202, 55.78823879283326], [11.792632012273181, 55.79372992655419], [11.773413044249923, 55.788410390762046]]], [[[11.810907191688155, 55.750744645395024], [11.809534408257923, 55.74345173342191], [11.819058093305161, 55.74448132099459], [11.81742791298176, 55.74808487749895], [11.810907191688155, 55.750744645395024]]], [[[11.761315390271, 55.736502017306364], [11.766034333312424, 55.734099646303456], [11.771611265997743, 55.73667361523515], [11.766120132276813, 55.73847539348733], [11.761315390271, 55.736502017306364]]], [[[12.22317121557992, 55.05397125558757], [12.229520338944747, 55.067527491961116], [12.23998781260027, 55.078423960438585], [12.210558767814657, 55.076622182186405], [12.184904877462184, 55.06469612613626], [12.191854593577737, 55.0594623893085], [12.213218535710734, 55.05851860070021], [12.22317121557992, 55.05397125558757]]], [[[12.237070647811024, 55.06306594581287], [12.241017400172955, 55.057060018305656], [12.260836960946941, 55.05688842037687], [12.287863634729646, 55.03629666892338], [12.287949433694036, 55.03054813830928], [12.273792604569762, 55.02059545844009], [12.283316289617, 55.010299582713344], [12.28151451136482, 55.00549484070753], [12.271476032531243, 55.005923835529444], [12.265126909166417, 55.001977083167525], [12.238271833312485, 54.997687134948045], [12.214076525354633, 54.98970783125982], [12.197517325227448, 55.00412205727727], [12.172549826590092, 55.00772561378164], [12.173579414162765, 55.00206288213192], [12.18730724846509, 54.99150960951201], [12.185505470212911, 54.98945043436666], [12.15358825546, 54.9915954084764], [12.126046787890957, 54.97949775449747], [12.124759803425116, 54.975551002135546], [12.143635575590816, 54.96319595126345], [12.124416607567559, 54.95530244653961], [12.115665113199826, 54.942432601881166], [12.127591169249973, 54.932651519940755], [12.108458000191105, 54.92921956136517], [12.111632561873519, 54.92553020589642], [12.138144441869887, 54.92553020589642], [12.146466941415673, 54.92278463903596], [12.142949183875702, 54.919181082531594], [12.130594133003608, 54.92364262867985], [12.1470675341664, 54.90605384098], [12.1864492588212, 54.902536083440026], [12.213218535710736, 54.90605384098], [12.232952297520331, 54.917465103243806], [12.248825105932397, 54.934195901299766], [12.268987862563936, 54.94509236977724], [12.291552990198387, 54.96396814194294], [12.323556003915689, 54.97778177520966], [12.362937728570492, 54.98747705818569], [12.445304734384445, 54.98112793482086], [12.459718960401888, 54.97872556381795], [12.466754475481832, 54.97400662077653], [12.494982334765995, 54.96971667255705], [12.500301870558147, 54.96576992019513], [12.541399574500737, 54.96594151812391], [12.554012022266, 54.97495040938481], [12.557529779805972, 54.98190012550037], [12.55435521812356, 54.99785873287682], [12.526556353661345, 55.0284031641995], [12.452082852571223, 55.044361771575964], [12.430461513545058, 55.04213099850183], [12.394940742287787, 55.04762213222276], [12.322011622556671, 55.04882331772421], [12.29215358294911, 55.05843280173583], [12.283916882367715, 55.068557079533804], [12.269159460492713, 55.078852955260544], [12.23947301881393, 55.06821388367624], [12.237070647811024, 55.06306594581287]]], [[[12.122185834493447, 55.00961319099825], [12.116265705950568, 55.00523744381438], [12.117810087309579, 55.00103329455929], [12.105969830223822, 54.99468417119447], [12.106141428152602, 54.98919303747354], [12.115493515271062, 54.99434097533691], [12.120813051063214, 54.99313978983545], [12.124931401353912, 55.00000370698662], [12.137801246012343, 55.009098397211915], [12.122185834493447, 55.00961319099825]]], [[[12.10820060329795, 54.98275811514432], [12.094901763817571, 54.98327290893066], [12.084605888090826, 54.97855396588923], [12.06890467760754, 54.97658058970828], [12.070020064144604, 54.97357762595464], [12.080487537800128, 54.97014566737906], [12.106827819867718, 54.977953373138504], [12.10820060329795, 54.98275811514432]]], [[[12.087523052880075, 54.93119293754622], [12.08460588809083, 54.938914844341284], [12.09026861974054, 54.94389118427588], [12.09026861974054, 54.94835273042413], [12.068990476571933, 54.961737368868896], [12.016996304151869, 54.956246235147965], [12.004126459493438, 54.9658557191596], [11.998463727843728, 54.97718118245902], [11.98851104797454, 54.975465203171225], [11.987996254188204, 54.97289123423954], [12.002582078134425, 54.96276695644158], [12.00189568641931, 54.951441493142156], [12.008931201499253, 54.94389118427588], [12.087523052880075, 54.93119293754622]]], [[[11.679720575136573, 55.20317565466106], [11.68383892542727, 55.19940050022792], [11.690617043614044, 55.201802871230825], [11.68761407986041, 55.2053206287708], [11.679720575136573, 55.20317565466106]]], [[[11.629442382004303, 55.096012748138506], [11.67508743105954, 55.08777604755711], [11.672513462127853, 55.0936103771356], [11.628584392360407, 55.09944470671409], [11.629442382004303, 55.096012748138506]]], [[[11.890957625463631, 55.016605806595976], [11.882506427471265, 55.01613391229184], [11.881905834720538, 55.012015562001146], [11.897649944686014, 54.99841642614539], [11.90498575614132, 54.99863092355636], [11.890957625463631, 55.016605806595976]]], [[[11.979030262409502, 54.594260404388486], [11.980746241697293, 54.60798823869081], [11.972852736973456, 54.63647349486814], [11.965988819822291, 54.6852073066414], [11.969077582540315, 54.71060380010071], [11.98692376713334, 54.73600029356001], [11.999622013862993, 54.74355060242629], [12.015409023310669, 54.74629616928676], [12.049728609066486, 54.78645008462106], [12.061740464081023, 54.79262761005711], [12.083876596893525, 54.81304776358184], [12.125231697729284, 54.8281483813144], [12.133382599346291, 54.834583303643605], [12.137758346530157, 54.84599456590742], [12.143592676108646, 54.84968392137617], [12.16195365448801, 54.85208629237908], [12.168388576817227, 54.85963660124538], [12.160838267950949, 54.8733644355477], [12.156719917660249, 54.87954196098375], [12.132009815916062, 54.89258340357096], [12.1210275484742, 54.9111159798791], [12.088080746148615, 54.91729350531515], [12.060281881686402, 54.91411894363274], [12.04775523288553, 54.917036108421975], [12.037545156123173, 54.915234330169795], [12.00871670408829, 54.917722500137096], [11.999793611791777, 54.921669252499015], [11.992586498783055, 54.92613079864727], [11.989669333993811, 54.93711306608913], [11.985207787845555, 54.94140301430861], [11.983835004415322, 54.95650363204117], [11.969420778397879, 54.96233796161966], [11.934757996784503, 54.95890600304408], [11.92223134798363, 54.939343839163264], [11.905757946820838, 54.939343839163264], [11.88070464921909, 54.96045038440309], [11.880189855432754, 54.96628471398158], [11.828796275763414, 54.98833504782968], [11.83325782191167, 54.978725563818045], [11.83154184262388, 54.97220484252444], [11.811979678743064, 54.95744742064944], [11.80683174087969, 54.95744742064944], [11.798595040298295, 54.967743296376185], [11.774571330269223, 54.981127934820954], [11.749689630596256, 54.98061314103463], [11.7378493735105, 54.97392082181225], [11.736819785937824, 54.97117525495178], [11.742654115516313, 54.968258090162536], [11.744026898946546, 54.96293855437039], [11.724293137136952, 54.963110152299166], [11.711080096620961, 54.95281427657242], [11.72446473506573, 54.94903912213928], [11.751748805741604, 54.949382317996836], [11.761701485610793, 54.9373704629823], [11.759299114607884, 54.93239412304771], [11.744370094804104, 54.92124025767707], [11.745056486519221, 54.91266036123811], [11.761529887682013, 54.90253608344015], [11.757239939462536, 54.89069582635439], [11.762559475254687, 54.88331711541689], [11.760843495966897, 54.87919876512619], [11.789157154215445, 54.87542361069305], [11.80889091602504, 54.86873129147067], [11.820216379324462, 54.85217209134348], [11.800568416479257, 54.83312472124901], [11.817556611428383, 54.82523121652516], [11.836089187736524, 54.821627660020795], [11.843982692460363, 54.81356255736818], [11.861828877053396, 54.80481106300045], [11.871609958993803, 54.791254826626904], [11.889799339444387, 54.77889977575481], [11.89100052494584, 54.77495302339289], [11.882592226435666, 54.76980508552952], [11.876157304106453, 54.759166013945226], [11.877101092714737, 54.75556245744087], [11.916654415298318, 54.74638196825118], [11.914595240152968, 54.73951805110001], [11.907388127144246, 54.73299732980641], [11.884737200545407, 54.71755351621629], [11.88568098915369, 54.70674284670322], [11.876414700999618, 54.696189574083306], [11.875213515498164, 54.68469251285511], [11.884737200545409, 54.67087887958837], [11.921373358339746, 54.63698828865453], [11.929438460992364, 54.62214506781514], [11.924891115879717, 54.60541426975918], [11.979030262409502, 54.594260404388486]]], [[[11.864059650127533, 54.75470446779699], [11.862515268768522, 54.75015712268434], [11.873240139317215, 54.74852694236095], [11.872982742424046, 54.75230209679408], [11.864059650127533, 54.75470446779699]]], [[[11.21610587105771, 55.190220011038356], [11.220567417205963, 55.19296557789881], [11.22125380892108, 55.19742712404707], [11.210614737336776, 55.19605434061683], [11.208555562191428, 55.19845671161974], [11.211644324909452, 55.20566382462846], [11.207525974618752, 55.209782174919155], [11.205123603615846, 55.22110763821858], [11.18384546044724, 55.24101299795695], [11.186247831450146, 55.24478815239009], [11.195170923746659, 55.24684732753544], [11.197573294749565, 55.2513088736837], [11.180756697729215, 55.258859182549976], [11.171147213717587, 55.25645681154707], [11.179383914298983, 55.24959289439591], [11.173892780578052, 55.24135619381451], [11.175608759865844, 55.20875258734648], [11.21610587105771, 55.190220011038356]]], [[[11.156046595985028, 55.15075248741917], [11.184531852162356, 55.173746609875565], [11.183159068732124, 55.179580939454056], [11.1611945338484, 55.180438929097946], [11.142318761682702, 55.16928506372731], [11.14043118446613, 55.16671109479562], [11.143519947184155, 55.16121996107469], [11.156046595985028, 55.15075248741917]]], [[[11.689716154487991, 55.186530655569655], [11.724550534030149, 55.18884722760819], [11.726009116424772, 55.19734132508275], [11.73390262114861, 55.2092673811329], [11.706103756686398, 55.21518750967578], [11.689716154487991, 55.186530655569655]]], [[[11.882334829542641, 55.74205750025122], [11.855222356795545, 55.73570837688639], [11.851275604433628, 55.73124683073814], [11.836518182558624, 55.703876961097855], [11.837376172202518, 55.69233700038746], [11.828453079906005, 55.69585475792743], [11.828024085084058, 55.689076639740655], [11.819100992787545, 55.68530148530751], [11.808118725345684, 55.6706298623969], [11.78280803085077, 55.669214179484484], [11.778818379006657, 55.664409437478675], [11.77246925564183, 55.66436653799648], [11.776416008003752, 55.67461951424101], [11.788256265089508, 55.67830886970976], [11.79198852004045, 55.68581627909382], [11.803571380233038, 55.68701746459528], [11.807646831041541, 55.69645535067813], [11.805587655896193, 55.70147459009492], [11.79044413868144, 55.70542134245684], [11.793361303470684, 55.71743319747137], [11.783408623601497, 55.72944505248591], [11.77551511887766, 55.73098943384492], [11.76680652399212, 55.725927294945926], [11.752563895903455, 55.72961665041468], [11.732186641860938, 55.725240903230805], [11.67495873261311, 55.722066341548384], [11.660759004006641, 55.72489770737324], [11.654710177017177, 55.73244801623952], [11.655568166661073, 55.73759595410289], [11.66011551177372, 55.73849684322899], [11.695078589762458, 55.7406418173387], [11.704559375327502, 55.7381965468536], [11.735404103025546, 55.74510336348696], [11.750976615062248, 55.744931765558185], [11.76826510638674, 55.75029420083253], [11.769037297066248, 55.75604273144663], [11.742825713445244, 55.766295707691164], [11.741023935193063, 55.77019956057089], [11.747330159075695, 55.774746905683536], [11.753850880369301, 55.7676684911214], [11.759384913572426, 55.76938447040919], [11.758312426517557, 55.774017614486226], [11.75106241402664, 55.77693477927547], [11.743555004642555, 55.79478096386849], [11.731714747556799, 55.80155908205526], [11.719874490471042, 55.796153747298725], [11.70430197843434, 55.79581055144115], [11.68731378348521, 55.79113450788192], [11.655653965625467, 55.776763181346695], [11.631158361292252, 55.77710637720425], [11.609408323819494, 55.785085680892486], [11.610523710356562, 55.788560538950264], [11.643556311646536, 55.799199610534565], [11.645701285756275, 55.80417595046916], [11.654195383230839, 55.80906649143937], [11.65033442983331, 55.813699635516386], [11.658313733521537, 55.81953396509488], [11.675130330541887, 55.82210793402656], [11.714168859339129, 55.81258424897933], [11.732272440825323, 55.82459610399386], [11.733902621148724, 55.83120262425186], [11.731157054288259, 55.83943932483325], [11.722662956813695, 55.8505073912395], [11.71399726141035, 55.854539942565815], [11.707819735974295, 55.86612280275838], [11.696837468532433, 55.87195713233687], [11.6954646851022, 55.87736246709341], [11.669982392678506, 55.88353999252946], [11.667751619604376, 55.896581435116666], [11.673585949182865, 55.916315196926256], [11.679935072547691, 55.91751638242771], [11.683538629052052, 55.911853650778], [11.693834504778797, 55.919403959644285], [11.709278318368915, 55.920605145145736], [11.707562339081125, 55.91339803213702], [11.71030790594159, 55.908421692202424], [11.720088987881997, 55.90275896055271], [11.741538728979384, 55.90361695019661], [11.74977542956078, 55.9077353004873], [11.746515068913977, 55.924895093365215], [11.754236975709036, 55.94411406138847], [11.77431393337619, 55.95543952468789], [11.788728159393633, 55.954066741257655], [11.789929344895086, 55.95887148326347], [11.778603881595666, 55.97791885335795], [11.74977542956078, 55.97345730720969], [11.709964710084032, 55.953208751613765], [11.637207188281696, 55.941711690385574], [11.60048523152297, 55.95320875161378], [11.589331366152331, 55.96590699834343], [11.523180364607997, 55.95449573607961], [11.499671448365262, 55.9578418956908], [11.484570830632704, 55.963847823198066], [11.41962101458982, 55.964276818020004], [11.385301428834003, 55.970196946562886], [11.345319111428473, 55.98255199743499], [11.3024196292337, 55.99044550215883], [11.285345635320182, 56.00966447018209], [11.279168109884134, 56.010522459825985], [11.284830841533848, 55.988901120799845], [11.293582335901583, 55.9777472554292], [11.339913776671935, 55.96985375070537], [11.370286610065834, 55.95749869983327], [11.469470212900145, 55.94994839096697], [11.523351962536774, 55.932102206373926], [11.527127116969915, 55.9224927223623], [11.5223223749641, 55.89846901233322], [11.52781350868503, 55.896409837187875], [11.52781350868503, 55.89023231175183], [11.517517632958285, 55.877534065022175], [11.510310519949563, 55.860717468001795], [11.492121139498979, 55.849735200559934], [11.462606295748976, 55.8524807674204], [11.44716248215886, 55.850421592275055], [11.418677225981531, 55.84115530412098], [11.41112691711525, 55.83497777868494], [11.401174237246064, 55.83429138696982], [11.385387227798388, 55.83875293311807], [11.36616825977513, 55.850078396417494], [11.354499600618151, 55.84630324198435], [11.354156404760595, 55.84355767512389], [11.36616825977513, 55.84355767512389], [11.375777743786758, 55.83223221182447], [11.377836918932108, 55.80065819292912], [11.384014444368155, 55.79448066749307], [11.375434547929201, 55.77766407047272], [11.363079497057106, 55.769770565748885], [11.357245167478617, 55.76084747345238], [11.349694858612338, 55.75810190659192], [11.309540943278032, 55.75501314387389], [11.304393005414658, 55.7467764432925], [11.297185892405935, 55.75338296355049], [11.289892980432825, 55.74480306711153], [11.268443239335438, 55.731161031773595], [11.254629606068722, 55.73133262970238], [11.221511205814355, 55.747205438114435], [11.216878061737319, 55.7433444847169], [11.219452030669006, 55.73793914996036], [11.212588113517842, 55.73219061934626], [11.19474192892482, 55.734335593456], [11.180327702907377, 55.754240953194376], [11.16625667274749, 55.750808994618794], [11.150812859157373, 55.7532113656217], [11.106883789389927, 55.74085631474961], [11.09487193437539, 55.73261961416821], [11.055404410756202, 55.72815806801996], [11.017309670567244, 55.73261961416821], [11.009759361700963, 55.737081160316464], [10.984534466170437, 55.74274389196617], [10.92601957245677, 55.74240069610862], [10.876084575182055, 55.73364920174088], [10.884836069549788, 55.72712848044728], [10.91658168637392, 55.71923497572344], [10.964285910574505, 55.723868119800485], [10.988138022674798, 55.72095095501125], [10.998090702543985, 55.71648940886299], [11.024859979433522, 55.6950396677656], [11.043049359884105, 55.68594497754031], [11.066901471984394, 55.67685028731501], [11.09796069709341, 55.67582069974234], [11.093499150945153, 55.66741240123216], [11.104138222529455, 55.66157807165368], [11.103795026671897, 55.659004102721994], [11.090238790298349, 55.661749669582456], [11.058664771402997, 55.6581461130781], [11.044036047974576, 55.66222156388659], [10.99899159167006, 55.665696421944354], [10.990240097302328, 55.66132067476049], [10.966387985202035, 55.662693458190724], [10.951973759184591, 55.66715500433898], [10.934985564235461, 55.6644952364429], [10.942364275172963, 55.65522894828884], [10.954032934329941, 55.65231178349959], [11.028334837491286, 55.65008101042546], [11.125974058966587, 55.61747740395743], [11.140045089126472, 55.603577971726324], [11.150684160710775, 55.58796256020743], [11.159435655078509, 55.56582642739492], [11.160636840579961, 55.558790912314976], [11.152056944141004, 55.54231751115216], [11.141761068414258, 55.53734117121757], [11.092340864925882, 55.53493880021466], [11.083932566415706, 55.51726421355041], [11.097317204860476, 55.511258286043144], [11.106755090943325, 55.51091509018559], [11.12288529624856, 55.51812220319431], [11.11876694595786, 55.524642924487914], [11.119624935601756, 55.528932872707394], [11.125116069322688, 55.52944766649373], [11.139187099482573, 55.5239565327728], [11.145707820776177, 55.514518646689936], [11.163554005369203, 55.507826327467555], [11.174707870739843, 55.49976122481494], [11.180027406531995, 55.491352926304764], [11.17693864381397, 55.48586179258383], [11.180199004460775, 55.47693870028732], [11.20164874555816, 55.45771973226406], [11.206453487563975, 55.4475954544661], [11.196586606659162, 55.4212551723985], [11.219323332222393, 55.40263679712598], [11.217092559148265, 55.3950864882597], [11.201820343486926, 55.38616339596319], [11.175565860383726, 55.381530251886154], [11.156175294431689, 55.370547984444286], [11.128204832040698, 55.369003603085275], [11.115334987382266, 55.37192076787452], [11.097488802789238, 55.354074583281495], [11.13300957404651, 55.33931716140649], [11.129920811328486, 55.33537040904457], [11.134897151263079, 55.33073726496754], [11.1592640571497, 55.32473133746027], [11.171447510093016, 55.313577472089634], [11.201133951771798, 55.30654195700969], [11.21194462128488, 55.30002123571608], [11.234938743741278, 55.296246081282945], [11.24025827953343, 55.29092654549079], [11.240944671248544, 55.28114546355037], [11.248237583221655, 55.27256556711141], [11.24720799564898, 55.25446198562521], [11.259820443414243, 55.25549157319789], [11.270974308784885, 55.24785546536722], [11.287276112018898, 55.260382114168095], [11.29414002917006, 55.25806554212958], [11.283329359656978, 55.24322232129018], [11.255873691052324, 55.247254872616494], [11.242489052607555, 55.254247488214254], [11.237126617333209, 55.2505581327455], [11.239099993514165, 55.244766702649194], [11.25021095940261, 55.23429922899367], [11.250253858884806, 55.23181105902638], [11.241716861928046, 55.2291512911303], [11.24193135933902, 55.22524743825058], [11.251412144904064, 55.213021085825055], [11.268786435192945, 55.20667196246022], [11.284573444640621, 55.209245931391905], [11.300017258230739, 55.2018672204544], [11.33347885434266, 55.202210416311964], [11.342745142496732, 55.203754797670975], [11.325756947547601, 55.204097993528535], [11.319236226253997, 55.20838794174801], [11.31872143246766, 55.21456546718406], [11.32404096825981, 55.21954180711865], [11.330561689553416, 55.21937020918987], [11.343088338354285, 55.209760725178256], [11.351496636864459, 55.2167962402582], [11.358188956086844, 55.216967838186974], [11.374833955178415, 55.20838794174802], [11.406064778216209, 55.21834062161721], [11.419449416660978, 55.21748263197331], [11.436266013681328, 55.22880809527273], [11.443301528761271, 55.229494486987846], [11.4455323018354, 55.225204538768374], [11.467325238790343, 55.22537613669715], [11.471271991152262, 55.220056600905004], [11.48843178403017, 55.21971340504744], [11.495982092896451, 55.21713943611576], [11.498556061828136, 55.21233469410994], [11.482254258594123, 55.21113350860849], [11.475905135229297, 55.20838794174802], [11.47539034144296, 55.20461278731488], [11.491348948819416, 55.20650036453145], [11.497869670113028, 55.210790312750916], [11.51417147334704, 55.21096191067969], [11.544201110883382, 55.20752995210411], [11.549177450817975, 55.20409799352853], [11.585556211719142, 55.20152402459684], [11.599284046021468, 55.203754797670975], [11.651364017405921, 55.190284360261806], [11.663375872420456, 55.17647072699509], [11.678991283939354, 55.1739825570278], [11.687571180378308, 55.17526954149364], [11.679763474618857, 55.183248845181865], [11.685769402126125, 55.192343535407154], [11.677704299473508, 55.194231112623726], [11.665864042387751, 55.187538793401345], [11.66037290866682, 55.19551809708957], [11.662689480705337, 55.20298260699146], [11.693491308921182, 55.22082879158449], [11.7220623640629, 55.22014239986937], [11.738964760047642, 55.21207729721674], [11.738878961083252, 55.208516640194574], [11.728625984838702, 55.19843526187881], [11.744884888590521, 55.19598999139368], [11.720174786846332, 55.18414973430792], [11.717944013772204, 55.17711421922798], [11.723263549564356, 55.17093669379193], [11.735275404578893, 55.16733313728757], [11.745914476163195, 55.17059349793438], [11.771997361337617, 55.17145148757827], [11.777488495058549, 55.16527396214222], [11.783151226708258, 55.164072776640765], [11.798423442369597, 55.16904911657536], [11.815926431105064, 55.165445560071], [11.820902771039657, 55.152232519555014], [11.82038797725332, 55.14571179826141], [11.782808030850697, 55.14794257133554], [11.762559475254765, 55.135587520463446], [11.742310919658832, 55.13816148939513], [11.738020971439354, 55.14227983968583], [11.730470662573076, 55.14296623140095], [11.723435147493133, 55.1367887059649], [11.724121539208252, 55.127522417810795], [11.752092001599243, 55.10916143943143], [11.756038753961162, 55.099551955419805], [11.767192619331803, 55.09285963619742], [11.784009216352153, 55.09183004862474], [11.77319854683907, 55.097664378203234], [11.773713340625408, 55.10126793470759], [11.778518082631223, 55.10143953263638], [11.78469560806727, 55.09680638855934], [11.798080246512038, 55.095605203057886], [11.809920503597796, 55.08959927555062], [11.834630605341983, 55.073297472316604], [11.835488594985879, 55.06334479244742], [11.829997461264949, 55.06059922558695], [11.778174886773664, 55.07552824539073], [11.721375972347786, 55.085824121117476], [11.686198396948074, 55.08874128590672], [11.689458757594876, 55.08445133768724], [11.79207431900477, 55.06214360694597], [11.821760760683553, 55.051332937432896], [11.838920553561461, 55.04017907206225], [11.853677975436462, 55.0370903093442], [11.865689830450998, 55.02851041290525], [11.889370344622511, 55.02301927918432], [11.901382199637048, 55.014439382745365], [11.918885188372515, 55.01512577446048], [11.925749105523678, 55.02336247504188], [11.947713640407402, 55.01890092889362], [11.980917839626153, 54.997880182618196], [12.027592476254062, 54.98320855970757], [12.052988969713367, 54.983380157636354], [12.077012679742438, 54.990415672716296], [12.103610358703197, 55.00225592980205], [12.122142935011338, 55.01512577446048], [12.17259272607239, 55.01546897031804], [12.17345071571628, 55.02688023258185], [12.158950690734446, 55.03872048966761], [12.154489144586194, 55.049187963323135], [12.14745362950625, 55.05244832396994], [12.14556605228968, 55.06085662248012], [12.1495128046516, 55.06600456034349], [12.131838217987353, 55.06823533341761], [12.134755382776598, 55.0740696629961], [12.128921053198109, 55.081105178076044], [12.125317496693748, 55.096720589594945], [12.106441724528048, 55.10650167153535], [12.1117612603202, 55.10667326946413], [12.124802702907411, 55.09929455852663], [12.137844145494622, 55.100324146099304], [12.156033525945205, 55.09414662066325], [12.17336491675189, 55.10547208396268], [12.174566102253342, 55.11525316590309], [12.188808730342007, 55.12623543334495], [12.189838317914681, 55.13275615463856], [12.170619349891425, 55.14288043243652], [12.138187341352177, 55.14854316408622], [12.119654765044036, 55.142022442792616], [12.112962445821651, 55.144081617937964], [12.12463110497863, 55.14888635994378], [12.10198017837979, 55.148714762015004], [12.105068941097814, 55.14339522622285], [12.097347034302755, 55.14099285521994], [12.09254229229694, 55.14768517444233], [12.07572569527659, 55.14785677237111], [12.069204973982984, 55.15437749366471], [12.059595489971356, 55.152146720590586], [12.067488994695195, 55.14528280343942], [12.063542242333275, 55.13979166971849], [12.053761160392867, 55.14270883450774], [12.037630955087632, 55.13944847386093], [12.043293686737343, 55.14785677237111], [12.039175336446645, 55.15832424602663], [12.019269976708271, 55.16192780253099], [12.016009616061467, 55.16553135903535], [12.022530337355073, 55.17754321404989], [12.042778892951006, 55.18595151256007], [12.075382499419032, 55.192558032818056], [12.092713890225719, 55.19178584213855], [12.09803342601787, 55.18826808459858], [12.087994947184294, 55.18097517262547], [12.08156002485508, 55.154205895735934], [12.08516358135944, 55.15128873094669], [12.099320410483715, 55.15000174648085], [12.113648837536768, 55.15798105016907], [12.109401788799483, 55.17492634563599], [12.111117768087276, 55.192815429711224], [12.11600830905748, 55.19907875411166], [12.136943256368529, 55.20757285158622], [12.154532044068386, 55.225933829965584], [12.191940392542227, 55.2397045637501], [12.209872376099641, 55.240004860125474], [12.248653508003715, 55.2537326944278], [12.26589909984601, 55.25639246232388], [12.30347904624863, 55.25175931824685], [12.333851879642529, 55.254161689249756], [12.346035332585844, 55.24987174103026], [12.356846002098925, 55.250043338959046], [12.361479146175961, 55.263427977403815], [12.368857857113461, 55.26720313183695], [12.40849697866143, 55.27080668834132], [12.430976307331491, 55.28539251228754], [12.44230177063091, 55.288138079148], [12.455343213218121, 55.30032153209132], [12.456372800790795, 55.30443988238201], [12.448479296066958, 55.3152505518951], [12.446763316779167, 55.32537482969306], [12.4555148111469, 55.34322101428609], [12.450109476390354, 55.34583788269995], [12.445819528170878, 55.359651515966675], [12.433936371602924, 55.36951839687147], [12.367077528602364, 55.40720559197956], [12.306760856636512, 55.410637550555144], [12.225595036323996, 55.434339514467744], [12.20626881959525, 55.44620122129461], [12.195329451635583, 55.4594571612928], [12.199061706586528, 55.46383290847667], [12.19575844645753, 55.47142611682514], [12.199362002961891, 55.47906222465581], [12.197903420567275, 55.48708442782623], [12.214591319141041, 55.51312441351846], [12.21188865176277, 55.51295281558968], [12.196916732476796, 55.49103118018815], [12.196616436101431, 55.49986847352027], [12.203823549110153, 55.51462589539528], [12.221669733703179, 55.52560816283714], [12.237799939008413, 55.551347852154], [12.251870969168298, 55.56164372788075], [12.287906534211903, 55.579318314545006], [12.357232097438647, 55.597850890853124], [12.359416858817072, 55.60098327248818], [12.355601669018114, 55.60694032322688], [12.347670090225535, 55.61062164671711], [12.312998716263039, 55.616310964838384], [12.275984681897672, 55.62859319866487], [12.246132495049656, 55.62042735383201], [12.241514107398281, 55.620762019603845], [12.237163452364378, 55.62718760242315], [12.23140720108875, 55.628057733429934], [12.226387214511169, 55.62390787785913], [12.21775283759773, 55.625045741483405], [12.213469115718194, 55.62337241262421], [12.209252326993026, 55.61299777369721], [12.15885166175411, 55.62062815329513], [12.163938581486061, 55.63836543920261], [12.15711139974055, 55.64572808618306], [12.157512998666757, 55.65590192564696], [12.161662854237557, 55.66232750846626], [12.150819683229981, 55.67624960457476], [12.16367084886859, 55.680533326454295], [12.166482041352035, 55.68628957772992], [12.178128410212024, 55.68829757236095], [12.181742800547882, 55.69217969531428], [12.204901671959124, 55.69164423007934], [12.232879730484843, 55.70248740108691], [12.247203425519539, 55.71212577531586], [12.20731126551636, 55.73354438471354], [12.221233361624853, 55.73916676968043], [12.223642955182092, 55.74291502632502], [12.219626965920027, 55.7496083417618], [12.211327254778425, 55.75442752887628], [12.185089458266267, 55.7496083417618], [12.156977533431812, 55.75335659840639], [12.14278770470585, 55.76272724001788], [12.113337116784038, 55.77156241639443], [12.103698742555082, 55.78253945371074], [12.095666764030952, 55.77932666230109], [12.085335179288304, 55.78449689962946], [12.084648787573187, 55.770414057981974], [12.09648904465895, 55.760032383290856], [12.092542292297031, 55.748706919991434], [12.096660642587729, 55.74167140491149], [12.116566002326103, 55.731718725042306], [12.099234611519416, 55.72296723067458], [12.1018085804511, 55.717476096953646], [12.110045281032498, 55.71507372595074], [12.106784920385694, 55.706322231583], [12.081903220712727, 55.699973108218174], [12.097175436374066, 55.694825170354804], [12.096145848801392, 55.69207960349434], [12.074352911846448, 55.69396718071091], [12.069376571911855, 55.685387284271954], [12.073666520131331, 55.68041094433736], [12.089625127507786, 55.67509140854521], [12.083619200000518, 55.658618007382415], [12.07195054084354, 55.65793161566727], [12.068518582267957, 55.66204996595797], [12.053932758321736, 55.66453813592526], [12.060367680650952, 55.672860635471054], [12.052130980069554, 55.679209758835874], [12.04548156032936, 55.67916685935368], [12.04402297793474, 55.67577780026029], [12.029437153988516, 55.67745088006589], [12.024932708358065, 55.674876911134206], [12.017082103116422, 55.67796567385223], [12.013264049201087, 55.675863599224684], [12.007215222211626, 55.68976303145579], [11.99404508117783, 55.690878417992856], [11.99035572570908, 55.683671304984145], [11.95268998034207, 55.682727516375856], [11.949772815552825, 55.67097305825449], [11.937246166751951, 55.66531032660478], [11.937160367787563, 55.65887540427556], [11.930553847529566, 55.65458545605609], [11.927379285847154, 55.6627363576731], [11.941750612382403, 55.6839716013595], [11.97898736292746, 55.72137994983334], [11.982376422020847, 55.7324480162396], [11.932269826817356, 55.75123798944091], [11.923861528307182, 55.748835618438], [11.920601167660378, 55.74343028368146], [11.91064848779119, 55.737595954102964], [11.882334829542641, 55.74205750025122]]], [[[11.393881325272984, 55.20251071268762], [11.433520446820953, 55.197191176895466], [11.467496836719212, 55.20027993961349], [11.46578085743142, 55.21366457805826], [11.432490859248277, 55.21709653663384], [11.420307406304962, 55.210575815340235], [11.425455344168336, 55.2059426712632], [11.418076633230836, 55.20371189818907], [11.404520396857286, 55.20765865055099], [11.393881325272984, 55.20251071268762]]], [[[12.023731522856638, 55.68710326355977], [12.050071804924222, 55.68736066045294], [12.040548119876982, 55.69156480970803], [12.041491908485266, 55.695511562069946], [12.036601367515063, 55.698514525823576], [12.001681189008519, 55.698771922716745], [11.998678225254885, 55.70005890718259], [12.000051008685118, 55.70666542744058], [11.994988869786134, 55.70838140672837], [11.982290623056487, 55.70048790200454], [11.994130880142245, 55.69199380452997], [12.003139771403147, 55.69456777346166], [12.023731522856638, 55.68710326355977]]], [[[11.600806977639497, 54.67559782263047], [11.604925327930196, 54.672337461983666], [11.60990166786479, 54.67276645680562], [11.60586911653848, 54.6761984153812], [11.600806977639497, 54.67559782263047]]], [[[11.022865153511535, 54.901592294832554], [11.025148756503565, 54.89284665942197], [11.037190402825178, 54.89310286466286], [11.033774332946706, 54.88806416159211], [11.035482367885942, 54.88481889520756], [11.041118883185423, 54.884904296954524], [11.047951022942367, 54.88994300002527], [11.051110887579956, 54.882256842798725], [11.065031372334731, 54.882256842798725], [11.061700704203222, 54.87841376418544], [11.063408739142458, 54.87508309605393], [11.080318285040898, 54.863212253226244], [11.085271586364684, 54.852024624374245], [11.09833805364984, 54.84783993877311], [11.11242934189854, 54.8509998034107], [11.115930813523974, 54.845875698593], [11.09739863443326, 54.82836834046582], [11.075279581970149, 54.834517266247076], [11.07579199245192, 54.82913695618848], [11.085015381123796, 54.82298803040723], [11.074681769741417, 54.81658289938509], [11.053929145229697, 54.814789462698876], [11.045218167039593, 54.826916510767454], [10.99944283066806, 54.83699391690895], [10.989536228020489, 54.83460266799402], [11.020451660420667, 54.825037672334304], [11.01310711018195, 54.81683910462597], [10.977409179951913, 54.81145879456737], [11.009007826327787, 54.779518541203664], [11.078183241366858, 54.76192578132953], [11.127033040629017, 54.75671627476486], [11.193304796271384, 54.74271038826312], [11.226953084574339, 54.73143735766416], [11.260345167636412, 54.7284482965205], [11.294420464674172, 54.7132467855613], [11.334046875264459, 54.6882240737015], [11.34497829887557, 54.68557661954568], [11.362058648267935, 54.67541381165723], [11.414751526143373, 54.65952908672233], [11.449040327548541, 54.6430465495587], [11.502160214158787, 54.62494137920281], [11.518898956563303, 54.622379326793954], [11.471073978264688, 54.63758083775316], [11.506088694519038, 54.6629451566008], [11.549472781975638, 54.66841086840636], [11.561514428297254, 54.67900068502961], [11.576288930521649, 54.68053791647492], [11.568602773295085, 54.68250215665504], [11.571335629197863, 54.685320414304776], [11.589697004794651, 54.684380995088226], [11.590380218770346, 54.68813867195455], [11.604642310512968, 54.69189634882086], [11.61796498303901, 54.68660144050923], [11.637436581346304, 54.69035911737555], [11.662032284471307, 54.68694304749708], [11.668181210252557, 54.68762626147277], [11.671255673143182, 54.69480000821756], [11.678600223381899, 54.69087152785732], [11.706526594638412, 54.691127733098185], [11.7143835553589, 54.682843763642886], [11.722240516079388, 54.68070871996885], [11.73172010999215, 54.69326277677224], [11.739064660230865, 54.689505099905915], [11.739662472459598, 54.685918226533516], [11.73368435017227, 54.683014567136816], [11.806361236836771, 54.67421818719977], [11.821477346049011, 54.679769300752284], [11.838728498935298, 54.68096492520975], [11.832579573154053, 54.68976130514684], [11.850428538269073, 54.6945438029767], [11.845902245680096, 54.69573942743416], [11.845646040439211, 54.70043652351706], [11.857687686760826, 54.704194200383384], [11.846243852667943, 54.70957451044198], [11.849062110317684, 54.71256357158564], [11.863580407301193, 54.71427160652488], [11.86537384398739, 54.71845629212601], [11.859310319953101, 54.72477602140118], [11.848720503329837, 54.72323878995587], [11.813534983581567, 54.73792789043332], [11.816182437737382, 54.74347900398584], [11.829163503275579, 54.7464680651295], [11.8217335512899, 54.75253158916379], [11.82135321560285, 54.756034351745846], [11.827144645699143, 54.76079619426947], [11.834909451976397, 54.75637754760341], [11.84923787902945, 54.7547902667622], [11.86991542944733, 54.76272667096823], [11.872918393200964, 54.7727651498018], [11.86691246569369, 54.78125924727635], [11.863652105046889, 54.79696045775964], [11.843918343237293, 54.8038243749108], [11.826758550359385, 54.81437764753072], [11.810456747125372, 54.81806700299947], [11.800933062078132, 54.82699009529598], [11.79003659360066, 54.83110844558666], [11.787548423633364, 54.84457888299582], [11.795356129392813, 54.85435996493623], [11.773091298133725, 54.85547535147328], [11.766999571662067, 54.861996072766885], [11.75473031975436, 54.86624312150415], [11.743147459561772, 54.881686935094265], [11.750697768428052, 54.896873351791236], [11.716120785779063, 54.89721654764878], [11.661209448569755, 54.923042035930024], [11.642333676404055, 54.92347103075197], [11.653487541774695, 54.911373376773035], [11.648597000804491, 54.89498577457462], [11.655975711741991, 54.88649167710006], [11.653401742810306, 54.88117214130791], [11.62362950216713, 54.86898868836462], [11.596431230455646, 54.87756858480357], [11.585191566120615, 54.87705379101723], [11.567860175313928, 54.87027567283046], [11.570691541138782, 54.86366915257246], [11.595573240811751, 54.85320167891694], [11.621570327021782, 54.835698690181474], [11.599691591102449, 54.847538947267225], [11.56996224994147, 54.845822967979416], [11.563698925541033, 54.849769720341335], [11.505398529238336, 54.85431706545396], [11.497848220372056, 54.86023719399684], [11.473266817074451, 54.86152417846267], [11.47073574762496, 54.866071523575314], [11.475283092737598, 54.87949906150227], [11.473009420181276, 54.88130083975445], [11.453790452158017, 54.88623428020686], [11.436501960833528, 54.881944331987384], [11.436845156691087, 54.889923635675615], [11.428093662323352, 54.89000943463998], [11.416124706791011, 54.89610116111164], [11.405743032099876, 54.89627275904043], [11.386695662005398, 54.90322247515597], [11.377686770744495, 54.911158879362], [11.36889237689457, 54.91248876331003], [11.366232608998493, 54.91652131463634], [11.369321371716516, 54.925187010039686], [11.36314384628047, 54.93471069508692], [11.340750316574798, 54.94097401948736], [11.320415962014478, 54.94174621016687], [11.302226581563895, 54.961136776118906], [11.269794573024647, 54.971432651845646], [11.183909809670709, 54.97417821870611], [11.17438612462347, 54.96988827048663], [11.164261846825504, 54.97057466220174], [11.135690791683789, 54.95933499786671], [11.121791359452684, 54.95950659579549], [11.119045792592217, 54.95641783307747], [11.122306153239021, 54.95109829728531], [11.086442186124192, 54.95521664757601], [11.074087135252098, 54.948695926282404], [11.06790960981605, 54.941488813273686], [11.032217240629995, 54.92467221625334], [11.022865153511535, 54.901592294832554]]], [[[11.720916789001473, 55.139743109888585], [11.730908793396004, 55.15135774747539], [11.723991251892098, 55.160581136147265], [11.720404378519703, 55.16109354662903], [11.71604888942465, 55.14290297452617], [11.720916789001473, 55.139743109888585]]], [[[11.686926893710668, 55.17356220168547], [11.69879773653836, 55.16288698331524], [11.716134291171608, 55.15639645054615], [11.714426256232372, 55.16433881301359], [11.693844435214574, 55.17424541566116], [11.686926893710668, 55.17356220168547]]]]}}, {"type": "Feature", "properties": {"name": "Hovedstaden", "country": "DNK"}, "geometry": {"type": "MultiPolygon", "coordinates": [[[[14.770854209270702, 55.29635420331896], [14.748813673960745, 55.28513477420044], [14.75022993325777, 55.272742505351474], [14.739962053354338, 55.254862231726534], [14.716859323571615, 55.23485756915604], [14.706325895049991, 55.21812800620993], [14.700218276831572, 55.1965300519303], [14.704998151959032, 55.16625750945639], [14.704467054722647, 55.133860578036945], [14.698447952710291, 55.12589411949118], [14.700749374067955, 55.12022908230308], [14.698447952710282, 55.11093488066633], [14.686232716273441, 55.10845642689654], [14.6853475542128, 55.104030616593334], [14.693579561376758, 55.103145454532694], [14.700837890274013, 55.09199241256862], [14.72252436075971, 55.084999632289545], [14.738988375087626, 55.072164782410255], [14.776607762664852, 55.05862180288245], [14.798382749356612, 55.05986102976735], [14.830071551127546, 55.046760631269855], [14.835205491079263, 55.04870798780327], [14.859281899128689, 55.04534437197283], [14.887961149893446, 55.03702384860281], [14.921420275785668, 55.02215312598406], [14.931511123276971, 55.0230382880447], [14.94408042453807, 55.01949763980214], [14.963731022284293, 55.010291954371475], [15.013654162504427, 55.00444988477123], [15.025515334117012, 55.00002407446803], [15.028347852711063, 55.00214846341357], [15.045342964275363, 55.00055517170442], [15.068003113027764, 54.994713102104186], [15.081811641173761, 54.995775296576944], [15.100754109271472, 55.010380470577516], [15.119608061163119, 55.01870099394754], [15.116421477744812, 55.02463157975383], [15.118811415308546, 55.031270295208635], [15.108720567817242, 55.042777401996965], [15.121909482520788, 55.04932760124571], [15.124387936290582, 55.057294059791474], [15.138550529260835, 55.05924141632486], [15.141648596473077, 55.074554719973946], [15.153686800497788, 55.081547500253016], [15.153952349115979, 55.091284282920064], [15.145985890570213, 55.10332248694478], [15.148818409164269, 55.10832365258743], [15.144525373170163, 55.113546108745204], [15.153554026188692, 55.124854054069885], [15.151960734479538, 55.13308606123384], [15.146738278321758, 55.13472361104603], [15.146516987806597, 55.137954452567364], [15.137134269963807, 55.14370800596153], [15.116996833084231, 55.144062070785765], [15.072827246258266, 55.154772531719495], [15.047201804602716, 55.166633703332074], [15.039633668984239, 55.17367074171417], [15.028170820298943, 55.17393629033236], [15.015867067656037, 55.178893197871936], [14.990728465133843, 55.19163953154516], [14.97196302944826, 55.21359155064905], [14.958154501302266, 55.21429968029756], [14.948860299665537, 55.2095198051701], [14.936733579434758, 55.210050902406486], [14.912922720003525, 55.222797236079714], [14.889819990220802, 55.22474459261312], [14.880879853408333, 55.228462273267816], [14.873178943480758, 55.23669428043177], [14.82830122700628, 55.24926358169288], [14.81697115263008, 55.256344878178005], [14.814846763684542, 55.26342617466313], [14.804136302750793, 55.2711270845907], [14.802188946217383, 55.27617250833636], [14.789796677368413, 55.285024128942766], [14.77536853577997, 55.28944993924597], [14.777581440931572, 55.29192839301576], [14.770854209270702, 55.29635420331896]]], [[[15.179090951638178, 55.31332718583188], [15.187986830347617, 55.310937248268154], [15.190642316529539, 55.3137697668622], [15.183251213323189, 55.316026930116834], [15.179090951638178, 55.31332718583188]]], [[[12.772600857374368, 55.59423336577622], [12.759500458876886, 55.598747692285485], [12.74020392595492, 55.61122847734052], [12.725510235748288, 55.61556577143767], [12.730290110875748, 55.60910408839499], [12.74427567143387, 55.6044127294736], [12.753923937894854, 55.59626923851571], [12.767732466040849, 55.59264007406708], [12.772600857374368, 55.59423336577622]]], [[[12.730334368978777, 55.64774141234195], [12.732591532233432, 55.63087907508682], [12.737061600639668, 55.63012668733528], [12.73993837733675, 55.62512552169265], [12.751976581361463, 55.62251429361376], [12.758305490095044, 55.61171531647395], [12.77149440479859, 55.60897131408596], [12.771582921004654, 55.611184219237565], [12.780434541611061, 55.60981221804357], [12.787958419126502, 55.61277751094669], [12.782204865732337, 55.62030138846214], [12.78468331950213, 55.62224874499555], [12.779460863344351, 55.63287068972324], [12.777867571635193, 55.65792077603934], [12.766758787774151, 55.6727914986581], [12.739407280100355, 55.666816654748786], [12.730334368978777, 55.64774141234195]]], [[[12.677888516885838, 55.59348097802477], [12.666027345273253, 55.60835170064354], [12.674613417261467, 55.611538284061844], [12.680012905831376, 55.61861958054697], [12.676383741382754, 55.63464101384456], [12.659300113612387, 55.636411337965846], [12.650802557830236, 55.64030605103266], [12.643606665618249, 55.64823807947215], [12.631558697832054, 55.662695640815585], [12.63048776736217, 55.6699244214873], [12.619242997428389, 55.681169191421084], [12.618439799575976, 55.68384651759579], [12.624999248704013, 55.68973663518016], [12.616699537562413, 55.700445939879], [12.606391831789779, 55.69937500940912], [12.590327874741519, 55.679696662025], [12.561814350980859, 55.66336497235927], [12.558199960645, 55.6547975286002], [12.546352792321903, 55.642414895042144], [12.52627284601158, 55.63224105557825], [12.505791300775048, 55.6109563124893], [12.515295808695267, 55.58819904000427], [12.536178952858005, 55.577222002687954], [12.55331384037615, 55.57936386362773], [12.562015150443957, 55.566244965371645], [12.592804401453122, 55.560622580404754], [12.601505711520929, 55.567182029532795], [12.61783740118666, 55.57226894926474], [12.630420834207797, 55.581907323493695], [12.66127701837133, 55.58652571114505], [12.677888516885838, 55.59348097802477]]], [[[12.359416858817072, 55.60098327248818], [12.385855454792333, 55.60774352107932], [12.39248183707474, 55.610755513025865], [12.390473842443708, 55.616244031684026], [12.394155165933935, 55.61811816000632], [12.397167157880482, 55.61544083383161], [12.406805532109438, 55.62019308779172], [12.435519855333204, 55.61801776027475], [12.446463426072333, 55.61082244618024], [12.47865827332322, 55.60493232859587], [12.490036909565738, 55.60694032322691], [12.495592361378261, 55.615306967522876], [12.505565401379052, 55.619925355174246], [12.49639555923067, 55.62039388725482], [12.492513436277342, 55.62608320537608], [12.502017944197561, 55.63793037369917], [12.517245236816228, 55.641377431149074], [12.528816305877562, 55.637763040813525], [12.540194942120081, 55.64244836161927], [12.565294875007986, 55.671162684843], [12.59012707527842, 55.683478385246644], [12.594042664808933, 55.69017170068339], [12.595715993668126, 55.707975919745216], [12.609771956085352, 55.7129959063228], [12.607094629910641, 55.71553936618878], [12.610775953400868, 55.71928762283337], [12.602476242259268, 55.726114804578884], [12.594310397426401, 55.72678413612256], [12.582597095412046, 55.71741349451108], [12.580789900244117, 55.72002388753142], [12.57961857004268, 55.73839703840536], [12.59816742044684, 55.76192404216561], [12.589633443264953, 55.775879604851276], [12.590838240043572, 55.78806143894621], [12.5708586934648, 55.81751202686802], [12.570155895343937, 55.84298009210494], [12.567210836551755, 55.84860247707183], [12.554627403530619, 55.86841469076468], [12.548201820711315, 55.87028881908698], [12.544989029301663, 55.874840273583985], [12.542043970509482, 55.88073039116835], [12.544721296684193, 55.88313998472559], [12.534011991985352, 55.889030102309945], [12.51741256970215, 55.91392923573475], [12.512861115205142, 55.91580336405705], [12.510719254265375, 55.92624493613842], [12.521964024199157, 55.93427691466255], [12.52203095735352, 55.94157262848865], [12.535283721918335, 55.95991231278541], [12.539433577489135, 55.971692547954135], [12.553221807288892, 55.988425836546085], [12.590838240043569, 56.00984444594376], [12.601748344205514, 56.02396734151535], [12.616473638166418, 56.035412910912235], [12.606634464474357, 56.04029903118108], [12.597598488634711, 56.0398304991005], [12.563328713598425, 56.05703231977301], [12.547264756550165, 56.06881255494173], [12.519085898561341, 56.07992345856678], [12.471362559497136, 56.09009729803068], [12.41928856539903, 56.08989649856753], [12.4050318035187, 56.09558581668879], [12.376384413449303, 56.0982631428635], [12.34084290848003, 56.117004426086474], [12.322503224183265, 56.11807535655636], [12.304832871430179, 56.1221582789728], [12.30275794364478, 56.12590653561739], [12.283615061495603, 56.12717826555038], [12.251353281090347, 56.121020415348525], [12.248341289143799, 56.123095343133926], [12.242651971022541, 56.11981561856991], [12.234419193035311, 56.12102041534853], [12.204834738804763, 56.11225217212633], [12.180471070614903, 56.10997644487782], [12.046470895570666, 56.05535899091372], [12.037903451811594, 56.048130210242], [11.995066233016235, 56.02831799654915], [11.924652554621362, 56.005828456681584], [11.88931184911519, 55.9900322322508], [11.867893239717507, 55.98615010929747], [11.850758352199364, 55.97892132862575], [11.841521576896614, 55.97035388486668], [11.841253844279143, 55.96098324325519], [11.847813293407182, 55.95830591708049], [11.851695416360512, 55.947596612381645], [11.864278849381648, 55.945187018824406], [11.874452688845547, 55.94773047869038], [11.884358795691973, 55.94398222204579], [11.932952265762964, 55.95281739842234], [11.970702564826373, 55.970086152249216], [11.984758527243601, 55.966337895604624], [11.991719575297846, 55.96941682070554], [11.997475826573474, 55.96807815761819], [12.002964345231629, 55.96031391171152], [12.013941382547937, 55.959510713859096], [12.023312024159422, 55.94224196003221], [12.039375981207682, 55.926445735601426], [12.042187173691127, 55.904357794660065], [12.050018352752152, 55.8903687653972], [12.063338050471335, 55.87965946069836], [12.057514866041336, 55.86125284324723], [12.044128235167786, 55.860851244321026], [12.041718641610547, 55.85455952781046], [12.04372663624158, 55.843850223111616], [12.050687684295825, 55.84224382740679], [12.056845534497656, 55.82751853344587], [12.063538849934432, 55.82377027680128], [12.074783619868214, 55.802083934786125], [12.072374026310975, 55.79431968887946], [12.075051352485685, 55.78816183867763], [12.095666764030952, 55.77932666230109], [12.103698742555082, 55.78253945371074], [12.113337116784038, 55.77156241639443], [12.14278770470585, 55.76272724001788], [12.156977533431812, 55.75335659840639], [12.185089458266267, 55.7496083417618], [12.211327254778425, 55.75442752887628], [12.219626965920027, 55.7496083417618], [12.223642955182092, 55.74291502632502], [12.221233361624853, 55.73916676968043], [12.20731126551636, 55.73354438471354], [12.247203425519539, 55.71212577531586], [12.232879730484843, 55.70248740108691], [12.204901671959124, 55.69164423007934], [12.181742800547882, 55.69217969531428], [12.178128410212024, 55.68829757236095], [12.166482041352035, 55.68628957772992], [12.16367084886859, 55.680533326454295], [12.150819683229981, 55.67624960457476], [12.161662854237557, 55.66232750846626], [12.157512998666757, 55.65590192564696], [12.15711139974055, 55.64572808618306], [12.163938581486061, 55.63836543920261], [12.15885166175411, 55.62062815329513], [12.209252326993026, 55.61299777369721], [12.213469115718194, 55.62337241262421], [12.21775283759773, 55.625045741483405], [12.226387214511169, 55.62390787785913], [12.23140720108875, 55.628057733429934], [12.237163452364378, 55.62718760242315], [12.241514107398281, 55.620762019603845], [12.246132495049656, 55.62042735383201], [12.275984681897672, 55.62859319866487], [12.312998716263039, 55.616310964838384], [12.347670090225535, 55.61062164671711], [12.355601669018114, 55.60694032322688], [12.359416858817072, 55.60098327248818]]], [[[12.073580721166957, 55.7311181322916], [12.08439139068004, 55.73540808051108], [12.079844045567393, 55.74741993552561], [12.075983092169864, 55.74767733241878], [12.068861778125532, 55.739354832873], [12.073580721166957, 55.7311181322916]]], [[[11.975684102798462, 55.735879974815184], [11.983985152603179, 55.73633041937832], [11.988103502893876, 55.744395522030935], [11.993423038686029, 55.73736000695099], [11.999428966193296, 55.74010557381146], [12.005091697843007, 55.738561192452444], [12.009381646062483, 55.72860851258326], [12.016073965284868, 55.72654933743791], [12.033576954020335, 55.73615882144954], [12.059659839194756, 55.738561192452444], [12.061375818482546, 55.74096356345535], [12.060003035052313, 55.75623577911669], [12.055369890975278, 55.76069732526495], [12.06068942676743, 55.76344289212541], [12.063091797770337, 55.77373876785216], [12.051423138613359, 55.78506423115158], [12.053997107545046, 55.79879206545391], [12.035807727094463, 55.8070287660353], [12.049020767610452, 55.81492227075914], [12.035121335379346, 55.81972701276496], [12.036494118809578, 55.82950809470536], [12.032032572661322, 55.83585721807019], [12.035121335379348, 55.8372300015004], [12.02885801097891, 55.85370340266319], [11.996940796226005, 55.86459987114066], [11.994710023151876, 55.869576211075255], [11.994710023151876, 55.88021528265956], [12.021307702112635, 55.90166502375695], [12.02216569175653, 55.907670951264215], [12.004491105092285, 55.9176236311334], [11.981840178493446, 55.91728043527584], [11.962621210470187, 55.9299786820055], [11.948550180310303, 55.93461182608253], [11.903591522970181, 55.939931361874685], [11.897585595462914, 55.92328636278311], [11.913072308535224, 55.91106001035764], [11.92499836458537, 55.89467240815924], [11.92491256562098, 55.887293697221736], [11.929717307626795, 55.877512615281326], [11.944388930537409, 55.87142088880968], [11.955028002121713, 55.855376482468834], [11.938983595780865, 55.82594743768321], [11.925341560442927, 55.821957785839096], [11.909382953066473, 55.82534684493249], [11.878838521743795, 55.819383816907404], [11.878709823297214, 55.807243263446274], [11.862150623170033, 55.80097993904584], [11.857689077021773, 55.77052130668755], [11.84885178368965, 55.760053833032025], [11.85434291741058, 55.75516329206182], [11.853570726731073, 55.745124813228244], [11.85614469566276, 55.7398052774361], [11.868156550677295, 55.7429798391185], [11.870591256364564, 55.73940797700764], [11.882334829542641, 55.74205750025122], [11.91064848779119, 55.737595954102964], [11.920601167660378, 55.74343028368146], [11.923861528307182, 55.748835618438], [11.932269826817356, 55.75123798944091], [11.975684102798462, 55.735879974815184]]], [[[11.691324885070458, 56.19964482708192], [11.699218389794297, 56.194668487147325], [11.712431430310286, 56.19586967264878], [11.712603028239066, 56.19964482708192], [11.705395915230344, 56.2030767856575], [11.692354472643133, 56.20273358979994], [11.691324885070458, 56.19964482708192]]]]}}, {"type": "Feature", "properties": {"name": "Syddanmark", "country": "DNK"}, "geometry": {"type": "MultiPolygon", "coordinates": [[[[10.694003482659136, 54.735493940644815], [10.722869273132229, 54.741813669919985], [10.740889041741172, 54.75761299310793], [10.773000098598814, 54.81722341248727], [10.782052683776765, 54.841221303383534], [10.816042579067567, 54.88938788867], [10.822703915330589, 54.91569162673424], [10.830902483038923, 54.924402604924346], [10.842944129360543, 54.95045013774771], [10.859597470018096, 54.972910797198665], [10.87906906832539, 54.98939333436227], [10.89896767536749, 55.00058096321427], [10.902383745245965, 55.0181737230884], [10.926296234395272, 55.059166561630086], [10.95909050522861, 55.151315046601866], [10.958236487758994, 55.16062383702071], [10.945426225714721, 55.166516557561074], [10.935946631801961, 55.16497932611576], [10.928089671081473, 55.15413330425161], [10.905927917744883, 55.140383622990754], [10.902341044372488, 55.12637773648902], [10.87774534124749, 55.10058640890656], [10.86604530191372, 55.0647176751826], [10.852124817158947, 55.04806433452506], [10.853832852098183, 55.04268402446645], [10.832653218851652, 55.02799492398902], [10.824710856384202, 55.01202479730716], [10.813352424038282, 55.000751766708206], [10.793368415249217, 54.98794150466393], [10.766552266703208, 54.98247579285839], [10.73939451116935, 54.96693267491132], [10.71958130587421, 54.949083709796305], [10.708137471781326, 54.94472822070125], [10.702842563469694, 54.93584643901722], [10.691740336364658, 54.93157635166913], [10.68712864202872, 54.92124274028676], [10.679442484802157, 54.91671644769779], [10.679784091790005, 54.90851787998945], [10.685079000101638, 54.906212032821486], [10.700536716301727, 54.90390618565352], [10.70873528401006, 54.913129574325396], [10.711297336418914, 54.91193394986793], [10.719239698886364, 54.89442659174075], [10.729658712015706, 54.885886417044574], [10.698145467386796, 54.880249901745096], [10.676624227152418, 54.888790076441275], [10.671414720587748, 54.884092980358375], [10.667571641974465, 54.86692722921907], [10.666760325378327, 54.859497277233395], [10.671542823208188, 54.85471477940353], [10.662789144144604, 54.85462937765656], [10.652540934509187, 54.84002567892609], [10.629482462829499, 54.83976947368519], [10.618124030483576, 54.843612552298474], [10.60266631428349, 54.842075320853155], [10.609498454040434, 54.83609719856583], [10.633752550177588, 54.830631486760275], [10.655529995652852, 54.81628399327069], [10.66398476860207, 54.80022846484187], [10.665265794806498, 54.78553936436444], [10.673805969502679, 54.78015905430584], [10.67995489528393, 54.769996246417385], [10.673293559020907, 54.76000424202286], [10.674232978237487, 54.750951656844904], [10.682175340704935, 54.74147206293215], [10.694003482659136, 54.735493940644815]]], [[[10.670731506612054, 54.96437062250247], [10.695156406243132, 54.954634823348826], [10.705575419372474, 54.95497643033667], [10.706087829854244, 54.958904910696916], [10.69464399576136, 54.96368740852678], [10.670731506612054, 54.96437062250247]]], [[[10.621796305602933, 54.91560622498727], [10.621540100362047, 54.92243836474422], [10.613426934400676, 54.92277997173207], [10.597542209465779, 54.91936390185359], [10.59386993434642, 54.91697265293866], [10.593784532599459, 54.91210475336184], [10.605911580668035, 54.8980988668601], [10.612658318678019, 54.89639083192087], [10.625041571987483, 54.90023391053415], [10.629482462829497, 54.90604122932755], [10.621796305602933, 54.91560622498727]]], [[[10.582682305494423, 54.90493100661704], [10.574697242153492, 54.90245435595515], [10.581700185404362, 54.900148508787176], [10.5854151613972, 54.9021127489673], [10.582682305494423, 54.90493100661704]]], [[[10.541518663458827, 54.91184854812094], [10.54399531412072, 54.90745035815241], [10.55061394951026, 54.90937189745905], [10.55061394951026, 54.910695624536956], [10.541518663458827, 54.91184854812094]]], [[[10.501721449374623, 54.93721286696861], [10.49736596027957, 54.93405300233102], [10.511457248528268, 54.92935590624812], [10.511286445034346, 54.933967600584054], [10.501721449374623, 54.93721286696861]]], [[[10.484043287753527, 54.9247442119122], [10.478235968960124, 54.92192595426246], [10.478577575947972, 54.91902229486576], [10.487971768113772, 54.91936390185361], [10.484043287753527, 54.9247442119122]]], [[[10.494803907870716, 54.97248378846384], [10.496768148050837, 54.967445085393095], [10.478321370707086, 54.96291879280412], [10.48651993841542, 54.96001513340742], [10.502233859856394, 54.97120276225941], [10.499586405700578, 54.97427722515004], [10.494803907870716, 54.97248378846384]]], [[[10.454323479810816, 55.004509443574534], [10.453640265835121, 55.00015395447948], [10.463034458000921, 54.99571306363747], [10.484726501729222, 55.004253238333646], [10.465254903421927, 55.01202479730717], [10.454323479810816, 55.004509443574534]]], [[[10.42955697319189, 54.97803490201637], [10.417771532111162, 54.972868096325215], [10.381219584411506, 54.976711174938494], [10.367128296162806, 54.97560095222799], [10.36405383327218, 54.97235568584344], [10.365078654235722, 54.96876881247105], [10.369007134595966, 54.968427205483174], [10.37955425034575, 54.97453343039094], [10.388265228535856, 54.97380751554177], [10.422084320332733, 54.96159506572623], [10.43660261731624, 54.96535274259255], [10.440958106411292, 54.97030604391633], [10.42955697319189, 54.97803490201637]]], [[[10.338433309183635, 55.01104267721714], [10.315929948859198, 55.00630288026077], [10.299191206454683, 55.01287881477683], [10.279975813388274, 55.01364743049949], [10.251451629903029, 55.02995916416919], [10.239495385328373, 55.027140906519456], [10.240349402797994, 55.01902774055808], [10.251537031649992, 55.01099997634367], [10.294707614739186, 55.01189669468676], [10.315289435756984, 55.00216089553311], [10.327928894307332, 54.99968424487122], [10.341080763339452, 55.002929511255765], [10.338433309183635, 55.01104267721714]]], [[[10.171259389505884, 55.03743181702836], [10.13684248548027, 55.04161650262949], [10.135219852287996, 55.04511797425492], [10.140002350117857, 55.052889533228445], [10.122836598978534, 55.03931065546152], [10.123434411207267, 55.0330763279333], [10.142051992044943, 55.020607672876885], [10.16878273884399, 55.02658579516421], [10.174675459384357, 55.03401574714989], [10.171259389505884, 55.03743181702836]]], [[[10.325153337531072, 55.03341793492117], [10.32651976548246, 55.03051427552447], [10.334632931443833, 55.033674140162056], [10.325153337531072, 55.03341793492117]]], [[[10.258796180141745, 55.05271872973452], [10.23360266478801, 55.061429707924624], [10.23736034165433, 55.05519538039641], [10.249999800204678, 55.047936231904664], [10.2613582325506, 55.04691141094112], [10.258796180141745, 55.05271872973452]]], [[[9.980301083299274, 55.15955631518376], [9.97628720119207, 55.1511869439815], [9.984998179382176, 55.13487521031179], [9.984571170647365, 55.12582262513384], [9.972273319084865, 55.118648878389045], [9.972871131313598, 55.114378791040956], [10.003017947991118, 55.10549700935693], [10.014803389071849, 55.10515540236908], [10.035470611836608, 55.11198754212602], [10.037605655510653, 55.11557441549842], [10.025649410935998, 55.12949490025319], [9.994050764560127, 55.14742926711518], [9.984741974141288, 55.15853149422021], [9.980301083299274, 55.15955631518376]]], [[[9.982179921732433, 55.17877170825015], [9.978336843119152, 55.1737330051794], [9.982777733961166, 55.167840284639034], [9.994563175041897, 55.166644660181575], [9.99712522745075, 55.169121310843465], [9.99661281696898, 55.17304979120371], [9.982179921732433, 55.17877170825015]]], [[[10.095081031215953, 55.12035691332826], [10.065702830261088, 55.11634303122106], [10.07142474730753, 55.115062005016625], [10.104048214646943, 55.11745325393156], [10.095081031215953, 55.12035691332826]]], [[[10.969082509623158, 55.328395568927235], [10.978220496548072, 55.333092665010135], [10.983002994377934, 55.34035181350189], [10.949013099087132, 55.324808695554836], [10.969082509623158, 55.328395568927235]]], [[[10.791788482930428, 55.50833704977577], [10.782565094258553, 55.504152364174644], [10.786578976365758, 55.4995406698387], [10.804427941480776, 55.50287133797021], [10.791788482930428, 55.50833704977577]]], [[[10.426952219909557, 54.81948655878179], [10.43361355617258, 54.823415039142034], [10.440445695929524, 54.8340048557653], [10.457355241827964, 54.84356985142502], [10.522431373012864, 54.8492063667245], [10.526530656867033, 54.8521100261212], [10.527213870842727, 54.860821004311305], [10.489466298685604, 54.876022515270506], [10.473923180738554, 54.88797875984516], [10.456842831346192, 54.892590454181104], [10.452231137010253, 54.892590454181104], [10.485537818325362, 54.87346046286166], [10.486733442782826, 54.86901957201964], [10.45820925929758, 54.878926174667214], [10.453255957973795, 54.86645751961078], [10.445057390265461, 54.865945109129015], [10.420803294128307, 54.88063420960645], [10.41345874388959, 54.894810899602106], [10.408334639071883, 54.89720214851706], [10.41243392292605, 54.90437589526186], [10.395182770039764, 54.912745266464114], [10.38988786172813, 54.91189124899449], [10.405601783169105, 54.905571519719324], [10.405260176181258, 54.89959339743199], [10.376052778720318, 54.88387947599102], [10.358972429327954, 54.895494113577826], [10.338476010057118, 54.89873937996238], [10.317637983798436, 54.916502943330435], [10.28723496188003, 54.93460811368634], [10.251280826409104, 54.93998842374493], [10.230528201897384, 54.94895560717592], [10.21498508395033, 54.96364470765334], [10.20183321491821, 54.964327921629035], [10.200125179978974, 54.9590330133174], [10.203370446363524, 54.955787746932856], [10.23753114514825, 54.938365790552645], [10.244875695386964, 54.91581972935472], [10.262810062248946, 54.906596340682846], [10.274083092847906, 54.89446929261427], [10.31336789645034, 54.879096978161144], [10.379298045104857, 54.83631070293329], [10.404320756964667, 54.830332580645965], [10.416533206780208, 54.82209131206414], [10.426952219909557, 54.81948655878179]]], [[[10.168483832729622, 55.57217485562977], [10.170533474656706, 55.57029601719662], [10.175657579474414, 55.57601793424306], [10.18436855766452, 55.577469763941416], [10.180696282545162, 55.58344788622874], [10.176084588209225, 55.58387489496355], [10.174547356763913, 55.57613536164513], [10.168483832729622, 55.57217485562977]]], [[[10.173522535800373, 55.599845021645415], [10.189748867723118, 55.607018768390205], [10.188724046759576, 55.60983702603995], [10.162334906948375, 55.61513193435158], [10.158662631829017, 55.613509301159304], [10.160370666768253, 55.60795818760679], [10.173522535800373, 55.599845021645415]]], [[[10.656213209628543, 55.039524159828964], [10.702244751240961, 55.04140299826212], [10.67261034504521, 55.03875554410631], [10.671073113599899, 55.0336314392886], [10.677819851609883, 55.03081318163886], [10.707625061299556, 55.036108089950496], [10.718556484910668, 55.03200880609633], [10.719837511115095, 55.03696210742011], [10.711468139912837, 55.05643370572741], [10.676965834140264, 55.050626386934], [10.655700799146773, 55.05387165331855], [10.651601515292604, 55.04627089783895], [10.656213209628543, 55.039524159828964]]], [[[10.535839447285868, 55.00766930821223], [10.514553061855631, 55.004680247068485], [10.526936315165095, 54.99195538677118], [10.52907135883914, 54.97572905484843], [10.554008668951989, 54.96308959629808], [10.551702821784021, 54.95437861810798], [10.566562725755377, 54.95523263557761], [10.558364158047043, 54.949937727265976], [10.561267817443744, 54.94600924690573], [10.58176423671458, 54.95164576220521], [10.582789057678122, 54.956599063529], [10.586205127556594, 54.95796549148039], [10.619255603630815, 54.9523289761809], [10.658198800245406, 54.97427722515011], [10.689370437886469, 54.97760789328162], [10.692957311258864, 54.9810239631601], [10.69082226758482, 54.98982034309716], [10.695775568908607, 54.99673788460106], [10.689797446621279, 55.00100797194916], [10.675962363613465, 54.997677303817646], [10.666995180182475, 54.986404273218696], [10.657942595004522, 54.98085315966618], [10.629247608025352, 54.98785610291702], [10.626941760857383, 54.992382395506], [10.638385594950266, 54.99861672303421], [10.642228673563544, 55.00937734315143], [10.663749913797922, 55.02585988031506], [10.659522527323313, 55.03388764452947], [10.643723204135378, 55.03815773187759], [10.64474802509892, 55.04469096552017], [10.639410415913808, 55.05177931051799], [10.631895062181169, 55.05451216642077], [10.543995314120721, 55.01505655932442], [10.535839447285868, 55.00766930821223]]], [[[10.481502585781406, 55.44586567187323], [10.480904773552673, 55.44091237054944], [10.485601869635573, 55.438521121634516], [10.484577048672032, 55.44467004741576], [10.481502585781406, 55.44586567187323]]], [[[10.460579157775761, 55.449110938257775], [10.45767549837906, 55.44731750157158], [10.460920764763609, 55.446634287595884], [10.460579157775761, 55.449110938257775]]], [[[10.454430231994511, 55.454235043075485], [10.465788664340433, 55.45227080289536], [10.473731026807881, 55.44902553651082], [10.473474821566995, 55.45321022211194], [10.46800910976144, 55.455089060545106], [10.471510581386875, 55.46081097759154], [10.4651908521117, 55.460725575844585], [10.454430231994511, 55.454235043075485]]], [[[9.791285666836025, 55.29760823914749], [9.781891474670225, 55.29077609939055], [9.790431649366408, 55.270279680119714], [9.815368959479256, 55.27198771505895], [9.822030295742278, 55.27762423035843], [9.82117627827266, 55.29214252734194], [9.81741860140634, 55.29675422167788], [9.809220033698006, 55.29760823914749], [9.804608339362067, 55.29265493782371], [9.791285666836025, 55.29760823914749]]], [[[9.764469518290015, 55.24226790711625], [9.754904522630293, 55.23680219531068], [9.746705954921959, 55.248758439885336], [9.733212478901992, 55.24841683289749], [9.716302933003552, 55.24312192458586], [9.720914627339491, 55.23714380229853], [9.716986146979247, 55.23201969748082], [9.737226361009197, 55.224248138507306], [9.746364347934112, 55.22373572802554], [9.766519160217099, 55.23714380229854], [9.77130165804696, 55.24500076301903], [9.768568802144182, 55.25038107307762], [9.764811125277863, 55.249356252114076], [9.764469518290015, 55.24226790711625]]], [[[9.679067771328203, 55.32886527853553], [9.690597007168048, 55.32237474576644], [9.711947443908501, 55.32749885058414], [9.707591954813449, 55.333903981606284], [9.701955439513968, 55.33484340082286], [9.68982839144539, 55.33398938335324], [9.679067771328203, 55.32886527853553]]], [[[9.70494450065763, 55.45227080289535], [9.669161168680631, 55.46559347542139], [9.667965544223165, 55.459529951387104], [9.680263395785667, 55.44381602994613], [9.702809456983585, 55.44390143169309], [9.70494450065763, 55.45227080289535]]], [[[9.892742942226661, 54.885801015297666], [9.886594016445411, 54.885630211803736], [9.873100540425444, 54.8781148580711], [9.864047955247493, 54.86769584494176], [9.92092551872406, 54.84976147807978], [9.964138802686739, 54.84549139073169], [9.983097990512261, 54.85129870952509], [9.892742942226661, 54.885801015297666]]], [[[9.745510330464493, 54.9646268277434], [9.751317649257896, 54.95565964431241], [9.752598675462323, 54.934992421547655], [9.762761483350777, 54.908347076495566], [9.790260845872481, 54.8890462816822], [9.83210770188377, 54.88118932096171], [9.88573999897579, 54.898098866860146], [9.9002582959593, 54.89809886686015], [9.955427824496631, 54.88118932096172], [9.996591466532227, 54.856593617836715], [10.015379850863825, 54.86837905891744], [10.06320482916244, 54.87128271831413], [10.06499826584864, 54.88084771397385], [10.060728178500549, 54.89066891487446], [10.05141938808171, 54.89288936029547], [10.048003318203238, 54.89698864414964], [10.02972734435341, 54.93388219883716], [9.993858610629447, 54.971800574488206], [9.951840951124234, 54.997762705564604], [9.926903641011386, 55.00630288026078], [9.890351693311727, 55.006217478513825], [9.866353802415459, 55.016038679414436], [9.849700461757905, 55.028421932723894], [9.816393780442796, 55.04080518603338], [9.800338252013974, 55.051224199162725], [9.759516216966228, 55.064888478676615], [9.739019797695393, 55.06676731710977], [9.691024015902851, 55.06147240879813], [9.651568408806492, 55.045587683863246], [9.629193151102497, 55.03124019037366], [9.631413596523505, 55.02457885411064], [9.657888138081667, 55.0206503737504], [9.693586068311705, 55.02782412049519], [9.69614812072056, 55.02252921218356], [9.701784636020038, 55.02030876676255], [9.701443029032191, 55.01655108989623], [9.695806513732713, 55.01655108989623], [9.69051160542108, 55.0228708191714], [9.649689570373333, 55.012281002548136], [9.649347963385486, 55.00920653965751], [9.68589991108514, 54.992296993759076], [9.744997919982715, 54.99332181472259], [9.758491396002682, 54.99707949158891], [9.787869596957547, 54.995029849661826], [9.789065221415012, 54.99263860074689], [9.782403885151991, 54.98888092388058], [9.768397998650252, 54.98683128195349], [9.76737317768671, 54.98461083653249], [9.772326479010497, 54.98102396316009], [9.782403885151991, 54.980682356172245], [9.774205317443656, 54.977607893281615], [9.773522103467961, 54.97299619894568], [9.789406828402859, 54.968384504609745], [9.809476238938883, 54.96770129063406], [9.844490955193228, 54.95770928623953], [9.846369793626389, 54.95403701112017], [9.83133908616111, 54.95249977967486], [9.827496007547827, 54.94729027311019], [9.828777033752255, 54.9441304084726], [9.837402610195399, 54.9423369717864], [9.833986540316927, 54.936529652993], [9.843807741217534, 54.930636932452636], [9.874296164882901, 54.93610264425817], [9.873783754401131, 54.933540591849315], [9.84355153597665, 54.92892889751338], [9.825104758632898, 54.92192595426252], [9.788296605692357, 54.95232897618092], [9.763017688591662, 54.959502722925706], [9.751830059739664, 54.967359683646194], [9.746791356668917, 54.96821370111581], [9.745510330464493, 54.9646268277434]]], [[[8.49061706060759, 55.264130754338495], [8.469693632601949, 55.2555905796423], [8.459616226460456, 55.244659156031204], [8.449624222065925, 55.24158469314058], [8.435703737311147, 55.229201439831115], [8.442962885802903, 55.22040505989405], [8.455773147847173, 55.21382912537799], [8.475927960130162, 55.21417073236584], [8.484297331332417, 55.22177148784543], [8.492495899040751, 55.22424813850733], [8.498730226568963, 55.232105099227816], [8.514785754997783, 55.23637518657591], [8.522984322706117, 55.241926300128426], [8.523667536681812, 55.24406134380247], [8.49531415669049, 55.255846784883204], [8.49061706060759, 55.264130754338495]]], [[[8.502146296447439, 55.28445637011543], [8.51017406066185, 55.26310593337497], [8.530841283426609, 55.25268692024564], [8.547580025831124, 55.253199330727405], [8.576787423292064, 55.27642860590102], [8.574310772630172, 55.28215052294746], [8.556718012756038, 55.28847025222263], [8.534428156799004, 55.280527889755184], [8.530755881679646, 55.28488337885024], [8.538783645894057, 55.28659141378947], [8.541345698302912, 55.29069069764364], [8.533488737582426, 55.29453377625692], [8.519653654574611, 55.293935964028186], [8.512906916564628, 55.28539578933201], [8.502146296447439, 55.28445637011543]]], [[[8.47498854091358, 55.317848453177504], [8.45193006923389, 55.305465199868046], [8.455260737365402, 55.30520899462716], [8.488396615186586, 55.31050390293879], [8.49001924837886, 55.31614041823827], [8.47498854091358, 55.317848453177504]]], [[[8.411108034186144, 55.317933854924476], [8.404019689188313, 55.3134075623355], [8.408289776536405, 55.300084889809455], [8.429640213276858, 55.29854765836414], [8.4259679381575, 55.31357836582942], [8.420416824604983, 55.31511559727473], [8.4089729905121, 55.310760108179686], [8.407264955572863, 55.31391997281727], [8.411108034186144, 55.317933854924476]]], [[[8.523240527947006, 55.339028086424065], [8.514358746262978, 55.34112042922466], [8.50838062397565, 55.33881458205669], [8.494972549702645, 55.344408396482685], [8.481649877176602, 55.34432299473572], [8.483357912115839, 55.346885047144575], [8.480283449225213, 55.35030111702305], [8.46977903434891, 55.34799526985508], [8.475244746154466, 55.343468977266106], [8.463203099832851, 55.34321277202522], [8.462092877122346, 55.353546383407604], [8.454065112907935, 55.36926030484858], [8.437497173997343, 55.38053333544754], [8.451673863993005, 55.38804868918018], [8.456797968810713, 55.39556404291282], [8.442792082308976, 55.42067215651959], [8.424857715446995, 55.42425902989199], [8.415975933762967, 55.41554805170188], [8.40675254509109, 55.41606046218366], [8.397870763407061, 55.42562545784338], [8.401970047261228, 55.43928973735727], [8.399066387864528, 55.451758392413694], [8.379082379075463, 55.45739490771317], [8.358927566792474, 55.45449124831647], [8.345434090772509, 55.44595107362029], [8.34782533968744, 55.43775250591196], [8.393771479552894, 55.376946462075146], [8.413584684848038, 55.34346897726607], [8.424003697977378, 55.33629523052127], [8.45987243170134, 55.32621782437978], [8.475586353142313, 55.32912148377649], [8.497278396870614, 55.323826575464864], [8.522386510477387, 55.32707184184941], [8.523240527947006, 55.339028086424065]]], [[[8.299829557894906, 55.505860399114006], [8.310077767530323, 55.496893215683016], [8.321863208611054, 55.493135538816695], [8.324169055779024, 55.49509977899682], [8.30657629590489, 55.50791004104109], [8.300256566629715, 55.508507853269826], [8.299829557894906, 55.505860399114006]]], [[[9.669929784403292, 55.47853184008621], [9.673516657775693, 55.47216940993758], [9.686839330301735, 55.46807012608341], [9.69606271897361, 55.46140878982039], [9.721854046556079, 55.45901754090546], [9.72988181077049, 55.443816029946255], [9.74969501606563, 55.43339701681691], [9.767116972445839, 55.437325497177156], [9.77651116461164, 55.435446658744], [9.77753598557518, 55.429297732962745], [9.767970989915458, 55.42673568055389], [9.816137575201921, 55.408459706704065], [9.817674806647233, 55.40453122634382], [9.814941950744455, 55.40213997742889], [9.783343304368584, 55.40692247525875], [9.711776640414584, 55.437837907658924], [9.713655478847745, 55.43083496440806], [9.727490561855555, 55.42007434429088], [9.740471627393752, 55.41495023947318], [9.732273059685419, 55.406751671764845], [9.737738771490974, 55.40299399489852], [9.755502334859031, 55.3999195320079], [9.784368125332126, 55.40068814773055], [9.814856548997493, 55.39547864116588], [9.822286500983171, 55.39146475905867], [9.821176278272667, 55.385999047253115], [9.81656458393673, 55.38326619135034], [9.78368491135643, 55.38061873719455], [9.804693741109036, 55.37720266731608], [9.829801854715809, 55.36524642274143], [9.833901138569976, 55.359951514429795], [9.829801854715807, 55.35294857117891], [9.779414824008338, 55.34457919997666], [9.778731610032644, 55.33723464973794], [9.828435426764418, 55.32357037022404], [9.866524605909387, 55.324595191187576], [9.892401335238818, 55.31204113438418], [9.871648710727095, 55.31024769769798], [9.884715178012254, 55.286847619030446], [9.884373571024403, 55.259177453014814], [9.88232392909732, 55.25132049229433], [9.874125361388986, 55.2424387106103], [9.893084549214509, 55.22962844856603], [9.892572138732737, 55.225358361217936], [9.882836339579091, 55.22262550531516], [9.866268400668499, 55.23167809049311], [9.862339920308255, 55.228432824108566], [9.867976435607735, 55.22211309483339], [9.910335702100795, 55.2113524747162], [9.919046680290899, 55.19717578472054], [9.966871658589515, 55.19717578472054], [9.986684863884657, 55.18146186327957], [10.007522890143338, 55.17770418641325], [10.014013422912436, 55.16472312087505], [10.057397510369038, 55.158574195093806], [10.085067676384663, 55.16164865798443], [10.108980165533971, 55.172750885089464], [10.116153912278763, 55.16181946147835], [10.12964738829873, 55.150546430879395], [10.131697030225814, 55.14029822124396], [10.144678095764009, 55.13619893738979], [10.154243091423732, 55.12526751377868], [10.169957012864705, 55.11570251811896], [10.168590584913316, 55.11296966221618], [10.154243091423732, 55.10955359233771], [10.1207656066147, 55.104087880532155], [10.098219545416782, 55.093156456921044], [10.07977276807303, 55.08905717306688], [10.067474916510529, 55.078125749455765], [10.067474916510529, 55.07129360969882], [10.076356698194557, 55.064461469941875], [10.084555265902893, 55.06309504199048], [10.118715964687617, 55.078808963431456], [10.129647388298729, 55.078808963431456], [10.151510235520954, 55.06924396777173], [10.18567093430568, 55.064461469941875], [10.201384855746653, 55.0487475485009], [10.210949851406378, 55.05028477994623], [10.216073956224086, 55.05540888476394], [10.212999493333461, 55.06053298958165], [10.219148419114712, 55.06104540006342], [10.2270053798352, 55.06992718174745], [10.22376011345065, 55.07590530403478], [10.209754226948913, 55.08410387174311], [10.228201004292664, 55.0883739590912], [10.23315430561645, 55.08307905077957], [10.272609912712806, 55.07428267084251], [10.301304899691974, 55.05609209873961], [10.317275026373833, 55.05540888476392], [10.318129043843452, 55.047722727537355], [10.35621822298842, 55.04370884543014], [10.373042367139897, 55.05686071446226], [10.387133655388597, 55.04994317295835], [10.392513965447192, 55.040634382539515], [10.416853463331307, 55.03405844802343], [10.472193795362564, 55.03935335633505], [10.489786555236698, 55.03081318163887], [10.514040651373854, 55.02568907682116], [10.593293472554416, 55.04584388910415], [10.61976801411258, 55.05814174066667], [10.677243389817882, 55.057458526690965], [10.69791061258264, 55.06360745247222], [10.711831097337416, 55.059678972111975], [10.745137778652524, 55.070439592229164], [10.754019560336554, 55.080089989635844], [10.756496210998447, 55.09469368836631], [10.77545539882397, 55.10331926480946], [10.773918167378657, 55.11109082378299], [10.781604324605219, 55.124328094562046], [10.780750307135602, 55.132868269258225], [10.788265660868241, 55.1385047845577], [10.789802892313553, 55.151656653589825], [10.809616097608695, 55.181205658038614], [10.81371538146286, 55.20477654020008], [10.811665739535776, 55.215878767305114], [10.817131451341332, 55.23073867127649], [10.788778071350011, 55.27198771505903], [10.795097800625184, 55.28343154915191], [10.785703608459386, 55.28975127842709], [10.765377992682474, 55.2912885098724], [10.779213075690288, 55.29111770637848], [10.799880298455047, 55.300341095050356], [10.810299311584387, 55.29333815179948], [10.823621984110432, 55.295216990232646], [10.83540742519116, 55.28531038758507], [10.855391433980225, 55.28906806445139], [10.854025006028836, 55.29555859722049], [10.822767966640813, 55.305977610349835], [10.812861363993242, 55.317421444442715], [10.812178150017546, 55.32818206455992], [10.795012398878221, 55.355254418346796], [10.775369997077004, 55.3697727153303], [10.768708660813981, 55.3798501214718], [10.737622424919882, 55.394026811467455], [10.729594660705471, 55.40529984206642], [10.709952258904254, 55.411448767847666], [10.691761686801385, 55.42639407356599], [10.668447009880813, 55.43775250591191], [10.668361608133852, 55.448342322535176], [10.674595935662063, 55.451929195907574], [10.710550071132987, 55.464995663192745], [10.741892512267974, 55.464995663192745], [10.749920276482383, 55.46875334005907], [10.750945097445923, 55.473194230901065], [10.738305638895575, 55.48617529643926], [10.728399036248005, 55.48890815234204], [10.711318686855641, 55.501376807398465], [10.706536189025778, 55.5160659078759], [10.70892743794071, 55.523581261608534], [10.707219403001474, 55.53041340136548], [10.687577001200257, 55.53844116557989], [10.675620756625602, 55.55517990798441], [10.662810494581331, 55.56252445822312], [10.654441123379073, 55.5753347202674], [10.63257827615685, 55.58951141026306], [10.625746136399906, 55.600101226886316], [10.606530743333497, 55.593183685382414], [10.601235835021864, 55.59642895176696], [10.608324180019695, 55.60027203038024], [10.596111730204155, 55.599418012910625], [10.592012446349989, 55.602321672307326], [10.58876717996544, 55.59975961989847], [10.591243830627333, 55.59472091682772], [10.604224896165528, 55.59173185568405], [10.616608149474992, 55.59343989062329], [10.622330066521434, 55.580971235566864], [10.630443232482806, 55.57456610454473], [10.632834481397737, 55.562182851235264], [10.625746136399906, 55.557314951658455], [10.63069943772369, 55.555094506237445], [10.631553455193309, 55.54587111756557], [10.624721315436364, 55.54476089485507], [10.60977600971805, 55.5565036350623], [10.609135496615837, 55.56013320930818], [10.615199020650126, 55.56269526171703], [10.612167258632981, 55.567947469155186], [10.601449339389273, 55.566154032469], [10.601534741136234, 55.5625671590966], [10.606402640713057, 55.553002163436894], [10.604096793545086, 55.5466824341617], [10.622714374382761, 55.528064853324025], [10.61844428703467, 55.51935387513392], [10.630571335103248, 55.51252173537698], [10.632279370042484, 55.50773923754711], [10.627155265224776, 55.50415236417472], [10.61229536125342, 55.50551879212611], [10.597606260775988, 55.5155961982676], [10.588553675598035, 55.51696262621899], [10.568398863315048, 55.509447272486355], [10.569082077290743, 55.50449397116257], [10.57318136114491, 55.50176111525979], [10.622885177876684, 55.491342102130446], [10.622543570888839, 55.48621799731274], [10.628521693176165, 55.48314353442212], [10.629034103657936, 55.47528657370163], [10.611953754265574, 55.46589238153583], [10.59111572800689, 55.46965005840215], [10.556015610005586, 55.45795001906837], [10.5434615532022, 55.46110988370596], [10.526295802062874, 55.45214270027497], [10.487139101080885, 55.454405846569465], [10.483893834696337, 55.45201459765453], [10.496533293246685, 55.44287661072962], [10.497899721198074, 55.43655688145445], [10.473133214579148, 55.421269968748284], [10.455967463439825, 55.426650278806875], [10.446317066033139, 55.42092836176044], [10.42573524501534, 55.42050135302563], [10.443328004889475, 55.45893213915845], [10.451441170850847, 55.46064017409768], [10.45297840229616, 55.465508073674506], [10.4604937560288, 55.469778161022596], [10.483723031202414, 55.46636209114412], [10.48970115348974, 55.4702051697574], [10.480392363070903, 55.47413365011764], [10.48158798752837, 55.47626869379171], [10.504048646979328, 55.48156360210334], [10.492177804151636, 55.48916435758294], [10.470741965664219, 55.51077099956428], [10.495508472283145, 55.51674912185161], [10.500120166619084, 55.52733893847486], [10.527961136128635, 55.516919925345526], [10.530352385043566, 55.511795820527816], [10.554862686421608, 55.497277523544305], [10.560413799974125, 55.49778993402607], [10.557424738830461, 55.50564689474656], [10.528046537875598, 55.51948197775437], [10.462372594461963, 55.543052859915825], [10.426845467725848, 55.56132883376566], [10.339394078836953, 55.5867785543603], [10.330597698899888, 55.591817257431046], [10.305916594027924, 55.596258148273066], [10.28926325337037, 55.591561052190166], [10.299426061258826, 55.579946414603356], [10.303183738125146, 55.569698204967935], [10.315310786193722, 55.562012047741376], [10.309161860412472, 55.55902298659771], [10.283285131083042, 55.557229549911504], [10.279698257710647, 55.55962079882644], [10.281662497890768, 55.57003981195577], [10.275855179097364, 55.58020261984421], [10.229396628750138, 55.575590925508266], [10.211462261888158, 55.571448940780634], [10.203690702914633, 55.565385416746345], [10.185329327317843, 55.56666644295078], [10.191819860086941, 55.56316497132535], [10.185414729064805, 55.55061091452196], [10.172177458285722, 55.55684524205017], [10.158683982265755, 55.55462479662917], [10.134600689622523, 55.54591381843906], [10.118715964687626, 55.54745104988438], [10.072599021328246, 55.53105391446771], [10.038779929531367, 55.52592980965], [10.02853171989595, 55.52217213278368], [10.024090829053936, 55.515339993026735], [9.981048348585182, 55.501334106525], [9.932881763298719, 55.47878804532708], [9.869342863559128, 55.477080010387844], [9.856361798020933, 55.48083768725418], [9.846796802361208, 55.48596179207189], [9.844320151699316, 55.49159830737137], [9.846113588385514, 55.513631958087515], [9.83142448790808, 55.51969548212179], [9.82245730447709, 55.51969548212179], [9.775998754129866, 55.50876405851069], [9.75174465799271, 55.50722682706538], [9.751403051004862, 55.5044939711626], [9.761480457146357, 55.49629540345427], [9.760455636182815, 55.49082969164871], [9.742179662332987, 55.472212110811036], [9.725611723422395, 55.47187050382319], [9.68581450933819, 55.482972730928225], [9.678640762593396, 55.48348514141], [9.669929784403292, 55.47853184008621]]], [[[8.190771527024674, 55.80899389995502], [8.17830287196825, 55.803528188149464], [8.183640481153374, 55.78025621210271], [8.182103249708058, 55.752927653074906], [8.15870317104052, 55.68477705899936], [8.125908900207182, 55.624141818656476], [8.078254725402491, 55.5556496175931], [8.08525766865336, 55.550354709281464], [8.11907676045024, 55.539594089164275], [8.188935389465003, 55.522172132784064], [8.272799904981504, 55.47383474400367], [8.286976594977165, 55.46768581822242], [8.293637931240186, 55.468027425210266], [8.302348909430291, 55.472980726534054], [8.303202926899909, 55.48066688376061], [8.279290437750602, 55.50065089254968], [8.256744376552682, 55.511240709172945], [8.252132682216745, 55.51704802796635], [8.269042228115184, 55.52114731182051], [8.269042228115184, 55.52422177471114], [8.249399826313967, 55.526271416638224], [8.23778518872716, 55.540106499646036], [8.237614385233236, 55.558040866508016], [8.25520714510737, 55.576829250839616], [8.266480175706329, 55.58297817662087], [8.279290437750602, 55.584173801078336], [8.312084708583939, 55.57324237746724], [8.315244573221525, 55.569057691866114], [8.313963547017098, 55.56444599753017], [8.298762036057894, 55.56342117656663], [8.292100699794874, 55.55974890144727], [8.292783913770569, 55.55300216343729], [8.322759926954166, 55.52849186205924], [8.408930289638636, 55.471955905570475], [8.403806184820928, 55.465892381536186], [8.416531045118239, 55.456668992864316], [8.424388005838725, 55.45658359111735], [8.422509167405565, 55.448641228649905], [8.428658093186815, 55.445054355277506], [8.457694687153833, 55.43625797534044], [8.46930932474064, 55.4428339098565], [8.505690468946373, 55.43531855612386], [8.530456975565299, 55.438734626002336], [8.540192774718946, 55.43685578756917], [8.553344643751068, 55.42882802335476], [8.575719901455063, 55.424216329018826], [8.609197386264094, 55.40867321107177], [8.656168347093093, 55.31182763001707], [8.654374910406894, 55.303202053573926], [8.63857558721896, 55.27664211026881], [8.641479246615662, 55.26716251635605], [8.629352198547084, 55.256145690997975], [8.644895316494132, 55.24743471280789], [8.638490185471998, 55.23983395732829], [8.640112818664269, 55.227536105765786], [8.646688753180328, 55.22189959046631], [8.640454425652116, 55.21037035462646], [8.643614290289703, 55.206698079507106], [8.653862499925122, 55.20789370396457], [8.650617233540572, 55.20054915372585], [8.666928967210279, 55.147514668862556], [8.646176342698555, 55.140597127358646], [8.597497346930322, 55.1379283227661], [8.545871990891909, 55.1436288893758], [8.552362523661007, 55.16164865798474], [8.566368410162744, 55.16660195930852], [8.576275012810314, 55.17445892002901], [8.575250191846772, 55.17958302484672], [8.55441216558809, 55.1881231995429], [8.532207711378017, 55.19034364496391], [8.529304051981317, 55.19375971484238], [8.512223702588955, 55.19324730436061], [8.503683527892772, 55.19973783712971], [8.489677641391035, 55.19700498122693], [8.478233807298151, 55.189148020506444], [8.47345130946829, 55.182145077255576], [8.477892200310304, 55.1765085619561], [8.472255685010824, 55.17565454448648], [8.461495064893636, 55.16113624750297], [8.459616226460478, 55.1338076884752], [8.4474891783919, 55.09828056173908], [8.46678997320527, 55.09230243945176], [8.491898086812043, 55.07727173198648], [8.48233309115232, 55.076246911022935], [8.460811850917944, 55.08922797656113], [8.450905248270372, 55.09110681499429], [8.451076051764296, 55.087007531140124], [8.480795859707008, 55.061728614039424], [8.4879696064518, 55.058995758136646], [8.49864482482203, 55.06258263150904], [8.508807632710486, 55.05711691970348], [8.513333925299461, 55.05899575813664], [8.503683527892775, 55.065315487411816], [8.506587187289478, 55.07018338698864], [8.52973106071613, 55.07018338698863], [8.551593907938354, 55.08094400710582], [8.533317934088528, 55.09443748312579], [8.542114314025593, 55.111859439506], [8.533403335835489, 55.129623002874055], [8.539125252881929, 55.1404690247382], [8.586779427686622, 55.13560112516138], [8.642546768452688, 55.137992374076305], [8.667142471577689, 55.13355148323429], [8.648183283752164, 55.101782033364486], [8.631615344841572, 55.08282284553896], [8.618975886291222, 55.054127858559795], [8.61555981641275, 55.02492046109885], [8.639728510802943, 54.97820570551072], [8.639216100321173, 54.953695404132674], [8.62683284701171, 54.92722086257453], [8.621110929965269, 54.92346318570821], [8.618036467074644, 54.915264617999874], [8.619232091532108, 54.90885948697774], [8.65877310037543, 54.90698064854457], [8.703352812289499, 54.889558692164336], [8.724532445536028, 54.89194994107927], [8.754081449984815, 54.88819226421295], [8.778335546121971, 54.90151493673899], [8.795928305996105, 54.89878208083621], [8.804126873704439, 54.90219815071468], [8.817449546230481, 54.90117332975114], [8.832138646707913, 54.891608334091416], [8.87483952018882, 54.89758645637875], [8.928130210292993, 54.89519520746382], [8.98688661220272, 54.881530927949925], [9.027196236768697, 54.86513379253326], [9.130532350592492, 54.86462138205145], [9.170671171664546, 54.85164031651326], [9.184335451178438, 54.851298709525416], [9.223449451286948, 54.84173371386569], [9.228061145622885, 54.839000857962915], [9.218666953457086, 54.82772782736396], [9.231989625983129, 54.80859783604451], [9.244116674051707, 54.80398614170857], [9.260513809468375, 54.805010962672114], [9.27725255187289, 54.798008019421246], [9.277935765848584, 54.80091167881795], [9.307143163309524, 54.801424089299715], [9.327981189568208, 54.79749560893948], [9.338058595709702, 54.80808542556274], [9.356419971306492, 54.81261171815174], [9.367265993170642, 54.830887692001575], [9.397156604607277, 54.834474565373974], [9.405696779303458, 54.82516577495513], [9.421069093756586, 54.825251176702096], [9.433281543572125, 54.83063148676069], [9.447799840555632, 54.831058495495505], [9.470943713982281, 54.840879696396094], [9.49545401536032, 54.86026589295643], [9.510228517584713, 54.86667102397855], [9.520562128967093, 54.8670126309664], [9.526369447760496, 54.870514102591834], [9.548488500223606, 54.86837905891779], [9.558053495883328, 54.87307615500069], [9.565825054856854, 54.881701731443826], [9.562579788472306, 54.89203534282621], [9.587004688103383, 54.89733025113784], [9.58913973177743, 54.90091712451024], [9.582563797261368, 54.904076989147825], [9.584399934821048, 54.90745035815283], [9.598619325690189, 54.90403428827433], [9.604682849724478, 54.92000441495619], [9.610831775505728, 54.92384749356947], [9.625777081224046, 54.922822672605925], [9.649689570373354, 54.910524821043424], [9.660450190490542, 54.908475179116344], [9.6641224656099, 54.90411969002129], [9.654045059468407, 54.89805616598699], [9.62688730393455, 54.90300946731078], [9.591787185933246, 54.89865397821573], [9.589481338765276, 54.89481089960245], [9.61279601568585, 54.88413568123222], [9.627741321404168, 54.88319626201564], [9.634146452426304, 54.87303345412718], [9.64524867953134, 54.87149622268187], [9.641918011399829, 54.86457868117797], [9.627655919657206, 54.857490336180135], [9.629876365078212, 54.850572794676225], [9.691451024637681, 54.84638810907509], [9.701186823791328, 54.837164720403216], [9.720829225592546, 54.83016177715235], [9.736030736551749, 54.83033258064627], [9.752257068474492, 54.84416766365408], [9.747132963656783, 54.853903462807736], [9.735518326069977, 54.85919837111936], [9.73193145269758, 54.87217943665756], [9.722366457037857, 54.87764514846312], [9.699991199333862, 54.87918237990843], [9.694183880540459, 54.881232021835515], [9.693159059576917, 54.88584371617145], [9.695379504997925, 54.89096782098916], [9.707335749572579, 54.89250505243447], [9.755758540099926, 54.888234965086404], [9.76438411654307, 54.89037000876045], [9.770874649312168, 54.89891018345662], [9.761309653652443, 54.904034288274325], [9.74747457064463, 54.92162704814846], [9.74183805534515, 54.9421234674193], [9.743716893778311, 54.95339649801826], [9.730223417758344, 54.97150166837415], [9.682056832471881, 54.97662577319186], [9.663951662115977, 54.982433091985264], [9.612369006951042, 55.00224629728041], [9.599387941412846, 55.01796021872138], [9.570351347445829, 55.02650039341756], [9.548488500223604, 55.015568969806445], [9.480850316629848, 55.001221476316864], [9.447372831820816, 55.00156308330471], [9.40706320725484, 55.01181129294013], [9.416286595926717, 55.02120548510591], [9.456083810010922, 55.02957485630817], [9.48563281445971, 55.030258070283864], [9.513815390957108, 55.04067708341321], [9.54028993251527, 55.05861145027519], [9.539094308057807, 55.06903046340452], [9.526796456495305, 55.072788140270845], [9.510399321078637, 55.087135633760425], [9.491781740240961, 55.092772149059904], [9.491098526265267, 55.097896253877636], [9.459329076395472, 55.09482179098701], [9.451472115674985, 55.09755464688979], [9.459670683383319, 55.100629109780414], [9.452838543626374, 55.10233714471965], [9.453180150614221, 55.105753214598124], [9.46206193229825, 55.109510891464446], [9.505787626742698, 55.10609482158597], [9.49075691927742, 55.119417494112014], [9.4869992424111, 55.13274016663806], [9.520135120232283, 55.14777087410334], [9.5491717141993, 55.153919799884584], [9.570009740457982, 55.16553443747139], [9.59153098069236, 55.16963372132556], [9.604170439242708, 55.16758407939847], [9.61510186285382, 55.156994262775214], [9.63389024718542, 55.15596944181167], [9.678299155605563, 55.17100014927695], [9.686497723313897, 55.175099433131116], [9.68239843945973, 55.18329800083945], [9.686497723313897, 55.202427992158896], [9.706652535596884, 55.21267620179432], [9.7110934264389, 55.22668208829605], [9.702553251742717, 55.23693029793147], [9.667965544223183, 55.253669040336], [9.63158440001745, 55.28569469544668], [9.621506993875956, 55.284413669242255], [9.641234797424131, 55.3012805142672], [9.638160334533506, 55.312510843992676], [9.617792017883115, 55.32711454272316], [9.596484282016144, 55.327370747964075], [9.59067696322274, 55.33100032220995], [9.59071966409622, 55.3344590929619], [9.608910236199087, 55.3467569445244], [9.613607332281987, 55.356065734943236], [9.583631319098387, 55.38604174812681], [9.584485336568006, 55.389884826740094], [9.605750371561497, 55.39765638571362], [9.646914013597092, 55.4044031237236], [9.682953550814979, 55.423703918536965], [9.680733105393971, 55.43250029847403], [9.636196094353384, 55.457309505966464], [9.631071989535677, 55.456540890243815], [9.617792017883115, 55.46307412388639], [9.59554486279956, 55.46051207147752], [9.582179489400037, 55.452996717744874], [9.56582505485685, 55.45355182910013], [9.563263002447995, 55.45666899286424], [9.538368393208627, 55.45666899286422], [9.500193812316695, 55.45052006708298], [9.495325912739872, 55.4535945299736], [9.492507655090133, 55.46273251689851], [9.504890908399595, 55.46537997105433], [9.574664135667398, 55.46452595358471], [9.57056485181323, 55.474090949244435], [9.550837048265052, 55.48135009773619], [9.5681736028983, 55.47716541213506], [9.57850721428068, 55.48228951695277], [9.56766119241653, 55.482545722193656], [9.558010795009844, 55.486815809541746], [9.560829052659585, 55.49253772658819], [9.59507515319127, 55.483655944904136], [9.607116799512887, 55.47451795797922], [9.623001524447785, 55.47827563484554], [9.634530760287628, 55.47554277894275], [9.64870745028329, 55.48186250821792], [9.659980480882249, 55.49125670038372], [9.671936725456902, 55.4917691108655], [9.720957328212984, 55.48305813267539], [9.735304821702568, 55.48476616761463], [9.732913572787638, 55.49518518074397], [9.725739826042846, 55.50150491001914], [9.721811345682603, 55.510215888209245], [9.729326699415243, 55.52089110657948], [9.762206371995541, 55.52234293627783], [9.76681806633148, 55.53575101055083], [9.784496227952573, 55.54599922018623], [9.793378009636601, 55.5588094822305], [9.8526468220281, 55.584430006319046], [9.850938787088865, 55.58835848667929], [9.818656926737297, 55.58972491463068], [9.766732664584515, 55.58511322029474], [9.750335529167847, 55.586479648246126], [9.73923330206281, 55.59604464390584], [9.735817232184338, 55.61329579679213], [9.731034734354477, 55.619444722573384], [9.693799572679126, 55.62576445184855], [9.683038952561937, 55.63396301955689], [9.680647703647006, 55.64284480124091], [9.66630021015742, 55.65104336894925], [9.582948105122691, 55.65104336894925], [9.561085257900466, 55.65240979690064], [9.550837048265048, 55.6578755087062], [9.55425311814352, 55.66812371834161], [9.571333467535883, 55.66470764846314], [9.644266559441274, 55.666586486896335], [9.663311149013758, 55.6706857707505], [9.675950607564106, 55.686570495685366], [9.674413376118794, 55.706042093992664], [9.669460074795008, 55.70945816387113], [9.648963655524172, 55.715436286158464], [9.642814729742922, 55.71287423374961], [9.624197148905246, 55.71509467917062], [9.592086092047605, 55.709799770859], [9.586961987229895, 55.71184941278609], [9.580129847472952, 55.72107280145793], [9.588840825663057, 55.73132101109334], [9.579788240485104, 55.73866556133206], [9.56356190856236, 55.73063779711765], [9.55553414434795, 55.7309794041055], [9.553313698926942, 55.7338830635022], [9.533671297125725, 55.732345832056886], [9.533158886643955, 55.737982347356365], [9.519494607130063, 55.742423238198384], [9.50326827520732, 55.76035760506036], [9.495496716233793, 55.782903666258264], [9.485248506598376, 55.78213505053561], [9.473890074252456, 55.78896719029255], [9.446134506489866, 55.78990660950913], [9.441010401672155, 55.793237277640635], [9.449550576368338, 55.80476651348048], [9.436996519564952, 55.80997602004515], [9.453052047993772, 55.81774757901868], [9.42563808721903, 55.8411476576862], [9.405654078429965, 55.84900461840669], [9.379179536871803, 55.88111567526433], [9.346299864291503, 55.89170549188759], [9.323668401346623, 55.88897263598479], [9.283700383768494, 55.894267544296426], [9.246636025587069, 55.911262491941855], [9.21512278095816, 55.91066467971312], [9.192320514519356, 55.88939964471963], [9.1897584621105, 55.8758207669527], [9.175496370367878, 55.87026965340018], [9.14628897290694, 55.84524694154037], [9.130831256706852, 55.84311189786632], [9.112640684603985, 55.831668063773435], [9.092571274067959, 55.83807319479557], [9.078821592807106, 55.828764404376734], [9.065925929015872, 55.8085241903468], [9.052944863477677, 55.813392089923624], [9.039707592698596, 55.801521247095934], [9.0220294310775, 55.80391249601084], [9.006657116624375, 55.79631174053124], [8.982061413499371, 55.805193522215276], [8.959515352301452, 55.80758477113021], [8.956440889410827, 55.81065923402083], [8.95849053133791, 55.82568994148611], [8.965322671094855, 55.840379041963544], [8.963614636155619, 55.84789439569619], [8.957807317362215, 55.85301850051389], [8.877188068230263, 55.86394992412501], [8.860620129319672, 55.861387871716154], [8.851738347635642, 55.850627251598965], [8.83653683667644, 55.84857760967188], [8.822018539692928, 55.81996802443966], [8.794604578918188, 55.81031762703297], [8.794262971930339, 55.807456668509744], [8.821164522223311, 55.791529242701365], [8.820908316982424, 55.788369378063784], [8.745413172668181, 55.778548177163145], [8.729870054721129, 55.78307446975214], [8.722610906229376, 55.787856967581995], [8.718426220628244, 55.79537232131464], [8.70416412888562, 55.79844678420526], [8.70646997605359, 55.81125704624954], [8.690670652865656, 55.81433150914016], [8.676152355882147, 55.822957085583305], [8.650361028299677, 55.81954101570481], [8.623886486741515, 55.82039503317442], [8.59587471373804, 55.81270887594786], [8.586309718078317, 55.81458771438102], [8.571108207119114, 55.827397976425296], [8.558127141580917, 55.82654395895568], [8.539680364237165, 55.82176146112582], [8.534556259419455, 55.81663735630811], [8.547537324957652, 55.80160664884283], [8.514743054124315, 55.78896719029248], [8.509063837951354, 55.778377373669194], [8.514230643642543, 55.76812916403378], [8.509747051927048, 55.762919657469105], [8.50176198858612, 55.759802493705], [8.466106759229563, 55.76099811816248], [8.463971715555518, 55.759887895451975], [8.466789973205257, 55.75433678189946], [8.452100872727826, 55.75775285177793], [8.444073108513416, 55.76817186490725], [8.42255186827904, 55.77534561165204], [8.42579713466359, 55.781494537433296], [8.384633492627994, 55.78610623176923], [8.36174582444223, 55.80352818814944], [8.353034846252124, 55.80386979513729], [8.33168440951167, 55.78593542827531], [8.283688627719128, 55.78491060731179], [8.24935712544048, 55.798404083331754], [8.230910348096726, 55.802332563692], [8.235009631950895, 55.81309318380919], [8.220662138461309, 55.81736327115728], [8.194016793409224, 55.82146255501144], [8.188892688591515, 55.8182172886269], [8.190771527024674, 55.80899389995502]]], [[[9.534387690289151, 55.10283985226], [9.542718492980711, 55.09480657823599], [9.555065932684272, 55.09153376289288], [9.561685945537386, 55.093318934898214], [9.562504149373165, 55.0994182725831], [9.545173104488045, 55.110203686782], [9.534387690289151, 55.10283985226]]]]}}]}