{"type": "FeatureCollection", "features": [{"type": "Feature", "properties": {"name": "France"}, "geometry": {"type": "MultiPolygon", "coordinates": [[[[2.537033, 51.06461], [2.55698, 51.001177], [2.60845, 50.961128], [2.611654, 50.941233], [2.576928, 50.911519], [2.596668, 50.867646], [2.586746, 50.845425], [2.620439, 50.816486], [2.691856, 50.808838], [2.706635, 50.788787], [2.743842, 50.766205], [2.768234, 50.733235], [2.786734, 50.723365], [2.886883, 50.696648], [2.930188, 50.736232], [2.971425, 50.757833], [3.103304, 50.784085], [3.129245, 50.779072], [3.146195, 50.768892], [3.188983, 50.715097], [3.224433, 50.705175], [3.232391, 50.695925], [3.24376, 50.672102], [3.229808, 50.65541], [3.264327, 50.570196], [3.271045, 50.526943], [3.299881, 50.507461], [3.361066, 50.489787], [3.429175, 50.501828], [3.477131, 50.519863], [3.498008, 50.511853], [3.486743, 50.492681], [3.499145, 50.48679], [3.563741, 50.486532], [3.608286, 50.476507], [3.644356, 50.445501], [3.661719, 50.319307], [3.696859, 50.298223], [3.733446, 50.337239], [3.755047, 50.346334], [3.84021, 50.345197], [3.895917, 50.325301], [4.0033, 50.34406], [4.097868, 50.294812], [4.125257, 50.25714], [4.143654, 50.251611], [4.150992, 50.256262], [4.150268, 50.269543], [4.162774, 50.272953], [4.197604, 50.258484], [4.201325, 50.241534], [4.167942, 50.222465], [4.152749, 50.204534], [4.125774, 50.128156], [4.180551, 50.127226], [4.210006, 50.06015], [4.137349, 50.025061], [4.128151, 50.005786], [4.13027411258956, 50.0], [1.2505139110222954, 50.0], [1.260997, 50.007514], [1.391287, 50.075181], [1.455821, 50.123603], [1.486827, 50.185045], [1.521007, 50.214667], [1.555349, 50.217719], [1.654307, 50.186591], [1.672537, 50.192532], [1.672537, 50.199368], [1.655284, 50.200507], [1.644542, 50.212388], [1.66505, 50.212388], [1.66505, 50.219794], [1.625499, 50.224311], [1.610037, 50.232245], [1.593923, 50.256293], [1.541515, 50.277899], [1.551524, 50.349066], [1.572032, 50.375678], [1.610362, 50.370673], [1.610362, 50.376899], [1.555186, 50.404771], [1.573497, 50.44538], [1.579275, 50.533149], [1.610362, 50.548163], [1.577891, 50.588609], [1.563162, 50.67829], [1.567638, 50.716742], [1.605642, 50.790025], [1.580577, 50.868801], [1.604828, 50.881049], [1.653331, 50.889106], [1.729828, 50.943915], [1.921397, 50.996772], [2.134044, 51.019965], [2.316091, 51.059027], [2.384451, 51.055325], [2.466075, 51.068793], [2.5218, 51.087541], [2.537033, 51.06461]]], [[[4.672924, 50.01638], [4.680572, 50.048316], [4.67344, 50.066196], [4.681915, 50.083921], [4.788575, 50.153374], [4.815551, 50.161332], [4.820098, 50.146449], [4.862679, 50.147586], [4.871878, 50.139783], [4.862886, 50.084076], [4.84604, 50.09069], [4.827229, 50.064077], [4.826713, 50.036017], [4.8068846966109975, 50.0], [4.6631824474986265, 50.0], [4.672924, 50.01638]]]]}}, {"type": "Feature", "properties": {"name": "Russia"}, "geometry": {"type": "Polygon", "coordinates": [[[19.680276, 54.436678], [19.609548, 54.456732], [19.73406, 54.525702], [19.831879, 54.598131], [19.900157, 54.66706], [19.900157, 54.687567], [19.930186, 54.719428], [19.961681, 54.773179], [19.952322, 54.816311], [19.920665, 54.889594], [19.940766, 54.934394], [19.976736, 54.964586], [19.99586, 54.968085], [20.0, 54.96590822340257], [20.0, 54.426747534392874], [19.680276, 54.436678]]]}}, {"type": "Feature", "properties": {"name": "Czechia"}, "geometry": {"type": "MultiPolygon", "coordinates": [[[[14.867857, 50.86439], [14.982062, 50.859067], [14.981132, 50.90909], [14.997771, 50.930174], [14.996635, 50.959216], [14.965215, 50.981334], [14.960978, 50.992651], [14.996531, 51.007844], [15.003973, 51.020685], [15.02299, 51.009652], [15.073632, 51.002624], [15.107946, 50.981024], [15.119211, 50.982471], [15.13151, 51.005828], [15.144429, 51.011564], [15.156108, 51.007844], [15.170164, 50.977975], [15.227111, 50.977406], [15.253776, 50.969035], [15.269796, 50.952653], [15.253053, 50.914103], [15.25605, 50.899892], [15.28778, 50.854881], [15.341006, 50.83173], [15.352995, 50.812972], [15.349688, 50.783723], [15.356096, 50.775455], [15.370255, 50.772613], [15.400124, 50.797986], [15.441775, 50.800208], [15.641866, 50.755766], [15.684345, 50.731426], [15.792245, 50.742692], [15.848159, 50.675151], [15.882265, 50.674221], [15.941486, 50.68838], [15.971459, 50.678613], [15.998641, 50.635567], [15.996367, 50.623681], [15.980037, 50.612984], [15.982001, 50.603631], [16.024479, 50.608592], [16.086491, 50.64678], [16.128658, 50.644042], [16.175477, 50.624095], [16.192324, 50.626575], [16.219092, 50.659131], [16.232011, 50.660888], [16.300948, 50.6551], [16.331644, 50.644042], [16.416806, 50.586629], [16.425901, 50.567561], [16.394482, 50.559344], [16.391175, 50.521827], [16.352624, 50.492785], [16.287719, 50.492785], [16.264981, 50.471649], [16.211237, 50.451289], [16.217955, 50.437129], [16.198008, 50.440023], [16.190153, 50.424158], [16.199559, 50.406278], [16.232011, 50.402609], [16.24493, 50.376823], [16.2625, 50.36442], [16.288649, 50.371862], [16.343736, 50.36995], [16.353244, 50.333518], [16.371021, 50.318377], [16.437787, 50.297965], [16.50476, 50.227995], [16.535042, 50.207738], [16.566668, 50.142212], [16.618654, 50.10702], [16.660616, 50.093016], [16.701233, 50.094928], [16.817712, 50.186757], [16.880964, 50.191563], [16.918998, 50.217091], [16.955275, 50.213474], [16.960339, 50.231974], [16.98101, 50.229183], [16.996306, 50.212905], [17.008398, 50.20996], [17.014806, 50.218486], [16.987831, 50.284942], [16.926543, 50.319255], [16.897914, 50.378218], [16.865874, 50.408449], [16.865771, 50.422401], [16.892953, 50.432943], [16.958789, 50.414598], [17.084672, 50.397958], [17.131698, 50.376823], [17.187612, 50.378476], [17.195053, 50.351915], [17.210866, 50.336412], [17.24611, 50.322149], [17.337474, 50.313002], [17.319077, 50.308248], [17.334063, 50.295691], [17.341711, 50.259724], [17.355044, 50.253264], [17.365896, 50.271558], [17.388013, 50.272643], [17.409821, 50.261326], [17.424187, 50.240552], [17.44, 50.242722], [17.469352, 50.265563], [17.629549, 50.262101], [17.676368, 50.297396], [17.684533, 50.312382], [17.707994, 50.311039], [17.734452, 50.28949], [17.719156, 50.252799], [17.747578, 50.217504], [17.738173, 50.202363], [17.675334, 50.174716], [17.589448, 50.163244], [17.584177, 50.145881], [17.632753, 50.106348], [17.648359, 50.101801], [17.677608, 50.107744], [17.731971, 50.094876], [17.719466, 50.080872], [17.74303, 50.060563], [17.763287, 50.025216], [17.80047953655983, 50.0], [12.368615152659538, 50.0], [12.24688, 50.044957], [12.232514, 50.08051], [12.187865, 50.102834], [12.179184, 50.117976], [12.185592, 50.155699], [12.17505, 50.182623], [12.13929, 50.211045], [12.089887, 50.230837], [12.079552, 50.242722], [12.109111, 50.263806], [12.110971, 50.276622], [12.10725, 50.290885], [12.076141, 50.315173], [12.149315, 50.311711], [12.168538, 50.302977], [12.178047, 50.268767], [12.239645, 50.256572], [12.242436, 50.248355], [12.22993, 50.234816], [12.254321, 50.217401], [12.273235, 50.172339], [12.283363, 50.162211], [12.300417, 50.160815], [12.314369, 50.167327], [12.305584, 50.199314], [12.308685, 50.217091], [12.3338, 50.242722], [12.336487, 50.258587], [12.367183, 50.279051], [12.398189, 50.315173], [12.466815, 50.34189], [12.475083, 50.369433], [12.510223, 50.38876], [12.625358, 50.399922], [12.691814, 50.394651], [12.737909, 50.431548], [12.817388, 50.44302], [12.918363, 50.4054], [12.952573, 50.40416], [12.996602, 50.433667], [13.009624, 50.492681], [13.160106, 50.497022], [13.19907, 50.525341], [13.232349, 50.58203], [13.284646, 50.568956], [13.305627, 50.575777], [13.321853, 50.60239], [13.368775, 50.628332], [13.407016, 50.601305], [13.447944, 50.597274], [13.498173, 50.629159], [13.493315, 50.643215], [13.523288, 50.66218], [13.527215, 50.675668], [13.51564, 50.691016], [13.556567, 50.706725], [13.834535, 50.723675], [13.882181, 50.742744], [13.87908, 50.763518], [13.892516, 50.780416], [13.923315, 50.779951], [13.959592, 50.802068], [14.034936, 50.802585], [14.190792, 50.847905], [14.232133, 50.879376], [14.346545, 50.880203], [14.375897, 50.895964], [14.381892, 50.920872], [14.31833, 50.937512], [14.292802, 50.95348], [14.293732, 50.96397], [14.303757, 50.969707], [14.238335, 50.982471], [14.263553, 51.021435], [14.287531, 51.036834], [14.319363, 51.040012], [14.35657, 51.032338], [14.375897, 51.01699], [14.397808, 51.013115], [14.462094, 51.019652], [14.482144, 51.037196], [14.502918, 51.008516], [14.542295, 50.998749], [14.574335, 50.975494], [14.575575, 50.95069], [14.550357, 50.912087], [14.561829, 50.906351], [14.629215, 50.920717], [14.634589, 50.9094], [14.611852, 50.870953], [14.613195, 50.84558], [14.647922, 50.839379], [14.700425, 50.815969], [14.759233, 50.810181], [14.785071, 50.820052], [14.810393, 50.858447], [14.867857, 50.86439]]], [[[18.032418, 50.00284], [18.035726, 50.017207], [18.028698, 50.024131], [18.00689, 50.024131], [18.002446, 50.046765], [18.091639, 50.017207], [18.085566325220878, 50.0], [18.006812057165543, 50.0], [18.032418, 50.00284]]]]}}, {"type": "Feature", "properties": {"name": "Germany"}, "geometry": {"type": "MultiPolygon", "coordinates": [[[[6.117177, 50.004391], [6.113766, 50.036378], [6.096403, 50.048626], [6.109425, 50.06356], [6.0994, 50.064129], [6.110562, 50.105987], [6.129476, 50.134047], [6.115833, 50.145467], [6.121311, 50.16159], [6.159138, 50.172443], [6.165132, 50.181899], [6.160171, 50.204534], [6.146839, 50.214042], [6.189627, 50.242722], [6.271792, 50.267424], [6.269415, 50.286492], [6.285952, 50.303856], [6.362019, 50.306956], [6.374525, 50.315483], [6.372458, 50.329436], [6.337732, 50.368089], [6.351167, 50.433564], [6.331634, 50.446896], [6.323262, 50.466016], [6.336905, 50.481003], [6.255566, 50.494593], [6.207197, 50.486325], [6.182599, 50.506582], [6.190557, 50.515212], [6.170817, 50.517951], [6.177328, 50.530198], [6.160688, 50.543583], [6.179085, 50.561979], [6.232932, 50.587146], [6.251329, 50.608437], [6.249055, 50.614431], [6.180015, 50.615516], [6.159448, 50.622389], [6.147769, 50.636755], [6.161102, 50.642181], [6.081003, 50.713495], [6.01155, 50.708534], [6.010826, 50.737059], [5.994187, 50.742589], [5.997081, 50.762949], [5.972999, 50.781811], [5.968762, 50.794627], [5.983955, 50.792198], [5.998321, 50.800725], [6.000491, 50.830439], [6.009276, 50.840464], [6.045553, 50.844184], [6.056715, 50.852659], [6.063123, 50.870901], [6.054648, 50.891468], [6.063743, 50.90754], [5.999871, 50.929399], [5.99584, 50.951775], [6.003695, 50.973737], [5.927731, 50.977665], [5.874607, 50.965366], [5.873574, 50.990584], [5.858174, 51.019342], [5.85249, 51.042751], [5.880498, 51.052053], [5.919566, 51.029703], [5.937963, 51.030943], [5.982921, 51.074687], [6.147252, 51.152254], [6.126272, 51.164578], [6.157071, 51.179254], [6.134126, 51.184215], [6.08431, 51.162692], [6.060849, 51.170909], [6.053718, 51.189383], [6.056612, 51.211707], [6.06519, 51.231629], [6.147769, 51.318161], [6.193554, 51.344516], [6.207817, 51.387666], [6.192727, 51.398957], [6.205337, 51.458436], [6.193348, 51.509338], [6.086481, 51.595534], [6.08214, 51.607807], [6.099193, 51.644472], [6.031497, 51.662998], [6.008553, 51.681188], [6.021989, 51.709506], [6.012067, 51.715863], [5.97827, 51.729789], [5.939306, 51.731882], [5.940133, 51.742631], [5.962354, 51.756351], [5.964111, 51.776556], [5.950778, 51.795909], [5.928041, 51.806736], [5.931451, 51.81565], [6.084, 51.853658], [6.156141, 51.842056], [6.092992, 51.88531], [6.126995, 51.89673], [6.22518, 51.862546], [6.264661, 51.866189], [6.287399, 51.846165], [6.341969, 51.836682], [6.344966, 51.821102], [6.382483, 51.827587], [6.386617, 51.837561], [6.378453, 51.860117], [6.462892, 51.848361], [6.528624, 51.876421], [6.628153, 51.897505], [6.716675, 51.899262], [6.743753, 51.908331], [6.789849, 51.951145], [6.810726, 51.960576], [6.809176, 51.979542], [6.77817, 52.001271], [6.675024, 52.034809], [6.679881, 52.060467], [6.711404, 52.067288], [6.749851, 52.102867], [6.830673, 52.112893], [6.88483, 52.160332], [6.927721, 52.171907], [6.981878, 52.213997], [7.02632, 52.230637], [7.011851, 52.26663], [7.012471, 52.284949], [7.039756, 52.328616], [7.048231, 52.365074], [7.034175, 52.390783], [6.9733, 52.451373], [6.951493, 52.437472], [6.90023, 52.431917], [6.714814, 52.461553], [6.695074, 52.475609], [6.684015, 52.525994], [6.671716, 52.541678], [6.743753, 52.559713], [6.703962, 52.583071], [6.710164, 52.60865], [6.701792, 52.619115], [6.737035, 52.634695], [6.8654, 52.641956], [6.91842, 52.632189], [6.967719, 52.636659], [7.018465, 52.625988], [7.036655, 52.647382], [7.061977, 52.824012], [7.079857, 52.854424], [7.161919, 52.932636], [7.183623, 52.966122], [7.192821, 52.998006], [7.18507, 53.105442], [7.171944, 53.137714], [7.195405, 53.184998], [7.194591, 53.245022], [7.233572, 53.273627], [7.23699, 53.285549], [7.229503, 53.296576], [7.254731, 53.319525], [7.291515, 53.32392], [7.366547, 53.302802], [7.34254, 53.324042], [7.302908, 53.33275], [7.075206, 53.337592], [7.038259, 53.348578], [7.023611, 53.37641], [7.023285, 53.450507], [7.051443, 53.5126], [7.059744, 53.521715], [7.11964, 53.516303], [7.141775, 53.537177], [7.131114, 53.556952], [7.088878, 53.573717], [7.086762, 53.586859], [7.226085, 53.66649], [7.305024, 53.684801], [7.458832, 53.695136], [7.503917, 53.678656], [7.951427, 53.72191], [8.031423, 53.708075], [8.024913, 53.672553], [8.052908, 53.636298], [8.094086, 53.604722], [8.127615, 53.590766], [8.119151, 53.571926], [8.156749, 53.563666], [8.167979, 53.553209], [8.155447, 53.526028], [8.115733, 53.510728], [8.058767, 53.502021], [8.076996, 53.468695], [8.099783, 53.447414], [8.123871, 53.454006], [8.152354, 53.449774], [8.205333, 53.410712], [8.259451, 53.412299], [8.292817, 53.440497], [8.315115, 53.474921], [8.320486, 53.509223], [8.291515, 53.529364], [8.231212, 53.525214], [8.248871, 53.590277], [8.270681, 53.61286], [8.329356, 53.618109], [8.348481, 53.61286], [8.387706, 53.577135], [8.552094, 53.543606], [8.552094, 53.5362], [8.506196, 53.507961], [8.490001, 53.486396], [8.485037, 53.40119], [8.504405, 53.358059], [8.497569, 53.474758], [8.512869, 53.496487], [8.556651, 53.518215], [8.565766, 53.546698], [8.508311, 53.625149], [8.487071, 53.666938], [8.486095, 53.700426], [8.529633, 53.770697], [8.556163, 53.830959], [8.587576, 53.870429], [8.629242, 53.88939], [8.672699, 53.891588], [8.74464, 53.854153], [8.860688, 53.831], [9.016287, 53.840522], [9.035004, 53.853583], [9.114513, 53.865139], [9.193614, 53.864691], [9.210704, 53.871975], [9.283376, 53.86164], [9.40268, 53.742418], [9.484711, 53.69009], [9.498383, 53.659857], [9.582367, 53.591295], [9.637218, 53.581], [9.696625, 53.556627], [9.832042, 53.543606], [9.819591, 53.556627], [9.782074, 53.569729], [9.692393, 53.575914], [9.583669, 53.612454], [9.550792, 53.634589], [9.532237, 53.711168], [9.435802, 53.748684], [9.412446, 53.778754], [9.395193, 53.831], [9.358735, 53.839545], [9.257823, 53.885565], [9.093435, 53.892483], [9.029959, 53.907131], [9.007823, 53.892483], [8.98463, 53.89704], [8.916026, 53.937405], [8.833344, 54.036444], [8.890636, 54.047797], [8.975352, 54.024075], [8.997244, 54.030219], [9.013031, 54.060981], [9.018321, 54.097886], [8.974457, 54.128079], [8.977306, 54.145697], [8.952891, 54.150092], [8.917979, 54.146308], [8.860688, 54.12519], [8.812836, 54.180487], [8.84669, 54.233547], [8.83961, 54.255561], [8.922048, 54.274237], [8.963145, 54.317613], [8.881114, 54.290269], [8.88795, 54.303941], [8.774669, 54.290269], [8.738943, 54.293891], [8.678477, 54.269192], [8.623383, 54.290107], [8.602712, 54.312079], [8.599864, 54.33808], [8.641368, 54.355658], [8.695567, 54.358588], [8.695567, 54.365424], [8.650645, 54.377997], [8.634776, 54.365424], [8.626231, 54.37641], [8.629161, 54.387681], [8.648448, 54.406399], [8.66977, 54.400824], [8.750824, 54.413804], [8.886078, 54.417792], [9.004731, 54.465888], [9.011567, 54.506334], [8.90447, 54.580634], [8.878754, 54.606513], [8.825857, 54.598131], [8.819021, 54.605618], [8.853282, 54.619289], [8.805431, 54.687567], [8.688731, 54.735297], [8.694347, 54.76024], [8.648448, 54.817857], [8.642751, 54.844184], [8.660776, 54.896311], [8.732779, 54.889054], [8.824246, 54.9059], [8.904138, 54.897942], [8.982686, 54.879339], [9.194766, 54.8504], [9.21151, 54.841822], [9.226392, 54.805906], [9.244066, 54.801772], [9.332019, 54.803219], [9.385039, 54.819394], [9.405193, 54.808387], [9.451427, 54.81037], [9.510997, 54.827826], [9.579926, 54.866278], [9.583181, 54.830268], [9.73463, 54.807318], [9.801768, 54.783393], [9.823741, 54.756741], [9.895356, 54.769477], [9.891449, 54.790269], [9.91505, 54.791205], [9.94752, 54.779527], [9.97047, 54.762641], [9.990489, 54.720526], [10.01824, 54.701239], [10.005382, 54.695502], [9.97047, 54.701239], [9.932384, 54.685248], [9.929454, 54.673896], [9.996349, 54.678778], [10.011404, 54.66706], [10.033539, 54.672919], [10.039073, 54.666815], [10.031912, 54.652777], [10.037608, 54.619086], [10.026866, 54.559963], [10.010427, 54.534329], [9.965587, 54.506171], [9.925304, 54.493109], [9.840099, 54.482123], [9.840099, 54.475287], [9.883311, 54.462104], [10.124685, 54.495754], [10.143403, 54.491848], [10.203868, 54.461005], [10.18393, 54.449368], [10.197032, 54.410102], [10.191254, 54.396715], [10.141775, 54.37226], [10.148285, 54.36518], [10.141775, 54.358588], [10.155528, 54.343411], [10.141775, 54.324408], [10.180349, 54.341132], [10.224376, 54.413804], [10.272146, 54.420071], [10.31837, 54.443305], [10.36085, 54.441107], [10.44337, 54.406399], [10.601085, 54.365424], [10.690196, 54.31623], [10.731293, 54.310207], [10.77711, 54.315131], [10.867931, 54.358588], [10.935313, 54.379543], [11.018809, 54.385891], [11.018809, 54.379096], [10.975841, 54.378404], [11.010509, 54.377183], [11.033946, 54.367621], [11.104177, 54.39289], [11.135509, 54.385891], [11.087738, 54.351752], [11.06658, 54.358588], [11.094493, 54.283515], [11.087087, 54.270901], [11.094493, 54.225084], [11.09018, 54.207994], [11.06658, 54.183905], [10.95045, 54.139472], [10.892833, 54.102525], [10.836111, 54.089993], [10.822276, 54.097357], [10.805431, 54.094875], [10.752615, 54.050116], [10.780447, 54.009955], [10.826915, 53.995429], [10.875499, 53.995429], [10.88738, 53.963935], [10.90211, 53.961371], [10.922618, 53.961371], [10.964692, 53.985419], [11.053477, 54.00849], [11.175059, 54.018012], [11.190766, 54.010321], [11.204356, 53.989244], [11.245372, 53.97842], [11.242931, 53.945217], [11.293712, 53.940863], [11.334158, 53.961371], [11.358246, 53.940863], [11.399913, 53.940863], [11.438731, 53.909125], [11.457693, 53.906155], [11.476817, 53.952704], [11.472423, 53.968817], [11.497895, 53.981838], [11.49171, 54.002346], [11.52589, 54.022773], [11.519054, 54.036444], [11.553233, 54.030219], [11.573497, 54.039049], [11.591319, 54.065619], [11.624522, 54.083645], [11.625255, 54.109809], [11.657888, 54.142239], [11.689708, 54.155219], [11.72877, 54.158515], [11.812266, 54.149807], [12.050629, 54.179918], [12.088145, 54.194078], [12.091645, 54.114], [12.115001, 54.097886], [12.095063, 54.145697], [12.105479, 54.157375], [12.134288, 54.166978], [12.142833, 54.180487], [12.101329, 54.173651], [12.108897, 54.18301], [12.18686, 54.243354], [12.289399, 54.275092], [12.342133, 54.303941], [12.438324, 54.395819], [12.501964, 54.473578], [12.533865, 54.488267], [12.527029, 54.482123], [12.54835, 54.462063], [12.591482, 54.451728], [12.819102, 54.451728], [12.856619, 54.441107], [12.879649, 54.448798], [12.908376, 54.444648], [12.921153, 54.433498], [12.870779, 54.416815], [12.694591, 54.433661], [12.670421, 54.420071], [12.624197, 54.422919], [12.608409, 54.406399], [12.602224, 54.413804], [12.581716, 54.406399], [12.587657, 54.394029], [12.602224, 54.392076], [12.594737, 54.385891], [12.554047, 54.390815], [12.527029, 54.37226], [12.490977, 54.390082], [12.438487, 54.387519], [12.418468, 54.360663], [12.424001, 54.344916], [12.396739, 54.351752], [12.389903, 54.344916], [12.396495, 54.332953], [12.391612, 54.321112], [12.362559, 54.310207], [12.380138, 54.277086], [12.368826, 54.269192], [12.412446, 54.25141], [12.436778, 54.247707], [12.458181, 54.255561], [12.41033, 54.269192], [12.42628, 54.289618], [12.472423, 54.310207], [12.478689, 54.331855], [12.560557, 54.358588], [12.540782, 54.365424], [12.540782, 54.37226], [12.574229, 54.37226], [12.574229, 54.379096], [12.592947, 54.36933], [12.677257, 54.392076], [12.670421, 54.406399], [12.680837, 54.410875], [12.71754, 54.413804], [12.71754, 54.406399], [12.692393, 54.396186], [12.684093, 54.37226], [12.7046, 54.399604], [12.735037, 54.37816], [12.746104, 54.385891], [12.768565, 54.380072], [12.78712, 54.392076], [12.818044, 54.357978], [12.854666, 54.357856], [12.875987, 54.365424], [12.903819, 54.399604], [12.929373, 54.414374], [13.0088, 54.438056], [13.03419, 54.433661], [13.021495, 54.426459], [13.021007, 54.414537], [13.040375, 54.392076], [13.095551, 54.37226], [13.076671, 54.352525], [13.08074, 54.337144], [13.109223, 54.310207], [13.114919, 54.280015], [13.170665, 54.276597], [13.170665, 54.269192], [13.143403, 54.263007], [13.176117, 54.264838], [13.288829, 54.23428], [13.321788, 54.194525], [13.348888, 54.180487], [13.321544, 54.166815], [13.3838, 54.178127], [13.403494, 54.173651], [13.382986, 54.153144], [13.417735, 54.153144], [13.450369, 54.110419], [13.483572, 54.091295], [13.507091, 54.091051], [13.507091, 54.097886], [13.479259, 54.12519], [13.602712, 54.139472], [13.711925, 54.173651], [13.714692, 54.164049], [13.698253, 54.159329], [13.698253, 54.153144], [13.808116, 54.104682], [13.773204, 54.046332], [13.746104, 54.036444], [13.797618, 53.998928], [13.838634, 53.986314], [13.848643, 53.955552], [13.906016, 53.943061], [13.907563, 53.933539], [13.890147, 53.912909], [13.818533, 53.877997], [13.808116, 53.865139], [13.817068, 53.852932], [13.862804, 53.841254], [13.899913, 53.809149], [13.910655, 53.810492], [13.984223, 53.773993], [14.017345, 53.769517], [14.037446, 53.755276], [14.186534, 53.739814], [14.214692, 53.744859], [14.234141, 53.761786], [14.264496, 53.751614], [14.267426, 53.735419], [14.259532, 53.727973], [14.212738, 53.708075], [14.263901, 53.699976], [14.260969, 53.656209], [14.297039, 53.597763], [14.296936, 53.529137], [14.30417, 53.508518], [14.359878, 53.444077], [14.403286, 53.27879], [14.44163, 53.251841], [14.380651, 53.189855], [14.38954, 53.131668], [14.343341, 53.048624], [14.253734, 53.000875], [14.14449, 52.959921], [14.164954, 52.895661], [14.150485, 52.86463], [14.123923, 52.850651], [14.152758, 52.828327], [14.21601, 52.817992], [14.24867, 52.794582], [14.382202, 52.738152], [14.431915, 52.686088], [14.46137, 52.674564], [14.490102, 52.650638], [14.549943, 52.636194], [14.644821, 52.576921], [14.616813, 52.541032], [14.609061, 52.517803], [14.632316, 52.496745], [14.591595, 52.449797], [14.539815, 52.421866], [14.545396, 52.382153], [14.590148, 52.309418], [14.584153, 52.291228], [14.606581, 52.275751], [14.696911, 52.253478], [14.712414, 52.235908], [14.712104, 52.215444], [14.69257, 52.19958], [14.70704, 52.179452], [14.686369, 52.121032], [14.696394, 52.106691], [14.761403, 52.076667], [14.735359, 52.054033], [14.726057, 52.026438], [14.699082, 51.992512], [14.695568, 51.931457], [14.687093, 51.911897], [14.653296, 51.878617], [14.595936, 51.842418], [14.58281, 51.825081], [14.585807, 51.803893], [14.634176, 51.769012], [14.648439, 51.717206], [14.719546, 51.675632], [14.732465, 51.658347], [14.743937, 51.606644], [14.712724, 51.567422], [14.704559, 51.547992], [14.710037, 51.530241], [14.732155, 51.515823], [14.910955, 51.468978], [14.955397, 51.435415], [14.946922, 51.422909], [14.960978, 51.335291], [15.019476, 51.271678], [15.014308, 51.242661], [15.022059, 51.23677], [14.991364, 51.18897], [14.979995, 51.122798], [14.960254, 51.104582], [14.955293, 51.064042], [14.860209, 50.916842], [14.810496, 50.877051], [14.810393, 50.858447], [14.79458, 50.831627], [14.775356, 50.812972], [14.759233, 50.810181], [14.700425, 50.815969], [14.647922, 50.839379], [14.613195, 50.84558], [14.611852, 50.870953], [14.634589, 50.9094], [14.629215, 50.920717], [14.561829, 50.906351], [14.550357, 50.912087], [14.575575, 50.95069], [14.574335, 50.975494], [14.542295, 50.998749], [14.502918, 51.008516], [14.482144, 51.037196], [14.462094, 51.019652], [14.397808, 51.013115], [14.375897, 51.01699], [14.35657, 51.032338], [14.319363, 51.040012], [14.287531, 51.036834], [14.263553, 51.021435], [14.238335, 50.982471], [14.303757, 50.969707], [14.293732, 50.96397], [14.292802, 50.95348], [14.31833, 50.937512], [14.381892, 50.920872], [14.375897, 50.895964], [14.346545, 50.880203], [14.232133, 50.879376], [14.190792, 50.847905], [14.034936, 50.802585], [13.959592, 50.802068], [13.923315, 50.779951], [13.892516, 50.780416], [13.87908, 50.763518], [13.882181, 50.742744], [13.834535, 50.723675], [13.556567, 50.706725], [13.51564, 50.691016], [13.527215, 50.675668], [13.523288, 50.66218], [13.493315, 50.643215], [13.498173, 50.629159], [13.447944, 50.597274], [13.407016, 50.601305], [13.368775, 50.628332], [13.321853, 50.60239], [13.305627, 50.575777], [13.284646, 50.568956], [13.232349, 50.58203], [13.19907, 50.525341], [13.160106, 50.497022], [13.009624, 50.492681], [12.996602, 50.433667], [12.952573, 50.40416], [12.918363, 50.4054], [12.817388, 50.44302], [12.737909, 50.431548], [12.691814, 50.394651], [12.625358, 50.399922], [12.510223, 50.38876], [12.475083, 50.369433], [12.466815, 50.34189], [12.398189, 50.315173], [12.367183, 50.279051], [12.336487, 50.258587], [12.3338, 50.242722], [12.308685, 50.217091], [12.305584, 50.199314], [12.314369, 50.167327], [12.300417, 50.160815], [12.283363, 50.162211], [12.273235, 50.172339], [12.254321, 50.217401], [12.22993, 50.234816], [12.242436, 50.248355], [12.239645, 50.256572], [12.178047, 50.268767], [12.168538, 50.302977], [12.149315, 50.311711], [12.076141, 50.315173], [12.10725, 50.290885], [12.110971, 50.276622], [12.109111, 50.263806], [12.079552, 50.242722], [12.089887, 50.230837], [12.13929, 50.211045], [12.17505, 50.182623], [12.185592, 50.155699], [12.179184, 50.117976], [12.187865, 50.102834], [12.232514, 50.08051], [12.24688, 50.044957], [12.368615152659538, 50.0], [6.120351039978031, 50.0], [6.117177, 50.004391]]], [[[14.193066, 53.911491], [14.175289, 53.906478], [14.200819, 53.878157], [14.087413, 53.870429], [14.04835, 53.879381], [13.99586, 53.853746], [13.938487, 53.844672], [13.840099, 53.850287], [13.821788, 53.865139], [13.931651, 53.899319], [13.938975, 53.928209], [13.901866, 53.969794], [13.90447, 53.995429], [13.972667, 53.989244], [13.958995, 53.940863], [13.987478, 53.961412], [14.027843, 53.961371], [14.014334, 53.947089], [14.04835, 53.940863], [14.040294, 53.953843], [14.053071, 53.97842], [14.05128, 54.005072], [14.037446, 54.021715], [14.014334, 54.016018], [13.9817, 54.056342], [13.946056, 54.066596], [13.915863, 54.056383], [13.924815, 54.036444], [13.89088, 54.010159], [13.855968, 54.002346], [13.858084, 54.015774], [13.876313, 54.036444], [13.863617, 54.049994], [13.823009, 54.037909], [13.7942, 54.018134], [13.774099, 54.022773], [13.809255, 54.0751], [13.814952, 54.101264], [13.806163, 54.116645], [13.75294, 54.153144], [13.777599, 54.174018], [13.814952, 54.173651], [13.855968, 54.118354], [13.882498, 54.102444], [14.016612, 54.060004], [14.210053, 53.938463], [14.193066, 53.911491]]], [[[6.722423, 53.590766], [6.756521, 53.562893], [6.726085, 53.577135], [6.695079, 53.570299], [6.677094, 53.575629], [6.659516, 53.599107], [6.784679, 53.620063], [6.798106, 53.604438], [6.722423, 53.590766]]], [[[6.910818, 53.683661], [7.047048, 53.694159], [7.08546, 53.686998], [6.87379, 53.672756], [6.910818, 53.683661]]], [[[7.178966, 53.724066], [7.232921, 53.729438], [7.34669, 53.723212], [7.295746, 53.711005], [7.173595, 53.701402], [7.133149, 53.708075], [7.178966, 53.724066]]], [[[7.403494, 53.736721], [7.435557, 53.727973], [7.421235, 53.721137], [7.366547, 53.727973], [7.403494, 53.736721]]], [[[8.13266, 53.734036], [8.152354, 53.739163], [8.195974, 53.727973], [8.15089, 53.714301], [8.120128, 53.714301], [8.13266, 53.734036]]], [[[7.606619, 53.7626], [7.627208, 53.750922], [7.547699, 53.750434], [7.513927, 53.74551], [7.511241, 53.727973], [7.472992, 53.731879], [7.47462, 53.756822], [7.606619, 53.7626]]], [[[7.68629, 53.780992], [7.812836, 53.783149], [7.812836, 53.776353], [7.74822, 53.760932], [7.719493, 53.759914], [7.694998, 53.769517], [7.677094, 53.757799], [7.660899, 53.762112], [7.68629, 53.780992]]], [[[7.854503, 53.784573], [7.897634, 53.796291], [7.955577, 53.782904], [7.875255, 53.788398], [7.87379, 53.776353], [7.854503, 53.784573]]], [[[11.390391, 54.004584], [11.426606, 54.022935], [11.468028, 54.030951], [11.497895, 54.022773], [11.457693, 53.961371], [11.445323, 53.961127], [11.447032, 53.997138], [11.433279, 53.988756], [11.437755, 53.975002], [11.423106, 53.967719], [11.375662, 53.981838], [11.390391, 54.004584]]], [[[11.533946, 54.084866], [11.615896, 54.112128], [11.552745, 54.073065], [11.539561, 54.056952], [11.528494, 54.0751], [11.533946, 54.084866]]], [[[8.956879, 54.509426], [8.911306, 54.475491], [8.88795, 54.468451], [8.844493, 54.466498], [8.823904, 54.470852], [8.812836, 54.482123], [8.825531, 54.491197], [8.812836, 54.501939], [8.844493, 54.519721], [8.9192, 54.530463], [8.963145, 54.523668], [8.956879, 54.509426]]], [[[11.31422, 54.413804], [11.188487, 54.426174], [11.170177, 54.420071], [11.179047, 54.414211], [11.112641, 54.415229], [11.101329, 54.423489], [11.098643, 54.451646], [11.058116, 54.455268], [11.032481, 54.447333], [11.025727, 54.458808], [11.008474, 54.454657], [11.005707, 54.468451], [11.033702, 54.508857], [11.072927, 54.531195], [11.121267, 54.535956], [11.206554, 54.514472], [11.255626, 54.478705], [11.31422, 54.413804]]], [[[13.118907, 54.586412], [13.10255, 54.529934], [13.075043, 54.509426], [13.068207, 54.468451], [13.061371, 54.468451], [13.06422, 54.505113], [13.102306, 54.596096], [13.10963, 54.603095], [13.151052, 54.604926], [13.157074, 54.587958], [13.149669, 54.591376], [13.149669, 54.577704], [13.143403, 54.577704], [13.143403, 54.598131], [13.118907, 54.586412]]], [[[13.741954, 54.350491], [13.766449, 54.344916], [13.730154, 54.31684], [13.723155, 54.278388], [13.690929, 54.283515], [13.711925, 54.286566], [13.711925, 54.303941], [13.679454, 54.294013], [13.651134, 54.297187], [13.651134, 54.303941], [13.688243, 54.3133], [13.711925, 54.331855], [13.659923, 54.329779], [13.616954, 54.317613], [13.690929, 54.344916], [13.690929, 54.351752], [13.650076, 54.352444], [13.626801, 54.339097], [13.599294, 54.351752], [13.499685, 54.344916], [13.428884, 54.31094], [13.406098, 54.285224], [13.35963, 54.275458], [13.355724, 54.248725], [13.369395, 54.255561], [13.363129, 54.263007], [13.417735, 54.266059], [13.423025, 54.232733], [13.407237, 54.228217], [13.347016, 54.237454], [13.311534, 54.251125], [13.335216, 54.283515], [13.307872, 54.269192], [13.314708, 54.263007], [13.267914, 54.256496], [13.210134, 54.275824], [13.199229, 54.28441], [13.204845, 54.297187], [13.149669, 54.290269], [13.142833, 54.298], [13.148936, 54.304755], [13.177501, 54.303941], [13.177501, 54.310207], [13.115489, 54.33808], [13.148936, 54.377265], [13.174327, 54.383979], [13.223318, 54.372504], [13.266856, 54.385891], [13.239268, 54.393622], [13.239024, 54.420071], [13.211599, 54.431098], [13.156993, 54.426825], [13.181814, 54.45303], [13.259532, 54.468451], [13.273123, 54.482123], [13.233246, 54.493069], [13.225352, 54.501939], [13.232758, 54.516262], [13.185395, 54.508287], [13.166026, 54.51911], [13.158865, 54.540676], [13.143403, 54.542914], [13.259532, 54.553778], [13.288259, 54.539944], [13.297862, 54.51968], [13.309255, 54.534817], [13.301036, 54.55036], [13.333669, 54.573065], [13.369395, 54.58515], [13.342052, 54.55036], [13.363129, 54.542914], [13.348888, 54.523668], [13.3838, 54.531887], [13.389822, 54.542914], [13.363129, 54.55036], [13.37672, 54.564643], [13.417328, 54.524563], [13.410899, 54.509426], [13.430675, 54.492743], [13.507091, 54.488267], [13.499685, 54.495754], [13.520763, 54.523668], [13.499685, 54.557196], [13.520763, 54.564643], [13.520763, 54.570787], [13.486583, 54.557196], [13.441417, 54.557196], [13.423839, 54.57453], [13.399262, 54.579576], [13.369151, 54.612128], [13.273285, 54.56094], [13.253266, 54.564643], [13.256847, 54.594916], [13.283946, 54.619289], [13.293468, 54.642279], [13.224783, 54.634955], [13.230968, 54.653306], [13.253591, 54.665025], [13.390798, 54.688178], [13.445079, 54.68008], [13.445079, 54.673896], [13.39088, 54.650539], [13.382986, 54.636379], [13.394542, 54.604438], [13.424571, 54.58515], [13.466319, 54.57689], [13.595958, 54.591376], [13.640473, 54.585679], [13.670665, 54.56623], [13.677257, 54.540473], [13.651134, 54.516262], [13.584809, 54.486518], [13.57545, 54.471869], [13.587901, 54.437567], [13.609548, 54.413804], [13.698253, 54.392076], [13.741954, 54.350491]]], [[[8.382335, 54.639146], [8.401378, 54.632961], [8.353689, 54.618964], [8.291515, 54.66706], [8.320486, 54.698717], [8.360362, 54.71483], [8.332367, 54.693793], [8.382335, 54.639146]]], [[[8.553233, 54.754462], [8.575938, 54.746405], [8.593761, 54.721666], [8.574067, 54.694403], [8.552094, 54.685004], [8.511241, 54.693793], [8.485199, 54.688056], [8.45281, 54.693834], [8.394542, 54.71483], [8.436778, 54.748481], [8.553233, 54.754462]]], [[[8.354503, 54.912746], [8.388357, 54.894232], [8.436534, 54.887274], [8.65447, 54.893622], [8.629405, 54.882148], [8.504405, 54.886176], [8.446056, 54.866278], [8.377126, 54.866278], [8.343923, 54.879096], [8.30714, 54.865383], [8.294932, 54.831529], [8.295746, 54.759101], [8.284434, 54.742377], [8.277029, 54.782782], [8.288585, 54.891303], [8.298025, 54.912543], [8.373709, 55.03498], [8.415782, 55.065334], [8.46339, 55.050686], [8.394542, 55.04385], [8.422211, 55.042182], [8.430431, 55.030015], [8.42156, 55.016262], [8.38087, 55.003079], [8.36199, 54.986802], [8.351573, 54.966742], [8.360362, 54.948188], [8.354503, 54.912746]]], [[[8.698904, 54.55858], [8.700938, 54.547756], [8.692882, 54.523261], [8.66977, 54.501899], [8.618826, 54.492621], [8.595876, 54.513658], [8.602061, 54.529771], [8.698904, 54.55858]]], [[[7.899181, 54.178168], [7.879893, 54.193915], [7.894542, 54.194648], [7.904145, 54.180406], [7.899181, 54.178168]]], [[[7.929861, 54.195299], [7.933442, 54.189887], [7.917654, 54.186998], [7.912364, 54.192288], [7.929861, 54.195299]]]]}}, {"type": "Feature", "properties": {"name": "Norway"}, "geometry": {"type": "MultiPolygon", "coordinates": [[[[19.962223, 68.541192], [20.0, 68.5326939592956], [20.0, 68.36449312555331], [19.971215, 68.351281], [19.93101, 68.350196], [19.481735, 68.424042], [19.038145, 68.505639], [18.700284, 68.495614], [18.644577, 68.501246], [18.436218, 68.573852], [18.161506, 68.530185], [18.135668, 68.395723], [18.188584, 68.198732], [18.166674, 68.158476], [17.921004, 67.972855], [17.895372, 67.969651], [17.321454, 68.105301], [17.299957, 68.097912], [17.220065, 68.040086], [16.807997, 67.910636], [16.782882, 67.896994], [16.761901, 67.87715], [16.608733, 67.647293], [16.587235, 67.625899], [16.482952, 67.557841], [16.428589, 67.534018], [16.36699, 67.521668], [16.199559, 67.508284], [16.180748, 67.496398], [16.127108, 67.422759], [16.43789, 67.200318], [16.443781, 67.182619], [16.415566, 67.052704], [16.39965, 67.035961], [16.31056, 67.009916], [16.125661, 66.934365], [16.038845, 66.887546], [15.669462, 66.599424], [15.426272, 66.491214], [15.42989, 66.463567], [15.482083, 66.34081], [15.491798, 66.287996], [15.481876, 66.274871], [15.053375, 66.153276], [14.540538, 66.125448], [14.644408, 65.842907], [14.648852, 65.802393], [14.63707, 65.781206], [14.560692, 65.701055], [14.510359, 65.464739], [14.518318, 65.364538], [14.514287, 65.318081], [14.482144, 65.288677], [14.400495, 65.25545], [14.380238, 65.240282], [14.365975, 65.215762], [14.338484, 65.122899], [14.310682, 65.084142], [14.172602, 64.991538], [13.642764, 64.584018], [13.940058, 64.49131], [14.060878, 64.476634], [14.096948, 64.465317], [14.115551, 64.441236], [14.16144, 64.205436], [14.16051, 64.187246], [14.147797, 64.169004], [13.964243, 64.009531], [13.234106, 64.090869], [12.982442, 64.05883], [12.755273, 63.991392], [12.681892, 63.956356], [12.482524, 63.809491], [12.293182, 63.656994], [12.170295, 63.598135], [12.219491, 63.49659], [12.219801, 63.474266], [12.204919, 63.454629], [11.992425, 63.288903], [12.222695, 63.001479], [12.104356, 62.923344], [12.093298, 62.907427], [12.156239, 62.733691], [12.154069, 62.710514], [12.090094, 62.606335], [12.091231, 62.58631], [12.286361, 62.335421], [12.314266, 62.286122], [12.31747, 62.234032], [12.161717, 61.724838], [12.291322, 61.651122], [12.33783, 61.632983], [12.416482, 61.582289], [12.482524, 61.569137], [12.550944, 61.566915], [12.613783, 61.547045], [12.877126, 61.370984], [12.888184, 61.349616], [12.839815, 61.226987], [12.73915, 61.142445], [12.703803, 61.046197], [12.682512, 61.040332], [12.511773, 61.049117], [12.280986, 61.015192], [12.253288, 61.001704], [12.256078, 60.981318], [12.313232, 60.901865], [12.350026, 60.793345], [12.377001, 60.754096], [12.482524, 60.657332], [12.594352, 60.514938], [12.608615, 60.48649], [12.612646, 60.455381], [12.605308, 60.419156], [12.577919, 60.375902], [12.491723, 60.312289], [12.487279, 60.295907], [12.521592, 60.197619], [12.524692, 60.161704], [12.510946, 60.117985], [12.483248, 60.081243], [12.446764, 60.051116], [12.290598, 59.958719], [12.143734, 59.898412], [12.102703, 59.893968], [11.942196, 59.90203], [11.890313, 59.892779], [11.849592, 59.872419], [11.842977, 59.838416], [11.902095, 59.785137], [11.897237, 59.713979], [11.828404, 59.659719], [11.693735, 59.622305], [11.674925, 59.607112], [11.670998, 59.58055], [11.677406, 59.559053], [11.783962, 59.360616], [11.806803, 59.293591], [11.811661, 59.249666], [11.775591, 59.202537], [11.748512, 59.140061], [11.745308, 59.092156], [11.664383, 58.920074], [11.61157, 58.893151], [11.547078, 58.884727], [11.482585, 58.886898], [11.451993, 58.896044], [11.453233, 58.960485], [11.437755, 58.998236], [11.403575, 59.03856], [11.389334, 59.080756], [11.370453, 59.100653], [11.344574, 59.111396], [11.182384, 59.116034], [11.170177, 59.134752], [11.174653, 59.140937], [11.206716, 59.145697], [11.178559, 59.164984], [11.176443, 59.196845], [11.135509, 59.183173], [11.150157, 59.175198], [11.153087, 59.162543], [11.135509, 59.142239], [11.118826, 59.142279], [11.087738, 59.175767], [11.099132, 59.134182], [11.091075, 59.127997], [11.032481, 59.127997], [11.039806, 59.143744], [11.007823, 59.159125], [10.998302, 59.172309], [10.948497, 59.183336], [10.936209, 59.183173], [10.944021, 59.149319], [10.934093, 59.140367], [10.916352, 59.142239], [10.900645, 59.164008], [10.90211, 59.196845], [10.850271, 59.180365], [10.841156, 59.161444], [10.822927, 59.163967], [10.802013, 59.188788], [10.779145, 59.189399], [10.78419, 59.206285], [10.766368, 59.231757], [10.77296, 59.252102], [10.738129, 59.216702], [10.733165, 59.240912], [10.743663, 59.268012], [10.779145, 59.312934], [10.734711, 59.334052], [10.700694, 59.306708], [10.674083, 59.315741], [10.659841, 59.359361], [10.642751, 59.374945], [10.659679, 59.400214], [10.591645, 59.43065], [10.601085, 59.4501], [10.644542, 59.49315], [10.656423, 59.49787], [10.662934, 59.488715], [10.648936, 59.443834], [10.662446, 59.437893], [10.685069, 59.450263], [10.690278, 59.480658], [10.663097, 59.504706], [10.651134, 59.526435], [10.646821, 59.572577], [10.656423, 59.594672], [10.625987, 59.637274], [10.614594, 59.69717], [10.597504, 59.684556], [10.57545, 59.699612], [10.560232, 59.726223], [10.563243, 59.748358], [10.614594, 59.833686], [10.655528, 59.856676], [10.680349, 59.827338], [10.717784, 59.738105], [10.758474, 59.850165], [10.745128, 59.882066], [10.752615, 59.888902], [10.688731, 59.91177], [10.66627, 59.888902], [10.62143, 59.896308], [10.594249, 59.882066], [10.52947, 59.88231], [10.475434, 59.850043], [10.473806, 59.841376], [10.498709, 59.833686], [10.484548, 59.788642], [10.491222, 59.731269], [10.502208, 59.708726], [10.539806, 59.675035], [10.582693, 59.662055], [10.599132, 59.643988], [10.614594, 59.607733], [10.59311, 59.57038], [10.542735, 59.535549], [10.483735, 59.514472], [10.436697, 59.518378], [10.423595, 59.53384], [10.427419, 59.607367], [10.397634, 59.688056], [10.360525, 59.711005], [10.332286, 59.711493], [10.266856, 59.739732], [10.238943, 59.738756], [10.224376, 59.723822], [10.257091, 59.701077], [10.360037, 59.672756], [10.379242, 59.658352], [10.394867, 59.611151], [10.381033, 59.535346], [10.364268, 59.525824], [10.269379, 59.559027], [10.237315, 59.559963], [10.267914, 59.525051], [10.331309, 59.495063], [10.369395, 59.455268], [10.458995, 59.440863], [10.47755, 59.429633], [10.480317, 59.412095], [10.446788, 59.364732], [10.444509, 59.348944], [10.498709, 59.31977], [10.514171, 59.302924], [10.487071, 59.284125], [10.469574, 59.247789], [10.416189, 59.265082], [10.36085, 59.271308], [10.36199, 59.21955], [10.330251, 59.209662], [10.317149, 59.179592], [10.313731, 59.127997], [10.289806, 59.134589], [10.286957, 59.114895], [10.306895, 59.059719], [10.292654, 59.070136], [10.272146, 59.114325], [10.269542, 59.047797], [10.262462, 59.03856], [10.23113, 59.114325], [10.224376, 59.114325], [10.211274, 59.066555], [10.232188, 59.040351], [10.227794, 59.028957], [10.207042, 59.016425], [10.140798, 58.999945], [10.114513, 59.005072], [10.161876, 59.027533], [10.169688, 59.035468], [10.163422, 59.052314], [10.059418, 59.018134], [10.016775, 59.033677], [10.033376, 58.993476], [10.014822, 58.973131], [9.957367, 58.956692], [9.846202, 58.955634], [9.812185, 58.963446], [9.838878, 58.971869], [9.845225, 58.989325], [9.836762, 59.009345], [9.781749, 59.051174], [9.765961, 59.052395], [9.758149, 59.032375], [9.723969, 59.059719], [9.706065, 59.064276], [9.703461, 59.086982], [9.688487, 59.090766], [9.683116, 59.046047], [9.66863, 59.051459], [9.648936, 59.07331], [9.641368, 59.102444], [9.628429, 59.1081], [9.640473, 59.11758], [9.639822, 59.127265], [9.630626, 59.131415], [9.600922, 59.115668], [9.539073, 59.120551], [9.559093, 59.102362], [9.621349, 59.075263], [9.634613, 59.049465], [9.654145, 59.037299], [9.726817, 59.015204], [9.723969, 58.983954], [9.703461, 58.998236], [9.684744, 58.983466], [9.655772, 58.983954], [9.655772, 58.977118], [9.677501, 58.972602], [9.689789, 58.956692], [9.663341, 58.958808], [9.594249, 58.94302], [9.607921, 58.928697], [9.575938, 58.921454], [9.470063, 58.928697], [9.523936, 58.900051], [9.511485, 58.895209], [9.455903, 58.897691], [9.450369, 58.881537], [9.399425, 58.898505], [9.37379, 58.895413], [9.360199, 58.881537], [9.394216, 58.889879], [9.403656, 58.880927], [9.384532, 58.867255], [9.339529, 58.862616], [9.318533, 58.866034], [9.298839, 58.881537], [9.270844, 58.833157], [9.312511, 58.826321], [9.379649, 58.844184], [9.450369, 58.833157], [9.436209, 58.820299], [9.367035, 58.792182], [9.408702, 58.799628], [9.408702, 58.792182], [9.370942, 58.778022], [9.340505, 58.751166], [9.306488, 58.738715], [9.249278, 58.733588], [9.070974, 58.741197], [9.058442, 58.727037], [9.062999, 58.723822], [9.143565, 58.709784], [9.169119, 58.716457], [9.100841, 58.737535], [9.214692, 58.721625], [9.216319, 58.702786], [9.186697, 58.691596], [9.059337, 58.682929], [9.156016, 58.688544], [9.182872, 58.686347], [9.200531, 58.672349], [9.152215, 58.643274], [9.033837, 58.594754], [8.990977, 58.600328], [8.971202, 58.586737], [8.949474, 58.600328], [8.913341, 58.606879], [8.948904, 58.579657], [8.950094, 58.547184], [8.94388, 58.525985], [8.909419, 58.500892], [8.823519, 58.452818], [8.754104, 58.427587], [8.707295, 58.378911], [8.641612, 58.363918], [8.60727, 58.332831], [8.58839, 58.334174], [8.579356, 58.34748], [8.545258, 58.312974], [8.513438, 58.293362], [8.506358, 58.283108], [8.518077, 58.271389], [8.501231, 58.257229], [8.455821, 58.264065], [8.435395, 58.257758], [8.423513, 58.270209], [8.409353, 58.27204], [8.400564, 58.265815], [8.406261, 58.244208], [8.353526, 58.244696], [8.295258, 58.212714], [8.243663, 58.203111], [8.271739, 58.196275], [8.248871, 58.171332], [8.227224, 58.163153], [8.223155, 58.134833], [8.201915, 58.122992], [8.172699, 58.146145], [8.15797, 58.144477], [8.122895, 58.102037], [8.052501, 58.113186], [8.024587, 58.141059], [8.079845, 58.162095], [8.060069, 58.177395], [8.029552, 58.22484], [8.00408, 58.223049], [8.022146, 58.202826], [8.027599, 58.183173], [8.007498, 58.144477], [7.953624, 58.124701], [7.934093, 58.109442], [7.956309, 58.093248], [7.915782, 58.081855], [7.755219, 58.070014], [7.695974, 58.058539], [7.66391, 58.067288], [7.653575, 58.064643], [7.660899, 58.045478], [7.62672, 58.052314], [7.629242, 58.031236], [7.614757, 58.022121], [7.594086, 58.026353], [7.578868, 58.045478], [7.578868, 58.017524], [7.390636, 58.017524], [7.267589, 58.035956], [7.253429, 58.043647], [7.249848, 58.058539], [7.174978, 58.031195], [7.155528, 58.050279], [7.082774, 58.036851], [7.07602, 58.006537], [7.006602, 57.99315], [6.997244, 57.997138], [7.003591, 58.011379], [6.99936, 58.030707], [7.087738, 58.070624], [7.116222, 58.058539], [7.147472, 58.100084], [7.064708, 58.078111], [7.034923, 58.062323], [6.935313, 58.045478], [6.996104, 58.100084], [6.980317, 58.105373], [6.900564, 58.052314], [6.91212, 58.075019], [6.90797, 58.100084], [6.866384, 58.079576], [6.832205, 58.084296], [6.80421, 58.100084], [6.870779, 58.119208], [6.949962, 58.120917], [6.974783, 58.126776], [6.989268, 58.141059], [6.904145, 58.131049], [6.87379, 58.134833], [6.801524, 58.179348], [6.777599, 58.182034], [6.812836, 58.128241], [6.807953, 58.120551], [6.731456, 58.119859], [6.715587, 58.134833], [6.727306, 58.145209], [6.722423, 58.189439], [6.688243, 58.120551], [6.70338, 58.120429], [6.722423, 58.100084], [6.782563, 58.065334], [6.75408, 58.058092], [6.722667, 58.065985], [6.6185, 58.068305], [6.542003, 58.107652], [6.530528, 58.120551], [6.568126, 58.131781], [6.597016, 58.1765], [6.674571, 58.182034], [6.654063, 58.189439], [6.675141, 58.206977], [6.845958, 58.271389], [6.802989, 58.270453], [6.681407, 58.223049], [6.633637, 58.274848], [6.640147, 58.293769], [6.656261, 58.302802], [6.695079, 58.291897], [6.708751, 58.312974], [6.687266, 58.327338], [6.64088, 58.316352], [6.619965, 58.319159], [6.626231, 58.244696], [6.562348, 58.243109], [6.499278, 58.262885], [6.400628, 58.272229], [6.347515, 58.285851], [6.280772, 58.312974], [6.20338, 58.335517], [6.14031, 58.339667], [6.050629, 58.379462], [6.010102, 58.384914], [5.978038, 58.414496], [5.964366, 58.468166], [5.9546, 58.477484], [5.796653, 58.489246], [5.778391, 58.520899], [5.741953, 58.527004], [5.704171, 58.520767], [5.646251, 58.548651], [5.652355, 58.562733], [5.571544, 58.628323], [5.506923, 58.729898], [5.477951, 58.754747], [5.526723, 58.784114], [5.539673, 58.815479], [5.530528, 58.86872], [5.564138, 58.881537], [5.57252, 58.894029], [5.550548, 58.915717], [5.53712, 58.956122], [5.617361, 58.907294], [5.626231, 58.925605], [5.550548, 58.970893], [5.570649, 58.982082], [5.591563, 58.977118], [5.578868, 58.989081], [5.541026, 58.984565], [5.523204, 58.9914], [5.542491, 59.009589], [5.550548, 59.03856], [5.715587, 58.977118], [5.70102, 58.919135], [5.702973, 58.8876], [5.715587, 58.867255], [5.735525, 58.928697], [5.818126, 58.936184], [5.821788, 58.963446], [5.853526, 58.965033], [5.919607, 58.945054], [5.969981, 58.903632], [6.09254, 58.847235], [6.135102, 58.839586], [6.228852, 58.839993], [6.206228, 58.849026], [6.118988, 58.853583], [6.082042, 58.870795], [6.057628, 58.902045], [6.105317, 58.950385], [6.194835, 58.983954], [6.626231, 59.052802], [6.626231, 59.059719], [6.352061, 59.033026], [6.298676, 59.015123], [6.160411, 58.998236], [6.126801, 58.98371], [6.033865, 58.905178], [5.975108, 58.963446], [5.98406, 58.984076], [6.050792, 58.998236], [6.009125, 59.02558], [5.934093, 59.018134], [5.891856, 59.045356], [5.875499, 59.06623], [5.872732, 59.086982], [5.890636, 59.103909], [6.126475, 59.148424], [6.0088, 59.149359], [6.064301, 59.207221], [6.171397, 59.26142], [6.252126, 59.277248], [6.323904, 59.315009], [6.461681, 59.31977], [6.461681, 59.326565], [6.313813, 59.322943], [6.202403, 59.277045], [6.154145, 59.267768], [6.112315, 59.274563], [6.084972, 59.306708], [6.236339, 59.312934], [6.236339, 59.31977], [6.199229, 59.351549], [6.197602, 59.334703], [6.17213, 59.321234], [6.146983, 59.340237], [6.122813, 59.31977], [6.092459, 59.31977], [6.069184, 59.331773], [6.057628, 59.353909], [6.054047, 59.334621], [6.037446, 59.32746], [5.995453, 59.334052], [6.041515, 59.383694], [6.153819, 59.427395], [6.174327, 59.443834], [6.18865, 59.429633], [6.216156, 59.468085], [6.222667, 59.49787], [6.242686, 59.510565], [6.427501, 59.550971], [6.5442, 59.559963], [6.505219, 59.571275], [6.336111, 59.553616], [6.272146, 59.528144], [6.236339, 59.525824], [6.278575, 59.572008], [6.288748, 59.629136], [6.311534, 59.655504], [6.286469, 59.649237], [6.266856, 59.625637], [6.237315, 59.549791], [6.153005, 59.459418], [6.078136, 59.419338], [6.027029, 59.402289], [6.009532, 59.40762], [5.998302, 59.428412], [5.982595, 59.429633], [5.988617, 59.415961], [5.968923, 59.408515], [5.968923, 59.402289], [5.986095, 59.395901], [5.995453, 59.381171], [5.924164, 59.35578], [5.910004, 59.382025], [5.886241, 59.402289], [5.886241, 59.446967], [5.924083, 59.446112], [6.153168, 59.477444], [6.133556, 59.490058], [6.10434, 59.492906], [6.024669, 59.474311], [5.901866, 59.479071], [5.872732, 59.487982], [5.834483, 59.515611], [5.818126, 59.539496], [5.807384, 59.539374], [5.77711, 59.525824], [5.803477, 59.494778], [5.807872, 59.480292], [5.797537, 59.463121], [5.748383, 59.445787], [5.72283, 59.451158], [5.708263, 59.470608], [5.713715, 59.446682], [5.696462, 59.429429], [5.646169, 59.408515], [5.664399, 59.40648], [5.735525, 59.429633], [5.78419, 59.429267], [5.85255, 59.384996], [5.85963, 59.350775], [5.783539, 59.343207], [5.763438, 59.347724], [5.752696, 59.336249], [5.738455, 59.334784], [5.704845, 59.340237], [5.697927, 59.338039], [5.69516, 59.31977], [5.677745, 59.309801], [5.61199, 59.293036], [5.60963, 59.305569], [5.618663, 59.316881], [5.646169, 59.326565], [5.646169, 59.334052], [5.623383, 59.35456], [5.586599, 59.41649], [5.56072, 59.409329], [5.585297, 59.395453], [5.567882, 59.316352], [5.529307, 59.285793], [5.505382, 59.277737], [5.475434, 59.278754], [5.435802, 59.307685], [5.423839, 59.330471], [5.440603, 59.369818], [5.441742, 59.392239], [5.433116, 59.405097], [5.413341, 59.395453], [5.404307, 59.378974], [5.406505, 59.316352], [5.399425, 59.296698], [5.39088, 59.294623], [5.372732, 59.307196], [5.365571, 59.340237], [5.349946, 59.366441], [5.358246, 59.387193], [5.348399, 59.415961], [5.332693, 59.411526], [5.331391, 59.353909], [5.297211, 59.344672], [5.231212, 59.424262], [5.201671, 59.429633], [5.182302, 59.511217], [5.199718, 59.524604], [5.242686, 59.525824], [5.242686, 59.53205], [5.201671, 59.539496], [5.201671, 59.546291], [5.237804, 59.559638], [5.290375, 59.600898], [5.304047, 59.628241], [5.344249, 59.64765], [5.385997, 59.649359], [5.401622, 59.605536], [5.413341, 59.594672], [5.427013, 59.635688], [5.399669, 59.669827], [5.411632, 59.689195], [5.489106, 59.738105], [5.4817, 59.723822], [5.502126, 59.71015], [5.505544, 59.692694], [5.498057, 59.65058], [5.480479, 59.621324], [5.487804, 59.575019], [5.450857, 59.546291], [5.416759, 59.542914], [5.407725, 59.521796], [5.408051, 59.509914], [5.416759, 59.504706], [5.516368, 59.539496], [5.537364, 59.57685], [5.54005, 59.598293], [5.523611, 59.617906], [5.564138, 59.676663], [5.721934, 59.663479], [5.730968, 59.64765], [5.715587, 59.607733], [5.754405, 59.609849], [5.763438, 59.614569], [5.766856, 59.645575], [5.789073, 59.65644], [5.879405, 59.655504], [5.879405, 59.676663], [5.788585, 59.660142], [5.763438, 59.66234], [5.746104, 59.675523], [5.81422, 59.729071], [5.886241, 59.738105], [5.894054, 59.761786], [5.903087, 59.764797], [5.934093, 59.74494], [5.98585, 59.735745], [6.038097, 59.745185], [6.191742, 59.805976], [6.21518, 59.82746], [6.291759, 59.840318], [6.311534, 59.854193], [6.244314, 59.843573], [6.121918, 59.804755], [6.03712, 59.764797], [6.002289, 59.758612], [5.963878, 59.759955], [5.934093, 59.779039], [5.934418, 59.794623], [5.961436, 59.816596], [5.95753, 59.841254], [5.968923, 59.861029], [5.946788, 59.855536], [5.934255, 59.841498], [5.927257, 59.80268], [5.914399, 59.791449], [5.831716, 59.772203], [5.790375, 59.789252], [5.759613, 59.816596], [5.715099, 59.831732], [5.70753, 59.838121], [5.721853, 59.861029], [5.681407, 59.841498], [5.659841, 59.839993], [5.646169, 59.854193], [5.696544, 59.86225], [5.742931, 59.882066], [5.740245, 59.909898], [5.772227, 59.930732], [5.85963, 59.950995], [5.971528, 59.95954], [5.982595, 59.981106], [5.947765, 59.997504], [6.01002, 60.05744], [6.097992, 60.091864], [6.291026, 60.121649], [6.291026, 60.129096], [6.266449, 60.127631], [6.256847, 60.162665], [6.233409, 60.154731], [6.200531, 60.125434], [6.105317, 60.107367], [6.107758, 60.134101], [6.084321, 60.168606], [6.074962, 60.198391], [6.142345, 60.215481], [6.181163, 60.258857], [6.209158, 60.276801], [6.21339, 60.286282], [6.201671, 60.299791], [6.277354, 60.313463], [6.309418, 60.337836], [6.333344, 60.342597], [6.351817, 60.368109], [6.441661, 60.388861], [6.502696, 60.430813], [6.574229, 60.431952], [6.640391, 60.41649], [6.571788, 60.330756], [6.57838, 60.306627], [6.530528, 60.262274], [6.510102, 60.135321], [6.516938, 60.080756], [6.523774, 60.080756], [6.529145, 60.163886], [6.57838, 60.224677], [6.581798, 60.238227], [6.571544, 60.272528], [6.596365, 60.294867], [6.630382, 60.357489], [6.654063, 60.382392], [6.701427, 60.3994], [6.748302, 60.446357], [6.802582, 60.472805], [6.942149, 60.492255], [7.032481, 60.477851], [7.078787, 60.479397], [7.105968, 60.505845], [6.900564, 60.505845], [6.900564, 60.512112], [6.925141, 60.51789], [6.932465, 60.533189], [6.962657, 60.539374], [7.017263, 60.587836], [6.988048, 60.589545], [6.913422, 60.552965], [6.855968, 60.503241], [6.772309, 60.485338], [6.656098, 60.43301], [6.605642, 60.433743], [6.592052, 60.443793], [6.602306, 60.465237], [6.673595, 60.500556], [6.695079, 60.518948], [6.647716, 60.513007], [6.56186, 60.462958], [6.37086, 60.424628], [6.297211, 60.388577], [6.270763, 60.389635], [6.225271, 60.412299], [6.208344, 60.430813], [6.195323, 60.464301], [6.177501, 60.471015], [6.184825, 60.440375], [6.211762, 60.405951], [6.240977, 60.387885], [6.239431, 60.378974], [6.225434, 60.373969], [6.192149, 60.38345], [6.118988, 60.368109], [6.18865, 60.355048], [6.14031, 60.306627], [6.160655, 60.2862], [6.139903, 60.25434], [6.105317, 60.245185], [6.03712, 60.269599], [6.016612, 60.272528], [5.99643, 60.26496], [5.968923, 60.217231], [5.914724, 60.16885], [5.889985, 60.159817], [5.860525, 60.163072], [5.851573, 60.149604], [5.872732, 60.087551], [5.873383, 60.05093], [5.855968, 60.023749], [5.824555, 60.007799], [5.783865, 60.00495], [5.790701, 60.019273], [5.771658, 60.023505], [5.756033, 59.990668], [5.739268, 59.994452], [5.706065, 60.008857], [5.681407, 60.03974], [5.68865, 60.060858], [5.699474, 60.066636], [5.735525, 60.060248], [5.775727, 60.065497], [5.790538, 60.076606], [5.797537, 60.094387], [5.756602, 60.094387], [5.742442, 60.082831], [5.721202, 60.083889], [5.700206, 60.103909], [5.725597, 60.118232], [5.729177, 60.132392], [5.705577, 60.160305], [5.708263, 60.176337], [5.790701, 60.20425], [5.790701, 60.211086], [5.681163, 60.190619], [5.653575, 60.176337], [5.646169, 60.149604], [5.617035, 60.14997], [5.593028, 60.138577], [5.572765, 60.141303], [5.543712, 60.162665], [5.574067, 60.176744], [5.578136, 60.187974], [5.564138, 60.20425], [5.600271, 60.206], [5.708263, 60.232164], [5.708263, 60.238349], [5.598399, 60.232164], [5.638194, 60.264106], [5.633067, 60.272528], [5.614757, 60.272162], [5.571544, 60.238349], [5.574962, 60.255927], [5.605724, 60.27558], [5.667247, 60.355048], [5.719005, 60.370429], [5.732432, 60.378974], [5.736583, 60.392035], [5.673188, 60.372992], [5.639903, 60.347602], [5.633067, 60.368109], [5.598888, 60.333441], [5.577891, 60.289537], [5.526622, 60.217231], [5.438487, 60.172105], [5.409841, 60.131334], [5.351817, 60.155829], [5.372406, 60.162665], [5.372406, 60.170111], [5.304047, 60.190619], [5.32488, 60.205268], [5.351817, 60.211086], [5.351817, 60.217231], [5.320811, 60.221747], [5.250824, 60.207465], [5.22283, 60.211086], [5.29713, 60.249213], [5.310313, 60.265692], [5.170665, 60.278713], [5.161632, 60.294989], [5.170665, 60.317206], [5.228282, 60.32095], [5.198741, 60.338365], [5.147227, 60.343736], [5.140961, 60.351386], [5.146495, 60.368109], [5.177745, 60.388577], [5.265636, 60.38703], [5.297862, 60.395982], [5.250173, 60.430813], [5.263194, 60.450629], [5.237071, 60.473782], [5.238292, 60.489203], [5.280284, 60.522366], [5.305837, 60.528266], [5.476248, 60.435045], [5.573253, 60.414944], [5.617686, 60.417182], [5.653575, 60.430813], [5.649669, 60.447821], [5.708263, 60.471137], [5.714041, 60.48428], [5.710623, 60.603095], [5.721528, 60.63939], [5.742931, 60.656684], [5.723155, 60.667629], [5.725841, 60.686021], [5.749766, 60.718166], [5.708507, 60.702582], [5.663829, 60.703925], [5.671397, 60.727118], [5.69516, 60.752346], [5.675629, 60.757758], [5.647634, 60.727118], [5.591563, 60.697699], [5.533458, 60.697699], [5.523204, 60.686916], [5.535899, 60.639553], [5.526622, 60.62873], [5.443126, 60.614691], [5.372406, 60.58039], [5.300059, 60.560777], [5.250499, 60.563422], [5.22283, 60.574164], [5.084972, 60.662909], [5.12322, 60.660224], [5.22283, 60.615139], [5.228282, 60.621324], [5.161794, 60.669989], [5.084972, 60.711371], [5.146495, 60.703925], [5.125824, 60.724433], [5.061371, 60.730902], [5.03297, 60.741685], [4.985118, 60.779853], [4.926768, 60.800116], [4.981456, 60.808783], [5.056407, 60.778998], [5.109141, 60.773749], [5.176768, 60.741645], [5.280121, 60.721829], [5.30421, 60.711982], [5.310313, 60.676011], [5.347992, 60.640448], [5.372406, 60.635647], [5.356944, 60.645453], [5.351817, 60.662909], [5.433849, 60.62873], [5.37086, 60.674384], [5.379242, 60.684027], [5.433849, 60.662909], [5.430919, 60.673774], [5.410411, 60.688666], [5.413341, 60.703925], [5.372406, 60.718166], [5.354991, 60.744818], [5.28419, 60.747748], [5.238943, 60.763861], [5.23585, 60.77619], [5.284353, 60.799547], [5.351817, 60.813137], [5.338145, 60.83983], [5.356456, 60.852851], [5.430837, 60.86933], [5.496918, 60.862942], [5.536876, 60.8758], [5.479666, 60.884589], [5.470876, 60.896145], [5.49586, 60.90998], [5.47169, 60.907457], [5.399669, 60.882025], [5.348399, 60.877834], [5.326671, 60.86815], [5.317719, 60.844428], [5.293224, 60.82274], [5.239757, 60.817125], [5.187836, 60.827704], [5.167654, 60.854682], [5.164399, 60.830878], [5.149262, 60.814927], [5.131033, 60.812079], [5.118419, 60.827379], [5.132823, 60.834866], [5.066661, 60.83454], [5.04713, 60.844428], [5.010509, 60.909817], [5.009288, 60.926703], [4.981944, 60.950873], [4.990571, 60.96247], [5.011974, 60.965033], [5.077403, 60.949652], [5.082367, 60.888821], [5.100759, 60.877753], [5.098643, 60.950873], [5.142833, 60.972154], [5.14031, 60.991889], [5.077891, 60.971381], [5.012706, 60.98192], [5.003917, 61.016059], [5.016124, 61.046536], [5.068614, 61.073554], [5.135102, 61.076728], [5.312266, 61.032172], [5.433849, 61.026597], [5.448416, 60.995429], [5.467052, 61.007392], [5.454275, 61.036566], [5.460216, 61.049994], [5.52711, 61.075426], [5.639903, 61.060126], [5.639903, 61.067572], [5.597667, 61.08515], [5.656261, 61.094143], [5.674001, 61.08808], [5.736095, 61.109931], [5.773936, 61.114447], [5.790701, 61.104885], [5.780935, 61.064358], [5.845388, 61.094306], [5.831716, 61.108588], [5.863617, 61.117865], [5.976573, 61.120795], [6.030447, 61.114732], [6.098481, 61.122219], [6.258067, 61.093817], [6.270763, 61.077094], [6.266287, 61.058743], [6.242524, 61.046536], [6.27475, 61.047919], [6.312022, 61.068508], [6.359223, 61.067572], [6.370291, 61.056301], [6.338715, 61.012356], [6.355968, 61.010932], [6.372895, 61.012356], [6.374522, 61.037421], [6.437673, 61.081244], [6.545665, 61.104071], [6.585785, 61.142727], [6.600597, 61.175238], [6.648448, 61.157457], [6.786794, 61.150336], [6.836681, 61.13935], [6.856212, 61.128119], [6.868175, 61.090277], [6.955821, 61.08808], [7.009776, 61.008938], [6.987966, 60.99018], [6.939301, 60.973212], [6.87379, 60.937242], [6.965017, 60.965522], [7.010997, 60.971137], [7.051443, 60.964545], [7.130138, 60.926703], [7.131602, 60.912177], [7.105968, 60.861558], [7.157481, 60.897447], [7.17156, 60.924018], [7.161306, 60.950873], [7.093516, 60.963813], [7.043956, 61.026597], [7.013845, 61.051744], [7.000336, 61.092922], [7.059744, 61.107001], [7.16627, 61.110053], [7.222667, 61.140367], [7.304454, 61.130276], [7.369151, 61.104682], [7.435557, 61.101142], [7.435557, 61.108588], [7.392263, 61.116278], [7.346202, 61.142727], [7.405284, 61.167426], [7.427013, 61.185858], [7.454356, 61.192776], [7.606212, 61.19831], [7.655284, 61.206855], [7.694998, 61.232082], [7.633556, 61.224595], [7.600352, 61.212348], [7.388438, 61.198188], [7.358897, 61.205634], [7.346202, 61.221503], [7.335704, 61.274359], [7.312022, 61.287299], [7.313813, 61.308417], [7.355805, 61.326239], [7.380707, 61.378323], [7.421235, 61.395941], [7.46754, 61.438463], [7.535655, 61.456529], [7.572032, 61.485338], [7.488617, 61.460435], [7.346202, 61.389106], [7.263682, 61.395941], [7.308849, 61.363837], [7.305186, 61.348131], [7.244965, 61.308051], [7.239757, 61.297268], [7.298188, 61.260565], [7.309906, 61.217597], [7.32252, 61.20539], [7.359711, 61.191107], [7.305186, 61.163235], [7.213715, 61.183661], [7.161306, 61.169989], [7.153494, 61.154608], [7.137218, 61.145697], [7.009776, 61.129096], [6.953136, 61.11164], [6.935313, 61.114732], [6.917247, 61.136298], [7.003591, 61.183661], [6.950531, 61.167222], [6.894298, 61.163235], [6.810069, 61.181627], [6.664724, 61.195136], [6.557872, 61.224595], [6.569998, 61.24079], [6.623057, 61.269355], [6.66033, 61.320868], [6.695079, 61.344713], [6.715587, 61.390692], [6.71461, 61.400295], [6.701915, 61.402777], [6.636892, 61.309556], [6.603363, 61.278754], [6.564708, 61.265611], [6.52711, 61.287299], [6.50115, 61.268134], [6.523774, 61.232082], [6.526215, 61.212348], [6.537364, 61.204169], [6.465099, 61.207587], [6.498302, 61.192328], [6.506196, 61.146959], [6.484711, 61.130764], [6.434337, 61.114732], [6.372325, 61.114081], [6.282725, 61.125434], [6.203949, 61.148668], [6.174327, 61.183661], [6.130138, 61.159329], [6.073497, 61.148017], [6.014008, 61.149482], [5.961436, 61.163235], [6.027843, 61.188137], [6.03712, 61.204169], [5.940929, 61.169989], [5.804454, 61.155748], [5.783458, 61.164984], [5.78297, 61.196601], [5.770274, 61.191107], [5.749766, 61.155748], [5.702159, 61.155504], [5.69516, 61.146145], [5.675955, 61.142279], [5.557302, 61.136461], [5.475434, 61.094306], [5.423676, 61.079657], [5.376638, 61.080471], [5.334483, 61.096869], [5.297862, 61.129096], [5.259939, 61.109849], [5.193858, 61.105292], [5.160167, 61.129096], [5.169932, 61.13996], [5.228282, 61.142727], [5.161876, 61.156195], [5.125173, 61.145087], [5.044119, 61.163235], [5.059337, 61.187974], [5.118175, 61.185981], [5.22283, 61.163235], [5.214692, 61.183661], [5.250173, 61.183661], [5.167817, 61.220771], [5.020763, 61.216498], [4.98878, 61.224595], [5.052257, 61.233791], [5.064464, 61.245754], [5.01295, 61.23664], [4.982758, 61.256985], [4.9546, 61.25259], [4.979991, 61.275336], [5.016124, 61.287299], [5.073985, 61.295722], [5.095225, 61.307196], [5.159353, 61.311103], [5.177745, 61.339423], [5.201508, 61.342719], [5.279307, 61.321357], [5.297862, 61.300971], [5.320649, 61.252265], [5.334483, 61.256008], [5.337413, 61.268744], [5.320811, 61.31745], [5.256358, 61.348131], [5.440603, 61.367418], [5.633067, 61.361802], [5.59962, 61.375922], [5.554535, 61.378323], [5.164317, 61.356106], [5.093272, 61.328803], [5.058442, 61.323472], [5.006358, 61.34748], [4.995616, 61.361802], [4.99879, 61.376899], [5.028331, 61.401557], [5.044119, 61.402777], [5.062673, 61.374579], [5.078136, 61.382961], [5.078136, 61.410224], [5.118419, 61.416409], [5.111664, 61.430732], [5.071462, 61.41706], [4.947927, 61.410224], [4.947927, 61.416409], [5.05714, 61.444322], [5.163422, 61.450832], [5.187999, 61.46483], [5.180512, 61.472317], [5.310802, 61.449408], [5.337576, 61.46483], [5.483897, 61.431708], [5.518891, 61.430121], [5.543712, 61.436957], [5.536876, 61.444322], [5.619395, 61.457994], [5.65089, 61.481879], [5.667247, 61.485338], [5.736013, 61.484605], [5.770356, 61.455146], [5.804454, 61.451158], [5.804454, 61.457994], [5.781749, 61.465644], [5.746755, 61.492987], [5.722423, 61.498969], [5.637869, 61.494371], [5.574718, 61.46483], [5.523611, 61.464667], [5.460948, 61.452826], [5.437999, 61.460435], [5.441254, 61.479153], [5.397797, 61.486884], [5.290294, 61.479641], [5.253184, 61.495266], [5.178233, 61.509752], [5.138927, 61.524115], [5.146495, 61.539984], [5.14031, 61.554185], [5.201671, 61.54682], [5.24643, 61.554185], [5.358165, 61.554185], [5.358165, 61.561021], [5.172048, 61.585517], [5.146495, 61.595201], [5.337576, 61.595201], [5.310313, 61.588935], [5.310313, 61.58218], [5.402599, 61.580308], [5.427013, 61.588935], [5.27003, 61.615668], [5.32016, 61.62873], [5.340668, 61.643134], [5.283702, 61.64232], [5.229259, 61.62873], [4.992686, 61.630439], [4.968272, 61.636135], [4.939626, 61.678371], [4.968272, 61.697659], [4.96046, 61.706692], [4.962738, 61.717108], [4.98878, 61.725531], [4.974457, 61.738593], [4.988129, 61.746894], [5.053966, 61.750393], [5.075531, 61.742865], [5.078136, 61.732367], [5.104828, 61.732367], [5.125987, 61.718085], [5.167654, 61.725531], [5.125987, 61.752183], [5.190196, 61.768948], [5.064464, 61.759711], [5.103852, 61.785386], [5.27003, 61.827948], [5.256358, 61.835395], [5.337576, 61.84162], [5.291515, 61.851508], [5.290375, 61.862128], [5.362559, 61.905463], [5.394786, 61.911078], [5.487804, 61.907864], [5.540294, 61.896877], [5.600271, 61.899115], [5.675792, 61.886949], [5.742931, 61.848456], [5.640798, 61.83511], [5.619395, 61.814927], [5.735525, 61.835395], [5.922618, 61.850287], [5.940929, 61.845038], [5.9463, 61.837348], [5.927094, 61.782416], [5.900157, 61.750637], [5.899262, 61.738593], [5.942231, 61.768704], [5.972911, 61.831122], [5.992035, 61.835395], [6.05893, 61.808295], [6.098643, 61.778876], [6.123383, 61.769924], [6.181163, 61.766547], [6.170909, 61.780463], [6.057628, 61.827948], [6.057628, 61.835395], [6.290701, 61.835395], [6.3838, 61.80744], [6.473806, 61.804633], [6.521332, 61.814195], [6.550466, 61.848456], [6.58961, 61.870836], [6.667328, 61.873196], [6.746349, 61.855862], [6.77768, 61.841254], [6.818614, 61.869574], [6.818614, 61.87641], [6.771007, 61.870307], [6.695079, 61.883205], [6.677989, 61.896877], [6.555512, 61.878323], [6.510102, 61.835395], [6.476248, 61.825344], [6.258556, 61.856269], [6.09547, 61.848456], [6.03712, 61.869574], [5.961436, 61.869574], [5.886241, 61.883205], [5.828624, 61.869574], [5.804454, 61.855862], [5.729259, 61.88939], [5.729259, 61.896877], [5.933279, 61.903022], [5.961436, 61.909857], [5.961436, 61.916693], [5.645356, 61.924791], [5.516612, 61.938137], [5.450206, 61.925198], [5.427013, 61.937812], [5.276866, 61.909857], [5.193696, 61.91234], [5.155772, 61.896064], [5.098643, 61.916693], [5.125987, 61.944037], [5.14031, 61.97134], [5.155528, 61.97602], [5.173839, 61.958319], [5.201671, 61.97134], [5.228282, 61.958319], [5.238617, 61.960639], [5.250173, 61.978746], [5.301524, 62.002875], [5.310313, 62.026557], [5.37672, 62.016059], [5.400157, 62.020006], [5.385997, 62.034003], [5.340994, 62.036851], [5.297862, 62.068183], [5.208507, 62.102281], [5.109141, 62.109117], [5.091807, 62.122748], [5.125987, 62.129584], [5.070649, 62.163764], [5.091807, 62.1706], [5.078136, 62.184231], [5.084972, 62.191067], [5.146495, 62.191067], [5.146495, 62.204739], [5.169688, 62.214504], [5.274587, 62.16942], [5.27003, 62.13581], [5.317882, 62.106513], [5.390961, 62.088365], [5.451427, 62.061713], [5.461681, 62.006741], [5.495942, 62.027574], [5.536388, 62.079047], [5.560883, 62.079535], [5.591563, 62.068183], [5.564708, 62.089667], [5.420177, 62.109117], [5.390961, 62.123236], [5.420584, 62.17593], [5.431163, 62.186184], [5.454275, 62.191067], [5.524099, 62.174018], [5.622081, 62.164862], [5.639903, 62.157538], [5.661469, 62.121405], [5.749766, 62.088609], [5.668305, 62.1435], [5.667247, 62.1706], [5.684744, 62.179023], [5.786143, 62.180487], [5.857432, 62.20425], [5.905528, 62.190904], [5.925466, 62.163642], [5.920584, 62.119696], [5.907074, 62.093573], [5.85255, 62.051215], [5.845388, 62.019721], [5.936697, 62.087348], [5.9546, 62.13996], [5.970958, 62.138983], [6.044281, 62.09927], [6.055186, 62.086086], [6.050792, 62.068183], [6.125255, 62.082668], [6.208344, 62.081244], [6.36671, 62.061347], [6.36671, 62.068183], [6.088634, 62.109117], [5.982595, 62.184231], [5.928722, 62.19892], [5.920584, 62.208157], [5.926036, 62.225491], [5.939708, 62.229397], [6.017263, 62.206977], [6.064464, 62.204739], [5.992035, 62.218411], [5.96518, 62.244086], [5.947765, 62.245673], [5.978363, 62.279731], [6.02768, 62.305732], [6.310802, 62.372056], [6.372895, 62.314602], [6.393403, 62.280463], [6.459972, 62.247992], [6.550466, 62.1706], [6.560802, 62.152086], [6.556895, 62.138414], [6.530528, 62.109117], [6.592052, 62.13581], [6.580903, 62.160346], [6.494884, 62.253119], [6.417654, 62.311184], [6.397797, 62.336656], [6.389985, 62.364691], [6.400238, 62.387193], [6.434337, 62.39647], [6.500255, 62.399319], [6.533946, 62.38349], [6.564708, 62.355536], [6.55893, 62.398383], [6.5442, 62.403957], [6.5442, 62.410793], [6.708751, 62.451728], [6.748302, 62.434149], [6.879161, 62.417914], [6.87379, 62.355536], [6.989268, 62.273017], [6.99936, 62.253485], [7.005219, 62.194281], [6.942719, 62.137356], [6.938731, 62.121812], [6.955821, 62.102281], [6.987966, 62.089301], [7.021251, 62.090766], [7.139985, 62.116604], [7.187836, 62.102281], [7.149669, 62.130805], [7.029959, 62.100409], [6.97934, 62.11286], [6.973399, 62.129381], [7.02711, 62.167182], [7.03712, 62.183824], [7.028087, 62.266018], [7.051443, 62.276028], [7.112804, 62.280463], [7.209239, 62.250881], [7.281261, 62.280829], [7.31072, 62.281562], [7.395844, 62.234931], [7.41505, 62.232001], [7.41505, 62.239447], [7.373546, 62.273017], [7.293468, 62.297919], [7.161306, 62.286607], [7.021332, 62.303778], [6.957042, 62.325344], [6.914073, 62.369818], [6.975597, 62.376654], [6.851573, 62.454495], [6.756521, 62.464789], [6.790701, 62.47842], [6.690196, 62.477525], [6.483653, 62.430732], [6.397716, 62.425035], [6.359223, 62.43122], [6.304698, 62.459174], [6.242931, 62.451117], [6.222667, 62.459174], [6.249685, 62.467963], [6.338715, 62.472235], [6.453624, 62.502387], [6.674571, 62.492743], [6.674571, 62.499579], [6.61378, 62.520168], [6.567149, 62.510321], [6.476085, 62.51317], [6.476085, 62.520006], [6.564708, 62.527493], [6.53297, 62.536851], [6.263031, 62.527493], [6.270518, 62.554918], [6.24936, 62.574652], [6.266124, 62.592963], [6.319591, 62.608547], [6.537364, 62.615627], [6.583263, 62.599311], [6.601085, 62.581855], [6.605724, 62.560981], [6.612559, 62.560981], [6.622244, 62.588813], [6.622081, 62.601223], [6.612559, 62.609442], [6.621593, 62.619574], [6.641368, 62.619452], [6.646658, 62.609442], [6.686697, 62.633734], [6.756114, 62.654608], [6.881847, 62.601549], [6.900564, 62.588324], [6.900157, 62.575588], [6.917817, 62.574652], [6.920665, 62.587551], [6.90797, 62.602607], [6.928477, 62.623033], [6.905528, 62.628079], [6.887462, 62.643541], [6.931651, 62.655463], [7.092296, 62.650946], [7.070323, 62.630439], [7.037771, 62.623033], [7.052013, 62.609605], [7.096528, 62.612209], [7.125336, 62.553534], [7.127126, 62.533677], [7.133149, 62.533677], [7.153819, 62.574652], [7.133149, 62.599189], [7.157481, 62.629218], [7.365001, 62.592841], [7.430431, 62.548041], [7.48878, 62.54914], [7.517426, 62.541083], [7.542491, 62.503607], [7.561778, 62.516588], [7.572927, 62.549994], [7.778168, 62.574652], [7.745372, 62.586005], [7.505219, 62.566352], [7.462738, 62.574652], [7.422699, 62.597968], [7.412771, 62.614732], [7.418224, 62.633002], [7.444509, 62.644721], [7.477306, 62.639594], [7.500255, 62.61994], [7.497081, 62.588324], [7.520193, 62.584662], [7.532481, 62.59512], [7.53297, 62.613349], [7.51002, 62.649482], [7.51059, 62.664008], [7.523204, 62.674384], [7.571137, 62.682196], [7.616873, 62.700141], [7.835948, 62.732123], [8.018809, 62.733588], [8.147472, 62.691962], [8.129405, 62.718411], [8.065115, 62.739203], [8.045095, 62.759589], [8.073009, 62.780097], [7.908865, 62.763251], [7.864513, 62.749579], [7.646007, 62.728664], [7.489268, 62.686835], [7.38502, 62.687567], [7.359711, 62.698188], [7.403575, 62.7119], [7.366547, 62.732896], [7.403005, 62.738593], [7.471528, 62.767239], [7.681326, 62.794379], [7.609548, 62.796088], [7.312511, 62.744045], [6.970388, 62.725572], [6.948985, 62.732896], [6.971528, 62.735582], [6.983084, 62.753363], [6.955821, 62.770453], [6.961925, 62.784166], [7.009776, 62.814846], [7.059581, 62.826321], [7.215831, 62.814846], [7.133149, 62.848944], [7.016612, 62.841539], [6.955821, 62.886868], [6.948009, 62.905463], [6.928966, 62.912095], [6.880056, 62.911078], [6.910167, 62.929389], [7.000173, 62.951239], [7.07602, 62.982856], [7.237641, 63.014716], [7.271169, 63.014106], [7.343435, 62.97842], [7.421235, 62.951402], [7.441742, 62.917873], [7.50115, 62.910834], [7.615977, 62.960395], [7.689952, 62.981147], [7.780447, 62.972602], [7.748302, 62.942084], [7.668305, 62.917873], [7.694347, 62.912095], [7.832042, 62.949408], [7.899425, 62.955756], [7.939301, 62.977118], [7.973888, 62.976955], [8.075531, 62.950873], [8.113292, 62.917873], [8.124197, 62.867743], [8.154307, 62.814846], [8.189708, 62.797919], [8.319102, 62.777004], [8.415212, 62.725775], [8.513194, 62.707424], [8.537771, 62.688463], [8.545258, 62.657172], [8.567231, 62.682278], [8.564789, 62.703559], [8.543956, 62.720649], [8.455251, 62.756252], [8.37672, 62.777167], [8.331065, 62.800686], [8.246267, 62.816148], [8.184093, 62.847724], [8.172048, 62.858385], [8.171153, 62.891791], [8.17921, 62.902167], [8.209646, 62.911078], [8.175059, 62.920722], [8.147472, 62.951402], [8.086925, 62.967231], [8.000743, 63.006659], [7.983084, 63.027086], [7.942638, 63.02025], [7.960704, 63.018704], [7.969981, 63.006659], [7.914073, 63.001939], [7.877208, 63.010403], [7.948904, 63.047553], [7.997325, 63.092271], [8.04005, 63.107652], [8.086681, 63.109687], [8.133962, 63.080268], [8.128429, 63.050238], [8.160411, 63.026435], [8.246755, 63.007961], [8.285899, 62.982082], [8.330089, 62.973375], [8.339854, 62.958808], [8.309337, 62.944566], [8.336436, 62.912095], [8.329275, 62.880683], [8.389415, 62.889879], [8.488048, 62.852973], [8.52296, 62.844306], [8.538585, 62.852362], [8.524181, 62.871283], [8.454356, 62.88349], [8.428722, 62.896796], [8.450694, 62.895657], [8.573985, 62.875434], [8.634776, 62.841539], [8.702973, 62.822252], [8.619884, 62.877916], [8.520844, 62.892157], [8.479747, 62.907172], [8.415701, 62.958808], [8.644216, 62.967353], [8.668793, 62.979315], [8.639985, 62.988756], [8.545258, 62.979315], [8.521739, 62.989203], [8.586274, 63.02025], [8.553722, 63.02265], [8.488048, 62.994045], [8.374034, 62.97309], [8.353282, 62.989814], [8.319509, 62.999823], [8.355235, 63.008287], [8.435395, 63.009833], [8.470225, 63.02025], [8.435313, 63.03144], [8.305186, 63.02025], [8.238536, 63.025458], [8.223155, 63.033352], [8.228852, 63.063056], [8.202891, 63.092678], [8.165538, 63.115302], [8.188487, 63.130113], [8.219737, 63.134467], [8.291515, 63.096015], [8.284679, 63.075507], [8.326182, 63.088568], [8.313813, 63.102118], [8.319509, 63.109687], [8.304373, 63.125149], [8.236176, 63.143215], [8.236176, 63.150702], [8.54363, 63.132392], [8.640961, 63.109687], [8.624522, 63.128119], [8.575938, 63.144232], [8.565766, 63.1612], [8.578787, 63.174547], [8.608735, 63.181098], [8.943126, 63.212063], [8.623709, 63.201483], [8.612153, 63.203803], [8.603201, 63.22427], [8.573253, 63.253079], [8.527029, 63.278998], [8.47641, 63.294013], [8.514659, 63.305894], [8.701996, 63.323961], [8.764415, 63.34927], [8.711111, 63.351223], [8.695567, 63.356676], [8.674571, 63.379869], [8.638927, 63.392076], [8.646821, 63.409166], [8.672374, 63.42121], [8.718272, 63.408149], [8.791759, 63.43122], [8.823416, 63.429389], [8.881114, 63.39765], [8.891368, 63.421332], [8.997244, 63.418158], [8.997244, 63.424384], [8.973399, 63.424384], [8.967459, 63.433417], [9.000824, 63.466132], [9.018321, 63.466539], [9.114513, 63.418158], [9.148611, 63.375922], [9.102875, 63.343207], [9.088715, 63.320014], [9.093435, 63.294013], [9.143077, 63.330878], [9.19158, 63.338446], [9.264659, 63.362942], [9.434581, 63.380439], [9.476899, 63.403876], [9.393891, 63.386664], [9.260265, 63.381252], [9.218028, 63.372016], [9.167735, 63.402004], [9.169119, 63.42121], [9.182953, 63.434516], [9.481944, 63.473212], [9.480724, 63.487047], [9.333018, 63.466539], [9.28533, 63.47956], [9.257823, 63.500067], [9.268077, 63.473456], [9.292166, 63.459133], [9.167328, 63.466864], [9.148611, 63.485826], [9.161957, 63.507148], [9.244314, 63.513739], [9.237153, 63.534491], [9.302257, 63.530829], [9.368012, 63.5633], [9.388194, 63.562201], [9.377696, 63.55386], [9.378266, 63.530463], [9.403331, 63.518459], [9.460134, 63.561672], [9.495372, 63.57689], [9.536388, 63.567288], [9.573253, 63.541002], [9.545909, 63.580552], [9.490571, 63.589423], [9.516775, 63.603705], [9.607921, 63.616767], [9.699067, 63.644477], [9.723969, 63.636664], [9.720225, 63.620754], [9.799978, 63.563137], [9.813813, 63.53205], [9.805919, 63.513739], [9.898692, 63.477362], [9.947439, 63.44953], [9.960623, 63.42772], [9.928477, 63.377183], [9.833263, 63.328803], [9.894216, 63.331204], [9.979177, 63.363471], [10.013438, 63.361884], [10.099294, 63.324897], [10.242198, 63.326321], [10.254405, 63.314439], [10.259044, 63.267279], [10.272227, 63.281684], [10.279552, 63.318264], [10.26588, 63.331936], [10.244884, 63.344062], [10.068696, 63.365546], [10.049083, 63.381903], [10.040863, 63.406399], [10.094005, 63.438666], [10.156016, 63.452338], [10.300466, 63.466539], [10.373057, 63.441718], [10.447276, 63.456773], [10.576915, 63.430732], [10.69044, 63.452338], [10.7588, 63.438666], [10.797862, 63.417385], [10.829763, 63.440579], [10.908051, 63.456244], [10.916352, 63.466539], [10.77768, 63.487494], [10.7588, 63.517483], [10.780772, 63.539008], [10.831065, 63.55036], [10.922618, 63.554755], [10.922618, 63.562201], [10.856944, 63.569322], [10.861501, 63.578599], [10.912364, 63.588528], [10.922618, 63.602484], [10.851329, 63.59809], [10.768321, 63.574042], [10.730154, 63.571763], [10.671641, 63.548774], [10.656423, 63.548529], [10.656423, 63.554755], [10.672618, 63.558173], [10.686046, 63.57746], [10.705089, 63.583686], [10.719737, 63.603502], [10.755707, 63.625067], [10.864268, 63.651516], [10.905447, 63.684475], [11.033458, 63.719184], [11.083018, 63.704576], [11.156749, 63.711127], [11.183849, 63.719794], [11.242198, 63.765082], [11.265798, 63.7744], [11.457693, 63.789984], [11.463878, 63.801703], [11.459727, 63.812445], [11.424083, 63.822211], [11.437755, 63.835883], [11.415212, 63.850084], [11.354747, 63.848131], [11.27711, 63.867377], [11.111583, 63.849555], [11.096528, 63.8581], [11.096446, 63.889635], [11.176606, 63.909247], [11.200369, 63.919745], [11.223318, 63.945461], [11.299978, 63.965562], [11.43686, 63.98314], [11.486827, 64.006659], [11.497895, 64.020819], [11.454438, 64.017401], [11.42628, 64.028795], [11.254242, 64.037909], [11.240489, 64.061021], [11.362071, 64.117092], [11.299978, 64.107164], [11.225352, 64.071967], [11.203461, 64.027411], [11.175141, 64.007025], [10.962738, 63.947943], [10.871349, 63.897203], [10.68865, 63.860297], [10.646169, 63.833238], [10.573741, 63.809149], [10.631602, 63.816311], [10.700694, 63.842719], [10.77003, 63.850287], [10.900238, 63.894721], [10.934906, 63.898139], [11.056, 63.861274], [11.073985, 63.835883], [11.007498, 63.813137], [10.991466, 63.801703], [10.977875, 63.767564], [10.910004, 63.731024], [10.811046, 63.72016], [10.740733, 63.690375], [10.671723, 63.686835], [10.642751, 63.677639], [10.602306, 63.635932], [10.529633, 63.619452], [10.415782, 63.579413], [10.32016, 63.562201], [10.241384, 63.562201], [10.204845, 63.544338], [10.080333, 63.507514], [9.980154, 63.493354], [9.918224, 63.514716], [9.903982, 63.554592], [9.88795, 63.575181], [9.90211, 63.589423], [9.849864, 63.597357], [9.818207, 63.614081], [9.810802, 63.627143], [9.814464, 63.638251], [9.833263, 63.64411], [9.817149, 63.65884], [9.792247, 63.664537], [9.805919, 63.677639], [9.799083, 63.69184], [9.999848, 63.723863], [10.10141, 63.767564], [10.005219, 63.746527], [10.017589, 63.765937], [10.039317, 63.7744], [10.029552, 63.783515], [9.906586, 63.75727], [9.857595, 63.731635], [9.779552, 63.723212], [9.728852, 63.702094], [9.648936, 63.699286], [9.6421, 63.685045], [9.544119, 63.665595], [9.567882, 63.706773], [9.552745, 63.72602], [9.719493, 63.762885], [9.778087, 63.767564], [9.778087, 63.7744], [9.581309, 63.759101], [9.545909, 63.7744], [9.662771, 63.818793], [9.831228, 63.86164], [9.874278, 63.863186], [9.874278, 63.869371], [9.83074, 63.870592], [9.792247, 63.883694], [9.8921, 63.902533], [9.912364, 63.900784], [9.914561, 63.891506], [9.906749, 63.884101], [9.925792, 63.883694], [9.97047, 63.904202], [10.068044, 63.91767], [10.115977, 63.941107], [10.173676, 63.934068], [10.197032, 63.9383], [10.172374, 63.957221], [10.141775, 63.965562], [10.095714, 63.948676], [9.943126, 63.918402], [9.972667, 63.94184], [10.08725, 63.966498], [10.128103, 63.986721], [10.080333, 63.973049], [10.058604, 63.986802], [9.993012, 63.964545], [9.93629, 63.959418], [9.984141, 63.993476], [9.998057, 64.036282], [10.01824, 64.035102], [10.014415, 64.049221], [10.025645, 64.062445], [9.995779, 64.095445], [9.997813, 64.109565], [10.013682, 64.118801], [10.107921, 64.089748], [10.192068, 64.101467], [10.21754, 64.123928], [10.107677, 64.117092], [10.1338, 64.138495], [10.169688, 64.136908], [10.156016, 64.158026], [10.197032, 64.158026], [10.177908, 64.166693], [10.18336, 64.18537], [10.169688, 64.198961], [10.222179, 64.192613], [10.237315, 64.198961], [10.23113, 64.205797], [10.29713, 64.209947], [10.374522, 64.18537], [10.365408, 64.20718], [10.323497, 64.222235], [10.245372, 64.233791], [10.2588, 64.245592], [10.333507, 64.260443], [10.326834, 64.274115], [10.397309, 64.26439], [10.391368, 64.287787], [10.43629, 64.28498], [10.491222, 64.295233], [10.491222, 64.301418], [10.457693, 64.301011], [10.449555, 64.312812], [10.450206, 64.349799], [10.47755, 64.349799], [10.470714, 64.356635], [10.517345, 64.350043], [10.559418, 64.329332], [10.553559, 64.343451], [10.504731, 64.364081], [10.504731, 64.370307], [10.567393, 64.363918], [10.598318, 64.345771], [10.648936, 64.356635], [10.648936, 64.364081], [10.607107, 64.365546], [10.598399, 64.383002], [10.570323, 64.390774], [10.552989, 64.405097], [10.463878, 64.405097], [10.483084, 64.423733], [10.511567, 64.431708], [10.544119, 64.426174], [10.599132, 64.402086], [10.628266, 64.39765], [10.613129, 64.420803], [10.58546, 64.434312], [10.604747, 64.452216], [10.646251, 64.43537], [10.66627, 64.418118], [10.731944, 64.415758], [10.753754, 64.393052], [10.834972, 64.369127], [10.854991, 64.377753], [10.786632, 64.411282], [10.805186, 64.420803], [10.796641, 64.432318], [10.752615, 64.44599], [10.679942, 64.439032], [10.656423, 64.44599], [10.656423, 64.452216], [10.704112, 64.472724], [10.752615, 64.465888], [10.762218, 64.48017], [10.792817, 64.48017], [10.841156, 64.465888], [10.836925, 64.482896], [10.800304, 64.507473], [10.824718, 64.511379], [10.848399, 64.504869], [10.892263, 64.474677], [10.916352, 64.49315], [10.956716, 64.487006], [10.922618, 64.507473], [10.927908, 64.513373], [10.964122, 64.507473], [10.964122, 64.51496], [10.94988, 64.520494], [10.956716, 64.552191], [10.916352, 64.575751], [10.916352, 64.582587], [10.934825, 64.583564], [10.95045, 64.590033], [10.956716, 64.603013], [10.971202, 64.602607], [11.060313, 64.575751], [11.059744, 64.547431], [11.076182, 64.523627], [11.101329, 64.521145], [11.167247, 64.489163], [11.178071, 64.478664], [11.162771, 64.44599], [11.185069, 64.441596], [11.269786, 64.452582], [11.341563, 64.431708], [11.320323, 64.398668], [11.268728, 64.366645], [11.224864, 64.322455], [11.247406, 64.325588], [11.299978, 64.370307], [11.389334, 64.405097], [11.362071, 64.411282], [11.409841, 64.452216], [11.44337, 64.438544], [11.520274, 64.46247], [11.656261, 64.48017], [11.437755, 64.465888], [11.460704, 64.511176], [11.539561, 64.521145], [11.539561, 64.527981], [11.518077, 64.533149], [11.506033, 64.548407], [11.573741, 64.555854], [11.547048, 64.541571], [11.570079, 64.537258], [11.656261, 64.569525], [11.779796, 64.596869], [11.659516, 64.594306], [11.635753, 64.582587], [11.624522, 64.592597], [11.633556, 64.612982], [11.628917, 64.624172], [11.611176, 64.628607], [11.553233, 64.603013], [11.594737, 64.596869], [11.577159, 64.575019], [11.547618, 64.568183], [11.516775, 64.572943], [11.454438, 64.620429], [11.420665, 64.636379], [11.424083, 64.651435], [11.402029, 64.663153], [11.396169, 64.685614], [11.420177, 64.686103], [11.424083, 64.695868], [11.396169, 64.706732], [11.479828, 64.71955], [11.531749, 64.744574], [11.588552, 64.736396], [11.615896, 64.74022], [11.594737, 64.747707], [11.595225, 64.75849], [11.553233, 64.767524], [11.790375, 64.783637], [11.841807, 64.794867], [11.841807, 64.802314], [11.73878, 64.802314], [11.745616, 64.809149], [11.64324, 64.82274], [11.677094, 64.832099], [11.787283, 64.835842], [11.779796, 64.850084], [11.787283, 64.857571], [11.683604, 64.837063], [11.649425, 64.843207], [11.708507, 64.858303], [11.745453, 64.884182], [11.814464, 64.895087], [11.91684, 64.925198], [11.991954, 64.930243], [12.063731, 64.959947], [12.224864, 64.939439], [12.18629, 64.95954], [12.143891, 64.969428], [12.053477, 64.972968], [11.982188, 64.953111], [11.911632, 64.949408], [11.73878, 64.891059], [11.617035, 64.869615], [11.608409, 64.861965], [11.622081, 64.843207], [11.547618, 64.819648], [11.478282, 64.810614], [11.403331, 64.759711], [11.260997, 64.734361], [11.238536, 64.74022], [11.35141, 64.767524], [11.429698, 64.815904], [11.346365, 64.804999], [11.302419, 64.821967], [11.255056, 64.816596], [11.2317, 64.82274], [11.252696, 64.837836], [11.523774, 64.862535], [11.664887, 64.893256], [11.697113, 64.912177], [11.672537, 64.912299], [11.601573, 64.891059], [11.245372, 64.857571], [11.267263, 64.869818], [11.423188, 64.925198], [11.512218, 64.898505], [11.55421, 64.899075], [11.594737, 64.918362], [11.594737, 64.925198], [11.533946, 64.904731], [11.477387, 64.932603], [11.560069, 64.953111], [11.635753, 64.945624], [11.615896, 64.959947], [11.62908, 64.965888], [11.663097, 64.953111], [11.82016, 64.981187], [11.834972, 64.98664], [11.804535, 64.998603], [11.801524, 65.007636], [11.81422, 65.018012], [11.872569, 65.041897], [11.978526, 65.068834], [12.012462, 65.055487], [12.015473, 65.029608], [12.026134, 65.031317], [12.054454, 65.065579], [12.063731, 65.0456], [12.075938, 65.039455], [12.115571, 65.049302], [12.137055, 65.046698], [12.177013, 65.014594], [12.173188, 64.997789], [12.194021, 64.994859], [12.211192, 65.014594], [12.18686, 65.034491], [12.184337, 65.0456], [12.193126, 65.050482], [12.280935, 65.060126], [12.368826, 65.090277], [12.471528, 65.089301], [12.486095, 65.113511], [12.507498, 65.121243], [12.636241, 65.131293], [12.602224, 65.137437], [12.617361, 65.149848], [12.677257, 65.159166], [12.715587, 65.184638], [12.790538, 65.213813], [12.807384, 65.242092], [12.838064, 65.253607], [12.931, 65.312405], [12.939952, 65.327826], [12.931814, 65.333197], [12.668224, 65.19595], [12.541026, 65.162258], [12.502778, 65.144924], [12.429047, 65.139228], [12.368826, 65.15176], [12.381684, 65.177232], [12.470551, 65.182603], [12.499197, 65.200141], [12.451427, 65.206366], [12.438324, 65.213813], [12.438324, 65.226874], [12.417003, 65.230211], [12.355154, 65.219957], [12.355154, 65.226874], [12.408214, 65.246894], [12.508067, 65.240668], [12.520193, 65.250718], [12.712087, 65.254136], [12.680675, 65.262681], [12.516449, 65.267768], [12.458181, 65.254136], [12.465017, 65.267768], [12.43572, 65.273342], [12.34547, 65.267768], [12.276215, 65.232245], [12.245291, 65.233629], [12.342133, 65.302558], [12.451427, 65.313544], [12.478689, 65.336656], [12.41033, 65.322455], [12.432953, 65.34455], [12.499197, 65.370836], [12.516449, 65.357164], [12.600841, 65.354682], [12.656505, 65.325751], [12.67449, 65.322577], [12.69158, 65.32982], [12.662771, 65.354682], [12.547048, 65.364], [12.527029, 65.405585], [12.478689, 65.446519], [12.548595, 65.447008], [12.567393, 65.439765], [12.574229, 65.418647], [12.602224, 65.432318], [12.629242, 65.42121], [12.680675, 65.37995], [12.712087, 65.370836], [12.640798, 65.416409], [12.629405, 65.432318], [12.64975, 65.450263], [12.780284, 65.459621], [12.740977, 65.46776], [12.608409, 65.459621], [12.608409, 65.467027], [12.656912, 65.480699], [12.596528, 65.488593], [12.564626, 65.513658], [12.615733, 65.52851], [12.594249, 65.534003], [12.579438, 65.549506], [12.574229, 65.589993], [12.513682, 65.512152], [12.465017, 65.521674], [12.525727, 65.561835], [12.533865, 65.583157], [12.51002, 65.573717], [12.466563, 65.536851], [12.438324, 65.52851], [12.404307, 65.53498], [12.396495, 65.551907], [12.417166, 65.596747], [12.368419, 65.592678], [12.355154, 65.604193], [12.357677, 65.629299], [12.348888, 65.638373], [12.364106, 65.652493], [12.438324, 65.706], [12.495372, 65.733344], [12.554535, 65.729397], [12.581309, 65.71308], [12.587901, 65.689602], [12.636241, 65.686184], [12.615733, 65.673285], [12.608409, 65.651353], [12.656912, 65.638373], [12.712413, 65.64411], [12.740896, 65.629706], [12.78712, 65.638373], [12.758149, 65.65526], [12.683604, 65.661444], [12.663585, 65.679348], [12.650157, 65.709906], [12.586436, 65.727729], [12.557791, 65.75373], [12.567149, 65.766547], [12.645356, 65.807685], [12.66033, 65.809719], [12.71754, 65.78913], [12.7046, 65.802232], [12.711192, 65.827135], [12.693696, 65.835517], [12.626313, 65.827379], [12.611664, 65.834662], [12.615733, 65.850653], [12.636241, 65.864325], [12.642426, 65.891588], [12.682302, 65.926663], [12.789073, 65.964993], [12.848481, 65.966702], [12.917491, 65.95303], [12.965831, 65.925727], [13.040375, 65.925727], [13.068207, 65.898383], [13.120453, 65.892157], [13.122895, 65.877916], [13.156993, 65.850653], [13.176036, 65.85578], [13.151052, 65.892483], [13.149669, 65.912095], [13.122895, 65.943101], [12.978363, 65.959906], [12.942393, 65.973863], [12.924327, 65.994045], [12.963145, 66.010199], [12.968028, 66.022854], [12.951508, 66.03559], [12.970551, 66.052802], [13.023611, 66.067288], [13.040375, 66.083441], [13.002208, 66.082668], [12.927257, 66.061469], [12.712087, 66.042426], [12.725597, 66.056098], [12.670421, 66.062893], [12.75172, 66.105129], [12.868988, 66.134345], [13.047537, 66.152289], [13.089529, 66.146145], [13.103689, 66.161566], [13.225352, 66.185777], [13.306, 66.217922], [13.527192, 66.240139], [13.561778, 66.234198], [13.576508, 66.21894], [13.557384, 66.205146], [13.492849, 66.193305], [13.492849, 66.185777], [13.582286, 66.185777], [13.534434, 66.138617], [13.530121, 66.120266], [13.535899, 66.110541], [13.561778, 66.111314], [13.600922, 66.143297], [13.639659, 66.157294], [13.760265, 66.165961], [13.821625, 66.14704], [13.834809, 66.158515], [13.822439, 66.17182], [13.705089, 66.172756], [13.609548, 66.185777], [13.641124, 66.220608], [13.696462, 66.238715], [13.757823, 66.242418], [13.808116, 66.234198], [13.760265, 66.199449], [13.788422, 66.200832], [13.836681, 66.222073], [13.986176, 66.241034], [14.009776, 66.270941], [14.112804, 66.302314], [14.134613, 66.316392], [14.143891, 66.333808], [14.130544, 66.343085], [14.04835, 66.316799], [13.964041, 66.304755], [13.938487, 66.29564], [13.907481, 66.268378], [13.803477, 66.277777], [13.753754, 66.295844], [13.739268, 66.289455], [13.740408, 66.277533], [13.723643, 66.264106], [13.699067, 66.253079], [13.619802, 66.240912], [13.591645, 66.243842], [13.57545, 66.262152], [13.62322, 66.275214], [13.57545, 66.289455], [13.503184, 66.259019], [13.413748, 66.24315], [13.287364, 66.241034], [13.204763, 66.204657], [13.069347, 66.174058], [13.040375, 66.179633], [13.031586, 66.198228], [13.163097, 66.259101], [13.3213, 66.300279], [13.494314, 66.299994], [13.534434, 66.309312], [13.505626, 66.31859], [13.403494, 66.316799], [13.42335, 66.332465], [13.451915, 66.337226], [13.432872, 66.343248], [13.364757, 66.338324], [13.310883, 66.374498], [13.314708, 66.350287], [13.337657, 66.327826], [13.226573, 66.297349], [13.136567, 66.303127], [13.157725, 66.318264], [13.161632, 66.326728], [13.150238, 66.33039], [13.095551, 66.316799], [13.037283, 66.319973], [13.015636, 66.334133], [13.000011, 66.357123], [13.140961, 66.386135], [13.170665, 66.41234], [13.156993, 66.436591], [13.10255, 66.453925], [13.163829, 66.46015], [13.163829, 66.466986], [13.10255, 66.474433], [13.081798, 66.497992], [13.0171, 66.505276], [12.972016, 66.522203], [13.10255, 66.542711], [13.208995, 66.514106], [13.231456, 66.468085], [13.225352, 66.453925], [13.362071, 66.455512], [13.397227, 66.466986], [13.287852, 66.46011], [13.266856, 66.466986], [13.287771, 66.509508], [13.259532, 66.515367], [13.259532, 66.522203], [13.355968, 66.542711], [13.441417, 66.539944], [13.489431, 66.550116], [13.568614, 66.528469], [13.671072, 66.515367], [13.623383, 66.538764], [13.479991, 66.554999], [13.458751, 66.563788], [13.507091, 66.584296], [13.601329, 66.607245], [13.726248, 66.604804], [13.687511, 66.61579], [13.502778, 66.606513], [13.472423, 66.597357], [13.42335, 66.562812], [13.239024, 66.548407], [13.204845, 66.556342], [13.21811, 66.583075], [13.24586, 66.597968], [13.232758, 66.604804], [13.250011, 66.613837], [13.332205, 66.626288], [13.381602, 66.619086], [13.403494, 66.62523], [13.373302, 66.633287], [13.250743, 66.633124], [13.170665, 66.651923], [13.191173, 66.666571], [13.237315, 66.653998], [13.283946, 66.660712], [13.348888, 66.645738], [13.451915, 66.658759], [13.547374, 66.638251], [13.522634, 66.661078], [13.480154, 66.675279], [13.266856, 66.701646], [13.225352, 66.714016], [13.256033, 66.724066], [13.493175, 66.714016], [13.527599, 66.693549], [13.693126, 66.691311], [13.718761, 66.700385], [13.698253, 66.707221], [13.698253, 66.714016], [13.851248, 66.717108], [13.890147, 66.735093], [13.711925, 66.735093], [13.610688, 66.714179], [13.57545, 66.714016], [13.54713, 66.724311], [13.543224, 66.739203], [13.558767, 66.753485], [13.589122, 66.761786], [13.718028, 66.750556], [13.75294, 66.761786], [13.721039, 66.769517], [13.56365, 66.777167], [13.543305, 66.77147], [13.507091, 66.782294], [13.54184, 66.803209], [13.612153, 66.809801], [13.687266, 66.807034], [13.768321, 66.792629], [13.993012, 66.78974], [13.948009, 66.800198], [13.801443, 66.809556], [13.739268, 66.837551], [13.688324, 66.835028], [13.677908, 66.851142], [13.698253, 66.857978], [13.643891, 66.867987], [13.630626, 66.899604], [13.605724, 66.906887], [13.547537, 66.899604], [13.520763, 66.905748], [13.54363, 66.921861], [13.589692, 66.938178], [13.744477, 66.936957], [13.780284, 66.946112], [13.760265, 66.967841], [13.839041, 66.964097], [13.862804, 66.967841], [13.901622, 66.992133], [13.972667, 66.994574], [13.957774, 66.974026], [13.890147, 66.953559], [13.934581, 66.922187], [13.958995, 66.926947], [13.931651, 66.933092], [13.979991, 66.953559], [13.985688, 66.965969], [14.027843, 66.967841], [14.043793, 66.980943], [14.042735, 66.995063], [14.014334, 67.022528], [14.040294, 67.055976], [14.059906, 67.060858], [14.085623, 67.036811], [14.109386, 66.990668], [14.151541, 66.971625], [14.164561, 66.979071], [14.226736, 66.983588], [14.226248, 66.99258], [14.25172, 67.003852], [14.269054, 67.023993], [14.270763, 67.043158], [14.246349, 67.049791], [14.272146, 67.060004], [14.418224, 67.063422], [14.493419, 67.042955], [14.529552, 67.048489], [14.544281, 67.045356], [14.555431, 67.029283], [14.552501, 67.0185], [14.568207, 67.018134], [14.587738, 67.02676], [14.595876, 67.042955], [14.581309, 67.058417], [14.37672, 67.077704], [14.29005, 67.075832], [14.267426, 67.08393], [14.287446, 67.08983], [14.335785, 67.124905], [14.321788, 67.13642], [14.328136, 67.14704], [14.363048, 67.159654], [14.451915, 67.165839], [14.415701, 67.129381], [14.411388, 67.11872], [14.422862, 67.109442], [14.472911, 67.139228], [14.459239, 67.152818], [14.676931, 67.159573], [14.709239, 67.150824], [14.743337, 67.118313], [14.750336, 67.123928], [14.747244, 67.145413], [14.723155, 67.1612], [14.651378, 67.176703], [14.513927, 67.180121], [14.60377, 67.20425], [14.651622, 67.185248], [14.781423, 67.214301], [14.882986, 67.206204], [14.97934, 67.214301], [14.97934, 67.206855], [14.924815, 67.200629], [14.932628, 67.180487], [14.900727, 67.165758], [14.890636, 67.152818], [14.899099, 67.141588], [14.993907, 67.099066], [15.007986, 67.1022], [15.003917, 67.114936], [14.931651, 67.152818], [15.019542, 67.204088], [15.094574, 67.213365], [15.129893, 67.195787], [15.218598, 67.192288], [15.300629, 67.169013], [15.356781, 67.165839], [15.383311, 67.156724], [15.394705, 67.142035], [15.37672, 67.097602], [15.435557, 67.075751], [15.501475, 67.070258], [15.491222, 67.080512], [15.438731, 67.097602], [15.438731, 67.11872], [15.480317, 67.152818], [15.455414, 67.17178], [15.37672, 67.200629], [15.410492, 67.213121], [15.455089, 67.213568], [15.740408, 67.173285], [15.733165, 67.187567], [15.692638, 67.206855], [15.706309, 67.214301], [15.606212, 67.202826], [15.550466, 67.21955], [15.40797, 67.235745], [15.287446, 67.205634], [15.261241, 67.214301], [15.329112, 67.226304], [15.342459, 67.241604], [15.28297, 67.247016], [15.212738, 67.234768], [15.062511, 67.247748], [15.07781, 67.260443], [15.137706, 67.269517], [15.16505, 67.310492], [15.01352, 67.291653], [14.989513, 67.270494], [14.774587, 67.269517], [14.83546, 67.255276], [14.673839, 67.216702], [14.616954, 67.214301], [14.694591, 67.24844], [14.692068, 67.269517], [14.699474, 67.275702], [14.662446, 67.274726], [14.575694, 67.251899], [14.410899, 67.247748], [14.349376, 67.235053], [14.328298, 67.241604], [14.411388, 67.269517], [14.406912, 67.278062], [14.417817, 67.284491], [14.601736, 67.377346], [14.611583, 67.387885], [14.605235, 67.393785], [14.575938, 67.392401], [14.575938, 67.398627], [14.616954, 67.406073], [14.623057, 67.42064], [14.652517, 67.426337], [14.799978, 67.42182], [14.822439, 67.406073], [14.795095, 67.385565], [14.824718, 67.378323], [14.882986, 67.404771], [14.982758, 67.423814], [15.049001, 67.447008], [14.939138, 67.440863], [14.822439, 67.447008], [14.842784, 67.46133], [14.78419, 67.46247], [14.767751, 67.467475], [14.780772, 67.475002], [14.768565, 67.48078], [14.726817, 67.488674], [14.794119, 67.525214], [14.990408, 67.570624], [15.058849, 67.577338], [15.115408, 67.563951], [15.158865, 67.535793], [15.106944, 67.529608], [15.008311, 67.563666], [14.986827, 67.549506], [15.036388, 67.518541], [15.055186, 67.515937], [15.010427, 67.487006], [14.88502, 67.486396], [14.829275, 67.475002], [15.016775, 67.468736], [15.079356, 67.496283], [15.124034, 67.502265], [15.175792, 67.521308], [15.192882, 67.515937], [15.191417, 67.501654], [15.212738, 67.494818], [15.212738, 67.488674], [15.151378, 67.481147], [15.151378, 67.475002], [15.172374, 67.467475], [15.143321, 67.436713], [15.137706, 67.420356], [15.217133, 67.44953], [15.227061, 67.471259], [15.240977, 67.479193], [15.371267, 67.487738], [15.429047, 67.482978], [15.472911, 67.46133], [15.541759, 67.379381], [15.548595, 67.351467], [15.575938, 67.331], [15.644786, 67.303046], [15.644786, 67.29621], [15.604828, 67.29092], [15.603526, 67.280341], [15.62615, 67.27261], [15.658458, 67.275702], [15.700043, 67.303046], [15.692231, 67.312649], [15.62143, 67.333686], [15.617442, 67.357652], [15.58546, 67.395575], [15.514415, 67.4265], [15.582774, 67.46133], [15.528656, 67.467475], [15.558442, 67.493354], [15.597911, 67.509914], [15.786306, 67.550605], [15.89796, 67.556871], [15.868175, 67.573228], [15.668142, 67.551947], [15.555919, 67.515937], [15.498709, 67.510484], [15.239268, 67.529242], [15.227061, 67.539496], [15.228363, 67.558783], [15.261241, 67.577338], [15.240733, 67.584215], [15.275645, 67.593573], [15.410899, 67.583441], [15.425629, 67.579169], [15.436371, 67.559801], [15.466075, 67.577338], [15.418793, 67.604682], [15.438731, 67.612128], [15.406586, 67.631293], [15.370453, 67.62519], [15.384044, 67.612128], [15.359141, 67.605211], [15.274913, 67.62519], [15.194347, 67.60871], [15.178559, 67.618354], [15.196462, 67.644599], [15.336925, 67.687201], [15.274913, 67.694037], [15.301117, 67.720201], [15.368663, 67.710273], [15.412283, 67.68891], [15.541759, 67.67357], [15.514415, 67.694037], [15.658458, 67.680406], [15.548106, 67.711249], [15.486583, 67.69892], [15.404552, 67.735053], [15.404552, 67.741889], [15.596934, 67.748847], [15.658458, 67.735053], [15.799653, 67.679023], [15.822032, 67.677802], [15.836599, 67.694037], [15.806814, 67.695746], [15.781912, 67.707709], [15.788748, 67.728217], [15.6692, 67.761786], [15.630544, 67.762356], [15.640636, 67.775336], [15.692638, 67.796454], [15.594981, 67.773871], [15.411388, 67.796454], [15.446137, 67.83218], [15.446056, 67.844916], [15.432791, 67.860745], [15.420909, 67.856838], [15.404552, 67.824408], [15.369477, 67.86518], [15.356781, 67.851142], [15.384044, 67.8039], [15.262218, 67.752265], [15.223806, 67.743354], [15.181977, 67.714545], [14.918142, 67.651516], [14.836111, 67.642524], [14.752696, 67.648017], [14.726817, 67.659369], [14.876964, 67.700263], [14.876964, 67.707709], [14.780772, 67.714545], [14.792979, 67.728827], [14.856456, 67.725084], [15.117198, 67.741889], [15.087576, 67.748481], [15.01531, 67.746649], [14.993663, 67.769232], [15.034679, 67.782864], [14.876964, 67.773261], [14.829275, 67.762356], [14.843028, 67.769232], [14.829275, 67.776028], [14.831228, 67.791815], [14.819347, 67.797431], [14.778575, 67.784898], [14.75408, 67.8039], [14.77296, 67.815985], [14.806977, 67.825344], [14.87322, 67.822943], [14.959321, 67.837226], [15.063243, 67.838772], [15.102875, 67.851142], [15.075857, 67.861518], [14.84962, 67.844916], [14.84962, 67.851142], [14.8838, 67.858547], [14.899425, 67.872992], [14.998709, 67.895453], [15.192068, 67.886054], [15.233246, 67.872219], [15.201182, 67.859809], [15.19337, 67.847357], [15.199067, 67.831244], [15.302094, 67.890367], [15.336925, 67.899563], [15.338064, 67.891832], [15.359874, 67.891669], [15.483165, 67.91767], [15.543468, 67.916978], [15.503184, 67.875434], [15.514903, 67.85635], [15.532563, 67.852362], [15.541759, 67.858547], [15.524262, 67.866767], [15.524425, 67.877997], [15.534923, 67.889797], [15.597992, 67.916693], [15.60377, 67.930569], [15.752289, 67.952094], [15.788748, 67.951361], [15.820811, 67.937649], [15.832205, 67.927395], [15.840994, 67.901068], [15.860118, 67.899644], [15.870779, 67.926825], [15.885509, 67.93887], [15.944998, 67.965562], [15.966319, 67.995103], [15.953298, 67.995103], [15.968761, 68.008612], [16.063162, 68.009426], [16.063162, 68.016181], [15.90089, 68.023586], [15.850271, 68.036689], [15.850271, 68.042914], [15.898285, 68.06684], [15.877452, 68.070868], [15.789236, 68.034329], [15.602387, 68.038275], [15.575938, 68.063422], [15.545421, 68.074693], [15.384044, 68.023017], [15.392833, 68.011298], [15.438731, 68.009426], [15.398204, 67.99494], [15.356781, 67.995917], [15.317068, 68.010484], [15.281749, 68.036689], [15.294281, 68.047187], [15.342459, 68.057196], [15.354503, 68.079983], [15.403575, 68.10456], [15.46339, 68.124213], [15.507579, 68.13227], [15.50408, 68.10517], [15.528656, 68.091295], [15.538341, 68.111802], [15.583018, 68.111802], [15.629893, 68.134589], [15.63795, 68.142808], [15.636241, 68.165513], [15.643728, 68.168931], [15.665782, 68.16706], [15.658458, 68.152777], [15.734141, 68.139716], [15.700043, 68.126044], [15.737478, 68.102769], [15.734141, 68.091295], [15.710134, 68.084621], [15.644298, 68.096625], [15.617442, 68.091295], [15.628591, 68.076402], [15.617442, 68.057196], [15.628429, 68.053046], [15.665782, 68.05036], [15.6574, 68.066718], [15.669444, 68.072333], [15.73463, 68.072333], [15.761485, 68.077623], [15.766449, 68.089545], [15.844493, 68.096259], [15.906749, 68.132473], [15.925304, 68.13227], [15.872325, 68.169664], [15.870779, 68.186916], [15.888682, 68.19245], [15.942068, 68.18594], [15.953298, 68.204576], [15.945079, 68.231147], [15.949555, 68.239], [15.979666, 68.250067], [16.037852, 68.242987], [16.049815, 68.211737], [16.063162, 68.201158], [16.047699, 68.185777], [16.027843, 68.180732], [16.042491, 68.162299], [16.097179, 68.173285], [16.104015, 68.160224], [16.090343, 68.125678], [16.069672, 68.112494], [16.089854, 68.074205], [16.083669, 68.057359], [16.042003, 68.029853], [16.15797, 67.999701], [16.192882, 67.981513], [16.210623, 67.958808], [16.220063, 67.892727], [16.236827, 67.883612], [16.281993, 67.877183], [16.437348, 67.807563], [16.484711, 67.797797], [16.514985, 67.8039], [16.460297, 67.817694], [16.443533, 67.831529], [16.453461, 67.851142], [16.311046, 67.873969], [16.268565, 67.889309], [16.254568, 67.900336], [16.275401, 67.926825], [16.275401, 67.975287], [16.243337, 67.99433], [16.207042, 68.00259], [16.244802, 68.009426], [16.274262, 68.005683], [16.405935, 67.919501], [16.412608, 67.906317], [16.466563, 67.899563], [16.446056, 67.926825], [16.466563, 67.940497], [16.396169, 67.95893], [16.334809, 67.994452], [16.333507, 68.002427], [16.380382, 68.008938], [16.451508, 67.962795], [16.481781, 67.95718], [16.542247, 67.961005], [16.46339, 67.978339], [16.46339, 67.987698], [16.500743, 68.016181], [16.364757, 68.029853], [16.389171, 68.059272], [16.442638, 68.076117], [16.463634, 68.094306], [16.550141, 68.06623], [16.662771, 68.050686], [16.68629, 68.057196], [16.665212, 68.063422], [16.688975, 68.071031], [16.576996, 68.08511], [16.500743, 68.118598], [16.445079, 68.115546], [16.346446, 68.08218], [16.289073, 68.091295], [16.302745, 68.111802], [16.253673, 68.121649], [16.241222, 68.13227], [16.319998, 68.1258], [16.360118, 68.14411], [16.40211, 68.13703], [16.412608, 68.145941], [16.398936, 68.152777], [16.41627, 68.158759], [16.473399, 68.152777], [16.464366, 68.165717], [16.412608, 68.180732], [16.412608, 68.186916], [16.545177, 68.165025], [16.590099, 68.16706], [16.466807, 68.201158], [16.453136, 68.228461], [16.405772, 68.207994], [16.172048, 68.203681], [16.16212, 68.211127], [16.18336, 68.221137], [16.347341, 68.228461], [16.355642, 68.239], [16.34018, 68.249579], [16.190929, 68.25845], [16.103363, 68.283149], [16.149669, 68.313056], [16.172374, 68.317857], [16.247569, 68.304185], [16.281749, 68.30744], [16.302908, 68.299628], [16.316905, 68.283149], [16.388438, 68.284125], [16.508311, 68.255439], [16.559825, 68.232815], [16.562755, 68.194322], [16.739513, 68.138902], [16.802989, 68.13227], [16.749278, 68.158026], [16.731293, 68.176703], [16.643728, 68.201728], [16.612153, 68.219062], [16.592621, 68.239488], [16.60377, 68.255805], [16.567393, 68.276313], [16.522797, 68.288886], [16.411876, 68.298774], [16.317719, 68.329413], [16.264334, 68.324286], [16.241222, 68.331529], [16.281586, 68.34455], [16.220063, 68.351386], [16.35613, 68.370917], [16.422862, 68.38935], [16.694591, 68.405463], [16.802989, 68.379299], [16.869884, 68.372545], [16.878673, 68.355129], [16.824067, 68.324042], [16.994802, 68.34455], [17.046886, 68.362616], [17.127289, 68.37287], [17.14503, 68.36872], [17.183116, 68.337714], [17.196788, 68.300482], [17.223806, 68.284247], [17.330577, 68.255805], [17.310069, 68.232245], [17.330577, 68.207994], [17.318614, 68.170071], [17.333995, 68.16706], [17.354991, 68.171861], [17.364024, 68.183539], [17.352061, 68.225531], [17.419932, 68.235907], [17.389985, 68.266832], [17.268565, 68.31037], [17.222992, 68.339586], [17.206065, 68.372992], [17.255544, 68.393012], [17.247895, 68.405992], [17.327973, 68.408393], [17.495779, 68.365058], [17.576915, 68.358832], [17.545584, 68.376776], [17.364594, 68.413479], [17.395274, 68.423041], [17.539887, 68.428371], [17.709483, 68.411811], [17.816661, 68.384752], [17.871837, 68.393012], [17.815684, 68.397284], [17.612153, 68.450873], [17.467621, 68.447577], [17.544119, 68.518541], [17.54656, 68.530097], [17.438487, 68.506496], [17.364594, 68.502875], [17.260102, 68.455227], [17.046641, 68.434149], [17.001638, 68.447577], [17.081309, 68.458238], [17.097179, 68.468695], [17.09197, 68.48078], [16.987966, 68.50967], [16.848643, 68.448717], [16.739106, 68.452379], [16.668793, 68.438381], [16.534841, 68.4383], [16.510997, 68.441311], [16.500743, 68.450995], [16.498057, 68.473212], [16.46461, 68.509996], [16.484874, 68.528957], [16.542003, 68.543769], [16.60434, 68.528876], [16.621104, 68.533515], [16.632091, 68.546291], [16.628266, 68.550849], [16.573253, 68.569241], [16.562755, 68.591539], [16.571788, 68.612128], [16.597016, 68.629543], [16.809825, 68.680976], [16.925059, 68.693264], [16.960704, 68.704535], [16.992931, 68.707953], [17.045258, 68.675727], [17.080903, 68.664008], [17.083507, 68.646186], [17.148692, 68.63231], [17.186534, 68.638739], [17.169932, 68.651801], [17.132579, 68.655219], [17.100434, 68.669501], [17.100597, 68.690619], [17.115082, 68.699042], [17.250173, 68.723944], [17.310069, 68.707668], [17.370372, 68.711127], [17.403656, 68.684556], [17.460216, 68.666693], [17.576671, 68.67414], [17.65561, 68.657294], [17.679373, 68.660468], [17.620616, 68.681342], [17.494477, 68.690334], [17.403331, 68.744452], [17.373871, 68.750312], [17.323578, 68.731594], [17.234386, 68.756049], [17.460948, 68.815375], [17.564789, 68.788764], [17.72169, 68.778469], [17.78297, 68.748603], [17.782888, 68.778144], [17.739268, 68.791327], [17.645274, 68.797065], [17.467621, 68.831204], [17.707367, 68.893256], [17.768728, 68.871812], [17.851329, 68.872748], [17.825938, 68.893744], [17.707367, 68.913764], [17.720958, 68.934231], [17.521495, 68.916734], [17.457774, 68.899807], [17.426117, 68.899482], [17.479747, 68.947821], [17.533702, 68.960842], [17.530447, 68.986884], [17.488292, 68.988837], [17.488292, 68.995673], [17.603201, 69.060614], [17.679373, 69.091864], [17.631602, 69.105536], [17.658865, 69.116889], [17.868988, 69.121324], [17.958832, 69.148505], [18.024181, 69.155666], [18.152354, 69.153957], [18.081309, 69.169135], [18.071056, 69.177558], [18.0796, 69.207017], [18.105235, 69.229071], [18.077159, 69.237128], [18.016287, 69.229193], [17.988536, 69.235256], [18.00408, 69.250149], [18.003103, 69.285712], [18.015798, 69.304145], [18.112559, 69.333482], [18.138682, 69.352525], [18.130544, 69.36933], [18.180349, 69.407782], [18.166026, 69.420844], [18.171072, 69.433661], [18.152354, 69.448147], [18.158458, 69.459621], [18.24171, 69.47606], [18.263357, 69.488105], [18.300955, 69.486762], [18.341482, 69.467678], [18.382335, 69.431342], [18.38738, 69.422187], [18.364757, 69.391506], [18.44752, 69.393541], [18.487153, 69.382025], [18.509288, 69.355943], [18.495616, 69.290473], [18.516287, 69.276109], [18.498546, 69.252021], [18.502452, 69.235256], [18.533214, 69.277899], [18.538341, 69.347968], [18.543956, 69.359361], [18.564789, 69.364651], [18.579763, 69.352932], [18.602061, 69.300238], [18.651703, 69.288235], [18.691661, 69.263495], [18.702973, 69.262519], [18.703136, 69.287665], [18.673676, 69.304145], [18.689708, 69.317857], [18.735037, 69.324164], [18.823904, 69.325263], [18.929698, 69.295803], [19.01295, 69.287055], [19.01352, 69.299302], [18.9546, 69.328315], [18.664806, 69.36933], [18.606619, 69.390448], [18.591807, 69.420844], [18.57781, 69.431342], [18.466645, 69.445217], [18.4546, 69.454332], [18.466156, 69.473822], [18.48878, 69.482245], [18.468516, 69.504055], [18.474294, 69.516425], [18.630626, 69.541002], [18.852712, 69.552314], [18.861583, 69.546698], [18.864268, 69.521918], [18.844493, 69.502753], [18.893728, 69.497626], [18.911388, 69.481838], [18.916759, 69.458075], [18.935313, 69.446275], [19.009532, 69.42829], [19.003184, 69.407904], [19.014415, 69.39704], [19.146007, 69.352525], [19.347423, 69.344184], [19.379405, 69.321845], [19.371104, 69.300116], [19.350597, 69.290473], [19.284923, 69.275539], [19.215343, 69.281562], [19.167003, 69.267035], [19.177501, 69.253485], [19.196625, 69.251288], [19.250987, 69.274237], [19.268565, 69.266181], [19.272309, 69.252387], [19.249034, 69.242662], [19.300792, 69.224026], [19.336599, 69.224921], [19.379405, 69.242662], [19.477224, 69.220771], [19.509288, 69.229071], [19.448578, 69.260321], [19.440929, 69.283677], [19.4546, 69.318427], [19.429535, 69.341742], [19.32488, 69.384019], [19.156261, 69.377143], [19.119395, 69.386054], [19.085216, 69.414008], [19.077891, 69.434516], [19.021739, 69.450263], [19.001313, 69.464342], [18.992686, 69.48314], [19.005707, 69.506171], [19.031912, 69.521145], [19.176931, 69.550727], [19.194835, 69.550482], [19.235606, 69.528266], [19.262706, 69.523261], [19.233246, 69.553168], [19.229259, 69.567939], [19.053396, 69.552151], [19.016368, 69.534369], [18.958018, 69.561103], [18.944347, 69.615302], [19.084972, 69.693427], [19.098318, 69.736151], [19.201427, 69.753323], [19.249034, 69.777086], [19.295746, 69.782904], [19.444347, 69.777086], [19.558767, 69.800198], [19.737153, 69.813056], [19.78419, 69.804389], [19.769379, 69.784247], [19.731456, 69.756822], [19.736339, 69.739569], [19.728689, 69.722886], [19.674327, 69.681545], [19.727387, 69.642157], [19.71518, 69.612616], [19.629893, 69.520453], [19.626475, 69.495917], [19.650157, 69.459621], [19.581716, 69.437445], [19.530284, 69.400336], [19.688487, 69.444729], [19.724864, 69.516059], [19.708344, 69.530707], [19.756847, 69.599555], [19.743175, 69.612616], [19.928559, 69.60517], [20.0, 69.59101885160968], [20.0, 69.34824176260587], [19.982188, 69.338935], [20.0, 69.32706033333334], [20.0, 69.32350483469997], [19.91684, 69.269273], [19.948009, 69.263129], [19.97169, 69.270168], [20.0, 69.28903359648164], [20.0, 68.5542718196403], [19.962223, 68.541192]]], [[[19.857758, 69.627265], [19.824474, 69.681545], [19.824474, 69.7119], [19.878184, 69.74433], [19.872325, 69.763414], [19.927745, 69.784125], [19.977875, 69.830512], [20.0, 69.84017165951344], [20.0, 69.81656098162668], [19.968516, 69.763414], [20.0, 69.7675739154132], [20.0, 69.59539990506708], [19.857758, 69.627265]]], [[[14.813813, 68.231838], [14.795584, 68.246161], [14.817719, 68.268297], [14.886729, 68.300849], [14.940115, 68.302151], [14.953136, 68.277411], [14.872406, 68.222724], [14.813813, 68.231838]]], [[[14.240896, 68.31387], [14.26824, 68.28262], [14.242198, 68.256578], [14.200531, 68.248765], [14.14324, 68.273505], [14.138031, 68.285224], [14.145844, 68.29564], [14.058604, 68.296942], [14.040375, 68.312567], [14.079438, 68.315172], [14.066417, 68.332099], [14.117198, 68.337307], [14.147146, 68.334703], [14.199229, 68.315172], [14.240896, 68.31387]]], [[[14.08725, 68.28262], [14.125011, 68.274807], [14.158865, 68.255276], [14.110688, 68.207099], [14.062022, 68.201158], [14.034028, 68.180732], [13.947765, 68.17768], [13.910411, 68.16767], [13.876313, 68.180732], [13.84197, 68.159613], [13.774099, 68.159613], [13.784679, 68.146918], [13.824718, 68.143134], [13.842296, 68.13227], [13.845958, 68.120551], [13.825694, 68.106757], [13.774099, 68.101955], [13.760265, 68.104967], [13.749522, 68.123277], [13.722667, 68.123033], [13.698253, 68.098131], [13.718761, 68.077623], [13.698985, 68.070258], [13.643728, 68.070868], [13.651134, 68.077623], [13.62322, 68.08511], [13.624685, 68.107856], [13.5949, 68.120551], [13.558849, 68.119615], [13.54127, 68.101549], [13.564789, 68.081773], [13.527192, 68.043402], [13.512869, 68.040513], [13.456716, 68.07099], [13.485688, 68.106838], [13.589122, 68.159613], [13.562999, 68.164211], [13.509939, 68.136705], [13.479259, 68.13227], [13.479259, 68.139716], [13.500743, 68.143988], [13.513357, 68.159613], [13.479259, 68.16706], [13.527599, 68.173285], [13.479259, 68.186916], [13.515636, 68.209703], [13.615896, 68.22663], [13.500011, 68.242255], [13.636729, 68.294338], [13.677908, 68.290595], [13.715017, 68.274644], [13.770844, 68.280015], [13.791189, 68.268052], [13.873709, 68.325588], [13.919281, 68.341213], [13.983084, 68.337307], [14.007823, 68.294338], [13.967459, 68.269599], [13.9935, 68.25788], [14.08725, 68.28262]]], [[[14.717459, 68.490953], [14.704438, 68.513088], [14.626313, 68.543036], [14.604177, 68.558661], [14.669281, 68.587307], [14.713552, 68.57689], [15.000011, 68.554755], [14.998654, 68.535187], [14.991114, 68.530618], [14.891938, 68.494859], [14.717459, 68.490953]]], [[[5.314098, 59.273599], [5.317929, 59.25654], [5.317383, 59.228853], [5.302363, 59.205499], [5.297091, 59.168884], [5.235929, 59.141058], [5.208551, 59.142886], [5.18843, 59.157246], [5.166169, 59.195682], [5.173125, 59.26871], [5.165278, 59.273428], [5.178722, 59.292222], [5.228282, 59.28559], [5.173839, 59.334052], [5.17449, 59.34927], [5.208507, 59.374945], [5.188487, 59.383979], [5.180024, 59.40058], [5.185883, 59.41474], [5.208507, 59.415961], [5.253917, 59.347968], [5.280284, 59.330268], [5.286469, 59.32038], [5.276866, 59.299262], [5.314098, 59.273599]]], [[[5.344981, 59.71015], [5.290782, 59.683539], [5.27003, 59.682847], [5.27003, 59.689683], [5.310313, 59.703315], [5.289317, 59.749823], [5.27003, 59.751776], [5.273448, 59.735012], [5.26059, 59.733873], [5.225597, 59.755194], [5.194184, 59.74494], [5.194184, 59.713853], [5.153982, 59.669827], [5.160167, 59.655219], [5.208507, 59.682847], [5.187999, 59.655504], [5.201508, 59.633124], [5.194184, 59.621405], [5.201671, 59.614569], [5.177094, 59.59748], [5.152843, 59.59162], [5.115408, 59.636054], [5.11671, 59.685696], [5.131358, 59.711982], [5.187999, 59.758612], [5.124848, 59.761868], [5.118419, 59.779039], [5.089529, 59.762274], [5.076182, 59.766303], [5.070649, 59.782782], [5.097423, 59.809312], [5.098643, 59.82746], [5.118419, 59.820014], [5.128429, 59.83161], [5.146495, 59.82746], [5.104828, 59.868476], [5.153982, 59.874661], [5.168305, 59.850002], [5.220225, 59.826606], [5.227224, 59.807318], [5.259776, 59.80268], [5.293224, 59.764472], [5.30714, 59.758612], [5.344981, 59.71015]]], [[[5.497813, 59.803412], [5.4817, 59.787909], [5.421886, 59.758979], [5.389659, 59.758612], [5.363292, 59.764065], [5.358165, 59.772203], [5.399587, 59.771226], [5.406505, 59.779039], [5.401866, 59.787299], [5.37794, 59.792914], [5.352306, 59.777655], [5.314301, 59.789455], [5.284841, 59.848212], [5.256358, 59.874661], [5.261974, 59.895087], [5.250173, 59.90941], [5.297537, 59.950995], [5.275401, 59.959662], [5.282888, 59.96662], [5.304047, 59.977688], [5.326182, 59.976508], [5.344981, 59.964057], [5.388194, 59.95775], [5.420665, 59.938381], [5.489106, 59.861029], [5.497813, 59.803412]]], [[[5.656749, 60.078843], [5.660411, 60.066474], [5.660411, 60.016913], [5.652843, 60.000922], [5.605235, 59.962226], [5.60613, 59.950507], [5.639903, 59.915595], [5.622406, 59.9112], [5.571544, 59.923041], [5.508067, 59.899115], [5.489106, 59.915595], [5.476817, 59.962958], [5.454275, 59.950995], [5.410167, 59.957668], [5.372406, 59.977688], [5.361827, 59.995347], [5.375255, 60.002509], [5.449392, 60.005032], [5.453624, 60.009589], [5.439708, 60.032416], [5.461681, 60.052802], [5.484141, 60.046373], [5.51295, 60.060248], [5.577891, 60.066474], [5.594574, 60.059963], [5.619151, 60.07392], [5.656749, 60.078843]]], [[[5.103201, 60.190741], [5.05714, 60.193671], [5.035818, 60.237942], [5.02296, 60.245185], [5.017426, 60.220771], [4.993012, 60.225287], [4.947927, 60.258857], [4.935802, 60.285549], [4.941417, 60.291246], [4.992442, 60.297024], [5.02296, 60.2862], [5.036632, 60.313463], [5.020193, 60.307685], [4.970958, 60.332831], [4.960785, 60.368109], [4.971934, 60.383979], [4.9546, 60.405951], [4.944591, 60.430243], [4.948904, 60.439154], [4.976817, 60.44123], [5.002208, 60.39997], [5.070649, 60.347602], [5.093761, 60.320217], [5.097667, 60.298163], [5.082856, 60.285549], [5.050304, 60.2862], [5.098643, 60.25141], [5.111664, 60.200507], [5.103201, 60.190741]]], [[[4.960785, 60.559882], [5.026378, 60.522895], [5.150157, 60.50137], [5.194184, 60.471137], [5.204356, 60.43183], [5.192393, 60.418769], [5.125011, 60.402411], [5.115733, 60.428046], [5.132823, 60.443793], [5.064464, 60.464911], [5.078136, 60.477973], [5.063324, 60.476793], [5.053722, 60.502143], [5.043956, 60.506415], [5.00587, 60.49844], [4.977794, 60.524319], [4.960785, 60.559882]]], [[[5.687673, 60.611721], [5.674001, 60.54682], [5.681407, 60.481676], [5.675955, 60.472886], [5.624522, 60.466864], [5.608897, 60.443793], [5.502126, 60.436957], [5.435557, 60.476508], [5.392833, 60.512112], [5.323985, 60.54682], [5.409028, 60.55801], [5.434337, 60.577826], [5.569672, 60.625067], [5.587738, 60.642524], [5.591563, 60.676581], [5.608409, 60.688422], [5.665701, 60.688788], [5.687673, 60.676581], [5.687673, 60.611721]]], [[[4.987315, 61.119696], [4.985362, 61.104885], [4.893809, 61.056098], [4.875499, 61.089789], [4.858409, 61.101142], [4.820567, 61.077541], [4.803233, 61.046536], [4.795258, 61.082913], [4.794607, 61.153754], [4.830577, 61.163235], [4.851329, 61.129299], [4.863292, 61.121731], [4.872081, 61.136461], [4.844737, 61.197333], [4.862478, 61.203437], [4.872813, 61.194648], [4.895274, 61.137356], [4.906098, 61.14643], [4.900076, 61.169989], [4.934255, 61.177436], [4.919932, 61.191107], [4.943533, 61.190172], [4.960785, 61.177436], [4.987315, 61.119696]]], [[[4.952973, 61.896959], [5.22283, 61.848456], [5.205414, 61.83393], [5.176606, 61.82567], [5.118419, 61.821112], [5.138682, 61.837348], [5.125987, 61.855862], [5.053396, 61.808783], [4.91627, 61.780951], [4.889659, 61.785102], [4.872081, 61.800605], [4.870779, 61.813381], [4.900076, 61.80744], [4.926768, 61.827948], [4.803233, 61.84162], [4.864919, 61.873033], [4.865245, 61.88939], [4.952973, 61.896959]]], [[[5.801117, 62.277411], [5.804454, 62.266791], [5.78533, 62.251695], [5.785818, 62.238471], [5.797537, 62.232001], [5.790701, 62.214993], [5.701427, 62.191067], [5.546886, 62.192694], [5.53004, 62.197821], [5.502126, 62.225816], [5.583263, 62.218411], [5.605724, 62.225816], [5.518077, 62.24315], [5.539399, 62.258246], [5.557302, 62.259955], [5.543712, 62.273017], [5.563243, 62.291409], [5.670584, 62.294094], [5.696462, 62.301663], [5.736095, 62.280463], [5.801117, 62.277411]]], [[[5.999522, 62.366116], [6.078787, 62.341864], [6.03712, 62.335028], [5.874034, 62.255439], [5.81129, 62.245673], [5.851573, 62.280463], [5.831716, 62.286607], [5.841075, 62.313056], [5.811209, 62.343451], [5.804454, 62.362372], [5.815603, 62.385728], [5.86199, 62.415595], [5.917003, 62.429877], [5.967459, 62.417304], [5.988617, 62.39647], [5.999522, 62.366116]]], [[[6.3213, 62.422838], [6.33253, 62.410793], [6.31837, 62.403957], [6.16505, 62.396552], [6.090668, 62.402411], [6.023448, 62.437445], [6.201671, 62.444892], [6.263031, 62.423814], [6.3213, 62.422838]]], [[[6.90447, 62.732611], [6.919444, 62.71719], [6.914073, 62.698188], [6.749197, 62.676459], [6.672374, 62.655992], [6.662771, 62.675116], [6.646658, 62.67829], [6.646658, 62.684516], [6.681407, 62.698188], [6.674815, 62.71719], [6.684744, 62.73017], [6.703136, 62.735785], [6.722423, 62.732896], [6.715587, 62.725491], [6.743988, 62.722886], [6.852794, 62.745917], [6.90447, 62.732611]]], [[[6.924327, 62.856594], [6.942149, 62.841539], [6.942149, 62.825914], [6.896332, 62.81981], [6.880056, 62.80801], [6.903819, 62.790351], [6.900564, 62.780097], [6.886729, 62.775092], [6.770356, 62.816962], [6.80421, 62.822252], [6.777517, 62.83983], [6.777599, 62.848944], [6.79005, 62.857652], [6.832286, 62.841539], [6.924327, 62.856594]]], [[[7.886729, 63.099758], [7.914724, 63.081732], [7.873383, 63.045111], [7.787934, 63.020657], [7.681326, 63.05508], [7.681326, 63.061265], [7.699067, 63.061957], [7.712738, 63.088568], [7.72641, 63.093817], [7.778168, 63.081732], [7.886729, 63.099758]]], [[[7.706309, 63.006659], [7.624034, 62.989651], [7.526541, 62.946031], [7.490245, 62.945217], [7.465343, 62.965481], [7.392914, 62.979641], [7.366547, 62.996731], [7.375743, 63.006049], [7.435557, 63.02025], [7.417328, 63.036038], [7.435557, 63.047553], [7.401378, 63.05508], [7.401378, 63.061265], [7.490245, 63.068061], [7.47641, 63.05508], [7.527029, 63.046617], [7.565196, 63.02025], [7.575043, 63.044257], [7.563162, 63.050605], [7.595551, 63.064643], [7.60613, 63.078437], [7.585134, 63.116523], [7.647797, 63.109687], [7.649587, 63.069403], [7.640391, 63.05508], [7.706309, 63.006659]]], [[[8.15561, 63.210883], [8.170746, 63.191392], [8.167979, 63.177924], [8.188487, 63.164944], [8.188487, 63.157457], [8.020193, 63.137926], [7.976817, 63.143215], [7.928396, 63.177924], [7.990489, 63.198432], [8.07781, 63.241156], [8.113292, 63.239407], [8.15561, 63.210883]]], [[[8.574718, 63.199612], [8.565766, 63.177924], [8.423188, 63.161078], [8.374034, 63.164944], [8.3449, 63.176459], [8.264171, 63.232611], [8.27296, 63.267524], [8.288422, 63.277167], [8.325938, 63.259589], [8.353526, 63.267279], [8.396007, 63.226874], [8.408214, 63.239407], [8.401378, 63.27204], [8.410492, 63.283393], [8.428722, 63.287787], [8.445974, 63.283677], [8.483897, 63.246812], [8.574718, 63.199612]]], [[[7.997325, 63.342475], [7.963878, 63.353176], [7.806326, 63.371283], [7.786794, 63.382758], [7.791189, 63.403876], [7.778168, 63.411322], [7.837738, 63.428778], [7.923839, 63.437323], [8.00408, 63.472805], [8.070567, 63.473293], [8.100759, 63.464057], [8.12436, 63.425971], [8.172048, 63.406073], [8.181651, 63.390204], [8.138438, 63.350898], [8.099783, 63.342475], [8.086681, 63.328803], [8.038259, 63.328803], [7.976817, 63.315131], [7.973806, 63.325914], [7.914724, 63.342475], [7.997325, 63.342475]]], [[[9.176036, 63.567776], [9.176036, 63.562201], [9.141856, 63.554755], [9.106781, 63.533271], [8.858572, 63.487006], [8.718028, 63.484036], [8.662283, 63.468329], [8.573253, 63.459133], [8.503591, 63.434231], [8.39031, 63.433824], [8.333018, 63.459133], [8.318533, 63.447089], [8.299327, 63.445502], [8.288259, 63.448554], [8.284679, 63.466539], [8.277843, 63.466539], [8.317231, 63.51317], [8.413341, 63.557807], [8.618012, 63.570746], [8.691091, 63.563422], [8.723481, 63.567776], [8.681814, 63.578803], [8.584646, 63.587104], [8.545258, 63.602484], [8.564708, 63.611884], [8.621104, 63.609931], [8.788259, 63.640041], [8.827647, 63.639594], [8.833344, 63.616767], [8.846446, 63.615912], [8.868175, 63.646186], [8.96518, 63.656236], [8.977306, 63.64411], [8.956879, 63.630439], [8.974376, 63.620266], [8.988292, 63.59276], [9.048676, 63.607978], [9.080089, 63.606187], [9.121349, 63.581977], [9.12672, 63.569078], [9.176036, 63.567776]]], [[[8.313487, 63.668158], [8.271739, 63.685045], [8.331554, 63.701809], [8.518077, 63.719794], [8.743419, 63.7744], [8.708507, 63.779242], [8.675059, 63.767564], [8.682302, 63.780097], [8.737153, 63.809149], [8.752452, 63.801947], [8.805431, 63.815375], [8.791759, 63.794908], [8.81072, 63.781643], [8.825531, 63.734076], [8.825857, 63.719794], [8.792003, 63.698065], [8.743419, 63.687934], [8.545258, 63.677639], [8.475841, 63.664293], [8.455903, 63.671373], [8.525564, 63.69184], [8.455903, 63.677639], [8.441661, 63.685045], [8.313487, 63.668158]]], [[[11.312185, 64.540107], [11.425629, 64.53974], [11.451427, 64.51496], [11.416759, 64.472724], [11.391449, 64.482733], [11.315766, 64.487982], [11.283865, 64.513251], [11.180186, 64.507473], [11.128673, 64.555854], [11.141612, 64.571275], [11.224864, 64.569525], [11.191742, 64.595608], [11.083995, 64.588284], [11.042979, 64.599921], [11.037364, 64.614447], [11.053966, 64.643948], [11.085785, 64.652045], [11.229259, 64.611274], [11.269379, 64.592231], [11.286306, 64.558987], [11.312185, 64.540107]]], [[[11.005707, 64.898505], [10.906912, 64.857408], [10.826915, 64.850084], [10.826915, 64.857571], [11.101329, 64.953111], [11.167166, 64.937323], [11.206879, 64.909125], [11.266368, 64.893704], [11.17628, 64.848619], [11.132172, 64.838853], [11.080903, 64.835842], [11.087738, 64.850084], [11.046072, 64.850084], [11.046072, 64.857571], [11.080251, 64.875067], [11.092052, 64.889635], [11.091075, 64.901597], [11.005707, 64.898505]]], [[[10.738129, 64.850084], [10.745128, 64.863715], [10.710948, 64.863715], [10.730479, 64.872219], [10.765636, 64.918362], [10.783865, 64.924018], [10.871755, 64.92768], [11.032481, 64.972968], [11.033458, 64.988227], [11.059337, 64.990424], [11.115001, 64.972968], [10.965017, 64.918687], [10.898936, 64.908271], [10.841156, 64.877387], [10.738129, 64.850084]]], [[[12.309093, 65.110582], [12.300466, 65.096503], [12.270274, 65.080715], [12.156505, 65.055487], [11.979015, 65.082831], [12.04835, 65.085395], [12.043468, 65.107001], [12.060557, 65.117621], [12.122325, 65.131293], [12.092784, 65.135565], [12.088145, 65.144924], [12.095063, 65.178412], [12.113943, 65.192572], [12.167247, 65.211127], [12.208018, 65.207261], [12.240977, 65.178697], [12.271658, 65.164618], [12.224864, 65.123765], [12.309093, 65.110582]]], [[[12.474946, 65.402899], [12.506602, 65.398139], [12.444591, 65.370836], [12.392426, 65.360175], [12.336436, 65.331529], [12.211111, 65.324652], [12.204275, 65.319322], [12.211192, 65.302558], [12.247732, 65.280463], [12.183849, 65.247301], [12.080577, 65.215033], [12.053477, 65.219957], [12.077322, 65.233629], [12.122325, 65.302558], [12.08074, 65.308783], [12.122244, 65.357327], [12.142833, 65.364], [12.180675, 65.35102], [12.211192, 65.377631], [12.211192, 65.385077], [12.183767, 65.38349], [12.160818, 65.395819], [12.211192, 65.426093], [12.328461, 65.467027], [12.31422, 65.49494], [12.258556, 65.472968], [12.197439, 65.473863], [12.232188, 65.487494], [12.204356, 65.487494], [12.240408, 65.526068], [12.245291, 65.54149], [12.224864, 65.548977], [12.258637, 65.574612], [12.274262, 65.581732], [12.297374, 65.566067], [12.324718, 65.531928], [12.397309, 65.507554], [12.444591, 65.467027], [12.451427, 65.426093], [12.474946, 65.402899]]], [[[11.999766, 65.678046], [11.957856, 65.665025], [11.972992, 65.649563], [11.971446, 65.631537], [11.91684, 65.589993], [11.889903, 65.604193], [11.859386, 65.598375], [11.848643, 65.604193], [11.869151, 65.610419], [11.779796, 65.607001], [11.759288, 65.617906], [11.785004, 65.660305], [11.824474, 65.69302], [11.926117, 65.708726], [11.954438, 65.696438], [11.997895, 65.700141], [12.005138, 65.689602], [11.999766, 65.678046]]], [[[12.800304, 66.024807], [12.860037, 66.026801], [12.903819, 66.015082], [12.890147, 66.001451], [12.73406, 65.975572], [12.674815, 65.952216], [12.623383, 65.942125], [12.465831, 65.873277], [12.430919, 65.87108], [12.470714, 65.887519], [12.478689, 65.898383], [12.368826, 65.891588], [12.430919, 65.932563], [12.472423, 65.980943], [12.491222, 65.990627], [12.627208, 66.023017], [12.650076, 66.015082], [12.608572, 65.979926], [12.615245, 65.974189], [12.800304, 66.024807]]], [[[12.533376, 66.060696], [12.2942, 66.015082], [12.334727, 66.042426], [12.380056, 66.056586], [12.429698, 66.087104], [12.342133, 66.075914], [12.342133, 66.083441], [12.385997, 66.100898], [12.472423, 66.111314], [12.487478, 66.135077], [12.574229, 66.158515], [12.504242, 66.175849], [12.430919, 66.165961], [12.430919, 66.172756], [12.542979, 66.201972], [12.551443, 66.220364], [12.595225, 66.205024], [12.611827, 66.156806], [12.547048, 66.138617], [12.547048, 66.131171], [12.621918, 66.131171], [12.587901, 66.117499], [12.587901, 66.111314], [12.646658, 66.113186], [12.656912, 66.103909], [12.640391, 66.090277], [12.600271, 66.08869], [12.533376, 66.060696]]], [[[14.239594, 67.115465], [14.192393, 67.08393], [14.215099, 67.032416], [14.198497, 67.022528], [14.205903, 67.008857], [14.192231, 67.003567], [14.158214, 67.00141], [14.146983, 67.032701], [14.100108, 67.061672], [13.993012, 67.077704], [13.993012, 67.08393], [14.062022, 67.11872], [14.057302, 67.133043], [14.152192, 67.107123], [14.171886, 67.111274], [14.246837, 67.173733], [14.273692, 67.165839], [14.239594, 67.115465]]], [[[13.054698, 68.104967], [13.0796, 68.104193], [13.156993, 68.08511], [13.156993, 68.077623], [13.095551, 68.057196], [13.095551, 68.05036], [13.136567, 68.05036], [13.120616, 68.038235], [13.081228, 68.037421], [13.050304, 68.024563], [13.050304, 68.016547], [13.075043, 68.009426], [13.11085, 68.028266], [13.13087, 67.963853], [13.123871, 67.943996], [13.040375, 67.940497], [12.976817, 67.969468], [12.985688, 67.947943], [12.970876, 67.94953], [12.960216, 67.940985], [13.024099, 67.928656], [13.046641, 67.915473], [13.013682, 67.879096], [12.897309, 67.855902], [12.87086, 67.825141], [12.78712, 67.810126], [12.848481, 67.854804], [12.841645, 67.879096], [12.889171, 67.928656], [12.900157, 67.957831], [12.927745, 67.964667], [12.931163, 67.988959], [12.979177, 68.036526], [13.013682, 68.057196], [13.062266, 68.070868], [13.075043, 68.08511], [13.054698, 68.104967]]], [[[13.295665, 68.152289], [13.330577, 68.155748], [13.400401, 68.145941], [13.437673, 68.126044], [13.413748, 68.082994], [13.379893, 68.05036], [13.366222, 68.012763], [13.3567, 68.010647], [13.321544, 68.029853], [13.238617, 67.985541], [13.225352, 67.998847], [13.215505, 68.036689], [13.197032, 68.033433], [13.19337, 68.016791], [13.172699, 68.009019], [13.163748, 68.02558], [13.168468, 68.04975], [13.239268, 68.092108], [13.258311, 68.095608], [13.276866, 68.088202], [13.312185, 68.058295], [13.32838, 68.063422], [13.338634, 68.086005], [13.280528, 68.129136], [13.295665, 68.152289]]], [[[14.945323, 68.351386], [14.97934, 68.337714], [14.93629, 68.327867], [14.763194, 68.259019], [14.735525, 68.25495], [14.719981, 68.262641], [14.722911, 68.279608], [14.774587, 68.317857], [14.756602, 68.317369], [14.733653, 68.337714], [14.718761, 68.337633], [14.692068, 68.31037], [14.703136, 68.29682], [14.693858, 68.2862], [14.62379, 68.262641], [14.671641, 68.249579], [14.614919, 68.224555], [14.572032, 68.219875], [14.49822, 68.196723], [14.407074, 68.19245], [14.383556, 68.180732], [14.322032, 68.186916], [14.328298, 68.173285], [14.312185, 68.168036], [14.198497, 68.152777], [14.219737, 68.175971], [14.198497, 68.201158], [14.234874, 68.220038], [14.356212, 68.242133], [14.274181, 68.237006], [14.253184, 68.249579], [14.288829, 68.261908], [14.328298, 68.262641], [14.305919, 68.274482], [14.296723, 68.293158], [14.303396, 68.311998], [14.328298, 68.324042], [14.357921, 68.320502], [14.395274, 68.28734], [14.425059, 68.283149], [14.413422, 68.297309], [14.442719, 68.318427], [14.472911, 68.304185], [14.495616, 68.306057], [14.49643, 68.316311], [14.466075, 68.34455], [14.444021, 68.337307], [14.435802, 68.344306], [14.438162, 68.358832], [14.383556, 68.372504], [14.493419, 68.385565], [14.58961, 68.365058], [14.581798, 68.38109], [14.541759, 68.405992], [14.653494, 68.428534], [14.671641, 68.416897], [14.678233, 68.395657], [14.70753, 68.377916], [14.70574, 68.413479], [14.714122, 68.423285], [14.760916, 68.433905], [14.796397, 68.426703], [14.822439, 68.409735], [14.821951, 68.389838], [14.75408, 68.358832], [14.75408, 68.351386], [14.783539, 68.354153], [14.880382, 68.385972], [14.884451, 68.419827], [14.897472, 68.433905], [14.929861, 68.437323], [15.009776, 68.428046], [15.063324, 68.448717], [15.172374, 68.454413], [15.03419, 68.363471], [15.014171, 68.358832], [15.014171, 68.379299], [15.003917, 68.377631], [15.000499, 68.365058], [14.945323, 68.351386]]], [[[16.466563, 68.468695], [16.371593, 68.447577], [16.414073, 68.418402], [16.398611, 68.413479], [16.230724, 68.409573], [16.123546, 68.379218], [16.0949, 68.397528], [16.172374, 68.42772], [16.117686, 68.433905], [16.137706, 68.468695], [16.168956, 68.499091], [16.22169, 68.523749], [16.358735, 68.534857], [16.41212, 68.519477], [16.422862, 68.491929], [16.466563, 68.468695]]], [[[17.131602, 68.783393], [17.145681, 68.770331], [17.104991, 68.758043], [16.840994, 68.725409], [16.816661, 68.735582], [16.844249, 68.773261], [16.910981, 68.797065], [17.000987, 68.858588], [17.015636, 68.860012], [17.052908, 68.817532], [17.131602, 68.783393]]], [[[17.205333, 68.913275], [17.224946, 68.921129], [17.319672, 68.918443], [17.405528, 68.892279], [17.44044, 68.865912], [17.348969, 68.83515], [17.299815, 68.803656], [17.223643, 68.793036], [17.178233, 68.815009], [17.172374, 68.847968], [17.158702, 68.865912], [17.087169, 68.898505], [17.083507, 68.913764], [17.104503, 68.925035], [17.225922, 68.861396], [17.282237, 68.858466], [17.206391, 68.893256], [17.205333, 68.913275]]], [[[16.576996, 68.707668], [16.534841, 68.680976], [16.560883, 68.671698], [16.55893, 68.655219], [16.524669, 68.622626], [16.491059, 68.60578], [16.487071, 68.594672], [16.506033, 68.568183], [16.497569, 68.554023], [16.481456, 68.547512], [16.346528, 68.559516], [16.222179, 68.547431], [16.141775, 68.523342], [16.105968, 68.53852], [16.093516, 68.533515], [16.053396, 68.46483], [16.012055, 68.446967], [15.966319, 68.393012], [15.940929, 68.380316], [15.876231, 68.369086], [15.870779, 68.40058], [15.884288, 68.444159], [15.870779, 68.495429], [15.858572, 68.486233], [15.864513, 68.454413], [15.849294, 68.43476], [15.823009, 68.424018], [15.781016, 68.438178], [15.774425, 68.430854], [15.816173, 68.393012], [15.792735, 68.393622], [15.761485, 68.424018], [15.747895, 68.42536], [15.7199, 68.393012], [15.726736, 68.372504], [15.658458, 68.365058], [15.706309, 68.358832], [15.62436, 68.300482], [15.582774, 68.304185], [15.596446, 68.31037], [15.596446, 68.317857], [15.52768, 68.337714], [15.375987, 68.327582], [15.33839, 68.331977], [15.322602, 68.351386], [15.34254, 68.348212], [15.405935, 68.391913], [15.472911, 68.405992], [15.570079, 68.463039], [15.611339, 68.474921], [15.580577, 68.487454], [15.572765, 68.502875], [15.553722, 68.511176], [15.541759, 68.50967], [15.553966, 68.475328], [15.439301, 68.418402], [15.411794, 68.413479], [15.384044, 68.420233], [15.363617, 68.405992], [15.316254, 68.395494], [15.278656, 68.373236], [15.211762, 68.365953], [15.185395, 68.351386], [15.214854, 68.352525], [15.233246, 68.337714], [15.134044, 68.308051], [15.085785, 68.271226], [15.000499, 68.253323], [14.986827, 68.269477], [15.007335, 68.283149], [14.995372, 68.297797], [15.009288, 68.313666], [15.068126, 68.339097], [15.123383, 68.393012], [15.192556, 68.434882], [15.268077, 68.461249], [15.356781, 68.461249], [15.260102, 68.466498], [15.240733, 68.474921], [15.248383, 68.486233], [15.336925, 68.488593], [15.281749, 68.495429], [15.271495, 68.515855], [15.178559, 68.523342], [15.217296, 68.556871], [15.23878, 68.564276], [15.311697, 68.558824], [15.323253, 68.562812], [15.30893, 68.578559], [15.394705, 68.584784], [15.452322, 68.55744], [15.391612, 68.605211], [15.452322, 68.597805], [15.438731, 68.619534], [15.548839, 68.625718], [15.589122, 68.606431], [15.630544, 68.612128], [15.615977, 68.61286], [15.582774, 68.632554], [15.497732, 68.642483], [15.442068, 68.682196], [15.438731, 68.707668], [15.449555, 68.729153], [15.604828, 68.735745], [15.713634, 68.701402], [15.678884, 68.715074], [15.665782, 68.735582], [15.639659, 68.743232], [15.501231, 68.743069], [15.459809, 68.756049], [15.455577, 68.769029], [15.459158, 68.796129], [15.452322, 68.811265], [15.497081, 68.8039], [15.528656, 68.824937], [15.613455, 68.817776], [15.63795, 68.824937], [15.563487, 68.839179], [15.548595, 68.852281], [15.553233, 68.87226], [15.575694, 68.882229], [15.624278, 68.88581], [15.614106, 68.900458], [15.596446, 68.906928], [15.644786, 68.954739], [15.676606, 68.962714], [15.778494, 68.954739], [15.857595, 68.97016], [15.9074, 68.959418], [15.89796, 68.917426], [15.924083, 68.88642], [15.878184, 68.817532], [15.870779, 68.790229], [15.823985, 68.756171], [15.761485, 68.735582], [15.853526, 68.747626], [15.955577, 68.791653], [15.976899, 68.781317], [15.989594, 68.763495], [15.983653, 68.745551], [15.933116, 68.684149], [15.904796, 68.677558], [15.870779, 68.653022], [15.793305, 68.642971], [15.774425, 68.632554], [15.765798, 68.615668], [15.781912, 68.578559], [15.777843, 68.562161], [15.740408, 68.530097], [15.802908, 68.551337], [15.816173, 68.564276], [15.816742, 68.610826], [15.858572, 68.634182], [16.005138, 68.677558], [16.027843, 68.67414], [16.06129, 68.630316], [16.083018, 68.638739], [16.090017, 68.656195], [16.081065, 68.672512], [16.033214, 68.711371], [16.076182, 68.735582], [16.107432, 68.740709], [16.213227, 68.735582], [16.20102, 68.760728], [16.123871, 68.784003], [16.094574, 68.801663], [16.088878, 68.814887], [16.097179, 68.831204], [16.207042, 68.858466], [16.267914, 68.838609], [16.284028, 68.840318], [16.295258, 68.854926], [16.262462, 68.866685], [16.249522, 68.884182], [16.246837, 68.89997], [16.254649, 68.903225], [16.314626, 68.870103], [16.438813, 68.849555], [16.439789, 68.82807], [16.455577, 68.815334], [16.555919, 68.824937], [16.505544, 68.803168], [16.494477, 68.790229], [16.53061, 68.789008], [16.555919, 68.770331], [16.526134, 68.760972], [16.533702, 68.741116], [16.528575, 68.721991], [16.576996, 68.707668]]], [[[16.599457, 68.94717], [16.601899, 68.93122], [16.583263, 68.921129], [16.587169, 68.897447], [16.567068, 68.887397], [16.476248, 68.88581], [16.394867, 68.902004], [16.343598, 68.933743], [16.285167, 68.952094], [16.261729, 68.968329], [16.306326, 68.995307], [16.359386, 68.990139], [16.466807, 68.962144], [16.566173, 68.968329], [16.599457, 68.94717]]], [[[14.369884, 68.687201], [14.381114, 68.697659], [14.425059, 68.701402], [14.42628, 68.714423], [14.464122, 68.724514], [14.541759, 68.735582], [14.541759, 68.742418], [14.438162, 68.756049], [14.455333, 68.776028], [14.488455, 68.795356], [14.523936, 68.807074], [14.548025, 68.8039], [14.555024, 68.770413], [14.572276, 68.746324], [14.62379, 68.735582], [14.58961, 68.748603], [14.608653, 68.778062], [14.644216, 68.790229], [14.607595, 68.807278], [14.613536, 68.821234], [14.628429, 68.829901], [14.685802, 68.824937], [14.678966, 68.817532], [14.692068, 68.811265], [14.679698, 68.76732], [14.686534, 68.757473], [14.843598, 68.796291], [14.8838, 68.790229], [14.872325, 68.769232], [14.894054, 68.756049], [14.907074, 68.76024], [14.945323, 68.784003], [14.942231, 68.801459], [14.952647, 68.817532], [14.904307, 68.845445], [14.952647, 68.865912], [14.991059, 68.842027], [15.006033, 68.79385], [15.027599, 68.814399], [15.021007, 68.824937], [15.049815, 68.852769], [15.158865, 68.817532], [15.145681, 68.842515], [15.068696, 68.878974], [15.076671, 68.898993], [15.027843, 68.934231], [15.009288, 68.963324], [15.00766, 68.981024], [15.084483, 69.011217], [15.137706, 69.013088], [15.168224, 68.988267], [15.170665, 68.973782], [15.151378, 68.962144], [15.206554, 68.940375], [15.192882, 68.927395], [15.240733, 68.913764], [15.195567, 68.896918], [15.185395, 68.88581], [15.214366, 68.881659], [15.271495, 68.919745], [15.295258, 68.906928], [15.281749, 68.865912], [15.240733, 68.824937], [15.302094, 68.843004], [15.325857, 68.85871], [15.34783, 68.84691], [15.384044, 68.852281], [15.350759, 68.802924], [15.329763, 68.797065], [15.284434, 68.803534], [15.274913, 68.797065], [15.302745, 68.776557], [15.274913, 68.762885], [15.358409, 68.746283], [15.394216, 68.731106], [15.397716, 68.693996], [15.375255, 68.669908], [15.336192, 68.652899], [15.062673, 68.578518], [14.87322, 68.584459], [14.842784, 68.591539], [14.863292, 68.605211], [14.806407, 68.615953], [14.815929, 68.637763], [14.833669, 68.644477], [14.876964, 68.646186], [14.948741, 68.66413], [15.034679, 68.666693], [15.062511, 68.687201], [15.088878, 68.695014], [15.16505, 68.701402], [15.146739, 68.725531], [15.151378, 68.756049], [15.026052, 68.771186], [14.993663, 68.762885], [15.068696, 68.748603], [15.019542, 68.712144], [14.986013, 68.702541], [14.958832, 68.707668], [14.958832, 68.729397], [14.925304, 68.695014], [14.90089, 68.681301], [14.86199, 68.689887], [14.82781, 68.673489], [14.808767, 68.680976], [14.820649, 68.694078], [14.815115, 68.714748], [14.774587, 68.67414], [14.750336, 68.667467], [14.696056, 68.687567], [14.678966, 68.707668], [14.674083, 68.686957], [14.630626, 68.653022], [14.622569, 68.628852], [14.558279, 68.627265], [14.520681, 68.609036], [14.435069, 68.612128], [14.417247, 68.619534], [14.413259, 68.63642], [14.431895, 68.666693], [14.420909, 68.672512], [14.397227, 68.660468], [14.369884, 68.687201]]], [[[15.464041, 68.882066], [15.431488, 68.884223], [15.418793, 68.913764], [15.427989, 68.924628], [15.425059, 68.962144], [15.459809, 69.013088], [15.517589, 69.053941], [15.569672, 69.105536], [15.659923, 69.138495], [15.758067, 69.147121], [15.791352, 69.161282], [15.84311, 69.220282], [15.870779, 69.229071], [15.864513, 69.249498], [15.93214, 69.263129], [15.975108, 69.287177], [16.101573, 69.315253], [16.131521, 69.310981], [16.149913, 69.290839], [16.146739, 69.269232], [16.098969, 69.211086], [16.089203, 69.171454], [16.076182, 69.153957], [15.946462, 69.101874], [15.914806, 69.075141], [15.877126, 69.062242], [15.870779, 69.044094], [15.847911, 69.029242], [15.760427, 69.005683], [15.632172, 68.98664], [15.566742, 69.012681], [15.549083, 69.016262], [15.528656, 69.009345], [15.560069, 68.990139], [15.569672, 68.962144], [15.528656, 68.913764], [15.464041, 68.882066]]], [[[18.078624, 69.424994], [18.081065, 69.387641], [18.098643, 69.376125], [18.090994, 69.358344], [18.070811, 69.349066], [18.015798, 69.352525], [17.923106, 69.332343], [17.905935, 69.318427], [17.919119, 69.312323], [17.926443, 69.283677], [17.967459, 69.263129], [17.950694, 69.2508], [17.878673, 69.249498], [17.878673, 69.242662], [17.932465, 69.22724], [17.949067, 69.205146], [18.008962, 69.201117], [17.988455, 69.187445], [17.820649, 69.169501], [17.707205, 69.172919], [17.611095, 69.153957], [17.488292, 69.153957], [17.493907, 69.168891], [17.529796, 69.201117], [17.472179, 69.200141], [17.419932, 69.180609], [17.378429, 69.153957], [17.23463, 69.106187], [17.188324, 69.083482], [17.158702, 69.050279], [17.213878, 69.044094], [17.185069, 69.0244], [17.129405, 69.011542], [17.073009, 69.008124], [17.042003, 69.016791], [17.043468, 69.030707], [17.058279, 69.039211], [17.097179, 69.044094], [17.083507, 69.050279], [17.091563, 69.061713], [17.138031, 69.072008], [17.109874, 69.084703], [16.823253, 69.054429], [16.809825, 69.064602], [16.779633, 69.070136], [16.773123, 69.088202], [16.786469, 69.10814], [16.816661, 69.119208], [16.896251, 69.104234], [16.892345, 69.126654], [16.988536, 69.139635], [17.056, 69.13288], [17.069835, 69.147121], [17.056326, 69.160142], [17.144542, 69.184068], [17.172374, 69.201117], [17.04949, 69.180609], [16.974294, 69.194892], [16.898611, 69.194892], [16.919119, 69.215399], [16.878673, 69.222154], [16.944835, 69.236518], [17.086762, 69.228949], [17.145681, 69.256334], [17.108897, 69.251776], [17.109711, 69.268215], [17.088878, 69.289537], [17.070567, 69.268052], [17.040375, 69.268256], [16.98113, 69.276801], [16.98113, 69.283677], [17.007823, 69.297919], [16.906016, 69.297919], [16.897634, 69.311713], [16.915294, 69.317572], [17.131847, 69.310981], [17.104015, 69.325263], [17.117686, 69.331448], [17.077403, 69.330512], [17.042003, 69.34512], [17.11085, 69.352525], [17.084646, 69.361762], [16.878673, 69.359361], [16.878673, 69.366197], [16.93393, 69.379869], [16.926524, 69.393541], [16.94988, 69.398017], [16.99822, 69.386054], [17.021739, 69.400336], [17.076671, 69.386054], [17.141938, 69.400336], [17.276052, 69.393541], [17.368419, 69.366889], [17.399425, 69.366197], [17.389415, 69.380439], [17.330577, 69.393541], [17.282237, 69.414008], [17.446625, 69.414293], [17.495779, 69.42829], [17.32545, 69.439439], [17.242931, 69.454739], [17.186534, 69.502753], [17.24643, 69.496039], [17.263438, 69.47842], [17.316254, 69.461819], [17.303233, 69.482245], [17.372732, 69.47663], [17.3921, 69.482245], [17.303233, 69.523261], [17.317149, 69.53498], [17.343272, 69.537543], [17.450369, 69.517035], [17.478038, 69.499213], [17.530935, 69.490139], [17.583018, 69.467963], [17.645274, 69.461819], [17.645274, 69.468655], [17.590668, 69.489691], [17.566417, 69.523261], [17.495128, 69.540595], [17.474783, 69.552965], [17.460216, 69.571682], [17.473643, 69.586615], [17.467621, 69.599555], [17.516856, 69.596991], [17.553966, 69.574856], [17.617931, 69.517035], [17.657888, 69.50849], [17.682628, 69.509263], [17.693614, 69.520168], [17.68922, 69.52969], [17.670095, 69.531968], [17.665782, 69.540595], [17.653005, 69.594143], [17.658946, 69.599555], [17.687755, 69.599514], [17.753103, 69.540595], [17.772227, 69.547797], [17.817719, 69.587104], [17.837413, 69.592108], [17.859141, 69.586737], [17.892833, 69.536851], [17.844574, 69.502509], [17.824718, 69.465766], [17.830821, 69.448147], [17.844981, 69.445217], [17.857677, 69.452338], [17.891368, 69.498725], [17.944102, 69.523261], [18.050548, 69.495917], [18.021169, 69.481024], [17.98227, 69.482245], [17.993907, 69.462836], [17.984386, 69.449612], [17.940684, 69.42829], [18.002289, 69.40998], [18.015798, 69.420844], [18.01002, 69.433051], [18.024669, 69.440863], [18.070811, 69.437934], [18.078624, 69.424994]]], [[[19.060802, 69.787055], [19.057384, 69.763414], [19.033458, 69.74372], [18.9699, 69.733466], [18.914561, 69.699042], [18.838552, 69.689399], [18.794119, 69.675605], [18.769298, 69.646715], [18.777029, 69.635443], [18.82781, 69.62287], [18.836436, 69.604315], [18.822927, 69.590725], [18.769298, 69.571682], [18.731944, 69.565334], [18.625987, 69.577867], [18.560395, 69.558051], [18.485606, 69.55858], [18.261974, 69.530585], [18.194021, 69.530707], [18.128266, 69.564927], [18.020844, 69.576646], [17.995372, 69.592108], [18.037446, 69.619452], [18.02947, 69.633124], [18.080903, 69.622748], [18.13502, 69.636949], [18.236827, 69.629299], [18.269054, 69.617377], [18.282725, 69.60578], [18.278087, 69.594428], [18.290212, 69.592108], [18.324229, 69.612616], [18.322276, 69.618354], [18.343516, 69.618842], [18.400076, 69.64057], [18.324229, 69.633124], [18.291026, 69.638983], [18.186534, 69.708808], [18.214366, 69.714179], [18.353201, 69.70482], [18.478526, 69.708808], [18.61085, 69.692816], [18.632823, 69.701972], [18.593923, 69.710924], [18.389171, 69.719916], [18.351817, 69.729926], [18.344737, 69.749823], [18.326915, 69.765448], [18.334727, 69.780951], [18.382335, 69.797593], [18.436534, 69.776313], [18.481944, 69.777086], [18.483084, 69.750963], [18.502452, 69.749823], [18.556895, 69.796373], [18.653168, 69.804389], [18.641287, 69.755601], [18.663259, 69.712958], [18.707367, 69.686835], [18.762462, 69.68773], [18.742198, 69.694566], [18.736827, 69.706], [18.756684, 69.751899], [18.789806, 69.783881], [18.674083, 69.847154], [18.66684, 69.859687], [18.678884, 69.886054], [18.763845, 69.869818], [18.796641, 69.873277], [18.78297, 69.879543], [18.801524, 69.887397], [18.822032, 69.886054], [18.858165, 69.865871], [18.837657, 69.845404], [18.898448, 69.84809], [18.999034, 69.828599], [19.060802, 69.787055]]], [[[19.683116, 69.985785], [19.647472, 69.969957], [19.540212, 69.951606], [19.508637, 69.907782], [19.434093, 69.869574], [19.406749, 69.838568], [19.374766, 69.82331], [19.121593, 69.787828], [19.08839, 69.801011], [19.04363, 69.838568], [18.843028, 69.903306], [18.764334, 69.914944], [18.733409, 69.931342], [18.728852, 69.947821], [18.769298, 69.955268], [18.883637, 69.94538], [18.933767, 69.96955], [18.844737, 69.982123], [18.831391, 69.999661], [18.83168876014304, 70.0], [19.3718996148934, 70.0], [19.392589, 69.991889], [19.420421, 69.989407], [19.41963867914725, 70.0], [19.57473514715142, 70.0], [19.582286, 69.993232], [19.592894993962062, 70.0], [19.68427305062869, 70.0], [19.683116, 69.985785]]], [[[12.886892, 66.256903], [12.879242, 66.243394], [12.824962, 66.215888], [12.810232, 66.223578], [12.787283, 66.217271], [12.760753, 66.22191], [12.740977, 66.241645], [12.700206, 66.243232], [12.714692, 66.259101], [12.792817, 66.294989], [12.793793, 66.311225], [12.812185, 66.296698], [12.875336, 66.285631], [12.886892, 66.256903]]], [[[12.966482, 66.453111], [12.938487, 66.394436], [12.931, 66.38935], [12.9074, 66.398912], [12.899669, 66.416083], [12.881358, 66.39057], [12.898936, 66.355048], [12.800792, 66.384711], [12.84311, 66.398424], [12.850271, 66.409613], [12.817231, 66.442572], [12.896739, 66.456204], [12.912446, 66.431383], [12.919444, 66.431586], [12.928884, 66.457831], [12.966482, 66.453111]]], [[[15.303966, 67.945054], [15.304861, 67.93769], [15.289236, 67.925849], [15.253673, 67.916571], [15.163097, 67.910712], [15.022634, 67.918891], [14.980235, 67.914618], [14.972179, 67.91649], [14.961192, 67.941596], [14.976899, 67.959133], [14.972016, 67.970038], [15.052094, 67.968248], [15.105724, 68.000718], [15.113617, 67.994859], [15.108897, 67.976223], [15.139903, 67.958441], [15.211599, 67.951239], [15.257091, 67.940497], [15.262706, 67.932563], [15.303966, 67.945054]]], [[[15.933604, 67.997016], [15.883962, 67.984117], [15.786143, 67.99315], [15.72877, 68.011949], [15.706228, 68.012356], [15.661306, 67.988593], [15.617361, 67.985256], [15.523448, 67.989976], [15.482432, 68.002631], [15.574067, 68.02558], [15.859711, 68.027493], [15.930186, 68.008246], [15.933604, 67.997016]]], [[[15.159679, 67.995673], [15.176524, 68.011542], [15.230317, 68.036689], [15.286632, 67.976996], [15.26824, 67.966986], [15.184825, 67.966783], [15.159679, 67.995673]]], [[[14.987559, 68.88467], [14.958344, 68.875312], [14.892263, 68.873358], [14.840099, 68.891669], [14.855235, 68.907172], [14.85727, 68.923041], [14.899669, 68.930854], [14.958669, 68.926093], [14.982921, 68.917792], [14.996593, 68.901597], [14.987559, 68.88467]]], [[[19.834239, 69.994818], [19.856456, 69.973131], [19.720551, 69.864691], [19.483653, 69.838324], [19.434255, 69.840522], [19.442719, 69.858466], [19.509939, 69.893744], [19.546886, 69.925482], [19.692638, 69.963609], [19.764701344185927, 70.0], [19.803189967632363, 70.0], [19.834239, 69.994818]]], [[[18.701671, 69.984687], [18.670095, 69.99901], [18.67011955790595, 70.0], [18.729841061962038, 70.0], [18.701671, 69.984687]]], [[[11.083018, 59.077297], [11.082367, 59.067857], [11.051606, 59.046129], [11.054861, 59.035875], [11.046397, 59.026801], [11.01824, 59.019355], [10.991466, 59.033596], [10.993175, 59.076646], [11.003266, 59.086493], [11.034353, 59.088935], [11.039806, 59.074408], [11.047618, 59.073188], [11.083018, 59.077297]]], [[[10.914399, 59.100735], [10.8838, 59.07217], [10.845714, 59.075751], [10.829112, 59.099433], [10.855479, 59.115383], [10.867931, 59.113267], [10.85727, 59.099066], [10.910492, 59.116441], [10.914399, 59.100735]]], [[[5.300059, 60.050767], [5.297048, 60.027533], [5.268809, 59.994859], [5.253673, 59.993109], [5.245453, 60.004299], [5.204275, 60.016059], [5.197927, 60.033881], [5.171723, 60.049465], [5.179861, 60.068183], [5.203624, 60.088284], [5.223888, 60.042304], [5.246593, 60.051459], [5.22877, 60.067328], [5.205333, 60.117377], [5.222016, 60.117133], [5.247813, 60.098538], [5.259532, 60.075588], [5.272716, 60.083726], [5.289724, 60.074286], [5.300059, 60.050767]]], [[[4.929373, 60.861151], [4.925141, 60.855536], [4.878754, 60.865139], [4.868175, 60.887763], [4.834727, 60.895209], [4.825206, 60.920478], [4.809581, 60.911851], [4.781586, 60.917629], [4.776866, 60.929999], [4.836762, 60.943183], [4.843272, 60.93887], [4.82488, 60.93008], [4.882823, 60.929999], [4.87086, 60.923774], [4.874034, 60.91767], [4.897227, 60.907416], [4.922537, 60.878119], [4.929373, 60.861151]]], [[[4.739594, 61.027655], [4.739024, 61.013739], [4.73113, 60.999945], [4.706879, 60.988511], [4.701345, 61.001614], [4.708669, 61.019721], [4.680349, 60.997138], [4.664887, 61.018704], [4.648692, 61.026435], [4.643809, 61.057603], [4.679698, 61.079657], [4.700043, 61.082221], [4.71461, 61.060126], [4.711436, 61.048285], [4.739594, 61.027655]]], [[[5.15211, 61.997952], [5.12322, 61.948798], [5.095225, 61.927436], [5.021495, 61.93887], [5.016124, 61.95246], [5.036632, 61.961493], [5.04835, 61.952826], [5.055837, 61.95897], [5.054373, 61.972357], [4.984223, 62.009467], [4.985118, 62.033881], [4.992931, 62.035061], [5.079763, 62.006415], [5.120291, 62.025784], [5.15211, 61.997952]]], [[[5.603038, 62.328762], [5.630138, 62.341783], [5.679861, 62.346503], [5.685313, 62.362047], [5.741466, 62.360663], [5.733735, 62.333075], [5.739024, 62.332424], [5.728526, 62.326646], [5.698985, 62.321357], [5.674571, 62.32274], [5.667247, 62.329901], [5.635997, 62.319281], [5.603038, 62.328762]]], [[[5.521332, 62.334866], [5.509939, 62.364], [5.523611, 62.369696], [5.581716, 62.358832], [5.596365, 62.354478], [5.593923, 62.339789], [5.521332, 62.334866]]], [[[8.325369, 63.171373], [8.209809, 63.161363], [8.195811, 63.167182], [8.181895, 63.201361], [8.165294, 63.213446], [8.188162, 63.225328], [8.235118, 63.222235], [8.325369, 63.171373]]], [[[9.170909, 63.641425], [9.16212, 63.633857], [9.076345, 63.612982], [9.030121, 63.617255], [9.014008, 63.626695], [9.030528, 63.633002], [9.041515, 63.654608], [9.057872, 63.661078], [9.107595, 63.659817], [9.123302, 63.649848], [9.170909, 63.641425]]], [[[9.943858, 64.011461], [9.892263, 63.997016], [9.853852, 64.008938], [9.881114, 64.019965], [9.847423, 64.026313], [9.843761, 64.033189], [9.875255, 64.038316], [9.88852, 64.049058], [9.930837, 64.027533], [9.943858, 64.011461]]], [[[11.480235, 64.556057], [11.437836, 64.549872], [11.432872, 64.542426], [11.351329, 64.564399], [11.344493, 64.573676], [11.354259, 64.587348], [11.368826, 64.59101], [11.361339, 64.627753], [11.366466, 64.634426], [11.391449, 64.611029], [11.393077, 64.625922], [11.465505, 64.587836], [11.480235, 64.556057]]], [[[11.340099, 64.620429], [11.312266, 64.599677], [11.279796, 64.611762], [11.245453, 64.63939], [11.22047, 64.63345], [11.173106, 64.637356], [11.169932, 64.644599], [11.181651, 64.657538], [11.167979, 64.659735], [11.185557, 64.673814], [11.303966, 64.692084], [11.355724, 64.667304], [11.340099, 64.620429]]], [[[11.776866, 65.118476], [11.777192, 65.110053], [11.673595, 65.071723], [11.700857, 65.064765], [11.669444, 65.044908], [11.651866, 65.045722], [11.65797, 65.064683], [11.579845, 65.042548], [11.518809, 65.054592], [11.528168, 65.063788], [11.531016, 65.085191], [11.580333, 65.109687], [11.688975, 65.117987], [11.725759, 65.106635], [11.776866, 65.118476]]], [[[17.572113, 69.089545], [17.55128, 69.081244], [17.53891, 69.055609], [17.457856, 69.027167], [17.418956, 68.996405], [17.376638, 68.989325], [17.344086, 69.003241], [17.35255, 69.034735], [17.364431, 69.047105], [17.419688, 69.079169], [17.572113, 69.089545]]], [[[5.77589, 59.112738], [5.77475, 59.080552], [5.750743, 59.072333], [5.575206, 59.12401], [5.607921, 59.134426], [5.77589, 59.112738]]], [[[5.46461, 59.183092], [5.443207, 59.158922], [5.384776, 59.195299], [5.375336, 59.218817], [5.385102, 59.234117], [5.403819, 59.242092], [5.43922, 59.229926], [5.462087, 59.210883], [5.46461, 59.183092]]], [[[6.099864, 59.276557], [6.091807, 59.26142], [6.056326, 59.240709], [5.958181, 59.227851], [5.929861, 59.243476], [5.932465, 59.268988], [5.952485, 59.283922], [6.016368, 59.292182], [6.099864, 59.276557]]], [[[4.851817, 60.614203], [4.840831, 60.606757], [4.843923, 60.589748], [4.820974, 60.584418], [4.77947, 60.598538], [4.78891, 60.59748], [4.785411, 60.61579], [4.794932, 60.615424], [4.786143, 60.648424], [4.79127, 60.666083], [4.820567, 60.65644], [4.830333, 60.640041], [4.827322, 60.631415], [4.845876, 60.628119], [4.851817, 60.614203]]], [[[4.832856, 61.695787], [4.858246, 61.702216], [4.870291, 61.714667], [4.879893, 61.711982], [4.877452, 61.700995], [4.903494, 61.676174], [4.902843, 61.652493], [4.8921, 61.662787], [4.865408, 61.659369], [4.836274, 61.674547], [4.832856, 61.695787]]], [[[14.4192, 67.423407], [14.412852, 67.413072], [14.366466, 67.390937], [14.256114, 67.373847], [14.226736, 67.377346], [14.248871, 67.395331], [14.309418, 67.423082], [14.371755, 67.441107], [14.400645, 67.436591], [14.399181, 67.42182], [14.4192, 67.423407]]]]}}, {"type": "Feature", "properties": {"name": "Sweden"}, "geometry": {"type": "MultiPolygon", "coordinates": [[[[19.937755, 63.619859], [19.886974, 63.603095], [19.864431, 63.573188], [19.753184, 63.524319], [19.750336, 63.514228], [19.766856, 63.487616], [19.768891, 63.460761], [19.687348, 63.431342], [19.639496, 63.444892], [19.637055, 63.478339], [19.612966, 63.485826], [19.619151, 63.500067], [19.578624, 63.521186], [19.526378, 63.530504], [19.470225, 63.561469], [19.4463, 63.560858], [19.420421, 63.548529], [19.468761, 63.534247], [19.4546, 63.508938], [19.523448, 63.485826], [19.461436, 63.46894], [19.511729, 63.433336], [19.516612, 63.41474], [19.507986, 63.411851], [19.4546, 63.43122], [19.372569, 63.47956], [19.346202, 63.485907], [19.345225, 63.477607], [19.372569, 63.444892], [19.35141, 63.440009], [19.293224, 63.466539], [19.280772, 63.459418], [19.276134, 63.442694], [19.269542, 63.342475], [19.259288, 63.329047], [19.233653, 63.32567], [19.229259, 63.342475], [19.20753, 63.326117], [19.133067, 63.308295], [19.153494, 63.294013], [19.11199, 63.253079], [19.133067, 63.253079], [19.11671, 63.23664], [19.097179, 63.23786], [19.057384, 63.260484], [19.039887, 63.238959], [19.056407, 63.226508], [19.11199, 63.21955], [19.104177, 63.207831], [19.067882, 63.202135], [19.052745, 63.17886], [19.036794, 63.177924], [18.961762, 63.225775], [18.966563, 63.238918], [18.906749, 63.267076], [18.872895, 63.269192], [18.879161, 63.253079], [18.866059, 63.249905], [18.810313, 63.260484], [18.75115, 63.259467], [18.735199, 63.253079], [18.755626, 63.242743], [18.913341, 63.212063], [18.894379, 63.197821], [18.862641, 63.192043], [18.796641, 63.191596], [18.803477, 63.177924], [18.773123, 63.168769], [18.760427, 63.177558], [18.75294, 63.207668], [18.823904, 63.212063], [18.823904, 63.21955], [18.729015, 63.232001], [18.70045, 63.225775], [18.714122, 63.219224], [18.755626, 63.157457], [18.611339, 63.1789], [18.564464, 63.177924], [18.564464, 63.171129], [18.608653, 63.165351], [18.643077, 63.146918], [18.657074, 63.123725], [18.654633, 63.113715], [18.639659, 63.109687], [18.578624, 63.124498], [18.556977, 63.116523], [18.538422, 63.084662], [18.52296, 63.075507], [18.556977, 63.075507], [18.499034, 63.05508], [18.478201, 63.02025], [18.434093, 63.047553], [18.403819, 63.05565], [18.372081, 63.047553], [18.421886, 63.026923], [18.434093, 63.014106], [18.368337, 63.02025], [18.34311, 63.039537], [18.339122, 63.02558], [18.324229, 63.014106], [18.24171, 62.999823], [18.266449, 62.990302], [18.524425, 62.991889], [18.551117, 62.985907], [18.570649, 62.97309], [18.576671, 62.958401], [18.554047, 62.958401], [18.543956, 62.97309], [18.536632, 62.97309], [18.528087, 62.953803], [18.504893, 62.949205], [18.418142, 62.969306], [18.403331, 62.96483], [18.392589, 62.945217], [18.439626, 62.928168], [18.510997, 62.93244], [18.52296, 62.92475], [18.512543, 62.90412], [18.400076, 62.911078], [18.41505, 62.897162], [18.46339, 62.8876], [18.474457, 62.876899], [18.462576, 62.861151], [18.377615, 62.836737], [18.324229, 62.841539], [18.316905, 62.85578], [18.268321, 62.88349], [18.248546, 62.883734], [18.255382, 62.869452], [18.207042, 62.869452], [18.220225, 62.852281], [18.207042, 62.835354], [18.229259, 62.829535], [18.262218, 62.848293], [18.282725, 62.841539], [18.243663, 62.799018], [18.195079, 62.777411], [18.182872, 62.789984], [18.200857, 62.80801], [18.18629, 62.811672], [18.15919, 62.780097], [18.140473, 62.771918], [18.077322, 62.773871], [18.084727, 62.786933], [18.06837, 62.793891], [18.008962, 62.794379], [18.034028, 62.811469], [18.12143, 62.805813], [18.146169, 62.822252], [18.084321, 62.837348], [18.071056, 62.848944], [18.077322, 62.85578], [18.020274, 62.841254], [17.967784, 62.807807], [17.935313, 62.817043], [17.924327, 62.831122], [17.926443, 62.86636], [17.912771, 62.883734], [17.926443, 62.900539], [17.921397, 62.915717], [17.878673, 62.911078], [17.854503, 62.955146], [17.809744, 62.979315], [17.830821, 62.999823], [17.761974, 62.979315], [17.710785, 62.998236], [17.693614, 62.993598], [17.817556, 62.942328], [17.847667, 62.921291], [17.889659, 62.870185], [17.901866, 62.839301], [17.885509, 62.814846], [17.956798, 62.782538], [17.954926, 62.763332], [17.995372, 62.727729], [18.002696, 62.70897], [17.990896, 62.680813], [17.993419, 62.659898], [17.974864, 62.657172], [17.933604, 62.670844], [17.871837, 62.670844], [17.891612, 62.658026], [18.043224, 62.626166], [18.047699, 62.606635], [18.06422, 62.595771], [17.968272, 62.560492], [17.95338, 62.611762], [17.937022, 62.615627], [17.925792, 62.604722], [17.909353, 62.549384], [17.878673, 62.541083], [17.892833, 62.527493], [17.84311, 62.489691], [17.823497, 62.485826], [17.786143, 62.505764], [17.73463, 62.505764], [17.693044, 62.497748], [17.658946, 62.47842], [17.659679, 62.461371], [17.696056, 62.450588], [17.707367, 62.437445], [17.561778, 62.443752], [17.426768, 62.541083], [17.406098, 62.53559], [17.395518, 62.511298], [17.341482, 62.498114], [17.330821, 62.487738], [17.330577, 62.472235], [17.377452, 62.433905], [17.378429, 62.410793], [17.337413, 62.403957], [17.360525, 62.389594], [17.366466, 62.378892], [17.360037, 62.355658], [17.380626, 62.332668], [17.437836, 62.330268], [17.454112, 62.321438], [17.488292, 62.286607], [17.488292, 62.280463], [17.460216, 62.273017], [17.54656, 62.249091], [17.599376, 62.249579], [17.65268, 62.232001], [17.544444, 62.201606], [17.541759, 62.206366], [17.569509, 62.232001], [17.534923, 62.235012], [17.508637, 62.218411], [17.508637, 62.163764], [17.474457, 62.116604], [17.473155, 62.084662], [17.447276, 62.068183], [17.469005, 62.062161], [17.426117, 62.026557], [17.46046, 62.003323], [17.3921, 61.992418], [17.385997, 61.961982], [17.354747, 61.955308], [17.344574, 61.936672], [17.348155, 61.911566], [17.364594, 61.886298], [17.343516, 61.871283], [17.342621, 61.855658], [17.35377, 61.847317], [17.337413, 61.823676], [17.353689, 61.814032], [17.40561, 61.821112], [17.392914, 61.805243], [17.371593, 61.800605], [17.371593, 61.793158], [17.388357, 61.788316], [17.385916, 61.746039], [17.399181, 61.722357], [17.483084, 61.734565], [17.514171, 61.713813], [17.52003, 61.69123], [17.496349, 61.635077], [17.461599, 61.629625], [17.432872, 61.63939], [17.362315, 61.709133], [17.330577, 61.718085], [17.350922, 61.677151], [17.313162, 61.681952], [17.299815, 61.689927], [17.303233, 61.705064], [17.266612, 61.721625], [17.138031, 61.725531], [17.150401, 61.714301], [17.199962, 61.711249], [17.268565, 61.690823], [17.259776, 61.67414], [17.228689, 61.663072], [17.166189, 61.656684], [17.166189, 61.649848], [17.19337, 61.64232], [17.164806, 61.63642], [17.118907, 61.645819], [17.097179, 61.636135], [17.225597, 61.622016], [17.247895, 61.608832], [17.225922, 61.602851], [17.150727, 61.617906], [17.083507, 61.615668], [17.083507, 61.608832], [17.134939, 61.605943], [17.145681, 61.595201], [17.056326, 61.58218], [17.082367, 61.571275], [17.186534, 61.561021], [17.186534, 61.554185], [17.090343, 61.556057], [17.080089, 61.550482], [17.166189, 61.526923], [17.166189, 61.519477], [17.124522, 61.519477], [17.124522, 61.513251], [17.172374, 61.498969], [17.177013, 61.486884], [17.151866, 61.46483], [17.169281, 61.441107], [17.192556, 61.436998], [17.204112, 61.448228], [17.220388, 61.447984], [17.217052, 61.433905], [17.166189, 61.416409], [17.136567, 61.437079], [17.127615, 61.41828], [17.108409, 61.409369], [17.104015, 61.399359], [17.138031, 61.369289], [17.200206, 61.348131], [17.201834, 61.337104], [17.276052, 61.314032], [17.213715, 61.313422], [17.151866, 61.328315], [17.16627, 61.308417], [17.247895, 61.287299], [17.205089, 61.28852], [17.135102, 61.316107], [17.097179, 61.320868], [17.097179, 61.314032], [17.180349, 61.276028], [17.200206, 61.259426], [17.212738, 61.235297], [17.170909, 61.220038], [17.151866, 61.204169], [17.186534, 61.191107], [17.181651, 61.165961], [17.158702, 61.149563], [17.178966, 61.135972], [17.182791, 61.123236], [17.171397, 61.115058], [17.145681, 61.114732], [17.19337, 61.108588], [17.19988, 61.095893], [17.181163, 61.083686], [17.168712, 61.059312], [17.166189, 61.046536], [17.186534, 61.032864], [17.158702, 61.019843], [17.23585, 61.022284], [17.247895, 61.012356], [17.188243, 61.004584], [17.167735, 60.992174], [17.158214, 60.948432], [17.205089, 60.933905], [17.202403, 60.921536], [17.216807, 60.899359], [17.232921, 60.904608], [17.246267, 60.898017], [17.282237, 60.84101], [17.258067, 60.83275], [17.259288, 60.81566], [17.282237, 60.813137], [17.283051, 60.781155], [17.335704, 60.766913], [17.311534, 60.745266], [17.191173, 60.701728], [17.186697, 60.692369], [17.257986, 60.694403], [17.278005, 60.679877], [17.364594, 60.649237], [17.323741, 60.635647], [17.323741, 60.62873], [17.339529, 60.622992], [17.380219, 60.624416], [17.413829, 60.637926], [17.574962, 60.647895], [17.658946, 60.608303], [17.60377, 60.584133], [17.638194, 60.515448], [17.670584, 60.504096], [17.741466, 60.49844], [17.727061, 60.534735], [17.762218, 60.5633], [17.816091, 60.585273], [17.91863, 60.600165], [17.948741, 60.599189], [17.974864, 60.587836], [17.995372, 60.553046], [17.987641, 60.530748], [17.967459, 60.518948], [17.967459, 60.512112], [18.018321, 60.502265], [18.098399, 60.464911], [18.11199, 60.436957], [18.143321, 60.41356], [18.178722, 60.398912], [18.262218, 60.382392], [18.207042, 60.355048], [18.207042, 60.347602], [18.234874, 60.327094], [18.296397, 60.355048], [18.427989, 60.348782], [18.447765, 60.341376], [18.447765, 60.313463], [18.474457, 60.299791], [18.474457, 60.292955], [18.426768, 60.2862], [18.56544, 60.259345], [18.604828, 60.238349], [18.563731, 60.227607], [18.400564, 60.259589], [18.316905, 60.32095], [18.330903, 60.285712], [18.447765, 60.211086], [18.430675, 60.210354], [18.392589, 60.232164], [18.399669, 60.207831], [18.419932, 60.193508], [18.506114, 60.155748], [18.534923, 60.158881], [18.548513, 60.17414], [18.550141, 60.129096], [18.578136, 60.07392], [18.589854, 60.088853], [18.590831, 60.108303], [18.578136, 60.142157], [18.651378, 60.148261], [18.68572, 60.130805], [18.720714, 60.126044], [18.735199, 60.114814], [18.745128, 60.049709], [18.796641, 60.00495], [18.753103, 60.08218], [18.76588, 60.11107], [18.803477, 60.121649], [18.816905, 60.11758], [18.824474, 60.068305], [18.903087, 59.947211], [18.92213, 59.934312], [19.005544, 59.911811], [19.009532, 59.896308], [19.032074, 59.881496], [19.04363, 59.882066], [19.036794, 59.902533], [19.071625, 59.896308], [19.067882, 59.833686], [19.034679, 59.835028], [18.916759, 59.921291], [18.885997, 59.929877], [18.930675, 59.885484], [18.935313, 59.868476], [18.924083, 59.852281], [18.861583, 59.803046], [18.820811, 59.79267], [18.754568, 59.791164], [18.738617, 59.782782], [18.733897, 59.768785], [18.789806, 59.779039], [19.042003, 59.78498], [19.085216, 59.772203], [19.074474, 59.749701], [19.035981, 59.728502], [18.956798, 59.719224], [18.941254, 59.723822], [18.913341, 59.751776], [18.879893, 59.721584], [18.781261, 59.701565], [18.757823, 59.691067], [18.755626, 59.676663], [18.714122, 59.673245], [18.708507, 59.657457], [18.693614, 59.649359], [18.742035, 59.649359], [18.735606, 59.641506], [18.70045, 59.621405], [18.660004, 59.635688], [18.686534, 59.60578], [18.639985, 59.583645], [18.597341, 59.574042], [18.540701, 59.545844], [18.48406, 59.53441], [18.379649, 59.476386], [18.269054, 59.477444], [18.269054, 59.470608], [18.303233, 59.456977], [18.248546, 59.4501], [18.282725, 59.436428], [18.276866, 59.422553], [18.293142, 59.414049], [18.337901, 59.408515], [18.307302, 59.396796], [18.188487, 59.407416], [18.15919, 59.422187], [18.182872, 59.428046], [18.207042, 59.422187], [18.199474, 59.450873], [18.181407, 59.458197], [18.145518, 59.443834], [18.113292, 59.454657], [18.084483, 59.438951], [18.098399, 59.408515], [18.06544, 59.397162], [18.008962, 59.408515], [18.146169, 59.340237], [18.095063, 59.338406], [18.095144, 59.326809], [18.172862, 59.326565], [18.196625, 59.334174], [18.220551, 59.31977], [18.254731, 59.362779], [18.318126, 59.375922], [18.389659, 59.369452], [18.447765, 59.353909], [18.426768, 59.340237], [18.470063, 59.337104], [18.481944, 59.347724], [18.447765, 59.395453], [18.495616, 59.395453], [18.437511, 59.419257], [18.426768, 59.436428], [18.48463, 59.434231], [18.536632, 59.415961], [18.543956, 59.395453], [18.612315, 59.374945], [18.600841, 59.362494], [18.543956, 59.36815], [18.632579, 59.34691], [18.646495, 59.330268], [18.638927, 59.31509], [18.619802, 59.308295], [18.519298, 59.298285], [18.461192, 59.312445], [18.364431, 59.306586], [18.337901, 59.312934], [18.344737, 59.334052], [18.29127, 59.322699], [18.27589, 59.312934], [18.300141, 59.301337], [18.316905, 59.278754], [18.283051, 59.278998], [18.27296, 59.274237], [18.279307, 59.261705], [18.361176, 59.24079], [18.412283, 59.215033], [18.426768, 59.196845], [18.335704, 59.235907], [18.313731, 59.234076], [18.313487, 59.222113], [18.365245, 59.209906], [18.387055, 59.183092], [18.406261, 59.189399], [18.392589, 59.168891], [18.429698, 59.174628], [18.434093, 59.165229], [18.424164, 59.143948], [18.343761, 59.14175], [18.290212, 59.120551], [18.311371, 59.120998], [18.324229, 59.1081], [18.200857, 59.080756], [18.255382, 59.101264], [18.24171, 59.1081], [18.255382, 59.120551], [18.223643, 59.119534], [18.185232, 59.099311], [18.138682, 59.093817], [18.096202, 59.058336], [18.043224, 59.059719], [18.050548, 59.03856], [18.013682, 59.044908], [18.002696, 59.03856], [18.018565, 59.022895], [17.961192, 58.963446], [17.970551, 58.935981], [17.961192, 58.922512], [17.930675, 58.910061], [17.899669, 58.915717], [17.892833, 58.861029], [17.869395, 58.877021], [17.865245, 58.888821], [17.871837, 58.902045], [17.861176, 58.919094], [17.814708, 58.928209], [17.773611, 58.960679], [17.787364, 58.925523], [17.803477, 58.908271], [17.786306, 58.884223], [17.774425, 58.886217], [17.78297, 58.915717], [17.749278, 58.923814], [17.751964, 58.965074], [17.741466, 58.983954], [17.755707, 59.006334], [17.756114, 59.085191], [17.768809, 59.120551], [17.758149, 59.125922], [17.732758, 59.114447], [17.721202, 59.058987], [17.71046, 59.052802], [17.665782, 59.080756], [17.693614, 59.131415], [17.680919, 59.153388], [17.658946, 59.168891], [17.673106, 59.134752], [17.647472, 59.108059], [17.611095, 59.093817], [17.620453, 59.072577], [17.614513, 59.032131], [17.631602, 59.018134], [17.607107, 58.965969], [17.597504, 58.970893], [17.576915, 58.956692], [17.611095, 58.94302], [17.601248, 58.927802], [17.62672, 58.917792], [17.617931, 58.902045], [17.598969, 58.89411], [17.535981, 58.902045], [17.590668, 58.861029], [17.569509, 58.861029], [17.583751, 58.853583], [17.555675, 58.854153], [17.447276, 58.895209], [17.469086, 58.870429], [17.449962, 58.815863], [17.488292, 58.799628], [17.459727, 58.791449], [17.337413, 58.806464], [17.371593, 58.778998], [17.376801, 58.76439], [17.357758, 58.751166], [17.276052, 58.748847], [17.276052, 58.730699], [17.162364, 58.732001], [17.131847, 58.737535], [17.086925, 58.764838], [17.028168, 58.751166], [17.083507, 58.737535], [17.077403, 58.720364], [17.062511, 58.710191], [17.083018, 58.702867], [17.145681, 58.702786], [17.145681, 58.696601], [17.093028, 58.660834], [16.974946, 58.68537], [16.953868, 58.669257], [17.001638, 58.667873], [17.035818, 58.641303], [16.924164, 58.625434], [16.233735, 58.669257], [16.233735, 58.661811], [16.257091, 58.65176], [16.261485, 58.643052], [16.254893, 58.634508], [16.17921, 58.634508], [16.17921, 58.628323], [16.214122, 58.631293], [16.220063, 58.620836], [16.240245, 58.628119], [16.285411, 58.615912], [16.333995, 58.639146], [16.371593, 58.620551], [16.371593, 58.603746], [16.387706, 58.59162], [16.40919, 58.596625], [16.428396, 58.63939], [16.439789, 58.648139], [16.517833, 58.624579], [16.635916, 58.626776], [16.748302, 58.592922], [16.741547, 58.614], [16.789317, 58.607164], [16.779633, 58.58869], [16.785981, 58.57274], [16.830333, 58.559394], [16.816661, 58.546373], [16.844005, 58.546373], [16.834158, 58.529527], [16.884939, 58.518459], [16.940196, 58.491116], [16.844005, 58.477484], [16.852875, 58.46308], [16.830333, 58.452094], [16.765473, 58.44066], [16.748302, 58.429023], [16.597911, 58.448635], [16.539724, 58.468166], [16.441417, 58.485989], [16.412608, 58.477484], [16.448253, 58.474799], [16.705577, 58.407701], [16.714854, 58.394965], [16.709646, 58.369127], [16.714854, 58.360175], [16.754568, 58.373765], [16.766612, 58.368598], [16.775076, 58.339667], [16.631684, 58.353949], [16.699962, 58.319159], [16.698497, 58.301703], [16.727061, 58.303616], [16.72047, 58.319159], [16.799164, 58.323635], [16.789317, 58.305569], [16.761404, 58.305569], [16.754568, 58.285102], [16.706798, 58.278266], [16.706798, 58.271389], [16.802989, 58.244696], [16.789317, 58.23725], [16.8213, 58.207099], [16.822276, 58.179633], [16.788259, 58.179267], [16.809825, 58.162095], [16.777192, 58.13052], [16.721446, 58.149848], [16.617442, 58.203111], [16.632091, 58.185736], [16.671886, 58.165269], [16.68629, 58.147895], [16.659516, 58.147895], [16.736095, 58.084784], [16.714854, 58.079576], [16.71225, 58.059516], [16.68629, 58.058539], [16.740245, 58.039781], [16.754568, 58.02497], [16.737804, 58.014228], [16.72047, 58.02497], [16.69158, 58.014838], [16.686778, 58.008734], [16.699962, 57.997707], [16.679047, 58.005113], [16.65797, 58.035346], [16.644705, 58.038642], [16.631196, 58.027899], [16.637218, 58.014472], [16.659516, 57.99022], [16.68629, 57.99022], [16.706391, 57.962104], [16.735362, 57.97191], [16.741547, 57.946194], [16.782481, 57.915107], [16.727306, 57.928778], [16.736176, 57.913764], [16.765391, 57.89883], [16.768809, 57.887844], [16.758149, 57.877021], [16.723399, 57.88349], [16.682872, 57.918891], [16.679454, 57.898383], [16.670746, 57.891425], [16.610606, 57.89468], [16.61378, 57.912095], [16.60377, 57.928778], [16.644705, 57.921332], [16.51531, 57.998847], [16.498302, 57.992987], [16.494477, 57.984036], [16.504568, 57.97016], [16.532074, 57.950263], [16.590099, 57.935614], [16.569591, 57.921332], [16.57602, 57.911282], [16.57252, 57.893948], [16.562755, 57.887844], [16.524587, 57.906317], [16.480805, 57.915107], [16.494477, 57.902086], [16.487071, 57.89468], [16.460297, 57.902086], [16.460297, 57.89468], [16.706798, 57.750637], [16.699962, 57.743842], [16.682953, 57.747301], [16.635102, 57.765692], [16.54184, 57.839016], [16.419444, 57.89468], [16.438975, 57.865383], [16.53004, 57.825263], [16.594493, 57.772895], [16.618175, 57.766588], [16.665212, 57.737006], [16.65211, 57.72956], [16.690766, 57.725653], [16.714854, 57.702826], [16.693126, 57.702826], [16.693126, 57.69599], [16.706798, 57.69599], [16.706798, 57.688544], [16.639171, 57.692328], [16.576996, 57.709662], [16.619965, 57.666653], [16.617686, 57.658271], [16.583263, 57.661933], [16.591807, 57.651679], [16.624848, 57.641425], [16.630544, 57.629096], [16.562755, 57.592963], [16.554942, 57.606187], [16.555919, 57.627143], [16.538829, 57.620673], [16.520518, 57.627143], [16.542247, 57.607327], [16.520518, 57.586127], [16.542247, 57.579291], [16.542247, 57.572496], [16.514985, 57.572496], [16.514985, 57.566311], [16.629161, 57.556871], [16.688975, 57.471747], [16.659516, 57.476264], [16.672211, 57.459662], [16.638438, 57.448961], [16.633311, 57.437079], [16.639008, 57.426703], [16.672618, 57.415473], [16.625743, 57.398993], [16.631684, 57.380764], [16.572602, 57.387437], [16.547618, 57.382514], [16.534841, 57.360256], [16.569591, 57.346584], [16.547374, 57.328803], [16.562755, 57.319281], [16.485199, 57.294623], [16.469086, 57.275377], [16.494477, 57.242906], [16.465994, 57.228013], [16.458181, 57.204006], [16.465017, 57.177314], [16.509451, 57.127346], [16.552501, 57.110093], [16.569591, 57.086493], [16.554454, 57.080756], [16.583263, 57.044908], [16.534841, 57.051744], [16.534841, 57.063463], [16.52768, 57.065375], [16.500336, 57.03974], [16.439789, 57.051744], [16.473399, 57.031236], [16.473399, 57.02383], [16.453136, 57.023505], [16.439789, 57.014106], [16.434906, 56.99787], [16.439789, 56.97663], [16.46811, 56.949286], [16.436371, 56.911119], [16.439789, 56.866848], [16.40797, 56.79914], [16.428559, 56.782945], [16.46339, 56.797838], [16.472504, 56.794379], [16.47169, 56.777411], [16.454845, 56.768297], [16.412608, 56.777411], [16.361095, 56.763739], [16.356619, 56.75845], [16.377778, 56.725898], [16.379161, 56.675605], [16.371593, 56.661322], [16.341563, 56.651272], [16.301117, 56.663275], [16.246349, 56.642401], [16.220958, 56.60871], [16.207042, 56.53852], [16.178722, 56.537055], [16.166026, 56.508002], [16.095225, 56.419379], [16.038259, 56.255072], [16.020356, 56.246405], [16.004405, 56.219428], [15.93214, 56.174709], [15.87436, 56.102729], [15.851736, 56.086371], [15.788748, 56.106431], [15.826508, 56.159369], [15.806163, 56.167914], [15.731212, 56.157213], [15.713634, 56.174709], [15.702485, 56.170233], [15.648204, 56.194566], [15.592133, 56.160549], [15.575938, 56.174709], [15.596202, 56.203762], [15.586436, 56.208889], [15.492931, 56.176337], [15.479991, 56.151842], [15.433279, 56.1789], [15.403982, 56.179755], [15.37672, 56.161078], [15.365571, 56.141099], [15.320974, 56.139635], [15.295258, 56.147406], [15.322602, 56.153632], [15.295258, 56.188381], [15.273774, 56.17121], [15.234548, 56.157213], [15.192393, 56.152899], [15.154307, 56.168647], [15.093028, 56.161078], [15.075531, 56.188381], [15.034679, 56.181545], [15.049001, 56.153632], [14.95338, 56.172919], [14.906016, 56.1612], [14.848155, 56.163967], [14.84962, 56.147406], [14.830251, 56.142646], [14.774587, 56.167914], [14.724946, 56.167629], [14.701345, 56.161363], [14.685802, 56.147406], [14.682302, 56.117133], [14.70338, 56.109442], [14.767751, 56.030707], [14.715505, 56.002346], [14.70574, 56.017035], [14.685802, 56.017035], [14.673025, 56.005316], [14.611501, 56.011135], [14.62379, 56.024482], [14.607677, 56.037014], [14.603282, 56.058051], [14.582205, 56.043769], [14.569102, 56.058051], [14.497406, 56.040473], [14.407725, 55.977037], [14.346446, 55.953315], [14.323253, 55.915717], [14.271007, 55.894477], [14.234711, 55.862698], [14.208507, 55.821275], [14.195811, 55.725653], [14.205903, 55.708564], [14.273692, 55.667629], [14.276052, 55.634996], [14.284516, 55.622952], [14.358165, 55.563666], [14.367524, 55.545396], [14.363048, 55.523627], [14.348806, 55.510565], [14.264903, 55.461249], [14.219005, 55.413764], [14.181163, 55.390815], [14.06422, 55.390774], [13.956228, 55.426825], [13.897227, 55.434882], [13.842296, 55.42121], [13.780284, 55.427436], [13.629568, 55.41828], [13.580821, 55.388821], [13.503429, 55.388373], [13.381358, 55.346015], [13.280528, 55.345445], [13.115489, 55.380276], [13.030772, 55.38642], [12.979177, 55.403266], [12.932628, 55.388007], [12.886729, 55.393256], [12.832774, 55.382554], [12.828787, 55.400092], [12.859386, 55.434882], [12.904633, 55.417955], [12.929698, 55.418769], [12.965831, 55.434882], [12.963227, 55.45425], [12.985688, 55.447903], [12.975841, 55.475043], [12.928477, 55.520006], [12.917491, 55.547187], [12.929373, 55.578925], [13.038341, 55.635199], [13.057953, 55.660712], [13.054861, 55.694037], [13.011485, 55.72842], [12.974376, 55.726467], [12.965831, 55.746161], [12.922618, 55.749457], [12.911306, 55.763861], [12.931895, 55.769477], [12.93865, 55.790473], [12.926036, 55.834052], [12.850759, 55.865668], [12.8213, 55.886705], [12.804942, 55.929267], [12.770763, 55.948432], [12.752289, 55.996568], [12.719493, 56.012152], [12.708751, 56.021308], [12.698009, 56.0515], [12.602224, 56.123196], [12.553722, 56.181545], [12.540782, 56.22248], [12.504568, 56.275336], [12.451427, 56.304429], [12.646251, 56.25727], [12.666189, 56.239447], [12.704845, 56.22248], [12.796886, 56.228095], [12.814464, 56.236151], [12.833507, 56.265692], [12.829438, 56.278551], [12.783458, 56.293402], [12.731781, 56.359687], [12.643809, 56.396064], [12.621593, 56.419338], [12.656912, 56.455268], [12.713715, 56.467353], [12.833263, 56.442572], [12.890147, 56.455268], [12.93336, 56.506537], [12.934418, 56.547065], [12.903819, 56.593004], [12.886078, 56.637152], [12.871755, 56.649482], [12.731781, 56.64704], [12.679861, 56.679592], [12.664317, 56.714301], [12.615733, 56.750067], [12.594737, 56.787991], [12.598318, 56.82099], [12.533865, 56.84634], [12.527029, 56.859931], [12.499197, 56.866848], [12.469574, 56.892035], [12.375011, 56.912055], [12.356456, 56.923814], [12.342133, 56.962958], [12.354259, 56.985663], [12.340994, 57.014065], [12.271251, 57.042873], [12.247406, 57.060736], [12.245291, 57.079047], [12.218598, 57.092719], [12.237641, 57.108059], [12.233409, 57.121487], [12.204356, 57.147935], [12.197439, 57.184882], [12.149099, 57.1883], [12.191254, 57.212592], [12.138357, 57.219672], [12.101329, 57.236721], [12.156505, 57.242906], [12.095063, 57.250393], [12.119884, 57.275336], [12.147227, 57.285468], [12.144054, 57.310126], [12.104991, 57.34455], [12.067149, 57.339789], [12.049815, 57.351142], [12.108735, 57.394355], [12.060313, 57.394355], [12.092052, 57.411363], [12.059255, 57.458808], [12.04363, 57.461819], [12.006602, 57.434149], [11.992931, 57.366034], [11.979015, 57.346584], [11.972179, 57.364081], [11.933604, 57.360826], [11.944835, 57.3876], [11.903331, 57.394355], [11.915212, 57.403388], [11.903331, 57.448961], [11.907074, 57.465277], [11.944835, 57.489936], [11.910167, 57.503607], [11.931163, 57.511054], [11.903331, 57.524115], [11.917654, 57.539537], [11.911469, 57.595282], [11.91684, 57.620917], [11.897146, 57.627143], [11.891856, 57.612982], [11.867361, 57.607408], [11.834972, 57.661933], [11.844574, 57.68301], [11.909516, 57.686835], [11.923676, 57.702826], [11.845876, 57.693305], [11.747732, 57.713609], [11.751801, 57.69599], [11.705414, 57.698432], [11.706309, 57.721991], [11.810395, 57.781399], [11.807872, 57.788072], [11.789399, 57.790269], [11.751801, 57.784817], [11.686778, 57.837633], [11.656261, 57.839423], [11.703949, 57.8605], [11.693614, 57.881171], [11.707286, 57.891425], [11.759288, 57.902086], [11.745616, 57.915107], [11.766124, 57.928778], [11.736583, 57.938666], [11.800141, 58.022284], [11.802908, 58.036566], [11.78297, 58.069159], [11.800955, 58.086412], [11.793468, 58.100084], [11.818126, 58.103176], [11.828461, 58.121243], [11.841319, 58.193793], [11.875743, 58.199164], [11.889659, 58.216783], [11.860606, 58.218411], [11.851817, 58.22663], [11.844574, 58.253363], [11.813813, 58.278266], [11.80893, 58.302191], [11.825938, 58.316555], [11.882823, 58.332831], [11.870372, 58.345364], [11.806977, 58.326606], [11.726736, 58.327094], [11.725759, 58.312974], [11.678966, 58.30744], [11.581065, 58.250922], [11.52589, 58.257758], [11.539561, 58.23725], [11.50587, 58.243069], [11.496593, 58.258368], [11.503673, 58.280219], [11.541759, 58.333564], [11.622081, 58.388129], [11.607758, 58.394965], [11.621755, 58.405992], [11.669932, 58.422187], [11.652599, 58.437405], [11.628917, 58.431342], [11.588634, 58.401109], [11.553233, 58.463202], [11.547048, 58.463202], [11.551768, 58.399359], [11.541677, 58.364936], [11.522472, 58.336249], [11.465994, 58.294135], [11.396169, 58.264594], [11.416189, 58.290351], [11.44337, 58.305569], [11.44337, 58.312974], [11.399181, 58.302965], [11.389334, 58.305569], [11.3838, 58.318183], [11.401052, 58.336819], [11.448578, 58.341742], [11.422862, 58.363837], [11.424083, 58.388129], [11.406993, 58.387356], [11.370616, 58.34748], [11.345876, 58.346015], [11.424083, 58.442694], [11.348399, 58.388129], [11.334158, 58.367621], [11.306814, 58.360053], [11.253591, 58.365912], [11.2317, 58.339667], [11.220876, 58.346259], [11.224864, 58.370673], [11.204356, 58.401109], [11.208995, 58.418931], [11.259044, 58.422187], [11.251475, 58.442328], [11.293712, 58.470038], [11.25766, 58.482164], [11.238536, 58.50788], [11.252208, 58.518459], [11.255626, 58.555732], [11.286306, 58.579901], [11.265798, 58.579901], [11.269786, 58.592231], [11.252208, 58.607164], [11.259044, 58.634508], [11.210623, 58.679185], [11.218028, 58.707953], [11.18686, 58.710191], [11.177419, 58.718573], [11.178559, 58.736477], [11.189789, 58.752997], [11.210623, 58.757392], [11.206879, 58.770941], [11.233409, 58.808173], [11.2317, 58.843695], [11.202891, 58.854926], [11.197602, 58.864163], [11.190115, 58.908271], [11.197602, 58.922512], [11.146739, 58.93122], [11.119884, 58.940863], [11.108165, 58.953559], [11.117442, 58.968817], [11.183849, 58.9914], [11.122813, 58.994086], [11.115001, 59.008205], [11.129405, 59.031195], [11.193614, 59.080146], [11.220063, 59.090155], [11.320974, 59.099514], [11.354666, 59.09162], [11.393809, 59.019436], [11.438144, 58.991129], [11.453233, 58.960485], [11.451993, 58.896044], [11.482585, 58.886898], [11.547078, 58.884727], [11.61157, 58.893151], [11.664383, 58.920074], [11.745308, 59.092156], [11.748512, 59.140061], [11.775591, 59.202537], [11.811661, 59.249666], [11.806803, 59.293591], [11.783962, 59.360616], [11.677406, 59.559053], [11.670998, 59.58055], [11.674925, 59.607112], [11.693735, 59.622305], [11.828404, 59.659719], [11.897237, 59.713979], [11.902095, 59.785137], [11.842977, 59.838416], [11.849592, 59.872419], [11.890313, 59.892779], [11.942196, 59.90203], [12.102703, 59.893968], [12.143734, 59.898412], [12.290598, 59.958719], [12.446764, 60.051116], [12.483248, 60.081243], [12.510946, 60.117985], [12.524692, 60.161704], [12.521592, 60.197619], [12.487279, 60.295907], [12.491723, 60.312289], [12.577919, 60.375902], [12.605308, 60.419156], [12.612646, 60.455381], [12.608615, 60.48649], [12.594352, 60.514938], [12.482524, 60.657332], [12.377001, 60.754096], [12.350026, 60.793345], [12.313232, 60.901865], [12.256078, 60.981318], [12.253288, 61.001704], [12.280986, 61.015192], [12.511773, 61.049117], [12.682512, 61.040332], [12.703803, 61.046197], [12.73915, 61.142445], [12.839815, 61.226987], [12.888184, 61.349616], [12.877126, 61.370984], [12.613783, 61.547045], [12.550944, 61.566915], [12.482524, 61.569137], [12.416482, 61.582289], [12.33783, 61.632983], [12.291322, 61.651122], [12.161717, 61.724838], [12.31747, 62.234032], [12.314266, 62.286122], [12.286361, 62.335421], [12.091231, 62.58631], [12.090094, 62.606335], [12.154069, 62.710514], [12.156239, 62.733691], [12.093298, 62.907427], [12.104356, 62.923344], [12.222695, 63.001479], [11.992425, 63.288903], [12.204919, 63.454629], [12.219801, 63.474266], [12.219491, 63.49659], [12.170295, 63.598135], [12.293182, 63.656994], [12.482524, 63.809491], [12.681892, 63.956356], [12.755273, 63.991392], [12.982442, 64.05883], [13.234106, 64.090869], [13.964243, 64.009531], [14.147797, 64.169004], [14.16051, 64.187246], [14.16144, 64.205436], [14.115551, 64.441236], [14.096948, 64.465317], [14.060878, 64.476634], [13.940058, 64.49131], [13.642764, 64.584018], [14.172602, 64.991538], [14.310682, 65.084142], [14.338484, 65.122899], [14.365975, 65.215762], [14.380238, 65.240282], [14.400495, 65.25545], [14.482144, 65.288677], [14.514287, 65.318081], [14.518318, 65.364538], [14.510359, 65.464739], [14.560692, 65.701055], [14.63707, 65.781206], [14.648852, 65.802393], [14.644408, 65.842907], [14.540538, 66.125448], [15.053375, 66.153276], [15.481876, 66.274871], [15.491798, 66.287996], [15.482083, 66.34081], [15.42989, 66.463567], [15.426272, 66.491214], [15.669462, 66.599424], [16.038845, 66.887546], [16.125661, 66.934365], [16.31056, 67.009916], [16.39965, 67.035961], [16.415566, 67.052704], [16.443781, 67.182619], [16.43789, 67.200318], [16.127108, 67.422759], [16.180748, 67.496398], [16.199559, 67.508284], [16.36699, 67.521668], [16.428589, 67.534018], [16.482952, 67.557841], [16.608733, 67.647293], [16.761901, 67.87715], [16.782882, 67.896994], [16.807997, 67.910636], [17.220065, 68.040086], [17.299957, 68.097912], [17.321454, 68.105301], [17.895372, 67.969651], [17.921004, 67.972855], [18.166674, 68.158476], [18.188584, 68.198732], [18.135668, 68.395723], [18.156235, 68.51861], [18.171841, 68.535921], [18.436218, 68.573852], [18.644577, 68.501246], [18.700284, 68.495614], [19.038145, 68.505639], [19.93101, 68.350196], [19.971215, 68.351281], [20.0, 68.360571451404], [20.0, 63.60820143934119], [19.937755, 63.619859]]], [[[19.962223, 68.541192], [20.0, 68.5542718196403], [20.0, 68.5326939592956], [19.962223, 68.541192]]], [[[17.097016, 57.317369], [17.075531, 57.305121], [17.042003, 57.270901], [17.064464, 57.241889], [17.066254, 57.226711], [17.04949, 57.1883], [17.028168, 57.181464], [17.01531, 57.147935], [16.973481, 57.104193], [16.960623, 57.063218], [16.898611, 57.038072], [16.912852, 57.023505], [16.93393, 57.017564], [16.871267, 56.969184], [16.884532, 56.935614], [16.883067, 56.916246], [16.858165, 56.896796], [16.841807, 56.844062], [16.830333, 56.825832], [16.781586, 56.810614], [16.768728, 56.79678], [16.756521, 56.747463], [16.698497, 56.645209], [16.682791, 56.593492], [16.636974, 56.559719], [16.631521, 56.532213], [16.638438, 56.524156], [16.624848, 56.503648], [16.61964, 56.475328], [16.575857, 56.405748], [16.566417, 56.346137], [16.541189, 56.306138], [16.490896, 56.239569], [16.450206, 56.218655], [16.428477, 56.217963], [16.412608, 56.229315], [16.412608, 56.270941], [16.398936, 56.298245], [16.407237, 56.319973], [16.405772, 56.38703], [16.414073, 56.402777], [16.391449, 56.458686], [16.398936, 56.544664], [16.419444, 56.585639], [16.442556, 56.60871], [16.45281, 56.637519], [16.62086, 56.87226], [16.637869, 56.882473], [16.716807, 56.891832], [16.731293, 56.903998], [16.748302, 56.941881], [16.79363, 57.003852], [16.888357, 57.118232], [16.909923, 57.202216], [16.94044, 57.212836], [16.959239, 57.230699], [16.966482, 57.304592], [17.019216, 57.34455], [17.054861, 57.358222], [17.065278, 57.357733], [17.081879, 57.341376], [17.104015, 57.352769], [17.124522, 57.319281], [17.097016, 57.317369]]], [[[19.085216, 57.825751], [19.014985, 57.822008], [18.986583, 57.80744], [18.981619, 57.770494], [18.948741, 57.78266], [18.93214, 57.752265], [18.941254, 57.72956], [18.865245, 57.723334], [18.820811, 57.737006], [18.80714, 57.734442], [18.810313, 57.709662], [18.764659, 57.626899], [18.762462, 57.617174], [18.810313, 57.607327], [18.794688, 57.57807], [18.789806, 57.548285], [18.761404, 57.507636], [18.776134, 57.497463], [18.768809, 57.481838], [18.773204, 57.472235], [18.803477, 57.469428], [18.789806, 57.448961], [18.868907, 57.435289], [18.879731, 57.449205], [18.908865, 57.439154], [18.926117, 57.418199], [18.92628, 57.392646], [18.879161, 57.3876], [18.858165, 57.394355], [18.841156, 57.38288], [18.801524, 57.376207], [18.680431, 57.310492], [18.666759, 57.29678], [18.673676, 57.277655], [18.710948, 57.274319], [18.714122, 57.242906], [18.680512, 57.229926], [18.591482, 57.218695], [18.564464, 57.209418], [18.564464, 57.201972], [18.578136, 57.201972], [18.578136, 57.195746], [18.406423, 57.143012], [18.385753, 57.127427], [18.4546, 57.127427], [18.359874, 57.096137], [18.344737, 57.08275], [18.337901, 57.031236], [18.364268, 57.01142], [18.400076, 57.003974], [18.344737, 57.003974], [18.358409, 56.989691], [18.321462, 56.969062], [18.311534, 56.948065], [18.203949, 56.915188], [18.169688, 56.912014], [18.138682, 56.922024], [18.203868, 56.986274], [18.200857, 57.017564], [18.265636, 57.04149], [18.290212, 57.092719], [18.223318, 57.060289], [18.200857, 57.065375], [18.225108, 57.094916], [18.227306, 57.107489], [18.214366, 57.113837], [18.228038, 57.133694], [18.185313, 57.144843], [18.159841, 57.229804], [18.099376, 57.258979], [18.101085, 57.278022], [18.115571, 57.297024], [18.153087, 57.313422], [18.165863, 57.33161], [18.171153, 57.352118], [18.166026, 57.367092], [18.17921, 57.379543], [18.146169, 57.408026], [18.145356, 57.426174], [18.113455, 57.487982], [18.11199, 57.511054], [18.128184, 57.548163], [18.161469, 57.577948], [18.325043, 57.672593], [18.463064, 57.803168], [18.49936, 57.826565], [18.550141, 57.839423], [18.5949, 57.831366], [18.608653, 57.83633], [18.640798, 57.886176], [18.677745, 57.913886], [18.723806, 57.923], [18.742442, 57.917914], [18.769298, 57.887844], [18.764659, 57.86518], [18.803477, 57.825751], [18.81072, 57.851223], [18.844086, 57.873603], [18.851899, 57.891262], [18.837413, 57.912177], [18.851329, 57.915107], [18.913341, 57.921332], [18.89796, 57.89765], [18.917247, 57.888129], [18.94158, 57.888821], [18.941254, 57.902086], [18.956554, 57.907782], [18.995779, 57.912055], [19.009532, 57.908271], [19.002126, 57.902086], [19.014008, 57.881293], [19.040212, 57.867906], [19.085216, 57.825751]]], [[[19.305675, 57.976386], [19.338552, 57.963568], [19.310557, 57.956732], [19.296072, 57.943671], [19.247895, 57.95246], [19.161957, 57.925971], [19.139903, 57.908271], [19.160655, 57.896064], [19.16033, 57.880316], [19.129649, 57.846869], [19.084483, 57.859361], [19.036794, 57.905219], [19.039561, 57.916978], [19.098318, 57.976549], [19.222423, 57.99022], [19.226736, 57.9737], [19.305675, 57.976386]]], [[[11.745616, 58.031195], [11.731944, 57.997707], [11.710216, 57.992906], [11.711436, 58.011379], [11.695079, 58.015082], [11.679373, 58.006252], [11.650645, 57.95539], [11.618907, 57.95425], [11.594737, 57.935614], [11.527843, 57.954291], [11.512462, 57.992621], [11.515636, 58.0008], [11.567556, 58.003892], [11.505626, 58.013007], [11.497895, 58.028062], [11.50587, 58.046047], [11.52475, 58.050727], [11.659679, 58.045478], [11.716563, 58.064521], [11.73878, 58.058539], [11.745616, 58.031195]]], [[[11.815278, 58.189276], [11.813813, 58.144477], [11.804698, 58.125718], [11.756684, 58.118313], [11.708181, 58.098212], [11.654633, 58.107978], [11.628917, 58.100084], [11.612315, 58.118598], [11.585297, 58.123114], [11.533946, 58.106879], [11.516287, 58.086005], [11.463878, 58.106879], [11.463878, 58.07217], [11.457693, 58.07217], [11.447439, 58.103461], [11.406586, 58.13109], [11.408865, 58.145697], [11.428966, 58.160956], [11.527843, 58.212795], [11.601573, 58.23725], [11.663097, 58.23725], [11.660004, 58.258124], [11.677419, 58.271389], [11.669932, 58.285102], [11.686371, 58.291205], [11.73878, 58.285102], [11.749848, 58.262885], [11.789399, 58.246405], [11.806977, 58.230414], [11.815278, 58.189276]]], [[[19.250336, 58.342841], [19.214122, 58.354682], [19.187755, 58.394965], [19.222423, 58.394965], [19.331716, 58.367621], [19.250336, 58.342841]]], [[[18.413097, 59.278754], [18.344737, 59.299262], [18.461681, 59.298245], [18.523448, 59.288642], [18.612315, 59.258287], [18.539073, 59.259955], [18.516124, 59.271308], [18.517263, 59.24901], [18.5324, 59.241889], [18.578136, 59.244615], [18.551606, 59.225898], [18.520356, 59.228664], [18.468272, 59.252102], [18.430431, 59.258287], [18.413097, 59.278754]]], [[[18.567882, 60.321275], [18.566905, 60.30744], [18.514334, 60.32095], [18.458832, 60.353827], [18.402192, 60.369818], [18.389171, 60.391018], [18.388031, 60.478909], [18.375173, 60.500393], [18.378754, 60.507799], [18.406261, 60.505845], [18.426768, 60.485419], [18.426768, 60.464911], [18.466075, 60.442694], [18.474457, 60.430813], [18.419932, 60.443793], [18.48463, 60.3664], [18.507823, 60.356024], [18.529796, 60.368109], [18.550141, 60.327094], [18.567882, 60.321275]]], [[[18.487315, 59.085028], [18.456065, 59.057196], [18.435883, 59.04975], [18.413585, 59.011664], [18.37672, 59.006903], [18.344412, 59.025702], [18.341319, 59.033433], [18.361583, 59.039211], [18.351085, 59.05683], [18.376313, 59.063788], [18.374766, 59.078355], [18.465994, 59.117255], [18.47934, 59.116645], [18.487315, 59.085028]]], [[[18.750011, 59.205146], [18.668468, 59.174262], [18.659679, 59.176907], [18.690929, 59.208808], [18.750011, 59.205146]]], [[[18.810802, 59.289252], [18.775157, 59.252183], [18.722667, 59.262397], [18.72462, 59.27265], [18.75766, 59.294582], [18.810802, 59.289252]]], [[[18.638031, 59.367987], [18.705903, 59.371243], [18.74171, 59.350775], [18.747081, 59.331855], [18.726573, 59.311998], [18.677501, 59.299547], [18.673106, 59.3039], [18.685802, 59.316474], [18.676036, 59.340277], [18.638031, 59.367987]]], [[[18.122732, 59.389106], [18.249278, 59.366685], [18.203949, 59.365912], [18.222423, 59.351793], [18.212087, 59.341498], [18.165538, 59.340644], [18.122813, 59.356757], [18.1067, 59.384955], [18.122732, 59.389106]]], [[[18.865082, 59.399848], [18.869477, 59.393459], [18.847667, 59.38935], [18.854259, 59.402533], [18.865082, 59.399848]]], [[[18.948253, 59.37873], [18.937673, 59.373236], [18.899913, 59.393744], [18.899425, 59.400702], [18.92156, 59.405911], [18.942393, 59.393622], [18.948253, 59.37873]]], [[[18.893891, 59.407172], [18.872325, 59.408637], [18.860606, 59.424506], [18.873546, 59.439765], [18.898611, 59.445705], [18.916352, 59.446194], [18.925792, 59.434027], [18.893891, 59.407172]]], [[[18.632986, 59.489651], [18.608409, 59.493638], [18.594412, 59.486884], [18.605317, 59.466783], [18.601817, 59.456122], [18.591156, 59.45246], [18.578461, 59.463935], [18.580903, 59.430732], [18.556407, 59.422309], [18.545421, 59.428534], [18.510509, 59.48314], [18.514415, 59.490953], [18.538097, 59.495551], [18.557384, 59.482001], [18.559581, 59.491441], [18.577647, 59.495063], [18.548106, 59.498969], [18.551117, 59.510077], [18.609711, 59.54564], [18.654307, 59.550035], [18.688975, 59.533393], [18.739106, 59.540432], [18.656586, 59.506741], [18.632986, 59.489651]]], [[[18.98463, 59.624335], [18.968028, 59.619371], [18.927501, 59.622463], [18.905284, 59.583238], [18.863455, 59.58397], [18.858572, 59.595771], [18.937755, 59.649075], [18.952485, 59.652981], [18.98463, 59.624335]]], [[[18.823904, 59.583889], [18.756847, 59.572659], [18.924327, 59.656928], [18.924164, 59.648261], [18.823904, 59.583889]]], [[[19.002289, 59.805732], [18.997813, 59.794623], [18.972016, 59.786607], [18.935557, 59.79267], [18.891287, 59.78559], [18.885753, 59.793931], [18.959158, 59.863715], [18.987966, 59.850531], [18.995453, 59.839504], [18.996349, 59.80976], [19.002289, 59.805732]]], [[[18.72877, 60.200426], [18.71225, 60.212144], [18.718516, 60.216457], [18.753103, 60.209174], [18.788259, 60.184149], [18.784434, 60.175116], [18.800304, 60.176418], [18.806895, 60.16059], [18.760997, 60.150051], [18.724376, 60.155463], [18.713064, 60.182563], [18.72877, 60.200426]]], [[[15.726899, 56.118354], [15.700857, 56.105658], [15.703624, 56.080715], [15.696788, 56.074286], [15.651134, 56.089993], [15.642345, 56.104641], [15.669119, 56.123928], [15.726899, 56.118354]]], [[[16.880626, 58.29328], [16.87908, 58.280585], [16.868175, 58.27265], [16.847423, 58.275458], [16.83253, 58.304185], [16.8449, 58.31037], [16.880626, 58.29328]]], [[[16.918956, 58.336371], [16.881847, 58.317125], [16.827403, 58.327541], [16.785167, 58.380072], [16.79005, 58.389065], [16.807791, 58.394232], [16.859711, 58.400295], [16.861583, 58.391995], [16.851248, 58.383368], [16.828787, 58.381537], [16.847179, 58.372138], [16.827485, 58.363593], [16.830577, 58.355943], [16.870291, 58.333238], [16.918956, 58.336371]]], [[[18.357107, 58.976996], [18.338878, 58.957913], [18.289806, 58.941392], [18.316417, 58.926947], [18.216319, 58.905585], [18.193614, 58.911322], [18.22641, 58.944729], [18.261892, 58.959621], [18.357107, 58.976996]]], [[[18.190196, 58.993883], [18.145844, 59.004381], [18.150238, 58.976874], [18.144705, 58.969062], [18.117524, 58.967353], [18.098969, 58.978827], [18.050629, 58.960924], [18.058604, 58.985093], [18.081554, 58.996731], [18.082856, 59.009223], [18.103526, 59.02265], [18.216563, 59.024482], [18.178722, 59.01142], [18.198253, 59.00967], [18.190196, 58.993883]]], [[[17.697113, 58.935492], [17.680675, 58.92182], [17.691173, 58.901801], [17.684825, 58.900824], [17.657725, 58.922675], [17.648123, 58.918931], [17.639171, 58.930976], [17.640636, 58.947659], [17.624278, 58.963935], [17.648123, 59.017524], [17.643891, 59.061347], [17.652192, 59.071519], [17.663097, 59.071967], [17.668956, 59.058905], [17.686697, 59.05036], [17.707286, 58.993354], [17.697113, 58.935492]]], [[[18.078949, 62.679755], [18.027029, 62.684516], [18.006114, 62.705552], [18.041026, 62.754543], [18.064301, 62.75788], [18.103201, 62.745185], [18.128103, 62.751654], [18.159841, 62.747138], [18.146983, 62.70954], [18.117035, 62.701728], [18.130056, 62.693508], [18.078949, 62.679755]]]]}}, {"type": "Feature", "properties": {"name": "Luxembourg"}, "geometry": {"type": "Polygon", "coordinates": [[[6.0994, 50.064129], [6.109425, 50.06356], [6.096403, 50.048626], [6.113766, 50.036378], [6.117177, 50.004391], [6.120215233436764, 50.0], [5.802469722351065, 50.0], [5.802674, 50.002479], [5.836367, 50.01855], [5.83771, 50.047437], [5.864375, 50.067488], [5.872437, 50.096892], [5.941063, 50.128311], [5.96163, 50.165621], [5.998321, 50.174975], [6.014134, 50.153581], [6.038628, 50.148413], [6.084207, 50.159317], [6.097126, 50.151307], [6.102604, 50.124745], [6.117487, 50.120456], [6.0994, 50.064129]]]}}, {"type": "Feature", "properties": {"name": "Belgium"}, "geometry": {"type": "Polygon", "coordinates": [[[2.579926, 51.104804], [2.715668, 51.169501], [3.124848, 51.329657], [3.349415, 51.375223], [3.358068, 51.336713], [3.353211, 51.288602], [3.36737, 51.263487], [3.391658, 51.24677], [3.453877, 51.235633], [3.501212, 51.240284], [3.503383, 51.273952], [3.514338, 51.281031], [3.609526, 51.290436], [3.776234, 51.254521], [3.781402, 51.219872], [3.808687, 51.205325], [3.927026, 51.206255], [4.118952, 51.272401], [4.168562, 51.29687], [4.207939, 51.330589], [4.221491, 51.368001], [4.241059, 51.356594], [4.256114, 51.328437], [4.302989, 51.296088], [4.308116, 51.283637], [4.296723, 51.267564], [4.30836, 51.271226], [4.330821, 51.296088], [4.289317, 51.309149], [4.283051, 51.350084], [4.261068, 51.369379], [4.290105, 51.368752], [4.345605, 51.352293], [4.392217, 51.350407], [4.411234, 51.356737], [4.416195, 51.373971], [4.379918, 51.409525], [4.38922, 51.434588], [4.377128, 51.442882], [4.429424, 51.461976], [4.525232, 51.475929], [4.533191, 51.467583], [4.521512, 51.428645], [4.540632, 51.420067], [4.630136, 51.418206], [4.653907, 51.426216], [4.731215, 51.485618], [4.778654, 51.495359], [4.823922, 51.475645], [4.815447, 51.431074], [4.822682, 51.413685], [4.779067, 51.426423], [4.767802, 51.425389], [4.762117, 51.413375], [4.853274, 51.40614], [4.910325, 51.391903], [4.957144, 51.410997], [4.995798, 51.446706], [5.012128, 51.474327], [5.027527, 51.476807], [5.06029, 51.461976], [5.079927, 51.438541], [5.065251, 51.405907], [5.061737, 51.384255], [5.068145, 51.37454], [5.102561, 51.350665], [5.122922, 51.313381], [5.197336, 51.308342], [5.214906, 51.294338], [5.215423, 51.258733], [5.389056, 51.258707], [5.471635, 51.288085], [5.493235, 51.286535], [5.535197, 51.26204], [5.545532, 51.219924], [5.568373, 51.207651], [5.62501, 51.196902], [5.659013, 51.179074], [5.730844, 51.18375], [5.781383, 51.152409], [5.829132, 51.156465], [5.840501, 51.138921], [5.823241, 51.118741], [5.845979, 51.103393], [5.804948, 51.096624], [5.811769, 51.082309], [5.79885, 51.061484], [5.791305, 51.054998], [5.771461, 51.058125], [5.76402, 51.035181], [5.777559, 51.023553], [5.722369, 50.959423], [5.76402, 50.959423], [5.722369, 50.911674], [5.694463, 50.903664], [5.622323, 50.852659], [5.624493, 50.830284], [5.64072, 50.815039], [5.700458, 50.795557], [5.688366, 50.76083], [5.706556, 50.754216], [5.727846, 50.754164], [5.752444, 50.773439], [5.793165, 50.752149], [5.99491, 50.749927], [5.994187, 50.742589], [6.010826, 50.737059], [6.01155, 50.708534], [6.081003, 50.713495], [6.100227, 50.701299], [6.161102, 50.642181], [6.147769, 50.636755], [6.159448, 50.622389], [6.180015, 50.615516], [6.249055, 50.614431], [6.251329, 50.608437], [6.232932, 50.587146], [6.179085, 50.561979], [6.160688, 50.543583], [6.177328, 50.530198], [6.170817, 50.517951], [6.190557, 50.515212], [6.182599, 50.506582], [6.207197, 50.486325], [6.255566, 50.494593], [6.336905, 50.481003], [6.323262, 50.466016], [6.331634, 50.446896], [6.351167, 50.433564], [6.337732, 50.368089], [6.372458, 50.329436], [6.374525, 50.315483], [6.362019, 50.306956], [6.285952, 50.303856], [6.269415, 50.286492], [6.271792, 50.267424], [6.189627, 50.242722], [6.157174, 50.222724], [6.146839, 50.214042], [6.160171, 50.204534], [6.165132, 50.181899], [6.151696, 50.169342], [6.123171, 50.164898], [6.115833, 50.145467], [6.129476, 50.134047], [6.117487, 50.120456], [6.102604, 50.124745], [6.097126, 50.151307], [6.084207, 50.159317], [6.038628, 50.148413], [6.014134, 50.153581], [5.998321, 50.174975], [5.96163, 50.165621], [5.941063, 50.128311], [5.872437, 50.096892], [5.864375, 50.067488], [5.83771, 50.047437], [5.836367, 50.01855], [5.802674, 50.002479], [5.802469722351065, 50.0], [4.8068846966109975, 50.0], [4.826713, 50.036017], [4.827229, 50.064077], [4.84604, 50.09069], [4.862886, 50.084076], [4.871878, 50.139783], [4.862679, 50.147586], [4.820098, 50.146449], [4.815551, 50.161332], [4.788575, 50.153374], [4.681915, 50.083921], [4.67344, 50.066196], [4.680572, 50.048316], [4.672924, 50.01638], [4.6631824474986265, 50.0], [4.13027411258956, 50.0], [4.128151, 50.005786], [4.137349, 50.025061], [4.210006, 50.06015], [4.180551, 50.127226], [4.125774, 50.128156], [4.152749, 50.204534], [4.167942, 50.222465], [4.201325, 50.241534], [4.197604, 50.258484], [4.162774, 50.272953], [4.150268, 50.269543], [4.150992, 50.256262], [4.143654, 50.251611], [4.125257, 50.25714], [4.097868, 50.294812], [4.0033, 50.34406], [3.895917, 50.325301], [3.84021, 50.345197], [3.755047, 50.346334], [3.733446, 50.337239], [3.696859, 50.298223], [3.661719, 50.319307], [3.644356, 50.445501], [3.608286, 50.476507], [3.563741, 50.486532], [3.499145, 50.48679], [3.486743, 50.492681], [3.498008, 50.511853], [3.477131, 50.519863], [3.429175, 50.501828], [3.361066, 50.489787], [3.299881, 50.507461], [3.271045, 50.526943], [3.264327, 50.570196], [3.229808, 50.65541], [3.24376, 50.672102], [3.232391, 50.695925], [3.224433, 50.705175], [3.188983, 50.715097], [3.146195, 50.768892], [3.129245, 50.779072], [3.103304, 50.784085], [2.971425, 50.757833], [2.930188, 50.736232], [2.886883, 50.696648], [2.786734, 50.723365], [2.768234, 50.733235], [2.743842, 50.766205], [2.706635, 50.788787], [2.691856, 50.808838], [2.620439, 50.816486], [2.586746, 50.845425], [2.596668, 50.867646], [2.576928, 50.911519], [2.611654, 50.941233], [2.60845, 50.961128], [2.55698, 51.001177], [2.537033, 51.06461], [2.5218, 51.087541], [2.579926, 51.104804]]]}}, {"type": "Feature", "properties": {"name": "Denmark"}, "geometry": {"type": "MultiPolygon", "coordinates": [[[[8.668793, 54.91352], [8.661388, 54.920315], [8.674815, 54.947943], [8.640961, 55.023383], [8.644786, 55.055732], [8.681895, 55.133205], [8.56365, 55.143378], [8.557384, 55.096381], [8.49936, 55.065579], [8.470225, 55.078599], [8.458832, 55.103461], [8.470225, 55.177558], [8.488943, 55.19717], [8.530528, 55.200751], [8.572602, 55.193671], [8.593761, 55.180976], [8.552094, 55.160549], [8.555186, 55.149359], [8.669281, 55.136908], [8.689464, 55.141588], [8.648448, 55.28026], [8.659679, 55.327216], [8.632091, 55.418769], [8.617686, 55.437934], [8.59254, 55.449286], [8.441905, 55.463935], [8.401134, 55.485663], [8.310395, 55.56269], [8.311209, 55.56977], [8.332367, 55.572008], [8.332367, 55.578274], [8.313162, 55.582709], [8.267833, 55.580512], [8.239024, 55.557929], [8.242035, 55.548529], [8.271739, 55.530463], [8.243663, 55.516791], [8.293956, 55.50434], [8.316742, 55.489407], [8.326182, 55.472113], [8.313324, 55.469306], [8.193614, 55.525946], [8.110606, 55.540229], [8.095225, 55.549058], [8.094005, 55.56391], [8.150238, 55.649237], [8.181651, 55.729071], [8.18336, 55.769599], [8.127778, 55.987616], [8.150564, 55.977037], [8.175466, 55.900336], [8.19337, 55.873847], [8.193614, 55.853217], [8.181651, 55.828355], [8.185069, 55.814643], [8.193614, 55.811835], [8.34783, 55.86933], [8.387706, 55.89289], [8.393321, 55.909166], [8.372895, 55.943427], [8.319509, 55.986029], [8.319509, 56.017035], [8.308116, 56.052924], [8.2824, 56.075873], [8.149669, 56.111151], [8.140636, 56.102729], [8.134776, 55.993964], [8.120128, 55.996568], [8.107921, 56.024319], [8.106456, 56.119452], [8.1338, 56.205471], [8.122406, 56.551663], [8.178722, 56.672065], [8.198985, 56.698879], [8.213878, 56.711819], [8.219981, 56.709174], [8.232432, 56.688381], [8.202159, 56.640204], [8.233165, 56.633979], [8.253917, 56.606106], [8.305919, 56.597805], [8.291515, 56.593004], [8.292491, 56.567694], [8.307384, 56.554348], [8.318044, 56.563625], [8.312022, 56.578803], [8.3921, 56.585273], [8.436534, 56.580227], [8.514659, 56.544664], [8.565766, 56.578803], [8.596039, 56.531806], [8.601085, 56.501125], [8.636974, 56.479722], [8.726573, 56.483222], [8.742035, 56.497748], [8.750824, 56.552069], [8.762543, 56.563381], [8.757579, 56.571967], [8.708995, 56.588568], [8.698497, 56.611233], [8.681488, 56.616278], [8.681895, 56.626532], [8.740896, 56.634955], [8.805431, 56.695461], [8.861583, 56.707465], [8.916759, 56.708808], [8.840831, 56.722357], [8.876638, 56.764309], [8.95574, 56.802965], [9.014903, 56.797838], [9.063162, 56.812567], [9.105968, 56.800116], [9.120453, 56.764594], [9.162852, 56.729641], [9.176036, 56.708564], [9.148204, 56.704739], [9.118826, 56.678778], [9.093435, 56.674994], [9.097504, 56.658433], [9.059337, 56.633979], [9.048839, 56.607164], [9.060557, 56.565741], [9.093435, 56.57807], [9.106781, 56.610785], [9.155447, 56.612942], [9.141124, 56.626044], [9.121349, 56.620347], [9.148611, 56.661322], [9.155447, 56.661322], [9.149425, 56.638861], [9.276215, 56.632961], [9.28533, 56.620347], [9.2824, 56.610541], [9.250336, 56.578803], [9.261241, 56.576361], [9.270844, 56.558295], [9.326182, 56.530341], [9.34669, 56.552069], [9.36085, 56.544745], [9.373057, 56.55272], [9.372732, 56.565375], [9.350352, 56.571967], [9.312836, 56.557766], [9.293712, 56.561021], [9.300629, 56.609117], [9.32602, 56.66942], [9.305675, 56.695461], [9.290701, 56.703843], [9.270844, 56.702338], [9.199067, 56.676581], [9.177908, 56.675849], [9.169119, 56.688666], [9.180349, 56.700751], [9.22641, 56.716254], [9.242524, 56.747056], [9.240489, 56.753974], [9.196544, 56.770453], [9.174978, 56.806057], [9.176036, 56.818427], [9.211436, 56.851508], [9.210623, 56.863105], [9.199555, 56.879828], [9.162852, 56.89411], [9.200206, 56.93891], [9.251475, 56.972561], [9.279959, 56.979804], [9.288748, 56.997138], [9.437022, 57.0244], [9.470063, 57.02383], [9.586762, 56.997138], [9.57309, 56.978827], [9.607921, 56.969875], [9.688975, 57.03913], [9.761241, 57.05858], [9.809093, 57.051744], [9.915782, 57.05858], [9.856619, 57.08869], [9.795665, 57.106391], [9.733246, 57.066799], [9.711925, 57.061265], [9.675141, 57.079169], [9.580821, 57.049302], [9.493988, 57.04857], [9.245372, 57.002346], [9.114513, 57.05858], [9.12086, 57.045396], [9.112804, 57.038642], [9.042654, 57.017727], [9.025727, 57.017564], [9.031993, 57.02383], [9.014008, 57.030178], [8.996755, 57.028062], [8.901622, 56.986274], [8.893077, 56.999661], [8.850434, 57.003485], [8.833344, 56.997138], [8.847992, 56.988471], [8.811697, 56.969875], [8.762055, 56.955471], [8.72641, 56.961249], [8.679535, 56.952541], [8.668793, 56.945299], [8.663341, 56.92593], [8.621104, 56.89411], [8.607921, 56.849677], [8.569591, 56.818427], [8.536306, 56.814521], [8.491384, 56.794257], [8.483897, 56.781155], [8.491466, 56.731391], [8.47641, 56.715969], [8.525564, 56.715969], [8.533051, 56.703803], [8.527029, 56.695299], [8.500987, 56.688666], [8.452891, 56.702338], [8.408214, 56.688666], [8.408214, 56.68122], [8.455903, 56.688666], [8.500987, 56.674994], [8.571544, 56.691962], [8.586274, 56.688666], [8.586274, 56.653876], [8.608084, 56.631049], [8.583018, 56.60932], [8.546641, 56.601711], [8.559581, 56.593004], [8.539317, 56.59276], [8.511485, 56.607001], [8.467296, 56.652045], [8.444835, 56.664049], [8.373383, 56.680243], [8.352224, 56.692939], [8.319509, 56.722154], [8.302013, 56.763739], [8.243663, 56.777411], [8.263194, 56.71894], [8.260753, 56.70539], [8.24586, 56.704006], [8.236176, 56.771186], [8.247895, 56.812445], [8.270356, 56.843248], [8.449718, 57.003974], [8.503591, 57.034654], [8.586274, 57.106391], [8.618012, 57.12287], [8.783946, 57.104804], [8.914561, 57.127427], [8.980479, 57.161038], [9.230642, 57.141099], [9.321544, 57.14704], [9.41212, 57.165432], [9.497813, 57.197008], [9.573253, 57.242906], [9.788422, 57.459296], [9.895356, 57.531562], [9.929861, 57.56745], [9.96697, 57.591376], [10.197602, 57.601223], [10.279552, 57.620917], [10.350597, 57.648993], [10.472504, 57.716986], [10.539073, 57.743842], [10.596039, 57.751166], [10.648936, 57.737006], [10.594412, 57.725898], [10.542491, 57.69892], [10.46046, 57.630561], [10.430431, 57.570543], [10.458344, 57.525458], [10.508962, 57.484036], [10.54656, 57.435289], [10.517426, 57.391303], [10.517914, 57.339179], [10.539073, 57.236721], [10.446788, 57.184882], [10.411469, 57.144436], [10.384044, 57.074205], [10.347179, 57.010199], [10.319672, 56.997504], [10.239757, 56.992825], [10.156016, 57.02383], [10.094005, 57.060492], [9.99464, 57.092719], [9.974457, 57.086493], [9.946137, 57.061184], [9.926931, 57.05858], [9.945486, 57.057318], [10.001964, 57.083889], [10.192393, 56.994045], [10.313731, 56.982856], [10.279552, 56.955512], [10.26588, 56.907701], [10.295421, 56.778876], [10.319998, 56.736477], [10.340587, 56.717353], [10.318696, 56.708238], [10.237559, 56.715969], [10.203868, 56.702338], [10.146495, 56.722357], [9.945567, 56.658149], [9.805919, 56.64704], [9.805919, 56.640204], [9.851329, 56.635728], [10.001475, 56.661322], [10.049571, 56.674994], [10.062836, 56.688666], [10.101329, 56.682685], [10.12379, 56.692328], [10.134776, 56.712388], [10.150564, 56.714423], [10.18336, 56.708564], [10.175792, 56.695461], [10.241954, 56.688381], [10.283539, 56.689765], [10.334239, 56.703843], [10.352794, 56.68183], [10.357677, 56.648749], [10.340343, 56.620347], [10.214366, 56.558295], [10.203868, 56.516669], [10.211436, 56.505316], [10.206798, 56.490953], [10.18336, 56.46955], [10.225597, 56.475735], [10.22755, 56.541083], [10.237641, 56.554389], [10.330333, 56.603217], [10.350922, 56.595893], [10.365245, 56.558417], [10.4699, 56.520901], [10.551524, 56.51557], [10.822276, 56.534247], [10.854991, 56.524156], [10.90211, 56.483222], [10.964122, 56.448432], [10.940929, 56.429511], [10.928477, 56.40648], [10.922618, 56.356269], [10.911632, 56.334052], [10.819591, 56.260932], [10.755382, 56.229315], [10.752615, 56.184963], [10.738617, 56.154527], [10.707042, 56.150865], [10.672211, 56.165188], [10.648936, 56.188381], [10.685232, 56.196234], [10.687673, 56.222235], [10.628591, 56.237535], [10.549164, 56.178209], [10.573741, 56.112616], [10.548025, 56.101264], [10.518565, 56.102729], [10.491222, 56.13996], [10.525401, 56.153632], [10.509451, 56.170111], [10.46811, 56.177069], [10.408702, 56.164862], [10.354666, 56.202053], [10.42921, 56.22248], [10.477794, 56.202338], [10.491222, 56.216295], [10.474294, 56.232245], [10.475434, 56.244696], [10.504731, 56.277777], [10.476817, 56.280911], [10.442638, 56.298651], [10.416759, 56.291897], [10.403005, 56.298245], [10.393809, 56.276516], [10.36378, 56.26557], [10.312511, 56.215155], [10.258474, 56.190253], [10.234223, 56.171332], [10.220225, 56.147895], [10.259044, 56.099026], [10.265636, 56.073717], [10.261485, 56.054429], [10.23113, 56.017035], [10.272716, 56.024848], [10.277517, 56.017768], [10.252452, 55.986233], [10.245372, 55.914618], [10.21754, 55.889838], [10.18336, 55.873725], [10.199392, 55.850735], [10.18214, 55.833686], [10.151052, 55.838121], [10.12379, 55.873277], [10.101817, 55.882392], [10.004649, 55.879869], [9.97047, 55.859442], [9.944509, 55.853583], [9.867442, 55.851996], [9.892589, 55.836249], [10.045746, 55.813951], [10.017345, 55.76557], [10.019786, 55.75788], [10.059825, 55.756415], [10.059825, 55.749498], [10.018809, 55.736274], [10.006847, 55.725043], [10.01824, 55.708564], [10.005219, 55.701117], [9.9817, 55.709418], [9.792247, 55.674465], [9.730968, 55.688137], [9.686534, 55.708564], [9.556407, 55.711575], [9.552745, 55.701117], [9.573578, 55.695461], [9.658539, 55.690375], [9.710297, 55.660142], [9.738292, 55.629706], [9.85377, 55.626654], [9.75766, 55.571601], [9.712413, 55.560289], [9.706879, 55.537299], [9.60727, 55.516791], [9.559581, 55.523627], [9.566417, 55.516791], [9.551931, 55.505113], [9.498057, 55.489447], [9.534434, 55.483832], [9.602387, 55.495795], [9.660167, 55.477973], [9.664236, 55.466702], [9.648936, 55.441067], [9.586762, 55.427436], [9.607921, 55.393256], [9.600841, 55.365912], [9.645274, 55.342719], [9.648285, 55.332913], [9.634613, 55.317572], [9.681895, 55.274644], [9.706065, 55.265082], [9.710297, 55.248684], [9.684418, 55.197577], [9.6421, 55.188422], [9.569835, 55.192532], [9.545909, 55.17414], [9.486339, 55.156236], [9.486339, 55.147406], [9.511892, 55.140082], [9.511892, 55.133205], [9.456554, 55.125718], [9.521332, 55.115871], [9.559581, 55.085395], [9.516612, 55.056545], [9.434337, 55.037543], [9.442882, 55.023383], [9.455251, 55.023179], [9.545909, 55.036363], [9.579926, 55.050686], [9.662608, 55.009711], [9.730968, 54.995429], [9.763194, 54.900458], [9.751964, 54.893012], [9.711436, 54.898586], [9.703461, 54.886176], [9.744477, 54.866278], [9.745942, 54.836005], [9.719574, 54.835842], [9.696625, 54.858873], [9.65504, 54.857082], [9.623302, 54.865302], [9.634613, 54.87934], [9.610362, 54.903225], [9.644216, 54.913275], [9.638845, 54.92475], [9.615001, 54.932685], [9.586762, 54.92772], [9.545909, 54.87934], [9.522146, 54.879299], [9.456391, 54.843817], [9.442882, 54.831529], [9.436922, 54.810144], [9.405193, 54.808387], [9.385039, 54.819394], [9.317033, 54.801617], [9.226392, 54.805906], [9.21151, 54.841822], [9.194766, 54.8504], [8.982686, 54.879339], [8.904138, 54.897942], [8.824246, 54.9059], [8.732779, 54.889054], [8.660776, 54.896311], [8.668793, 54.91352]]], [[[11.806977, 54.707994], [11.846446, 54.697821], [11.842621, 54.676215], [11.81072, 54.655097], [11.766124, 54.646552], [11.610525, 54.666409], [11.512218, 54.646552], [11.474376, 54.626125], [11.358735, 54.660549], [11.187755, 54.732245], [11.030528, 54.760647], [11.009288, 54.771633], [10.999197, 54.78677], [11.005707, 54.803656], [11.030772, 54.812161], [11.089692, 54.810614], [11.108165, 54.831529], [11.07838, 54.841132], [11.018809, 54.886176], [11.018809, 54.903388], [11.0324, 54.919257], [11.073985, 54.948188], [11.088145, 54.944159], [11.2317, 54.961249], [11.338878, 54.919135], [11.368907, 54.88109], [11.594737, 54.811103], [11.572765, 54.847968], [11.594737, 54.858873], [11.656261, 54.866278], [11.644786, 54.889635], [11.649425, 54.91352], [11.725759, 54.873358], [11.731944, 54.858873], [11.755626, 54.841132], [11.787283, 54.831529], [11.77296, 54.824693], [11.787608, 54.806871], [11.848643, 54.773179], [11.855479, 54.743598], [11.806977, 54.707994]]], [[[10.499197, 54.874579], [10.498709, 54.858873], [10.518565, 54.851996], [10.440115, 54.841498], [10.406261, 54.824693], [10.383474, 54.830756], [10.211436, 54.939358], [10.18922, 54.977484], [10.288748, 54.940741], [10.34962, 54.896715], [10.391368, 54.895453], [10.395844, 54.903469], [10.388845, 54.920315], [10.426036, 54.872504], [10.460948, 54.874498], [10.463634, 54.882473], [10.450206, 54.899807], [10.499197, 54.874579]]], [[[12.504731, 55.019761], [12.537608, 55.002387], [12.553722, 54.968085], [12.551768, 54.95718], [12.502778, 54.948188], [12.384613, 54.96308], [12.348399, 54.960028], [12.28004, 54.934556], [12.226817, 54.892646], [12.207774, 54.886176], [12.115001, 54.907294], [12.115001, 54.91352], [12.129161, 54.91352], [12.128917, 54.931627], [12.149099, 54.940823], [12.129161, 54.954413], [12.164399, 54.972642], [12.177013, 54.968085], [12.184337, 54.975531], [12.177013, 54.989203], [12.232188, 54.975531], [12.286876, 54.989203], [12.281261, 55.007148], [12.2942, 55.023383], [12.252696, 55.04385], [12.250987, 55.060736], [12.28004, 55.064276], [12.301768, 55.04206], [12.335297, 55.033271], [12.504731, 55.019761]]], [[[10.065115, 54.890815], [10.064464, 54.881008], [10.021983, 54.87934], [9.968028, 54.859524], [9.953624, 54.862616], [9.891124, 54.879299], [9.874278, 54.886176], [9.874278, 54.893012], [9.90089, 54.900702], [9.991547, 54.872504], [9.991547, 54.87934], [9.943696, 54.903632], [9.898285, 54.912991], [9.85377, 54.899807], [9.814708, 54.901068], [9.780935, 54.916815], [9.761241, 54.943061], [9.764415, 54.975531], [9.758149, 54.981757], [9.827403, 54.945461], [9.847504, 54.948188], [9.832774, 54.965155], [9.842133, 54.970282], [9.786794, 55.000149], [9.799083, 55.016547], [9.720551, 55.012274], [9.674164, 55.021064], [9.668793, 55.030219], [9.696625, 55.050686], [9.645518, 55.044867], [9.628429, 55.050686], [9.628429, 55.058051], [9.716645, 55.082221], [9.793468, 55.080756], [9.853038, 55.040107], [9.960948, 55.015041], [10.011404, 54.975531], [10.065115, 54.890815]]], [[[10.86199, 55.072089], [10.895518, 55.121527], [10.934255, 55.159654], [10.956716, 55.153713], [10.908946, 55.030219], [10.837738, 54.937242], [10.741059, 54.752387], [10.731293, 54.740058], [10.693858, 54.735297], [10.681895, 54.744818], [10.656423, 54.803656], [10.601085, 54.838324], [10.64088, 54.843207], [10.684418, 54.887844], [10.698904, 54.881171], [10.724457, 54.886176], [10.717784, 54.907294], [10.700369, 54.901557], [10.682953, 54.907294], [10.697032, 54.931342], [10.798188, 54.996568], [10.854991, 55.04385], [10.86199, 55.072089]]], [[[15.137706, 55.119534], [15.144705, 55.087104], [15.106619, 55.044664], [15.113242, 55.018295], [15.072666, 54.991638], [14.98287, 55.001013], [14.858607, 55.038226], [14.780833, 55.051128], [14.684173, 55.101347], [14.697045, 55.122654], [14.709239, 55.235826], [14.737071, 55.266669], [14.760916, 55.309272], [14.851422, 55.2482], [14.926799, 55.215799], [14.973399, 55.216132], [15.000499, 55.188422], [15.151378, 55.133205], [15.137706, 55.119534]]], [[[8.451671, 55.339748], [8.402354, 55.380032], [8.370942, 55.427436], [8.364268, 55.449042], [8.37436, 55.463284], [8.408214, 55.468411], [8.411957, 55.438707], [8.46339, 55.427436], [8.450206, 55.393378], [8.47641, 55.345445], [8.451671, 55.339748]]], [[[10.604747, 55.062567], [10.538259, 55.029731], [10.47755, 55.04385], [10.388845, 55.050686], [10.362559, 55.06273], [10.312755, 55.063666], [10.234223, 55.092231], [10.205251, 55.093695], [10.197602, 55.086086], [10.197032, 55.064276], [10.141775, 55.092231], [10.083507, 55.086982], [10.065929, 55.092231], [10.142589, 55.1258], [10.156016, 55.140082], [10.112966, 55.183783], [10.094005, 55.188422], [10.039317, 55.180976], [10.003591, 55.197333], [9.991547, 55.188422], [9.994477, 55.172797], [10.029145, 55.142401], [10.025645, 55.125718], [9.985525, 55.127753], [9.98878, 55.151842], [9.972016, 55.184719], [9.979503, 55.212836], [9.911388, 55.228502], [9.883962, 55.253485], [9.895356, 55.28026], [9.881684, 55.314439], [9.884776, 55.348863], [9.829845, 55.352281], [9.802419, 55.362372], [9.778087, 55.380276], [9.830089, 55.388902], [9.840099, 55.400092], [9.785492, 55.413764], [9.819591, 55.413764], [9.791026, 55.43183], [9.737315, 55.438178], [9.703461, 55.468411], [9.786306, 55.437201], [9.812185, 55.441067], [9.71339, 55.491034], [9.67628, 55.495673], [9.755138, 55.544135], [9.827403, 55.548407], [9.840099, 55.523627], [9.888194, 55.508694], [9.940278, 55.519232], [10.039317, 55.557766], [10.16863, 55.582261], [10.237315, 55.605536], [10.272146, 55.605536], [10.279552, 55.58511], [10.29363, 55.58808], [10.293793, 55.616116], [10.307628, 55.618232], [10.4074, 55.582953], [10.444184, 55.553168], [10.518809, 55.533433], [10.475271, 55.531968], [10.470714, 55.520209], [10.489106, 55.509101], [10.486013, 55.494778], [10.457042, 55.489447], [10.419607, 55.458808], [10.436046, 55.442125], [10.471528, 55.443061], [10.491222, 55.465277], [10.609141, 55.49258], [10.602306, 55.506252], [10.566905, 55.523627], [10.569835, 55.532416], [10.601085, 55.516791], [10.61378, 55.527899], [10.594249, 55.578274], [10.614594, 55.564602], [10.608572, 55.612982], [10.627615, 55.613593], [10.704112, 55.550279], [10.709239, 55.527045], [10.738129, 55.509345], [10.742361, 55.487494], [10.657481, 55.459703], [10.5713, 55.461249], [10.554047, 55.442572], [10.563324, 55.436225], [10.594249, 55.441067], [10.588552, 55.449408], [10.595958, 55.459662], [10.697927, 55.440253], [10.796641, 55.358547], [10.834321, 55.290269], [10.796886, 55.307685], [10.780284, 55.304918], [10.77296, 55.287095], [10.805349, 55.250434], [10.815196, 55.214057], [10.783376, 55.124213], [10.733653, 55.071845], [10.705577, 55.062567], [10.604747, 55.062567]]], [[[12.674571, 55.601264], [12.639415, 55.578274], [12.556326, 55.550482], [12.534841, 55.569322], [12.520518, 55.596747], [12.520193, 55.619208], [12.567393, 55.653998], [12.608409, 55.701117], [12.674571, 55.601264]]], [[[10.581065, 55.894517], [10.580251, 55.911526], [10.566905, 55.92829], [10.515391, 55.951239], [10.518565, 55.976142], [10.543956, 55.997992], [10.556814, 55.995795], [10.56422, 55.953843], [10.580251, 55.93651], [10.628266, 55.920844], [10.615408, 55.900336], [10.62143, 55.879869], [10.638682, 55.866116], [10.66627, 55.886705], [10.669281, 55.880032], [10.628266, 55.845771], [10.62436, 55.794338], [10.614594, 55.776842], [10.582205, 55.759752], [10.54713, 55.765204], [10.520274, 55.78856], [10.511567, 55.825263], [10.517263, 55.845526], [10.559418, 55.866278], [10.581065, 55.894517]]], [[[12.096446, 54.898098], [12.170177, 54.838324], [12.067149, 54.786811], [12.022716, 54.735297], [11.960704, 54.694078], [11.969005, 54.56977], [11.949067, 54.56859], [11.928233, 54.58397], [11.923676, 54.598131], [11.869151, 54.659613], [11.870616, 54.680365], [11.910167, 54.721666], [11.875824, 54.729722], [11.872325, 54.739936], [11.882823, 54.756415], [11.809093, 54.804918], [11.793468, 54.84455], [11.749685, 54.873114], [11.742035, 54.925442], [11.711436, 54.940823], [11.711436, 54.948188], [11.759288, 54.968085], [11.803966, 54.948188], [11.837576, 54.966132], [11.848318, 54.959133], [11.862478, 54.96369], [11.882823, 54.981757], [11.841807, 55.030219], [11.755626, 55.050686], [11.72877, 55.064276], [11.665538, 55.066392], [11.615896, 55.092231], [11.827485, 55.050686], [11.805349, 55.073879], [11.743419, 55.100531], [11.717621, 55.125718], [11.803966, 55.134833], [11.806977, 55.146877], [11.785411, 55.157213], [11.728526, 55.154771], [11.711436, 55.167914], [11.734711, 55.188666], [11.733084, 55.200141], [11.717621, 55.208319], [11.695079, 55.208075], [11.649425, 55.180976], [11.506033, 55.208319], [11.492361, 55.204169], [11.423188, 55.22191], [11.368907, 55.208319], [11.299978, 55.208319], [11.299978, 55.201483], [11.320486, 55.194648], [11.260997, 55.200588], [11.245372, 55.214789], [11.238536, 55.242418], [11.267833, 55.235907], [11.286306, 55.25609], [11.241954, 55.248684], [11.241547, 55.27851], [11.152843, 55.328437], [11.188243, 55.335273], [11.190115, 55.345445], [11.142345, 55.352281], [11.123546, 55.331855], [11.108165, 55.331855], [11.087738, 55.358547], [11.087738, 55.365953], [11.128917, 55.36518], [11.15919, 55.381293], [11.204356, 55.391832], [11.214203, 55.403795], [11.213145, 55.415758], [11.200938, 55.42121], [11.204845, 55.431342], [11.196462, 55.453843], [11.16391, 55.501899], [11.13559, 55.515123], [11.085785, 55.507554], [11.080903, 55.513088], [11.088552, 55.53384], [11.13795, 55.542914], [11.148448, 55.557318], [11.145681, 55.576117], [11.132091, 55.595282], [11.087901, 55.626939], [11.039236, 55.643459], [10.929942, 55.660142], [10.929942, 55.667629], [11.087738, 55.660142], [11.071056, 55.676947], [10.98463, 55.701117], [10.960216, 55.724351], [10.891449, 55.731269], [10.875499, 55.736518], [10.875499, 55.742743], [11.033051, 55.729071], [11.162771, 55.749498], [11.162771, 55.742743], [11.121837, 55.736518], [11.163422, 55.70539], [11.192638, 55.700344], [11.218028, 55.708564], [11.176443, 55.729071], [11.190115, 55.736518], [11.252208, 55.729071], [11.352224, 55.755805], [11.364024, 55.765123], [11.375662, 55.807929], [11.348399, 55.838324], [11.398448, 55.826402], [11.44337, 55.845771], [11.47755, 55.841539], [11.505219, 55.86872], [11.510509, 55.908271], [11.477387, 55.941352], [11.304535, 55.967841], [11.281912, 55.978949], [11.272634, 55.996568], [11.400564, 55.961982], [11.426931, 55.965522], [11.581065, 55.95185], [11.599376, 55.942084], [11.64088, 55.943427], [11.768321, 55.970526], [11.779796, 55.961859], [11.73878, 55.920844], [11.750499, 55.910386], [11.743988, 55.903754], [11.711436, 55.907172], [11.717621, 55.920844], [11.685802, 55.919867], [11.663097, 55.907172], [11.731619, 55.830715], [11.717621, 55.810981], [11.656261, 55.810981], [11.626231, 55.790595], [11.607758, 55.790473], [11.607758, 55.783026], [11.673595, 55.783026], [11.720388, 55.798651], [11.73878, 55.797349], [11.762706, 55.749498], [11.682302, 55.741278], [11.657237, 55.730862], [11.684337, 55.721625], [11.746349, 55.731024], [11.787283, 55.701117], [11.794444, 55.687934], [11.779796, 55.660142], [11.810557, 55.679104], [11.855479, 55.732815], [11.841807, 55.756415], [11.869151, 55.804755], [11.937348, 55.825263], [11.953624, 55.853502], [11.909516, 55.915473], [11.91684, 55.934516], [11.934744, 55.933661], [11.99822, 55.902818], [11.992035, 55.873725], [12.031261, 55.816596], [12.049001, 55.775336], [12.051931, 55.73664], [12.026134, 55.715399], [11.972667, 55.721422], [11.958181, 55.693427], [11.910167, 55.660142], [11.959158, 55.665107], [11.982188, 55.6789], [11.985199, 55.694892], [12.00115, 55.698676], [12.031912, 55.687201], [12.040375, 55.674465], [12.009288, 55.680487], [12.011404, 55.669013], [12.060313, 55.653998], [12.092052, 55.706732], [12.095063, 55.729071], [12.053477, 55.838324], [12.049815, 55.888007], [12.026134, 55.941352], [11.992442, 55.960598], [11.865489, 55.939358], [11.848643, 55.948188], [11.865571, 55.972724], [12.012462, 56.030707], [12.165375, 56.103705], [12.245128, 56.12873], [12.328461, 56.126899], [12.414887, 56.099026], [12.486095, 56.099026], [12.621918, 56.043769], [12.567393, 55.996568], [12.512706, 55.92829], [12.512706, 55.920844], [12.554454, 55.88288], [12.57602, 55.829169], [12.602224, 55.797349], [12.587901, 55.729071], [12.602224, 55.708564], [12.541026, 55.648871], [12.503266, 55.634019], [12.487153, 55.609849], [12.465017, 55.605536], [12.403575, 55.619208], [12.331309, 55.595404], [12.24822, 55.546129], [12.19809, 55.487494], [12.224864, 55.434882], [12.273448, 55.410224], [12.368826, 55.400092], [12.434744, 55.363674], [12.465017, 55.290269], [12.392426, 55.255316], [12.182791, 55.2272], [12.121104, 55.191067], [12.10906, 55.170722], [12.115001, 55.153713], [12.098969, 55.141425], [12.08074, 55.146877], [12.088145, 55.168362], [12.076671, 55.181952], [12.056407, 55.185696], [12.014659, 55.167467], [12.012462, 55.157131], [12.046641, 55.140082], [12.16863, 55.128485], [12.177013, 55.105292], [12.16505, 55.091295], [12.1185, 55.073554], [12.163341, 55.023383], [12.162283, 55.004381], [12.148936, 54.994127], [12.03297, 54.968085], [11.998057, 54.976508], [11.943858, 55.00609], [11.910167, 55.009711], [11.91684, 55.002875], [11.897146, 54.995429], [11.901541, 54.976386], [11.882823, 54.940823], [11.890147, 54.929633], [11.918468, 54.921942], [11.931163, 54.92772], [11.923676, 54.940823], [11.957856, 54.948188], [11.982188, 54.920315], [12.040375, 54.893012], [12.096446, 54.898098]]], [[[11.509532, 56.71015], [11.520844, 56.715399], [11.649425, 56.729641], [11.649425, 56.722154], [11.618012, 56.71133], [11.581065, 56.68122], [11.543712, 56.678656], [11.512218, 56.695461], [11.509532, 56.71015]]], [[[8.771251, 56.715969], [8.766124, 56.698717], [8.658376, 56.678127], [8.586274, 56.736477], [8.555919, 56.743842], [8.514659, 56.738227], [8.522797, 56.755072], [8.553233, 56.768134], [8.545258, 56.791083], [8.573009, 56.802558], [8.643809, 56.808051], [8.668793, 56.825832], [8.621104, 56.832017], [8.655121, 56.866848], [8.651622, 56.894192], [8.791759, 56.914537], [8.81365, 56.910346], [8.867442, 56.962958], [8.890391, 56.95482], [8.91627, 56.979071], [8.928884, 56.97663], [8.908458, 56.948717], [8.922699, 56.922024], [8.900401, 56.874823], [8.88795, 56.866848], [8.88266, 56.886379], [8.867442, 56.89411], [8.83961, 56.879828], [8.836436, 56.869289], [8.855154, 56.81977], [8.881114, 56.805365], [8.853282, 56.797838], [8.867442, 56.791083], [8.825857, 56.743842], [8.771251, 56.715969]]], [[[11.181488, 57.330308], [11.197276, 57.313381], [11.196502, 57.302821], [11.189113, 57.294283], [11.143231, 57.301351], [11.06658, 57.291327], [11.094165, 57.268996], [11.091101, 57.252784], [11.028835, 57.201914], [10.997905, 57.19791], [10.977962, 57.206733], [10.951815, 57.23373], [10.888799, 57.245344], [10.854991, 57.264635], [10.854991, 57.270901], [10.888425, 57.274865], [10.946601, 57.304643], [11.010084, 57.309873], [11.027723, 57.320691], [11.101927, 57.320417], [11.142345, 57.332343], [11.181488, 57.330308]]]]}}, {"type": "Feature", "properties": {"name": "Poland"}, "geometry": {"type": "Polygon", "coordinates": [[[18.091639, 50.017207], [18.002446, 50.046765], [18.00689, 50.024131], [18.028698, 50.024131], [18.035726, 50.017207], [18.032418, 50.00284], [18.006812057165543, 50.0], [17.80047953655983, 50.0], [17.763287, 50.025216], [17.74303, 50.060563], [17.719466, 50.080872], [17.731971, 50.094876], [17.677608, 50.107744], [17.648359, 50.101801], [17.632753, 50.106348], [17.584177, 50.145881], [17.589448, 50.163244], [17.675334, 50.174716], [17.738173, 50.202363], [17.747578, 50.217504], [17.719156, 50.252799], [17.734452, 50.28949], [17.707994, 50.311039], [17.684533, 50.312382], [17.676368, 50.297396], [17.629549, 50.262101], [17.469352, 50.265563], [17.44, 50.242722], [17.424187, 50.240552], [17.409821, 50.261326], [17.388013, 50.272643], [17.365896, 50.271558], [17.355044, 50.253264], [17.341711, 50.259724], [17.334063, 50.295691], [17.319077, 50.308248], [17.337474, 50.313002], [17.24611, 50.322149], [17.210866, 50.336412], [17.195053, 50.351915], [17.187612, 50.378476], [17.131698, 50.376823], [17.084672, 50.397958], [16.958789, 50.414598], [16.892953, 50.432943], [16.865771, 50.422401], [16.865874, 50.408449], [16.897914, 50.378218], [16.926543, 50.319255], [16.987831, 50.284942], [17.014806, 50.218486], [17.008398, 50.20996], [16.996306, 50.212905], [16.98101, 50.229183], [16.960339, 50.231974], [16.955275, 50.213474], [16.918998, 50.217091], [16.880964, 50.191563], [16.817712, 50.186757], [16.701233, 50.094928], [16.660616, 50.093016], [16.618654, 50.10702], [16.566668, 50.142212], [16.535042, 50.207738], [16.50476, 50.227995], [16.437787, 50.297965], [16.371021, 50.318377], [16.353244, 50.333518], [16.343736, 50.36995], [16.288649, 50.371862], [16.2625, 50.36442], [16.24493, 50.376823], [16.232011, 50.402609], [16.199559, 50.406278], [16.190153, 50.424158], [16.198008, 50.440023], [16.217955, 50.437129], [16.211237, 50.451289], [16.264981, 50.471649], [16.287719, 50.492785], [16.352624, 50.492785], [16.391175, 50.521827], [16.394482, 50.559344], [16.425901, 50.567561], [16.416806, 50.586629], [16.331644, 50.644042], [16.300948, 50.6551], [16.232011, 50.660888], [16.219092, 50.659131], [16.192324, 50.626575], [16.175477, 50.624095], [16.128658, 50.644042], [16.086491, 50.64678], [16.024479, 50.608592], [15.982001, 50.603631], [15.980037, 50.612984], [15.996367, 50.623681], [15.998641, 50.635567], [15.971459, 50.678613], [15.941486, 50.68838], [15.882265, 50.674221], [15.848159, 50.675151], [15.792245, 50.742692], [15.684345, 50.731426], [15.641866, 50.755766], [15.441775, 50.800208], [15.400124, 50.797986], [15.370255, 50.772613], [15.356096, 50.775455], [15.349688, 50.783723], [15.352995, 50.812972], [15.341006, 50.83173], [15.28778, 50.854881], [15.25605, 50.899892], [15.253053, 50.914103], [15.269796, 50.952653], [15.253776, 50.969035], [15.227111, 50.977406], [15.170164, 50.977975], [15.156108, 51.007844], [15.144429, 51.011564], [15.13151, 51.005828], [15.119211, 50.982471], [15.107946, 50.981024], [15.073632, 51.002624], [15.02299, 51.009652], [15.003973, 51.020685], [14.996531, 51.007844], [14.960978, 50.992651], [14.965215, 50.981334], [14.996635, 50.959216], [14.997771, 50.930174], [14.981132, 50.90909], [14.982062, 50.859067], [14.867857, 50.86439], [14.810393, 50.858447], [14.810496, 50.877051], [14.860209, 50.916842], [14.955293, 51.064042], [14.960254, 51.104582], [14.979995, 51.122798], [14.991364, 51.18897], [15.022059, 51.23677], [15.014308, 51.242661], [15.019476, 51.271678], [14.963768, 51.328393], [14.946922, 51.422909], [14.955397, 51.435415], [14.945061, 51.449186], [14.910955, 51.468978], [14.732155, 51.515823], [14.710037, 51.530241], [14.704559, 51.547992], [14.712724, 51.567422], [14.743937, 51.606644], [14.732465, 51.658347], [14.719546, 51.675632], [14.648439, 51.717206], [14.634176, 51.769012], [14.585807, 51.803893], [14.58281, 51.825081], [14.595936, 51.842418], [14.653296, 51.878617], [14.687093, 51.911897], [14.695568, 51.931457], [14.699082, 51.992512], [14.726057, 52.026438], [14.735359, 52.054033], [14.761403, 52.076667], [14.696394, 52.106691], [14.686369, 52.121032], [14.70704, 52.179452], [14.69257, 52.19958], [14.712104, 52.215444], [14.712414, 52.235908], [14.696911, 52.253478], [14.606581, 52.275751], [14.584153, 52.291228], [14.590148, 52.309418], [14.545396, 52.382153], [14.539815, 52.421866], [14.591595, 52.449797], [14.632316, 52.496745], [14.609061, 52.517803], [14.616813, 52.541032], [14.644821, 52.576921], [14.549943, 52.636194], [14.490102, 52.650638], [14.46137, 52.674564], [14.431915, 52.686088], [14.382202, 52.738152], [14.24867, 52.794582], [14.21601, 52.817992], [14.152758, 52.828327], [14.123923, 52.850651], [14.150485, 52.86463], [14.164954, 52.895661], [14.14449, 52.959921], [14.253734, 53.000875], [14.343341, 53.048624], [14.38954, 53.131668], [14.380651, 53.189855], [14.44163, 53.251841], [14.403286, 53.27879], [14.359878, 53.444077], [14.30417, 53.508518], [14.296936, 53.529137], [14.297039, 53.597763], [14.260969, 53.656209], [14.263901, 53.699976], [14.304861, 53.712551], [14.306163, 53.720689], [14.288585, 53.727973], [14.301606, 53.734849], [14.288585, 53.741645], [14.2942, 53.749091], [14.330414, 53.734198], [14.342052, 53.714911], [14.414561, 53.682359], [14.531016, 53.657782], [14.590587, 53.598375], [14.601573, 53.626654], [14.62379, 53.639228], [14.62379, 53.652818], [14.575938, 53.659654], [14.544932, 53.704047], [14.575938, 53.769517], [14.587413, 53.763495], [14.62379, 53.769517], [14.61671, 53.794745], [14.630626, 53.851508], [14.58961, 53.817328], [14.595876, 53.810492], [14.587087, 53.812649], [14.569102, 53.824164], [14.58961, 53.837836], [14.575857, 53.854804], [14.552094, 53.862779], [14.441173, 53.869615], [14.425548, 53.879828], [14.438162, 53.899319], [14.431895, 53.906155], [14.422048, 53.896145], [14.385102, 53.897284], [14.363048, 53.879381], [14.417654, 53.865139], [14.405284, 53.844184], [14.328298, 53.831], [14.328298, 53.824164], [14.341319, 53.818915], [14.318858, 53.818183], [14.274669, 53.830797], [14.226573, 53.871975], [14.200819, 53.878157], [14.175289, 53.906478], [14.193066, 53.911491], [14.210053, 53.938463], [14.268077, 53.92182], [14.406749, 53.92182], [14.517345, 53.965237], [14.781912, 54.034613], [15.010102, 54.06981], [15.288341, 54.138861], [15.665782, 54.198432], [15.859711, 54.249986], [16.020844, 54.261786], [16.131521, 54.283515], [16.069347, 54.263007], [16.091075, 54.253974], [16.17921, 54.263007], [16.172374, 54.276597], [16.220063, 54.276597], [16.213227, 54.283515], [16.21518, 54.299628], [16.137706, 54.290269], [16.213552, 54.316107], [16.275401, 54.358588], [16.231781, 54.322577], [16.323904, 54.349921], [16.336762, 54.358588], [16.32488, 54.373114], [16.305024, 54.373481], [16.281586, 54.358588], [16.323985, 54.401313], [16.439789, 54.488267], [16.434418, 54.472357], [16.444509, 54.469875], [16.473399, 54.482123], [16.479747, 54.495551], [16.473888, 54.499661], [16.446056, 54.488267], [16.466563, 54.512152], [16.569591, 54.557196], [16.778494, 54.575141], [16.939952, 54.606024], [17.035818, 54.66706], [17.337413, 54.74901], [17.715668, 54.790432], [17.885427, 54.824123], [18.152354, 54.838324], [18.339529, 54.833482], [18.375824, 54.815131], [18.75172, 54.69009], [18.813975, 54.643215], [18.834321, 54.616685], [18.835297, 54.603095], [18.817638, 54.598131], [18.802257, 54.616034], [18.784028, 54.623521], [18.707774, 54.701239], [18.654552, 54.71015], [18.64503, 54.71955], [18.49822, 54.765367], [18.456309, 54.787665], [18.42921, 54.781684], [18.413097, 54.746527], [18.413097, 54.73192], [18.447765, 54.718248], [18.474457, 54.687567], [18.470388, 54.666734], [18.481944, 54.659613], [18.475922, 54.640082], [18.487315, 54.631781], [18.506358, 54.634101], [18.52296, 54.646552], [18.5171, 54.62995], [18.570649, 54.55036], [18.567556, 54.48786], [18.574067, 54.450385], [18.588064, 54.433661], [18.694347, 54.404527], [18.717296, 54.382025], [18.885916, 54.350165], [18.923188, 54.348538], [18.954356, 54.358588], [19.002126, 54.344916], [19.377208, 54.377631], [19.531016, 54.414944], [19.609548, 54.456732], [19.680276, 54.436678], [20.0, 54.426747534392874], [20.0, 50.0], [18.085566325220878, 50.0], [18.091639, 50.017207]]]}}, {"type": "Feature", "properties": {"name": "United Kingdom"}, "geometry": {"type": "MultiPolygon", "coordinates": [[[[0.133474, 53.642646], [0.149262, 53.609605], [0.131196, 53.573432], [0.10963, 53.562893], [0.135997, 53.610663], [0.120209, 53.618109], [0.034516, 53.646064], [0.0, 53.63716565900263], [0.0, 53.763028492469765], [0.133474, 53.642646]]], [[[9.2e-05, 53.535346], [0.095958, 53.488349], [0.151866, 53.475816], [0.167817, 53.464504], [0.175792, 53.43769], [0.219493, 53.419501], [0.211925, 53.412665], [0.22934, 53.404771], [0.256114, 53.375067], [0.342133, 53.226304], [0.356212, 53.188544], [0.356619, 53.145738], [0.329845, 53.086493], [0.282481, 53.074856], [0.193044, 53.020087], [0.160818, 53.008979], [0.082123, 52.938666], [0.022146, 52.912584], [0.008556, 52.898627], [0.010265, 52.886461], [0.105642, 52.88935], [0.170909, 52.862128], [0.246755, 52.795722], [0.264496, 52.803697], [0.325531, 52.803168], [0.384532, 52.768378], [0.379242, 52.790839], [0.43865, 52.840725], [0.456716, 52.891995], [0.485688, 52.933498], [0.520274, 52.955268], [0.569591, 52.969306], [0.671886, 52.974433], [0.664399, 52.981879], [0.684744, 52.986396], [0.750499, 52.974433], [0.835704, 52.974433], [0.968435, 52.947496], [1.013927, 52.96015], [0.966075, 52.967597], [0.966075, 52.974433], [1.274669, 52.929185], [1.396007, 52.891425], [1.644216, 52.775824], [1.697032, 52.731024], [1.747244, 52.62519], [1.740733, 52.603909], [1.747569, 52.532782], [1.771169, 52.485907], [1.754405, 52.467353], [1.729259, 52.415595], [1.727875, 52.396308], [1.683604, 52.32453], [1.630544, 52.270453], [1.63087, 52.199774], [1.582286, 52.081488], [1.503673, 52.060981], [1.486827, 52.049018], [1.472016, 52.05622], [1.463878, 52.035142], [1.424815, 52.001858], [1.332286, 51.94009], [1.264415, 51.994371], [1.234874, 52.000312], [1.185232, 52.025092], [1.157888, 52.02851], [1.157888, 52.021674], [1.214366, 51.991441], [1.270763, 51.981513], [1.274425, 51.960883], [1.20574, 51.953437], [1.165294, 51.967027], [1.069102, 51.953437], [1.09547, 51.945746], [1.262055, 51.939154], [1.281993, 51.946601], [1.278494, 51.927924], [1.199555, 51.877672], [1.264415, 51.864], [1.286632, 51.881659], [1.288259, 51.860582], [1.276378, 51.844794], [1.167817, 51.790229], [1.06544, 51.775295], [1.037283, 51.782172], [0.979828, 51.843573], [0.977061, 51.824612], [0.962087, 51.813788], [0.886974, 51.782131], [0.873709, 51.747301], [0.835704, 51.73371], [0.7671, 51.739447], [0.698578, 51.720038], [0.749278, 51.708482], [0.760753, 51.692694], [0.789073, 51.71015], [0.853038, 51.718899], [0.930024, 51.743598], [0.945567, 51.73371], [0.938162, 51.706366], [0.951834, 51.678412], [0.937999, 51.664496], [0.934744, 51.635891], [0.911469, 51.623847], [0.938487, 51.624986], [0.951834, 51.617011], [0.92449, 51.588324], [0.873302, 51.559475], [0.771251, 51.528266], [0.650564, 51.535793], [0.568858, 51.508368], [0.552745, 51.517971], [0.456065, 51.505561], [0.428477, 51.467108], [0.384532, 51.453111], [0.448416, 51.459947], [0.469574, 51.480414], [0.534841, 51.491685], [0.694835, 51.477037], [0.709483, 51.470526], [0.723155, 51.446723], [0.692393, 51.439521], [0.640961, 51.444159], [0.609386, 51.425116], [0.554535, 51.412177], [0.585948, 51.391059], [0.712901, 51.384223], [0.700369, 51.409817], [0.705333, 51.419501], [0.72641, 51.419013], [0.739268, 51.387926], [0.764415, 51.364407], [0.977224, 51.349189], [1.100922, 51.373236], [1.423839, 51.392076], [1.448253, 51.38288], [1.439138, 51.350084], [1.425141, 51.332953], [1.377615, 51.326239], [1.413097, 51.221747], [1.404796, 51.183539], [1.384451, 51.151679], [1.357188, 51.131008], [1.26295, 51.103258], [1.21811, 51.100979], [1.192068, 51.082587], [1.1067, 51.076361], [1.066905, 51.064399], [1.027599, 51.041653], [0.966482, 50.982733], [0.979828, 50.918158], [0.94516, 50.909369], [0.802257, 50.939195], [0.762462, 50.930894], [0.664399, 50.870307], [0.624197, 50.85871], [0.365245, 50.818996], [0.342296, 50.795152], [0.308116, 50.780951], [0.271007, 50.747382], [0.122081, 50.76081], [0.095551, 50.775051], [0.034516, 50.780951], [0.0, 50.78893756782966], [0.0, 53.535415], [9.2e-05, 53.535346]]], [[[0.942149, 51.383002], [0.936371, 51.371039], [0.911469, 51.364407], [0.79477, 51.370551], [0.757579, 51.38642], [0.733897, 51.412177], [0.746837, 51.439643], [0.766938, 51.447943], [0.911469, 51.412177], [0.942149, 51.383002]]]]}}, {"type": "Feature", "properties": {"name": "Netherlands"}, "geometry": {"type": "MultiPolygon", "coordinates": [[[[7.195405, 53.184998], [7.171944, 53.137714], [7.18507, 53.105442], [7.192821, 52.998006], [7.183623, 52.966122], [7.161919, 52.932636], [7.079857, 52.854424], [7.061977, 52.824012], [7.036655, 52.647382], [7.018465, 52.625988], [6.967719, 52.636659], [6.91842, 52.632189], [6.8654, 52.641956], [6.737035, 52.634695], [6.701792, 52.619115], [6.710164, 52.60865], [6.703962, 52.583071], [6.743753, 52.559713], [6.671716, 52.541678], [6.684015, 52.525994], [6.695074, 52.475609], [6.714814, 52.461553], [6.90023, 52.431917], [6.951493, 52.437472], [6.9733, 52.451373], [7.034175, 52.390783], [7.048231, 52.365074], [7.039756, 52.328616], [7.012471, 52.284949], [7.011851, 52.26663], [7.02632, 52.230637], [6.981878, 52.213997], [6.927721, 52.171907], [6.88483, 52.160332], [6.830673, 52.112893], [6.749851, 52.102867], [6.711404, 52.067288], [6.679881, 52.060467], [6.672957, 52.050054], [6.675024, 52.034809], [6.77817, 52.001271], [6.809176, 51.979542], [6.810726, 51.960576], [6.789849, 51.951145], [6.743753, 51.908331], [6.716675, 51.899262], [6.628153, 51.897505], [6.528624, 51.876421], [6.462892, 51.848361], [6.378453, 51.860117], [6.386617, 51.837561], [6.382483, 51.827587], [6.344966, 51.821102], [6.341969, 51.836682], [6.287399, 51.846165], [6.264661, 51.866189], [6.22518, 51.862546], [6.126995, 51.89673], [6.092992, 51.88531], [6.156141, 51.842056], [6.084, 51.853658], [5.931451, 51.81565], [5.928041, 51.806736], [5.950778, 51.795909], [5.964111, 51.776556], [5.962354, 51.756351], [5.940133, 51.742631], [5.939306, 51.731882], [5.97827, 51.729789], [6.012067, 51.715863], [6.021989, 51.709506], [6.008553, 51.681188], [6.031497, 51.662998], [6.099193, 51.644472], [6.08214, 51.607807], [6.086481, 51.595534], [6.193348, 51.509338], [6.205337, 51.458436], [6.192727, 51.398957], [6.207817, 51.387666], [6.193554, 51.344516], [6.147769, 51.318161], [6.06519, 51.231629], [6.056612, 51.211707], [6.053718, 51.189383], [6.060849, 51.170909], [6.08431, 51.162692], [6.134126, 51.184215], [6.157071, 51.179254], [6.126272, 51.164578], [6.147252, 51.152254], [5.982921, 51.074687], [5.937963, 51.030943], [5.919566, 51.029703], [5.880498, 51.052053], [5.85249, 51.042751], [5.873574, 50.990584], [5.874607, 50.965366], [5.927731, 50.977665], [6.003695, 50.973737], [5.99584, 50.951775], [5.999871, 50.929399], [6.063743, 50.90754], [6.054648, 50.891468], [6.063123, 50.870901], [6.056715, 50.852659], [6.045553, 50.844184], [6.009276, 50.840464], [6.000491, 50.830439], [5.998321, 50.800725], [5.983955, 50.792198], [5.968762, 50.794627], [5.972999, 50.781811], [5.997081, 50.762949], [5.99491, 50.749927], [5.793165, 50.752149], [5.752444, 50.773439], [5.727846, 50.754164], [5.706556, 50.754216], [5.688366, 50.76083], [5.700458, 50.795557], [5.64072, 50.815039], [5.624493, 50.830284], [5.622323, 50.852659], [5.694463, 50.903664], [5.722369, 50.911674], [5.76402, 50.959423], [5.722369, 50.959423], [5.777559, 51.023553], [5.76402, 51.035181], [5.771461, 51.058125], [5.791305, 51.054998], [5.79885, 51.061484], [5.811769, 51.082309], [5.804948, 51.096624], [5.845979, 51.103393], [5.823241, 51.118741], [5.840501, 51.138921], [5.829132, 51.156465], [5.781383, 51.152409], [5.730844, 51.18375], [5.659013, 51.179074], [5.62501, 51.196902], [5.568373, 51.207651], [5.545532, 51.219924], [5.535197, 51.26204], [5.493235, 51.286535], [5.471635, 51.288085], [5.389056, 51.258707], [5.215423, 51.258733], [5.214906, 51.294338], [5.197336, 51.308342], [5.122922, 51.313381], [5.102561, 51.350665], [5.068145, 51.37454], [5.061737, 51.384255], [5.065251, 51.405907], [5.079927, 51.438541], [5.06029, 51.461976], [5.027527, 51.476807], [5.012128, 51.474327], [4.995798, 51.446706], [4.957144, 51.410997], [4.910325, 51.391903], [4.853274, 51.40614], [4.762117, 51.413375], [4.767802, 51.425389], [4.779067, 51.426423], [4.822682, 51.413685], [4.815447, 51.431074], [4.823922, 51.475645], [4.778654, 51.495359], [4.731215, 51.485618], [4.653907, 51.426216], [4.630136, 51.418206], [4.540632, 51.420067], [4.521512, 51.428645], [4.533191, 51.467583], [4.525232, 51.475929], [4.483064, 51.474327], [4.377128, 51.442882], [4.38922, 51.434588], [4.379918, 51.409525], [4.416195, 51.373971], [4.411234, 51.356737], [4.392217, 51.350407], [4.261068, 51.369379], [4.249034, 51.384223], [4.244884, 51.414496], [4.234711, 51.419013], [4.20102, 51.405341], [4.111095, 51.406968], [3.99879, 51.453111], [3.957042, 51.455797], [3.943126, 51.450385], [3.90211, 51.404934], [3.827159, 51.391059], [3.789073, 51.412177], [3.72877, 51.430813], [3.689708, 51.454291], [3.610037, 51.445054], [3.535411, 51.459215], [3.494802, 51.500922], [3.45102, 51.529731], [3.447032, 51.545966], [3.45753, 51.55508], [3.560395, 51.594631], [3.851085, 51.610785], [3.882172, 51.596096], [3.905772, 51.569241], [3.871593, 51.555569], [3.871593, 51.549384], [3.967296, 51.543118], [4.01588, 51.530829], [4.05714, 51.508368], [4.104828, 51.445705], [4.180837, 51.445868], [4.20045, 51.439521], [4.283214, 51.447699], [4.296723, 51.470526], [4.288585, 51.492133], [4.267751, 51.508287], [4.153331, 51.535061], [4.091319, 51.535061], [3.988129, 51.590277], [4.067719, 51.610663], [4.157237, 51.607896], [4.207286, 51.590277], [4.202647, 51.609117], [4.189952, 51.616685], [4.135997, 51.620429], [4.112966, 51.63939], [4.112641, 51.670803], [4.142914, 51.684149], [4.176931, 51.685858], [4.141124, 51.703925], [4.071544, 51.71719], [4.05714, 51.730292], [4.050792, 51.763495], [4.033946, 51.784247], [3.981456, 51.810004], [3.871593, 51.788275], [3.862315, 51.816067], [3.962657, 51.847357], [4.047618, 51.833686], [4.077647, 51.843573], [4.032074, 51.882025], [4.031993, 51.896064], [4.043468, 51.908677], [4.01002, 51.980129], [4.015636, 51.987698], [4.022472, 51.994371], [4.069021, 51.987942], [4.107677, 51.991889], [4.141856, 52.005601], [4.284679, 52.112942], [4.406912, 52.223456], [4.508149, 52.336371], [4.568614, 52.445258], [4.577322, 52.480943], [4.596934, 52.506578], [4.639334, 52.70067], [4.669444, 52.796576], [4.711681, 52.863105], [4.72641, 52.9383], [4.745453, 52.967597], [4.806977, 52.961819], [4.816905, 52.967597], [4.824392, 52.96015], [4.809418, 52.929592], [4.832774, 52.911322], [4.87379, 52.903957], [4.913097, 52.905585], [4.978282, 52.935696], [5.078136, 52.954006], [5.312755, 53.082831], [5.379242, 53.097357], [5.39975, 53.122056], [5.427094, 53.190334], [5.447439, 53.220893], [5.504242, 53.257025], [5.541026, 53.266588], [5.591563, 53.302802], [5.659679, 53.311957], [5.694591, 53.330064], [5.980805, 53.406073], [6.273936, 53.412665], [6.311534, 53.398993], [6.345551, 53.412665], [6.494395, 53.438707], [6.730235, 53.460639], [6.829112, 53.450588], [6.866873, 53.434272], [6.900564, 53.351793], [6.948578, 53.326077], [7.02003, 53.306138], [7.037771, 53.309638], [7.058279, 53.301947], [7.08546, 53.309638], [7.073497, 53.29564], [7.08074, 53.266791], [7.194591, 53.245022], [7.195405, 53.184998]]], [[[3.541352, 51.416734], [3.604666, 51.391059], [3.702159, 51.373603], [3.755544, 51.350084], [3.833995, 51.343248], [3.955821, 51.371772], [3.984141, 51.410468], [4.029063, 51.404202], [4.07016, 51.370551], [4.121918, 51.359361], [4.156505, 51.357571], [4.180024, 51.377427], [4.221491, 51.368001], [4.207939, 51.330589], [4.168562, 51.29687], [4.118952, 51.272401], [3.995032, 51.23323], [3.949454, 51.210777], [3.808687, 51.205325], [3.781402, 51.219872], [3.776234, 51.254521], [3.609526, 51.290436], [3.514338, 51.281031], [3.503383, 51.273952], [3.501212, 51.240284], [3.453877, 51.235633], [3.391658, 51.24677], [3.36737, 51.263487], [3.353211, 51.288602], [3.358068, 51.336713], [3.349415, 51.375223], [3.541352, 51.416734]]], [[[4.097341, 51.670233], [4.099376, 51.65412], [4.054861, 51.632636], [3.960297, 51.623847], [3.901541, 51.641995], [3.88559, 51.668362], [3.809255, 51.69953], [3.795909, 51.700141], [3.765391, 51.678412], [3.720551, 51.676825], [3.700043, 51.680609], [3.686697, 51.692694], [3.689464, 51.725043], [3.725841, 51.739732], [3.81422, 51.748236], [3.961762, 51.738105], [4.036632, 51.685858], [4.097341, 51.670233]]], [[[4.892589, 53.104804], [4.913097, 53.104804], [4.893077, 53.076117], [4.865245, 53.050198], [4.818126, 53.02676], [4.795665, 53.000312], [4.761974, 52.99433], [4.726817, 53.003079], [4.707693, 53.028469], [4.713878, 53.054633], [4.733653, 53.084215], [4.758474, 53.108466], [4.805675, 53.133002], [4.85434, 53.18773], [4.889822, 53.180854], [4.885753, 53.166205], [4.910167, 53.134589], [4.909923, 53.118842], [4.892589, 53.104804]]], [[[4.986501, 53.289984], [5.054454, 53.313788], [5.104828, 53.309638], [5.104828, 53.302802], [5.036469, 53.291815], [4.910167, 53.21247], [4.878917, 53.220893], [4.986501, 53.289984]]], [[[5.585297, 53.453599], [5.562022, 53.434312], [5.475434, 53.426947], [5.4817, 53.412665], [5.468598, 53.408515], [5.427013, 53.40644], [5.208344, 53.352688], [5.179861, 53.353095], [5.167654, 53.368232], [5.178884, 53.385443], [5.250173, 53.40644], [5.407237, 53.422553], [5.585297, 53.453599]]], [[[5.913829, 53.473863], [5.9546, 53.461086], [5.855642, 53.447414], [5.752778, 53.447414], [5.678966, 53.430121], [5.653575, 53.433743], [5.636078, 53.448676], [5.641938, 53.463365], [5.658865, 53.471869], [5.913829, 53.473863]]], [[[6.310802, 53.514146], [6.338715, 53.508857], [6.338715, 53.502021], [6.153168, 53.468817], [6.133311, 53.453599], [6.127452, 53.459906], [6.133311, 53.467922], [6.122813, 53.481635], [6.14796, 53.494859], [6.211762, 53.508857], [6.310802, 53.514146]]], [[[6.455089, 53.558092], [6.510102, 53.543606], [6.49643, 53.5362], [6.460704, 53.543362], [6.441173, 53.556627], [6.455089, 53.558092]]]]}}, {"type": "Feature", "properties": {"name": "\u00c5land"}, "geometry": {"type": "MultiPolygon", "coordinates": [[[[19.670909, 60.190579], [19.671072, 60.158108], [19.646983, 60.155829], [19.591645, 60.196763], [19.603282, 60.164008], [19.584809, 60.135321], [19.565196, 60.12995], [19.527029, 60.148627], [19.513194, 60.183783], [19.537283, 60.201117], [19.53712, 60.232164], [19.567882, 60.255113], [19.608409, 60.256903], [19.634451, 60.240139], [19.639496, 60.220933], [19.670909, 60.190579]]], [[[19.975922, 60.278713], [19.993988, 60.241441], [20.0, 60.23745767980296], [20.0, 60.188634729532204], [19.948009, 60.20425], [19.954845, 60.224677], [19.914561, 60.218207], [19.917247, 60.207668], [19.943614, 60.186225], [19.987315, 60.173041], [20.0, 60.1634248705131], [20.0, 60.093223625520714], [19.948985, 60.083889], [19.958181, 60.053778], [19.948497, 60.047675], [19.937755, 60.05036], [19.941173, 60.060248], [19.924001, 60.091539], [19.91033, 60.10106], [19.886567, 60.101223], [19.873302, 60.096422], [19.868337, 60.085517], [19.845063, 60.078681], [19.831716, 60.079495], [19.823253, 60.084296], [19.824474, 60.094387], [19.806977, 60.09984], [19.78891, 60.096259], [19.763031, 60.07392], [19.694672, 60.170111], [19.682384, 60.211982], [19.670909, 60.217231], [19.646983, 60.265692], [19.682872, 60.26435], [19.691417, 60.256537], [19.688487, 60.238349], [19.709321, 60.268866], [19.770518, 60.2862], [19.74936, 60.306627], [19.79656, 60.299791], [19.765147, 60.248969], [19.792003, 60.200141], [19.81422, 60.190619], [19.823497, 60.208482], [19.817638, 60.232164], [19.851817, 60.217231], [19.858653, 60.245185], [19.879731, 60.258857], [19.892833, 60.306627], [19.905528, 60.271796], [19.934337, 60.282416], [19.924001, 60.314276], [19.889496, 60.344672], [19.857677, 60.313218], [19.819184, 60.346829], [19.777354, 60.355048], [19.838145, 60.400458], [19.882335, 60.405585], [19.906423, 60.402167], [19.927501, 60.356431], [19.995616, 60.356431], [20.0, 60.35403543965224], [20.0, 60.2684298342598], [19.975922, 60.278713]]]]}}]}