{"type": "FeatureCollection", "features": [{"type": "Feature", "properties": {"name": "Ukraine"}, "geometry": {"type": "MultiPolygon", "coordinates": [[[[31.858706, 52.09987], [31.882064, 52.086408], [31.892037, 52.036179], [31.910383, 52.029073], [31.980559, 52.047625], [32.095591, 52.040726], [32.233309, 52.080853], [32.277699, 52.102661], [32.306741, 52.141185], [32.328238, 52.219165], [32.361311, 52.235908], [32.366995, 52.2472], [32.339504, 52.287249], [32.35356, 52.321588], [32.394281, 52.326807], [32.48058, 52.307144], [32.528433, 52.316213], [32.725423, 52.252083], [32.844176, 52.262341], [32.908978, 52.241102], [33.030107, 52.303604], [33.079613, 52.305594], [33.099044, 52.324766], [33.127983, 52.332724], [33.182863, 52.367296], [33.358976, 52.357555], [33.419334, 52.338331], [33.480519, 52.357761], [33.499433, 52.340992], [33.493025, 52.303139], [33.510078, 52.287533], [33.531679, 52.288825], [33.600202, 52.330786], [33.687948, 52.355823], [33.733579, 52.360991], [33.804065, 52.354609], [33.839102, 52.313914], [33.9007, 52.285854], [33.957751, 52.224695], [34.021933, 52.1979], [34.065341, 52.158626], [34.07392, 52.128318], [34.05666, 52.105813], [34.062551, 52.050209], [34.068235, 52.031011], [34.101102, 51.992512], [34.104409, 51.975304], [34.096244, 51.951817], [34.146163, 51.95161], [34.228432, 51.899262], [34.23422, 51.878282], [34.276698, 51.881227], [34.294578, 51.873889], [34.385735, 51.817665], [34.41271, 51.777693], [34.414157, 51.736456], [34.37633, 51.708602], [34.298195, 51.706147], [34.127973, 51.680748], [34.089113, 51.666615], [34.079501, 51.643102], [34.090663, 51.633206], [34.140066, 51.621191], [34.152985, 51.583984], [34.202387, 51.546157], [34.223678, 51.514764], [34.225952, 51.492879], [34.212102, 51.455026], [34.217063, 51.417069], [34.186988, 51.40831], [34.185851, 51.394151], [34.247346, 51.363429], [34.280315, 51.361259], [34.300159, 51.36839], [34.308737, 51.33462], [34.283623, 51.301237], [34.243935, 51.274081], [34.185954, 51.248914], [34.281762, 51.226435], [34.336953, 51.251136], [34.371783, 51.256847], [34.513479, 51.229561], [34.608357, 51.234006], [34.622413, 51.224756], [34.642774, 51.180624], [34.674917, 51.167679], [34.74809, 51.164733], [34.817544, 51.174733], [34.946115, 51.214291], [34.999445, 51.202095], [35.059389, 51.212327], [35.078716, 51.207625], [35.09918, 51.183182], [35.123778, 51.091327], [35.143622, 51.058487], [35.172561, 51.040632], [35.308676, 51.047325], [35.3464, 51.036602], [35.355082, 51.025595], [35.34671, 51.008257], [35.332551, 50.999937], [35.278084, 50.992651], [35.284802, 50.944333], [35.32914, 50.929089], [35.341749, 50.91586], [35.341439, 50.876482], [35.377716, 50.833746], [35.37906, 50.797211], [35.438488, 50.762381], [35.447066, 50.73432], [35.445412, 50.687502], [35.468873, 50.668536], [35.391565, 50.646367], [35.376166, 50.634585], [35.377716, 50.621821], [35.425258, 50.500485], [35.446446, 50.476042], [35.540807, 50.450048], [35.554656, 50.433253], [35.570159, 50.376461], [35.611397, 50.351708], [35.652118, 50.341114], [35.69687, 50.345145], [35.737694, 50.381577], [35.774384, 50.3869], [35.80539, 50.412169], [35.83743, 50.423228], [35.931894, 50.430153], [36.105837, 50.42111], [36.133226, 50.411601], [36.14077, 50.392946], [36.169296, 50.383696], [36.269031, 50.281376], [36.31585, 50.274865], [36.38799, 50.30644], [36.410005, 50.304579], [36.536405, 50.267527], [36.534648, 50.219933], [36.594386, 50.20443], [36.635831, 50.214042], [36.682649, 50.260654], [36.848634, 50.323699], [36.914056, 50.339099], [37.051722, 50.335327], [37.197037, 50.362405], [37.285197, 50.41527], [37.415214, 50.431858], [37.435265, 50.424934], [37.480017, 50.340029], [37.568177, 50.312537], [37.599183, 50.290885], [37.60156, 50.249027], [37.588641, 50.21461], [37.597116, 50.196937], [37.631842, 50.174096], [37.72765, 50.078701], [37.842785, 50.039117], [37.915856, 50.003306], [37.919230998593534, 50.0], [23.171360195519526, 50.0], [23.177841, 50.003977], [23.207916, 50.03395], [23.436429, 50.193475], [23.565311, 50.257812], [23.644169, 50.312692], [23.682203, 50.368245], [23.747522, 50.38938], [23.928699, 50.390827], [23.981306, 50.40478], [24.007764, 50.448498], [24.010658, 50.492785], [24.075047, 50.514282], [24.107706, 50.540844], [24.095407, 50.556864], [24.085279, 50.604406], [24.10843, 50.629882], [24.074943, 50.690189], [24.081041, 50.712978], [24.026884, 50.728016], [24.012828, 50.743312], [24.025851, 50.767032], [23.974278, 50.776178], [23.959498, 50.788891], [23.957638, 50.808011], [23.969937, 50.825168], [23.992881, 50.836226], [24.020477, 50.838552], [24.046935, 50.829095], [24.130857, 50.839069], [24.143156, 50.856432], [24.130237, 50.868937], [24.046935, 50.898031], [23.979342, 50.937512], [23.964356, 50.953222], [23.955054, 50.983556], [23.911749, 51.00681], [23.915987, 51.020866], [23.904205, 51.062724], [23.854492, 51.121532], [23.858213, 51.13073], [23.874749, 51.13613], [23.863587, 51.148274], [23.742664, 51.216255], [23.687267, 51.2924], [23.635177, 51.304699], [23.628666, 51.325964], [23.63404, 51.339296], [23.665563, 51.365806], [23.683856, 51.370276], [23.678895, 51.394073], [23.697602, 51.404435], [23.648716, 51.453966], [23.662772, 51.480192], [23.614817, 51.49722], [23.608099, 51.511224], [23.606238, 51.517399], [23.624118, 51.515901], [23.628666, 51.531223], [23.593319, 51.596955], [23.616677, 51.624783], [23.749692, 51.644472], [23.884878, 51.619874], [23.941308, 51.581917], [23.981306, 51.586], [24.130754, 51.669793], [24.244132, 51.718214], [24.272347, 51.742889], [24.296119, 51.808131], [24.311518, 51.827561], [24.347898, 51.861151], [24.39079, 51.880013], [24.639767, 51.892131], [24.721829, 51.882338], [25.002742, 51.910476], [25.138031, 51.948949], [25.1833, 51.94975], [25.351971, 51.921483], [25.683476, 51.918021], [25.767915, 51.928511], [25.981132, 51.903474], [26.080764, 51.900657], [26.14536, 51.864846], [26.175332, 51.856707], [26.407773, 51.850609], [26.419762, 51.846862], [26.419245, 51.820921], [26.4456, 51.805599], [26.665741, 51.801387], [26.854774, 51.749349], [26.920816, 51.742528], [27.021585, 51.764542], [27.151086, 51.756764], [27.177855, 51.747075], [27.184159, 51.731443], [27.181059, 51.68341], [27.189017, 51.663773], [27.20359, 51.655143], [27.277487, 51.651138], [27.254026, 51.595379], [27.267462, 51.587498], [27.32906, 51.596955], [27.409004, 51.59171], [27.477268, 51.623672], [27.692655, 51.589229], [27.705161, 51.568352], [27.697306, 51.543186], [27.66413, 51.492853], [27.683767, 51.475515], [27.714256, 51.463707], [27.74056, 51.471407], [27.792546, 51.517296], [27.799522, 51.585199], [27.831252, 51.612923], [27.87559, 51.60804], [27.954758, 51.560782], [28.070824, 51.557629], [28.114232, 51.575613], [28.166218, 51.633103], [28.21004, 51.651965], [28.2304, 51.651138], [28.245128, 51.640622], [28.257789, 51.601761], [28.310912, 51.57445], [28.333857, 51.52838], [28.359643, 51.529362], [28.461239, 51.571659], [28.603918, 51.553547], [28.637301, 51.449626], [28.663552, 51.433993], [28.703963, 51.442623], [28.728768, 51.401256], [28.746751, 51.413995], [28.751609, 51.428748], [28.752229, 51.483706], [28.771866, 51.511276], [28.799875, 51.532618], [28.863643, 51.558921], [28.980846, 51.569463], [29.023634, 51.614034], [29.063218, 51.630596], [29.123886, 51.625041], [29.160421, 51.603311], [29.181453, 51.567009], [29.226515, 51.519053], [29.230443, 51.492879], [29.221038, 51.466963], [29.227756, 51.45562], [29.264859, 51.432908], [29.297002, 51.373713], [29.319946, 51.365574], [29.402732, 51.39614], [29.466294, 51.385056], [29.505465, 51.437456], [29.5682, 51.449626], [29.597345, 51.473965], [29.637756, 51.490889], [29.682715, 51.491199], [29.699975, 51.483706], [29.737905, 51.439497], [29.828649, 51.429963], [29.846633, 51.432908], [29.886268, 51.464793], [29.925077, 51.457868], [30.00869, 51.482078], [30.14863, 51.48443], [30.20537, 51.466498], [30.256892, 51.425053], [30.320195, 51.402083], [30.330014, 51.370354], [30.317095, 51.340588], [30.355129, 51.305267], [30.383757, 51.293924], [30.428096, 51.291754], [30.465044, 51.261937], [30.508091, 51.257673], [30.539613, 51.235168], [30.555323, 51.243462], [30.556615, 51.267311], [30.577234, 51.289015], [30.579921, 51.303665], [30.638315, 51.33586], [30.632424, 51.364101], [30.64555, 51.36746], [30.618162, 51.418723], [30.587879, 51.427353], [30.586019, 51.451848], [30.593564, 51.458901], [30.618162, 51.459651], [30.618162, 51.467144], [30.588913, 51.48182], [30.585399, 51.509389], [30.562868, 51.521766], [30.584004, 51.542256], [30.534136, 51.553263], [30.52256, 51.562719], [30.543127, 51.582589], [30.515119, 51.596257], [30.515119, 51.603673], [30.556615, 51.62362], [30.549949, 51.637185], [30.570309, 51.6515], [30.564315, 51.665297], [30.575994, 51.686407], [30.570309, 51.69992], [30.624983, 51.706096], [30.64617, 51.754542], [30.618162, 51.761338], [30.670562, 51.790535], [30.661983, 51.819422], [30.71397, 51.866964], [30.734537, 51.873734], [30.741668, 51.897919], [30.788177, 51.900606], [30.810605, 51.918382], [30.80306, 51.939131], [30.858044, 51.957631], [30.896904, 51.998326], [30.941243, 51.993804], [30.950131, 52.006775], [30.940519, 52.020082], [30.91127, 52.022562], [30.924706, 52.042277], [30.918815, 52.059175], [30.959329, 52.074678], [31.096324, 52.079613], [31.134823, 52.076667], [31.228977, 52.03822], [31.252438, 52.044499], [31.304425, 52.097493], [31.383076, 52.117492], [31.474854, 52.117776], [31.649933, 52.096847], [31.858706, 52.09987]]], [[[38.164109, 50.030384], [38.173928, 50.06015], [38.299915, 50.060511], [38.314074, 50.049504], [38.344207556458166, 50.0], [38.16885670506674, 50.0], [38.164109, 50.030384]]]]}}, {"type": "Feature", "properties": {"name": "Belarus"}, "geometry": {"type": "Polygon", "coordinates": [[[23.602311, 51.530783], [23.572752, 51.539672], [23.56035, 51.555304], [23.573992, 51.555304], [23.5434, 51.592743], [23.543813, 51.6438], [23.532444, 51.658967], [23.56035, 51.671963], [23.546087, 51.689637], [23.559213, 51.695166], [23.546604, 51.713589], [23.56035, 51.754542], [23.617504, 51.786504], [23.628666, 51.809759], [23.594559, 51.843297], [23.605721, 51.851591], [23.609856, 51.873269], [23.621845, 51.877429], [23.61492, 51.88425], [23.628666, 51.946339], [23.647579, 51.97409], [23.676415, 51.994088], [23.637451, 52.084471], [23.61585, 52.0923], [23.598177, 52.11452], [23.579366, 52.121548], [23.512497, 52.124442], [23.484695, 52.158626], [23.487693, 52.181622], [23.470949, 52.171623], [23.450485, 52.185911], [23.43674, 52.175679], [23.405734, 52.185911], [23.391368, 52.182501], [23.395812, 52.19958], [23.189726, 52.240533], [23.197684, 52.25831], [23.19448, 52.271462], [23.165645, 52.289393], [23.21205, 52.347504], [23.392298, 52.509638], [23.480458, 52.554416], [23.569031, 52.585887], [23.736153, 52.614903], [23.868961, 52.670042], [23.908752, 52.699859], [23.922498, 52.742596], [23.912059, 52.893853], [23.901104, 52.923257], [23.91795, 52.9508], [23.911336, 53.00506], [23.859349, 53.067976], [23.860693, 53.087484], [23.891389, 53.127714], [23.893663, 53.151951], [23.848084, 53.183809], [23.800645, 53.242462], [23.742974, 53.365478], [23.675795, 53.455705], [23.590942, 53.611251], [23.567068, 53.681014], [23.564794, 53.742405], [23.540402, 53.763593], [23.52986, 53.78416], [23.520662, 53.837335], [23.486866, 53.909992], [23.485625, 53.939293], [23.627116, 53.89821], [23.787209, 53.927924], [23.828344, 53.920069], [23.919811, 53.947768], [23.981306, 53.930404], [24.045385, 53.930869], [24.169615, 53.95893], [24.201137, 53.95247], [24.229146, 53.932368], [24.257051, 53.894024], [24.377871, 53.886841], [24.414044, 53.897693], [24.528663, 53.958361], [24.666845, 53.993863], [24.677904, 53.992313], [24.705603, 53.964201], [24.806372, 53.975311], [24.819394, 53.992571], [24.821358, 54.019908], [24.782497, 54.092875], [24.818154, 54.110135], [24.821565, 54.134526], [24.855981, 54.146722], [24.902283, 54.149771], [25.027133, 54.12786], [25.071989, 54.132201], [25.115603, 54.148789], [25.156531, 54.175712], [25.206244, 54.256793], [25.287583, 54.245217], [25.369748, 54.247904], [25.394036, 54.257154], [25.434137, 54.291829], [25.459355, 54.298909], [25.478682, 54.293328], [25.553975, 54.231265], [25.501678, 54.221756], [25.499301, 54.211834], [25.528963, 54.195659], [25.485762, 54.175402], [25.493307, 54.157522], [25.516044, 54.144758], [25.653503, 54.128739], [25.690607, 54.148221], [25.74001, 54.146257], [25.763057, 54.156437], [25.771016, 54.172147], [25.771946, 54.21788], [25.789206, 54.236225], [25.739286, 54.282579], [25.719236, 54.281546], [25.695981, 54.320975], [25.682339, 54.325626], [25.607408, 54.304852], [25.564, 54.303146], [25.542296, 54.308056], [25.528653, 54.320975], [25.529997, 54.346141], [25.612576, 54.421796], [25.619914, 54.488096], [25.630869, 54.508354], [25.70735, 54.54153], [25.740423, 54.568505], [25.745591, 54.5884], [25.739906, 54.607727], [25.708384, 54.663021], [25.72461, 54.715679], [25.7212, 54.766736], [25.734946, 54.78906], [25.778457, 54.805286], [25.782281, 54.821978], [25.772256, 54.850865], [25.782695, 54.869675], [25.84667, 54.90621], [25.858452, 54.932979], [25.870234, 54.938818], [25.907855, 54.948068], [25.981132, 54.942694], [26.102572, 54.957008], [26.138642, 54.968946], [26.187838, 55.008736], [26.224631, 55.054884], [26.233003, 55.111624], [26.264422, 55.140098], [26.309484, 55.144645], [26.428753, 55.128212], [26.473402, 55.145679], [26.578925, 55.118549], [26.600939, 55.120823], [26.616339, 55.135395], [26.633909, 55.192188], [26.656956, 55.215339], [26.701088, 55.236836], [26.76558, 55.246706], [26.789661, 55.257197], [26.80072, 55.27332], [26.791574, 55.290166], [26.768629, 55.300243], [26.602696, 55.316883], [26.525388, 55.308098], [26.450044, 55.327063], [26.445496, 55.337502], [26.486011, 55.390832], [26.49924, 55.428091], [26.543268, 55.459613], [26.546472, 55.471241], [26.527662, 55.492169], [26.532106, 55.516251], [26.595565, 55.56803], [26.607657, 55.616451], [26.594531, 55.666991], [26.615615, 55.687971], [26.64011, 55.695568], [26.743049, 55.682856], [26.822838, 55.70611], [26.900146, 55.778715], [26.981071, 55.826878], [27.110779, 55.836283], [27.151448, 55.832459], [27.263018, 55.787216], [27.349627, 55.831219], [27.374587, 55.814837], [27.438821, 55.79874], [27.592713, 55.794244], [27.610128, 55.83096], [27.617156, 55.878554], [27.64501, 55.922841], [27.744435, 55.959738], [27.776991, 55.992397], [27.781229, 56.016375], [27.880654, 56.063866], [27.92706, 56.109367], [27.98101, 56.118023], [28.110976, 56.156806], [28.148907, 56.142414], [28.269364, 56.058207], [28.310912, 56.042679], [28.389771, 56.088567], [28.537824, 56.097714], [28.611462, 56.088464], [28.680606, 56.027382], [28.706392, 55.959841], [28.73192, 55.946793], [28.80897, 55.934571], [28.830881, 55.937672], [28.833051, 55.960978], [28.859716, 55.976455], [29.030765, 56.024178], [29.088643, 56.023222], [29.145435, 56.012034], [29.224035, 55.978186], [29.395601, 55.947723], [29.444435, 55.906925], [29.384128, 55.879949], [29.371933, 55.836386], [29.343614, 55.786984], [29.363406, 55.751482], [29.413067, 55.727762], [29.461023, 55.6873], [29.480867, 55.681099], [29.5081, 55.685491], [29.585356, 55.73802], [29.684162, 55.770602], [29.710827, 55.773754], [29.779867, 55.763807], [29.805705, 55.771455], [29.869474, 55.830547], [29.907817, 55.843208], [29.988226, 55.846799], [30.106255, 55.821917], [30.200254, 55.857987], [30.270793, 55.83065], [30.468817, 55.793521], [30.477808, 55.779129], [30.469282, 55.762644], [30.480702, 55.753962], [30.587466, 55.718306], [30.5916, 55.705697], [30.583745, 55.679135], [30.596354, 55.665286], [30.616611, 55.657431], [30.693713, 55.65216], [30.742185, 55.594385], [30.77071, 55.591543], [30.847657, 55.611025], [30.886156, 55.600483], [30.912821, 55.571596], [30.919745, 55.534492], [30.899385, 55.499146], [30.919435, 55.492325], [30.913234, 55.479715], [30.887189, 55.468088], [30.881298, 55.451448], [30.889101, 55.433413], [30.918608, 55.407627], [30.918298, 55.387783], [30.845641, 55.351145], [30.811225, 55.323084], [30.797169, 55.304274], [30.794275, 55.285515], [30.804093, 55.272958], [30.856803, 55.253476], [30.886517, 55.204538], [30.959795, 55.162577], [30.958813, 55.144439], [30.984031, 55.1309], [30.970285, 55.101444], [31.006407, 55.04243], [31.005632, 55.022999], [30.913234, 55.024601], [30.90662, 55.012561], [30.936075, 54.973235], [30.917368, 54.953959], [30.814842, 54.928018], [30.827451, 54.902541], [30.826108, 54.877478], [30.768127, 54.829936], [30.762649, 54.801979], [30.770607, 54.786011], [30.827296, 54.771025], [30.98062, 54.705654], [30.995503, 54.689841], [30.999017, 54.671341], [31.10516, 54.668292], [31.128621, 54.640387], [31.167947, 54.621577], [31.139474, 54.582871], [31.089554, 54.535897], [31.064646, 54.492282], [31.093585, 54.479415], [31.167896, 54.467064], [31.179213, 54.453111], [31.20903, 54.448047], [31.248717, 54.376785], [31.284788, 54.347381], [31.299154, 54.272606], [31.309799, 54.244339], [31.324682, 54.229249], [31.506376, 54.143931], [31.583116, 54.129514], [31.666935, 54.101867], [31.73675, 54.094167], [31.77127, 54.048537], [31.822636, 54.053446], [31.84651, 53.992313], [31.837932, 53.962134], [31.81013, 53.882604], [31.753803, 53.81961], [31.744656, 53.794857], [31.787289, 53.794392], [31.873175, 53.777132], [32.083602, 53.809637], [32.164837, 53.78168], [32.290411, 53.760854], [32.371801, 53.714397], [32.442133, 53.713932], [32.461563, 53.7068], [32.490192, 53.677138], [32.48058, 53.66241], [32.399087, 53.635384], [32.411489, 53.582364], [32.429421, 53.56159], [32.452933, 53.546397], [32.554271, 53.510792], [32.576802, 53.486039], [32.618143, 53.494255], [32.650286, 53.487641], [32.641656, 53.468985], [32.646772, 53.457978], [32.701239, 53.462113], [32.719532, 53.439478], [32.704443, 53.366408], [32.717465, 53.334937], [32.697931, 53.325893], [32.649872, 53.333671], [32.579954, 53.324369], [32.595922, 53.308272], [32.569154, 53.298841], [32.505643, 53.297187], [32.48058, 53.305171], [32.454845, 53.300443], [32.447197, 53.288764], [32.455982, 53.277783], [32.479133, 53.274915], [32.455672, 53.236674], [32.423633, 53.204402], [32.405546, 53.192672], [32.352836, 53.18045], [32.267983, 53.124769], [32.215687, 53.125518], [32.201114, 53.097561], [32.152332, 53.096347], [32.117295, 53.081102], [32.082775, 53.081955], [32.009911, 53.099964], [31.930743, 53.088337], [31.855502, 53.110248], [31.796281, 53.112392], [31.780468, 53.127869], [31.769719, 53.169262], [31.756283, 53.186574], [31.614018, 53.209751], [31.535935, 53.194868], [31.416356, 53.199984], [31.378529, 53.182026], [31.359925, 53.133838], [31.363698, 53.088776], [31.319204, 53.076374], [31.247064, 53.014388], [31.322615, 52.977129], [31.36623, 52.908555], [31.387934, 52.887987], [31.450979, 52.857214], [31.505136, 52.848894], [31.523946, 52.811661], [31.560843, 52.787063], [31.569525, 52.767504], [31.570248, 52.725258], [31.547924, 52.705699], [31.480641, 52.68247], [31.579033, 52.577825], [31.628643, 52.54806], [31.624302, 52.53806], [31.610763, 52.535993], [31.559293, 52.540541], [31.575933, 52.524728], [31.55056, 52.511886], [31.552988, 52.502249], [31.587922, 52.482612], [31.582857, 52.402772], [31.608075, 52.372463], [31.602753, 52.340915], [31.567354, 52.311382], [31.631433, 52.26477], [31.699439, 52.251463], [31.681921, 52.230456], [31.682386, 52.201931], [31.762588, 52.149841], [31.764345, 52.100568], [31.649933, 52.096847], [31.474854, 52.117776], [31.383076, 52.117492], [31.304425, 52.097493], [31.252438, 52.044499], [31.228977, 52.03822], [31.134823, 52.076667], [31.096324, 52.079613], [30.959329, 52.074678], [30.918815, 52.059175], [30.924706, 52.042277], [30.91127, 52.022562], [30.940519, 52.020082], [30.950131, 52.006775], [30.941243, 51.993804], [30.896904, 51.998326], [30.858044, 51.957631], [30.80306, 51.939131], [30.810605, 51.918382], [30.788177, 51.900606], [30.741668, 51.897919], [30.734537, 51.873734], [30.71397, 51.866964], [30.661983, 51.819422], [30.670562, 51.790535], [30.618162, 51.761338], [30.64617, 51.754542], [30.624983, 51.706096], [30.570309, 51.69992], [30.575994, 51.686407], [30.564315, 51.665297], [30.570309, 51.6515], [30.549949, 51.637185], [30.556615, 51.62362], [30.515119, 51.603673], [30.515119, 51.596257], [30.543127, 51.582589], [30.52256, 51.562719], [30.534136, 51.553263], [30.584004, 51.542256], [30.562868, 51.521766], [30.585399, 51.509389], [30.588913, 51.48182], [30.618162, 51.467144], [30.618162, 51.459651], [30.593564, 51.458901], [30.586019, 51.451848], [30.587879, 51.427353], [30.618162, 51.418723], [30.64555, 51.36746], [30.632424, 51.364101], [30.638315, 51.33586], [30.579921, 51.303665], [30.577234, 51.289015], [30.556615, 51.267311], [30.550672, 51.236796], [30.539613, 51.235168], [30.508091, 51.257673], [30.465044, 51.261937], [30.428096, 51.291754], [30.383757, 51.293924], [30.355129, 51.305267], [30.317095, 51.340588], [30.330014, 51.370354], [30.320195, 51.402083], [30.256892, 51.425053], [30.20537, 51.466498], [30.14863, 51.48443], [30.00869, 51.482078], [29.925077, 51.457868], [29.886268, 51.464793], [29.846633, 51.432908], [29.828649, 51.429963], [29.737905, 51.439497], [29.699975, 51.483706], [29.682715, 51.491199], [29.637756, 51.490889], [29.597345, 51.473965], [29.5682, 51.449626], [29.505465, 51.437456], [29.466294, 51.385056], [29.402732, 51.39614], [29.319946, 51.365574], [29.297002, 51.373713], [29.264859, 51.432908], [29.227756, 51.45562], [29.221038, 51.466963], [29.230443, 51.492879], [29.226515, 51.519053], [29.181453, 51.567009], [29.160421, 51.603311], [29.123886, 51.625041], [29.063218, 51.630596], [29.023634, 51.614034], [28.980846, 51.569463], [28.863643, 51.558921], [28.799875, 51.532618], [28.771866, 51.511276], [28.752229, 51.483706], [28.751609, 51.428748], [28.746751, 51.413995], [28.728768, 51.401256], [28.703963, 51.442623], [28.663552, 51.433993], [28.637301, 51.449626], [28.603918, 51.553547], [28.461239, 51.571659], [28.359643, 51.529362], [28.333857, 51.52838], [28.310912, 51.57445], [28.257789, 51.601761], [28.245128, 51.640622], [28.2304, 51.651138], [28.21004, 51.651965], [28.166218, 51.633103], [28.114232, 51.575613], [28.070824, 51.557629], [27.954758, 51.560782], [27.87559, 51.60804], [27.831252, 51.612923], [27.799522, 51.585199], [27.792546, 51.517296], [27.74056, 51.471407], [27.714256, 51.463707], [27.683767, 51.475515], [27.66413, 51.492853], [27.697306, 51.543186], [27.705161, 51.568352], [27.692655, 51.589229], [27.477268, 51.623672], [27.409004, 51.59171], [27.32906, 51.596955], [27.267462, 51.587498], [27.254026, 51.595379], [27.277487, 51.651138], [27.20359, 51.655143], [27.189017, 51.663773], [27.181059, 51.68341], [27.184159, 51.731443], [27.177855, 51.747075], [27.151086, 51.756764], [27.021585, 51.764542], [26.920816, 51.742528], [26.854774, 51.749349], [26.665741, 51.801387], [26.4456, 51.805599], [26.419245, 51.820921], [26.419762, 51.846862], [26.407773, 51.850609], [26.175332, 51.856707], [26.14536, 51.864846], [26.080764, 51.900657], [25.981132, 51.903474], [25.767915, 51.928511], [25.683476, 51.918021], [25.351971, 51.921483], [25.1833, 51.94975], [25.138031, 51.948949], [25.002742, 51.910476], [24.721829, 51.882338], [24.639767, 51.892131], [24.39079, 51.880013], [24.347898, 51.861151], [24.311518, 51.827561], [24.296119, 51.808131], [24.272347, 51.742889], [24.244132, 51.718214], [24.130754, 51.669793], [23.981306, 51.586], [23.941308, 51.581917], [23.884878, 51.619874], [23.749692, 51.644472], [23.628976, 51.629046], [23.594353, 51.604965], [23.628666, 51.531223], [23.624118, 51.515901], [23.606238, 51.517399], [23.602311, 51.530783]]]}}, {"type": "Feature", "properties": {"name": "Lithuania"}, "geometry": {"type": "MultiPolygon", "coordinates": [[[[26.607657, 55.616451], [26.605177, 55.590096], [26.595565, 55.56803], [26.532106, 55.516251], [26.527662, 55.492169], [26.546472, 55.471241], [26.543268, 55.459613], [26.49924, 55.428091], [26.486011, 55.390832], [26.445496, 55.337502], [26.450044, 55.327063], [26.525388, 55.308098], [26.602696, 55.316883], [26.768629, 55.300243], [26.791574, 55.290166], [26.80072, 55.27332], [26.789661, 55.257197], [26.76558, 55.246706], [26.701088, 55.236836], [26.656956, 55.215339], [26.633909, 55.192188], [26.616339, 55.135395], [26.600939, 55.120823], [26.578925, 55.118549], [26.473402, 55.145679], [26.428753, 55.128212], [26.309484, 55.144645], [26.264422, 55.140098], [26.233003, 55.111624], [26.224631, 55.054884], [26.187838, 55.008736], [26.138642, 54.968946], [26.102572, 54.957008], [25.981132, 54.942694], [25.907855, 54.948068], [25.870234, 54.938818], [25.858452, 54.932979], [25.84667, 54.90621], [25.782695, 54.869675], [25.772256, 54.850865], [25.782281, 54.821978], [25.778457, 54.805286], [25.734946, 54.78906], [25.7212, 54.766736], [25.72461, 54.715679], [25.708384, 54.663021], [25.739906, 54.607727], [25.745591, 54.5884], [25.740423, 54.568505], [25.70735, 54.54153], [25.630869, 54.508354], [25.619914, 54.488096], [25.612576, 54.421796], [25.529997, 54.346141], [25.528653, 54.320975], [25.542296, 54.308056], [25.564, 54.303146], [25.607408, 54.304852], [25.682339, 54.325626], [25.695981, 54.320975], [25.719236, 54.281546], [25.739286, 54.282579], [25.789206, 54.236225], [25.771946, 54.21788], [25.771016, 54.172147], [25.763057, 54.156437], [25.74001, 54.146257], [25.690607, 54.148221], [25.653503, 54.128739], [25.516044, 54.144758], [25.493307, 54.157522], [25.485762, 54.175402], [25.528963, 54.195659], [25.499301, 54.211834], [25.501678, 54.221756], [25.553975, 54.231265], [25.478682, 54.293328], [25.459355, 54.298909], [25.434137, 54.291829], [25.394036, 54.257154], [25.369748, 54.247904], [25.287583, 54.245217], [25.206244, 54.256793], [25.156531, 54.175712], [25.115603, 54.148789], [25.071989, 54.132201], [25.027133, 54.12786], [24.902283, 54.149771], [24.855981, 54.146722], [24.821565, 54.134526], [24.818154, 54.110135], [24.782497, 54.092875], [24.821358, 54.019908], [24.819394, 53.992571], [24.806372, 53.975311], [24.788698, 53.969678], [24.705603, 53.964201], [24.677904, 53.992313], [24.666845, 53.993863], [24.528663, 53.958361], [24.414044, 53.897693], [24.377871, 53.886841], [24.257051, 53.894024], [24.229146, 53.932368], [24.201137, 53.95247], [24.169615, 53.95893], [24.045385, 53.930869], [23.981306, 53.930404], [23.919811, 53.947768], [23.828344, 53.920069], [23.787209, 53.927924], [23.627116, 53.89821], [23.485625, 53.939293], [23.487486, 53.955622], [23.45865, 53.981616], [23.45927, 53.992313], [23.496477, 54.021975], [23.496167, 54.044558], [23.473947, 54.112564], [23.449039, 54.154938], [23.432502, 54.169305], [23.391471, 54.180105], [23.354471, 54.217054], [23.316023, 54.236277], [23.197271, 54.267851], [23.117069, 54.303457], [23.050096, 54.294827], [23.032113, 54.309554], [23.041622, 54.340974], [22.989738, 54.353376], [22.96266, 54.381695], [22.918838, 54.381126], [22.837603, 54.400918], [22.812695, 54.394097], [22.78603, 54.36521], [22.76722, 54.35627], [22.706965, 54.418747], [22.680403, 54.453215], [22.674616, 54.492282], [22.681747, 54.5699], [22.708102, 54.635633], [22.700867, 54.679558], [22.727015, 54.705344], [22.724845, 54.723379], [22.764843, 54.737125], [22.832849, 54.778673], [22.848352, 54.813813], [22.821273, 54.885488], [22.749236, 54.909879], [22.740968, 54.917631], [22.75213, 54.931118], [22.715543, 54.951376], [22.633481, 54.957939], [22.608366, 54.992407], [22.580668, 55.057622], [22.565475, 55.067803], [22.541084, 55.075761], [22.436284, 55.057777], [22.251282, 55.070852], [22.142658, 55.054625], [22.09987, 55.029924], [22.076823, 55.02858], [22.02773, 55.044393], [22.015431, 55.088422], [22.003442, 55.093486], [21.942774, 55.078293], [21.873217, 55.094933], [21.819887, 55.119324], [21.750641, 55.127954], [21.645841, 55.181026], [21.60512, 55.192498], [21.503938, 55.19441], [21.467661, 55.211153], [21.405546, 55.27239], [21.37485, 55.28996], [21.349839, 55.287789], [21.267589, 55.248684], [21.264415, 55.284003], [21.28533, 55.287055], [21.291189, 55.297065], [21.274181, 55.327338], [21.259451, 55.336249], [21.257091, 55.369371], [21.246593, 55.370185], [21.188813, 55.338609], [21.18336, 55.346177], [21.224294, 55.399319], [21.248302, 55.417873], [21.248383, 55.442328], [21.222911, 55.520209], [21.199392, 55.537665], [21.195079, 55.58511], [21.157563, 55.64175], [21.147227, 55.678168], [21.099376, 55.729071], [21.074392, 55.74494], [21.060557, 55.789252], [21.044688, 55.873725], [21.044688, 55.917711], [21.05836, 55.95185], [21.053396, 56.072618], [21.190365, 56.084459], [21.229639, 56.163188], [21.254857, 56.185202], [21.327618, 56.224373], [21.419292, 56.237395], [21.596025, 56.307882], [21.684495, 56.310104], [22.094082, 56.41741], [22.139144, 56.415705], [22.214902, 56.390383], [22.511731, 56.395964], [22.604749, 56.379092], [22.666347, 56.349094], [22.924523, 56.412113], [22.956976, 56.401985], [23.016714, 56.32385], [23.062292, 56.304161], [23.112728, 56.310879], [23.162854, 56.341007], [23.154173, 56.351394], [23.17257, 56.357956], [23.288428, 56.373046], [23.481595, 56.330103], [23.517561, 56.328656], [23.609856, 56.353822], [23.706697, 56.354442], [23.723544, 56.345812], [23.724991, 56.328811], [23.858109, 56.334392], [23.981306, 56.312404], [24.07515, 56.271192], [24.138919, 56.257446], [24.318546, 56.29858], [24.414354, 56.265507], [24.44722, 56.260521], [24.481327, 56.26884], [24.538998, 56.287625], [24.639147, 56.359972], [24.678628, 56.377283], [24.805545, 56.408548], [24.845852, 56.40493], [24.857118, 56.435368], [24.870967, 56.442602], [24.892258, 56.438727], [24.910138, 56.421958], [24.973183, 56.300751], [25.026203, 56.260185], [25.04398, 56.22799], [25.073125, 56.197811], [25.109196, 56.183083], [25.454808, 56.149649], [25.522762, 56.156573], [25.572888, 56.143034], [25.661875, 56.140812], [25.696602, 56.087895], [25.766261, 56.058647], [25.871268, 55.992139], [26.017616, 55.937362], [26.178639, 55.84959], [26.279718, 55.743239], [26.34235, 55.716342], [26.48105, 55.678308], [26.594531, 55.666991], [26.607657, 55.616451]]], [[[20.924569, 55.282658], [20.999522, 55.357001], [21.041515, 55.416083], [21.082367, 55.497626], [21.099376, 55.5987], [21.090668, 55.633124], [21.093516, 55.695543], [21.085216, 55.722846], [21.117442, 55.699774], [21.131521, 55.655585], [21.133556, 55.568305], [21.119884, 55.527045], [21.119884, 55.489447], [21.087169, 55.441067], [21.106212, 55.42121], [21.073497, 55.391791], [21.037852, 55.328599], [20.988943, 55.291327], [20.989431, 55.273116], [20.924569, 55.282658]]]]}}, {"type": "Feature", "properties": {"name": "Russia"}, "geometry": {"type": "MultiPolygon", "coordinates": [[[[38.314074, 50.049504], [38.299915, 50.060511], [38.173928, 50.06015], [38.164109, 50.030384], [38.16885670506674, 50.0], [37.919230998593534, 50.0], [37.915856, 50.003306], [37.842785, 50.039117], [37.72765, 50.078701], [37.631842, 50.174096], [37.597116, 50.196937], [37.588641, 50.21461], [37.60156, 50.249027], [37.599183, 50.290885], [37.568177, 50.312537], [37.480017, 50.340029], [37.435265, 50.424934], [37.415214, 50.431858], [37.285197, 50.41527], [37.197037, 50.362405], [37.051722, 50.335327], [36.914056, 50.339099], [36.848634, 50.323699], [36.682649, 50.260654], [36.635831, 50.214042], [36.594386, 50.20443], [36.534648, 50.219933], [36.536405, 50.267527], [36.410005, 50.304579], [36.38799, 50.30644], [36.31585, 50.274865], [36.269031, 50.281376], [36.169296, 50.383696], [36.14077, 50.392946], [36.133226, 50.411601], [36.105837, 50.42111], [35.931894, 50.430153], [35.83743, 50.423228], [35.80539, 50.412169], [35.774384, 50.3869], [35.737694, 50.381577], [35.69687, 50.345145], [35.652118, 50.341114], [35.611397, 50.351708], [35.570159, 50.376461], [35.554656, 50.433253], [35.540807, 50.450048], [35.446446, 50.476042], [35.425258, 50.500485], [35.377716, 50.621821], [35.376166, 50.634585], [35.391565, 50.646367], [35.468873, 50.668536], [35.445412, 50.687502], [35.447066, 50.73432], [35.438488, 50.762381], [35.37906, 50.797211], [35.377716, 50.833746], [35.341439, 50.876482], [35.341749, 50.91586], [35.32914, 50.929089], [35.284802, 50.944333], [35.278084, 50.992651], [35.332551, 50.999937], [35.34671, 51.008257], [35.355082, 51.025595], [35.3464, 51.036602], [35.308676, 51.047325], [35.172561, 51.040632], [35.143622, 51.058487], [35.123778, 51.091327], [35.09918, 51.183182], [35.078716, 51.207625], [35.059389, 51.212327], [34.999445, 51.202095], [34.946115, 51.214291], [34.817544, 51.174733], [34.74809, 51.164733], [34.674917, 51.167679], [34.642774, 51.180624], [34.622413, 51.224756], [34.608357, 51.234006], [34.513479, 51.229561], [34.371783, 51.256847], [34.336953, 51.251136], [34.281762, 51.226435], [34.185954, 51.248914], [34.243935, 51.274081], [34.283623, 51.301237], [34.308737, 51.33462], [34.300159, 51.36839], [34.280315, 51.361259], [34.247346, 51.363429], [34.185851, 51.394151], [34.186988, 51.40831], [34.217063, 51.417069], [34.212102, 51.455026], [34.225952, 51.492879], [34.223678, 51.514764], [34.202387, 51.546157], [34.152985, 51.583984], [34.140066, 51.621191], [34.090663, 51.633206], [34.079501, 51.643102], [34.089113, 51.666615], [34.127973, 51.680748], [34.298195, 51.706147], [34.37633, 51.708602], [34.414157, 51.736456], [34.41271, 51.777693], [34.385735, 51.817665], [34.294578, 51.873889], [34.276698, 51.881227], [34.23422, 51.878282], [34.228432, 51.899262], [34.146163, 51.95161], [34.096244, 51.951817], [34.104409, 51.975304], [34.101102, 51.992512], [34.068235, 52.031011], [34.062551, 52.050209], [34.05666, 52.105813], [34.07392, 52.128318], [34.065341, 52.158626], [34.021933, 52.1979], [33.957751, 52.224695], [33.9007, 52.285854], [33.839102, 52.313914], [33.804065, 52.354609], [33.733579, 52.360991], [33.687948, 52.355823], [33.600202, 52.330786], [33.531679, 52.288825], [33.510078, 52.287533], [33.493025, 52.303139], [33.499433, 52.340992], [33.480519, 52.357761], [33.419334, 52.338331], [33.358976, 52.357555], [33.182863, 52.367296], [33.127983, 52.332724], [33.099044, 52.324766], [33.079613, 52.305594], [33.030107, 52.303604], [32.908978, 52.241102], [32.844176, 52.262341], [32.725423, 52.252083], [32.528433, 52.316213], [32.48058, 52.307144], [32.394281, 52.326807], [32.35356, 52.321588], [32.339504, 52.287249], [32.366995, 52.2472], [32.361311, 52.235908], [32.328238, 52.219165], [32.306741, 52.141185], [32.277699, 52.102661], [32.233309, 52.080853], [32.095591, 52.040726], [31.980559, 52.047625], [31.910383, 52.029073], [31.892037, 52.036179], [31.882064, 52.086408], [31.858706, 52.09987], [31.764345, 52.100568], [31.762588, 52.149841], [31.682386, 52.201931], [31.681921, 52.230456], [31.699439, 52.251463], [31.631433, 52.26477], [31.567354, 52.311382], [31.602753, 52.340915], [31.608075, 52.372463], [31.582857, 52.402772], [31.587922, 52.482612], [31.552988, 52.502249], [31.55056, 52.511886], [31.575933, 52.524728], [31.559293, 52.540541], [31.610763, 52.535993], [31.624302, 52.53806], [31.628643, 52.54806], [31.579033, 52.577825], [31.480641, 52.68247], [31.547924, 52.705699], [31.570248, 52.725258], [31.569525, 52.767504], [31.560843, 52.787063], [31.523946, 52.811661], [31.505136, 52.848894], [31.450979, 52.857214], [31.387934, 52.887987], [31.36623, 52.908555], [31.322615, 52.977129], [31.247064, 53.014388], [31.319204, 53.076374], [31.363698, 53.088776], [31.359925, 53.133838], [31.378529, 53.182026], [31.416356, 53.199984], [31.535935, 53.194868], [31.593606, 53.210681], [31.674945, 53.19523], [31.738558, 53.192542], [31.756283, 53.186574], [31.769719, 53.169262], [31.780468, 53.127869], [31.796281, 53.112392], [31.855502, 53.110248], [31.930743, 53.088337], [32.009911, 53.099964], [32.082775, 53.081955], [32.117295, 53.081102], [32.152332, 53.096347], [32.201114, 53.097561], [32.215687, 53.125518], [32.267983, 53.124769], [32.352836, 53.18045], [32.405546, 53.192672], [32.423633, 53.204402], [32.455672, 53.236674], [32.479133, 53.274915], [32.455982, 53.277783], [32.447197, 53.288764], [32.454845, 53.300443], [32.48058, 53.305171], [32.505643, 53.297187], [32.569154, 53.298841], [32.595922, 53.308272], [32.579954, 53.324369], [32.649872, 53.333671], [32.697931, 53.325893], [32.717465, 53.334937], [32.704443, 53.366408], [32.719532, 53.439478], [32.701239, 53.462113], [32.646772, 53.457978], [32.641656, 53.468985], [32.650286, 53.487641], [32.618143, 53.494255], [32.576802, 53.486039], [32.554271, 53.510792], [32.452933, 53.546397], [32.429421, 53.56159], [32.411489, 53.582364], [32.399087, 53.635384], [32.48058, 53.66241], [32.490192, 53.677138], [32.461563, 53.7068], [32.442133, 53.713932], [32.371801, 53.714397], [32.290411, 53.760854], [32.164837, 53.78168], [32.083602, 53.809637], [31.873175, 53.777132], [31.787289, 53.794392], [31.744656, 53.794857], [31.753803, 53.81961], [31.81013, 53.882604], [31.837932, 53.962134], [31.84651, 53.992313], [31.822636, 54.053446], [31.77127, 54.048537], [31.73675, 54.094167], [31.666935, 54.101867], [31.583116, 54.129514], [31.506376, 54.143931], [31.324682, 54.229249], [31.309799, 54.244339], [31.299154, 54.272606], [31.284788, 54.347381], [31.248717, 54.376785], [31.20903, 54.448047], [31.179213, 54.453111], [31.167896, 54.467064], [31.093585, 54.479415], [31.064646, 54.492282], [31.089554, 54.535897], [31.139474, 54.582871], [31.167947, 54.621577], [31.128621, 54.640387], [31.10516, 54.668292], [30.999017, 54.671341], [30.995503, 54.689841], [30.98062, 54.705654], [30.827296, 54.771025], [30.770607, 54.786011], [30.762649, 54.801979], [30.768127, 54.829936], [30.826108, 54.877478], [30.827451, 54.902541], [30.814842, 54.928018], [30.917368, 54.953959], [30.936075, 54.973235], [30.90662, 55.012561], [30.913234, 55.024601], [31.005632, 55.022999], [31.006407, 55.04243], [30.970285, 55.101444], [30.984031, 55.1309], [30.958813, 55.144439], [30.959795, 55.162577], [30.886517, 55.204538], [30.856803, 55.253476], [30.804093, 55.272958], [30.794275, 55.285515], [30.797169, 55.304274], [30.811225, 55.323084], [30.845641, 55.351145], [30.918298, 55.387783], [30.918608, 55.407627], [30.889101, 55.433413], [30.881298, 55.451448], [30.887189, 55.468088], [30.913234, 55.479715], [30.919435, 55.492325], [30.899385, 55.499146], [30.919745, 55.534492], [30.912821, 55.571596], [30.886156, 55.600483], [30.847657, 55.611025], [30.77071, 55.591543], [30.742185, 55.594385], [30.693713, 55.65216], [30.616611, 55.657431], [30.596354, 55.665286], [30.583745, 55.679135], [30.5916, 55.705697], [30.587466, 55.718306], [30.480702, 55.753962], [30.469282, 55.762644], [30.477808, 55.779129], [30.468817, 55.793521], [30.270793, 55.83065], [30.217773, 55.855145], [30.177258, 55.851372], [30.132352, 55.826878], [30.106255, 55.821917], [29.988226, 55.846799], [29.907817, 55.843208], [29.869474, 55.830547], [29.805705, 55.771455], [29.779867, 55.763807], [29.710827, 55.773754], [29.684162, 55.770602], [29.585356, 55.73802], [29.5081, 55.685491], [29.480867, 55.681099], [29.461023, 55.6873], [29.413067, 55.727762], [29.363406, 55.751482], [29.350745, 55.766055], [29.343614, 55.786984], [29.348162, 55.802848], [29.371933, 55.836386], [29.384128, 55.879949], [29.444435, 55.906925], [29.413067, 55.937982], [29.377411, 55.954028], [29.224035, 55.978186], [29.145435, 56.012034], [29.088643, 56.023222], [29.030765, 56.024178], [28.859716, 55.976455], [28.833051, 55.960978], [28.830881, 55.937672], [28.80897, 55.934571], [28.73192, 55.946793], [28.706392, 55.959841], [28.680606, 56.027382], [28.620713, 56.082986], [28.537824, 56.097714], [28.389771, 56.088567], [28.366516, 56.07911], [28.333443, 56.050249], [28.310912, 56.042679], [28.289828, 56.046606], [28.148907, 56.142414], [28.169112, 56.161741], [28.193142, 56.231039], [28.215311, 56.255999], [28.217275, 56.270727], [28.167148, 56.369868], [28.164255, 56.437952], [28.104517, 56.483065], [28.093251, 56.501591], [28.132215, 56.535982], [28.126117, 56.547764], [28.010982, 56.587555], [27.997443, 56.603833], [27.991345, 56.669979], [27.98101, 56.687006], [27.882618, 56.725479], [27.865461, 56.742687], [27.918895, 56.805888], [27.913521, 56.82015], [27.830838, 56.864282], [27.786397, 56.871258], [27.661185, 56.839271], [27.62837, 56.844154], [27.648731, 56.879268], [27.715135, 56.957403], [27.723351, 56.998796], [27.75074, 57.042359], [27.745469, 57.067991], [27.696066, 57.085457], [27.682217, 57.103699], [27.700975, 57.118789], [27.794045, 57.143387], [27.824327, 57.15907], [27.841174, 57.211212], [27.846134, 57.267307], [27.840295, 57.290639], [27.827738, 57.304953], [27.707952, 57.348129], [27.640824, 57.389005], [27.536283, 57.415695], [27.511323, 57.430397], [27.525637, 57.46838], [27.528169, 57.528479], [27.352935, 57.527601], [27.335571, 57.553904], [27.328027, 57.583153], [27.336605, 57.591731], [27.38208, 57.602687], [27.386989, 57.627646], [27.377016, 57.656714], [27.391434, 57.680201], [27.507757, 57.714773], [27.497835, 57.755675], [27.502435, 57.772547], [27.553853, 57.794768], [27.524604, 57.8073], [27.700717, 57.824844], [27.763452, 57.838667], [27.799316, 57.861069], [27.790841, 57.880861], [27.774408, 57.890705], [27.664957, 57.918404], [27.659376, 57.93246], [27.675189, 57.967806], [27.669091, 57.991965], [27.631574, 58.004161], [27.636587, 58.059196], [27.630437, 58.08829], [27.579691, 58.125859], [27.495355, 58.22146], [27.482849, 58.268641], [27.494115, 58.319542], [27.554886, 58.395248], [27.410606, 58.754864], [27.477785, 58.875426], [27.694412, 58.975936], [27.713326, 58.991904], [27.842414, 59.161196], [27.873523, 59.236489], [27.890783, 59.258038], [27.882308, 59.275659], [27.903909, 59.290387], [27.959719, 59.306459], [28.076611, 59.30527], [28.096869, 59.319429], [28.000647, 59.333744], [28.11356, 59.345423], [28.157537, 59.364026], [28.181825, 59.356068], [28.186475, 59.37493], [28.137796, 59.400355], [28.104827, 59.439215], [28.038578, 59.462987], [28.019054, 59.481757], [28.055349, 59.527899], [28.072602, 59.57803], [28.051768, 59.624823], [28.000173, 59.681383], [27.993419, 59.703315], [28.007009, 59.758246], [28.086925, 59.799384], [28.123871, 59.792304], [28.185232, 59.758612], [28.223888, 59.691107], [28.375255, 59.666327], [28.404959, 59.682847], [28.417735, 59.708401], [28.41863, 59.789618], [28.427501, 59.813422], [28.476085, 59.851752], [28.500499, 59.861029], [28.535818, 59.859565], [28.581879, 59.834052], [28.678559, 59.813178], [28.699067, 59.79267], [28.718028, 59.786811], [28.766775, 59.799547], [28.83253, 59.786526], [28.8838, 59.816596], [28.919119, 59.813951], [28.976329, 59.831285], [29.034434, 59.886705], [29.030772, 59.901109], [28.980235, 59.929877], [29.014415, 59.929877], [29.089366, 59.979926], [29.161388, 60.002631], [29.266287, 59.998114], [29.80421, 59.94009], [29.862804, 59.917955], [30.115001, 59.870551], [30.161957, 59.868476], [30.192556, 59.880601], [30.216319, 59.907213], [30.224294, 59.933254], [30.206798, 59.943549], [30.246104, 59.974921], [30.23463, 59.99136], [30.209972, 60.001125], [30.000824, 60.011949], [29.948253, 60.02969], [29.932384, 60.066474], [29.910411, 60.075019], [29.89088, 60.101223], [29.899669, 60.133612], [29.884613, 60.149604], [29.848969, 60.166938], [29.70102, 60.200507], [29.525401, 60.200873], [29.417898, 60.16885], [29.052013, 60.184272], [29.015147, 60.196845], [28.986501, 60.217231], [28.946951, 60.263739], [28.922374, 60.279853], [28.860199, 60.295356], [28.815684, 60.361274], [28.79949, 60.368842], [28.787852, 60.341376], [28.746349, 60.342108], [28.616954, 60.381985], [28.517589, 60.488837], [28.453624, 60.539618], [28.438975, 60.559882], [28.473399, 60.56623], [28.507335, 60.559882], [28.524425, 60.522366], [28.543793, 60.510403], [28.616954, 60.488837], [28.683604, 60.455878], [28.70281, 60.461168], [28.707205, 60.478461], [28.699067, 60.499823], [28.661388, 60.534613], [28.658051, 60.594062], [28.663829, 60.614447], [28.685395, 60.615139], [28.644542, 60.669745], [28.654633, 60.681871], [28.712738, 60.669745], [28.734548, 60.692816], [28.721934, 60.721177], [28.69044, 60.738471], [28.654633, 60.728095], [28.573904, 60.682685], [28.521007, 60.684027], [28.476248, 60.669745], [28.424083, 60.671698], [28.400564, 60.665269], [28.382986, 60.624254], [28.341807, 60.627631], [28.321625, 60.621324], [28.337576, 60.609809], [28.343435, 60.594062], [28.306895, 60.602729], [28.286469, 60.598334], [28.215831, 60.547553], [28.158458, 60.553046], [28.13738, 60.533189], [28.096446, 60.539374], [28.034434, 60.525784], [27.900401, 60.528469], [27.870942, 60.540473], [27.863048, 60.567328], [27.816417, 60.528225], [27.794119, 60.533189], [27.807872, 60.553046], [27.98101, 60.649477], [28.148132, 60.757714], [28.24394, 60.791588], [28.335924, 60.859387], [28.526403, 60.950234], [28.614563, 60.961939], [28.688977, 61.027387], [28.797601, 61.09684], [28.855479, 61.112679], [28.980846, 61.168102], [29.130087, 61.213422], [29.203158, 61.245901], [29.318396, 61.338428], [29.4634, 61.413824], [29.51704, 61.47506], [29.635121, 61.511104], [29.779143, 61.593115], [29.84224, 61.660165], [29.977684, 61.728171], [30.339574, 61.991669], [30.480702, 62.067685], [30.607206, 62.151272], [30.647721, 62.192768], [30.925636, 62.302116], [30.98062, 62.358805], [31.12335, 62.434821], [31.168619, 62.476007], [31.243757, 62.503344], [31.284064, 62.572978], [31.363336, 62.651577], [31.410568, 62.746533], [31.441264, 62.788701], [31.569525, 62.905929], [31.535832, 62.91952], [31.505446, 62.968199], [31.480641, 62.986337], [31.444468, 63.001944], [31.380337, 63.047936], [31.262773, 63.100594], [31.240759, 63.135734], [31.22567, 63.19604], [31.203966, 63.21268], [30.974936, 63.289161], [30.82094, 63.375668], [30.461065, 63.472871], [30.38045, 63.532454], [30.242474, 63.581805], [30.001145, 63.715337], [29.980785, 63.741537], [30.051271, 63.763758], [30.201546, 63.792645], [30.265573, 63.830679], [30.328567, 63.895998], [30.509331, 63.991392], [30.552326, 64.021726], [30.58049, 64.051079], [30.586432, 64.084668], [30.532792, 64.162545], [30.532482, 64.179184], [30.558475, 64.219699], [30.50344, 64.24378], [30.445976, 64.250756], [30.370477, 64.300831], [30.321126, 64.317677], [30.164443, 64.341914], [30.093129, 64.361241], [30.052977, 64.378087], [30.032461, 64.396949], [30.070391, 64.47188], [30.035768, 64.491465], [29.9905, 64.504178], [29.991533, 64.513221], [29.978976, 64.518337], [29.968486, 64.56283], [29.954843, 64.56898], [29.965798, 64.578643], [30.136434, 64.615385], [30.180824, 64.642774], [30.1878, 64.662359], [30.17054, 64.681686], [30.109149, 64.720082], [30.118864, 64.767934], [30.062537, 64.78416], [29.877845, 64.784832], [29.78028, 64.795581], [29.698321, 64.839144], [29.633622, 64.90715], [29.588147, 64.991435], [29.598379, 65.034378], [29.627318, 65.062231], [29.667832, 65.077941], [29.820484, 65.093651], [29.845599, 65.108017], [29.850198, 65.121504], [29.808185, 65.135302], [29.809115, 65.145224], [29.839294, 65.166902], [29.833197, 65.205013], [29.766844, 65.217364], [29.626698, 65.215219], [29.580085, 65.235399], [29.615122, 65.269402], [29.720129, 65.329088], [29.730567, 65.365365], [29.718165, 65.454171], [29.72633, 65.491507], [29.74545, 65.511403], [29.838571, 65.564888], [29.806738, 65.584861], [29.732324, 65.60871], [29.702869, 65.62938], [29.76426, 65.648087], [30.003005, 65.678137], [30.098503, 65.656381], [30.113903, 65.665502], [30.111733, 65.712011], [30.075146, 65.822805], [29.997941, 65.931532], [29.95846, 65.973881], [29.900169, 66.108059], [29.875365, 66.133587], [29.792372, 66.180871], [29.650882, 66.287893], [29.569699, 66.378172], [29.524482, 66.491214], [29.40945, 66.56847], [29.392397, 66.60529], [29.363975, 66.624591], [29.32222, 66.680065], [29.089159, 66.837549], [29.051539, 66.907803], [29.099908, 66.991132], [29.429397, 67.232771], [29.490685, 67.262976], [29.519831, 67.298167], [29.916241, 67.508129], [29.959907, 67.571587], [29.977684, 67.662228], [30.009413, 67.685844], [29.713824, 67.792504], [29.651192, 67.823562], [29.360151, 68.056726], [29.33085, 68.072694], [28.690321, 68.183178], [28.663759, 68.204003], [28.460981, 68.491066], [28.447441, 68.514889], [28.447907, 68.52972], [28.716366, 68.727951], [28.801477, 68.835489], [28.728251, 68.865048], [28.645672, 68.871663], [28.444238, 68.865823], [28.413128, 68.880086], [28.410234, 68.898535], [28.456226, 68.900137], [28.713265, 68.968039], [28.833464, 68.984473], [28.973663, 69.034237], [29.064768, 69.034702], [29.120269, 69.046846], [29.172979, 69.069377], [29.240468, 69.115059], [29.268787, 69.166684], [29.302273, 69.200842], [29.307441, 69.226318], [29.334519, 69.277375], [29.37679, 69.301611], [29.434565, 69.311843], [29.60427, 69.315202], [29.661838, 69.32502], [29.751393, 69.357163], [29.900686, 69.358248], [29.967142, 69.373493], [30.001765, 69.394577], [30.123411, 69.441912], [30.137364, 69.452971], [30.154831, 69.506094], [30.210641, 69.528212], [30.224697, 69.540821], [30.231622, 69.558339], [30.22015, 69.600249], [30.208781, 69.608672], [30.14863, 69.618491], [30.119071, 69.634562], [30.186147, 69.641332], [30.230692, 69.637301], [30.294357, 69.620248], [30.511657, 69.536325], [30.755311, 69.521494], [30.852979, 69.527437], [30.898248, 69.544232], [30.927032, 69.57839], [30.927703, 69.672131], [30.884295, 69.702362], [30.877061, 69.737605], [30.843988, 69.766234], [30.840954, 69.805842], [31.032237, 69.777086], [31.133311, 69.775702], [31.214122, 69.756008], [31.283458, 69.760321], [31.409028, 69.715806], [31.401378, 69.68769], [31.367931, 69.671373], [31.361583, 69.650458], [31.296723, 69.612616], [31.353852, 69.626899], [31.452159, 69.68891], [31.477794, 69.697659], [31.520681, 69.688666], [31.556814, 69.701972], [31.810557, 69.68773], [31.797618, 69.704495], [31.700857, 69.736558], [31.699067, 69.744289], [31.728038, 69.77025], [31.708832, 69.80858], [31.710948, 69.827379], [31.728038, 69.845404], [31.753673, 69.854071], [31.848155, 69.852851], [31.906749, 69.82925], [31.964041, 69.816596], [32.029063, 69.781968], [32.056977, 69.777086], [32.098888, 69.791897], [32.091807, 69.815619], [31.981293, 69.873277], [31.981293, 69.900621], [31.918305, 69.926459], [31.913341, 69.936184], [31.942149, 69.965033], [31.962413, 69.969916], [32.054454, 69.963772], [32.267263, 69.876288], [32.358084, 69.879543], [32.488292, 69.850898], [32.523204, 69.832343], [32.503591, 69.820868], [32.506684, 69.810981], [32.523204, 69.803168], [32.624685, 69.782782], [32.727306, 69.791897], [32.919607, 69.780015], [33.006033, 69.758612], [33.049083, 69.740058], [33.10141, 69.748725], [33.120291, 69.744208], [33.133311, 69.728664], [33.112804, 69.677558], [33.118988, 69.661078], [33.1067, 69.648912], [33.035818, 69.617743], [32.871755, 69.582506], [32.501964, 69.633124], [32.437266, 69.650092], [32.370616, 69.640082], [32.169688, 69.654853], [32.159679, 69.667711], [32.173676, 69.681545], [32.180186, 69.704983], [32.173676, 69.728664], [32.147472, 69.75141], [32.111664, 69.752875], [32.107432, 69.746039], [32.119151, 69.708482], [32.101573, 69.673977], [32.059825, 69.659491], [31.968272, 69.654202], [32.055919, 69.636542], [32.063813, 69.619452], [32.016124, 69.580227], [32.016124, 69.564195], [32.074718, 69.590766], [32.133311, 69.598212], [32.288259, 69.574286], [32.399099, 69.584215], [32.428477, 69.574164], [32.433849, 69.564195], [32.3921, 69.536851], [32.501964, 69.517035], [32.48585, 69.503485], [32.420177, 69.502753], [32.365245, 69.468655], [32.238455, 69.436957], [32.193614, 69.434516], [32.238048, 69.422309], [32.289399, 69.430732], [32.385997, 69.461819], [32.420095, 69.464586], [32.4546, 69.492865], [32.527599, 69.489325], [32.536876, 69.509589], [32.60377, 69.484198], [32.687022, 69.502753], [32.79005, 69.489691], [32.877696, 69.491116], [32.899262, 69.482245], [32.792491, 69.442532], [32.769542, 69.414008], [32.893077, 69.461819], [32.987641, 69.474595], [33.084972, 69.47606], [32.861827, 69.36522], [32.837738, 69.331448], [32.803722, 69.304145], [32.823497, 69.301215], [32.895356, 69.314927], [32.953136, 69.377509], [32.989268, 69.393541], [33.317638, 69.451239], [33.362071, 69.434516], [33.447927, 69.447211], [33.523692, 69.42829], [33.505382, 69.403551], [33.440603, 69.387641], [33.413829, 69.372992], [33.496349, 69.379869], [33.375987, 69.307563], [33.344574, 69.296942], [33.261241, 69.291002], [33.235118, 69.270006], [33.278656, 69.273424], [33.303966, 69.283677], [33.447765, 69.288398], [33.475922, 69.270006], [33.315766, 69.241523], [33.29656, 69.229071], [33.371837, 69.234768], [33.406016, 69.229682], [33.406423, 69.208564], [33.511567, 69.225491], [33.5442, 69.208564], [33.511892, 69.184231], [33.393321, 69.150539], [33.317638, 69.119208], [33.060557, 69.083319], [33.023448, 69.057766], [33.016368, 69.038723], [33.01238, 68.975653], [33.023448, 68.954739], [33.039806, 68.977484], [33.048188, 69.034329], [33.064301, 69.057766], [33.112641, 69.075385], [33.225597, 69.076117], [33.319591, 69.09634], [33.426606, 69.104682], [33.455414, 69.141059], [33.562836, 69.182074], [33.576182, 69.199205], [33.564708, 69.242662], [33.57838, 69.256334], [33.564708, 69.270006], [33.56422, 69.293036], [33.571544, 69.304145], [33.620453, 69.327704], [33.723969, 69.336819], [33.740245, 69.32274], [33.722341, 69.304145], [33.779063, 69.317288], [33.835785, 69.307766], [33.87322, 69.310981], [33.852061, 69.338935], [34.420584, 69.310981], [34.413748, 69.29267], [34.447032, 69.283677], [34.542328, 69.26911], [34.606212, 69.270006], [34.661794, 69.249498], [34.98227, 69.229071], [34.955577, 69.194892], [34.972667, 69.193345], [35.030772, 69.222154], [35.087169, 69.225979], [35.140636, 69.215399], [35.144054, 69.191474], [35.1692, 69.181057], [35.264171, 69.215399], [35.246918, 69.236396], [35.147472, 69.270006], [35.182628, 69.279934], [35.27296, 69.27147], [35.330333, 69.276068], [35.809418, 69.196438], [35.873546, 69.194892], [35.995291, 69.166815], [36.054698, 69.128079], [36.096446, 69.132799], [36.249522, 69.110989], [36.273611, 69.098456], [36.264659, 69.078192], [36.312348, 69.057766], [36.517914, 69.029771], [36.68922, 68.982001], [36.72877, 68.979682], [36.764334, 68.954739], [36.842052, 68.945258], [37.01238, 68.894477], [37.043712, 68.874457], [37.209972, 68.845445], [37.242686, 68.80858], [37.355235, 68.790229], [37.453868, 68.744574], [37.569998, 68.735582], [37.587169, 68.724066], [37.680512, 68.713446], [37.730235, 68.685736], [37.811778, 68.660712], [37.9463, 68.600816], [38.039887, 68.543769], [38.06658, 68.50967], [38.091156, 68.500963], [38.176443, 68.495429], [38.206798, 68.482367], [38.217052, 68.461249], [38.329845, 68.442206], [38.347667, 68.41885], [38.391287, 68.399482], [38.388682, 68.343166], [38.423513, 68.337714], [38.443614, 68.358832], [38.470958, 68.34455], [38.715831, 68.291571], [38.765391, 68.290595], [38.704112, 68.311835], [38.605724, 68.331977], [38.510102, 68.365465], [38.512218, 68.375881], [38.536632, 68.377916], [38.588634, 68.359931], [38.615245, 68.365058], [38.597911, 68.381985], [38.639171, 68.384955], [38.79363, 68.328681], [38.925629, 68.311103], [38.946137, 68.299628], [38.951834, 68.287055], [38.930512, 68.276923], [38.953868, 68.266303], [39.034923, 68.251207], [39.253184, 68.170233], [39.358735, 68.149644], [39.520763, 68.075995], [39.687511, 68.061347], [39.739106, 68.048], [39.800629, 68.05272], [39.838715, 68.043158], [39.859548, 68.046617], [39.862153, 68.057196], [39.79477, 68.118354], [39.709809, 68.168769], [39.721934, 68.173285], [39.793224, 68.16474], [39.870128, 68.129299], [39.912852, 68.12287], [39.944591, 68.067328], [40.0, 68.02334003121342], [40.0, 66.27307892694127], [39.848888, 66.245185], [39.704438, 66.206936], [39.46518, 66.179592], [39.343598, 66.134711], [39.063975, 66.103909], [38.972179, 66.111314], [38.554373, 66.054999], [37.927094, 66.088772], [37.821462, 66.112209], [37.655528, 66.123114], [37.546397, 66.144843], [37.438487, 66.192857], [37.360118, 66.204576], [37.273123, 66.230455], [36.88738, 66.285224], [36.831391, 66.283352], [36.749278, 66.29564], [36.632579, 66.287787], [36.523448, 66.300198], [36.406261, 66.294745], [36.274669, 66.320868], [35.770274, 66.361151], [35.671072, 66.387397], [35.557791, 66.38703], [35.380626, 66.417873], [35.31422, 66.456936], [35.181488, 66.481269], [34.887706, 66.599758], [34.803559, 66.613511], [34.564708, 66.542711], [34.480154, 66.537584], [34.434337, 66.547268], [34.355968, 66.629788], [34.393321, 66.645738], [34.503184, 66.638251], [34.525157, 66.648179], [34.521658, 66.657172], [34.489513, 66.658759], [34.496349, 66.651923], [34.470225, 66.646064], [34.284028, 66.672431], [34.212413, 66.672431], [34.174815, 66.686713], [34.129649, 66.668524], [34.092296, 66.672431], [34.132498, 66.698188], [34.161143, 66.735093], [34.156505, 66.763495], [34.141368, 66.77383], [34.109386, 66.728258], [34.069021, 66.70185], [34.043793, 66.693549], [34.023692, 66.700385], [34.009776, 66.686713], [33.947276, 66.684882], [33.886241, 66.714016], [33.869802, 66.715033], [33.868012, 66.700385], [33.858897, 66.693549], [33.832693, 66.695543], [33.786876, 66.751207], [33.763845, 66.766547], [33.669607, 66.805487], [33.641775, 66.801011], [33.592052, 66.830715], [33.587413, 66.819525], [33.605642, 66.78974], [33.561371, 66.804674], [33.523692, 66.830715], [33.519542, 66.802191], [33.62615, 66.748114], [33.523692, 66.782294], [33.571544, 66.741929], [33.488943, 66.768622], [33.557872, 66.727688], [33.5171, 66.724189], [33.100597, 66.85814], [32.843272, 66.976264], [32.804861, 67.010321], [32.798188, 67.030463], [32.802257, 67.049058], [32.817393, 67.063422], [32.968761, 67.090766], [32.929942, 67.100002], [32.772227, 67.093004], [32.635509, 67.13288], [32.454438, 67.134955], [32.382579, 67.159654], [32.325369, 67.159329], [32.249685, 67.144721], [32.190196, 67.152818], [32.074067, 67.141588], [31.910492, 67.16828], [31.850922, 67.152818], [31.926606, 67.152818], [31.912934, 67.124905], [32.092784, 67.120347], [32.204845, 67.134467], [32.261974, 67.124986], [32.303966, 67.097602], [32.344981, 67.084174], [32.358084, 67.070258], [32.289806, 67.077704], [32.314138, 67.060248], [32.41863, 67.054389], [32.503266, 67.030463], [32.549815, 67.000067], [32.556977, 66.989], [32.551524, 66.976508], [32.533458, 66.956977], [32.506684, 66.94892], [32.3921, 66.953559], [32.472423, 66.945136], [32.49586, 66.933092], [32.475352, 66.926947], [32.478282, 66.90998], [32.420177, 66.892157], [32.420177, 66.885932], [32.545421, 66.883002], [32.591482, 66.857978], [32.676036, 66.828355], [32.666515, 66.809556], [32.705089, 66.796373], [32.890961, 66.781562], [32.915782, 66.768785], [32.934744, 66.741929], [32.812022, 66.735745], [32.769542, 66.741929], [32.97462, 66.691107], [33.183442, 66.69245], [33.324474, 66.645738], [33.318614, 66.62934], [33.156261, 66.653225], [33.120779, 66.650214], [33.093598, 66.611233], [33.066173, 66.597724], [33.034841, 66.59162], [32.938162, 66.603013], [32.865245, 66.597968], [32.901378, 66.574774], [33.105317, 66.57685], [33.091807, 66.584296], [33.105724, 66.594428], [33.206309, 66.598863], [33.221446, 66.604804], [33.219737, 66.616116], [33.259613, 66.618394], [33.422862, 66.592231], [33.468923, 66.55565], [33.536794, 66.535875], [33.499197, 66.522854], [33.192719, 66.578803], [33.153087, 66.570014], [33.172211, 66.56802], [33.187266, 66.556342], [33.118988, 66.550116], [33.073253, 66.556871], [32.968761, 66.540432], [32.940929, 66.528469], [32.989594, 66.51203], [33.046886, 66.506049], [33.228689, 66.532864], [33.29713, 66.518785], [33.307465, 66.497992], [33.354828, 66.480211], [33.508637, 66.463813], [33.602224, 66.501654], [33.623057, 66.491156], [33.633637, 66.474066], [33.585216, 66.46015], [33.7046, 66.443834], [33.735362, 66.426011], [33.684744, 66.413479], [33.565684, 66.419867], [33.516287, 66.405504], [33.64324, 66.378241], [33.674571, 66.357123], [33.62908, 66.344306], [33.475922, 66.350287], [33.388438, 66.344387], [33.34254, 66.33511], [33.310802, 66.316799], [33.48113, 66.315172], [33.598806, 66.33039], [33.639008, 66.314439], [33.619884, 66.309312], [33.871104, 66.266669], [33.889171, 66.258246], [33.882823, 66.237616], [33.899669, 66.228909], [33.972341, 66.251044], [34.102794, 66.246894], [34.167328, 66.221177], [34.149262, 66.197008], [34.161388, 66.185492], [34.27768, 66.165961], [34.329926, 66.164618], [34.496837, 66.116156], [34.537283, 66.090237], [34.530447, 66.103909], [34.552989, 66.093695], [34.57016, 66.068061], [34.610362, 66.057685], [34.635509, 66.034613], [34.666759, 66.023627], [34.722911, 65.987779], [34.717296, 65.975084], [34.660899, 65.95303], [34.716075, 65.932563], [34.70281, 65.928412], [34.695079, 65.909491], [34.705577, 65.905219], [34.777599, 65.919582], [34.802094, 65.907538], [34.852387, 65.900336], [34.866222, 65.877916], [34.825369, 65.843207], [34.838552, 65.828111], [34.893565, 65.830146], [34.899669, 65.823717], [34.892833, 65.7956], [34.868988, 65.784735], [34.870616, 65.774482], [34.893565, 65.755072], [34.968598, 65.727729], [34.925304, 65.70185], [34.900401, 65.706], [34.688731, 65.809719], [34.681895, 65.768704], [34.688731, 65.727729], [34.757009, 65.713446], [34.750743, 65.701117], [34.694998, 65.686184], [34.739919, 65.661933], [34.776622, 65.596584], [34.736583, 65.583157], [34.740082, 65.543647], [34.633474, 65.487494], [34.668712, 65.479397], [34.682465, 65.468817], [34.681895, 65.453355], [34.635427, 65.444159], [34.548025, 65.457831], [34.510916, 65.455512], [34.492198, 65.441148], [34.51059, 65.411811], [34.468272, 65.409491], [34.427745, 65.422349], [34.384532, 65.414293], [34.365977, 65.418647], [34.393321, 65.398139], [34.368988, 65.391791], [34.317882, 65.397447], [34.297048, 65.385077], [34.462901, 65.364407], [34.478038, 65.349066], [34.479991, 65.330959], [34.461599, 65.31623], [34.479747, 65.281073], [34.527192, 65.278551], [34.535899, 65.275702], [34.524181, 65.260972], [34.615245, 65.254584], [34.64031, 65.241156], [34.606212, 65.226874], [34.647227, 65.22427], [34.681895, 65.200141], [34.681977, 65.182522], [34.62672, 65.172187], [34.674571, 65.15176], [34.663097, 65.126776], [34.681, 65.114447], [34.76588, 65.107815], [34.773692, 65.100246], [34.746755, 65.065741], [34.754405, 65.054877], [34.816091, 65.043402], [34.798595, 65.02143], [34.719005, 64.997626], [34.702403, 64.980414], [34.778331, 64.966783], [34.841319, 64.918606], [34.872813, 64.917548], [34.876801, 64.88935], [34.8921, 64.874905], [34.942068, 64.857571], [34.912608, 64.826239], [34.872406, 64.802314], [34.757009, 64.774359], [34.812022, 64.753852], [34.975304, 64.770501], [35.009031, 64.743184], [34.970355, 64.727606], [34.854846, 64.714402], [34.832286, 64.697943], [34.912848, 64.662429], [34.936096, 64.636636], [34.973409, 64.624986], [34.977592, 64.611917], [34.886749, 64.581501], [34.846558, 64.559917], [34.743337, 64.555854], [34.773204, 64.556301], [34.849457, 64.527981], [34.927745, 64.524563], [35.008964, 64.493906], [34.997386, 64.471909], [34.955577, 64.452216], [35.013989, 64.423321], [35.121104, 64.401597], [35.161469, 64.380276], [35.307302, 64.372219], [35.321544, 64.361884], [35.305675, 64.342963], [35.330577, 64.328681], [35.328537, 64.314132], [35.348752, 64.296073], [35.410504, 64.286755], [35.536451, 64.321543], [35.58907, 64.322313], [35.618158, 64.340429], [35.565684, 64.406317], [35.58253, 64.411282], [35.638647, 64.383664], [35.810802, 64.342027], [35.860118, 64.322333], [35.894867, 64.295844], [35.887869, 64.26789], [35.900727, 64.256496], [35.949392, 64.239936], [35.976736, 64.198961], [36.006033, 64.193264], [36.05979, 64.218133], [36.121569, 64.194559], [36.227211, 64.136206], [36.23525, 64.124823], [36.209972, 64.10342], [36.222139, 64.075299], [36.259071, 64.064433], [36.284434, 64.04621], [36.264659, 64.024237], [36.292166, 64.009711], [36.420095, 63.995673], [36.479828, 63.97248], [36.578461, 63.96894], [36.703461, 63.924628], [36.768321, 63.940131], [36.792247, 63.9383], [36.857432, 63.910956], [36.93629, 63.932074], [37.011404, 63.897366], [37.169444, 63.895087], [37.21339, 63.880276], [37.246104, 63.847357], [37.291026, 63.818183], [37.437811, 63.792281], [37.534362, 63.800858], [37.608423, 63.815586], [37.618987, 63.840945], [37.610522, 63.857155], [37.614346, 63.881169], [37.657391, 63.898637], [37.719401, 63.905523], [37.828557, 63.901991], [37.944102, 63.940334], [37.98463, 63.945746], [38.073741, 64.017401], [38.088064, 64.034898], [38.085785, 64.059027], [38.045665, 64.148342], [38.005056, 64.178534], [37.914236, 64.220404], [37.902029, 64.239936], [37.923025, 64.257758], [38.005382, 64.275377], [38.026215, 64.295233], [38.020193, 64.308539], [37.908865, 64.342963], [37.917247, 64.352607], [37.956716, 64.364081], [37.832525, 64.358334], [37.796845, 64.37718], [37.799083, 64.418118], [37.806488, 64.424872], [37.749027, 64.441714], [37.687061, 64.430867], [37.65535, 64.411814], [37.651622, 64.387152], [37.629893, 64.377021], [37.514903, 64.386542], [37.473155, 64.381822], [37.384939, 64.360053], [37.339434, 64.340442], [37.121501, 64.39474], [36.834634, 64.593017], [36.744116, 64.681046], [36.695262, 64.707876], [36.644104, 64.718943], [36.559761, 64.717423], [36.54034, 64.752528], [36.516462, 64.769026], [36.528087, 64.791734], [36.504242, 64.835842], [36.555372, 64.824126], [36.57252, 64.829576], [36.494858, 64.851032], [36.472941, 64.865607], [36.439952, 64.91706], [36.466033, 64.934128], [36.53719, 64.928133], [36.568604, 64.902452], [36.631017, 64.904163], [36.654946, 64.927826], [36.807444, 64.959052], [36.814147, 64.975716], [36.802746, 64.993569], [36.867361, 65.075995], [36.86378, 65.113105], [36.817926, 65.131337], [36.820002, 65.147141], [36.900125, 65.150902], [37.007677, 65.172977], [37.217388, 65.140221], [37.398549, 65.101977], [37.5651, 65.048012], [37.67266, 65.035663], [37.705972, 65.017382], [37.715394, 64.998076], [37.704312, 64.977221], [37.718317, 64.958802], [37.794595, 64.920615], [38.046434, 64.853672], [38.144298, 64.844032], [38.357904, 64.852411], [38.385021, 64.844627], [38.368175, 64.809149], [38.403005, 64.774359], [38.294119, 64.803941], [38.24464, 64.781195], [38.162771, 64.788642], [38.06658, 64.781195], [38.036306, 64.761908], [38.045421, 64.74372], [38.125743, 64.69595], [38.108084, 64.678778], [38.039887, 64.658271], [38.048106, 64.645941], [38.062511, 64.643744], [38.162771, 64.671942], [38.169444, 64.684394], [38.166759, 64.704006], [38.186371, 64.723212], [38.274669, 64.732327], [38.339041, 64.758368], [38.375662, 64.761298], [38.44044, 64.742906], [38.472504, 64.743476], [38.49171, 64.767524], [38.416026, 64.802314], [38.418712, 64.818549], [38.448031, 64.817878], [38.511692, 64.787749], [38.737775, 64.747922], [38.922202, 64.732742], [39.14216, 64.662222], [39.330821, 64.639716], [39.341747, 64.622541], [39.444244, 64.58163], [39.566524, 64.545268], [39.736095, 64.555487], [39.759776, 64.562079], [39.746837, 64.576158], [39.766775, 64.581366], [39.923595, 64.603013], [39.902843, 64.624416], [39.786388, 64.596869], [39.809906, 64.659329], [39.8213, 64.671942], [39.850352, 64.675971], [40.0, 64.63787118551527], [40.0, 50.0], [38.344207556458166, 50.0], [38.314074, 50.049504]]], [[[39.872244, 65.276923], [39.780935, 65.322455], [39.740896, 65.356513], [39.712087, 65.401842], [39.709483, 65.447699], [39.718272, 65.49494], [39.749278, 65.552069], [39.826915, 65.607001], [39.979747, 65.656155], [40.0, 65.65894525991271], [40.0, 65.17006512970468], [39.872244, 65.276923]]], [[[22.698387, 54.342937], [20.0, 54.426747534392874], [20.0, 54.96590822340257], [20.033702, 54.948188], [20.205821, 54.958441], [20.365571, 54.946194], [20.482432, 54.975531], [20.634044, 55.048774], [20.822276, 55.180976], [20.924569, 55.282658], [20.989513, 55.270413], [20.941091, 55.248684], [20.937022, 55.237738], [20.913097, 55.233222], [20.834809, 55.152045], [20.687836, 55.050686], [20.533376, 54.973578], [20.530935, 54.964667], [20.558116, 54.940823], [20.763682, 54.947699], [20.805186, 54.940823], [20.860362, 54.911322], [20.969086, 54.899807], [21.039317, 54.903998], [21.055919, 54.914455], [21.078949, 54.899807], [21.090668, 54.901557], [21.106212, 54.91352], [21.230154, 54.93891], [21.243419, 54.961249], [21.219412, 55.013251], [21.181326, 55.171088], [21.183442, 55.201728], [21.201671, 55.214423], [21.222911, 55.201483], [21.259044, 55.204983], [21.271332, 55.220282], [21.267589, 55.248684], [21.349839, 55.287789], [21.37485, 55.28996], [21.405546, 55.27239], [21.467661, 55.211153], [21.503938, 55.19441], [21.60512, 55.192498], [21.645841, 55.181026], [21.750641, 55.127954], [21.819887, 55.119324], [21.873217, 55.094933], [21.942774, 55.078293], [22.003442, 55.093486], [22.015431, 55.088422], [22.02773, 55.044393], [22.049951, 55.033541], [22.09987, 55.029924], [22.142658, 55.054625], [22.251282, 55.070852], [22.436284, 55.057777], [22.541084, 55.075761], [22.580668, 55.057622], [22.608366, 54.992407], [22.633481, 54.957939], [22.715543, 54.951376], [22.75213, 54.931118], [22.740968, 54.917631], [22.749236, 54.909879], [22.821273, 54.885488], [22.844321, 54.832261], [22.845768, 54.79614], [22.832849, 54.778673], [22.764843, 54.737125], [22.724845, 54.723379], [22.727015, 54.705344], [22.700867, 54.679558], [22.708102, 54.635633], [22.681747, 54.5699], [22.674616, 54.492282], [22.680403, 54.453215], [22.76722, 54.35627], [22.698387, 54.342937]]], [[[28.599457, 60.576646], [28.575531, 60.58039], [28.561697, 60.594468], [28.561046, 60.629462], [28.575531, 60.643052], [28.604503, 60.645006], [28.617849, 60.639228], [28.634613, 60.601386], [28.599457, 60.576646]]], [[[29.800548, 59.985541], [29.786876, 59.975084], [29.6574, 60.025458], [29.713552, 60.021877], [29.791352, 59.994859], [29.800548, 59.985541]]], [[[27.892345, 59.995022], [27.820486, 59.982733], [27.804861, 59.989488], [27.802582, 59.999335], [27.820079, 60.030829], [27.88502, 60.011054], [27.892345, 59.995022]]], [[[27.027354, 60.02676], [27.020681, 60.017564], [26.984711, 60.017727], [26.944509, 60.091376], [26.950043, 60.099555], [26.964122, 60.099433], [27.022227, 60.042182], [27.027354, 60.02676]]], [[[28.721365, 60.287543], [28.703136, 60.280015], [28.694591, 60.261135], [28.624197, 60.270209], [28.551036, 60.30272], [28.541352, 60.347357], [28.568696, 60.343329], [28.580333, 60.348944], [28.586925, 60.340033], [28.612315, 60.337307], [28.682953, 60.299506], [28.721365, 60.287543]]], [[[28.524262, 60.331366], [28.518321, 60.312934], [28.503673, 60.311021], [28.425548, 60.360785], [28.4546, 60.366848], [28.484874, 60.361884], [28.524262, 60.331366]]], [[[36.031261, 64.373114], [36.044932, 64.360338], [36.033214, 64.342515], [35.975108, 64.332587], [35.898611, 64.374457], [35.856781, 64.387356], [35.856293, 64.403388], [35.883149, 64.412665], [35.918468, 64.413723], [36.031261, 64.373114]]], [[[35.864513, 65.012519], [35.836681, 64.990383], [35.74466, 64.961551], [35.730182, 64.972846], [35.723318, 65.026353], [35.603311, 65.038008], [35.563261, 65.052138], [35.505162, 65.095552], [35.506113, 65.121288], [35.524099, 65.144477], [35.649996, 65.153986], [35.663354, 65.16793], [35.733088, 65.172865], [35.78645, 65.165106], [35.815307, 65.154211], [35.866873, 65.075995], [35.855724, 65.064114], [35.84311, 65.068305], [35.796641, 65.114407], [35.781261, 65.07274], [35.859223, 65.044908], [35.866873, 65.031317], [35.864513, 65.012519]]], [[[32.407563, 67.120429], [32.407074, 67.107123], [32.393728, 67.100328], [32.337657, 67.124905], [32.341482, 67.136054], [32.35613, 67.139065], [32.407563, 67.120429]]], [[[34.121593, 69.405666], [34.215831, 69.407782], [34.406912, 69.352525], [34.380707, 69.341457], [34.026622, 69.353909], [33.975597, 69.369615], [33.98227, 69.381415], [34.121593, 69.405666]]], [[[39.938324, 64.662787], [39.871349, 64.684027], [39.824229, 64.679755], [39.855317, 64.699164], [39.984223, 64.719224], [40.0, 64.7143169013576], [40.0, 64.65735257560968], [39.938324, 64.662787]]], [[[39.980479, 64.729438], [39.943696, 64.727973], [39.949718, 64.741929], [40.0, 64.73754330398499], [40.0, 64.73664673232487], [39.980479, 64.729438]]], [[[36.025645, 65.036566], [36.005138, 65.026516], [35.906016, 65.021796], [35.891856, 65.040717], [35.927419, 65.054104], [36.01295, 65.051703], [36.025645, 65.036566]]], [[[36.260997, 65.154527], [36.201915, 65.138861], [36.136892, 65.137641], [36.066091, 65.125149], [35.951996, 65.146389], [35.942231, 65.154608], [35.94988, 65.180976], [35.990408, 65.19123], [35.990082, 65.183539], [36.009125, 65.183783], [36.058849, 65.158677], [36.260997, 65.154527]]]]}}, {"type": "Feature", "properties": {"name": "Estonia"}, "geometry": {"type": "MultiPolygon", "coordinates": [[[[24.324392, 57.886786], [24.333832, 57.921332], [24.381114, 57.983832], [24.398285, 58.023261], [24.464122, 58.07217], [24.464122, 58.120551], [24.472911, 58.154731], [24.454845, 58.196438], [24.46754, 58.217841], [24.470958, 58.250922], [24.548513, 58.289293], [24.560395, 58.312323], [24.551036, 58.333726], [24.528819, 58.350653], [24.444184, 58.386135], [24.361827, 58.397284], [24.315929, 58.37995], [24.295746, 58.354967], [24.286876, 58.318549], [24.243337, 58.280219], [24.210785, 58.271389], [24.156016, 58.276842], [24.111664, 58.241034], [24.083507, 58.250881], [24.053233, 58.278266], [23.980235, 58.318427], [23.854666, 58.339667], [23.833507, 58.353949], [23.805675, 58.346503], [23.77711, 58.354967], [23.755626, 58.340033], [23.740977, 58.343085], [23.718923, 58.399563], [23.68336, 58.422187], [23.677419, 58.435248], [23.684337, 58.499661], [23.678966, 58.524156], [23.663829, 58.5362], [23.622406, 58.52912], [23.584321, 58.544867], [23.573497, 58.551947], [23.561209, 58.583157], [23.546153, 58.579901], [23.516368, 58.554633], [23.501475, 58.562486], [23.498057, 58.572211], [23.51824, 58.603746], [23.493175, 58.673407], [23.497732, 58.696601], [23.506521, 58.70539], [23.535899, 58.702786], [23.546641, 58.709621], [23.53004, 58.722846], [23.533051, 58.747463], [23.584483, 58.737942], [23.697032, 58.751166], [23.755219, 58.733588], [23.802501, 58.730699], [23.804861, 58.747992], [23.783376, 58.755845], [23.779552, 58.766425], [23.785492, 58.777981], [23.816173, 58.784613], [23.87436, 58.771674], [23.815684, 58.799954], [23.78419, 58.800971], [23.75766, 58.785346], [23.739513, 58.798], [23.603363, 58.794827], [23.542735, 58.775377], [23.485525, 58.77733], [23.429454, 58.764838], [23.466563, 58.800727], [23.526134, 58.81977], [23.463634, 58.864163], [23.455089, 58.883002], [23.422374, 58.908677], [23.422048, 58.928697], [23.443696, 58.944037], [23.510102, 58.941596], [23.531912, 58.956692], [23.584483, 58.953559], [23.627696, 58.979153], [23.621593, 59.015326], [23.605479, 59.03266], [23.559825, 59.052802], [23.614431, 59.011298], [23.580333, 59.005072], [23.559825, 58.9914], [23.552989, 58.970893], [23.543305, 58.969875], [23.525645, 58.983954], [23.461274, 58.992377], [23.408376, 59.02558], [23.43629, 59.02558], [23.42921, 59.043606], [23.434906, 59.056098], [23.490733, 59.088284], [23.51824, 59.07331], [23.519379, 59.124986], [23.486176, 59.17414], [23.470876, 59.212144], [23.525645, 59.230414], [23.578461, 59.226304], [23.641856, 59.257392], [23.662283, 59.258287], [23.730479, 59.230414], [23.742198, 59.239407], [23.742931, 59.250149], [23.723643, 59.265082], [23.734874, 59.277737], [23.756847, 59.283637], [23.888845, 59.278754], [24.038585, 59.29328], [24.080577, 59.271308], [24.100108, 59.294501], [24.092052, 59.312567], [24.019379, 59.367255], [24.034841, 59.388658], [24.080577, 59.395453], [24.164887, 59.354071], [24.193858, 59.347724], [24.221934, 59.35517], [24.21339, 59.37226], [24.163097, 59.402289], [24.306163, 59.419094], [24.333832, 59.470608], [24.422537, 59.477444], [24.498302, 59.443834], [24.548188, 59.462958], [24.642589, 59.436428], [24.660492, 59.440619], [24.656586, 59.449897], [24.621837, 59.463121], [24.621837, 59.470608], [24.658539, 59.472073], [24.674978, 59.496039], [24.69752, 59.491034], [24.744395, 59.447211], [24.772634, 59.4501], [24.79005, 59.45893], [24.815766, 59.489325], [24.806814, 59.504706], [24.783539, 59.519843], [24.772634, 59.559963], [24.803477, 59.570502], [24.90919, 59.511542], [24.934418, 59.508043], [25.012218, 59.518378], [25.09783, 59.49787], [25.116466, 59.503119], [25.107921, 59.528998], [25.122081, 59.539496], [25.145518, 59.53913], [25.194102, 59.52265], [25.409434, 59.491034], [25.402354, 59.514309], [25.415782, 59.527086], [25.543712, 59.535142], [25.536143, 59.549302], [25.497081, 59.570868], [25.481944, 59.611151], [25.478526, 59.651516], [25.484874, 59.669827], [25.502452, 59.662258], [25.53533, 59.628974], [25.575043, 59.616889], [25.622325, 59.580471], [25.676768, 59.566067], [25.705903, 59.569281], [25.718516, 59.587592], [25.684825, 59.628648], [25.690684, 59.649359], [25.670665, 59.655504], [25.694672, 59.670885], [25.725352, 59.665839], [25.780528, 59.635688], [25.773123, 59.628241], [25.793712, 59.591213], [25.826182, 59.575263], [25.861339, 59.586127], [25.876231, 59.600898], [25.868826, 59.607733], [25.883067, 59.631334], [25.944509, 59.594672], [25.965017, 59.597317], [25.964366, 59.621405], [25.988536, 59.634345], [26.036388, 59.623236], [26.074474, 59.604315], [26.081716, 59.587307], [26.090994, 59.585639], [26.28004, 59.587307], [26.497813, 59.539984], [26.536469, 59.54267], [26.584727, 59.559963], [26.66505, 59.551947], [26.739024, 59.525824], [26.826915, 59.476955], [26.937673, 59.4501], [27.116222, 59.442043], [27.409028, 59.45189], [27.563162, 59.432074], [27.717052, 59.427151], [27.873302, 59.40762], [27.953461, 59.428168], [28.019054, 59.481757], [28.038578, 59.462987], [28.104827, 59.439215], [28.137796, 59.400355], [28.186475, 59.37493], [28.181825, 59.356068], [28.157537, 59.364026], [28.11356, 59.345423], [28.000647, 59.333744], [28.096869, 59.319429], [28.076611, 59.30527], [27.959719, 59.306459], [27.903909, 59.290387], [27.882308, 59.275659], [27.890783, 59.258038], [27.873523, 59.236489], [27.842414, 59.161196], [27.713326, 58.991904], [27.694412, 58.975936], [27.477785, 58.875426], [27.410606, 58.754864], [27.554886, 58.395248], [27.494115, 58.319542], [27.482849, 58.268641], [27.495355, 58.22146], [27.579691, 58.125859], [27.630437, 58.08829], [27.636587, 58.059196], [27.631574, 58.004161], [27.669091, 57.991965], [27.675189, 57.967806], [27.659376, 57.93246], [27.664957, 57.918404], [27.774408, 57.890705], [27.790841, 57.880861], [27.799316, 57.861069], [27.763452, 57.838667], [27.700717, 57.824844], [27.524604, 57.8073], [27.553853, 57.794768], [27.502435, 57.772547], [27.497835, 57.755675], [27.507757, 57.714773], [27.391434, 57.680201], [27.377016, 57.656714], [27.386989, 57.627646], [27.38208, 57.602687], [27.336605, 57.591731], [27.328027, 57.583153], [27.335571, 57.553904], [27.352935, 57.527601], [27.319965, 57.516129], [27.165659, 57.546695], [27.085354, 57.549434], [27.061531, 57.555661], [26.981071, 57.608991], [26.896115, 57.614986], [26.872654, 57.627181], [26.854154, 57.622556], [26.816327, 57.581189], [26.795759, 57.571319], [26.666982, 57.56486], [26.604763, 57.540313], [26.590087, 57.520366], [26.542235, 57.528169], [26.49955, 57.515819], [26.430924, 57.561707], [26.297185, 57.599147], [26.168511, 57.70405], [26.024747, 57.774356], [26.013068, 57.8073], [26.025264, 57.828409], [26.014515, 57.842827], [25.792616, 57.855979], [25.767502, 57.868924], [25.730295, 57.923132], [25.601517, 57.912203], [25.558315, 57.934243], [25.541676, 57.96282], [25.457185, 57.984059], [25.39662, 58.023178], [25.356519, 58.034753], [25.324583, 58.034753], [25.299572, 58.065604], [25.281692, 58.073407], [25.250686, 58.068498], [25.249549, 58.051186], [25.284379, 58.00814], [25.232496, 57.985376], [25.20211, 57.991965], [25.16697, 58.058731], [25.141028, 58.068007], [25.094209, 58.067309], [25.048838, 58.056199], [24.949309, 58.006435], [24.872518, 58.00044], [24.81681, 57.976669], [24.733508, 57.992198], [24.700435, 57.95419], [24.684829, 57.947575], [24.53383, 57.945069], [24.441639, 57.908094], [24.401539, 57.866469], [24.378181, 57.859441], [24.306159, 57.868186], [24.324392, 57.886786]]], [[[23.937999, 58.137274], [23.955333, 58.151801], [24.013357, 58.15351], [24.022146, 58.129869], [24.002452, 58.108547], [23.970714, 58.099595], [23.94337, 58.113186], [23.937999, 58.137274]]], [[[23.288585, 58.488186], [23.333263, 58.456366], [23.324962, 58.442288], [23.261404, 58.465888], [23.237641, 58.456366], [23.261729, 58.451606], [23.278005, 58.43651], [23.234874, 58.439887], [23.196056, 58.456366], [23.181895, 58.474677], [23.156505, 58.477525], [23.130382, 58.439521], [23.108653, 58.429023], [23.084239, 58.429633], [23.086762, 58.394965], [23.042491, 58.371487], [23.021983, 58.363227], [22.97755, 58.381659], [22.954845, 58.381049], [22.94752, 58.372626], [22.969493, 58.360175], [22.90268, 58.311835], [22.854015, 58.298733], [22.811209, 58.273424], [22.721202, 58.270331], [22.710134, 58.257758], [22.756684, 58.242255], [22.723155, 58.225409], [22.6692, 58.221503], [22.654959, 58.244696], [22.621349, 58.252753], [22.586192, 58.247789], [22.564952, 58.235175], [22.535004, 58.254055], [22.504161, 58.223538], [22.497244, 58.223049], [22.490977, 58.244696], [22.476817, 58.245103], [22.421641, 58.221625], [22.38795, 58.226752], [22.295095, 58.192857], [22.271739, 58.174262], [22.256847, 58.093248], [22.229259, 58.052191], [22.19988, 58.026028], [22.202973, 57.993964], [22.04835, 57.915107], [22.016856, 57.914496], [21.990082, 57.935614], [21.990733, 57.958238], [21.964122, 57.971381], [21.96339, 57.984036], [21.997569, 57.984036], [22.021332, 58.021226], [22.085704, 58.082587], [22.147716, 58.079576], [22.16505, 58.116889], [22.202973, 58.147895], [22.141856, 58.169501], [22.072276, 58.175849], [22.052989, 58.186591], [22.016856, 58.233873], [21.993826, 58.244696], [21.896495, 58.250718], [21.867849, 58.264594], [21.843761, 58.293606], [21.843272, 58.302151], [21.855642, 58.306871], [21.908214, 58.298733], [21.873302, 58.34162], [21.894542, 58.346503], [21.944591, 58.318752], [21.96339, 58.326606], [21.954926, 58.344062], [21.968028, 58.35456], [22.011241, 58.353949], [21.945974, 58.432278], [21.832367, 58.510972], [21.901378, 58.497992], [21.91627, 58.501166], [21.928477, 58.518378], [21.995616, 58.512519], [22.020763, 58.499254], [22.06422, 58.456692], [22.073578, 58.426907], [22.089366, 58.422187], [22.098481, 58.426093], [22.09311, 58.44953], [22.103689, 58.487209], [22.113617, 58.497992], [22.171886, 58.521552], [22.187755, 58.542873], [22.212901, 58.546373], [22.228852, 58.510565], [22.273204, 58.502021], [22.282888, 58.52204], [22.288341, 58.569322], [22.321951, 58.584784], [22.463064, 58.592922], [22.550304, 58.629584], [22.583181, 58.634508], [22.612641, 58.605699], [22.648123, 58.586737], [22.68214, 58.600328], [22.736339, 58.58808], [22.811371, 58.622952], [22.846365, 58.61343], [22.922048, 58.617418], [23.091075, 58.57095], [23.148285, 58.521552], [23.288585, 58.488186]]], [[[23.400238, 58.555406], [23.362153, 58.532457], [23.278575, 58.546373], [23.234874, 58.534654], [23.134613, 58.579901], [23.083263, 58.590522], [23.059337, 58.603461], [23.062836, 58.624579], [23.07545, 58.629828], [23.120942, 58.628323], [23.134613, 58.661811], [23.154633, 58.67593], [23.197765, 58.680609], [23.330251, 58.653062], [23.349132, 58.635077], [23.347504, 58.607164], [23.400238, 58.555406]]], [[[23.389659, 59.007514], [23.393728, 58.996243], [23.384776, 58.980536], [23.374278, 58.975531], [23.340099, 58.983954], [23.299083, 58.970893], [23.223399, 58.983954], [23.210785, 58.972968], [23.163259, 58.96894], [23.148285, 58.974026], [23.114106, 59.021796], [23.131358, 59.040717], [23.170177, 59.045885], [23.278005, 59.032375], [23.344249, 59.039293], [23.389659, 59.007514]]], [[[22.194998, 58.888007], [22.044688, 58.936184], [22.055512, 58.952704], [22.094249, 58.956041], [22.168224, 58.950385], [22.463064, 58.970893], [22.443533, 58.977729], [22.442068, 58.984687], [22.488455, 58.981147], [22.487559, 59.016425], [22.559255, 59.038398], [22.587169, 59.086982], [22.666677, 59.084906], [22.714122, 59.069566], [22.69158, 59.041164], [22.701345, 59.02497], [22.736664, 59.005072], [22.837169, 59.008612], [22.934093, 58.984036], [22.949555, 58.970893], [22.949555, 58.936184], [23.015147, 58.891791], [23.021739, 58.864081], [23.039073, 58.861029], [23.040538, 58.840766], [23.033539, 58.830308], [23.019054, 58.829088], [22.956798, 58.847398], [22.942231, 58.834215], [22.92921, 58.839993], [22.879568, 58.832709], [22.867198, 58.820054], [22.886974, 58.811835], [22.886729, 58.790473], [22.845388, 58.776516], [22.79005, 58.780992], [22.778331, 58.792182], [22.826915, 58.819159], [22.819347, 58.829657], [22.777599, 58.824368], [22.736664, 58.806464], [22.681, 58.724066], [22.654959, 58.702786], [22.611176, 58.690497], [22.555675, 58.686998], [22.50172, 58.69477], [22.463064, 58.716457], [22.497244, 58.737535], [22.449474, 58.786811], [22.439789, 58.841376], [22.429942, 58.852444], [22.354747, 58.892076], [22.194998, 58.888007]]], [[[24.550059, 59.557766], [24.542817, 59.547797], [24.516287, 59.544257], [24.489106, 59.559638], [24.487315, 59.578518], [24.500499, 59.596259], [24.51588, 59.59809], [24.550059, 59.557766]]], [[[23.275076, 57.798733], [23.270193, 57.785631], [23.250255, 57.784369], [23.217784, 57.80093], [23.224294, 57.823717], [23.260509, 57.813544], [23.275076, 57.798733]]]]}}, {"type": "Feature", "properties": {"name": "Latvia"}, "geometry": {"type": "Polygon", "coordinates": [[[27.528169, 57.528479], [27.525637, 57.46838], [27.511323, 57.430397], [27.536283, 57.415695], [27.640824, 57.389005], [27.707952, 57.348129], [27.827738, 57.304953], [27.840295, 57.290639], [27.846134, 57.267307], [27.841174, 57.211212], [27.824327, 57.15907], [27.794045, 57.143387], [27.700975, 57.118789], [27.682217, 57.103699], [27.696066, 57.085457], [27.745469, 57.067991], [27.75074, 57.042359], [27.723351, 56.998796], [27.715135, 56.957403], [27.648731, 56.879268], [27.62837, 56.844154], [27.661185, 56.839271], [27.786397, 56.871258], [27.830838, 56.864282], [27.913521, 56.82015], [27.918895, 56.805888], [27.865461, 56.742687], [27.882618, 56.725479], [27.98101, 56.687006], [27.991345, 56.669979], [27.997443, 56.603833], [28.010982, 56.587555], [28.126117, 56.547764], [28.132215, 56.535982], [28.093251, 56.501591], [28.104517, 56.483065], [28.164255, 56.437952], [28.167148, 56.369868], [28.217275, 56.270727], [28.215311, 56.255999], [28.193142, 56.231039], [28.169112, 56.161741], [28.148907, 56.142414], [28.110976, 56.156806], [27.98101, 56.118023], [27.92706, 56.109367], [27.880654, 56.063866], [27.781229, 56.016375], [27.776991, 55.992397], [27.744435, 55.959738], [27.64501, 55.922841], [27.617156, 55.878554], [27.610128, 55.83096], [27.592713, 55.794244], [27.438821, 55.79874], [27.374587, 55.814837], [27.349627, 55.831219], [27.263018, 55.787216], [27.151448, 55.832459], [27.110779, 55.836283], [26.981071, 55.826878], [26.900146, 55.778715], [26.822838, 55.70611], [26.743049, 55.682856], [26.64011, 55.695568], [26.615615, 55.687971], [26.594531, 55.666991], [26.48105, 55.678308], [26.34235, 55.716342], [26.279718, 55.743239], [26.178639, 55.84959], [26.017616, 55.937362], [25.871268, 55.992139], [25.766261, 56.058647], [25.696602, 56.087895], [25.661875, 56.140812], [25.572888, 56.143034], [25.522762, 56.156573], [25.454808, 56.149649], [25.109196, 56.183083], [25.073125, 56.197811], [25.04398, 56.22799], [25.026203, 56.260185], [24.973183, 56.300751], [24.910138, 56.421958], [24.892258, 56.438727], [24.870967, 56.442602], [24.857118, 56.435368], [24.845852, 56.40493], [24.805545, 56.408548], [24.678628, 56.377283], [24.639147, 56.359972], [24.538998, 56.287625], [24.481327, 56.26884], [24.44722, 56.260521], [24.414354, 56.265507], [24.318546, 56.29858], [24.138919, 56.257446], [24.07515, 56.271192], [23.981306, 56.312404], [23.858109, 56.334392], [23.724991, 56.328811], [23.723544, 56.345812], [23.706697, 56.354442], [23.609856, 56.353822], [23.517561, 56.328656], [23.481595, 56.330103], [23.288428, 56.373046], [23.17257, 56.357956], [23.154173, 56.351394], [23.162854, 56.341007], [23.112728, 56.310879], [23.062292, 56.304161], [23.016714, 56.32385], [22.956976, 56.401985], [22.924523, 56.412113], [22.666347, 56.349094], [22.604749, 56.379092], [22.511731, 56.395964], [22.214902, 56.390383], [22.139144, 56.415705], [22.094082, 56.41741], [21.684495, 56.310104], [21.596025, 56.307882], [21.419292, 56.237395], [21.327618, 56.224373], [21.254857, 56.185202], [21.229639, 56.163188], [21.190365, 56.084459], [21.053396, 56.072618], [21.028819, 56.147406], [20.973399, 56.232001], [20.969086, 56.253485], [20.982677, 56.301459], [20.970551, 56.388983], [21.003184, 56.434801], [21.01059, 56.475735], [21.000499, 56.510647], [21.006358, 56.519965], [21.024262, 56.510484], [21.044688, 56.462104], [21.030528, 56.448432], [21.044688, 56.442206], [21.044688, 56.421129], [21.030528, 56.408108], [21.061778, 56.38703], [21.079763, 56.403062], [21.068614, 56.424058], [21.072113, 56.46955], [21.05836, 56.503648], [21.030528, 56.524156], [21.003103, 56.530015], [20.992198, 56.548896], [21.05836, 56.688666], [21.065196, 56.774319], [21.052745, 56.828925], [21.065196, 56.84634], [21.222911, 56.907701], [21.277599, 56.949123], [21.360118, 56.989691], [21.382498, 57.008938], [21.413585, 57.073188], [21.414806, 57.113837], [21.401052, 57.151313], [21.414806, 57.184882], [21.414806, 57.270901], [21.433604, 57.306464], [21.480235, 57.333645], [21.517751, 57.3876], [21.589122, 57.438788], [21.699229, 57.555325], [21.729666, 57.573798], [21.771658, 57.586127], [21.999278, 57.600328], [22.483735, 57.742499], [22.585785, 57.759711], [22.610362, 57.754625], [22.600271, 57.743842], [22.590831, 57.706122], [22.590994, 57.644761], [22.656098, 57.585761], [22.878917, 57.481269], [22.950369, 57.432807], [23.031423, 57.394477], [23.130219, 57.370795], [23.138031, 57.343166], [23.174571, 57.297349], [23.198741, 57.224189], [23.222423, 57.207017], [23.260916, 57.098944], [23.292654, 57.088935], [23.340099, 57.05858], [23.508556, 57.031236], [23.585134, 56.979071], [23.69516, 56.967271], [23.866059, 56.99018], [23.952891, 57.013251], [23.991222, 57.031236], [24.035655, 57.068996], [24.074555, 57.074937], [24.210785, 57.123725], [24.219249, 57.138007], [24.278575, 57.161038], [24.278819, 57.17178], [24.288748, 57.1789], [24.379161, 57.230211], [24.400645, 57.258124], [24.408865, 57.298163], [24.405528, 57.344468], [24.375173, 57.528551], [24.358572, 57.55036], [24.374766, 57.613471], [24.357677, 57.685492], [24.299571, 57.743842], [24.285981, 57.832587], [24.306159, 57.868186], [24.378181, 57.859441], [24.401539, 57.866469], [24.441639, 57.908094], [24.53383, 57.945069], [24.684829, 57.947575], [24.700435, 57.95419], [24.733508, 57.992198], [24.81681, 57.976669], [24.872518, 58.00044], [24.949309, 58.006435], [25.048838, 58.056199], [25.094209, 58.067309], [25.141028, 58.068007], [25.16697, 58.058731], [25.20211, 57.991965], [25.216786, 57.985376], [25.264535, 57.994187], [25.284379, 58.00814], [25.249549, 58.051186], [25.250686, 58.068498], [25.281692, 58.073407], [25.299572, 58.065604], [25.324583, 58.034753], [25.356519, 58.034753], [25.39662, 58.023178], [25.457185, 57.984059], [25.541676, 57.96282], [25.558315, 57.934243], [25.601517, 57.912203], [25.730295, 57.923132], [25.767502, 57.868924], [25.792616, 57.855979], [26.014515, 57.842827], [26.025264, 57.828409], [26.013068, 57.8073], [26.024747, 57.774356], [26.168511, 57.70405], [26.297185, 57.599147], [26.430924, 57.561707], [26.49955, 57.515819], [26.542235, 57.528169], [26.590087, 57.520366], [26.604763, 57.540313], [26.666982, 57.56486], [26.795759, 57.571319], [26.816327, 57.581189], [26.854154, 57.622556], [26.872654, 57.627181], [26.896115, 57.614986], [26.981071, 57.608991], [27.061531, 57.555661], [27.085354, 57.549434], [27.165659, 57.546695], [27.319965, 57.516129], [27.352935, 57.527601], [27.528169, 57.528479]]]}}, {"type": "Feature", "properties": {"name": "Norway"}, "geometry": {"type": "MultiPolygon", "coordinates": [[[[20.102266, 69.022145], [20.341115, 68.910058], [20.348763, 68.893109], [20.356514, 68.804587], [20.338841, 68.765468], [20.236625, 68.659066], [20.151772, 68.606821], [20.0, 68.5542718196403], [20.0, 69.28903359648164], [20.070486, 69.336005], [20.225352, 69.384345], [20.277029, 69.392279], [20.354259, 69.468085], [20.441091, 69.522773], [20.452159, 69.555854], [20.482432, 69.577867], [20.646983, 69.521186], [20.791515, 69.509589], [20.837169, 69.49022], [20.853038, 69.495917], [20.718435, 69.528388], [20.684825, 69.547797], [20.647634, 69.585354], [20.492361, 69.627265], [20.482432, 69.636868], [20.488292, 69.648383], [20.52711, 69.677802], [20.541759, 69.70539], [20.535167, 69.730455], [20.513357, 69.748765], [20.482432, 69.756008], [20.482432, 69.763414], [20.642914, 69.77265], [20.785167, 69.801744], [20.822276, 69.828599], [20.824962, 69.841539], [20.791515, 69.879543], [20.829275, 69.883043], [21.051768, 69.944729], [21.09254, 69.948391], [21.09254, 69.942206], [20.982432, 69.904039], [20.893891, 69.859687], [20.893891, 69.852851], [20.955089, 69.846096], [20.969086, 69.832343], [20.951671, 69.829779], [20.941091, 69.818671], [21.020518, 69.788153], [21.050955, 69.797593], [21.004893, 69.813951], [20.996349, 69.824897], [21.049001, 69.832017], [21.068614, 69.842678], [21.05836, 69.859687], [21.170421, 69.875637], [21.188813, 69.869574], [21.180512, 69.85456], [21.12672, 69.811225], [21.17921, 69.819485], [21.222911, 69.845404], [21.209239, 69.907457], [21.325938, 69.907457], [21.270518, 69.929755], [21.209239, 69.93476], [21.225271, 69.974677], [21.250157643220344, 70.0], [21.513827461923164, 70.0], [21.558116, 69.989407], [21.556326, 69.975165], [21.569672, 69.965399], [21.606456, 69.955268], [21.578624, 69.927924], [21.608897, 69.911933], [21.684337, 69.890123], [21.75766, 69.88288], [21.904552, 69.825426], [21.930919, 69.808417], [21.942231, 69.78734], [21.957286, 69.777818], [22.051524, 69.749823], [22.03419, 69.743069], [21.977061, 69.749823], [22.000173, 69.740383], [22.061046, 69.733385], [22.098155, 69.749823], [22.05893, 69.77025], [22.056163, 69.793606], [21.915538, 69.838568], [21.999848, 69.83515], [22.018077, 69.845404], [22.011974, 69.859524], [21.930024, 69.87934], [21.929373, 69.910468], [21.913585, 69.945258], [21.928559, 69.962714], [21.921397, 69.976752], [21.928559, 69.98314], [22.024099, 69.9855], [22.034841, 69.979438], [22.02475, 69.955268], [22.052257, 69.938422], [22.061371, 69.956692], [22.05427029941057, 70.0], [23.120057660735842, 70.0], [23.119802, 69.998969], [23.12436, 69.987942], [23.148936, 69.975735], [23.094412, 69.955268], [23.125499, 69.944403], [23.283458, 69.993394], [23.314138, 69.996527], [23.339041, 69.977729], [23.309581, 69.949774], [23.329845, 69.948391], [23.467296, 69.985785], [23.479286987882624, 70.0], [27.438077973174536, 70.0], [27.380943, 69.974257], [27.334538, 69.968624], [27.323169, 69.959684], [27.352418, 69.948703], [27.3118, 69.929479], [27.10034, 69.901755], [27.007529, 69.922451], [26.951099, 69.920152], [26.864592, 69.938084], [26.771885, 69.928394], [26.706979, 69.935061], [26.533863, 69.925242], [26.500687, 69.918317], [26.435885, 69.874237], [26.447874, 69.856047], [26.418728, 69.835635], [26.316822, 69.794914], [26.198276, 69.715436], [26.00511, 69.689339], [25.961702, 69.652545], [25.964389, 69.642675], [26.00511, 69.610843], [26.003973, 69.587175], [25.960255, 69.548676], [25.900207, 69.532036], [25.886668, 69.520874], [25.906408, 69.501857], [25.885737, 69.479119], [25.886668, 69.455193], [25.841399, 69.417779], [25.877366, 69.370806], [25.786622, 69.312773], [25.737219, 69.218205], [25.734119, 69.191333], [25.771222, 69.135109], [25.760474, 69.115162], [25.750242, 69.059248], [25.765125, 69.043384], [25.765848, 69.030671], [25.801091, 69.013153], [25.804709, 69.006125], [25.79582, 68.993309], [25.753859, 68.978375], [25.726367, 68.94246], [25.694845, 68.925613], [25.651643, 68.883497], [25.627769, 68.874143], [25.481059, 68.887734], [25.43393, 68.883859], [25.201283, 68.812648], [25.162732, 68.784588], [25.149607, 68.764641], [25.143095, 68.695963], [25.13214, 68.676584], [25.144232, 68.668006], [25.13245, 68.647646], [25.117567, 68.637672], [24.951789, 68.605064], [24.927088, 68.570389], [24.905177, 68.556953], [24.879235, 68.554835], [24.829626, 68.594109], [24.754179, 68.637879], [24.663435, 68.666094], [24.332499, 68.708624], [24.186875, 68.744539], [24.131167, 68.776165], [23.929009, 68.816214], [23.852631, 68.816679], [23.787209, 68.799781], [23.767985, 68.755959], [23.734809, 68.715445], [23.641585, 68.694981], [23.481595, 68.685628], [23.197581, 68.618035], [23.17536, 68.621652], [23.071491, 68.680874], [23.019297, 68.686713], [22.851659, 68.675706], [22.570126, 68.726814], [22.409205, 68.712913], [22.3967, 68.731826], [22.371378, 68.822622], [22.277224, 68.857452], [22.200226, 68.908457], [22.160745, 68.956102], [22.023079, 69.012016], [21.662894, 69.263215], [21.638813, 69.27138], [21.313562, 69.291431], [21.098381, 69.239496], [21.079674, 69.230142], [21.033579, 69.181205], [21.156362, 69.087619], [21.099001, 69.043797], [21.071509, 69.036666], [20.744397, 69.104362], [20.716595, 69.098781], [20.623165, 69.036356], [20.102266, 69.022145]]], [[[20.245927, 68.477372], [20.0, 68.36449312555331], [20.0, 68.5326939592956], [20.245927, 68.477372]]], [[[20.060232, 69.579088], [20.112559, 69.585354], [20.031586, 69.588324], [20.0, 69.59539990506708], [20.0, 69.7675739154132], [20.007009, 69.7685], [20.167735, 69.942206], [20.170665, 69.880439], [20.207286, 69.858954], [20.201915, 69.924221], [20.207693, 69.93183], [20.270356, 69.967841], [20.292654, 69.971015], [20.314952, 69.963813], [20.417247, 69.890367], [20.425304, 69.877183], [20.399913, 69.845404], [20.393565, 69.804389], [20.363617, 69.778551], [20.318614, 69.681545], [20.330414, 69.663275], [20.383067, 69.63467], [20.382579, 69.598782], [20.365977, 69.585354], [20.29127, 69.573554], [20.274181, 69.560614], [20.304373, 69.544338], [20.269542, 69.517279], [20.263927, 69.502753], [20.278494, 69.485175], [20.266856, 69.468085], [20.24171, 69.459784], [20.215587, 69.468655], [20.19158, 69.413235], [20.168793, 69.393704], [20.000255, 69.348375], [20.0, 69.34824176260587], [20.0, 69.59101885160968], [20.060232, 69.579088]]], [[[20.006114, 69.842841], [20.002696, 69.821112], [20.0, 69.81656098162668], [20.0, 69.84017165951344], [20.006114, 69.842841]]], [[[20.002696, 69.325263], [20.0, 69.32350483469997], [20.0, 69.32706033333334], [20.002696, 69.325263]]], [[[29.685883, 69.96955], [29.440115, 69.900824], [29.398285, 69.869574], [29.36378, 69.859687], [29.435802, 69.862372], [29.471446, 69.887844], [29.535167, 69.914252], [29.60434, 69.901272], [29.629893, 69.90705], [29.667247, 69.901353], [29.714366, 69.913642], [29.741222, 69.907457], [29.731619, 69.894436], [29.746267, 69.877427], [29.741222, 69.865871], [29.775401, 69.838568], [29.755382, 69.828843], [29.73699, 69.802924], [29.649262, 69.771918], [29.64503, 69.756008], [29.624848, 69.754096], [29.589692, 69.72248], [29.507986, 69.708808], [29.543468, 69.708319], [29.487315, 69.661078], [29.521495, 69.668443], [29.567231, 69.694892], [29.680024, 69.735419], [29.820974, 69.743964], [29.901622, 69.736314], [30.030447, 69.775946], [30.062755, 69.77025], [30.000987, 69.725572], [29.936697, 69.705756], [29.939301, 69.68773], [29.952322, 69.705227], [30.071137, 69.739936], [30.114513, 69.706204], [30.18629, 69.68773], [30.187999, 69.695705], [30.110606, 69.756008], [30.188975, 69.762519], [30.206798, 69.77025], [30.208995, 69.78441], [30.158946, 69.811225], [30.167979, 69.846625], [30.165212, 69.879543], [30.289236, 69.886542], [30.323985, 69.867133], [30.318207, 69.85928], [30.268809, 69.845404], [30.29949, 69.838202], [30.371837, 69.847602], [30.402599, 69.831244], [30.412283, 69.780504], [30.409841, 69.702297], [30.388194, 69.680365], [30.337087, 69.674058], [30.360199, 69.667467], [30.443533, 69.678412], [30.452485, 69.715033], [30.447439, 69.733344], [30.466563, 69.747016], [30.451834, 69.781684], [30.459972, 69.790758], [30.450694, 69.810289], [30.482921, 69.818183], [30.698741, 69.808539], [30.720551, 69.797593], [30.700369, 69.783433], [30.703136, 69.7744], [30.71697, 69.77025], [30.840954, 69.805842], [30.843988, 69.766234], [30.877061, 69.737605], [30.884295, 69.702362], [30.927703, 69.672131], [30.927032, 69.57839], [30.898248, 69.544232], [30.852979, 69.527437], [30.755311, 69.521494], [30.511657, 69.536325], [30.294357, 69.620248], [30.230692, 69.637301], [30.186147, 69.641332], [30.119071, 69.634562], [30.14863, 69.618491], [30.208781, 69.608672], [30.228676, 69.582059], [30.231622, 69.558339], [30.210641, 69.528212], [30.154831, 69.506094], [30.137364, 69.452971], [30.123411, 69.441912], [30.001765, 69.394577], [29.948073, 69.365586], [29.900686, 69.358248], [29.751393, 69.357163], [29.661838, 69.32502], [29.60427, 69.315202], [29.434565, 69.311843], [29.37679, 69.301611], [29.334519, 69.277375], [29.307441, 69.226318], [29.302273, 69.200842], [29.268787, 69.166684], [29.240468, 69.115059], [29.221038, 69.098419], [29.120269, 69.046846], [29.064768, 69.034702], [29.008131, 69.036924], [28.954077, 69.027261], [28.839614, 69.080281], [28.827573, 69.090771], [28.826953, 69.106842], [28.84411, 69.181256], [28.86478, 69.216603], [29.229254, 69.376852], [29.344544, 69.464392], [29.203158, 69.585986], [29.14714, 69.663914], [29.131224, 69.674198], [28.40455, 69.802252], [28.379745, 69.822354], [28.381192, 69.856202], [28.167355, 69.894339], [27.99653645972324, 70.0], [29.430285429287345, 70.0], [29.685883, 69.96955]]], [[[21.701996, 69.954779], [21.736176, 69.948391], [21.729747, 69.938463], [21.695811, 69.927924], [21.677908, 69.934394], [21.667979, 69.948391], [21.701996, 69.954779]]], [[[20.980724, 69.981635], [20.975352, 69.962714], [20.94044, 69.946967], [20.891938, 69.937974], [20.842621, 69.937812], [20.805186, 69.948391], [20.761729, 69.987616], [20.760509, 69.999661], [20.760880815121162, 70.0], [21.0562567387431, 70.0], [20.980724, 69.981635]]], [[[20.696625, 69.877875], [20.720714, 69.837104], [20.706716, 69.817288], [20.606212, 69.793769], [20.553966, 69.800482], [20.526703, 69.821112], [20.522634, 69.839423], [20.529307, 69.854193], [20.562755, 69.895982], [20.598888, 69.904608], [20.713145, 69.909613], [20.722016, 69.90412], [20.722504, 69.897528], [20.696625, 69.877875]]], [[[30.099864, 69.834459], [30.107432, 69.828599], [30.087657, 69.817084], [29.976248, 69.800279], [29.90504, 69.777086], [29.846528, 69.796576], [29.830089, 69.790758], [29.846039, 69.779731], [29.795746, 69.756008], [29.713227, 69.763414], [29.735362, 69.790188], [29.830089, 69.838568], [29.80836, 69.865871], [29.815929, 69.891059], [29.842459, 69.908922], [29.877208, 69.914252], [29.994477, 69.893785], [30.000743, 69.865871], [30.028575, 69.852851], [30.021169, 69.832343], [30.099864, 69.834459]]]]}}, {"type": "Feature", "properties": {"name": "Sweden"}, "geometry": {"type": "MultiPolygon", "coordinates": [[[[20.675461, 69.018166], [20.79535, 69.011241], [20.863977, 68.986281], [20.911209, 68.9807], [20.934567, 68.966954], [20.934257, 68.949023], [20.917824, 68.932951], [20.887644, 68.92706], [20.884544, 68.9067], [20.905731, 68.894607], [21.072129, 68.869441], [21.216617, 68.817248], [21.305397, 68.755804], [21.406373, 68.74888], [21.46363, 68.686868], [21.495669, 68.675499], [21.572461, 68.667386], [21.716845, 68.619224], [21.737102, 68.587908], [21.919209, 68.568219], [22.036102, 68.506517], [22.038375, 68.488275], [22.072172, 68.47701], [22.303062, 68.476131], [22.371068, 68.46838], [22.377993, 68.454117], [22.456851, 68.451792], [22.607643, 68.42492], [22.662213, 68.427401], [22.748616, 68.385491], [22.808251, 68.394896], [22.903749, 68.336605], [23.066943, 68.290251], [23.081619, 68.265292], [23.140013, 68.234182], [23.155206, 68.217439], [23.149419, 68.19403], [23.159754, 68.178734], [23.149419, 68.139408], [23.165645, 68.122045], [23.272098, 68.144989], [23.306515, 68.145609], [23.330906, 68.127781], [23.382996, 68.051248], [23.484695, 68.015901], [23.573682, 67.97332], [23.643135, 67.963191], [23.662152, 67.950427], [23.661222, 67.932857], [23.636107, 67.913478], [23.532548, 67.89317], [23.498855, 67.882163], [23.481285, 67.864644], [23.476737, 67.841338], [23.484592, 67.737159], [23.518802, 67.652823], [23.550324, 67.610913], [23.553528, 67.587038], [23.47343, 67.554999], [23.484695, 67.542958], [23.431262, 67.48552], [23.443664, 67.461025], [23.477151, 67.443817], [23.594559, 67.45361], [23.765195, 67.420072], [23.751449, 67.346226], [23.785659, 67.337519], [23.763231, 67.306487], [23.735429, 67.289692], [23.602724, 67.260263], [23.591459, 67.225019], [23.61492, 67.213986], [23.573992, 67.173033], [23.58133, 67.153137], [23.666596, 67.097921], [23.676725, 67.058492], [23.72034, 67.016867], [23.743801, 67.001028], [23.816665, 66.9755], [23.873612, 66.92465], [23.93335, 66.888761], [24.004043, 66.8052], [23.999186, 66.796286], [23.984406, 66.792978], [23.939241, 66.791118], [23.892422, 66.750914], [23.903171, 66.686318], [23.88188, 66.6318], [23.893249, 66.59604], [23.88188, 66.563535], [23.807673, 66.539247], [23.806123, 66.528137], [23.785866, 66.518422], [23.731089, 66.503125], [23.731089, 66.487157], [23.676828, 66.474006], [23.652437, 66.458839], [23.642308, 66.436256], [23.665873, 66.40556], [23.677035, 66.363625], [23.662772, 66.316522], [23.689437, 66.25699], [23.724164, 66.206632], [23.785555, 66.176685], [23.889322, 66.161105], [23.911439, 66.148625], [23.974588, 66.072816], [24.01965, 66.048941], [24.055306, 65.985172], [24.05479, 65.947914], [24.102332, 65.908588], [24.12445, 65.8689], [24.163414, 65.840788], [24.163097, 65.822699], [24.14031, 65.804511], [24.032725, 65.809719], [24.053233, 65.796047], [23.957042, 65.78913], [23.943858, 65.766547], [23.926443, 65.760403], [23.885427, 65.773627], [23.871837, 65.794867], [23.854666, 65.78913], [23.781749, 65.793036], [23.761974, 65.822252], [23.739431, 65.829291], [23.690196, 65.830146], [23.635509, 65.796047], [23.623302, 65.79621], [23.607595, 65.809719], [23.484141, 65.815863], [23.490571, 65.829779], [23.470063, 65.833319], [23.422048, 65.802232], [23.437836, 65.792304], [23.428477, 65.765326], [23.38502, 65.775214], [23.374278, 65.790432], [23.374278, 65.822699], [23.352794, 65.821357], [23.312185, 65.796047], [23.289724, 65.795844], [23.230235, 65.822699], [23.195974, 65.826972], [23.183767, 65.819648], [23.182384, 65.802232], [23.190766, 65.789862], [23.237641, 65.768704], [23.148204, 65.745592], [23.128429, 65.733954], [23.129568, 65.715033], [23.103038, 65.704657], [23.078787, 65.707221], [23.086762, 65.727729], [23.045909, 65.761217], [22.944021, 65.775336], [22.901052, 65.798651], [22.860199, 65.796047], [22.837169, 65.807685], [22.785167, 65.864325], [22.653005, 65.908393], [22.634288, 65.905219], [22.68214, 65.87108], [22.699718, 65.803941], [22.688731, 65.775621], [22.663748, 65.757514], [22.648123, 65.755072], [22.653005, 65.778062], [22.62794, 65.790351], [22.569835, 65.796047], [22.511485, 65.774888], [22.505544, 65.783596], [22.511567, 65.794664], [22.531993, 65.809719], [22.518403, 65.822659], [22.4699, 65.843207], [22.477306, 65.856879], [22.405528, 65.863918], [22.370128, 65.861721], [22.367442, 65.843207], [22.325938, 65.836982], [22.367442, 65.809719], [22.364513, 65.797797], [22.319102, 65.802232], [22.360606, 65.761217], [22.32602, 65.7355], [22.24464, 65.76024], [22.209239, 65.761217], [22.249848, 65.735745], [22.361827, 65.716254], [22.38795, 65.672512], [22.33961, 65.665025], [22.329438, 65.689276], [22.307872, 65.700832], [22.281505, 65.701483], [22.257579, 65.69302], [22.268077, 65.68122], [22.257579, 65.665025], [22.284923, 65.631537], [22.18922, 65.624091], [22.300629, 65.611518], [22.319102, 65.631537], [22.284923, 65.665025], [22.293142, 65.673651], [22.308604, 65.669379], [22.333344, 65.651353], [22.325938, 65.645209], [22.380382, 65.634019], [22.384532, 65.627834], [22.340099, 65.61286], [22.333344, 65.604193], [22.411388, 65.579006], [22.428966, 65.548977], [22.405284, 65.541938], [22.369884, 65.562812], [22.274913, 65.587877], [22.250743, 65.583157], [22.256602, 65.569037], [22.228282, 65.572089], [22.126475, 65.603746], [22.05128, 65.617336], [22.006196, 65.641791], [21.963878, 65.646715], [21.929861, 65.663398], [21.852794, 65.67829], [21.809581, 65.710598], [21.764171, 65.727729], [21.787771, 65.686713], [21.847911, 65.660956], [21.970225, 65.631537], [22.052745, 65.597642], [22.132579, 65.578192], [22.170095, 65.553046], [22.202973, 65.548977], [22.176931, 65.539781], [22.09311, 65.535346], [22.065929, 65.514309], [22.047618, 65.52497], [22.011241, 65.517483], [21.853526, 65.535346], [21.927908, 65.489447], [21.950369, 65.49494], [21.921723, 65.508002], [21.947113, 65.509426], [22.031586, 65.467027], [22.011729, 65.432034], [21.997569, 65.426093], [21.966075, 65.433743], [21.942231, 65.453355], [21.932302, 65.441352], [21.942231, 65.411811], [21.927745, 65.40412], [21.88852, 65.40766], [21.88087, 65.418647], [21.820974, 65.401028], [21.790212, 65.400092], [21.705903, 65.414496], [21.688324, 65.41234], [21.702647, 65.398139], [21.656098, 65.397162], [21.631114, 65.400051], [21.610037, 65.418647], [21.586681, 65.418199], [21.544444, 65.411811], [21.544444, 65.405585], [21.59962, 65.398139], [21.59962, 65.391913], [21.489106, 65.393378], [21.469981, 65.377631], [21.489757, 65.370836], [21.448904, 65.357164], [21.491547, 65.348293], [21.542979, 65.31859], [21.565684, 65.315863], [21.583995, 65.32095], [21.585948, 65.336656], [21.604747, 65.333726], [21.701671, 65.285875], [21.699229, 65.271552], [21.668142, 65.252753], [21.622813, 65.24079], [21.576996, 65.238105], [21.544444, 65.247301], [21.489594, 65.305487], [21.408946, 65.333197], [21.345551, 65.372789], [21.312266, 65.370836], [21.332774, 65.364], [21.319509, 65.351386], [21.277843, 65.350043], [21.264415, 65.336656], [21.391368, 65.321845], [21.42213, 65.308783], [21.48227, 65.260972], [21.537608, 65.230902], [21.609874, 65.16885], [21.618826, 65.148017], [21.599864, 65.139065], [21.544444, 65.137437], [21.562836, 65.122504], [21.543793, 65.083075], [21.585948, 65.069159], [21.563162, 65.061265], [21.479259, 65.062323], [21.467052, 65.055487], [21.503429, 65.02143], [21.463145, 65.007717], [21.42213, 65.014594], [21.414806, 65.000922], [21.383149, 64.986558], [21.379405, 64.977362], [21.394216, 64.966783], [21.377778, 64.960028], [21.243419, 64.953111], [21.252208, 64.932563], [21.246837, 64.92178], [21.202403, 64.898505], [21.212576, 64.871975], [21.172699, 64.85342], [21.181326, 64.835842], [21.113048, 64.82274], [21.097341, 64.827541], [21.085216, 64.857571], [21.069102, 64.860745], [21.042003, 64.846869], [21.037364, 64.832709], [21.042328, 64.819892], [21.085216, 64.809149], [21.078949, 64.794867], [21.097179, 64.785305], [21.153982, 64.781195], [21.21754, 64.789252], [21.305837, 64.768297], [21.312266, 64.753852], [21.29949, 64.748847], [21.229177, 64.747707], [21.267263, 64.717515], [21.312266, 64.699286], [21.312266, 64.69245], [21.288748, 64.686835], [21.304942, 64.665717], [21.184825, 64.706732], [21.143891, 64.732978], [21.119884, 64.729682], [21.109141, 64.716376], [21.111176, 64.699368], [21.140391, 64.671942], [21.231944, 64.661078], [21.250255, 64.643988], [21.2317, 64.642646], [21.245128, 64.622016], [21.304942, 64.6105], [21.353282, 64.569525], [21.362804, 64.572211], [21.360118, 64.582587], [21.374034, 64.607978], [21.394216, 64.603013], [21.455577, 64.562486], [21.467296, 64.587348], [21.485606, 64.583441], [21.489757, 64.555854], [21.501231, 64.544176], [21.551931, 64.534735], [21.510997, 64.520941], [21.463145, 64.548407], [21.386567, 64.521715], [21.364594, 64.541693], [21.347341, 64.531968], [21.366954, 64.527981], [21.399181, 64.505194], [21.422537, 64.514635], [21.476085, 64.51496], [21.489757, 64.487006], [21.477712, 64.471666], [21.479666, 64.460842], [21.491954, 64.454332], [21.519867, 64.45539], [21.537608, 64.472724], [21.578624, 64.465888], [21.572439, 64.48017], [21.585948, 64.48017], [21.605317, 64.465644], [21.606456, 64.452216], [21.600108, 64.44245], [21.575206, 64.441107], [21.525727, 64.42178], [21.457286, 64.371649], [21.37322, 64.33039], [21.318533, 64.364081], [21.324229, 64.346625], [21.318533, 64.329332], [21.332774, 64.315009], [21.287771, 64.302314], [21.243907, 64.307074], [21.117035, 64.221137], [21.078949, 64.226874], [21.044688, 64.191555], [20.966563, 64.1494], [20.948497, 64.130072], [20.960785, 64.11286], [20.954275, 64.094794], [20.912364, 64.052924], [20.907563, 64.035102], [20.914399, 64.024237], [20.901378, 64.014065], [20.896983, 63.98371], [20.841482, 63.959418], [20.824962, 63.944729], [20.777192, 63.869371], [20.72934, 63.849555], [20.674815, 63.842719], [20.669932, 63.829088], [20.677908, 63.822577], [20.708995, 63.822211], [20.674653, 63.789252], [20.643077, 63.814521], [20.612641, 63.822211], [20.564952, 63.798326], [20.561778, 63.785224], [20.542654, 63.775336], [20.530935, 63.781236], [20.540863, 63.791693], [20.538748, 63.800767], [20.503429, 63.822008], [20.455821, 63.772203], [20.43686, 63.761176], [20.413585, 63.767564], [20.421072, 63.712348], [20.394298, 63.681098], [20.364919, 63.680732], [20.354747, 63.689154], [20.361664, 63.725491], [20.338878, 63.750149], [20.32545, 63.753974], [20.316661, 63.740058], [20.318126, 63.679023], [20.307953, 63.654364], [20.295177, 63.652248], [20.267589, 63.6706], [20.286632, 63.720771], [20.284434, 63.732856], [20.246104, 63.698228], [20.236013, 63.67357], [20.242849, 63.650865], [20.153494, 63.650865], [20.119884, 63.642483], [20.092052, 63.664537], [20.034516, 63.656806], [20.011078, 63.634101], [20.030528, 63.602484], [20.0, 63.60820143934119], [20.0, 68.360571451404], [20.010282, 68.36389], [20.245927, 68.477372], [20.0, 68.5326939592956], [20.0, 68.5542718196403], [20.151772, 68.606821], [20.236625, 68.659066], [20.338841, 68.765468], [20.356514, 68.804587], [20.348763, 68.893109], [20.341115, 68.910058], [20.102266, 69.022145], [20.623165, 69.036356], [20.675461, 69.018166]]], [[[20.864919, 63.79682], [20.904633, 63.793524], [20.920421, 63.773749], [20.873546, 63.753974], [20.88087, 63.760728], [20.87322, 63.770697], [20.839203, 63.767564], [20.864919, 63.79682]]], [[[20.85613, 63.650946], [20.825938, 63.643622], [20.827647, 63.653144], [20.864594, 63.676744], [20.87086, 63.669379], [20.85613, 63.650946]]], [[[20.948497, 63.774604], [20.932872, 63.745307], [20.932872, 63.715277], [20.923106, 63.703192], [20.864757, 63.683092], [20.862071, 63.693345], [20.88087, 63.742377], [20.948497, 63.774604]]], [[[22.417817, 65.449937], [22.410411, 65.441311], [22.375662, 65.430732], [22.285167, 65.431627], [22.29477, 65.452867], [22.306407, 65.45539], [22.33253, 65.44302], [22.37086, 65.459459], [22.417817, 65.449937]]], [[[22.142589, 65.445787], [22.147309, 65.468655], [22.174001, 65.474311], [22.210216, 65.465806], [22.215343, 65.460028], [22.206554, 65.450181], [22.233165, 65.423896], [22.2317, 65.418118], [22.153575, 65.430365], [22.142589, 65.445787]]], [[[22.610525, 65.523993], [22.614268, 65.511908], [22.567556, 65.516913], [22.552989, 65.530097], [22.55893, 65.538275], [22.610525, 65.523993]]], [[[22.186778, 65.537828], [22.22641, 65.543931], [22.318614, 65.523993], [22.358735, 65.503974], [22.358246, 65.495063], [22.332693, 65.491645], [22.278819, 65.513251], [22.270518, 65.509833], [22.270518, 65.496894], [22.285492, 65.479193], [22.280121, 65.478217], [22.218761, 65.506781], [22.186778, 65.537828]]], [[[22.625824, 65.593411], [22.641449, 65.589097], [22.597423, 65.553941], [22.539317, 65.563666], [22.529145, 65.576239], [22.625824, 65.593411]]], [[[22.554454, 65.605373], [22.595063, 65.612982], [22.604503, 65.600287], [22.57016, 65.594794], [22.554454, 65.605373]]], [[[22.985118, 65.700263], [22.960948, 65.690131], [22.971934, 65.66706], [22.927257, 65.684516], [22.882172, 65.720445], [22.886241, 65.737372], [22.930024, 65.741889], [22.956228, 65.733222], [22.959727, 65.725328], [22.944835, 65.724555], [22.985118, 65.700263]]], [[[23.802745, 65.74372], [23.784679, 65.718207], [23.738292, 65.696723], [23.69988, 65.707465], [23.681488, 65.721666], [23.681651, 65.743069], [23.689626, 65.74844], [23.704763, 65.735989], [23.713552, 65.751899], [23.753673, 65.741278], [23.775157, 65.749579], [23.786957, 65.743638], [23.797211, 65.75373], [23.802745, 65.74372]]], [[[22.726248, 65.729967], [22.735525, 65.766343], [22.746837, 65.770413], [22.790782, 65.750312], [22.811371, 65.714097], [22.805431, 65.705227], [22.741059, 65.713609], [22.726248, 65.729967]]]]}}, {"type": "Feature", "properties": {"name": "Finland"}, "geometry": {"type": "MultiPolygon", "coordinates": [[[[28.833464, 68.984473], [28.713265, 68.968039], [28.456226, 68.900137], [28.410234, 68.898535], [28.413128, 68.880086], [28.444238, 68.865823], [28.645672, 68.871663], [28.728251, 68.865048], [28.801477, 68.835489], [28.716366, 68.727951], [28.447907, 68.52972], [28.447441, 68.514889], [28.460981, 68.491066], [28.663759, 68.204003], [28.690321, 68.183178], [28.727218, 68.172687], [29.33085, 68.072694], [29.360151, 68.056726], [29.651192, 67.823562], [29.713824, 67.792504], [30.009413, 67.685844], [29.977684, 67.662228], [29.959907, 67.571587], [29.916241, 67.508129], [29.519831, 67.298167], [29.490685, 67.262976], [29.429397, 67.232771], [29.099908, 66.991132], [29.051539, 66.907803], [29.089159, 66.837549], [29.32222, 66.680065], [29.363975, 66.624591], [29.392397, 66.60529], [29.40945, 66.56847], [29.524482, 66.491214], [29.569699, 66.378172], [29.650882, 66.287893], [29.792372, 66.180871], [29.875365, 66.133587], [29.900169, 66.108059], [29.95846, 65.973881], [29.997941, 65.931532], [30.075146, 65.822805], [30.111733, 65.712011], [30.113903, 65.665502], [30.098503, 65.656381], [30.003005, 65.678137], [29.76426, 65.648087], [29.702869, 65.62938], [29.732324, 65.60871], [29.806738, 65.584861], [29.838571, 65.564888], [29.74545, 65.511403], [29.72633, 65.491507], [29.718165, 65.454171], [29.730567, 65.365365], [29.720129, 65.329088], [29.615122, 65.269402], [29.580085, 65.235399], [29.626698, 65.215219], [29.766844, 65.217364], [29.833197, 65.205013], [29.839294, 65.166902], [29.809115, 65.145224], [29.808185, 65.135302], [29.850198, 65.121504], [29.845599, 65.108017], [29.820484, 65.093651], [29.667832, 65.077941], [29.627318, 65.062231], [29.598379, 65.034378], [29.588147, 64.991435], [29.633622, 64.90715], [29.698321, 64.839144], [29.78028, 64.795581], [29.877845, 64.784832], [30.062537, 64.78416], [30.118864, 64.767934], [30.109149, 64.720082], [30.17054, 64.681686], [30.1878, 64.662359], [30.180824, 64.642774], [30.136434, 64.615385], [29.965798, 64.578643], [29.954843, 64.56898], [29.968486, 64.56283], [29.978976, 64.518337], [29.991533, 64.513221], [29.9905, 64.504178], [30.035768, 64.491465], [30.070391, 64.47188], [30.032461, 64.396949], [30.052977, 64.378087], [30.093129, 64.361241], [30.164443, 64.341914], [30.321126, 64.317677], [30.370477, 64.300831], [30.445976, 64.250756], [30.50344, 64.24378], [30.558475, 64.219699], [30.532482, 64.179184], [30.532792, 64.162545], [30.586432, 64.084668], [30.58049, 64.051079], [30.552326, 64.021726], [30.509331, 63.991392], [30.328567, 63.895998], [30.265573, 63.830679], [30.201546, 63.792645], [30.051271, 63.763758], [29.980785, 63.741537], [30.001145, 63.715337], [30.242474, 63.581805], [30.38045, 63.532454], [30.461065, 63.472871], [30.82094, 63.375668], [30.974936, 63.289161], [31.203966, 63.21268], [31.22567, 63.19604], [31.240759, 63.135734], [31.262773, 63.100594], [31.380337, 63.047936], [31.444468, 63.001944], [31.480641, 62.986337], [31.505446, 62.968199], [31.535832, 62.91952], [31.569525, 62.905929], [31.441264, 62.788701], [31.410568, 62.746533], [31.363336, 62.651577], [31.284064, 62.572978], [31.243757, 62.503344], [31.168619, 62.476007], [31.12335, 62.434821], [30.98062, 62.358805], [30.925636, 62.302116], [30.647721, 62.192768], [30.607206, 62.151272], [30.480702, 62.067685], [30.339574, 61.991669], [29.977684, 61.728171], [29.84224, 61.660165], [29.779143, 61.593115], [29.635121, 61.511104], [29.51704, 61.47506], [29.4634, 61.413824], [29.318396, 61.338428], [29.203158, 61.245901], [29.130087, 61.213422], [28.980846, 61.168102], [28.855479, 61.112679], [28.797601, 61.09684], [28.688977, 61.027387], [28.614563, 60.961939], [28.526403, 60.950234], [28.480928, 60.933465], [28.335924, 60.859387], [28.24394, 60.791588], [28.148132, 60.757714], [27.98101, 60.649477], [27.807872, 60.553046], [27.762055, 60.580146], [27.739513, 60.574164], [27.753184, 60.559882], [27.736176, 60.555569], [27.733409, 60.544257], [27.753184, 60.518948], [27.732677, 60.512112], [27.753184, 60.505845], [27.705414, 60.485419], [27.636485, 60.492255], [27.645763, 60.503567], [27.691661, 60.518948], [27.632172, 60.521674], [27.615977, 60.512112], [27.61085, 60.492133], [27.629649, 60.471137], [27.592459, 60.477362], [27.508474, 60.513861], [27.472667, 60.505845], [27.493175, 60.492255], [27.472667, 60.477973], [27.506684, 60.457465], [27.456798, 60.46369], [27.369314, 60.49787], [27.232432, 60.512112], [27.230805, 60.526313], [27.308116, 60.525784], [27.211925, 60.559882], [27.227712, 60.579576], [27.21461, 60.584947], [27.191742, 60.579739], [27.177745, 60.567328], [27.200694, 60.523261], [27.177745, 60.512112], [27.169688, 60.528632], [27.137706, 60.529039], [27.112559, 60.54682], [27.08839, 60.525784], [27.054373, 60.54682], [27.024425, 60.536078], [27.02711, 60.519924], [26.99822, 60.488023], [26.931407, 60.485419], [26.965343, 60.458482], [26.962413, 60.447211], [26.914724, 60.474555], [26.79363, 60.457465], [26.814708, 60.485419], [26.797048, 60.485907], [26.742442, 60.468004], [26.739024, 60.436957], [26.687348, 60.418158], [26.635916, 60.450629], [26.594412, 60.452297], [26.577159, 60.447333], [26.574474, 60.436957], [26.553396, 60.43301], [26.527354, 60.439887], [26.482677, 60.468004], [26.474864, 60.48725], [26.536632, 60.51553], [26.56365, 60.543362], [26.567393, 60.580959], [26.625011, 60.609605], [26.666677, 60.606431], [26.753184, 60.574164], [26.731781, 60.61286], [26.699229, 60.640204], [26.65919, 60.651801], [26.615489, 60.643052], [26.591807, 60.628567], [26.465831, 60.508124], [26.456228, 60.474555], [26.485688, 60.443793], [26.469412, 60.427476], [26.451508, 60.41649], [26.416352, 60.411933], [26.424164, 60.395982], [26.383311, 60.41649], [26.381196, 60.398749], [26.35141, 60.392808], [26.342052, 60.375556], [26.323985, 60.383002], [26.290212, 60.423326], [26.245616, 60.450873], [26.231781, 60.450629], [26.22934, 60.438422], [26.273448, 60.402167], [26.178966, 60.410631], [26.142426, 60.395982], [25.980968, 60.475775], [25.917247, 60.485419], [25.917247, 60.477973], [25.971853, 60.464911], [26.003754, 60.440497], [26.028982, 60.433336], [26.04005, 60.405951], [26.006847, 60.400539], [26.012218, 60.388577], [26.060557, 60.368109], [26.108165, 60.335924], [26.091319, 60.306627], [26.04005, 60.299791], [26.038829, 60.322659], [25.997081, 60.354926], [26.00587, 60.368109], [25.956554, 60.356024], [25.888357, 60.389146], [25.842052, 60.402167], [25.917247, 60.361274], [25.884288, 60.320014], [25.883067, 60.306627], [25.921235, 60.265286], [25.930186, 60.245185], [25.894867, 60.249579], [25.868826, 60.265692], [25.876231, 60.272528], [25.861013, 60.284003], [25.800548, 60.292955], [25.753754, 60.320746], [25.739024, 60.313463], [25.745372, 60.295803], [25.848888, 60.265692], [25.780528, 60.25141], [25.780528, 60.245185], [25.761974, 60.240383], [25.735525, 60.24726], [25.649669, 60.299791], [25.65089, 60.313463], [25.670584, 60.32746], [25.649669, 60.33393], [25.649669, 60.341376], [25.704356, 60.341376], [25.690196, 60.36286], [25.66863, 60.364651], [25.602712, 60.338568], [25.526134, 60.327094], [25.526134, 60.32095], [25.54127, 60.316352], [25.545095, 60.292304], [25.540375, 60.278713], [25.522227, 60.271389], [25.516856, 60.254543], [25.502778, 60.246161], [25.361664, 60.245185], [25.363455, 60.260077], [25.350922, 60.267239], [25.313813, 60.272528], [25.3213, 60.25141], [25.19752, 60.245185], [25.185802, 60.223131], [25.156261, 60.232164], [25.15504, 60.223782], [25.203949, 60.20425], [25.181407, 60.200507], [25.197113, 60.190619], [25.094737, 60.176337], [25.101573, 60.190619], [25.058604, 60.177314], [25.047862, 60.168891], [25.067393, 60.162665], [25.029307, 60.147854], [24.997895, 60.162665], [25.010753, 60.169867], [25.02589, 60.199449], [25.019054, 60.211086], [24.99879, 60.212836], [24.950938, 60.143459], [24.845225, 60.143744], [24.834158, 60.155829], [24.870942, 60.161689], [24.868826, 60.179755], [24.842459, 60.194648], [24.806814, 60.190619], [24.827322, 60.162665], [24.772634, 60.142157], [24.679698, 60.130113], [24.670258, 60.101223], [24.656423, 60.100979], [24.642263, 60.129096], [24.630626, 60.136298], [24.554047, 60.155951], [24.549001, 60.152777], [24.560395, 60.142157], [24.596853, 60.127265], [24.587657, 60.114814], [24.548025, 60.099677], [24.540375, 60.087551], [24.608165, 60.101223], [24.573985, 60.07392], [24.594493, 60.066474], [24.594493, 60.060248], [24.527029, 60.035346], [24.46811, 59.996405], [24.445649, 59.992255], [24.41627, 59.99136], [24.464122, 60.046576], [24.446137, 60.047512], [24.374766, 60.00495], [24.367686, 60.02204], [24.312673, 59.997504], [24.319102, 60.014146], [24.357677, 60.036038], [24.367931, 60.07392], [24.319672, 60.075832], [24.295909, 60.072211], [24.278575, 60.060248], [24.292247, 60.052802], [24.252452, 60.03974], [24.176524, 60.048041], [24.158458, 60.043036], [24.15797, 60.034491], [24.182953, 60.025458], [24.164236, 60.019436], [24.105968, 60.031928], [24.068126, 60.020575], [24.046397, 60.025458], [24.028168, 60.009345], [24.009613, 60.010565], [24.002615, 60.020982], [24.019216, 60.03974], [24.000824, 60.038275], [23.955333, 60.003567], [23.873057, 59.993069], [23.79949, 59.95661], [23.771251, 59.967963], [23.607595, 59.95661], [23.573497, 59.977688], [23.429454, 59.95661], [23.483572, 60.011298], [23.540863, 60.02912], [23.534353, 60.053697], [23.546153, 60.07392], [23.498302, 60.0633], [23.47877, 60.036119], [23.453787, 60.027981], [23.439708, 59.994452], [23.40797, 59.980414], [23.326427, 59.923041], [23.237153, 59.898017], [23.222341, 59.886217], [23.222179, 59.867825], [23.233165, 59.851996], [23.251313, 59.847968], [23.251313, 59.841132], [23.068126, 59.820787], [23.006847, 59.826158], [22.905121, 59.811225], [22.888194, 59.813178], [22.946137, 59.847968], [23.168142, 59.888902], [23.161143, 59.910224], [23.165863, 59.91767], [23.247081, 59.922431], [23.293712, 59.958686], [23.326427, 60.009345], [23.332856, 60.029853], [23.315929, 60.022406], [23.249766, 59.948472], [23.223399, 59.929877], [23.203624, 59.929877], [23.209727, 59.943549], [23.188813, 59.950181], [23.168142, 59.943549], [23.171235, 59.936428], [23.131847, 59.942939], [23.110688, 59.923285], [23.100597, 59.940416], [23.111339, 59.97427], [23.203624, 59.997504], [23.257579, 60.03974], [23.205089, 60.049709], [23.106212, 60.039049], [23.035492, 60.044582], [22.996918, 60.062079], [22.990733, 60.077338], [22.997244, 60.089667], [23.045909, 60.121649], [23.025401, 60.135321], [23.004893, 60.107367], [22.969493, 60.094387], [22.958669, 60.121568], [22.907888, 60.131781], [22.874685, 60.149604], [22.88559, 60.169338], [22.867198, 60.183743], [22.92156, 60.231147], [23.007579, 60.277004], [23.045909, 60.327094], [23.082856, 60.345893], [23.080577, 60.355048], [23.060313, 60.357327], [23.03419, 60.34394], [22.998057, 60.306627], [22.941173, 60.316474], [22.877126, 60.301093], [22.736176, 60.238186], [22.525076, 60.20425], [22.593435, 60.232164], [22.573497, 60.234931], [22.572032, 60.242662], [22.590343, 60.262274], [22.648123, 60.278713], [22.574555, 60.270819], [22.503591, 60.247056], [22.449474, 60.245185], [22.459158, 60.26496], [22.540294, 60.318996], [22.545665, 60.33393], [22.627615, 60.375393], [22.631358, 60.389553], [22.624278, 60.399075], [22.580821, 60.375922], [22.543468, 60.372545], [22.463064, 60.375556], [22.483572, 60.402167], [22.291515, 60.382636], [22.181488, 60.430487], [22.11671, 60.436957], [22.101085, 60.462144], [22.064464, 60.436347], [22.047048, 60.438788], [22.018077, 60.457465], [22.018077, 60.471137], [21.981944, 60.476752], [21.983897, 60.492255], [21.935395, 60.492255], [21.950369, 60.518948], [21.903168, 60.528876], [21.853526, 60.525784], [21.843923, 60.51553], [21.874034, 60.477973], [21.806, 60.485989], [21.78533, 60.477973], [21.802989, 60.525133], [21.807872, 60.575588], [21.819591, 60.585028], [21.846039, 60.587836], [21.828461, 60.606391], [21.840505, 60.62873], [21.731781, 60.581732], [21.678966, 60.576483], [21.661794, 60.567328], [21.668956, 60.545233], [21.65561, 60.525946], [21.654307, 60.508979], [21.641449, 60.495754], [21.612071, 60.488837], [21.558116, 60.492255], [21.583751, 60.505032], [21.569672, 60.526435], [21.517751, 60.567328], [21.578624, 60.559882], [21.578624, 60.567328], [21.486095, 60.574164], [21.442638, 60.567328], [21.408539, 60.58039], [21.408539, 60.587836], [21.428396, 60.594062], [21.414806, 60.608303], [21.462657, 60.601752], [21.469981, 60.608303], [21.379649, 60.64704], [21.353282, 60.676581], [21.353282, 60.690172], [21.438975, 60.680325], [21.445649, 60.692857], [21.42213, 60.725002], [21.469981, 60.725002], [21.469981, 60.731147], [21.427094, 60.736518], [21.38738, 60.752346], [21.42213, 60.759101], [21.400238, 60.774563], [21.374278, 60.779608], [21.38087, 60.793402], [21.374278, 60.807603], [21.36085, 60.81623], [21.346446, 60.813137], [21.328868, 60.827541], [21.325938, 60.834866], [21.336436, 60.844713], [21.318533, 60.864691], [21.407888, 60.864569], [21.428396, 60.8758], [21.38087, 60.882025], [21.353282, 60.902533], [21.390798, 60.916815], [21.428396, 60.902533], [21.412771, 60.933498], [21.392589, 60.939032], [21.335704, 61.004584], [21.318533, 61.012356], [21.339041, 61.026597], [21.311534, 61.037543], [21.298676, 61.060126], [21.38738, 61.040269], [21.408865, 61.04328], [21.407725, 61.050727], [21.366954, 61.060126], [21.395274, 61.069403], [21.453868, 61.054999], [21.48227, 61.060126], [21.454845, 61.078192], [21.45045, 61.090766], [21.463145, 61.101142], [21.435232, 61.142727], [21.469981, 61.149563], [21.442638, 61.155748], [21.456309, 61.169989], [21.442638, 61.169989], [21.503429, 61.177436], [21.496593, 61.191107], [21.558116, 61.204169], [21.543468, 61.225084], [21.476085, 61.245754], [21.508311, 61.266832], [21.503429, 61.279853], [21.544444, 61.279853], [21.544444, 61.320868], [21.530772, 61.334459], [21.524262, 61.375312], [21.503429, 61.389106], [21.448904, 61.402777], [21.477875, 61.411566], [21.541677, 61.408393], [21.572439, 61.416409], [21.510265, 61.457994], [21.42213, 61.485338], [21.555675, 61.475165], [21.592133, 61.485338], [21.565603, 61.519477], [21.510265, 61.519477], [21.469981, 61.54682], [21.460134, 61.562405], [21.48227, 61.567857], [21.507986, 61.570136], [21.623383, 61.545885], [21.68686, 61.524482], [21.716319, 61.519477], [21.716319, 61.526923], [21.614268, 61.585435], [21.591807, 61.628119], [21.537608, 61.649848], [21.544119, 61.672838], [21.517751, 61.711249], [21.570323, 61.695014], [21.585948, 61.697659], [21.489268, 61.736965], [21.469981, 61.759711], [21.489024, 61.79914], [21.486095, 61.811184], [21.444591, 61.826321], [21.448904, 61.84162], [21.403168, 61.87641], [21.394216, 61.88939], [21.414073, 61.906887], [21.393565, 61.913235], [21.380544, 61.937812], [21.312511, 61.939846], [21.277517, 61.951483], [21.294932, 61.97134], [21.236583, 61.985012], [21.276215, 62.050198], [21.289073, 62.121568], [21.296397, 62.130439], [21.312266, 62.109117], [21.329112, 62.138129], [21.33253, 62.152574], [21.325938, 62.163764], [21.383962, 62.194485], [21.389903, 62.208157], [21.353282, 62.232001], [21.374278, 62.266791], [21.352306, 62.266018], [21.312266, 62.232001], [21.332774, 62.294094], [21.339041, 62.355536], [21.28533, 62.345282], [21.270681, 62.349311], [21.260427, 62.371975], [21.277517, 62.39647], [21.270681, 62.410793], [21.205089, 62.359687], [21.202403, 62.349189], [21.216075, 62.335028], [21.194347, 62.337063], [21.189789, 62.352444], [21.202403, 62.390326], [21.181326, 62.39647], [21.202403, 62.417629], [21.166759, 62.421332], [21.133556, 62.403957], [21.131358, 62.416693], [21.154552, 62.464789], [21.124278, 62.45482], [21.116384, 62.46015], [21.115571, 62.495795], [21.124278, 62.509996], [21.154552, 62.527493], [21.12672, 62.554145], [21.188162, 62.584866], [21.209239, 62.582099], [21.193533, 62.600898], [21.121593, 62.609442], [21.106212, 62.623033], [21.065196, 62.595771], [21.083181, 62.659247], [21.078949, 62.67829], [21.125743, 62.690172], [21.160818, 62.719306], [21.160167, 62.73017], [21.140391, 62.732896], [21.116466, 62.749661], [21.107921, 62.767035], [21.113536, 62.781195], [21.15089, 62.794379], [21.18336, 62.782375], [21.216075, 62.814846], [21.226736, 62.858466], [21.243419, 62.869452], [21.335704, 62.855455], [21.390798, 62.880316], [21.42213, 62.941799], [21.463145, 62.951402], [21.446544, 62.987006], [21.444102, 63.04092], [21.456309, 63.047553], [21.480479, 63.043036], [21.48227, 63.058173], [21.495128, 63.071723], [21.625743, 63.023871], [21.656749, 63.01789], [21.688487, 63.027086], [21.559581, 63.09512], [21.553233, 63.108588], [21.572439, 63.123358], [21.545909, 63.117906], [21.520844, 63.126776], [21.516124, 63.155463], [21.503429, 63.157457], [21.510509, 63.168402], [21.551931, 63.171129], [21.551931, 63.177924], [21.512869, 63.185004], [21.500987, 63.19245], [21.496593, 63.20897], [21.523774, 63.225409], [21.558116, 63.232611], [21.615408, 63.203925], [21.647227, 63.197659], [21.667979, 63.21955], [21.742361, 63.199652], [21.764171, 63.205878], [21.702647, 63.21955], [21.702647, 63.225775], [21.743663, 63.239407], [21.79835, 63.239407], [21.894542, 63.260484], [21.88266, 63.235907], [21.891449, 63.196601], [21.88087, 63.177924], [21.905528, 63.175442], [21.983897, 63.143215], [21.955903, 63.18476], [21.994395, 63.196438], [22.02475, 63.239407], [22.043142, 63.245592], [22.072032, 63.225775], [22.127208, 63.239407], [22.175059, 63.232611], [22.181895, 63.246812], [22.202973, 63.239407], [22.24464, 63.267076], [22.278087, 63.301459], [22.307628, 63.275865], [22.330089, 63.28384], [22.373709, 63.321357], [22.333832, 63.359687], [22.250499, 63.411322], [22.218272, 63.414374], [22.195567, 63.43122], [22.190929, 63.458441], [22.21339, 63.470893], [22.246755, 63.469631], [22.304942, 63.435858], [22.401622, 63.418158], [22.279959, 63.487616], [22.271251, 63.513739], [22.281423, 63.52619], [22.337413, 63.523342], [22.333344, 63.493232], [22.380219, 63.485419], [22.396821, 63.476955], [22.394786, 63.452338], [22.4074, 63.456936], [22.435802, 63.472805], [22.431488, 63.497382], [22.463064, 63.554755], [22.493175, 63.573472], [22.497244, 63.585761], [22.545665, 63.575181], [22.497244, 63.622992], [22.531993, 63.64411], [22.525076, 63.657701], [22.585704, 63.65705], [22.593435, 63.674506], [22.589041, 63.703315], [22.613292, 63.699286], [22.637055, 63.683092], [22.654063, 63.703762], [22.675304, 63.702379], [22.702322, 63.683417], [22.702647, 63.657701], [22.73406, 63.62759], [22.773448, 63.627509], [22.829275, 63.646226], [22.840343, 63.677639], [22.901866, 63.705512], [22.833018, 63.72602], [22.901866, 63.72602], [22.874685, 63.746527], [22.925792, 63.743394], [22.92921, 63.76435], [22.907725, 63.772406], [22.898774, 63.783271], [22.902517, 63.794867], [22.942882, 63.800482], [22.973155, 63.770982], [23.000662, 63.763617], [22.990733, 63.787502], [22.990733, 63.815375], [23.062836, 63.852973], [23.074962, 63.857367], [23.121349, 63.849555], [23.153494, 63.863471], [23.141856, 63.875963], [23.167328, 63.886949], [23.275238, 63.888902], [23.306488, 63.894232], [23.326427, 63.910956], [23.350759, 63.89883], [23.372813, 63.900621], [23.415782, 63.924628], [23.37086, 63.946519], [23.378754, 63.96894], [23.367442, 63.99726], [23.381602, 64.048163], [23.396495, 64.056138], [23.449962, 64.048163], [23.477306, 64.035102], [23.506602, 64.041653], [23.538341, 64.031887], [23.604503, 64.027655], [23.619802, 64.038031], [23.605968, 64.061103], [23.566091, 64.096584], [23.573578, 64.107245], [23.622081, 64.107123], [23.656016, 64.130072], [23.66033, 64.143297], [23.723643, 64.178534], [23.716807, 64.178534], [23.724376, 64.20893], [23.735688, 64.216213], [23.772716, 64.20893], [23.819102, 64.220649], [23.833507, 64.226874], [23.861095, 64.26789], [23.94337, 64.246772], [23.927582, 64.271186], [23.929047, 64.301418], [23.984223, 64.349799], [24.004405, 64.389106], [24.068614, 64.405585], [24.084727, 64.41474], [24.080577, 64.431708], [24.104828, 64.43122], [24.169281, 64.452216], [24.20574, 64.452216], [24.217784, 64.487006], [24.257579, 64.485989], [24.268891, 64.490058], [24.285981, 64.51496], [24.344086, 64.530748], [24.361095, 64.548407], [24.354991, 64.572414], [24.373871, 64.579535], [24.367931, 64.596869], [24.375499, 64.617255], [24.422862, 64.675605], [24.530284, 64.717841], [24.546072, 64.733385], [24.5324, 64.753852], [24.587657, 64.781195], [24.538422, 64.805325], [24.57838, 64.807929], [24.668305, 64.78913], [24.676524, 64.794867], [24.662771, 64.812567], [24.670665, 64.829739], [24.7317, 64.835842], [24.736339, 64.855373], [24.773123, 64.86579], [24.896983, 64.873114], [25.094737, 64.918362], [25.112315, 64.914455], [25.14324, 64.884223], [25.177257, 64.884223], [25.187266, 64.860663], [25.217621, 64.841457], [25.259288, 64.835842], [25.259288, 64.829576], [25.225108, 64.82274], [25.259532, 64.816474], [25.354828, 64.829576], [25.362153, 64.833075], [25.351817, 64.860663], [25.3685, 64.898505], [25.359548, 64.911119], [25.3213, 64.904731], [25.241222, 64.929023], [25.190929, 64.966783], [25.211436, 64.980414], [25.203949, 64.98664], [25.220958, 64.990546], [25.321625, 64.983588], [25.42156, 64.948879], [25.438162, 64.95307], [25.443533, 64.966783], [25.416759, 64.998603], [25.423106, 65.014594], [25.413097, 65.024482], [25.41627, 65.035061], [25.38087, 65.055976], [25.369965, 65.084418], [25.355479, 65.096503], [25.324067, 65.109809], [25.211436, 65.123765], [25.225841, 65.156643], [25.282481, 65.191392], [25.279796, 65.219957], [25.327485, 65.226874], [25.300141, 65.233629], [25.313813, 65.254136], [25.279796, 65.260972], [25.2942, 65.271145], [25.3213, 65.31623], [25.306977, 65.32982], [25.334972, 65.343492], [25.266124, 65.377631], [25.3213, 65.385077], [25.355479, 65.411811], [25.344493, 65.428534], [25.358653, 65.465522], [25.351817, 65.484117], [25.323578, 65.506781], [25.219005, 65.557278], [25.124848, 65.561103], [25.101573, 65.57689], [25.074229, 65.614163], [25.035818, 65.614163], [25.004893, 65.627021], [24.937185, 65.624091], [24.895518, 65.651353], [24.859141, 65.659125], [24.780284, 65.659735], [24.706798, 65.633287], [24.675792, 65.635443], [24.667735, 65.690863], [24.583995, 65.716864], [24.554861, 65.745103], [24.550466, 65.763495], [24.575369, 65.808173], [24.645763, 65.879462], [24.70753, 65.899237], [24.710623, 65.912095], [24.617931, 65.889228], [24.614513, 65.866156], [24.587169, 65.854315], [24.54363, 65.808987], [24.518809, 65.796047], [24.452973, 65.796942], [24.404796, 65.769232], [24.357107, 65.779202], [24.316661, 65.802232], [24.238292, 65.822699], [24.251231, 65.794135], [24.244314, 65.781562], [24.22462, 65.774888], [24.206228, 65.778754], [24.163097, 65.815863], [24.163414, 65.840788], [24.12445, 65.8689], [24.102332, 65.908588], [24.05479, 65.947914], [24.055306, 65.985172], [24.01965, 66.048941], [23.974588, 66.072816], [23.911439, 66.148625], [23.889322, 66.161105], [23.785555, 66.176685], [23.750002, 66.189656], [23.724164, 66.206632], [23.689437, 66.25699], [23.662772, 66.316522], [23.677035, 66.363625], [23.665873, 66.40556], [23.642308, 66.436256], [23.652437, 66.458839], [23.676828, 66.474006], [23.731089, 66.487157], [23.731089, 66.503125], [23.785866, 66.518422], [23.806123, 66.528137], [23.807673, 66.539247], [23.88188, 66.563535], [23.893249, 66.59604], [23.88188, 66.6318], [23.903171, 66.686318], [23.892422, 66.750914], [23.939241, 66.791118], [23.984406, 66.792978], [23.999186, 66.796286], [24.004043, 66.8052], [23.93335, 66.888761], [23.873612, 66.92465], [23.816665, 66.9755], [23.743801, 67.001028], [23.72034, 67.016867], [23.676725, 67.058492], [23.666596, 67.097921], [23.58133, 67.153137], [23.573992, 67.173033], [23.61492, 67.213986], [23.591459, 67.225019], [23.602724, 67.260263], [23.735429, 67.289692], [23.763231, 67.306487], [23.785659, 67.337519], [23.751449, 67.346226], [23.765195, 67.420072], [23.594559, 67.45361], [23.477151, 67.443817], [23.443664, 67.461025], [23.431262, 67.48552], [23.484695, 67.542958], [23.47343, 67.554999], [23.553528, 67.587038], [23.550324, 67.610913], [23.518802, 67.652823], [23.484592, 67.737159], [23.476737, 67.841338], [23.481285, 67.864644], [23.498855, 67.882163], [23.532548, 67.89317], [23.636107, 67.913478], [23.661222, 67.932857], [23.662152, 67.950427], [23.643135, 67.963191], [23.573682, 67.97332], [23.484695, 68.015901], [23.382996, 68.051248], [23.330906, 68.127781], [23.306515, 68.145609], [23.272098, 68.144989], [23.165645, 68.122045], [23.149419, 68.139408], [23.159754, 68.178734], [23.149419, 68.19403], [23.155206, 68.217439], [23.140013, 68.234182], [23.081619, 68.265292], [23.066943, 68.290251], [22.903749, 68.336605], [22.808251, 68.394896], [22.748616, 68.385491], [22.662213, 68.427401], [22.607643, 68.42492], [22.456851, 68.451792], [22.377993, 68.454117], [22.371068, 68.46838], [22.303062, 68.476131], [22.072172, 68.47701], [22.038375, 68.488275], [22.036102, 68.506517], [21.919209, 68.568219], [21.737102, 68.587908], [21.716845, 68.619224], [21.572461, 68.667386], [21.495669, 68.675499], [21.46363, 68.686868], [21.406373, 68.74888], [21.305397, 68.755804], [21.216617, 68.817248], [21.072129, 68.869441], [20.905731, 68.894607], [20.884544, 68.9067], [20.887644, 68.92706], [20.917824, 68.932951], [20.934257, 68.949023], [20.934567, 68.966954], [20.911209, 68.9807], [20.863977, 68.986281], [20.79535, 69.011241], [20.675461, 69.018166], [20.623165, 69.036356], [20.716595, 69.098781], [20.744397, 69.104362], [21.071509, 69.036666], [21.099001, 69.043797], [21.156362, 69.087619], [21.033579, 69.181205], [21.079674, 69.230142], [21.098381, 69.239496], [21.313562, 69.291431], [21.638813, 69.27138], [21.662894, 69.263215], [22.023079, 69.012016], [22.160745, 68.956102], [22.200226, 68.908457], [22.277224, 68.857452], [22.371378, 68.822622], [22.3967, 68.731826], [22.409205, 68.712913], [22.570126, 68.726814], [22.851659, 68.675706], [23.019297, 68.686713], [23.071491, 68.680874], [23.17536, 68.621652], [23.197581, 68.618035], [23.481595, 68.685628], [23.641585, 68.694981], [23.734809, 68.715445], [23.767985, 68.755959], [23.787209, 68.799781], [23.852631, 68.816679], [23.929009, 68.816214], [24.131167, 68.776165], [24.186875, 68.744539], [24.332499, 68.708624], [24.663435, 68.666094], [24.754179, 68.637879], [24.829626, 68.594109], [24.879235, 68.554835], [24.905177, 68.556953], [24.927088, 68.570389], [24.951789, 68.605064], [25.117567, 68.637672], [25.13245, 68.647646], [25.144232, 68.668006], [25.13214, 68.676584], [25.143095, 68.695963], [25.149607, 68.764641], [25.162732, 68.784588], [25.201283, 68.812648], [25.43393, 68.883859], [25.481059, 68.887734], [25.627769, 68.874143], [25.651643, 68.883497], [25.694845, 68.925613], [25.726367, 68.94246], [25.753859, 68.978375], [25.79582, 68.993309], [25.804709, 69.006125], [25.801091, 69.013153], [25.765848, 69.030671], [25.765125, 69.043384], [25.750242, 69.059248], [25.760474, 69.115162], [25.771222, 69.135109], [25.734119, 69.191333], [25.737219, 69.218205], [25.786622, 69.312773], [25.877366, 69.370806], [25.841399, 69.417779], [25.886668, 69.455193], [25.885737, 69.479119], [25.906408, 69.501857], [25.886668, 69.520874], [25.900207, 69.532036], [25.960255, 69.548676], [26.003973, 69.587175], [26.00511, 69.610843], [25.964389, 69.642675], [25.961702, 69.652545], [26.00511, 69.689339], [26.198276, 69.715436], [26.316822, 69.794914], [26.418728, 69.835635], [26.447874, 69.856047], [26.435885, 69.874237], [26.500687, 69.918317], [26.533863, 69.925242], [26.706979, 69.935061], [26.771885, 69.928394], [26.864592, 69.938084], [26.951099, 69.920152], [27.007529, 69.922451], [27.10034, 69.901755], [27.3118, 69.929479], [27.352418, 69.948703], [27.323169, 69.959684], [27.334538, 69.968624], [27.380943, 69.974257], [27.438077973174536, 70.0], [27.99653645972324, 70.0], [28.167355, 69.894339], [28.381192, 69.856202], [28.379745, 69.822354], [28.40455, 69.802252], [29.131224, 69.674198], [29.14714, 69.663914], [29.203158, 69.585986], [29.344544, 69.464392], [29.229254, 69.376852], [28.86478, 69.216603], [28.852171, 69.203529], [28.827573, 69.090771], [28.954077, 69.027261], [28.833464, 68.984473]]], [[[22.401866, 60.075751], [22.411794, 60.085191], [22.430431, 60.081855], [22.449474, 60.066474], [22.442638, 59.997504], [22.409516, 60.009345], [22.382823, 59.99258], [22.353201, 60.032294], [22.348888, 60.063218], [22.354828, 60.075629], [22.370616, 60.080756], [22.38266, 60.07453], [22.387218, 60.051663], [22.408376, 60.052802], [22.401866, 60.075751]]], [[[21.529796, 60.15941], [21.571056, 60.170356], [21.614513, 60.168891], [21.654307, 60.155829], [21.647472, 60.145087], [21.613292, 60.129096], [21.636974, 60.123684], [21.613129, 60.102118], [21.572032, 60.107367], [21.514415, 60.097357], [21.48227, 60.114814], [21.558116, 60.121649], [21.549001, 60.13345], [21.533051, 60.13703], [21.496593, 60.135321], [21.529796, 60.15941]]], [[[21.853526, 60.196763], [21.887706, 60.183743], [21.887706, 60.176337], [21.846039, 60.170111], [21.867849, 60.155829], [21.791515, 60.155829], [21.826182, 60.149604], [21.79656, 60.141384], [21.805675, 60.135321], [21.783214, 60.123236], [21.720225, 60.113715], [21.695811, 60.121649], [21.706879, 60.129584], [21.702647, 60.142157], [21.722504, 60.149604], [21.722504, 60.155829], [21.705089, 60.160712], [21.708181, 60.17178], [21.743663, 60.190619], [21.853526, 60.196763]]], [[[21.368907, 60.196601], [21.448904, 60.190619], [21.448904, 60.183743], [21.409353, 60.184516], [21.380544, 60.162665], [21.357107, 60.174465], [21.270681, 60.190619], [21.306407, 60.209703], [21.353282, 60.211086], [21.368907, 60.196601]]], [[[22.072032, 60.196763], [22.011241, 60.170111], [22.037852, 60.155829], [22.009288, 60.137274], [21.977712, 60.135484], [21.950694, 60.149075], [21.935395, 60.176337], [22.05893, 60.211086], [22.072032, 60.196763]]], [[[25.822032, 60.216295], [25.876231, 60.217231], [25.863129, 60.20425], [25.835623, 60.196031], [25.820649, 60.197211], [25.81422, 60.207668], [25.822032, 60.216295]]], [[[22.24586, 60.243069], [22.271658, 60.252997], [22.291759, 60.245185], [22.296886, 60.221259], [22.269298, 60.195868], [22.23227, 60.184963], [22.209239, 60.20425], [22.24586, 60.243069]]], [[[25.592052, 60.24258], [25.57016, 60.258043], [25.564464, 60.278266], [25.581716, 60.296373], [25.684418, 60.245185], [25.643728, 60.228095], [25.6338, 60.218329], [25.635997, 60.20425], [25.603363, 60.215399], [25.622325, 60.238349], [25.592052, 60.24258]]], [[[22.890961, 60.285549], [22.920746, 60.296698], [22.956391, 60.292955], [22.949474, 60.270453], [22.884532, 60.235297], [22.866873, 60.207465], [22.833507, 60.193061], [22.840343, 60.170111], [22.819347, 60.162665], [22.840343, 60.155829], [22.833018, 60.142157], [22.846853, 60.111029], [22.813162, 60.082099], [22.730479, 60.046576], [22.730479, 60.03974], [22.757986, 60.032294], [22.729828, 60.00495], [22.705414, 60.006903], [22.68214, 59.997504], [22.654959, 60.032294], [22.608409, 60.000149], [22.606456, 59.984524], [22.600271, 59.984524], [22.598969, 60.008043], [22.579112, 60.00495], [22.57488, 60.017035], [22.593435, 60.046576], [22.529959, 60.008246], [22.4699, 59.997504], [22.477306, 60.046576], [22.473643, 60.090969], [22.42213, 60.114814], [22.480479, 60.13231], [22.600271, 60.135321], [22.600271, 60.142157], [22.415212, 60.149604], [22.44809, 60.221381], [22.477306, 60.224677], [22.45102, 60.188544], [22.466482, 60.183743], [22.56658, 60.193305], [22.620616, 60.211086], [22.814952, 60.226996], [22.843516, 60.241767], [22.890961, 60.285549]]], [[[22.249766, 60.311469], [22.3213, 60.297065], [22.33961, 60.2862], [22.331798, 60.269436], [22.312836, 60.265692], [22.289806, 60.273139], [22.260997, 60.258857], [22.215505, 60.253119], [22.200857, 60.25434], [22.216645, 60.265692], [22.203949, 60.276313], [22.181163, 60.281317], [22.14088, 60.278713], [22.181895, 60.278713], [22.163341, 60.259223], [22.10963, 60.271308], [22.080089, 60.269477], [22.076671, 60.283515], [22.083832, 60.301459], [22.106781, 60.313463], [22.249766, 60.311469]]], [[[22.350597, 60.313666], [22.312836, 60.32095], [22.350271, 60.347846], [22.398204, 60.355048], [22.401622, 60.341376], [22.469005, 60.331529], [22.477306, 60.32095], [22.425304, 60.299058], [22.367442, 60.292955], [22.38795, 60.32095], [22.350597, 60.313666]]], [[[21.960623, 60.327541], [21.921723, 60.33393], [21.901378, 60.327094], [21.901378, 60.341376], [21.794119, 60.373969], [21.78533, 60.385443], [21.792247, 60.396959], [21.846039, 60.409654], [21.846039, 60.41649], [21.79835, 60.443793], [21.808116, 60.466702], [21.832367, 60.471137], [21.892345, 60.449205], [21.904633, 60.431627], [21.931977, 60.423326], [21.950369, 60.395982], [21.906993, 60.40176], [21.894542, 60.395982], [21.950369, 60.375556], [21.942231, 60.368109], [21.988617, 60.365912], [21.997569, 60.355048], [21.96339, 60.347602], [21.997569, 60.341376], [21.997569, 60.33393], [21.960623, 60.327541]]], [[[21.700694, 60.459703], [21.687999, 60.455308], [21.681651, 60.464911], [21.714203, 60.508612], [21.741873, 60.526435], [21.764171, 60.525784], [21.760509, 60.51203], [21.700694, 60.459703]]], [[[21.250255, 60.49844], [21.26059, 60.519721], [21.229177, 60.559882], [21.250255, 60.559882], [21.278494, 60.542304], [21.304942, 60.518948], [21.32488, 60.482082], [21.250255, 60.49844]]], [[[21.410981, 60.542914], [21.461925, 60.539374], [21.48227, 60.525784], [21.463145, 60.525784], [21.456309, 60.506781], [21.463145, 60.492255], [21.433604, 60.489081], [21.430675, 60.481147], [21.442638, 60.471137], [21.392263, 60.489976], [21.371267, 60.508368], [21.360118, 60.533189], [21.336111, 60.519436], [21.328624, 60.525336], [21.325938, 60.543158], [21.333832, 60.557359], [21.394216, 60.559882], [21.410981, 60.542914]]], [[[21.281016, 60.566352], [21.264415, 60.587836], [21.233165, 60.593899], [21.213878, 60.61636], [21.243419, 60.62873], [21.259288, 60.647528], [21.270681, 60.643052], [21.274913, 60.626776], [21.291189, 60.615139], [21.278331, 60.586127], [21.281505, 60.575629], [21.298676, 60.574164], [21.298676, 60.567328], [21.281016, 60.566352]]], [[[21.202403, 60.889472], [21.227794, 60.899726], [21.276622, 60.889106], [21.298676, 60.895697], [21.291189, 60.90998], [21.312266, 60.923], [21.283214, 60.942816], [21.243419, 60.950873], [21.27003, 60.967963], [21.304942, 60.971381], [21.374278, 60.930406], [21.327891, 60.910142], [21.318126, 60.880194], [21.202403, 60.889472]]], [[[21.414806, 63.220445], [21.428396, 63.198432], [21.377452, 63.190131], [21.363943, 63.193671], [21.380544, 63.205878], [21.362804, 63.206244], [21.291189, 63.177924], [21.291189, 63.171129], [21.318533, 63.164944], [21.301524, 63.156155], [21.243419, 63.150702], [21.188813, 63.191596], [21.147227, 63.182196], [21.133556, 63.198432], [21.154552, 63.198432], [21.154552, 63.205878], [21.102794, 63.235989], [21.078949, 63.287787], [21.120291, 63.271959], [21.243419, 63.280992], [21.243419, 63.274807], [21.21518, 63.263861], [21.195079, 63.239407], [21.195079, 63.225775], [21.286794, 63.211371], [21.297862, 63.223049], [21.291189, 63.239407], [21.315766, 63.251939], [21.396332, 63.260688], [21.42213, 63.246812], [21.414806, 63.220445]]], [[[21.315278, 63.304023], [21.277517, 63.301459], [21.229177, 63.328803], [21.345958, 63.363756], [21.374278, 63.34927], [21.373871, 63.333401], [21.358246, 63.31566], [21.318533, 63.287787], [21.315278, 63.304023]]], [[[25.033586, 65.057512], [25.061818, 65.04348], [25.028009, 65.034619], [24.819657, 65.04328], [24.801552, 65.024266], [24.722367, 65.003467], [24.750775, 64.975966], [24.812388, 64.979194], [24.827322, 64.972968], [24.734711, 64.950914], [24.700694, 64.958157], [24.710623, 64.972968], [24.68393, 64.996568], [24.658376, 64.971991], [24.631602, 64.967841], [24.579009, 65.009536], [24.562755, 65.037177], [24.65419, 65.080221], [24.834506, 65.0948], [24.883096, 65.086904], [24.896983, 65.072415], [24.873013, 65.065834], [24.882842, 65.059139], [25.033586, 65.057512]]], [[[23.923513, 59.969306], [23.920421, 59.959418], [23.894216, 59.949693], [23.870779, 59.946723], [23.847423, 59.954657], [23.870291, 59.972805], [23.923513, 59.969306]]], [[[22.926606, 60.065375], [22.872244, 60.006049], [22.859548, 60.01142], [22.851085, 60.027899], [22.855724, 60.041327], [22.8838, 60.048082], [22.855154, 60.055569], [22.88738, 60.067776], [22.926606, 60.065375]]], [[[22.963145, 60.096869], [22.946788, 60.084703], [22.927908, 60.089911], [22.898936, 60.081], [22.84547, 60.082221], [22.891612, 60.119086], [22.937673, 60.124335], [22.95753, 60.110785], [22.963145, 60.096869]]], [[[22.01238, 60.122748], [22.007335, 60.115465], [21.971365, 60.111396], [21.943858, 60.113471], [21.929942, 60.124579], [21.962087, 60.137885], [22.01238, 60.122748]]], [[[22.375011, 60.204047], [22.38559, 60.195258], [22.367931, 60.177395], [22.319998, 60.164049], [22.336925, 60.148505], [22.288341, 60.149848], [22.299327, 60.182196], [22.313162, 60.191962], [22.375011, 60.204047]]], [[[21.972911, 60.285346], [22.008311, 60.297309], [22.006033, 60.292141], [21.972911, 60.285346]]], [[[21.909679, 60.280097], [21.884939, 60.289496], [21.875336, 60.304877], [21.925466, 60.312649], [21.973806, 60.309312], [21.956879, 60.281399], [21.909679, 60.280097]]], [[[22.289561, 60.357978], [22.191091, 60.341742], [22.157237, 60.351874], [22.164236, 60.36164], [22.255707, 60.374172], [22.284923, 60.374986], [22.299653, 60.36758], [22.289561, 60.357978]]], [[[22.20753, 60.375556], [22.104259, 60.354153], [22.137869, 60.379096], [22.206228, 60.382554], [22.20753, 60.375556]]], [[[21.352306, 60.370429], [21.355317, 60.351793], [21.33839, 60.353095], [21.331065, 60.36518], [21.294444, 60.37051], [21.307791, 60.389594], [21.338064, 60.383368], [21.352306, 60.370429]]], [[[26.652599, 60.426907], [26.636485, 60.414862], [26.57309, 60.405341], [26.55893, 60.397406], [26.548595, 60.378363], [26.526134, 60.385159], [26.507172, 60.403469], [26.513438, 60.411282], [26.574718, 60.42178], [26.584972, 60.441067], [26.602061, 60.446519], [26.652599, 60.426907]]], [[[22.060802, 63.302151], [22.046641, 63.282172], [22.013845, 63.277737], [22.004568, 63.291164], [21.989919, 63.277574], [21.978282, 63.280015], [21.977712, 63.298651], [21.989024, 63.31037], [22.029959, 63.308417], [22.007579, 63.324897], [22.060802, 63.302151]]], [[[22.079356, 63.266303], [22.083181, 63.270453], [22.068696, 63.283881], [22.088878, 63.294623], [22.069184, 63.318549], [22.110199, 63.328925], [22.158214, 63.311021], [22.169688, 63.319159], [22.195649, 63.30976], [22.22169, 63.338568], [22.231293, 63.338813], [22.246267, 63.307074], [22.208669, 63.273261], [22.187266, 63.273505], [22.156505, 63.28856], [22.114431, 63.284166], [22.158539, 63.274075], [22.163097, 63.263332], [22.144216, 63.25141], [22.079356, 63.266303]]], [[[21.948985, 63.333808], [21.951345, 63.343655], [21.99643, 63.384711], [22.096039, 63.38349], [22.079438, 63.376858], [22.085134, 63.367011], [22.076182, 63.360053], [22.012706, 63.363715], [21.997081, 63.348456], [21.948985, 63.333808]]], [[[22.828868, 63.776313], [22.802094, 63.738186], [22.782074, 63.744818], [22.776052, 63.728176], [22.739594, 63.720526], [22.702891, 63.736396], [22.681488, 63.763414], [22.763845, 63.791449], [22.781749, 63.790432], [22.800304, 63.776068], [22.828868, 63.776313]]], [[[22.512869, 59.873725], [22.443696, 59.851467], [22.416026, 59.852932], [22.413829, 59.861233], [22.498546, 59.877631], [22.512869, 59.873725]]], [[[21.62672, 60.25259], [21.601736, 60.222561], [21.563487, 60.226223], [21.562266, 60.239936], [21.586925, 60.269355], [21.604666, 60.268785], [21.600434, 60.254828], [21.62672, 60.25259]]], [[[21.267345, 60.85106], [21.263194, 60.830268], [21.205333, 60.843248], [21.18629, 60.856513], [21.206554, 60.863186], [21.221528, 60.858954], [21.226573, 60.847113], [21.24586, 60.846015], [21.267345, 60.85106]]], [[[21.431651, 61.171454], [21.388845, 61.180976], [21.352387, 61.176011], [21.342947, 61.190619], [21.380056, 61.214016], [21.391368, 61.209621], [21.389171, 61.192206], [21.431651, 61.171454]]], [[[21.526134, 61.629096], [21.507823, 61.618069], [21.459972, 61.62934], [21.484548, 61.640448], [21.526134, 61.629096]]], [[[21.191417, 62.953925], [21.168142, 62.94599], [21.146658, 62.953274], [21.136485, 62.967231], [21.150564, 62.963568], [21.159353, 62.975409], [21.140391, 62.984565], [21.130382, 63.0008], [21.151622, 63.010321], [21.195649, 62.994371], [21.221202, 62.961371], [21.221934, 62.951361], [21.208507, 62.946234], [21.191417, 62.953925]]]]}}, {"type": "Feature", "properties": {"name": "Poland"}, "geometry": {"type": "Polygon", "coordinates": [[[22.698387, 54.342937], [22.76722, 54.35627], [22.78603, 54.36521], [22.812695, 54.394097], [22.837603, 54.400918], [22.918838, 54.381126], [22.96266, 54.381695], [22.989738, 54.353376], [23.041622, 54.340974], [23.032113, 54.309554], [23.050096, 54.294827], [23.117069, 54.303457], [23.235408, 54.254157], [23.316023, 54.236277], [23.354471, 54.217054], [23.391471, 54.180105], [23.432502, 54.169305], [23.449039, 54.154938], [23.473947, 54.112564], [23.496167, 54.044558], [23.496477, 54.021975], [23.45927, 53.992313], [23.45865, 53.981616], [23.49038, 53.95061], [23.486866, 53.909992], [23.520662, 53.837335], [23.52986, 53.78416], [23.540402, 53.763593], [23.564794, 53.742405], [23.567068, 53.681014], [23.590942, 53.611251], [23.675795, 53.455705], [23.742974, 53.365478], [23.800645, 53.242462], [23.848084, 53.183809], [23.893663, 53.151951], [23.891389, 53.127714], [23.860693, 53.087484], [23.859349, 53.067976], [23.911336, 53.00506], [23.91795, 52.9508], [23.901104, 52.923257], [23.912059, 52.893853], [23.922498, 52.742596], [23.908752, 52.699859], [23.868961, 52.670042], [23.736153, 52.614903], [23.569031, 52.585887], [23.480458, 52.554416], [23.392298, 52.509638], [23.21205, 52.347504], [23.165645, 52.289393], [23.19448, 52.271462], [23.197684, 52.25831], [23.189726, 52.240533], [23.395812, 52.19958], [23.391368, 52.182501], [23.405734, 52.185911], [23.43674, 52.175679], [23.450485, 52.185911], [23.470949, 52.171623], [23.487693, 52.181622], [23.484695, 52.158626], [23.512497, 52.124442], [23.579366, 52.121548], [23.598177, 52.11452], [23.61585, 52.0923], [23.637451, 52.084471], [23.676415, 51.994088], [23.647579, 51.97409], [23.628666, 51.946339], [23.61492, 51.88425], [23.621845, 51.877429], [23.609856, 51.873269], [23.605721, 51.851591], [23.594559, 51.843297], [23.628666, 51.809759], [23.617504, 51.786504], [23.56035, 51.754542], [23.552288, 51.736636], [23.546604, 51.713589], [23.559213, 51.695166], [23.546087, 51.689637], [23.56035, 51.671963], [23.532444, 51.658967], [23.543813, 51.6438], [23.5434, 51.592743], [23.573992, 51.555304], [23.56035, 51.555304], [23.572752, 51.539672], [23.602311, 51.530783], [23.614817, 51.49722], [23.662772, 51.480192], [23.648716, 51.453966], [23.697602, 51.404435], [23.678895, 51.394073], [23.683856, 51.370276], [23.665563, 51.365806], [23.63404, 51.339296], [23.628666, 51.325964], [23.635177, 51.304699], [23.687267, 51.2924], [23.742664, 51.216255], [23.863587, 51.148274], [23.874749, 51.13613], [23.858213, 51.13073], [23.854492, 51.121532], [23.904205, 51.062724], [23.915987, 51.020866], [23.911749, 51.00681], [23.955054, 50.983556], [23.964356, 50.953222], [23.979342, 50.937512], [24.046935, 50.898031], [24.130237, 50.868937], [24.143156, 50.856432], [24.130857, 50.839069], [24.046935, 50.829095], [24.020477, 50.838552], [23.992881, 50.836226], [23.969937, 50.825168], [23.957638, 50.808011], [23.959498, 50.788891], [23.974278, 50.776178], [24.025851, 50.767032], [24.012828, 50.743312], [24.026884, 50.728016], [24.081041, 50.712978], [24.074943, 50.690189], [24.10843, 50.629882], [24.085279, 50.604406], [24.095407, 50.556864], [24.107706, 50.540844], [24.075047, 50.514282], [24.010658, 50.492785], [24.007764, 50.448498], [23.981306, 50.40478], [23.928699, 50.390827], [23.747522, 50.38938], [23.682203, 50.368245], [23.644169, 50.312692], [23.565311, 50.257812], [23.436429, 50.193475], [23.207916, 50.03395], [23.177841, 50.003977], [23.171360195519526, 50.0], [20.0, 50.0], [20.0, 54.426747534392874], [22.698387, 54.342937]]]}}, {"type": "Feature", "properties": {"name": "\u00c5land"}, "geometry": {"type": "MultiPolygon", "coordinates": [[[[20.297618, 60.121527], [20.268891, 60.086005], [20.277599, 60.066474], [20.266287, 60.060492], [20.201915, 60.087551], [20.198253, 60.104071], [20.222423, 60.149604], [20.258067, 60.107978], [20.263927, 60.118232], [20.255707, 60.145413], [20.277599, 60.142157], [20.297618, 60.121527]]], [[[20.438975, 60.258205], [20.441417, 60.245185], [20.392914, 60.196763], [20.38087, 60.198879], [20.387706, 60.221869], [20.38266, 60.240709], [20.353038, 60.228827], [20.345388, 60.237698], [20.347016, 60.252875], [20.358897, 60.265692], [20.379649, 60.26968], [20.410981, 60.259508], [20.427908, 60.265692], [20.438975, 60.258205]]], [[[20.790538, 60.238715], [20.781098, 60.263658], [20.787283, 60.286322], [20.805186, 60.2862], [20.853038, 60.265692], [20.850597, 60.253607], [20.838878, 60.246812], [20.811371, 60.245185], [20.818858, 60.232164], [20.790538, 60.238715]]], [[[20.229747, 60.20425], [20.200938, 60.199408], [20.174571, 60.170111], [20.161957, 60.167141], [20.136974, 60.176337], [20.09547, 60.176337], [20.087087, 60.182196], [20.088878, 60.195868], [20.102306, 60.220933], [20.122895, 60.23078], [20.172374, 60.232815], [20.188243, 60.245185], [20.111013, 60.239447], [20.081879, 60.223375], [20.064708, 60.190619], [20.057872, 60.190619], [20.060883, 60.214748], [20.031912, 60.236396], [20.023692, 60.255113], [20.05714, 60.293158], [20.06129, 60.310045], [20.023692, 60.313463], [20.033865, 60.293891], [20.024913, 60.276435], [20.003266, 60.267035], [20.0, 60.2684298342598], [20.0, 60.35403543965224], [20.036794, 60.33393], [20.023692, 60.361274], [20.072032, 60.349921], [20.093028, 60.355129], [20.12615, 60.33393], [20.178071, 60.322984], [20.192068, 60.312323], [20.181407, 60.2862], [20.201915, 60.292955], [20.277599, 60.278713], [20.236013, 60.232164], [20.208751, 60.224677], [20.229747, 60.20425]]], [[[20.030528, 60.217231], [20.014903, 60.202338], [20.016287, 60.183743], [20.0, 60.188634729532204], [20.0, 60.23745767980296], [20.030528, 60.217231]]], [[[20.01002, 60.155829], [20.0442, 60.176337], [20.030528, 60.114814], [20.050466, 60.097805], [20.04477, 60.08747], [20.006358, 60.094387], [20.0, 60.093223625520714], [20.0, 60.1634248705131], [20.01002, 60.155829]]], [[[20.862071, 59.928168], [20.87086, 59.936754], [20.897472, 59.940131], [20.920177, 59.909247], [20.912364, 59.904486], [20.875255, 59.91413], [20.862071, 59.928168]]], [[[20.969249, 59.942084], [20.991222, 59.926744], [20.982758, 59.921536], [20.913259, 59.948432], [20.934744, 59.957994], [20.99586, 59.949897], [20.969249, 59.942084]]], [[[20.617931, 60.042222], [20.600922, 60.039211], [20.608246, 60.035956], [20.606293, 60.02265], [20.587169, 60.008124], [20.550466, 60.018866], [20.527029, 60.005072], [20.500824, 60.012681], [20.544932, 60.056098], [20.582856, 60.059149], [20.617931, 60.042222]]], [[[20.462576, 60.066799], [20.45102, 60.040107], [20.43214, 60.025092], [20.402354, 60.021308], [20.390147, 60.028225], [20.424083, 60.055243], [20.462576, 60.066799]]], [[[20.500336, 60.036363], [20.471365, 60.041327], [20.469737, 60.057359], [20.54184, 60.07099], [20.500336, 60.036363]]], [[[20.688243, 60.117011], [20.67156, 60.109198], [20.638682, 60.131334], [20.635509, 60.143948], [20.659923, 60.149726], [20.68336, 60.13052], [20.688243, 60.117011]]], [[[20.705903, 60.218248], [20.716319, 60.209296], [20.686778, 60.194566], [20.670665, 60.199205], [20.663422, 60.216376], [20.668468, 60.226711], [20.683767, 60.229397], [20.705903, 60.218248]]], [[[20.740001, 60.312405], [20.732677, 60.314358], [20.732677, 60.33275], [20.757172, 60.366116], [20.787364, 60.361965], [20.789399, 60.342719], [20.777354, 60.326483], [20.740001, 60.312405]]], [[[20.301908, 59.998975], [20.339447, 60.02011], [20.436746, 60.004989], [20.447059, 59.995181], [20.398576, 59.981349], [20.324819, 59.977195], [20.322366, 59.962686], [20.306648, 59.953624], [20.283707, 59.958475], [20.281315, 59.976616], [20.301908, 59.998975]]], [[[20.068193, 60.072654], [20.101269, 60.094975], [20.163259, 60.087845], [20.193191, 60.06557], [20.225218, 60.005478], [20.175121, 59.971436], [20.184037, 59.992938], [20.171495, 59.998754], [20.123179, 59.988872], [20.105255, 59.996469], [20.121318, 60.016627], [20.104258, 60.028248], [20.025256, 60.042485], [20.03365, 60.063626], [20.068193, 60.072654]]], [[[21.09669, 60.463446], [21.088227, 60.452216], [21.064952, 60.454779], [21.059255, 60.466742], [21.064301, 60.474351], [21.088634, 60.480129], [21.09669, 60.463446]]]]}}]}