{"type": "FeatureCollection", "features": [{"type": "Feature", "properties": {"name": "Indonesia"}, "geometry": {"type": "MultiPolygon", "coordinates": [[[[124.563243, -9.170831], [124.60434, -9.156345], [124.667979, -9.113051], [124.687999, -9.069513], [124.758067, -9.047947], [124.788829, -9.018976], [124.869884, -8.994399], [124.919507, -8.962016], [124.922483, -8.986324], [124.90791, -9.037483], [124.933025, -9.074484], [124.965891, -9.077274], [125.051829, -9.035003], [125.065317, -9.023221], [125.076479, -8.990768], [125.086814, -8.98622], [125.139421, -9.024771], [125.162365, -9.060634], [125.145002, -9.145177], [125.150634, -9.185381], [125.106968, -9.188482], [125.073947, -9.211323], [125.059684, -9.210496], [125.034517, -9.188172], [125.007232, -9.186105], [124.974469, -9.191893], [124.957933, -9.211943], [124.954109, -9.241502], [124.965995, -9.293385], [125.023407, -9.345578], [125.023769, -9.374724], [125.0463, -9.409864], [125.061615, -9.485772], [125.001964, -9.53631], [124.986583, -9.577325], [124.979747, -9.649021], [124.970714, -9.662367], [124.846934, -9.748224], [124.758474, -9.850763], [124.747813, -9.886163], [124.734548, -9.899509], [124.678477, -9.930108], [124.58145714322634, -10.0], [123.57981733697915, -10.0], [123.583751, -9.944024], [123.592296, -9.928806], [123.650157, -9.889418], [123.660411, -9.87127], [123.663829, -9.827244], [123.643321, -9.78281], [123.663829, -9.761651], [123.669932, -9.740492], [123.67156, -9.65016], [123.688813, -9.611423], [123.756358, -9.567071], [123.793793, -9.517022], [123.821544, -9.509047], [123.842052, -9.48797], [123.863048, -9.48797], [123.895763, -9.440525], [123.979503, -9.358494], [124.010102, -9.343927], [124.03004, -9.341974], [124.06269, -9.397875], [124.090286, -9.421543], [124.121085, -9.426917], [124.167232, -9.380615], [124.197463, -9.373174], [124.210692, -9.378858], [124.23715, -9.405213], [124.253997, -9.438699], [124.257511, -9.501228], [124.310066, -9.488722], [124.332338, -9.466605], [124.328617, -9.433015], [124.345412, -9.404179], [124.347893, -9.37462], [124.401688, -9.331832], [124.427939, -9.299483], [124.450531, -9.18019], [124.563243, -9.170831]]], [[[139.988129, -8.192478], [139.970714, -8.142185], [139.979747, -8.121515], [140.0, -8.105999245975852], [140.0, -8.207084999383332], [139.988129, -8.192478]]], [[[139.973643, -8.096938], [139.932384, -8.108575], [139.768809, -8.110447], [139.630544, -8.124933], [139.514985, -8.178888], [139.395193, -8.200942], [139.319509, -8.190199], [139.283376, -8.17254], [139.254649, -8.146091], [139.240001, -8.11061], [139.25172, -8.067478], [139.245128, -8.015069], [139.218923, -7.979669], [139.234874, -7.975356], [139.269379, -7.986261], [139.287852, -7.973403], [139.217133, -7.951349], [139.205903, -7.963149], [139.212169, -8.004164], [139.232188, -8.017836], [139.224457, -8.074395], [139.201182, -8.095636], [139.089529, -8.133559], [138.973318, -8.229913], [138.94337, -8.291192], [138.914399, -8.292087], [138.842784, -8.16131], [138.842784, -8.117446], [138.858653, -8.101332], [138.900727, -8.09238], [138.925304, -8.070489], [138.920177, -8.052423], [138.905772, -8.043634], [138.915375, -7.903253], [138.966319, -7.884698], [138.993988, -7.865492], [139.007172, -7.754327], [139.048188, -7.668064], [139.059418, -7.622735], [139.089203, -7.596775], [139.093028, -7.559991], [139.071056, -7.532647], [139.035899, -7.515232], [138.958018, -7.507257], [138.944347, -7.497003], [138.925548, -7.427341], [138.865489, -7.336033], [138.73878, -7.243585], [138.691254, -7.233575], [138.666352, -7.209893], [138.667491, -7.197849], [138.688243, -7.192641], [138.904552, -7.199395], [138.94516, -7.206231], [139.003917, -7.240411], [139.157074, -7.243097], [139.174571, -7.236993], [139.21461, -7.166925], [139.240001, -7.158461], [139.240001, -7.151056], [139.221853, -7.143976], [139.206065, -7.150486], [139.159434, -7.20322], [139.060557, -7.212498], [139.037608, -7.211847], [139.019379, -7.194431], [138.946137, -7.157159], [138.84254, -7.145603], [138.761974, -7.113865], [138.646169, -6.999688], [138.572032, -6.942478], [138.561534, -6.918634], [138.581391, -6.890883], [138.612559, -6.877211], [138.654063, -6.876642], [138.715831, -6.897719], [138.739757, -6.897149], [138.798106, -6.856215], [138.931488, -6.842543], [138.989431, -6.865899], [139.017751, -6.908624], [139.072765, -6.948826], [139.126475, -6.971612], [139.192231, -6.972914], [139.180431, -6.959161], [139.122732, -6.948989], [139.068696, -6.918227], [138.999766, -6.852716], [138.966319, -6.835707], [138.837901, -6.814548], [138.745779, -6.740167], [138.70045, -6.728204], [138.683442, -6.714532], [138.670909, -6.671808], [138.682465, -6.645115], [138.702891, -6.64544], [138.763194, -6.67018], [138.829112, -6.705987], [138.708995, -6.629653], [138.677582, -6.60296], [138.631602, -6.544122], [138.60377, -6.527927], [138.466075, -6.402114], [138.395356, -6.253188], [138.390391, -6.171563], [138.365489, -6.091729], [138.34669, -6.071222], [138.339122, -6.042576], [138.262462, -5.914727], [138.270844, -5.886977], [138.30421, -5.868259], [138.37672, -5.855645], [138.403982, -5.835707], [138.322032, -5.851007], [138.208751, -5.825291], [138.18214, -5.809666], [138.157563, -5.773696], [138.251964, -5.718927], [138.362966, -5.678806], [138.34311, -5.67018], [138.252696, -5.679864], [138.152029, -5.723077], [138.105968, -5.726007], [138.085785, -5.739923], [138.071056, -5.728611], [138.057384, -5.65781], [138.054861, -5.589614], [138.068614, -5.565037], [138.107921, -5.544854], [138.109711, -5.534112], [138.06422, -5.511163], [138.07488, -5.41961], [138.061371, -5.403741], [138.05128, -5.431817], [138.026541, -5.431085], [138.035981, -5.474786], [138.025645, -5.484959], [137.999278, -5.478936], [137.914561, -5.386895], [137.908458, -5.363051], [137.924815, -5.328709], [137.904145, -5.3235], [137.853363, -5.361586], [137.813975, -5.358168], [137.780121, -5.315037], [137.808116, -5.253025], [137.751638, -5.277765], [137.732432, -5.27337], [137.715587, -5.256524], [137.706309, -5.221938], [137.690684, -5.211358], [137.662852, -5.22031], [137.616384, -5.205173], [137.579845, -5.181899], [137.574229, -5.167087], [137.595063, -5.156834], [137.595063, -5.149998], [137.580821, -5.142999], [137.572765, -5.120782], [137.561046, -5.115818], [137.533051, -5.149998], [137.519298, -5.148533], [137.46811, -5.11004], [137.464854, -5.09588], [137.432628, -5.103448], [137.377778, -5.082452], [137.355642, -5.061782], [137.368012, -5.046319], [137.369151, -5.026462], [137.34962, -5.04046], [137.307872, -4.999119], [137.309337, -5.021661], [137.301606, -5.026625], [137.268077, -5.013849], [137.278819, -4.936619], [137.232432, -4.969415], [137.224376, -4.98211], [137.232107, -4.999119], [137.219005, -5.01336], [137.169444, -4.991143], [137.15211, -4.974379], [137.149669, -4.945082], [137.115408, -4.979181], [137.090099, -4.960138], [137.087738, -4.943048], [137.101736, -4.889255], [137.094981, -4.889255], [137.073009, -4.923923], [137.04184, -4.943048], [137.006521, -4.945733], [136.946544, -4.917657], [136.949962, -4.899021], [136.978852, -4.879571], [136.969249, -4.869561], [136.85377, -4.928155], [136.822113, -4.928318], [136.803966, -4.910252], [136.799164, -4.88006], [136.763438, -4.874119], [136.743175, -4.881524], [136.695811, -4.846856], [136.626475, -4.822849], [136.463715, -4.736017], [136.440196, -4.715265], [136.402843, -4.707696], [136.375662, -4.68377], [136.267345, -4.676202], [136.177013, -4.649591], [136.146007, -4.622328], [136.121918, -4.619317], [136.08074, -4.594985], [136.035818, -4.586033], [135.95045, -4.50628], [135.912283, -4.498142], [135.828949, -4.49863], [135.792735, -4.485772], [135.750336, -4.497247], [135.656098, -4.485772], [135.587413, -4.460382], [135.466563, -4.446059], [135.429535, -4.430434], [135.359141, -4.443617], [135.330577, -4.439874], [135.271983, -4.458429], [135.227794, -4.461196], [135.185557, -4.448907], [134.959158, -4.318617], [134.943126, -4.305922], [134.927419, -4.275649], [134.906586, -4.264093], [134.861095, -4.252374], [134.823497, -4.259373], [134.809825, -4.254083], [134.733409, -4.197524], [134.723888, -4.142511], [134.658051, -4.133396], [134.648204, -4.118748], [134.655284, -4.099786], [134.687755, -4.073175], [134.696544, -4.053155], [134.674571, -4.01629], [134.67921, -3.960707], [134.688487, -3.947442], [134.723888, -3.937758], [134.864431, -3.95322], [134.91627, -3.978692], [134.967459, -3.951837], [134.967784, -3.936782], [134.943614, -3.951349], [134.923839, -3.943129], [134.91627, -3.923435], [134.844574, -3.930108], [134.675792, -3.90838], [134.662364, -3.930922], [134.620291, -3.954685], [134.602224, -4.000665], [134.525238, -4.026462], [134.463878, -3.978692], [134.478363, -3.961602], [134.430431, -3.90781], [134.375255, -3.899102], [134.333507, -3.868829], [134.360362, -3.925958], [134.348969, -3.943455], [134.306163, -3.944513], [134.3296, -3.968438], [134.340343, -3.996026], [134.326671, -4.019708], [134.315278, -4.020278], [134.272227, -3.971449], [134.191173, -3.943536], [134.170421, -3.888116], [134.141124, -3.903009], [134.133962, -3.890069], [134.144216, -3.87477], [134.192638, -3.835545], [134.161632, -3.771661], [134.127452, -3.745294], [134.122244, -3.753676], [134.126475, -3.799249], [134.110362, -3.81756], [134.091807, -3.823989], [134.039317, -3.793145], [134.023204, -3.805108], [133.99936, -3.846287], [133.987641, -3.855157], [133.971039, -3.850274], [133.958995, -3.837579], [133.913341, -3.729425], [133.843598, -3.63836], [133.838145, -3.590427], [133.82252, -3.589939], [133.804454, -3.602309], [133.795421, -3.631524], [133.829275, -3.721856], [133.809825, -3.72031], [133.799083, -3.690688], [133.76295, -3.660252], [133.747569, -3.656508], [133.703136, -3.672621], [133.696056, -3.649102], [133.707286, -3.630304], [133.708018, -3.610121], [133.689789, -3.564548], [133.648204, -3.50506], [133.641449, -3.483657], [133.641856, -3.461602], [133.653168, -3.444431], [133.696788, -3.427423], [133.702159, -3.404392], [133.68336, -3.304946], [133.683116, -3.232517], [133.690929, -3.216078], [133.709727, -3.232029], [133.722423, -3.183038], [133.758067, -3.190362], [133.771169, -3.17547], [133.783946, -3.131443], [133.822602, -3.115655], [133.846446, -3.087091], [133.863943, -3.080499], [133.914073, -3.12656], [133.929454, -3.114679], [133.912283, -3.083429], [133.887706, -3.073663], [133.863943, -3.042087], [133.863048, -3.008233], [133.881602, -2.9638], [133.860525, -2.922947], [133.817556, -2.934747], [133.829845, -2.953871], [133.801606, -3.018162], [133.719981, -3.063572], [133.668224, -3.122166], [133.655528, -3.188897], [133.663341, -3.361505], [133.627696, -3.416274], [133.551036, -3.431573], [133.528494, -3.386651], [133.514008, -3.378351], [133.519379, -3.430841], [133.511974, -3.438653], [133.490571, -3.437433], [133.490571, -3.444268], [133.569102, -3.481866], [133.59018, -3.522231], [133.591807, -3.545343], [133.575938, -3.580499], [133.539887, -3.609552], [133.505626, -3.622328], [133.408865, -3.722426], [133.396658, -3.755955], [133.408702, -3.800551], [133.455577, -3.846938], [133.45338, -3.865411], [133.411794, -3.886163], [133.388194, -3.923435], [133.250987, -4.066827], [133.210948, -4.078383], [133.051524, -4.061212], [132.989919, -4.113946], [132.907725, -4.088149], [132.896251, -4.068943], [132.891368, -4.036716], [132.849946, -4.009698], [132.825857, -3.96502], [132.795909, -3.940606], [132.796397, -3.918145], [132.825857, -3.937758], [132.824555, -3.916436], [132.802094, -3.858168], [132.784923, -3.837823], [132.784923, -3.793145], [132.730968, -3.682306], [132.729666, -3.649102], [132.756114, -3.627537], [132.842296, -3.64658], [132.881114, -3.642836], [132.890147, -3.634535], [132.88795, -3.608819], [132.896251, -3.586358], [132.931814, -3.554132], [132.901134, -3.524021], [132.88087, -3.475356], [132.831879, -3.461033], [132.821137, -3.437433], [132.81186, -3.366632], [132.819021, -3.303643], [132.811697, -3.281671], [132.774099, -3.269789], [132.740733, -3.276544], [132.729666, -3.286065], [132.737559, -3.321059], [132.733246, -3.330987], [132.714122, -3.34002], [132.671153, -3.328546], [132.65447, -3.313897], [132.634044, -3.272393], [132.603038, -3.241876], [132.602224, -3.231866], [132.629893, -3.215102], [132.627208, -3.197361], [132.581798, -3.170343], [132.553071, -3.107029], [132.49586, -3.070571], [132.475841, -3.046482], [132.339854, -2.977634], [132.342296, -2.958185], [132.325694, -2.946547], [132.2199, -2.934259], [132.188324, -2.916681], [132.184581, -2.936212], [132.168793, -2.946466], [132.151052, -2.94671], [132.140636, -2.936619], [132.123302, -2.942315], [132.106456, -2.936619], [132.111095, -2.954278], [132.101248, -2.959893], [132.07545, -2.957696], [132.057953, -2.916681], [132.038748, -2.926446], [131.996918, -2.914809], [131.976085, -2.929783], [131.977875, -2.914646], [132.017751, -2.878595], [132.023936, -2.854669], [131.989757, -2.848403], [131.989757, -2.840997], [132.022472, -2.829034], [132.044444, -2.803399], [132.035004, -2.793552], [131.958018, -2.788181], [132.010265, -2.759047], [132.058279, -2.758559], [132.06544, -2.744806], [132.081554, -2.757908], [132.078461, -2.738539], [132.088064, -2.73561], [132.130382, -2.738539], [132.181488, -2.724867], [132.160167, -2.71559], [132.11085, -2.719415], [132.121349, -2.697931], [132.161632, -2.683282], [132.311778, -2.676446], [132.367198, -2.696954], [132.428477, -2.696954], [132.424327, -2.710382], [132.43336, -2.732192], [132.421153, -2.744806], [132.475841, -2.731134], [132.468923, -2.707615], [132.48463, -2.699477], [132.506358, -2.698012], [132.525401, -2.710545], [132.585704, -2.717462], [132.620616, -2.740899], [132.679047, -2.80169], [132.728282, -2.813165], [132.853038, -2.717462], [132.903005, -2.645929], [132.927745, -2.627699], [132.949392, -2.580255], [133.033539, -2.479425], [133.172862, -2.422052], [133.1963, -2.429457], [133.239594, -2.416762], [133.258474, -2.416436], [133.312348, -2.443048], [133.32602, -2.505141], [133.35377, -2.49627], [133.380707, -2.511977], [133.39031, -2.526625], [133.388357, -2.652276], [133.380707, -2.676446], [133.403005, -2.675226], [133.404552, -2.591404], [133.445567, -2.494724], [133.458669, -2.506931], [133.461192, -2.59531], [133.450369, -2.642348], [133.465099, -2.636163], [133.473155, -2.615981], [133.473481, -2.521661], [133.485037, -2.516534], [133.492524, -2.523533], [133.509451, -2.550063], [133.518728, -2.589614], [133.538341, -2.587091], [133.541759, -2.563572], [133.585623, -2.552423], [133.6067, -2.532485], [133.615245, -2.541111], [133.633962, -2.539321], [133.67335, -2.574802], [133.67628, -2.649021], [133.668468, -2.670831], [133.682384, -2.717462], [133.691742, -2.704278], [133.68922, -2.65602], [133.706798, -2.597833], [133.713145, -2.511977], [133.735037, -2.516778], [133.747406, -2.529229], [133.785411, -2.597752], [133.799083, -2.642348], [133.811046, -2.653985], [133.816905, -2.649021], [133.827891, -2.5499], [133.803966, -2.506768], [133.819591, -2.477227], [133.801768, -2.47031], [133.767263, -2.471938], [133.740977, -2.445896], [133.747244, -2.437921], [133.850108, -2.424249], [133.908376, -2.477227], [133.866466, -2.411391], [133.884613, -2.402114], [133.986583, -2.406183], [134.005138, -2.388442], [133.920909, -2.387628], [133.898692, -2.377618], [133.894542, -2.363377], [133.945079, -2.343927], [133.963552, -2.32643], [133.867361, -2.341241], [133.867361, -2.333917], [133.913585, -2.319513], [133.949962, -2.292901], [133.959727, -2.246677], [133.949962, -2.203546], [133.928966, -2.274184], [133.90211, -2.258722], [133.840099, -2.299737], [133.823497, -2.294854], [133.792003, -2.260186], [133.813162, -2.236912], [133.863048, -2.21795], [133.881602, -2.189874], [133.901378, -2.198419], [133.949962, -2.169366], [133.943126, -2.16253], [133.89796, -2.17547], [133.895274, -2.16253], [133.929454, -2.148858], [133.94044, -2.107599], [133.858165, -2.107354], [133.833263, -2.142185], [133.799083, -2.148858], [133.764334, -2.169366], [133.709972, -2.175551], [133.703461, -2.193617], [133.66212, -2.213962], [133.645763, -2.236017], [133.623302, -2.225274], [133.593598, -2.237563], [133.593598, -2.183038], [133.564626, -2.237888], [133.548595, -2.24505], [133.533051, -2.238458], [133.521251, -2.209649], [133.504161, -2.203546], [133.514659, -2.226007], [133.445567, -2.237888], [133.388194, -2.217218], [133.31658, -2.222589], [133.296153, -2.204197], [133.231212, -2.217218], [133.169444, -2.216892], [133.13502, -2.238458], [133.020193, -2.255792], [132.943614, -2.28338], [132.901622, -2.279229], [132.815929, -2.24505], [132.770763, -2.260024], [132.688731, -2.307224], [132.669281, -2.289158], [132.636729, -2.277276], [132.613536, -2.211033], [132.583018, -2.190851], [132.560395, -2.185642], [132.523692, -2.204197], [132.455333, -2.217218], [132.347911, -2.270115], [132.305675, -2.265558], [132.280528, -2.24977], [132.236176, -2.183038], [132.214529, -2.165785], [132.073416, -2.105157], [132.04835, -2.083185], [132.044444, -2.059503], [132.080089, -2.037693], [132.101817, -2.006931], [132.126964, -1.998142], [132.027354, -2.018487], [132.003429, -1.983819], [131.972911, -1.964614], [131.972341, -1.912367], [131.941905, -1.895115], [131.941091, -1.837498], [131.927745, -1.805759], [131.949229, -1.794692], [132.018321, -1.721287], [132.023936, -1.675958], [131.917491, -1.707289], [131.900401, -1.690199], [131.908702, -1.672052], [131.886729, -1.652032], [131.896739, -1.601495], [131.920584, -1.579197], [131.955577, -1.569757], [131.982188, -1.538751], [131.964041, -1.538751], [131.879893, -1.5735], [131.888845, -1.556573], [131.871267, -1.553155], [131.804861, -1.607599], [131.797618, -1.580824], [131.811046, -1.52044], [131.791189, -1.497735], [131.784028, -1.547459], [131.750173, -1.5735], [131.723155, -1.571954], [131.707774, -1.555841], [131.706716, -1.534763], [131.722911, -1.518243], [131.703787, -1.511], [131.647227, -1.525649], [131.628754, -1.520929], [131.57309, -1.480157], [131.489513, -1.470473], [131.469086, -1.479099], [131.469005, -1.497735], [131.436534, -1.501723], [131.389822, -1.456801], [131.401866, -1.427341], [131.372813, -1.394708], [131.322276, -1.401056], [131.27711, -1.374282], [131.274913, -1.39186], [131.334972, -1.439386], [131.336925, -1.453058], [131.291515, -1.490981], [131.257335, -1.497735], [131.20574, -1.523614], [131.198497, -1.521254], [131.186534, -1.48504], [131.167247, -1.470473], [131.126313, -1.453302], [130.977306, -1.452895], [130.950938, -1.433689], [130.948253, -1.412205], [131.004405, -1.372328], [131.030121, -1.298517], [131.03004, -1.275567], [131.074474, -1.237563], [131.181651, -1.217218], [131.202159, -1.162693], [131.236176, -1.117283], [131.254161, -1.080255], [131.257091, -1.014337], [131.271007, -1.003676], [131.271495, -0.949395], [131.26352, -0.929295], [131.291515, -0.914972], [131.250255, -0.872654], [131.235362, -0.846449], [131.243012, -0.819431], [131.373546, -0.787856], [131.387543, -0.782647], [131.398774, -0.76629], [131.488292, -0.74684], [131.50294, -0.733331], [131.54477, -0.736912], [131.523448, -0.761977], [131.516775, -0.785252], [131.553477, -0.776788], [131.59018, -0.756524], [131.779552, -0.719171], [131.876475, -0.68963], [131.908458, -0.633884], [131.951915, -0.5888], [132.003429, -0.551853], [132.068858, -0.531996], [132.09962, -0.469903], [132.15089, -0.435724], [132.27003, -0.384535], [132.312755, -0.379327], [132.396658, -0.353448], [132.437185, -0.347101], [132.67921, -0.36891], [132.709158, -0.36004], [132.905284, -0.45322], [132.925466, -0.456313], [132.959809, -0.44199], [132.975108, -0.444757], [132.983409, -0.469903], [133.04835, -0.507908], [133.089854, -0.510919], [133.113292, -0.531996], [133.154796, -0.531996], [133.28891, -0.628513], [133.314952, -0.653985], [133.335623, -0.690362], [133.391612, -0.72324], [133.572765, -0.750909], [133.604747, -0.725681], [133.656098, -0.747003], [133.745372, -0.750746], [133.759125, -0.745212], [133.751231, -0.730645], [133.774099, -0.717218], [133.805919, -0.72324], [133.829845, -0.743748], [133.977224, -0.72324], [134.056407, -0.79518], [134.100759, -0.812595], [134.134939, -0.846775], [134.17213, -0.863865], [134.171235, -0.875909], [134.151541, -0.882989], [134.074474, -0.894952], [134.05893, -0.948175], [134.036143, -0.957778], [134.127452, -1.14837], [134.159923, -1.183689], [134.203787, -1.212579], [134.281993, -1.350193], [134.230479, -1.436293], [134.215831, -1.560317], [134.154307, -1.628351], [134.125987, -1.652276], [134.096446, -1.663181], [134.087087, -1.682794], [134.144867, -1.939142], [134.148611, -2.025486], [134.155528, -2.039483], [134.155284, -2.045831], [134.134939, -2.049574], [134.120616, -2.135349], [134.148611, -2.16253], [134.151703, -2.227634], [134.168956, -2.279229], [134.161632, -2.310235], [134.179454, -2.335626], [134.19337, -2.379083], [134.216807, -2.408949], [134.259125, -2.440525], [134.270844, -2.46502], [134.312999, -2.498305], [134.330251, -2.522231], [134.363617, -2.617852], [134.361501, -2.634942], [134.381358, -2.653985], [134.390636, -2.681085], [134.401703, -2.744806], [134.431651, -2.779392], [134.463878, -2.862074], [134.488617, -2.861261], [134.532725, -2.834161], [134.519054, -2.778904], [134.499278, -2.738539], [134.499278, -2.683282], [134.47755, -2.634942], [134.474376, -2.580743], [134.484386, -2.539321], [134.509288, -2.507745], [134.553722, -2.491469], [134.534516, -2.478774], [134.546397, -2.462986], [134.638438, -2.511163], [134.658051, -2.562758], [134.66684, -2.825616], [134.701345, -2.958673], [134.727061, -2.985772], [134.772227, -2.977634], [134.82781, -2.913751], [134.851329, -2.899835], [134.861095, -2.940037], [134.846853, -3.018487], [134.826345, -3.039646], [134.818533, -3.136326], [134.853689, -3.147882], [134.874766, -3.232029], [134.898936, -3.262791], [134.914399, -3.268813], [134.964122, -3.238214], [134.956716, -3.27988], [134.97462, -3.300877], [134.984711, -3.329685], [135.002126, -3.336114], [135.069102, -3.338556], [135.111501, -3.361749], [135.275645, -3.368585], [135.340831, -3.389744], [135.47047, -3.363051], [135.505382, -3.348077], [135.569102, -3.281671], [135.570486, -3.248712], [135.601573, -3.204034], [135.638927, -3.178155], [135.719005, -3.148614], [135.75172, -3.128351], [135.7671, -3.108819], [135.745616, -3.077081], [135.757335, -3.055841], [135.775645, -3.046482], [135.79949, -3.053318], [135.84311, -3.011977], [135.88852, -3.000095], [135.909923, -2.985772], [135.936778, -2.943455], [135.926768, -2.878839], [135.96046, -2.83766], [135.96461, -2.775811], [135.99879, -2.744806], [136.01295, -2.747003], [136.023204, -2.707696], [136.036388, -2.696954], [136.063731, -2.688165], [136.072276, -2.672621], [136.197439, -2.624444], [136.236827, -2.596124], [136.266368, -2.560317], [136.2824, -2.519708], [136.293956, -2.433526], [136.344086, -2.368259], [136.34197, -2.28338], [136.38087, -2.234063], [136.430186, -2.211033], [136.481456, -2.211033], [136.532563, -2.189874], [136.53297, -2.225844], [136.594737, -2.237563], [136.605235, -2.252048], [136.632823, -2.24505], [136.68393, -2.258722], [136.7046, -2.237563], [136.749278, -2.252048], [136.776866, -2.231378], [136.814464, -2.224054], [136.867198, -2.188165], [136.938487, -2.17254], [136.951508, -2.142185], [136.981456, -2.12656], [137.178477, -2.106134], [137.226329, -2.074395], [137.233653, -2.060968], [137.225271, -2.038995], [137.191173, -2.004571], [137.210134, -1.979262], [137.204845, -1.94964], [137.156993, -1.929132], [137.101736, -1.888279], [137.111827, -1.87477], [137.115408, -1.80934], [137.123546, -1.797459], [137.348806, -1.710138], [137.48585, -1.632501], [137.516368, -1.600844], [137.839122, -1.471124], [137.883149, -1.470473], [137.924815, -1.484145], [137.983165, -1.541925], [138.011404, -1.552016], [138.07488, -1.610284], [138.229177, -1.649102], [138.3567, -1.710138], [138.665212, -1.789158], [138.735199, -1.843927], [138.803233, -1.920831], [138.842784, -1.94964], [138.949555, -1.959893], [139.1067, -2.012791], [139.283214, -2.12184], [139.384044, -2.155694], [139.468761, -2.195082], [139.514985, -2.231378], [139.678233, -2.292901], [139.780772, -2.354669], [139.864757, -2.372003], [140.0, -2.3596721023589264], [140.0, -8.08224366314554], [139.973643, -8.096938]]], [[[123.16977, -8.431329], [123.179942, -8.444431], [123.177501, -8.460219], [123.163585, -8.473728], [123.121755, -8.486261], [123.037852, -8.491876], [123.006602, -8.507908], [122.955251, -8.585626], [122.930837, -8.604099], [122.902599, -8.604587], [122.882986, -8.58294], [122.910411, -8.514744], [122.999848, -8.448663], [123.042491, -8.45143], [123.074229, -8.43963], [123.115896, -8.43963], [123.146251, -8.425958], [123.16977, -8.431329]]], [[[128.237641, -8.264093], [128.231456, -8.272882], [128.181977, -8.285089], [128.103689, -8.275079], [128.083263, -8.254571], [128.10377, -8.211847], [128.117931, -8.206801], [128.139171, -8.216485], [128.213552, -8.199395], [128.237641, -8.264093]]], [[[129.035004, -8.236098], [129.02768, -8.250909], [129.006196, -8.263604], [128.949229, -8.236017], [128.916352, -8.254653], [128.887706, -8.244887], [128.852306, -8.222914], [128.834483, -8.199802], [128.889496, -8.17783], [128.985362, -8.185724], [129.029633, -8.206801], [129.035004, -8.236098]]], [[[127.771983, -8.194431], [127.768809, -8.212579], [127.6692, -8.240899], [127.648123, -8.235772], [127.604015, -8.206801], [127.682953, -8.155206], [127.741873, -8.158949], [127.771983, -8.194431]]], [[[127.234223, -8.070408], [127.224946, -8.108575], [127.202159, -8.111261], [127.15211, -8.096938], [127.158946, -8.034926], [127.185883, -8.018731], [127.216319, -8.026951], [127.234223, -8.070408]]], [[[131.118988, -7.619317], [131.132579, -7.623305], [131.109223, -7.681817], [131.092296, -7.692315], [131.035899, -7.687595], [131.043793, -7.713474], [130.986827, -7.711847], [130.971202, -7.701349], [130.982432, -7.671808], [130.999522, -7.657485], [131.054942, -7.645603], [131.077891, -7.630792], [131.090343, -7.635919], [131.118988, -7.619317]]], [[[130.984223, -7.539972], [130.98585, -7.551935], [130.979177, -7.555271], [130.958507, -7.542087], [130.937673, -7.555759], [130.897716, -7.554457], [130.845225, -7.542087], [130.840994, -7.528741], [130.858653, -7.486912], [130.893728, -7.514093], [130.906749, -7.507501], [130.944835, -7.52158], [130.98463, -7.518162], [130.968598, -7.534601], [130.984223, -7.539972]]], [[[131.182872, -7.415948], [131.165863, -7.424493], [131.126964, -7.466404], [131.095958, -7.481378], [131.080333, -7.503676], [131.057384, -7.507908], [131.071788, -7.479425], [131.004893, -7.485772], [130.989268, -7.47324], [130.991059, -7.438897], [131.01824, -7.415216], [131.067393, -7.417739], [131.167247, -7.399998], [131.182872, -7.415948]]], [[[131.297618, -7.319106], [131.297618, -7.336602], [131.271007, -7.35711], [131.27711, -7.370782], [131.215831, -7.35711], [131.264985, -7.297133], [131.283946, -7.329767], [131.297618, -7.319106]]], [[[121.049978, -7.285821], [121.066905, -7.302504], [121.056895, -7.321059], [120.992686, -7.333591], [120.963878, -7.313897], [120.881358, -7.295017], [120.816254, -7.302423], [120.799327, -7.295017], [120.792328, -7.279474], [120.799653, -7.263849], [120.815684, -7.257501], [120.871104, -7.273533], [121.049978, -7.285821]]], [[[120.781261, -7.055922], [120.783051, -7.088637], [120.771495, -7.130548], [120.705582, -7.13338], [120.68336, -7.124282], [120.681895, -7.139418], [120.670349, -7.15096], [120.633489, -7.131528], [120.620407, -7.108675], [120.624171, -7.09396], [120.562906, -7.094538], [120.556253, -7.072889], [120.565864, -7.067054], [120.591113, -7.079589], [120.613695, -7.069817], [120.621256, -6.998245], [120.653615, -7.010105], [120.677674, -7.043671], [120.757823, -7.075942], [120.781261, -7.055922]]], [[[138.787446, -6.829522], [138.746593, -6.863051], [138.716319, -6.864679], [138.681977, -6.847752], [138.672862, -6.810154], [138.650157, -6.797296], [138.623057, -6.767348], [138.6185, -6.729099], [138.626964, -6.720147], [138.67921, -6.758071], [138.731212, -6.763116], [138.753429, -6.778253], [138.787446, -6.829522]]], [[[131.619314, -6.68255], [131.628673, -6.693943], [131.624522, -6.709731], [131.606212, -6.727146], [131.583995, -6.719496], [131.568696, -6.732599], [131.566173, -6.751642], [131.591319, -6.767673], [131.551036, -6.801528], [131.527354, -6.780857], [131.537364, -6.738051], [131.565684, -6.696466], [131.597423, -6.679132], [131.619314, -6.68255]]], [[[134.730154, -6.60475], [134.737559, -6.630955], [134.722179, -6.682794], [134.680431, -6.743259], [134.669444, -6.772882], [134.62143, -6.747003], [134.630056, -6.735772], [134.628266, -6.709405], [134.665782, -6.650486], [134.681488, -6.599867], [134.696056, -6.587986], [134.730154, -6.60475]]], [[[134.602224, -6.441583], [134.588145, -6.455255], [134.553722, -6.47324], [134.565684, -6.491388], [134.560557, -6.516046], [134.541759, -6.529474], [134.511567, -6.513604], [134.491222, -6.462335], [134.463878, -6.4249], [134.427257, -6.426365], [134.417735, -6.406427], [134.358409, -6.37949], [134.347179, -6.359633], [134.356456, -6.341567], [134.406423, -6.299574], [134.446137, -6.285414], [134.504731, -6.321222], [134.5442, -6.363865], [134.574718, -6.37477], [134.602306, -6.404555], [134.607758, -6.421482], [134.602224, -6.441583]]], [[[134.871837, -6.288507], [134.888194, -6.31406], [134.878917, -6.35589], [134.826345, -6.47324], [134.79835, -6.452244], [134.793956, -6.440525], [134.806407, -6.4249], [134.794119, -6.401951], [134.799001, -6.370538], [134.81422, -6.345798], [134.833751, -6.34238], [134.840587, -6.287693], [134.871837, -6.288507]]], [[[134.422862, -6.274021], [134.422862, -6.280857], [134.397472, -6.284926], [134.366466, -6.315688], [134.337657, -6.331964], [134.326671, -6.308201], [134.303966, -6.28753], [134.290782, -6.280043], [134.285004, -6.284275], [134.233897, -6.239353], [134.20281, -6.194268], [134.182628, -6.205743], [134.162283, -6.196547], [134.189464, -6.150486], [134.186046, -6.133966], [134.141124, -6.157892], [134.120372, -6.122166], [134.114919, -6.076837], [134.125987, -6.034275], [134.155284, -6.006524], [134.155284, -6.048028], [134.217784, -6.023614], [134.225841, -6.028741], [134.240489, -6.0735], [134.271495, -6.0617], [134.237315, -6.110121], [134.234141, -6.13006], [134.271495, -6.178399], [134.286306, -6.174981], [134.299815, -6.184503], [134.333263, -6.234552], [134.361501, -6.239353], [134.355968, -6.254571], [134.37794, -6.254083], [134.422862, -6.274021]]], [[[124.073985, -5.985284], [124.071137, -6.011326], [124.059337, -6.027439], [124.04127, -6.020766], [124.030447, -5.976007], [123.982595, -5.955255], [123.968923, -5.935317], [123.966075, -5.91546], [123.979177, -5.869887], [124.037446, -5.914321], [124.073985, -5.985284]]], [[[132.799327, -5.641534], [132.812755, -5.671319], [132.805431, -5.684991], [132.784923, -5.657647], [132.780528, -5.680352], [132.763682, -5.678806], [132.743175, -5.630304], [132.743175, -5.604425], [132.76531, -5.545343], [132.784923, -5.527276], [132.79127, -5.544366], [132.784923, -5.561456], [132.811046, -5.555597], [132.797374, -5.609063], [132.799327, -5.641534]]], [[[132.346202, -5.535903], [132.361176, -5.540297], [132.380707, -5.534112], [132.37143, -5.554132], [132.353526, -5.568943], [132.334321, -5.572931], [132.308849, -5.53574], [132.30714, -5.521173], [132.318614, -5.513604], [132.346202, -5.535903]]], [[[123.801443, -5.522719], [123.814708, -5.595636], [123.793305, -5.589125], [123.753184, -5.534112], [123.701671, -5.493097], [123.691173, -5.472752], [123.733246, -5.475274], [123.77711, -5.513604], [123.801443, -5.522719]]], [[[123.62379, -5.266534], [123.635916, -5.290785], [123.6338, -5.366876], [123.619151, -5.37656], [123.590587, -5.374119], [123.559255, -5.351332], [123.52296, -5.277439], [123.519867, -5.251723], [123.539724, -5.245538], [123.62379, -5.266534]]], [[[129.931814, -4.515069], [129.941091, -4.508884], [129.948497, -4.514337], [129.945649, -4.556085], [129.93336, -4.562921], [129.899262, -4.568292], [129.8838, -4.555597], [129.85906, -4.554783], [129.927257, -4.53045], [129.931814, -4.515069]]], [[[127.2532, -3.849207], [127.256021, -3.874534], [127.241368, -3.910817], [127.226971, -3.917063], [127.172553, -3.91011], [127.145086, -3.884983], [127.136048, -3.869859], [127.137933, -3.846852], [127.165212, -3.814142], [127.181895, -3.808526], [127.23463, -3.821059], [127.2532, -3.849207]]], [[[122.344005, -3.528985], [122.355479, -3.556573], [122.326671, -3.56227], [122.293305, -3.580824], [122.284679, -3.562921], [122.290375, -3.541192], [122.3213, -3.511895], [122.344005, -3.528985]]], [[[132.714692, -3.486993], [132.702891, -3.519301], [132.678884, -3.495864], [132.666352, -3.453383], [132.637462, -3.447524], [132.620291, -3.423761], [132.651622, -3.40602], [132.666515, -3.410252], [132.70281, -3.453302], [132.714692, -3.486993]]], [[[122.464692, -3.440851], [122.458669, -3.466974], [122.433604, -3.485284], [122.402599, -3.430597], [122.412283, -3.387791], [122.423595, -3.387465], [122.439626, -3.419041], [122.464692, -3.440851]]], [[[127.641612, -3.340265], [127.643565, -3.356052], [127.624522, -3.361749], [127.56544, -3.338474], [127.519705, -3.330255], [127.480479, -3.29339], [127.509613, -3.276544], [127.526378, -3.254327], [127.563975, -3.255792], [127.641612, -3.340265]]], [[[127.784434, -3.168715], [127.796397, -3.211521], [127.778494, -3.244236], [127.67921, -3.251642], [127.658539, -3.245701], [127.643321, -3.224379], [127.706309, -3.156345], [127.758149, -3.149509], [127.784434, -3.168715]]], [[[127.994395, -2.93906], [127.964041, -2.977634], [127.947276, -3.018487], [127.918468, -3.029229], [127.826996, -3.028985], [127.82545, -3.016534], [127.837169, -3.001886], [127.875255, -2.983005], [127.896495, -2.961847], [127.912364, -2.9638], [127.925304, -2.955173], [127.933767, -2.934015], [127.926036, -2.916681], [127.954112, -2.916681], [127.994395, -2.93906]]], [[[123.887869, -2.050877], [123.886974, -2.073907], [123.869314, -2.053318], [123.839366, -2.049086], [123.859874, -2.010512], [123.867442, -2.005548], [123.887869, -2.050877]]], [[[124.366222, -1.971287], [124.372081, -1.992608], [124.370291, -2.038995], [124.334727, -2.004978], [124.304698, -1.996026], [124.300629, -1.987481], [124.318126, -1.963962], [124.348888, -1.959568], [124.366222, -1.971287]]], [[[123.664399, -1.948907], [123.663829, -1.963311], [123.656993, -1.963311], [123.651622, -1.949395], [123.649587, -1.901788], [123.656993, -1.901788], [123.664399, -1.948907]]], [[[123.745779, -1.935968], [123.711681, -1.957127], [123.705577, -1.93377], [123.712901, -1.911716], [123.726085, -1.899998], [123.738048, -1.907892], [123.745779, -1.935968]]], [[[127.378754, -1.40545], [127.34783, -1.412774], [127.316661, -1.436293], [127.28419, -1.425388], [127.285818, -1.400323], [127.304535, -1.377699], [127.323497, -1.374282], [127.330251, -1.353774], [127.345714, -1.365655], [127.371104, -1.367446], [127.378754, -1.40545]]], [[[120.668712, 1.061021], [120.68336, 1.044582], [120.667166, 1.043118], [120.632091, 1.068508], [120.607595, 1.072455], [120.628266, 1.078843], [120.668712, 1.061021]]], [[[120.392426, 1.086086], [120.406505, 1.060981], [120.399669, 1.037502], [120.37794, 1.024075], [120.368663, 1.031724], [120.367686, 1.049221], [120.377615, 1.079901], [120.392426, 1.086086]]], [[[120.012462, 0.504788], [120.032237, 0.516303], [120.045177, 0.549994], [120.02475, 0.667182], [120.045746, 0.734361], [120.12086, 0.75434], [120.186534, 0.784003], [120.227061, 0.814887], [120.235525, 0.831529], [120.256521, 0.968899], [120.278494, 0.994208], [120.319591, 0.99608], [120.341645, 0.982856], [120.34669, 0.96308], [120.340343, 0.872382], [120.346446, 0.855618], [120.367361, 0.8664], [120.387055, 0.83393], [120.422048, 0.811754], [120.469574, 0.79682], [120.487804, 0.811754], [120.511485, 0.810614], [120.527599, 0.806057], [120.556407, 0.780748], [120.568126, 0.782131], [120.614431, 0.832221], [120.602224, 0.855699], [120.617849, 0.898586], [120.662283, 0.968817], [120.690196, 0.99608], [120.722667, 0.976752], [120.733897, 0.979682], [120.754242, 1.020657], [120.792491, 1.037746], [120.801768, 1.052639], [120.79949, 1.142076], [120.825938, 1.196682], [120.819672, 1.29092], [120.820811, 1.310004], [120.833507, 1.32567], [120.874522, 1.32567], [120.90919, 1.353664], [120.908539, 1.311428], [120.949474, 1.343817], [120.967296, 1.346177], [121.061209, 1.327094], [121.080414, 1.331936], [121.158702, 1.302802], [121.182791, 1.27143], [121.264903, 1.22956], [121.317638, 1.253852], [121.399099, 1.262397], [121.451427, 1.297553], [121.469493, 1.282864], [121.471528, 1.256578], [121.46754, 1.246894], [121.430024, 1.232978], [121.45045, 1.167426], [121.480724, 1.120917], [121.546723, 1.072455], [121.586762, 1.061754], [121.63087, 1.061957], [121.926117, 1.0987], [121.943207, 1.091132], [121.955821, 1.045559], [121.970225, 1.029486], [121.990245, 1.021918], [122.012218, 1.024075], [122.048839, 1.05976], [122.063731, 1.065009], [122.190929, 1.03148], [122.235362, 1.009833], [122.276215, 1.017279], [122.296723, 1.009833], [122.313731, 1.024075], [122.375987, 1.009833], [122.454112, 1.020657], [122.485606, 0.995998], [122.524181, 0.979967], [122.645274, 0.959174], [122.662852, 0.947414], [122.679373, 0.91885], [122.739024, 0.893744], [122.756847, 0.875149], [122.778819, 0.870063], [122.781016, 0.855902], [122.806, 0.847846], [122.848888, 0.81802], [122.918468, 0.859565], [122.938243, 0.907416], [122.958181, 0.927883], [122.960785, 0.957261], [122.968028, 0.962592], [123.005056, 0.959459], [123.095714, 0.9289], [123.134451, 0.93891], [123.175629, 0.922553], [123.190929, 0.927883], [123.182384, 0.96011], [123.186697, 0.973619], [123.225759, 0.94953], [123.254893, 0.960679], [123.273448, 0.94892], [123.282074, 0.92178], [123.293956, 0.914211], [123.341807, 0.914211], [123.383311, 0.927883], [123.397146, 0.917873], [123.417328, 0.921617], [123.445079, 0.902981], [123.519786, 0.886623], [123.562999, 0.866929], [123.612315, 0.886217], [123.691173, 0.852729], [123.831798, 0.832221], [123.900401, 0.839667], [123.92921, 0.831529], [123.951427, 0.846137], [123.937511, 0.858954], [123.99171, 0.880683], [124.008067, 0.898179], [124.153005, 0.94595], [124.190766, 0.9831], [124.290375, 1.01732], [124.314952, 1.037746], [124.346528, 1.139635], [124.362804, 1.167426], [124.389415, 1.186103], [124.427908, 1.19538], [124.514171, 1.19538], [124.536632, 1.214667], [124.54835, 1.215806], [124.566905, 1.192043], [124.579112, 1.187893], [124.593761, 1.195868], [124.606781, 1.214789], [124.615977, 1.256822], [124.606456, 1.273342], [124.551443, 1.277289], [124.534434, 1.288642], [124.53297, 1.314521], [124.54835, 1.359849], [124.620372, 1.417141], [124.691742, 1.401435], [124.717296, 1.405829], [124.774181, 1.455227], [124.835704, 1.469143], [124.850434, 1.489691], [124.822032, 1.548529], [124.825938, 1.572903], [124.94988, 1.682603], [124.968598, 1.673814], [124.972911, 1.722968], [124.983897, 1.731594], [125.025157, 1.744127], [125.034434, 1.733466], [125.034923, 1.692043], [125.042735, 1.680569], [125.061697, 1.674547], [125.175304, 1.678168], [125.179942, 1.667426], [125.165294, 1.627346], [125.167817, 1.584784], [125.187836, 1.560533], [125.239757, 1.523668], [125.249197, 1.484687], [125.220225, 1.459052], [125.144298, 1.421332], [125.115408, 1.385199], [125.033702, 1.175442], [124.986583, 1.092963], [124.921153, 1.020657], [124.898692, 0.973049], [124.822032, 0.941474], [124.799001, 0.905748], [124.746349, 0.881252], [124.663829, 0.805609], [124.639822, 0.75845], [124.636078, 0.725084], [124.587901, 0.676988], [124.573253, 0.649115], [124.569347, 0.638861], [124.582205, 0.613756], [124.58253, 0.595445], [124.54835, 0.592027], [124.503429, 0.534003], [124.499766, 0.518541], [124.514171, 0.503323], [124.482921, 0.482896], [124.465831, 0.448676], [124.438975, 0.456448], [124.414561, 0.448147], [124.349294, 0.422797], [124.321788, 0.398871], [124.150564, 0.369859], [124.109386, 0.387193], [124.068533, 0.351874], [124.033865, 0.35932], [123.996267, 0.338813], [123.931407, 0.336249], [123.858897, 0.317043], [123.824962, 0.318305], [123.781993, 0.29857], [123.745779, 0.310858], [123.72462, 0.308824], [123.656505, 0.288275], [123.625987, 0.266588], [123.571056, 0.303616], [123.466319, 0.312323], [123.390147, 0.297838], [123.292003, 0.308336], [123.23878, 0.32453], [123.190929, 0.390326], [123.163585, 0.396796], [123.132579, 0.447577], [123.074229, 0.516303], [123.032481, 0.49136], [122.977875, 0.482815], [122.83074, 0.492336], [122.694102, 0.482815], [122.649669, 0.52383], [122.653168, 0.480414], [122.639415, 0.475328], [122.565929, 0.496527], [122.324392, 0.497056], [122.283458, 0.482815], [122.197113, 0.482815], [122.166352, 0.469184], [122.104259, 0.480699], [122.037771, 0.482123], [122.019705, 0.477118], [122.004161, 0.454901], [121.985118, 0.448432], [121.800466, 0.426459], [121.77947, 0.433173], [121.715505, 0.515082], [121.690115, 0.52383], [121.635997, 0.516303], [121.601899, 0.551744], [121.587738, 0.532864], [121.528331, 0.537421], [121.507823, 0.486802], [121.495128, 0.482815], [121.443614, 0.469184], [121.413341, 0.4831], [121.330333, 0.461737], [121.285899, 0.482815], [121.26059, 0.482489], [121.22047, 0.465969], [121.163829, 0.457465], [121.107921, 0.407131], [121.047374, 0.418931], [121.004893, 0.448676], [120.955333, 0.431871], [120.876475, 0.424506], [120.860688, 0.434394], [120.847179, 0.461737], [120.809337, 0.469184], [120.788829, 0.489651], [120.750824, 0.482815], [120.698578, 0.524156], [120.679535, 0.530585], [120.502696, 0.528876], [120.408865, 0.485745], [120.375255, 0.477688], [120.27296, 0.378119], [120.214529, 0.291938], [120.158214, 0.227769], [120.133311, 0.19123], [120.121349, 0.145168], [120.103852, 0.117255], [120.07545, -0.016412], [120.02296, -0.070977], [120.018891, -0.15252], [120.0, -0.19855803660579519], [120.0, 0.503834052286216], [120.012462, 0.504788]]], [[[120.018565, -0.363458], [120.059418, -0.44199], [120.045746, -0.483005], [120.07309, -0.613946], [120.089203, -0.657322], [120.255626, -0.899347], [120.302745, -0.932306], [120.325531, -0.938653], [120.387869, -0.9013], [120.412446, -0.904962], [120.446788, -0.960056], [120.500336, -0.975274], [120.586762, -1.116632], [120.56544, -1.215509], [120.619395, -1.28045], [120.648936, -1.364353], [120.675955, -1.394708], [120.737315, -1.367446], [120.737315, -1.36061], [120.830089, -1.340102], [120.826671, -1.377699], [120.844412, -1.389581], [120.889903, -1.395278], [120.987804, -1.381117], [121.032725, -1.415785], [121.073253, -1.421319], [121.105479, -1.405857], [121.167003, -1.322931], [121.189708, -1.221368], [121.206554, -1.191339], [121.266775, -1.148614], [121.31837, -1.067153], [121.374522, -1.020685], [121.429942, -0.93377], [121.500662, -0.859308], [121.536143, -0.846775], [121.57781, -0.846775], [121.585216, -0.842706], [121.587657, -0.812595], [121.620128, -0.800388], [121.640636, -0.800958], [121.659679, -0.812595], [121.662852, -0.887628], [121.714203, -0.935479], [121.799978, -0.935479], [121.926036, -0.955336], [122.018565, -0.916762], [122.105317, -0.926202], [122.128917, -0.908787], [122.141368, -0.886814], [122.159434, -0.820001], [122.156261, -0.798923], [122.207693, -0.764744], [122.487478, -0.749688], [122.55714, -0.768162], [122.594981, -0.764744], [122.622325, -0.750584], [122.716482, -0.792413], [122.787446, -0.773696], [122.929047, -0.758884], [122.960216, -0.730564], [122.897309, -0.716404], [122.882986, -0.695896], [122.766449, -0.683038], [122.74171, -0.668064], [122.73463, -0.64837], [122.752696, -0.64129], [122.765636, -0.649835], [122.779307, -0.646254], [122.823009, -0.612237], [122.838878, -0.620538], [122.854991, -0.610528], [122.964366, -0.599705], [122.976085, -0.607192], [123.01295, -0.604425], [123.038259, -0.589614], [123.060557, -0.558689], [123.075857, -0.55641], [123.239513, -0.570489], [123.403494, -0.642673], [123.417328, -0.65488], [123.405935, -0.677911], [123.425304, -0.708429], [123.444672, -0.709568], [123.438487, -0.730401], [123.454356, -0.758233], [123.44044, -0.792901], [123.444835, -0.833103], [123.437836, -0.853611], [123.400157, -0.894789], [123.383311, -1.003676], [123.352387, -1.039727], [123.311209, -1.051446], [123.269786, -1.04461], [123.23878, -1.024835], [123.210948, -0.983331], [123.149913, -0.935479], [123.156749, -0.887628], [123.15089, -0.872979], [123.118907, -0.84295], [123.096202, -0.835056], [123.060802, -0.880548], [123.009451, -0.893731], [122.87615, -0.908787], [122.838715, -0.899184], [122.811697, -0.924086], [122.769705, -1.019789], [122.730479, -1.070001], [122.720958, -1.109063], [122.661632, -1.142836], [122.648285, -1.159438], [122.638438, -1.20615], [122.572113, -1.253188], [122.529552, -1.316013], [122.502696, -1.333754], [122.478282, -1.381117], [122.406016, -1.446222], [122.368826, -1.492771], [122.306326, -1.524347], [122.18393, -1.61419], [122.14324, -1.594008], [122.063731, -1.62127], [122.02589, -1.614435], [122.005382, -1.634942], [121.954763, -1.663832], [121.901378, -1.67547], [121.861339, -1.669692], [121.85613, -1.688084], [121.798595, -1.71795], [121.755138, -1.833754], [121.718028, -1.888279], [121.692149, -1.908136], [121.627696, -1.927341], [121.552989, -1.929132], [121.54005, -1.923435], [121.504731, -1.876723], [121.456716, -1.860935], [121.440929, -1.813572], [121.41627, -1.805759], [121.371349, -1.805759], [121.347423, -1.778985], [121.31186, -1.782892], [121.296072, -1.816664], [121.30421, -1.846938], [121.340587, -1.839776], [121.345714, -1.855727], [121.326996, -1.919041], [121.340587, -1.946547], [121.340587, -1.991306], [121.368663, -1.966567], [121.388438, -1.917169], [121.402029, -1.909356], [121.43629, -1.980157], [121.466645, -2.000909], [121.491466, -2.035333], [121.511892, -2.032322], [121.53533, -2.05877], [121.555024, -2.133966], [121.574555, -2.16253], [121.617686, -2.177992], [121.700857, -2.180352], [121.822927, -2.287286], [121.847667, -2.320896], [121.882579, -2.413344], [121.929698, -2.462986], [121.965505, -2.518243], [121.977875, -2.553969], [122.009288, -2.59352], [122.019054, -2.615004], [122.015636, -2.693536], [122.083832, -2.76393], [122.145763, -2.778741], [122.15268, -2.794122], [122.177257, -2.806817], [122.192638, -2.866306], [122.207693, -2.875177], [122.245372, -2.875258], [122.28712, -2.888767], [122.312511, -2.926853], [122.270844, -3.00213], [122.279633, -3.039646], [122.313731, -3.060154], [122.385916, -3.132013], [122.430431, -3.114679], [122.446137, -3.149347], [122.457286, -3.156345], [122.472911, -3.151137], [122.464692, -3.176853], [122.436697, -3.190362], [122.42921, -3.245864], [122.41627, -3.245701], [122.395356, -3.230239], [122.38266, -3.238214], [122.357921, -3.217543], [122.3213, -3.257094], [122.295665, -3.312921], [122.303559, -3.341241], [122.372569, -3.372247], [122.383637, -3.418634], [122.378429, -3.438735], [122.361583, -3.437433], [122.368907, -3.425714], [122.36199, -3.413344], [122.327485, -3.403253], [122.334972, -3.389744], [122.325206, -3.375258], [122.279633, -3.355564], [122.272472, -3.376235], [122.25172, -3.376072], [122.261241, -3.409926], [122.292166, -3.45086], [122.290538, -3.471368], [122.262462, -3.528985], [122.200531, -3.556573], [122.205414, -3.593845], [122.235606, -3.643162], [122.268809, -3.665785], [122.305431, -3.674981], [122.334972, -3.718032], [122.355235, -3.727797], [122.419688, -3.724786], [122.441417, -3.731052], [122.470958, -3.78631], [122.529552, -3.865411], [122.548676, -3.878676], [122.656423, -3.889337], [122.668956, -3.908624], [122.667247, -3.918878], [122.638194, -3.930352], [122.62436, -3.952407], [122.55128, -3.970798], [122.552501, -3.976332], [122.622813, -3.98504], [122.656423, -4.006606], [122.663829, -4.023126], [122.666515, -4.102472], [122.688162, -4.13836], [122.707774, -4.139093], [122.711111, -4.11533], [122.778168, -4.136977], [122.816417, -4.137302], [122.842052, -4.128839], [122.789317, -4.073989], [122.775157, -4.048272], [122.807384, -4.040704], [122.844981, -4.057712], [122.872813, -4.093194], [122.907074, -4.195977], [122.907237, -4.235528], [122.892426, -4.266046], [122.903575, -4.32822], [122.900157, -4.388767], [122.866873, -4.400323], [122.842052, -4.438084], [122.722911, -4.332452], [122.699718, -4.318292], [122.670177, -4.314548], [122.745128, -4.410089], [122.766287, -4.410089], [122.770274, -4.416762], [122.773123, -4.468438], [122.758149, -4.484796], [122.735606, -4.482354], [122.711111, -4.451755], [122.697276, -4.45794], [122.704275, -4.472101], [122.691173, -4.483819], [122.682302, -4.480401], [122.670177, -4.458429], [122.670095, -4.432224], [122.640473, -4.408461], [122.599132, -4.396742], [122.563731, -4.406915], [122.531423, -4.427911], [122.497569, -4.435235], [122.430431, -4.416925], [122.350352, -4.452895], [122.233246, -4.468032], [122.152843, -4.513116], [122.107758, -4.519952], [122.065684, -4.582289], [122.039561, -4.663344], [122.042979, -4.707778], [122.059337, -4.742446], [122.107758, -4.793634], [122.128917, -4.80047], [122.128917, -4.807875], [122.110606, -4.813246], [122.077403, -4.842055], [121.99171, -4.855727], [121.887462, -4.846368], [121.823253, -4.813084], [121.769542, -4.821547], [121.742442, -4.816095], [121.734874, -4.82822], [121.704356, -4.835219], [121.657237, -4.787205], [121.55421, -4.743748], [121.498302, -4.663344], [121.48463, -4.656427], [121.477712, -4.622979], [121.480479, -4.580824], [121.529307, -4.397556], [121.533214, -4.238051], [121.546723, -4.225193], [121.559581, -4.225193], [121.563162, -4.232517], [121.552989, -4.252374], [121.584972, -4.236749], [121.617198, -4.166925], [121.627696, -4.087091], [121.594493, -4.040704], [121.555186, -4.021417], [121.430024, -3.9992], [121.354259, -3.968438], [121.325694, -3.91253], [121.296153, -3.886814], [121.255626, -3.903009], [121.246104, -3.89422], [121.264903, -3.834649], [121.255138, -3.815688], [121.16033, -3.796157], [121.105154, -3.730239], [120.893809, -3.539158], [120.874522, -3.498956], [120.867686, -3.45794], [120.889415, -3.388767], [120.950206, -3.327569], [120.979015, -3.267022], [121.01531, -3.251642], [121.029796, -3.226821], [121.059337, -3.211521], [121.066742, -3.19378], [121.073009, -3.114679], [121.063324, -3.078709], [121.048106, -3.066176], [121.080414, -2.977634], [121.08725, -2.904555], [121.081716, -2.872328], [121.070811, -2.851007], [121.053233, -2.862074], [121.032725, -2.814223], [121.011729, -2.848403], [120.993012, -2.841729], [120.984386, -2.823907], [120.990733, -2.811619], [121.018891, -2.801853], [121.025238, -2.778904], [121.041677, -2.783868], [121.052501, -2.777602], [121.066905, -2.752211], [121.080414, -2.759047], [121.048188, -2.698989], [121.00587, -2.660821], [120.88502, -2.642348], [120.85377, -2.646173], [120.823497, -2.621515], [120.799327, -2.615004], [120.776052, -2.614923], [120.748709, -2.630629], [120.6963, -2.642185], [120.6421, -2.670343], [120.584483, -2.682061], [120.559825, -2.731134], [120.542979, -2.747247], [120.292247, -2.903009], [120.231619, -2.950372], [120.203461, -2.957696], [120.22641, -2.988051], [120.240001, -3.035903], [120.261404, -3.050388], [120.285411, -3.122166], [120.264334, -3.142022], [120.28533, -3.16253], [120.383067, -3.20908], [120.400401, -3.250909], [120.408214, -3.259373], [120.425792, -3.256117], [120.40211, -3.296808], [120.408539, -3.329034], [120.395274, -3.382257], [120.408214, -3.423761], [120.398936, -3.500909], [120.421886, -3.582452], [120.422048, -3.666436], [120.443696, -3.690688], [120.446544, -3.728692], [120.430024, -3.766778], [120.387869, -3.827895], [120.359711, -3.89422], [120.351899, -4.100274], [120.381358, -4.16725], [120.374197, -4.249282], [120.387869, -4.294041], [120.386241, -4.329278], [120.362315, -4.386977], [120.367361, -4.424412], [120.402599, -4.472101], [120.392751, -4.50628], [120.40211, -4.574477], [120.444102, -4.626642], [120.449962, -4.64658], [120.415863, -4.688897], [120.386567, -4.829278], [120.326427, -4.842055], [120.309418, -4.87127], [120.306651, -4.992852], [120.284028, -5.111586], [120.264334, -5.149998], [120.306651, -5.211358], [120.336925, -5.283787], [120.387869, -5.352227], [120.432953, -5.527602], [120.43629, -5.565199], [120.463634, -5.620212], [120.458344, -5.626072], [120.430512, -5.613946], [120.416352, -5.616795], [120.379649, -5.576349], [120.347504, -5.513604], [120.323253, -5.509535], [120.251964, -5.540948], [120.199229, -5.550551], [120.175548, -5.568943], [120.100434, -5.595636], [120.010265, -5.577813], [120.0, -5.571922393210032], [120.0, -0.23870223547868552], [120.018565, -0.363458]]], [[[127.810557, 2.263861], [127.816173, 2.233791], [127.805186, 2.212348], [127.781261, 2.20893], [127.75766, 2.221381], [127.74822, 2.247382], [127.75172, 2.265855], [127.759939, 2.269924], [127.810557, 2.263861]]], [[[128.169932, 2.297431], [128.154633, 2.286363], [128.130707, 2.316474], [128.128673, 2.358303], [128.160167, 2.404853], [128.173188, 2.400702], [128.193614, 2.367255], [128.169932, 2.297431]]], [[[120.8210361406215, -10.0], [120.0, -10.0], [120.0, -9.347708205827136], [120.011729, -9.357599], [120.070974, -9.441013], [120.094249, -9.461196], [120.148285, -9.479669], [120.183116, -9.466892], [120.229259, -9.492283], [120.243907, -9.509047], [120.253429, -9.613865], [120.271169, -9.642511], [120.346934, -9.670505], [120.364757, -9.645278], [120.390147, -9.637953], [120.43629, -9.63128], [120.478282, -9.641046], [120.508556, -9.696954], [120.580333, -9.734959], [120.606781, -9.769464], [120.645763, -9.852309], [120.669688, -9.885186], [120.792491, -9.96087], [120.8210361406215, -10.0]]], [[[123.350271, -8.280043], [123.33546, -8.299249], [123.321137, -8.384942], [123.289317, -8.404474], [123.163585, -8.391778], [123.041026, -8.410821], [123.019542, -8.391778], [123.020844, -8.358331], [123.036469, -8.332289], [123.125824, -8.258722], [123.156505, -8.243585], [123.237315, -8.234063], [123.287852, -8.246352], [123.314301, -8.261407], [123.330821, -8.254653], [123.348643, -8.268813], [123.350271, -8.280043]]], [[[123.026378, -8.320082], [123.018728, -8.33408], [122.942882, -8.343927], [122.904145, -8.363377], [122.897309, -8.38836], [122.904552, -8.447035], [122.897309, -8.460626], [122.852875, -8.454278], [122.820974, -8.436212], [122.817719, -8.426446], [122.803559, -8.437921], [122.803071, -8.477634], [122.849376, -8.552016], [122.848399, -8.583591], [122.807384, -8.610935], [122.747325, -8.62005], [122.721039, -8.636651], [122.67921, -8.632908], [122.649669, -8.651951], [122.56544, -8.669122], [122.515147, -8.712091], [122.449474, -8.734308], [122.407888, -8.741469], [122.303884, -8.739028], [122.252778, -8.749688], [122.227061, -8.737237], [122.162934, -8.726983], [122.114513, -8.732354], [122.005382, -8.802016], [121.87615, -8.83766], [121.780447, -8.887953], [121.73406, -8.879978], [121.690115, -8.850518], [121.674327, -8.862726], [121.659353, -8.898207], [121.646007, -8.905694], [121.621755, -8.836847], [121.581065, -8.817641], [121.500011, -8.816502], [121.396007, -8.794122], [121.378184, -8.799005], [121.367035, -8.81992], [121.374766, -8.883966], [121.340587, -8.918064], [121.298513, -8.91839], [121.210948, -8.892022], [121.165294, -8.895115], [121.066905, -8.940525], [120.994884, -8.940525], [120.958507, -8.925958], [120.922862, -8.926202], [120.906505, -8.913832], [120.863292, -8.869317], [120.848399, -8.829767], [120.833181, -8.81699], [120.792491, -8.823175], [120.764171, -8.865492], [120.747813, -8.871026], [120.725841, -8.867446], [120.68336, -8.844334], [120.641612, -8.844334], [120.593923, -8.795831], [120.577891, -8.790216], [120.47047, -8.802016], [120.381602, -8.795831], [120.323009, -8.830662], [120.279063, -8.82936], [120.243907, -8.823175], [120.165294, -8.76865], [120.131033, -8.770766], [120.058849, -8.7999], [120.0, -8.809813460741365], [120.0, -8.44058050927835], [120.002696, -8.438735], [120.02475, -8.384942], [120.056, -8.391778], [120.076508, -8.384942], [120.094249, -8.398614], [120.108897, -8.39186], [120.120942, -8.350763], [120.148936, -8.37127], [120.212901, -8.292739], [120.277029, -8.26922], [120.37794, -8.275079], [120.391938, -8.267836], [120.422048, -8.227309], [120.437266, -8.232354], [120.457367, -8.275079], [120.483409, -8.278741], [120.521739, -8.255466], [120.567719, -8.280532], [120.593923, -8.281915], [120.60141, -8.257013], [120.593923, -8.233494], [120.635753, -8.249607], [120.654552, -8.261651], [120.673106, -8.29225], [120.74464, -8.329767], [120.812511, -8.320977], [120.846446, -8.334161], [120.90919, -8.343357], [120.976085, -8.337498], [120.994884, -8.347101], [121.030935, -8.392673], [121.053233, -8.40545], [121.106293, -8.423923], [121.147309, -8.426039], [121.175304, -8.440362], [121.210948, -8.43963], [121.229828, -8.45794], [121.279145, -8.467462], [121.316417, -8.514744], [121.337169, -8.525323], [121.380544, -8.572198], [121.408865, -8.58294], [121.450857, -8.566664], [121.470958, -8.569268], [121.495779, -8.582452], [121.50172, -8.601821], [121.574555, -8.565851], [121.574474, -8.537856], [121.608165, -8.542087], [121.602712, -8.496352], [121.60963, -8.476007], [121.625499, -8.467462], [121.680431, -8.511326], [121.772716, -8.486749], [121.806814, -8.494806], [121.834727, -8.473728], [121.871593, -8.491957], [121.892751, -8.492852], [121.931977, -8.474216], [121.948253, -8.452569], [121.984874, -8.447035], [122.019054, -8.425958], [122.041189, -8.449151], [122.026541, -8.461114], [122.022146, -8.479262], [122.025645, -8.49977], [122.039561, -8.514744], [122.081065, -8.514744], [122.141124, -8.541681], [122.229747, -8.616876], [122.258067, -8.63128], [122.288422, -8.633884], [122.477387, -8.594985], [122.500743, -8.576267], [122.514659, -8.552667], [122.512462, -8.528253], [122.481212, -8.506117], [122.485118, -8.483982], [122.54656, -8.45322], [122.598155, -8.395196], [122.670177, -8.377537], [122.688243, -8.384698], [122.758149, -8.361017], [122.82016, -8.305434], [122.88087, -8.28574], [122.944102, -8.215427], [122.950694, -8.203058], [122.94044, -8.193129], [122.87615, -8.185724], [122.830414, -8.201593], [122.790294, -8.230401], [122.748871, -8.233494], [122.740408, -8.222426], [122.775157, -8.162774], [122.78419, -8.123956], [122.862559, -8.069757], [122.88559, -8.074965], [122.894298, -8.093032], [122.936534, -8.111505], [122.979666, -8.146905], [122.977875, -8.196384], [123.026378, -8.288751], [123.026378, -8.320082]]], [[[123.938813, -8.232192], [123.941173, -8.243748], [123.932384, -8.271417], [123.876475, -8.286228], [123.789887, -8.293634], [123.775401, -8.305841], [123.728852, -8.393324], [123.687511, -8.436212], [123.676768, -8.438165], [123.656993, -8.40545], [123.624685, -8.427667], [123.596202, -8.461847], [123.572113, -8.471612], [123.567638, -8.481134], [123.573741, -8.491876], [123.609223, -8.535252], [123.583018, -8.565525], [123.543468, -8.569268], [123.500011, -8.52158], [123.455089, -8.569268], [123.430512, -8.587091], [123.406749, -8.589451], [123.346853, -8.543227], [123.324392, -8.534601], [123.310802, -8.549249], [123.283376, -8.556329], [123.256114, -8.541925], [123.23878, -8.548923], [123.227306, -8.526056], [123.252696, -8.497003], [123.314301, -8.45322], [123.357595, -8.41131], [123.46811, -8.365981], [123.485688, -8.350763], [123.483653, -8.330173], [123.473318, -8.320977], [123.36964, -8.316664], [123.366384, -8.304457], [123.380056, -8.288263], [123.414236, -8.267185], [123.456798, -8.279067], [123.516124, -8.240899], [123.567638, -8.247735], [123.560802, -8.281915], [123.526622, -8.316664], [123.517914, -8.35296], [123.54713, -8.37127], [123.589122, -8.37363], [123.604666, -8.36419], [123.609223, -8.343357], [123.582286, -8.306085], [123.601817, -8.295587], [123.614024, -8.309259], [123.62794, -8.307306], [123.639171, -8.294122], [123.643321, -8.275079], [123.625336, -8.244887], [123.641612, -8.223077], [123.656993, -8.220473], [123.665701, -8.226983], [123.670665, -8.247735], [123.701345, -8.251235], [123.711681, -8.245538], [123.704845, -8.227309], [123.730724, -8.223321], [123.7671, -8.193048], [123.804454, -8.178888], [123.848806, -8.213637], [123.938813, -8.232192]]], [[[124.291026, -8.280532], [124.299978, -8.319268], [124.232188, -8.38128], [124.208832, -8.423028], [124.191661, -8.489353], [124.149587, -8.539321], [124.107595, -8.554132], [124.059337, -8.551528], [124.05128, -8.539158], [124.050629, -8.48211], [124.018809, -8.429946], [123.976899, -8.437921], [123.931163, -8.460056], [123.907237, -8.454848], [123.985118, -8.338311], [124.023285, -8.313409], [124.05836, -8.306085], [124.073741, -8.320977], [124.083263, -8.35589], [124.109386, -8.384942], [124.110362, -8.363702], [124.150564, -8.329767], [124.184418, -8.271173], [124.258149, -8.182061], [124.284679, -8.183282], [124.308116, -8.220473], [124.291026, -8.280532]]], [[[138.910899, -8.37477], [138.909841, -8.396091], [138.894054, -8.40545], [138.699962, -8.394627], [138.629893, -8.37127], [138.55836, -8.366632], [138.548025, -8.347101], [138.552257, -8.322686], [138.56422, -8.307306], [138.657237, -8.241143], [138.675059, -8.189142], [138.78533, -8.158949], [138.816905, -8.161879], [138.831391, -8.185642], [138.84197, -8.276951], [138.897309, -8.337172], [138.910899, -8.37477]]], [[[125.137462, -8.321384], [125.123302, -8.352309], [124.766124, -8.408461], [124.661632, -8.403416], [124.544607, -8.447035], [124.520356, -8.432794], [124.495453, -8.430352], [124.427908, -8.467462], [124.396821, -8.447035], [124.370291, -8.460626], [124.357107, -8.456313], [124.333507, -8.413018], [124.386078, -8.358331], [124.410492, -8.306085], [124.472667, -8.268813], [124.514171, -8.261407], [124.547618, -8.230727], [124.537771, -8.220473], [124.421235, -8.267511], [124.392426, -8.265232], [124.396821, -8.220473], [124.432791, -8.191095], [124.450694, -8.149021], [124.475271, -8.132582], [124.496349, -8.138604], [124.568696, -8.131036], [124.585704, -8.145766], [124.589203, -8.190606], [124.603038, -8.206801], [124.66505, -8.169692], [124.687999, -8.165216], [124.773611, -8.158949], [124.898285, -8.168145], [124.952322, -8.149835], [124.996755, -8.165216], [125.086925, -8.158787], [125.134044, -8.217055], [125.137462, -8.321384]]], [[[128.123546, -8.150323], [128.127452, -8.16131], [128.117931, -8.178888], [128.053966, -8.226821], [128.041515, -8.25506], [128.025645, -8.261407], [127.994151, -8.251886], [127.939301, -8.218194], [127.843598, -8.205743], [127.802094, -8.176202], [127.785167, -8.131606], [127.761567, -8.117446], [127.774181, -8.103448], [127.83253, -8.098565], [127.940278, -8.131036], [128.017833, -8.143162], [128.057384, -8.142022], [128.090587, -8.131036], [128.123546, -8.150323]]], [[[131.160167, -8.118748], [131.181651, -8.124933], [131.160818, -8.152276], [131.061209, -8.205824], [130.991059, -8.234796], [130.951671, -8.233494], [130.893728, -8.251235], [130.896251, -8.284356], [130.879405, -8.309259], [130.810883, -8.351332], [130.763357, -8.350763], [130.854991, -8.240004], [130.913422, -8.213637], [130.922211, -8.198419], [130.913422, -8.158949], [130.926443, -8.132501], [130.973806, -8.145278], [131.014415, -8.095392], [131.037608, -8.083266], [131.08546, -8.124933], [131.079438, -8.148858], [131.088878, -8.151544], [131.109386, -8.131036], [131.160167, -8.118748]]], [[[129.854503, -7.884047], [129.861013, -7.898858], [129.85906, -7.93255], [129.811534, -7.983005], [129.776378, -8.055352], [129.693858, -8.038263], [129.594249, -7.924005], [129.585216, -7.902032], [129.587576, -7.835626], [129.601248, -7.807306], [129.632498, -7.795994], [129.724864, -7.795994], [129.775238, -7.817071], [129.819347, -7.819268], [129.844574, -7.836196], [129.841156, -7.877862], [129.854503, -7.884047]]], [[[126.839203, -7.748224], [126.823497, -7.762384], [126.792328, -7.747491], [126.727875, -7.754653], [126.71339, -7.747491], [126.631358, -7.775486], [126.559337, -7.81992], [126.504405, -7.888116], [126.504242, -7.912367], [126.466156, -7.966567], [126.421886, -7.93255], [126.350271, -7.929295], [126.274425, -7.911879], [126.189789, -7.923517], [126.136892, -7.888604], [126.114513, -7.882989], [126.090099, -7.891534], [126.053966, -7.884698], [125.925059, -7.911879], [125.918142, -7.93255], [125.897716, -7.939223], [125.812022, -8.007582], [125.789317, -8.016046], [125.774181, -8.007582], [125.77589, -7.991795], [125.808442, -7.934259], [125.81422, -7.850274], [125.838878, -7.827081], [125.869802, -7.814711], [125.884044, -7.754327], [125.908214, -7.744073], [125.947927, -7.678318], [125.968923, -7.660089], [125.992686, -7.661554], [126.046153, -7.693455], [126.203136, -7.713474], [126.261485, -7.68613], [126.32838, -7.695733], [126.346446, -7.689142], [126.39796, -7.643813], [126.484548, -7.597263], [126.626964, -7.559991], [126.63087, -7.598565], [126.646983, -7.616957], [126.692719, -7.637628], [126.72169, -7.668064], [126.813243, -7.668634], [126.839203, -7.748224]]], [[[127.484386, -7.532403], [127.489268, -7.544529], [127.4817, -7.590102], [127.412852, -7.617771], [127.389496, -7.649672], [127.357677, -7.655694], [127.348399, -7.61533], [127.37615, -7.59588], [127.378673, -7.58587], [127.364431, -7.536798], [127.372732, -7.506117], [127.418468, -7.507908], [127.484386, -7.532403]]], [[[139.046397, -7.561944], [139.075531, -7.576267], [139.044444, -7.611423], [138.993663, -7.720147], [138.977224, -7.840916], [138.910655, -7.878513], [138.891124, -7.898045], [138.8838, -7.93255], [138.886485, -8.007013], [138.904145, -8.07586], [138.836681, -8.080011], [138.771821, -8.143162], [138.679698, -8.157485], [138.660899, -8.169041], [138.60255, -8.254653], [138.507823, -8.315688], [138.444184, -8.379083], [138.375987, -8.409601], [138.335704, -8.419122], [138.293468, -8.418715], [138.223399, -8.39186], [138.177989, -8.384942], [137.849132, -8.377537], [137.759532, -8.393976], [137.677094, -8.425958], [137.638194, -8.425877], [137.636974, -8.389418], [137.759044, -8.073419], [137.800548, -8.041681], [137.809744, -7.983575], [137.894867, -7.816176], [137.917979, -7.781671], [137.965831, -7.739435], [138.006684, -7.637628], [138.028087, -7.61004], [138.088634, -7.559828], [138.244151, -7.456476], [138.39503, -7.40488], [138.529063, -7.386489], [138.62086, -7.364679], [138.717052, -7.359552], [138.804535, -7.3742], [138.896007, -7.50506], [138.938975, -7.542087], [139.046397, -7.561944]]], [[[131.666515, -7.223891], [131.642751, -7.254815], [131.647227, -7.309259], [131.675059, -7.358168], [131.67335, -7.37184], [131.660899, -7.383884], [131.709239, -7.417901], [131.708751, -7.424574], [131.694998, -7.428806], [131.675548, -7.480157], [131.660899, -7.486912], [131.668712, -7.50921], [131.633067, -7.62005], [131.598643, -7.648533], [131.574229, -7.69492], [131.496918, -7.726332], [131.503184, -7.747491], [131.490001, -7.763279], [131.469005, -7.761814], [131.474946, -7.782973], [131.389903, -7.847101], [131.379649, -7.891534], [131.338634, -7.939223], [131.36085, -7.947361], [131.34547, -7.987074], [131.316742, -8.017999], [131.299327, -8.025649], [131.291515, -8.011326], [131.310802, -7.954034], [131.283458, -7.93613], [131.26588, -7.95436], [131.257335, -7.987074], [131.229666, -8.003513], [131.116222, -8.000746], [131.106619, -7.991306], [131.126964, -7.929132], [131.115977, -7.898696], [131.104747, -7.889581], [131.092296, -7.891534], [131.085704, -7.871759], [131.09018, -7.84881], [131.11964, -7.816502], [131.152843, -7.821873], [131.161143, -7.799574], [131.139985, -7.781671], [131.139985, -7.775486], [131.156993, -7.774347], [131.153656, -7.740655], [131.13738, -7.743422], [131.133149, -7.726332], [131.11964, -7.733819], [131.114757, -7.706964], [131.122569, -7.691013], [131.139171, -7.68613], [131.203868, -7.713311], [131.249848, -7.706638], [131.194835, -7.68377], [131.181326, -7.649591], [131.181407, -7.641209], [131.19158, -7.637628], [131.19516, -7.596775], [131.224783, -7.546319], [131.241547, -7.487726], [131.315196, -7.422947], [131.328136, -7.417901], [131.347016, -7.438246], [131.355724, -7.435317], [131.388357, -7.381931], [131.396983, -7.343438], [131.453136, -7.334405], [131.448497, -7.309259], [131.455089, -7.291192], [131.493988, -7.229587], [131.54477, -7.219903], [131.528819, -7.170099], [131.536957, -7.154229], [131.568614, -7.130955], [131.617198, -7.112237], [131.654307, -7.112888], [131.660981, -7.128595], [131.654633, -7.172133], [131.704112, -7.131524], [131.743337, -7.196059], [131.726085, -7.216567], [131.698578, -7.226739], [131.666515, -7.223891]]], [[[131.9817, -7.245701], [131.965587, -7.254653], [131.914073, -7.216485], [131.903982, -7.180352], [131.87794, -7.164483], [131.772227, -7.164972], [131.742686, -7.15838], [131.732188, -7.141209], [131.757009, -7.11004], [131.900401, -7.11004], [131.918468, -7.103611], [131.933849, -7.111586], [131.953461, -7.154067], [131.977061, -7.174086], [131.9817, -7.245701]]], [[[128.658539, -7.143813], [128.680512, -7.172459], [128.638682, -7.219903], [128.583995, -7.178888], [128.546641, -7.162693], [128.532725, -7.151056], [128.528819, -7.130548], [128.563243, -7.091241], [128.61964, -7.063165], [128.652354, -7.089532], [128.686371, -7.096368], [128.699718, -7.109552], [128.701345, -7.122817], [128.691254, -7.133233], [128.658539, -7.143813]]], [[[134.521495, -6.586847], [134.499278, -6.637791], [134.472179, -6.661798], [134.428722, -6.652765], [134.401703, -6.657485], [134.401703, -6.664972], [134.420421, -6.664158], [134.436534, -6.682061], [134.42156, -6.704197], [134.398285, -6.719659], [134.347179, -6.801528], [134.364268, -6.807794], [134.358897, -6.820733], [134.31072, -6.85947], [134.244802, -6.883477], [134.185069, -6.918634], [134.146169, -6.858982], [134.073416, -6.826755], [134.052989, -6.764337], [134.085948, -6.642022], [134.110606, -6.459161], [134.117524, -6.452081], [134.131114, -6.47975], [134.185802, -6.48919], [134.209972, -6.50742], [134.189464, -6.445245], [134.136974, -6.450372], [134.120372, -6.419854], [134.127452, -6.325291], [134.099132, -6.225681], [134.102712, -6.180108], [134.12379, -6.171563], [134.135997, -6.176935], [134.163829, -6.21502], [134.198741, -6.224298], [134.247244, -6.268324], [134.294607, -6.297784], [134.299815, -6.315851], [134.287771, -6.341892], [134.329763, -6.389337], [134.392426, -6.408298], [134.436534, -6.445245], [134.457042, -6.445245], [134.490001, -6.511326], [134.47755, -6.531345], [134.484386, -6.575616], [134.521495, -6.586847]]], [[[120.555186, -5.979425], [120.558604, -6.066339], [120.552989, -6.110121], [120.526215, -6.195489], [120.530121, -6.287286], [120.522472, -6.336521], [120.502615, -6.373468], [120.505138, -6.431736], [120.490489, -6.471449], [120.481293, -6.477309], [120.463634, -6.383884], [120.470876, -6.27516], [120.46811, -6.264337], [120.448253, -6.256524], [120.429454, -6.185805], [120.449962, -6.140802], [120.452159, -6.080824], [120.441417, -5.977634], [120.448253, -5.843927], [120.47047, -5.76686], [120.480479, -5.764093], [120.494395, -5.774509], [120.495616, -5.80641], [120.513357, -5.836602], [120.555186, -5.979425]]], [[[132.811046, -5.797052], [132.812266, -5.819594], [132.805431, -5.862481], [132.775564, -5.923923], [132.741547, -5.950372], [132.715994, -5.896661], [132.708669, -5.927504], [132.691905, -5.928806], [132.669688, -5.899998], [132.661388, -5.845392], [132.675059, -5.835707], [132.67449, -5.760024], [132.688731, -5.760024], [132.675059, -5.712172], [132.65504, -5.708754], [132.661388, -5.678806], [132.643809, -5.67547], [132.64088, -5.643324], [132.619802, -5.60296], [132.661388, -5.623468], [132.69752, -5.597426], [132.702891, -5.616795], [132.690603, -5.650079], [132.702891, -5.657647], [132.740489, -5.660089], [132.757579, -5.73211], [132.763682, -5.718438], [132.771251, -5.718438], [132.785899, -5.779718], [132.811046, -5.797052]]], [[[134.743663, -6.198826], [134.747813, -6.229913], [134.701834, -6.321873], [134.630219, -6.351251], [134.607758, -6.369561], [134.570567, -6.34881], [134.553722, -6.35589], [134.501964, -6.299249], [134.459239, -6.278416], [134.449474, -6.263767], [134.371593, -6.237563], [134.358653, -6.219822], [134.343761, -6.22617], [134.333507, -6.221449], [134.291352, -6.156345], [134.276622, -6.119317], [134.27589, -6.083591], [134.292491, -6.054864], [134.312022, -6.047133], [134.348888, -6.050877], [134.367686, -6.034356], [134.369314, -6.023858], [134.312999, -6.027602], [134.301768, -6.01629], [134.319102, -5.966078], [134.288097, -5.923923], [134.32252, -5.889418], [134.323497, -5.868259], [134.360362, -5.849542], [134.354015, -5.828302], [134.376475, -5.805597], [134.378266, -5.793715], [134.361501, -5.780532], [134.340994, -5.804295], [134.330903, -5.803969], [134.318207, -5.772556], [134.247895, -5.760431], [134.206554, -5.729099], [134.201996, -5.712498], [134.215505, -5.695896], [134.257823, -5.678806], [134.309744, -5.712579], [134.351817, -5.714451], [134.367686, -5.671319], [134.404063, -5.640883], [134.457042, -5.534112], [134.462657, -5.55283], [134.472504, -5.557875], [134.491222, -5.540948], [134.504731, -5.547784], [134.505056, -5.517755], [134.492035, -5.495782], [134.491222, -5.448175], [134.508311, -5.429376], [134.539724, -5.440606], [134.581228, -5.424249], [134.628266, -5.444757], [134.648204, -5.493097], [134.696544, -5.534112], [134.66863, -5.547784], [134.682384, -5.575128], [134.676036, -5.568943], [134.651703, -5.57464], [134.635102, -5.5888], [134.680349, -5.590916], [134.710216, -5.609145], [134.758067, -5.671319], [134.739757, -5.685154], [134.718761, -5.737563], [134.717052, -5.752618], [134.737559, -5.760024], [134.737559, -5.787367], [134.702891, -5.835707], [134.743337, -5.846938], [134.754405, -5.860772], [134.751231, -5.876723], [134.764903, -5.890395], [134.723888, -5.917739], [134.720225, -5.900567], [134.709646, -5.896173], [134.699474, -5.902602], [134.696544, -5.917739], [134.737559, -5.945001], [134.723888, -5.945001], [134.736095, -5.969496], [134.695323, -5.962172], [134.654307, -5.933282], [134.625987, -5.933038], [134.601085, -5.951837], [134.642589, -5.947524], [134.656993, -5.953871], [134.670665, -5.986749], [134.727306, -6.027602], [134.772227, -6.089614], [134.754649, -6.135512], [134.717052, -6.164727], [134.702891, -6.157892], [134.691091, -6.188084], [134.758067, -6.157892], [134.743663, -6.198826]]], [[[133.188731, -5.344496], [133.184337, -5.361993], [133.165375, -5.380141], [133.138927, -5.521173], [133.113292, -5.595636], [133.0796, -5.631768], [133.033539, -5.654392], [132.975434, -5.728692], [132.949392, -5.794203], [132.956798, -5.862481], [132.856781, -5.989435], [132.842296, -5.99684], [132.840505, -5.984959], [132.900076, -5.813897], [132.928884, -5.777114], [132.928884, -5.698012], [132.964122, -5.64072], [132.996593, -5.651544], [133.00408, -5.647149], [133.02296, -5.548517], [133.075857, -5.398045], [133.10434, -5.350681], [133.110118, -5.310968], [133.121349, -5.29461], [133.137869, -5.287286], [133.172618, -5.296482], [133.184337, -5.310317], [133.188731, -5.344496]]], [[[122.046886, -5.242364], [122.052989, -5.432306], [122.046886, -5.451593], [122.031993, -5.465265], [121.968272, -5.46795], [121.923513, -5.403741], [121.881847, -5.390232], [121.806814, -5.259861], [121.813731, -5.249688], [121.812185, -5.220961], [121.840831, -5.160089], [121.881847, -5.143731], [121.881521, -5.133884], [121.853852, -5.102146], [121.880382, -5.072198], [121.916026, -5.054376], [121.910899, -5.085707], [121.919444, -5.095473], [121.937022, -5.09588], [121.959483, -5.071222], [121.977306, -5.070489], [121.996593, -5.137872], [122.009776, -5.153741], [122.033376, -5.149998], [122.06422, -5.189874], [122.067393, -5.21502], [122.046886, -5.242364]]], [[[131.750173, -4.710545], [131.754405, -4.736505], [131.748709, -4.759047], [131.736501, -4.76629], [131.725108, -4.731703], [131.733084, -4.693048], [131.750173, -4.710545]]], [[[122.773123, -4.958185], [122.7435, -4.952813], [122.724946, -4.989679], [122.643403, -5.07879], [122.604259, -5.159926], [122.606619, -5.190525], [122.635997, -5.194268], [122.629893, -5.216729], [122.598155, -5.228448], [122.647716, -5.256117], [122.658539, -5.296482], [122.647472, -5.344903], [122.635997, -5.355401], [122.624522, -5.342462], [122.615977, -5.356052], [122.598399, -5.420099], [122.584483, -5.409112], [122.563731, -5.427667], [122.543468, -5.428806], [122.542817, -5.3388], [122.536632, -5.315037], [122.511485, -5.286716], [122.49879, -5.30755], [122.49879, -5.349216], [122.485118, -5.383233], [122.468598, -5.396417], [122.431977, -5.392673], [122.407237, -5.353204], [122.414887, -5.339288], [122.45102, -5.321222], [122.45102, -5.315037], [122.410167, -5.311944], [122.395193, -5.321222], [122.383637, -5.341567], [122.38266, -5.373142], [122.377208, -5.384942], [122.363943, -5.389825], [122.300548, -5.386977], [122.279633, -5.369724], [122.28712, -5.362888], [122.275157, -5.327569], [122.315684, -5.242608], [122.33253, -5.123793], [122.341807, -5.108982], [122.377208, -5.09824], [122.402599, -5.061782], [122.385916, -4.978774], [122.372244, -4.955011], [122.354991, -4.884861], [122.327485, -4.842055], [122.38266, -4.745864], [122.49879, -4.725356], [122.656993, -4.624282], [122.690684, -4.611749], [122.711111, -4.615492], [122.735525, -4.643731], [122.752696, -4.773207], [122.752778, -4.844334], [122.773123, -4.879571], [122.78004, -4.916599], [122.773123, -4.958185]]], [[[131.619802, -4.424493], [131.633474, -4.430434], [131.670746, -4.490167], [131.680431, -4.524021], [131.660899, -4.534275], [131.606212, -4.430434], [131.619802, -4.424493]]], [[[123.209321, -5.265395], [123.21811, -5.283787], [123.213145, -5.30169], [123.14503, -5.385431], [123.103038, -5.395278], [123.046886, -5.424249], [123.030528, -5.419529], [123.010265, -5.395685], [122.97755, -5.39422], [122.876231, -5.458429], [122.861013, -5.508071], [122.865977, -5.513604], [122.910411, -5.499282], [122.918224, -5.527439], [122.827647, -5.676202], [122.813487, -5.687921], [122.790294, -5.692478], [122.783458, -5.654229], [122.767833, -5.641371], [122.746593, -5.679376], [122.736827, -5.661065], [122.735606, -5.626886], [122.722341, -5.627699], [122.677013, -5.678806], [122.654307, -5.678481], [122.638357, -5.662205], [122.567149, -5.506931], [122.654552, -5.424737], [122.65211, -5.411391], [122.629161, -5.403741], [122.663259, -5.355401], [122.672618, -5.324151], [122.690684, -5.321222], [122.721039, -5.266209], [122.732188, -5.253025], [122.803233, -5.231866], [122.814708, -5.211358], [122.808604, -5.189386], [122.757579, -5.20672], [122.766287, -5.190851], [122.754568, -5.177667], [122.756602, -5.164727], [122.773123, -5.143731], [122.78004, -5.089044], [122.804454, -5.043634], [122.800548, -5.026462], [122.791189, -5.021254], [122.752696, -5.033868], [122.761892, -5.015395], [122.817882, -4.968683], [122.833507, -4.929132], [122.834646, -4.883071], [122.820974, -4.842055], [122.850597, -4.83115], [122.854991, -4.817804], [122.847992, -4.648858], [122.854991, -4.609552], [122.908946, -4.474542], [123.019542, -4.390232], [123.041352, -4.384373], [123.085704, -4.389093], [123.061534, -4.421319], [123.068533, -4.43963], [123.147797, -4.508477], [123.20045, -4.589044], [123.204438, -4.611749], [123.190929, -4.653009], [123.211274, -4.677504], [123.219737, -4.816664], [123.211274, -4.842055], [123.197032, -4.836847], [123.184093, -4.776544], [123.157725, -4.748468], [123.149913, -4.71795], [123.123871, -4.710219], [123.105317, -4.767267], [123.081554, -4.739028], [123.067393, -4.752618], [123.052094, -4.74033], [123.046886, -4.797052], [123.023774, -4.815118], [123.01295, -4.85711], [123.015147, -4.929376], [122.989919, -4.945082], [122.964366, -4.992852], [122.985362, -5.064874], [122.978526, -5.103285], [122.947927, -5.172133], [122.94988, -5.190199], [122.968028, -5.197686], [122.988455, -5.1867], [123.020356, -5.142185], [123.046886, -5.137465], [123.059337, -5.144138], [123.067393, -5.170505], [123.102061, -5.180922], [123.117931, -5.209161], [123.209321, -5.265395]]], [[[133.608572, -4.291762], [133.627696, -4.300226], [133.604177, -4.300714], [133.535167, -4.238702], [133.46046, -4.244073], [133.42335, -4.21738], [133.388194, -4.204685], [133.360199, -4.173923], [133.331391, -4.165216], [133.320079, -4.137628], [133.324229, -4.108331], [133.41863, -4.163018], [133.429047, -4.184177], [133.456065, -4.202407], [133.519705, -4.212172], [133.55836, -4.232029], [133.608572, -4.291762]]], [[[131.391856, -4.153497], [131.385427, -4.156183], [131.29656, -4.109063], [131.283702, -4.089776], [131.281505, -4.070001], [131.294607, -4.063165], [131.365977, -4.122166], [131.391856, -4.153497]]], [[[131.249848, -4.009698], [131.250499, -4.032322], [131.239594, -4.047052], [131.216482, -4.01865], [131.209158, -3.978936], [131.235037, -3.987563], [131.249848, -4.009698]]], [[[123.234141, -4.015313], [123.251231, -4.050877], [123.253429, -4.089776], [123.1963, -4.187677], [123.169281, -4.221124], [123.136241, -4.238702], [123.086599, -4.23447], [123.04477, -4.209649], [122.977875, -4.128839], [122.950694, -4.047052], [123.028168, -3.97381], [123.102306, -4.012465], [123.158458, -3.993097], [123.204438, -3.992934], [123.234141, -4.015313]]], [[[131.453298, -4.055759], [131.442393, -4.065118], [131.421886, -4.062921], [131.400645, -4.047052], [131.370128, -3.985284], [131.36964, -3.962172], [131.394379, -3.951593], [131.416026, -3.958591], [131.453298, -4.055759]]], [[[128.810557, -3.676446], [128.79713, -3.69378], [128.779307, -3.702244], [128.761729, -3.69964], [128.748546, -3.683852], [128.746349, -3.659763], [128.757986, -3.64365], [128.776866, -3.637302], [128.796235, -3.642836], [128.810557, -3.676446]]], [[[123.177094, -3.601007], [123.139415, -3.602716], [123.119884, -3.629164], [123.07838, -3.602634], [123.061046, -3.570896], [123.140636, -3.539158], [123.157237, -3.544854], [123.177257, -3.573989], [123.177094, -3.601007]]], [[[128.558849, -3.570489], [128.563813, -3.591892], [128.392914, -3.642836], [128.387543, -3.626886], [128.410167, -3.543227], [128.427094, -3.522719], [128.461436, -3.51214], [128.528819, -3.532973], [128.558849, -3.570489]]], [[[128.349376, -3.529474], [128.323416, -3.570245], [128.337169, -3.611586], [128.334972, -3.627211], [128.309744, -3.635431], [128.251964, -3.614923], [128.246593, -3.620375], [128.251231, -3.632582], [128.278168, -3.674412], [128.254893, -3.709568], [128.236501, -3.722263], [128.161469, -3.739028], [128.128673, -3.769627], [128.097423, -3.773207], [128.127126, -3.749444], [128.152029, -3.703058], [128.220958, -3.649102], [128.202891, -3.639337], [128.08074, -3.708185], [128.042735, -3.718032], [127.986013, -3.77158], [127.954112, -3.773207], [127.933442, -3.763442], [127.912364, -3.703058], [127.984141, -3.620538], [128.047699, -3.584731], [128.158702, -3.584649], [128.24171, -3.522149], [128.28712, -3.504571], [128.330821, -3.511895], [128.349376, -3.529474]]], [[[128.728038, -3.614923], [128.668793, -3.569268], [128.652354, -3.580824], [128.656016, -3.6124], [128.636241, -3.622817], [128.618988, -3.607517], [128.610606, -3.593927], [128.618175, -3.593927], [128.603526, -3.583429], [128.567882, -3.528009], [128.561046, -3.493748], [128.59783, -3.491795], [128.631684, -3.522556], [128.672862, -3.539809], [128.693207, -3.502048], [128.70574, -3.502537], [128.720551, -3.525567], [128.728038, -3.614923]]], [[[127.243419, -3.606052], [127.227224, -3.642836], [127.20574, -3.659601], [127.141449, -3.649102], [127.121593, -3.653253], [126.990733, -3.718032], [126.946056, -3.765802], [126.907, -3.787341], [126.826929, -3.810093], [126.777086, -3.832695], [126.742185, -3.859378], [126.718896, -3.854854], [126.696573, -3.863792], [126.674275, -3.842503], [126.589325, -3.816639], [126.558528, -3.793291], [126.525057, -3.789916], [126.438879, -3.75045], [126.380626, -3.703058], [126.324664, -3.687644], [126.274896, -3.663261], [126.243918, -3.631399], [126.203021, -3.630994], [126.173561, -3.602527], [126.148554, -3.525501], [126.088128, -3.483623], [126.052628, -3.44632], [126.041189, -3.412856], [126.007226, -3.361012], [125.991742, -3.248191], [126.017263, -3.171157], [126.090921, -3.112098], [126.110867, -3.121706], [126.121615, -3.147898], [126.136319, -3.160624], [126.202001, -3.181842], [126.22774, -3.174759], [126.226573, -3.149509], [126.258311, -3.122003], [126.421397, -3.070489], [126.720225, -3.060154], [126.840017, -3.073663], [126.893403, -3.125584], [126.918712, -3.114679], [126.934093, -3.130548], [127.000662, -3.149509], [127.093516, -3.200779], [127.106944, -3.218845], [127.111827, -3.272068], [127.055919, -3.259535], [127.042247, -3.272393], [127.040782, -3.286716], [127.054535, -3.323012], [127.094737, -3.362074], [127.113943, -3.368585], [127.148285, -3.334405], [127.193126, -3.355564], [127.259776, -3.371189], [127.268809, -3.385919], [127.240896, -3.470961], [127.243419, -3.606052]]], [[[130.87322, -3.614923], [130.831554, -3.694106], [130.824718, -3.824477], [130.841563, -3.865004], [130.817882, -3.868829], [130.752778, -3.827895], [130.616466, -3.78631], [130.55128, -3.720961], [130.477794, -3.697361], [130.448009, -3.656508], [130.418793, -3.636895], [130.356456, -3.624688], [130.310802, -3.593927], [130.126475, -3.532973], [130.101899, -3.511895], [130.00172, -3.473077], [129.983165, -3.459731], [129.963634, -3.428318], [129.961274, -3.382257], [129.933849, -3.348321], [129.890473, -3.333103], [129.544932, -3.297784], [129.509613, -3.302504], [129.501964, -3.334405], [129.551443, -3.403253], [129.563243, -3.43963], [129.53004, -3.464776], [129.485606, -3.463474], [129.358084, -3.410089], [129.236176, -3.401625], [129.193614, -3.389744], [129.084321, -3.341241], [128.984223, -3.347426], [128.960785, -3.355564], [128.939626, -3.332615], [128.937673, -3.320408], [128.981944, -3.251886], [128.952891, -3.220392], [128.877452, -3.202569], [128.850922, -3.238214], [128.792166, -3.260431], [128.692556, -3.348728], [128.672862, -3.385919], [128.693858, -3.410089], [128.677582, -3.432306], [128.549327, -3.437433], [128.484141, -3.462498], [128.399181, -3.410089], [128.272146, -3.211521], [128.178722, -3.194268], [128.185883, -3.14072], [128.200043, -3.111423], [128.196788, -3.090916], [128.184337, -3.074395], [128.165782, -3.06699], [128.135753, -3.075372], [128.090668, -3.132013], [128.06658, -3.196954], [128.053071, -3.310642], [128.022227, -3.368585], [127.987559, -3.376072], [127.981456, -3.385024], [127.940278, -3.478448], [127.935883, -3.497003], [127.943858, -3.51572], [127.926036, -3.553481], [127.898611, -3.523858], [127.903087, -3.476658], [127.933442, -3.389744], [127.930186, -3.323337], [127.885753, -3.266209], [127.868012, -3.19378], [127.842296, -3.173272], [127.864757, -3.156345], [127.90561, -3.149509], [127.938731, -3.113377], [127.967296, -3.103692], [128.008067, -3.073663], [128.046153, -3.065851], [128.083751, -3.073663], [128.103689, -3.06699], [128.090587, -3.022149], [128.117931, -2.984308], [128.106293, -2.975518], [128.069998, -2.970636], [128.076915, -2.957696], [128.121104, -2.944513], [128.138927, -2.896173], [128.156098, -2.893243], [128.175466, -2.857029], [128.381033, -2.859959], [128.51588, -2.834161], [128.600759, -2.854669], [128.865245, -2.862074], [128.947276, -2.844415], [129.052908, -2.804457], [129.068858, -2.821222], [129.064464, -2.896173], [129.079438, -2.905369], [129.105235, -2.947931], [129.121837, -2.957696], [129.162852, -2.950291], [129.177094, -2.957696], [129.185395, -2.955173], [129.179454, -2.926446], [129.191905, -2.923028], [129.218516, -2.941176], [129.227794, -2.915216], [129.358409, -2.856215], [129.372895, -2.806817], [129.400238, -2.791599], [129.541026, -2.780043], [129.554942, -2.799005], [129.611827, -2.806817], [129.766124, -2.86891], [129.810557, -2.916681], [129.862071, -2.903009], [129.88559, -2.936619], [129.89503, -2.925388], [129.964854, -2.973565], [130.046641, -2.99212], [130.212657, -2.990411], [130.301524, -2.977227], [130.344981, -2.977634], [130.389334, -2.993829], [130.488943, -3.087498], [130.587901, -3.12949], [130.602224, -3.180108], [130.622244, -3.212579], [130.637218, -3.353611], [130.666677, -3.403578], [130.761485, -3.405857], [130.792979, -3.416436], [130.81658, -3.434259], [130.831554, -3.45794], [130.810883, -3.464939], [130.810802, -3.484552], [130.831391, -3.526462], [130.87322, -3.573989], [130.87322, -3.614923]]], [[[131.639903, -2.613702], [131.654633, -2.613214], [131.622569, -2.64365], [131.598155, -2.653904], [131.57252, -2.651056], [131.639903, -2.613702]]], [[[134.580251, -2.445082], [134.549653, -2.451349], [134.534434, -2.435642], [134.546397, -2.422621], [134.521495, -2.406671], [134.524262, -2.392267], [134.553722, -2.367364], [134.560232, -2.351495], [134.566905, -2.292901], [134.581309, -2.307875], [134.580251, -2.445082]]], [[[134.410655, -2.012465], [134.42628, -2.039727], [134.397472, -2.091974], [134.390147, -2.131443], [134.377452, -2.149835], [134.359874, -2.153253], [134.340343, -2.135349], [134.333263, -2.083266], [134.3567, -2.022882], [134.38502, -2.003595], [134.410655, -2.012465]]], [[[126.088064, -2.441095], [126.075857, -2.462986], [126.046153, -2.474216], [126.013438, -2.459568], [125.965994, -2.402114], [125.946137, -2.271742], [125.904552, -2.231378], [125.897716, -2.169366], [125.862559, -2.086602], [125.863536, -2.053318], [125.902599, -1.987888], [125.93336, -1.964532], [125.985362, -1.993748], [125.99879, -2.015232], [125.997325, -2.055352], [125.97283, -2.135349], [125.977224, -2.180352], [126.088064, -2.441095]]], [[[123.869314, -1.998142], [123.856212, -1.992446], [123.831798, -2.004978], [123.7942, -1.99212], [123.773285, -1.922621], [123.771739, -1.895603], [123.787364, -1.873956], [123.844737, -1.928643], [123.869314, -1.998142]]], [[[126.345225, -1.817641], [126.335948, -1.837986], [126.272146, -1.867283], [126.201508, -1.870538], [126.179942, -1.884454], [126.059093, -1.888279], [126.024262, -1.901788], [125.980235, -1.901788], [125.927582, -1.93141], [125.871755, -1.90252], [125.787446, -1.918715], [125.620291, -1.915623], [125.531098, -1.935968], [125.468516, -1.937758], [125.43214, -1.94964], [125.439708, -1.913263], [125.43214, -1.881443], [125.380626, -1.854099], [125.356456, -1.881443], [125.335297, -1.850681], [125.346934, -1.810968], [125.37794, -1.799249], [125.384044, -1.781183], [125.40211, -1.774672], [125.430837, -1.798272], [125.459483, -1.792657], [125.483246, -1.776951], [125.497081, -1.805759], [125.589854, -1.799086], [125.610362, -1.813165], [125.702891, -1.819268], [125.755626, -1.794529], [125.828868, -1.801528], [125.946137, -1.785821], [125.993419, -1.785821], [126.11671, -1.805759], [126.345225, -1.817641]]], [[[123.151541, -1.798761], [123.152843, -1.823826], [123.106456, -1.871189], [123.09669, -1.895278], [123.072765, -1.901625], [123.070079, -1.840753], [123.094574, -1.75506], [123.102061, -1.748468], [123.132823, -1.765313], [123.151541, -1.798761]]], [[[134.24822, -1.74391], [134.244802, -1.796075], [134.208018, -1.826837], [134.223888, -1.849054], [134.212413, -1.88421], [134.175141, -1.943455], [134.161632, -1.895115], [134.168956, -1.829848], [134.23585, -1.738539], [134.24822, -1.74391]]], [[[130.344249, -1.928481], [130.434337, -1.963311], [130.43686, -1.976332], [130.406261, -1.983819], [130.373546, -2.012791], [130.340017, -1.993422], [130.344981, -1.970147], [130.338145, -1.94964], [130.256114, -2.045831], [130.223399, -2.057794], [130.154307, -2.05877], [130.126475, -2.06699], [130.098481, -2.045831], [130.112804, -2.038995], [130.086925, -2.026137], [130.012869, -2.025486], [129.968923, -2.004978], [129.925548, -2.003839], [129.873383, -1.982029], [129.834321, -1.960138], [129.810557, -1.935968], [129.743826, -1.912205], [129.714854, -1.881443], [129.745291, -1.863458], [129.872569, -1.819268], [129.895274, -1.796808], [129.938731, -1.789239], [130.030772, -1.743829], [130.137055, -1.725274], [130.2317, -1.734308], [130.289073, -1.692153], [130.342947, -1.67669], [130.353363, -1.680108], [130.357188, -1.69492], [130.351817, -1.741388], [130.406261, -1.778985], [130.439952, -1.835707], [130.437755, -1.850681], [130.415701, -1.858087], [130.411794, -1.881768], [130.386485, -1.888279], [130.344249, -1.928481]]], [[[125.31837, -1.882582], [125.273936, -1.873956], [125.188243, -1.881443], [125.147634, -1.873956], [125.110037, -1.895115], [125.050466, -1.887953], [125.031016, -1.898533], [125.01352, -1.944268], [124.986583, -1.943455], [124.959239, -1.922459], [124.914561, -1.922459], [124.853282, -1.896905], [124.828298, -1.895115], [124.785981, -1.907973], [124.671153, -1.970147], [124.543224, -2.006524], [124.45281, -2.012465], [124.406016, -2.004083], [124.329112, -1.870782], [124.331391, -1.826918], [124.368907, -1.750746], [124.384939, -1.667901], [124.488617, -1.645685], [124.518077, -1.626235], [124.526541, -1.625665], [124.527843, -1.65545], [124.556326, -1.641209], [124.632823, -1.631117], [124.687673, -1.63836], [124.757009, -1.665134], [124.815196, -1.669692], [124.871593, -1.693048], [124.938162, -1.703871], [124.955577, -1.696466], [124.972911, -1.710138], [125.02296, -1.723077], [125.048025, -1.765313], [125.055431, -1.751642], [125.081554, -1.764744], [125.110037, -1.758477], [125.096446, -1.751642], [125.120291, -1.682794], [125.185232, -1.703871], [125.195323, -1.721938], [125.191417, -1.782403], [125.196788, -1.788751], [125.220225, -1.788995], [125.239757, -1.744806], [125.268728, -1.728204], [125.298106, -1.741388], [125.300059, -1.750909], [125.280772, -1.782403], [125.314789, -1.778985], [125.31837, -1.882582]]], [[[136.899425, -1.799493], [136.872325, -1.819268], [136.729828, -1.826104], [136.715017, -1.847263], [136.644867, -1.876397], [136.532563, -1.867771], [136.546153, -1.889093], [136.546397, -1.897882], [136.536306, -1.901788], [136.498546, -1.888279], [136.453949, -1.895115], [136.337657, -1.860935], [136.290294, -1.880466], [136.273204, -1.909356], [136.266368, -1.909356], [136.252696, -1.892348], [136.232188, -1.901788], [136.216075, -1.873305], [136.184825, -1.85589], [136.108653, -1.839776], [136.067149, -1.839776], [136.036388, -1.819268], [135.984141, -1.808201], [135.902599, -1.768731], [135.894867, -1.757501], [135.834321, -1.751642], [135.783865, -1.727716], [135.74879, -1.723565], [135.718028, -1.703302], [135.690929, -1.710138], [135.656098, -1.690199], [135.616222, -1.704197], [135.580821, -1.684259], [135.497895, -1.682794], [135.483897, -1.674981], [135.471202, -1.641778], [135.443207, -1.641778], [135.436209, -1.618097], [135.422211, -1.610772], [135.463552, -1.589532], [135.477306, -1.589939], [135.583018, -1.613865], [135.786469, -1.628106], [135.896739, -1.648045], [135.957286, -1.631524], [136.032481, -1.651951], [136.060313, -1.641778], [136.098888, -1.654718], [136.191254, -1.653904], [136.232188, -1.662286], [136.252696, -1.682794], [136.287852, -1.682061], [136.368175, -1.724298], [136.453949, -1.717462], [136.618907, -1.73797], [136.7046, -1.730564], [136.848481, -1.765313], [136.899425, -1.799493]]], [[[135.315684, -1.487888], [135.333995, -1.484145], [135.31186, -1.510186], [135.275401, -1.522231], [135.18686, -1.525649], [135.10434, -1.518243], [135.096853, -1.508559], [135.098399, -1.489028], [135.10906, -1.47381], [135.15089, -1.483005], [135.204763, -1.477716], [135.239268, -1.489679], [135.285655, -1.476739], [135.315684, -1.487888]]], [[[128.159028, -1.636977], [128.151134, -1.669692], [128.126475, -1.693617], [128.090587, -1.710138], [128.051524, -1.714532], [127.913097, -1.682387], [127.854747, -1.696466], [127.703298, -1.690199], [127.684581, -1.695571], [127.648692, -1.724298], [127.532725, -1.731378], [127.432628, -1.686456], [127.378673, -1.632257], [127.398611, -1.5735], [127.399262, -1.527602], [127.412852, -1.511407], [127.403575, -1.491632], [127.425792, -1.439386], [127.428396, -1.415134], [127.435313, -1.412205], [127.487804, -1.449965], [127.521495, -1.401056], [127.634288, -1.328709], [127.741059, -1.35475], [127.765391, -1.368422], [127.784841, -1.402439], [127.830821, -1.431573], [127.851736, -1.436293], [127.875499, -1.424005], [127.898936, -1.42669], [128.008067, -1.504571], [128.03533, -1.538751], [128.08961, -1.567315], [128.126313, -1.563653], [128.159028, -1.636977]]], [[[127.697602, -1.231134], [127.692882, -1.249444], [127.666026, -1.271905], [127.552582, -1.236912], [127.531505, -1.237888], [127.514903, -1.26214], [127.46339, -1.24391], [127.460704, -1.235772], [127.501638, -1.189386], [127.547211, -1.171075], [127.610199, -1.193129], [127.627452, -1.207615], [127.689952, -1.2138], [127.697602, -1.231134]]], [[[123.539073, -1.272719], [123.550955, -1.284763], [123.551768, -1.324314], [123.533458, -1.381117], [123.528575, -1.433038], [123.462169, -1.494317], [123.408376, -1.516534], [123.381196, -1.498305], [123.362153, -1.511407], [123.357188, -1.472914], [123.350108, -1.45672], [123.327647, -1.444594], [123.326834, -1.421157], [123.317719, -1.415785], [123.288585, -1.421563], [123.2588, -1.465997], [123.249848, -1.510675], [123.250499, -1.622735], [123.243337, -1.63242], [123.235525, -1.627048], [123.226817, -1.593357], [123.178396, -1.622491], [123.156749, -1.600844], [123.123871, -1.591485], [123.110688, -1.576918], [123.111827, -1.556329], [123.177257, -1.518243], [123.184825, -1.48561], [123.163585, -1.353774], [123.163585, -1.312188], [123.152354, -1.300551], [123.145518, -1.299981], [123.136974, -1.324477], [123.094574, -1.346368], [123.071951, -1.393976], [123.053396, -1.408461], [123.033214, -1.456231], [122.993175, -1.50921], [122.895844, -1.589532], [122.874034, -1.584568], [122.812022, -1.443617], [122.807384, -1.401625], [122.820811, -1.313735], [122.836111, -1.274021], [122.898692, -1.18434], [122.913829, -1.176365], [122.985362, -1.196059], [123.029796, -1.168878], [123.112071, -1.162693], [123.146251, -1.183201], [123.159353, -1.179295], [123.170421, -1.14837], [123.189464, -1.145278], [123.246104, -1.223403], [123.222179, -1.248712], [123.201834, -1.256524], [123.198741, -1.268731], [123.201671, -1.307306], [123.225759, -1.332696], [123.231944, -1.394708], [123.255382, -1.37713], [123.300792, -1.305922], [123.321137, -1.292413], [123.352224, -1.229181], [123.406912, -1.219496], [123.414073, -1.247735], [123.428477, -1.257745], [123.455089, -1.23089], [123.486827, -1.25921], [123.539073, -1.272719]]], [[[129.960704, -1.176365], [129.953298, -1.18963], [129.927257, -1.210382], [129.920421, -1.189386], [129.859223, -1.233168], [129.830903, -1.237074], [129.872569, -1.210219], [129.879405, -1.202895], [129.874197, -1.196954], [129.833263, -1.211847], [129.762706, -1.210382], [129.743907, -1.199884], [129.74879, -1.185805], [129.767426, -1.172052], [129.858653, -1.142022], [129.954438, -1.162693], [129.960704, -1.176365]]], [[[134.991384, -1.08294], [134.956716, -1.128513], [134.925792, -1.135512], [134.8921, -1.134698], [134.863536, -1.121026], [134.800059, -1.027765], [134.829845, -0.960626], [134.849132, -0.944431], [134.877778, -0.93613], [134.937511, -0.957615], [134.9546, -0.990655], [134.95045, -1.035333], [134.927989, -1.072035], [134.943614, -1.079522], [134.961925, -1.070571], [134.978526, -1.027602], [134.99822, -1.01865], [134.991384, -1.08294]]], [[[131.071788, -1.031671], [131.07252, -1.077569], [131.037364, -1.226332], [131.014659, -1.268976], [130.997569, -1.332452], [130.982595, -1.348565], [130.961925, -1.353774], [130.920909, -1.319594], [130.879405, -1.340102], [130.863048, -1.337172], [130.820486, -1.281671], [130.758067, -1.238214], [130.749685, -1.223403], [130.749685, -1.196059], [130.736013, -1.183201], [130.729259, -1.150811], [130.688243, -1.107354], [130.710134, -1.092869], [130.711925, -1.06992], [130.701834, -1.045099], [130.649425, -0.988377], [130.64975, -0.97381], [130.680675, -0.956638], [130.79005, -0.929295], [130.830577, -0.907485], [130.891856, -0.889907], [130.912934, -0.89422], [130.939708, -0.932306], [130.980317, -0.917657], [131.034841, -0.914809], [131.07488, -0.966892], [131.057384, -1.000665], [131.071788, -1.031671]]], [[[130.924571, -0.780694], [130.875743, -0.799249], [130.87672, -0.81756], [130.891612, -0.820408], [130.889659, -0.832778], [130.819347, -0.870294], [130.51002, -0.922459], [130.51002, -0.914972], [130.523692, -0.908787], [130.487315, -0.903904], [130.475434, -0.905938], [130.468516, -0.922459], [130.452647, -0.910577], [130.400157, -0.929295], [130.409434, -0.912042], [130.440684, -0.893162], [130.434337, -0.874607], [130.44752, -0.860935], [130.448416, -0.818617], [130.461681, -0.805108], [130.461681, -0.819431], [130.468516, -0.819431], [130.478526, -0.7999], [130.503184, -0.805108], [130.49464, -0.827895], [130.519054, -0.839614], [130.550955, -0.834161], [130.564708, -0.805108], [130.580414, -0.815606], [130.586436, -0.833103], [130.631196, -0.806248], [130.654307, -0.823989], [130.680675, -0.812595], [130.732758, -0.826267], [130.800141, -0.801446], [130.817882, -0.819431], [130.811046, -0.798923], [130.81658, -0.788263], [130.800629, -0.769952], [130.80421, -0.757257], [130.819998, -0.767348], [130.879405, -0.764744], [130.924571, -0.780694]]], [[[136.384939, -1.107517], [136.381114, -1.123224], [136.29363, -1.183201], [136.230642, -1.192966], [136.160655, -1.22088], [136.099457, -1.215997], [136.036388, -1.176446], [135.991384, -1.168878], [135.929942, -1.186293], [135.88502, -1.183038], [135.834321, -1.128513], [135.828298, -1.107843], [135.834321, -1.049005], [135.813243, -1.014907], [135.781016, -0.872654], [135.765391, -0.839288], [135.740977, -0.819024], [135.719086, -0.824802], [135.660818, -0.88714], [135.640636, -0.881606], [135.484874, -0.757257], [135.479747, -0.780206], [135.49171, -0.805108], [135.458669, -0.792739], [135.422618, -0.762384], [135.393728, -0.723403], [135.369884, -0.653497], [135.370372, -0.635919], [135.389334, -0.627618], [135.42335, -0.65488], [135.446788, -0.652114], [135.49879, -0.672459], [135.55128, -0.677179], [135.583344, -0.666681], [135.601573, -0.695896], [135.677257, -0.685642], [135.695079, -0.729587], [135.725108, -0.716404], [135.777517, -0.748712], [135.82838, -0.70086], [135.847423, -0.695896], [135.869314, -0.70379], [135.966319, -0.796075], [136.065766, -0.871677], [136.084646, -0.910252], [136.104991, -0.92783], [136.114757, -0.963474], [136.163585, -1.004978], [136.1963, -1.066583], [136.22462, -1.05283], [136.273448, -1.047296], [136.29713, -1.054376], [136.316742, -1.085626], [136.375662, -1.093683], [136.384939, -1.107517]]], [[[127.319835, -0.793634], [127.278819, -0.805597], [127.268809, -0.805108], [127.248302, -0.785252], [127.180186, -0.783868], [127.155528, -0.772393], [127.158946, -0.730645], [127.189301, -0.674981], [127.200857, -0.622817], [127.244151, -0.613946], [127.261241, -0.620212], [127.24879, -0.637628], [127.296153, -0.702732], [127.296153, -0.743748], [127.319835, -0.793634]]], [[[130.686371, -0.449151], [130.683442, -0.477227], [130.641124, -0.52752], [130.596365, -0.538507], [130.571544, -0.531996], [130.583669, -0.523858], [130.597667, -0.490818], [130.596853, -0.464532], [130.564708, -0.476739], [130.547618, -0.505304], [130.5171, -0.517755], [130.461681, -0.52516], [130.492524, -0.503351], [130.496349, -0.490411], [130.48113, -0.495782], [130.469493, -0.49033], [130.454845, -0.4638], [130.475841, -0.476739], [130.505056, -0.441339], [130.513438, -0.461847], [130.535167, -0.468927], [130.625011, -0.409601], [130.677582, -0.435805], [130.686371, -0.449151]]], [[[121.895518, -0.428399], [121.916026, -0.469903], [121.906423, -0.499282], [121.894786, -0.507908], [121.878429, -0.510919], [121.834727, -0.476739], [121.846446, -0.500258], [121.844737, -0.507989], [121.830903, -0.510919], [121.80128, -0.493585], [121.735362, -0.479913], [121.725597, -0.483087], [121.700938, -0.535089], [121.671723, -0.550388], [121.642263, -0.545587], [121.650157, -0.512628], [121.679861, -0.468927], [121.740896, -0.429132], [121.752126, -0.401056], [121.778575, -0.424574], [121.853852, -0.401056], [121.895518, -0.428399]]], [[[122.043712, -0.334649], [122.054047, -0.355157], [122.042735, -0.393487], [122.026622, -0.406915], [122.006602, -0.41074], [121.984874, -0.401056], [121.964122, -0.413344], [121.931814, -0.414646], [121.898692, -0.407485], [121.86085, -0.377862], [121.872325, -0.332615], [121.923513, -0.339614], [121.926524, -0.31227], [121.966563, -0.314711], [122.043712, -0.334649]]], [[[127.898204, -0.773533], [127.876231, -0.817804], [127.822276, -0.864353], [127.786632, -0.870375], [127.754893, -0.887628], [127.717784, -0.862237], [127.683116, -0.853611], [127.673839, -0.836196], [127.653494, -0.827407], [127.655528, -0.780938], [127.644786, -0.762953], [127.625743, -0.752374], [127.535655, -0.798923], [127.4699, -0.818455], [127.457693, -0.815606], [127.44158, -0.772882], [127.437266, -0.729099], [127.470225, -0.64129], [127.398611, -0.620212], [127.392345, -0.599705], [127.371104, -0.592869], [127.344412, -0.54461], [127.313975, -0.522231], [127.295258, -0.494317], [127.29184, -0.460138], [127.329356, -0.398045], [127.330251, -0.373712], [127.316661, -0.339614], [127.361176, -0.32586], [127.372813, -0.329034], [127.416515, -0.367771], [127.426524, -0.401462], [127.4463, -0.415297], [127.460948, -0.406834], [127.480479, -0.346449], [127.504161, -0.335138], [127.516856, -0.301935], [127.528168, -0.298761], [127.578624, -0.324965], [127.588878, -0.351983], [127.612315, -0.366306], [127.627208, -0.408949], [127.651703, -0.415297], [127.683116, -0.460056], [127.687999, -0.480645], [127.617686, -0.573175], [127.604015, -0.61712], [127.613048, -0.636407], [127.647472, -0.644301], [127.65268, -0.707208], [127.678233, -0.717706], [127.725108, -0.694024], [127.789561, -0.68963], [127.857921, -0.719822], [127.879568, -0.76336], [127.898204, -0.773533]]], [[[127.210948, -0.513279], [127.179454, -0.52516], [127.117361, -0.52516], [127.124766, -0.510919], [127.108572, -0.501072], [127.131033, -0.483005], [127.119884, -0.446222], [127.102306, -0.437758], [127.112559, -0.369399], [127.124766, -0.36004], [127.110362, -0.287693], [127.174815, -0.255548], [127.234874, -0.251723], [127.254568, -0.275649], [127.29713, -0.281915], [127.288748, -0.305434], [127.257823, -0.308852], [127.251313, -0.323337], [127.277029, -0.373468], [127.28004, -0.40252], [127.261567, -0.414646], [127.268809, -0.456313], [127.251964, -0.497166], [127.23463, -0.490411], [127.210948, -0.513279]]], [[[122.235199, -0.258233], [122.236501, -0.27337], [122.217621, -0.263849], [122.199962, -0.267755], [122.146251, -0.244073], [122.144379, -0.233005], [122.177094, -0.196384], [122.189708, -0.205255], [122.177257, -0.230401], [122.202647, -0.232192], [122.235199, -0.258233]]], [[[122.367931, -0.304457], [122.38266, -0.339614], [122.375987, -0.346449], [122.354259, -0.32171], [122.321544, -0.257908], [122.293305, -0.237237], [122.260509, -0.240981], [122.225841, -0.199395], [122.231944, -0.188735], [122.287283, -0.218845], [122.32781, -0.230564], [122.359386, -0.249282], [122.369151, -0.263849], [122.367931, -0.304457]]], [[[121.569102, -0.144789], [121.597423, -0.124688], [121.633149, -0.124688], [121.649669, -0.147393], [121.642589, -0.176853], [121.624522, -0.198419], [121.600271, -0.20322], [121.574555, -0.18255], [121.569102, -0.144789]]], [[[131.34547, -0.288181], [131.340099, -0.296075], [131.316661, -0.299574], [131.306651, -0.321222], [131.287283, -0.337172], [131.283946, -0.353936], [131.26352, -0.346449], [131.25294, -0.384373], [131.237966, -0.389255], [131.157725, -0.33294], [131.112804, -0.332127], [131.098481, -0.322931], [131.069835, -0.33294], [131.023285, -0.366876], [131.015636, -0.349867], [130.979015, -0.36004], [130.951671, -0.346449], [130.930919, -0.315362], [130.905284, -0.298435], [130.899913, -0.291192], [130.907237, -0.284926], [130.879405, -0.254083], [130.796723, -0.23919], [130.792247, -0.189874], [130.730235, -0.130466], [130.715505, -0.093194], [130.688243, -0.093194], [130.695567, -0.079522], [130.625255, -0.084975], [130.613048, -0.093194], [130.637462, -0.098728], [130.654063, -0.113702], [130.636078, -0.113458], [130.626231, -0.125746], [130.629242, -0.14072], [130.665375, -0.154392], [130.682384, -0.169854], [130.717784, -0.216974], [130.750987, -0.28753], [130.811046, -0.318536], [130.820323, -0.294122], [130.828136, -0.291436], [130.887055, -0.296482], [130.896658, -0.312107], [130.920909, -0.32586], [130.948253, -0.366876], [130.906505, -0.413018], [130.865489, -0.429295], [130.756033, -0.445977], [130.733084, -0.441502], [130.706065, -0.410252], [130.680675, -0.339614], [130.693614, -0.331313], [130.695974, -0.318129], [130.688243, -0.291192], [130.609141, -0.31406], [130.579112, -0.333917], [130.564708, -0.373712], [130.582286, -0.366143], [130.578624, -0.383884], [130.561534, -0.427016], [130.547374, -0.43613], [130.545746, -0.42018], [130.558442, -0.387384], [130.541189, -0.382501], [130.5442, -0.32586], [130.516124, -0.291192], [130.523692, -0.257582], [130.506602, -0.250258], [130.485688, -0.255304], [130.441173, -0.284926], [130.427501, -0.271254], [130.392751, -0.263849], [130.375662, -0.274591], [130.365977, -0.263849], [130.310802, -0.257582], [130.300548, -0.234145], [130.232432, -0.212823], [130.217052, -0.20086], [130.241954, -0.195571], [130.276622, -0.209242], [130.3567, -0.201837], [130.398611, -0.214451], [130.424083, -0.199314], [130.429861, -0.186293], [130.397716, -0.183364], [130.386485, -0.175063], [130.41212, -0.157322], [130.406261, -0.127374], [130.384613, -0.157485], [130.374034, -0.155857], [130.372244, -0.13421], [130.354828, -0.146661], [130.338145, -0.140313], [130.350759, -0.180352], [130.344981, -0.188735], [130.317068, -0.181817], [130.29713, -0.165216], [130.279796, -0.131443], [130.28061, -0.104994], [130.290782, -0.099216], [130.317638, -0.106785], [130.338145, -0.079522], [130.348399, -0.12184], [130.358653, -0.127374], [130.368663, -0.12184], [130.369151, -0.108331], [130.358653, -0.079522], [130.38087, -0.073663], [130.427501, -0.106785], [130.420665, -0.079522], [130.434337, -0.093194], [130.498546, -0.062677], [130.51002, -0.044732], [130.5442, -0.072686], [130.550466, -0.058445], [130.558442, -0.072686], [130.571544, -0.044732], [130.586436, -0.058445], [130.595225, -0.047214], [130.622732, -0.051772], [130.716319, -0.033258], [130.722341, -0.052179], [130.765473, -0.049981], [130.783865, -0.044732], [130.768891, -0.032525], [130.749685, -0.031101], [130.761485, -0.018365], [130.800629, -0.003839], [130.824718, -0.003839], [130.961925, -0.044732], [130.973643, -0.057184], [131.019786, -0.038629], [131.056407, -0.04103], [131.043793, -0.06524], [131.153656, -0.085707], [131.211599, -0.137872], [131.229503, -0.13421], [131.263682, -0.142673], [131.297374, -0.159275], [131.318207, -0.203058], [131.297618, -0.237237], [131.34547, -0.288181]]], [[[129.557628, -0.158787], [129.571544, -0.192153], [129.560232, -0.208103], [129.540294, -0.216729], [129.516775, -0.208754], [129.458263, -0.113702], [129.372895, -0.079522], [129.371593, -0.036798], [129.332774, 0.011379], [129.293468, 0.036322], [129.293468, 0.047675], [129.309255, 0.048041], [129.459809, -0.080173], [129.536876, -0.13421], [129.557628, -0.158787]]], [[[127.460297, -0.038873], [127.452891, -0.04103], [127.432628, -0.020807], [127.432628, 0.006781], [127.412852, 0.023505], [127.398611, 0.003079], [127.391368, 0.053046], [127.408865, 0.14704], [127.452485, 0.140204], [127.440196, 0.120266], [127.460297, -0.038873]]], [[[127.418712, 0.35399], [127.417166, 0.312934], [127.396251, 0.281073], [127.358165, 0.283515], [127.341075, 0.314643], [127.337087, 0.348782], [127.358735, 0.371283], [127.398692, 0.379584], [127.418712, 0.35399]]], [[[127.358653, 0.665839], [127.375743, 0.698798], [127.384939, 0.757148], [127.403819, 0.750393], [127.418468, 0.757148], [127.436046, 0.747219], [127.444835, 0.727444], [127.4463, 0.667182], [127.410899, 0.63227], [127.388682, 0.618842], [127.378673, 0.623033], [127.358653, 0.665839]]], [[[127.346934, 0.757392], [127.312836, 0.757148], [127.285655, 0.802151], [127.288829, 0.8369], [127.304861, 0.85517], [127.32488, 0.86286], [127.363455, 0.840969], [127.376964, 0.807766], [127.371104, 0.784491], [127.346934, 0.757392]]], [[[125.30128, 1.551663], [125.295095, 1.472846], [125.27711, 1.45307], [125.2671, 1.413804], [125.215994, 1.392727], [125.185313, 1.390692], [125.17156, 1.404486], [125.174653, 1.415473], [125.250011, 1.448635], [125.295095, 1.551663], [125.30128, 1.551663]]], [[[127.686534, -0.123875], [127.685395, -0.008315], [127.700206, 0.047675], [127.679698, 0.119086], [127.680675, 0.162258], [127.713715, 0.27733], [127.715587, 0.312567], [127.696788, 0.342231], [127.655121, 0.342231], [127.576508, 0.415513], [127.556163, 0.52383], [127.534434, 0.541653], [127.526866, 0.560614], [127.555431, 0.739895], [127.588064, 0.761176], [127.624522, 0.832221], [127.611583, 0.857733], [127.507823, 0.886217], [127.49464, 0.905015], [127.514659, 0.958889], [127.49936, 0.996487], [127.487804, 0.999905], [127.491954, 1.054918], [127.471446, 1.065579], [127.449474, 1.051337], [127.404145, 1.042792], [127.39975, 1.078762], [127.427419, 1.128485], [127.425792, 1.150702], [127.400238, 1.189439], [127.398611, 1.209052], [127.434825, 1.277411], [127.46339, 1.314114], [127.487804, 1.380316], [127.526378, 1.438544], [127.540782, 1.475653], [127.519379, 1.531928], [127.525157, 1.556627], [127.556163, 1.600043], [127.543712, 1.622992], [127.546397, 1.64289], [127.569835, 1.65469], [127.57309, 1.664008], [127.571544, 1.684801], [127.555675, 1.692532], [127.629731, 1.835395], [127.689952, 1.925279], [127.746593, 1.973131], [127.769705, 2.008694], [127.892589, 2.129055], [127.917247, 2.172105], [127.934825, 2.187649], [127.954112, 2.195868], [128.003917, 2.180609], [128.047374, 2.203843], [128.056651, 2.19245], [128.056814, 2.169908], [128.029063, 2.109687], [127.987641, 2.062445], [127.96461, 2.053616], [127.934581, 1.963202], [127.889008, 1.947333], [127.864757, 1.929023], [127.846446, 1.851467], [127.851736, 1.825385], [127.875662, 1.807929], [127.940684, 1.800035], [128.005382, 1.739407], [128.014903, 1.719224], [128.00587, 1.645494], [127.995616, 1.627346], [128.022227, 1.592597], [128.03533, 1.537991], [128.015961, 1.464179], [128.014903, 1.394599], [127.995616, 1.370754], [128.014903, 1.305243], [127.973888, 1.297756], [127.958507, 1.264594], [127.919119, 1.216051], [127.890636, 1.152411], [127.833995, 1.143866], [127.754893, 1.078599], [127.671072, 1.031806], [127.637543, 1.000718], [127.624522, 0.955146], [127.627615, 0.937405], [127.655121, 0.890041], [127.720714, 0.852729], [127.741873, 0.81802], [127.768565, 0.815375], [127.795665, 0.799058], [127.851736, 0.811754], [127.923025, 0.869818], [127.936371, 1.00731], [127.993907, 1.082994], [128.054942, 1.120429], [128.144786, 1.124661], [128.179454, 1.154446], [128.196056, 1.196438], [128.17628, 1.232978], [128.156505, 1.241767], [128.113617, 1.231838], [128.097423, 1.236314], [128.092052, 1.25727], [128.1421, 1.301459], [128.186778, 1.374172], [128.2046, 1.38996], [128.2824, 1.442613], [128.326182, 1.45661], [128.344493, 1.469143], [128.364919, 1.503241], [128.437266, 1.539293], [128.481619, 1.545396], [128.509044, 1.531195], [128.539317, 1.561916], [128.604666, 1.57689], [128.719493, 1.570624], [128.728038, 1.548529], [128.687511, 1.503241], [128.686371, 1.445217], [128.71461, 1.414618], [128.740977, 1.404853], [128.748302, 1.344062], [128.746593, 1.321275], [128.721202, 1.304185], [128.715831, 1.286526], [128.700694, 1.171129], [128.708507, 1.103461], [128.701182, 1.070868], [128.650645, 1.061957], [128.563324, 1.007392], [128.533214, 0.979438], [128.474783, 0.962592], [128.439789, 0.931789], [128.300466, 0.893744], [128.289317, 0.855862], [128.29835, 0.823432], [128.292979, 0.81802], [128.24879, 0.832221], [128.231781, 0.826077], [128.220958, 0.81269], [128.213552, 0.773912], [128.234223, 0.742621], [128.313487, 0.668158], [128.364594, 0.643622], [128.43629, 0.638861], [128.485037, 0.598863], [128.539317, 0.589097], [128.570567, 0.570258], [128.618175, 0.571601], [128.654063, 0.558051], [128.666677, 0.564765], [128.680837, 0.554511], [128.680186, 0.510077], [128.671723, 0.49372], [128.686046, 0.461371], [128.690115, 0.346991], [128.703868, 0.332017], [128.824229, 0.310858], [128.879731, 0.255845], [128.900157, 0.221991], [128.899587, 0.20779], [128.847911, 0.250067], [128.700369, 0.290961], [128.680186, 0.283515], [128.628673, 0.308051], [128.537608, 0.32685], [128.461111, 0.394843], [128.361501, 0.400214], [128.294607, 0.388983], [128.262218, 0.391343], [128.23463, 0.413967], [128.210216, 0.406806], [128.152029, 0.455512], [127.978689, 0.472561], [127.960216, 0.482815], [127.910492, 0.43769], [127.896495, 0.355658], [127.878266, 0.32453], [127.88087, 0.301744], [127.906098, 0.275377], [127.912364, 0.253485], [127.921235, 0.145575], [127.9192, 0.131334], [127.887869, 0.08747], [127.885753, 0.023505], [127.903819, -0.049493], [127.973155, -0.196873], [127.980724, -0.263849], [128.017345, -0.312595], [128.042735, -0.415297], [128.084483, -0.48089], [128.096365, -0.517267], [128.138927, -0.558689], [128.227794, -0.709568], [128.337657, -0.812595], [128.368907, -0.852716], [128.435395, -0.893324], [128.440684, -0.908787], [128.406016, -0.892267], [128.284028, -0.878188], [128.250987, -0.866795], [128.228852, -0.839939], [128.235118, -0.829034], [128.248709, -0.826104], [128.268728, -0.833103], [128.249522, -0.796482], [128.203949, -0.769464], [128.048839, -0.712823], [128.032237, -0.699314], [127.968516, -0.559503], [127.912364, -0.476739], [127.88559, -0.40602], [127.851329, -0.365492], [127.708344, -0.287042], [127.666026, -0.209242], [127.686534, -0.123875]]], [[[125.456228, 2.367743], [125.452647, 2.333075], [125.423106, 2.317125], [125.392345, 2.32567], [125.370942, 2.348131], [125.369477, 2.374091], [125.396821, 2.391425], [125.43214, 2.387681], [125.456228, 2.367743]]], [[[128.694509, 2.43887], [128.645518, 2.326239], [128.6421, 2.261176], [128.566661, 2.109931], [128.490245, 2.054267], [128.344981, 2.039944], [128.289561, 2.00141], [128.269054, 1.995347], [128.288585, 2.039618], [128.283702, 2.057603], [128.251964, 2.089423], [128.246104, 2.106147], [128.24879, 2.175442], [128.241466, 2.22248], [128.232107, 2.246812], [128.197113, 2.266181], [128.276622, 2.36872], [128.321137, 2.458645], [128.358084, 2.497545], [128.419444, 2.53262], [128.430024, 2.567572], [128.457367, 2.590074], [128.466563, 2.594306], [128.515147, 2.573391], [128.545909, 2.623847], [128.566417, 2.633612], [128.583263, 2.62519], [128.630382, 2.544623], [128.686371, 2.483954], [128.694509, 2.43887]]], [[[125.45045, 2.764838], [125.409679, 2.724514], [125.401866, 2.699937], [125.421886, 2.657213], [125.421072, 2.633938], [125.392589, 2.628892], [125.382579, 2.641832], [125.374278, 2.693101], [125.359711, 2.72309], [125.360118, 2.753323], [125.387218, 2.802395], [125.401622, 2.810207], [125.417003, 2.810248], [125.443614, 2.793036], [125.45045, 2.764838]]], [[[125.664561, 3.430894], [125.617198, 3.395087], [125.602712, 3.398098], [125.593028, 3.426093], [125.507335, 3.463324], [125.521007, 3.576972], [125.442149, 3.637763], [125.421153, 3.668036], [125.418468, 3.709784], [125.442068, 3.736558], [125.477794, 3.73078], [125.51295, 3.707913], [125.534516, 3.683051], [125.569998, 3.628119], [125.57545, 3.580634], [125.603526, 3.55272], [125.61378, 3.525377], [125.644379, 3.514879], [125.664561, 3.430894]]], [[[126.780266, 3.843554], [126.811588, 3.823866], [126.856057, 3.758195], [126.81153, 3.731862], [126.765382, 3.772892], [126.739012, 3.823801], [126.743993, 3.853385], [126.780266, 3.843554]]], [[[126.712629, 3.920714], [126.714276, 3.901002], [126.687851, 3.853331], [126.696089, 3.812256], [126.677924, 3.812236], [126.661431, 3.897677], [126.666391, 3.930547], [126.626722, 3.965031], [126.615108, 4.043915], [126.643222, 4.027484], [126.656547, 3.981478], [126.712629, 3.920714]]], [[[126.92213, 4.28205], [126.809875, 4.157244], [126.809979, 4.037349], [126.798438, 4.017644], [126.758897, 3.993006], [126.714529, 4.011623], [126.67642, 4.004483], [126.664762, 4.034055], [126.676286, 4.060346], [126.720929, 4.096468], [126.758697, 4.1852], [126.803207, 4.222968], [126.791632, 4.241056], [126.7107, 4.264137], [126.707356, 4.287164], [126.715652, 4.308495], [126.699962, 4.355455], [126.697207, 4.397427], [126.705407, 4.423747], [126.739513, 4.47309], [126.733735, 4.535875], [126.744395, 4.5456], [126.816254, 4.546454], [126.829845, 4.537055], [126.843028, 4.504869], [126.875011, 4.49433], [126.884776, 4.456855], [126.859129, 4.367569], [126.870709, 4.331393], [126.92213, 4.28205]]], [[[122.410167, -8.443943], [122.420746, -8.460138], [122.40919, -8.486749], [122.376801, -8.501723], [122.352224, -8.480157], [122.343923, -8.448419], [122.36085, -8.432875], [122.410167, -8.443943]]], [[[121.73406, -8.293145], [121.745291, -8.3117], [121.744395, -8.334405], [121.731456, -8.350763], [121.708995, -8.35475], [121.693858, -8.344334], [121.676117, -8.309259], [121.710297, -8.288751], [121.73406, -8.293145]]], [[[121.818207, -7.333591], [121.837087, -7.356541], [121.834809, -7.388279], [121.77589, -7.416925], [121.759044, -7.415785], [121.75408, -7.379083], [121.779796, -7.343438], [121.818207, -7.333591]]], [[[123.382009, -1.68963], [123.378184, -1.712823], [123.341807, -1.73797], [123.30128, -1.788344], [123.280284, -1.785821], [123.271007, -1.769301], [123.279796, -1.748224], [123.330251, -1.69492], [123.365733, -1.67311], [123.382009, -1.68963]]], [[[122.123871, -0.392673], [122.094737, -0.381117], [122.084646, -0.40781], [122.070567, -0.398045], [122.060313, -0.329278], [122.076671, -0.269138], [122.094737, -0.263849], [122.101573, -0.315362], [122.131684, -0.337986], [122.14324, -0.360447], [122.139415, -0.38421], [122.123871, -0.392673]]], [[[130.083751, -7.772556], [130.080333, -7.787367], [130.025645, -7.772556], [130.030935, -7.762628], [130.066661, -7.762628], [130.083751, -7.772556]]], [[[130.015391, -7.744073], [129.997244, -7.748224], [129.983165, -7.732354], [129.982595, -7.704848], [130.000987, -7.70672], [130.015391, -7.744073]]], [[[129.655284, -7.560479], [129.658539, -7.535089], [129.690684, -7.559991], [129.713878, -7.558201], [129.712169, -7.569513], [129.694591, -7.577569], [129.655284, -7.560479]]], [[[129.117442, -6.972752], [129.144786, -6.962091], [129.152843, -6.97617], [129.150401, -6.991469], [129.135427, -6.998142], [129.125011, -6.993259], [129.117442, -6.972752]]], [[[129.477875, -6.756036], [129.486339, -6.729099], [129.529063, -6.723077], [129.529063, -6.73919], [129.511567, -6.769708], [129.501313, -6.770603], [129.477875, -6.756036]]], [[[129.998709, -6.317153], [129.997813, -6.309747], [130.003754, -6.306248], [130.026052, -6.318455], [130.013682, -6.328383], [129.998709, -6.317153]]], [[[127.555186, -5.506606], [127.561371, -5.517267], [127.55128, -5.512384], [127.555186, -5.506606]]], [[[127.556977, -5.49977], [127.545909, -5.495294], [127.554861, -5.490492], [127.556977, -5.49977]]], [[[127.798513, -5.40016], [127.803396, -5.407647], [127.79005, -5.409601], [127.798513, -5.40016]]], [[[127.779063, -5.342869], [127.785167, -5.35296], [127.776866, -5.34881], [127.779063, -5.342869]]], [[[132.008637, -5.312758], [132.016287, -5.330824], [132.000336, -5.373224], [131.965587, -5.388767], [131.962413, -5.34352], [131.986501, -5.317641], [132.008637, -5.312758]]], [[[129.778331, -4.524509], [129.770274, -4.539321], [129.757823, -4.522556], [129.778331, -4.524509]]], [[[134.326834, 0.766181], [134.342947, 0.765204], [134.346934, 0.752021], [134.338634, 0.737535], [134.32252, 0.730536], [134.304861, 0.732896], [134.300466, 0.743476], [134.326834, 0.766181]]], [[[131.237071, 1.02497], [131.244884, 1.035346], [131.244151, 1.029731], [131.236339, 1.019355], [131.237071, 1.02497]]], [[[131.26352, 1.075914], [131.271169, 1.072008], [131.254893, 1.044257], [131.255626, 1.068793], [131.26352, 1.075914]]], [[[126.401622, 1.332017], [126.38087, 1.283393], [126.347179, 1.32331], [126.36964, 1.348822], [126.401622, 1.332017]]], [[[125.404959, 2.130276], [125.403168, 2.102769], [125.370128, 2.091702], [125.349132, 2.071234], [125.334239, 2.081855], [125.340587, 2.100775], [125.357188, 2.109849], [125.354259, 2.129869], [125.393403, 2.118232], [125.404959, 2.130276]]], [[[126.598643, 5.565375], [126.602875, 5.564032], [126.59547, 5.548407], [126.591156, 5.557115], [126.598643, 5.565375]]], [[[134.734386, -6.525811], [134.729828, -6.546157], [134.674815, -6.563084], [134.656261, -6.559015], [134.62379, -6.486098], [134.663259, -6.454848], [134.684337, -6.457778], [134.704845, -6.470473], [134.734386, -6.525811]]], [[[134.228282, -5.77337], [134.220388, -5.815606], [134.206879, -5.827325], [134.180512, -5.827325], [134.169688, -5.81113], [134.169688, -5.768324], [134.177745, -5.75449], [134.212738, -5.758722], [134.228282, -5.77337]]], [[[133.605479, -2.468032], [133.605805, -2.488946], [133.585216, -2.512628], [133.562999, -2.512872], [133.523285, -2.48797], [133.490001, -2.431248], [133.50587, -2.424493], [133.605479, -2.468032]]], [[[123.616466, -1.624607], [123.601329, -1.702813], [123.56422, -1.721938], [123.545421, -1.721856], [123.515147, -1.703383], [123.503673, -1.712823], [123.4935, -1.709649], [123.475597, -1.649102], [123.478363, -1.619561], [123.492686, -1.594985], [123.476736, -1.562758], [123.500743, -1.509373], [123.525238, -1.498224], [123.523285, -1.48268], [123.537364, -1.48504], [123.544688, -1.497003], [123.560069, -1.545994], [123.557384, -1.58115], [123.568858, -1.600844], [123.600597, -1.603285], [123.616466, -1.624607]]], [[[128.403494, -0.995294], [128.411469, -1.009535], [128.406749, -1.025974], [128.372895, -1.037693], [128.330333, -1.020196], [128.3296, -0.978692], [128.300466, -0.955499], [128.306163, -0.943292], [128.323497, -0.941339], [128.340831, -0.969985], [128.367361, -0.988377], [128.403494, -0.995294]]], [[[129.916189, -0.427423], [129.913829, -0.44256], [129.888194, -0.494724], [129.87794, -0.502374], [129.864431, -0.49863], [129.844086, -0.462335], [129.848888, -0.432387], [129.87379, -0.414972], [129.902354, -0.408461], [129.916189, -0.427423]]], [[[125.177013, 1.778754], [125.144705, 1.741848], [125.123871, 1.789049], [125.129405, 1.828437], [125.135265, 1.830959], [125.172211, 1.799221], [125.177013, 1.778754]]], [[[127.145763, 4.752183], [127.135997, 4.740383], [127.123057, 4.752509], [127.12143, 4.7685], [127.130382, 4.7744], [127.145763, 4.752183]]]]}}, {"type": "Feature", "properties": {"name": "Timor-Leste"}, "geometry": {"type": "MultiPolygon", "coordinates": [[[[124.427939, -9.299483], [124.401688, -9.331832], [124.347893, -9.37462], [124.345412, -9.404179], [124.328617, -9.433015], [124.332338, -9.466605], [124.310066, -9.488722], [124.257511, -9.501228], [124.253997, -9.438699], [124.23715, -9.405213], [124.210692, -9.378858], [124.197463, -9.373174], [124.167232, -9.380615], [124.121085, -9.426917], [124.090286, -9.421543], [124.06269, -9.397875], [124.03004, -9.341974], [124.159353, -9.296482], [124.190766, -9.255141], [124.221202, -9.241143], [124.385753, -9.202325], [124.405284, -9.185317], [124.450531, -9.18019], [124.427939, -9.299483]]], [[[124.974783, -8.922133], [125.036876, -8.824802], [125.096446, -8.795831], [125.106456, -8.688735], [125.12794, -8.645603], [125.144298, -8.631443], [125.237315, -8.605564], [125.273936, -8.610935], [125.314789, -8.590427], [125.381033, -8.571466], [125.46697, -8.573663], [125.541515, -8.545017], [125.603526, -8.548923], [125.63087, -8.52158], [125.678884, -8.530369], [125.733165, -8.52158], [125.850597, -8.483819], [125.897716, -8.481134], [126.002208, -8.499444], [126.042247, -8.518813], [126.069102, -8.52158], [126.133474, -8.504002], [126.240245, -8.494806], [126.305024, -8.453546], [126.370128, -8.425958], [126.411632, -8.419122], [126.450938, -8.440688], [126.511974, -8.452081], [126.548839, -8.486749], [126.720225, -8.412856], [126.755544, -8.419122], [126.799327, -8.410089], [126.842133, -8.391046], [126.967052, -8.309015], [127.088878, -8.362726], [127.13795, -8.362726], [127.18629, -8.332452], [127.206065, -8.332615], [127.220388, -8.357599], [127.306, -8.395196], [127.313243, -8.415216], [127.303233, -8.432306], [127.092621, -8.603123], [127.021169, -8.675714], [126.93922, -8.692153], [126.846202, -8.752537], [126.694184, -8.763442], [126.660655, -8.774184], [126.624034, -8.799005], [126.583263, -8.805841], [126.544119, -8.850274], [126.507823, -8.911879], [126.472423, -8.942804], [126.430186, -8.954685], [126.165863, -8.988377], [126.121918, -9.006524], [125.947113, -9.125746], [125.928477, -9.131606], [125.849864, -9.1242], [125.816905, -9.148207], [125.742686, -9.157322], [125.678559, -9.193048], [125.593028, -9.18963], [125.552094, -9.217218], [125.378754, -9.28102], [125.29127, -9.345473], [125.263682, -9.357354], [125.211111, -9.41961], [125.130544, -9.43377], [125.061615, -9.485772], [125.0463, -9.409864], [125.023769, -9.374724], [125.023407, -9.345578], [124.965995, -9.293385], [124.954109, -9.241502], [124.957933, -9.211943], [124.974469, -9.191893], [125.007232, -9.186105], [125.034517, -9.188172], [125.059684, -9.210496], [125.073947, -9.211323], [125.106968, -9.188482], [125.150634, -9.185381], [125.145002, -9.145177], [125.162365, -9.060634], [125.139421, -9.024771], [125.086814, -8.98622], [125.076479, -8.990768], [125.065317, -9.023221], [125.051829, -9.035003], [124.965891, -9.077274], [124.933025, -9.074484], [124.90791, -9.037483], [124.922483, -8.986324], [124.919507, -8.962016], [124.974783, -8.922133]]], [[[125.605154, -8.153009], [125.632498, -8.135024], [125.650645, -8.142836], [125.59669, -8.299249], [125.573578, -8.317315], [125.517589, -8.292169], [125.503673, -8.270766], [125.514171, -8.247735], [125.605154, -8.153009]]]]}}, {"type": "Feature", "properties": {"name": "Philippines"}, "geometry": {"type": "MultiPolygon", "coordinates": [[[[120.873057, 5.572414], [120.904552, 5.538031], [120.90919, 5.519721], [120.897797, 5.498521], [120.879893, 5.495754], [120.850841, 5.505439], [120.823741, 5.533637], [120.824392, 5.553209], [120.860688, 5.574368], [120.873057, 5.572414]]], [[[121.94044, 6.046088], [121.943207, 6.033637], [121.868419, 5.999742], [121.857677, 6.002265], [121.804942, 6.037177], [121.776622, 6.077379], [121.870942, 6.033108], [121.902354, 6.033637], [121.94044, 6.046088]]], [[[125.776866, 6.894029], [125.745372, 6.936957], [125.717621, 7.052232], [125.674083, 7.070217], [125.672699, 7.09276], [125.696544, 7.126939], [125.702159, 7.177151], [125.706554, 7.19184], [125.715831, 7.19595], [125.781912, 7.135199], [125.787852, 7.112982], [125.781261, 6.984849], [125.79127, 6.948188], [125.776866, 6.894029]]], [[[122.944509, 7.389838], [122.950694, 7.355699], [122.924571, 7.348863], [122.882986, 7.32095], [122.854991, 7.314765], [122.842052, 7.294257], [122.816661, 7.294908], [122.800548, 7.32095], [122.7942, 7.383938], [122.803722, 7.417467], [122.82838, 7.430813], [122.867198, 7.395982], [122.882986, 7.397284], [122.894298, 7.431586], [122.90504, 7.43773], [122.944102, 7.416246], [122.97169, 7.383612], [122.944509, 7.389838]]], [[[121.257172, 9.624457], [121.23463, 9.594306], [121.210948, 9.575873], [121.223643, 9.605699], [121.239106, 9.614325], [121.258637, 9.644843], [121.252452, 9.631171], [121.257172, 9.624457]]], [[[126.001475, 9.676744], [125.980235, 9.617499], [125.984141, 9.589504], [125.969412, 9.569078], [125.946951, 9.56623], [125.952891, 9.581977], [125.925059, 9.589545], [125.925059, 9.596381], [125.938731, 9.596381], [125.938731, 9.603827], [125.918142, 9.617499], [125.918142, 9.610053], [125.915538, 9.618964], [125.938731, 9.672756], [125.927257, 9.738715], [125.934825, 9.759914], [125.952403, 9.768297], [125.959727, 9.747219], [125.97283, 9.754625], [125.975434, 9.694648], [126.001475, 9.676744]]], [[[126.617686, 7.276842], [126.612315, 7.25788], [126.58839, 7.226793], [126.579763, 7.201077], [126.555675, 7.19184], [126.523204, 7.118842], [126.47641, 7.06623], [126.466156, 7.003119], [126.451508, 6.983547], [126.417491, 6.980048], [126.349457, 7.000067], [126.323985, 6.978095], [126.309581, 6.94892], [126.301768, 6.893256], [126.343272, 6.849189], [126.349294, 6.812934], [126.33961, 6.786526], [126.308849, 6.798041], [126.268321, 6.890204], [126.242686, 6.919257], [126.212901, 6.934027], [126.191905, 6.925116], [126.192556, 6.883368], [126.17213, 6.903876], [126.167979, 6.882554], [126.207856, 6.805894], [126.254568, 6.766669], [126.257172, 6.744818], [126.22877, 6.616197], [126.226899, 6.46894], [126.210216, 6.390204], [126.200206, 6.283189], [126.18572, 6.286851], [126.175548, 6.362616], [126.141287, 6.386176], [126.137869, 6.430854], [126.095063, 6.514106], [126.082693, 6.639716], [126.095958, 6.747219], [126.079112, 6.842515], [126.022146, 6.866767], [125.983409, 6.920885], [125.976817, 6.939602], [125.986501, 7.006293], [125.974783, 7.027737], [125.902599, 7.101142], [125.89088, 7.15705], [125.850597, 7.253892], [125.853201, 7.336005], [125.845388, 7.350246], [125.806895, 7.351142], [125.668305, 7.257025], [125.653982, 7.215074], [125.658051, 7.129136], [125.644379, 7.099066], [125.603526, 7.054633], [125.509939, 7.01557], [125.487478, 6.978949], [125.480642, 6.913235], [125.424653, 6.849189], [125.403575, 6.811835], [125.388927, 6.768297], [125.377615, 6.674221], [125.405528, 6.588853], [125.421886, 6.582343], [125.434581, 6.588202], [125.43214, 6.61579], [125.465099, 6.594672], [125.534516, 6.512844], [125.553233, 6.524848], [125.573578, 6.516913], [125.589854, 6.499172], [125.60141, 6.427883], [125.644786, 6.344143], [125.645844, 6.299628], [125.706554, 6.149726], [125.710623, 6.111029], [125.692393, 6.060981], [125.699229, 6.040473], [125.667328, 5.950141], [125.594574, 5.862128], [125.499034, 5.726142], [125.436371, 5.617662], [125.403005, 5.580878], [125.371267, 5.572943], [125.30836, 5.579576], [125.300141, 5.671332], [125.288259, 5.706041], [125.278656, 5.716498], [125.237804, 5.727973], [125.220958, 5.766425], [125.191417, 5.779202], [125.181163, 5.798326], [125.208995, 5.876858], [125.278005, 5.979234], [125.280772, 6.019355], [125.260265, 6.08454], [125.250743, 6.093085], [125.191417, 6.09512], [125.168956, 6.111965], [125.157888, 6.108791], [125.157725, 6.074286], [125.088715, 5.884711], [125.069102, 5.861721], [125.002208, 5.871975], [124.963634, 5.858588], [124.767914, 5.938056], [124.732677, 5.937445], [124.708018, 5.946601], [124.643321, 5.985256], [124.636485, 5.97842], [124.605805, 5.992336], [124.585948, 6.022691], [124.561371, 6.030015], [124.421886, 6.110297], [124.245779, 6.18651], [124.201671, 6.221747], [124.176606, 6.277818], [124.097911, 6.364651], [124.054942, 6.43769], [124.03297, 6.542426], [124.055837, 6.55272], [124.052257, 6.669379], [124.033865, 6.73192], [124.036632, 6.799709], [124.0171, 6.808295], [123.997325, 6.786078], [123.974946, 6.8039], [123.96518, 6.832343], [123.972911, 6.859117], [123.974864, 6.965318], [124.02947, 7.115139], [124.051117, 7.136623], [124.129405, 7.177558], [124.183767, 7.226386], [124.194591, 7.253648], [124.219249, 7.279975], [124.220876, 7.346584], [124.246755, 7.40412], [124.23227, 7.41474], [124.187755, 7.410346], [124.176036, 7.415717], [124.142426, 7.461249], [124.095225, 7.561184], [124.065196, 7.602729], [123.910899, 7.69892], [123.903494, 7.691474], [123.7942, 7.710517], [123.723806, 7.7956], [123.703949, 7.809394], [123.586925, 7.839342], [123.504893, 7.831732], [123.444672, 7.801337], [123.448253, 7.766425], [123.497813, 7.708808], [123.485688, 7.66356], [123.444672, 7.630072], [123.400076, 7.619452], [123.392345, 7.575629], [123.362153, 7.589057], [123.353526, 7.572089], [123.396251, 7.516791], [123.402599, 7.492092], [123.451671, 7.452541], [123.457774, 7.408637], [123.441254, 7.372748], [123.431, 7.36872], [123.342133, 7.420478], [123.286388, 7.482611], [123.280284, 7.520209], [123.243826, 7.524075], [123.225841, 7.515611], [123.212576, 7.489325], [123.183604, 7.480943], [123.140636, 7.513129], [123.122081, 7.550605], [123.127615, 7.572577], [123.177257, 7.589057], [123.187511, 7.605862], [123.186778, 7.626207], [123.175304, 7.643297], [123.140391, 7.661363], [123.129405, 7.7331], [123.117931, 7.74136], [123.050304, 7.655097], [123.053722, 7.622545], [123.033214, 7.605862], [123.04005, 7.58161], [123.012218, 7.527655], [123.006602, 7.472357], [122.995616, 7.467271], [122.950694, 7.486029], [122.917247, 7.547512], [122.881684, 7.517401], [122.876475, 7.475979], [122.85141, 7.461005], [122.822032, 7.459418], [122.807384, 7.465562], [122.810313, 7.48607], [122.789887, 7.484687], [122.785655, 7.491767], [122.793712, 7.499701], [122.79713, 7.53559], [122.82838, 7.527655], [122.83074, 7.549791], [122.807384, 7.592475], [122.793712, 7.671047], [122.814708, 7.743354], [122.804373, 7.758612], [122.739024, 7.754136], [122.704275, 7.788316], [122.659841, 7.788316], [122.618663, 7.774075], [122.511485, 7.695705], [122.443858, 7.608588], [122.433604, 7.578559], [122.485606, 7.578518], [122.485118, 7.553697], [122.46754, 7.522854], [122.443614, 7.499701], [122.45102, 7.540676], [122.439952, 7.541938], [122.405935, 7.499945], [122.359874, 7.472846], [122.347992, 7.452541], [122.37908, 7.391588], [122.372569, 7.372748], [122.344981, 7.331773], [122.300141, 7.32095], [122.280447, 7.294501], [122.26588, 7.249091], [122.2435, 7.09927], [122.202403, 7.042629], [122.15447, 6.928127], [122.118663, 6.89643], [122.037934, 6.917385], [121.961192, 6.958197], [121.937022, 6.978949], [121.898936, 7.057196], [121.897797, 7.140286], [121.933442, 7.217922], [122.005382, 7.279975], [122.051036, 7.307807], [122.051768, 7.324897], [122.032563, 7.33983], [122.034679, 7.36579], [122.046886, 7.410346], [122.046886, 7.452541], [122.064952, 7.481106], [122.069998, 7.513658], [122.077647, 7.528022], [122.137218, 7.572984], [122.146007, 7.588813], [122.113536, 7.603258], [122.122732, 7.700385], [122.117524, 7.723212], [122.096528, 7.744696], [122.104991, 7.770819], [122.128917, 7.815009], [122.214529, 7.921129], [122.25172, 7.980129], [122.292247, 8.009914], [122.437999, 8.066555], [122.462576, 8.07099], [122.478282, 8.061998], [122.489594, 8.0751], [122.505056, 8.068264], [122.638438, 8.108547], [122.67921, 8.164211], [122.691905, 8.131659], [122.735199, 8.115465], [122.855235, 8.132473], [122.945323, 8.161851], [123.002615, 8.209133], [123.013682, 8.232408], [123.000743, 8.250393], [122.964366, 8.274359], [122.958181, 8.308498], [122.985362, 8.325873], [122.99643, 8.342719], [122.992198, 8.397203], [123.042003, 8.490139], [123.067393, 8.514553], [123.195079, 8.542222], [123.211274, 8.541815], [123.242035, 8.51911], [123.300955, 8.524237], [123.318207, 8.533515], [123.346446, 8.56977], [123.371593, 8.63345], [123.386729, 8.637437], [123.410655, 8.630561], [123.436371, 8.649482], [123.391856, 8.709418], [123.390147, 8.719387], [123.397146, 8.723212], [123.424815, 8.726955], [123.488455, 8.692125], [123.51295, 8.698879], [123.521821, 8.622545], [123.539724, 8.623765], [123.567638, 8.610093], [123.581309, 8.582831], [123.590994, 8.59276], [123.594981, 8.623765], [123.615489, 8.651068], [123.603282, 8.663072], [123.61671, 8.670722], [123.633067, 8.668443], [123.62908, 8.651068], [123.722504, 8.628079], [123.738943, 8.602688], [123.7588, 8.607489], [123.786388, 8.537665], [123.82838, 8.486558], [123.844737, 8.452216], [123.866059, 8.364325], [123.869314, 8.243313], [123.884776, 8.185452], [123.882986, 8.164496], [123.767751, 8.059027], [123.684744, 8.036811], [123.671723, 7.980658], [123.676443, 7.963365], [123.740977, 8.000434], [123.873709, 8.10517], [123.922048, 8.123236], [123.968923, 8.167792], [124.036306, 8.189846], [124.198497, 8.196479], [124.23227, 8.212877], [124.274669, 8.281073], [124.261729, 8.32453], [124.273936, 8.350043], [124.273936, 8.369289], [124.296235, 8.404731], [124.305919, 8.4737], [124.321788, 8.514553], [124.371104, 8.581366], [124.405772, 8.607896], [124.444591, 8.623765], [124.469981, 8.624823], [124.480154, 8.582831], [124.52589, 8.571112], [124.58253, 8.520697], [124.657481, 8.514553], [124.640961, 8.47602], [124.636485, 8.431952], [124.643321, 8.431952], [124.663097, 8.475816], [124.682953, 8.481838], [124.712169, 8.472968], [124.732677, 8.493394], [124.753184, 8.50023], [124.746349, 8.520697], [124.750499, 8.5515], [124.773611, 8.596422], [124.746349, 8.670966], [124.751231, 8.692776], [124.787852, 8.733629], [124.78004, 8.752875], [124.787852, 8.818996], [124.781749, 8.971137], [124.809418, 9.009467], [124.820811, 9.014553], [124.843598, 9.00373], [124.87672, 9.007392], [124.915294, 8.994127], [124.947276, 8.96247], [125.034434, 8.91177], [125.105968, 8.829779], [125.176443, 8.860582], [125.187348, 8.875922], [125.195323, 8.960883], [125.177745, 9.007392], [125.194102, 9.072414], [125.208751, 9.086493], [125.218516, 9.088121], [125.227224, 9.078843], [125.269298, 9.01557], [125.311778, 8.99433], [125.441173, 8.980414], [125.516612, 9.015937], [125.526541, 9.02619], [125.540701, 9.084052], [125.539317, 9.206692], [125.521007, 9.239488], [125.521007, 9.274848], [125.50294, 9.329169], [125.466319, 9.408352], [125.462413, 9.459296], [125.440684, 9.515937], [125.398692, 9.681057], [125.407074, 9.73371], [125.459483, 9.822943], [125.507091, 9.779934], [125.589203, 9.754625], [125.584646, 9.73078], [125.610362, 9.647895], [125.643565, 9.611274], [125.670909, 9.600084], [125.692882, 9.603827], [125.685313, 9.589545], [125.698497, 9.589993], [125.712738, 9.575873], [125.753673, 9.575873], [125.781016, 9.54857], [125.848969, 9.537177], [125.901134, 9.497056], [125.934093, 9.492336], [125.952403, 9.45303], [125.965994, 9.480292], [125.97283, 9.480292], [125.967459, 9.44717], [125.920258, 9.426907], [125.910981, 9.404934], [125.926931, 9.388902], [125.955821, 9.381781], [125.993907, 9.397773], [125.996593, 9.324652], [126.011729, 9.29385], [126.057953, 9.245998], [126.089122, 9.240871], [126.143403, 9.26142], [126.199962, 9.308417], [126.2199, 9.30565], [126.219412, 9.272203], [126.19337, 9.216376], [126.178966, 9.093004], [126.183604, 9.081488], [126.217052, 9.072496], [126.240245, 9.028469], [126.312755, 8.956244], [126.335948, 8.884467], [126.332367, 8.86107], [126.34547, 8.853258], [126.316905, 8.787991], [126.300059, 8.768297], [126.234141, 8.733629], [126.234141, 8.719184], [126.261485, 8.698879], [126.254568, 8.685207], [126.231619, 8.692206], [126.197765, 8.6883], [126.138438, 8.654039], [126.110525, 8.607123], [126.130382, 8.586493], [126.158458, 8.527574], [126.22877, 8.52147], [126.240245, 8.527574], [126.214203, 8.548245], [126.22047, 8.555487], [126.257498, 8.546861], [126.268321, 8.555487], [126.291515, 8.544623], [126.356944, 8.534369], [126.370128, 8.541815], [126.380626, 8.517646], [126.405284, 8.492621], [126.39796, 8.479153], [126.411632, 8.466132], [126.38502, 8.467353], [126.370128, 8.455552], [126.366873, 8.432074], [126.3838, 8.431952], [126.387706, 8.415351], [126.380056, 8.395575], [126.356944, 8.363715], [126.33253, 8.347073], [126.356944, 8.311916], [126.388438, 8.292914], [126.338634, 8.214586], [126.346446, 8.195502], [126.361583, 8.187161], [126.42335, 8.211005], [126.459321, 8.24018], [126.453949, 8.12934], [126.466156, 8.095526], [126.442882, 8.081448], [126.431488, 8.0456], [126.434255, 8.005927], [126.453136, 7.980129], [126.395518, 7.933336], [126.3838, 7.9112], [126.383067, 7.885688], [126.406098, 7.833238], [126.454926, 7.797309], [126.487478, 7.746731], [126.510997, 7.732733], [126.582856, 7.719428], [126.569184, 7.62637], [126.592784, 7.5539], [126.608653, 7.465318], [126.597341, 7.445054], [126.566417, 7.426011], [126.562999, 7.410346], [126.589692, 7.389838], [126.58074, 7.320014], [126.569184, 7.301093], [126.617686, 7.276842]]], [[[125.304942, 9.932807], [125.285167, 9.916938], [125.273936, 9.919135], [125.2218306377004, 10.0], [125.28275591766518, 10.0], [125.289561, 9.991685], [125.304942, 9.932807]]], [[[120.232432, 5.150458], [120.216563, 5.114976], [120.184581, 5.136461], [120.189626, 5.196519], [120.182384, 5.204413], [120.168712, 5.183295], [120.145518, 5.183295], [120.120942, 5.218004], [120.110525, 5.203437], [120.100434, 5.156643], [120.085948, 5.150702], [120.045746, 5.163479], [120.025401, 5.160549], [120.004893, 5.128648], [120.0, 5.128207682108626], [120.0, 5.2319701254050415], [120.036143, 5.241604], [120.052582, 5.258979], [120.086925, 5.258979], [120.097423, 5.290025], [120.187836, 5.34512], [120.208751, 5.347968], [120.214366, 5.340237], [120.220225, 5.269599], [120.243907, 5.273505], [120.251964, 5.266506], [120.232432, 5.150458]]], [[[120.603526, 6.357815], [120.60434, 6.329657], [120.577322, 6.251532], [120.545584, 6.238471], [120.49464, 6.249335], [120.492035, 6.267401], [120.522146, 6.277248], [120.562673, 6.362006], [120.588145, 6.380764], [120.603526, 6.357815]]], [[[122.335216, 6.603339], [122.3213, 6.588568], [122.254161, 6.581285], [122.235362, 6.571194], [122.208669, 6.528754], [122.198253, 6.467597], [122.18865, 6.451077], [122.121755, 6.438544], [122.057628, 6.413886], [121.96225, 6.404853], [121.950043, 6.444525], [121.880056, 6.503241], [121.875011, 6.574856], [121.814464, 6.592922], [121.806814, 6.619289], [121.810802, 6.645168], [121.822032, 6.660956], [121.839203, 6.668931], [121.940196, 6.677314], [121.958344, 6.695054], [121.997895, 6.712063], [122.023123, 6.73664], [122.066661, 6.740709], [122.116466, 6.711086], [122.152843, 6.704576], [122.168712, 6.681586], [122.225108, 6.671088], [122.25172, 6.64997], [122.296723, 6.633246], [122.335216, 6.603339]]], [[[124.80836, 9.156806], [124.80128, 9.096259], [124.770193, 9.077379], [124.757091, 9.092719], [124.732677, 9.096137], [124.67213, 9.125393], [124.646739, 9.148871], [124.636485, 9.182359], [124.646739, 9.218899], [124.673106, 9.242377], [124.708507, 9.25019], [124.746349, 9.239488], [124.772472, 9.204047], [124.78419, 9.199774], [124.80836, 9.156806]]], [[[123.722423, 9.149115], [123.703298, 9.128363], [123.653005, 9.122952], [123.639985, 9.098578], [123.632335, 9.098334], [123.561209, 9.114244], [123.479503, 9.17182], [123.471202, 9.185452], [123.500011, 9.220282], [123.517589, 9.209866], [123.564952, 9.226142], [123.60255, 9.255439], [123.614431, 9.289252], [123.6421, 9.293647], [123.655447, 9.28913], [123.67921, 9.245307], [123.703868, 9.233303], [123.683767, 9.199693], [123.698009, 9.165025], [123.722423, 9.149115]]], [[[126.180186, 9.8015], [126.178233, 9.787828], [126.120128, 9.758938], [126.041677, 9.775133], [126.048595, 9.754625], [125.993907, 9.816107], [125.993907, 9.836615], [125.965994, 9.850246], [125.992931, 9.850246], [126.014415, 9.864488], [125.979828, 9.888007], [125.983409, 9.901801], [126.044688, 9.998725], [126.04470795633907, 10.0], [126.10642831129718, 10.0], [126.12672, 9.956041], [126.13795, 9.901923], [126.133149, 9.880683], [126.110606, 9.857082], [126.142833, 9.850043], [126.165863, 9.829169], [126.180186, 9.8015]]], [[[124.549815, 9.861558], [124.624034, 9.801825], [124.596202, 9.737291], [124.560557, 9.732611], [124.520356, 9.740383], [124.514415, 9.767035], [124.499848, 9.768297], [124.462413, 9.73078], [124.429454, 9.715033], [124.410492, 9.658433], [124.381847, 9.636705], [124.2942, 9.606757], [124.065196, 9.595404], [123.937511, 9.617499], [123.871755, 9.645006], [123.863048, 9.661851], [123.873871, 9.721137], [123.863048, 9.734198], [123.807872, 9.739976], [123.801036, 9.757758], [123.809093, 9.80268], [123.82838, 9.842841], [123.875824, 9.886949], [123.886078, 9.914862], [123.916677, 9.915107], [123.931407, 9.939032], [124.050792, 9.979315], [124.06213617091719, 10.0], [124.58619006958162, 10.0], [124.584239, 9.980943], [124.580903, 9.972154], [124.568696, 9.987454], [124.556163, 9.925686], [124.583751, 9.893948], [124.584646, 9.877672], [124.549815, 9.861558]]], [[[125.714529, 9.880845], [125.699474, 9.874254], [125.663585, 9.889146], [125.658051, 9.939032], [125.620616, 9.955227], [125.610362, 9.966946], [125.623302, 9.966946], [125.611339, 9.977281], [125.617198, 9.993598], [125.593028, 9.992987], [125.58889878384358, 10.0], [125.68695622840617, 10.0], [125.692882, 9.974351], [125.681488, 9.958075], [125.719574, 9.911689], [125.714529, 9.880845]]], [[[123.21811, 9.984036], [123.204438, 9.939032], [123.162364, 9.890204], [123.156749, 9.867621], [123.170421, 9.69599], [123.160411, 9.647406], [123.136241, 9.644843], [123.135427, 9.618354], [123.177419, 9.589911], [123.170421, 9.562893], [123.161143, 9.583808], [123.143809, 9.573676], [123.135509, 9.55268], [123.153331, 9.541164], [123.180919, 9.537421], [123.189952, 9.526801], [123.197602, 9.487128], [123.251475, 9.443996], [123.267263, 9.398342], [123.321137, 9.343166], [123.328298, 9.302558], [123.317638, 9.256903], [123.230154, 9.107611], [123.160981, 9.06566], [123.099946, 9.059963], [123.033214, 9.035305], [122.990489, 9.048774], [122.957693, 9.081244], [122.892589, 9.221015], [122.880544, 9.305854], [122.8449, 9.347073], [122.811046, 9.363593], [122.724783, 9.37108], [122.657237, 9.401435], [122.635997, 9.425727], [122.599457, 9.432685], [122.551768, 9.490953], [122.529796, 9.537909], [122.496593, 9.561713], [122.457286, 9.637926], [122.461436, 9.65526], [122.443614, 9.672756], [122.423106, 9.658433], [122.430431, 9.71369], [122.402599, 9.699408], [122.409841, 9.808539], [122.395193, 9.842841], [122.444102, 9.921536], [122.461599, 9.965806], [122.47462, 9.974351], [122.560313, 9.987454], [122.642833, 9.966946], [122.707774, 9.986396], [122.728526, 9.997382], [122.73105582742926, 10.0], [123.22864195230835, 10.0], [123.21811, 9.984036]]], [[[123.643321, 9.96011], [123.62908, 9.887519], [123.601817, 9.867621], [123.509451, 9.65351], [123.479503, 9.54857], [123.444672, 9.521308], [123.36964, 9.425727], [123.342459, 9.406806], [123.327647, 9.408149], [123.314301, 9.507636], [123.365245, 9.785346], [123.40919, 9.897691], [123.410655, 9.922553], [123.383311, 9.942694], [123.387055, 9.973782], [123.398448, 9.984809], [123.410655, 9.974351], [123.4154809159475, 10.0], [123.643321, 10.0], [123.643321, 9.96011]]], [[[121.23463, 5.810696], [121.23113, 5.80093], [121.197032, 5.80093], [121.16212, 5.787584], [121.146495, 5.789537], [121.13502, 5.807074], [121.142263, 5.833889], [121.162852, 5.848049], [121.19516, 5.840481], [121.23463, 5.810696]]], [[[121.421235, 5.987128], [121.428722, 5.969794], [121.419444, 5.947984], [121.391775, 5.939887], [121.389496, 5.909857], [121.340587, 5.903266], [121.292491, 5.858832], [121.261729, 5.871975], [121.253429, 5.885321], [121.252452, 5.916327], [121.227794, 5.942125], [121.189464, 5.940253], [121.081065, 5.88817], [121.049815, 5.916327], [121.008311, 5.923774], [120.934093, 5.885688], [120.917654, 5.893988], [120.915375, 5.910102], [120.891856, 5.920071], [120.871837, 5.961005], [120.888845, 5.998928], [120.905528, 6.015041], [120.970958, 6.050116], [121.00172, 6.057563], [121.024181, 6.088609], [121.042247, 6.097113], [121.114757, 6.09512], [121.179047, 6.063625], [121.202322, 6.01317], [121.217784, 5.998928], [121.271251, 6.02619], [121.31658, 6.00609], [121.381602, 6.005683], [121.421235, 5.987128]]], [[[121.628917, 6.588568], [121.616384, 6.561428], [121.601573, 6.605455], [121.58253, 6.631659], [121.61671, 6.672268], [121.628917, 6.657416], [121.628917, 6.588568]]], [[[125.424571, 5.407375], [125.418712, 5.368476], [125.36378, 5.367174], [125.334239, 5.387681], [125.358165, 5.422065], [125.376801, 5.43122], [125.418712, 5.425482], [125.424571, 5.407375]]], [[[120.88266, 5.685289], [120.838878, 5.668647], [120.799327, 5.667629], [120.796641, 5.678616], [120.807384, 5.695705], [120.833018, 5.706773], [120.860118, 5.703843], [120.88266, 5.685289]]], [[[120.929373, 5.733222], [120.924327, 5.711737], [120.909923, 5.700019], [120.89088, 5.709784], [120.892345, 5.741441], [120.904307, 5.759101], [120.929373, 5.733222]]], [[[123.868337, 9.62051], [123.844249, 9.588853], [123.804535, 9.560289], [123.765147, 9.549954], [123.749848, 9.554145], [123.726329, 9.586982], [123.781912, 9.623521], [123.841319, 9.642401], [123.868337, 9.62051]]]]}}, {"type": "Feature", "properties": {"name": "Micronesia"}, "geometry": {"type": "Polygon", "coordinates": [[[138.181651, 9.558743], [138.184255, 9.544379], [138.19752, 9.539008], [138.219005, 9.54857], [138.202403, 9.521186], [138.177989, 9.50019], [138.164073, 9.504828], [138.156586, 9.525784], [138.143809, 9.521308], [138.068126, 9.412055], [138.063813, 9.436103], [138.073009, 9.470404], [138.089122, 9.501166], [138.112966, 9.52147], [138.126231, 9.565985], [138.141124, 9.574368], [138.150076, 9.541164], [138.164399, 9.575873], [138.193614, 9.588853], [138.181651, 9.558743]]]}}, {"type": "Feature", "properties": {"name": "Palau"}, "geometry": {"type": "MultiPolygon", "coordinates": [[[[134.284434, 7.062649], [134.271495, 7.033596], [134.279959, 7.020494], [134.257823, 7.013088], [134.234386, 6.98432], [134.235688, 7.00849], [134.271495, 7.07453], [134.284434, 7.062649]]], [[[134.449229, 7.290025], [134.463878, 7.263577], [134.458344, 7.256741], [134.425955, 7.253323], [134.392914, 7.224514], [134.364919, 7.221503], [134.349132, 7.237779], [134.350841, 7.271186], [134.382579, 7.237942], [134.401703, 7.246487], [134.443858, 7.287421], [134.441091, 7.316718], [134.458995, 7.307685], [134.463878, 7.294257], [134.449229, 7.290025]]], [[[134.511892, 7.347317], [134.527354, 7.331529], [134.522227, 7.311347], [134.511892, 7.30858], [134.491222, 7.342678], [134.477794, 7.346869], [134.449474, 7.328355], [134.449555, 7.355414], [134.471365, 7.362494], [134.511892, 7.347317]]], [[[134.660167, 7.686021], [134.658214, 7.591051], [134.625743, 7.530504], [134.635997, 7.50316], [134.59962, 7.442572], [134.594249, 7.421129], [134.601085, 7.383612], [134.591645, 7.366889], [134.559337, 7.376166], [134.5442, 7.358547], [134.528005, 7.357571], [134.499278, 7.438218], [134.482921, 7.445787], [134.487559, 7.469916], [134.511567, 7.493476], [134.515473, 7.480536], [134.533865, 7.485989], [134.536143, 7.507961], [134.511567, 7.527655], [134.546397, 7.561184], [134.546397, 7.58161], [134.556977, 7.601142], [134.586111, 7.620551], [134.63502, 7.62934], [134.640961, 7.645982], [134.62143, 7.729682], [134.634288, 7.732164], [134.648204, 7.719428], [134.660167, 7.686021]]], [[[131.160899, 3.058783], [131.183604, 3.060289], [131.192068, 3.048814], [131.180431, 3.033271], [131.138438, 3.018948], [131.131114, 3.029486], [131.1421, 3.047309], [131.160899, 3.058783]]], [[[132.213878, 5.307115], [132.220225, 5.310248], [132.226736, 5.304348], [132.220388, 5.292222], [132.213878, 5.307115]]], [[[134.136729, 6.919094], [134.139659, 6.934272], [134.159841, 6.935004], [134.173188, 6.924872], [134.17335, 6.893744], [134.159679, 6.884467], [134.136729, 6.919094]]], [[[131.806407, 2.97427], [131.812999, 2.960435], [131.795177, 2.949042], [131.778819, 2.952826], [131.775401, 2.964057], [131.791515, 2.977729], [131.806407, 2.97427]]], [[[134.722248, 8.096466], [134.727343, 8.082879], [134.718108, 8.058676], [134.701245, 8.050245], [134.692814, 8.075539], [134.709676, 8.096618], [134.722248, 8.096466]]]]}}]}